{
  "type": "FeatureCollection",
  "name": "Caguray_structures",
  "crs": {
    "type": "name",
    "properties": {
      "name": "urn:ogc:def:crs:OGC:1.3:CRS84"
    }
  },
  "features": [
    {
      "type": "Feature",
      "properties": {
        "id": 281,
        "name": "146",
        "type": "Other Structures",
        "Structure_Category": "Other Structures",
        "canal_name": "SUPPLY CANAL",
        "station": "STA 0+000.0",
        "station_m": 0,
        "offset_m": 37.68,
        "desc": "",
        "comment": "",
        "elevation_m": 34.35,
        "photo_filename": "DSC00165.jpg",
        "photo_path": "../DCIM/1000GRMN/DSC00165.jpg",
        "surveyor_comment": null,
        "survey_date": "2023-3-30",
        "station_source": "Geometric Projection",
        "native_station": null
      },
      "geometry": {
        "type": "Point",
        "coordinates": [
          121.196194,
          12.349306
        ]
      }
    },
    {
      "type": "Feature",
      "properties": {
        "id": 287,
        "name": "152",
        "type": "Other Structures",
        "Structure_Category": "Other Structures",
        "canal_name": "SUPPLY CANAL",
        "station": "STA 0+000.0",
        "station_m": 0,
        "offset_m": 12.95,
        "desc": "",
        "comment": "Silted",
        "elevation_m": 33.23,
        "photo_filename": "DSC00171.jpg",
        "photo_path": "../DCIM/1000GRMN/DSC00171.jpg",
        "surveyor_comment": "Silted",
        "survey_date": "2023-3-30",
        "station_source": "Geometric Projection",
        "native_station": null
      },
      "geometry": {
        "type": "Point",
        "coordinates": [
          121.196359,
          12.349068
        ]
      }
    },
    {
      "type": "Feature",
      "properties": {
        "id": 215,
        "name": "Road crossing",
        "type": "Road Crossing",
        "Structure_Category": "Road Crossing",
        "canal_name": "MAIN CANAL",
        "station": "STA 12+866.0",
        "station_m": 12866,
        "offset_m": 4.9,
        "desc": "",
        "comment": "Tsag/IA name: Cabag Genaro IA, Canal name: Main Canal, Lat. (N) 12*16'56.74\", Long (E) 121*09'46.32\", Station # 12+866, Remarks:",
        "elevation_m": 27.32,
        "photo_filename": "DSC00091.jpg",
        "photo_path": "../DCIM/1000GRMN/DSC00091.jpg",
        "surveyor_comment": "Tsag/IA name: Cabag Genaro IA, Canal name: Main Canal, Lat. (N) 12*16'56.74\", Long (E) 121*09'46.32\", Station # 12+866, Remarks:",
        "survey_date": "2023-3-2",
        "station_source": "Native (Survey / POW)",
        "native_station": "Station # 12+866"
      },
      "geometry": {
        "type": "Point",
        "coordinates": [
          121.162867,
          12.282429
        ]
      }
    },
    {
      "type": "Feature",
      "properties": {
        "id": 227,
        "name": "Thresher crossing",
        "type": "Thresher Crossing",
        "Structure_Category": "Thresher Crossing",
        "canal_name": "MAIN CANAL",
        "station": "STA 15+871.0",
        "station_m": 15871,
        "offset_m": 4.02,
        "desc": "",
        "comment": "Tsag/IA name: Cabag Genaro IA, Canal name: Main Canal, Lat. (N) 12*15'49.49\", Long (E) 121*08'49.97\", Station # 15+871, Remarks: silted",
        "elevation_m": 11.22,
        "photo_filename": "DSC00105.jpg",
        "photo_path": "../DCIM/1000GRMN/DSC00105.jpg",
        "surveyor_comment": "Tsag/IA name: Cabag Genaro IA, Canal name: Main Canal, Lat. (N) 12*15'49.49\", Long (E) 121*08'49.97\", Station # 15+871, Remarks: silted",
        "survey_date": "2023-3-2",
        "station_source": "Native (Survey / POW)",
        "native_station": "Station # 15+871"
      },
      "geometry": {
        "type": "Point",
        "coordinates": [
          121.147213,
          12.263747
        ]
      }
    },
    {
      "type": "Feature",
      "properties": {
        "id": 29,
        "name": "041",
        "type": "Other Structures",
        "Structure_Category": "Other Structures",
        "canal_name": "MAIN CANAL",
        "station": "STA 4+599.0",
        "station_m": 4598.96,
        "offset_m": 3.22,
        "desc": "",
        "comment": "Rd-xing for repair",
        "elevation_m": 26.92,
        "photo_filename": "DSC00153.jpg",
        "photo_path": "../DCIM/10GRMN/DSC00153.jpg",
        "surveyor_comment": "Rd-xing for repair",
        "survey_date": "2023-2-28",
        "station_source": "Geometric Projection",
        "native_station": null
      },
      "geometry": {
        "type": "Point",
        "coordinates": [
          121.191824,
          12.341468
        ]
      }
    },
    {
      "type": "Feature",
      "properties": {
        "id": 41,
        "name": "054",
        "type": "Other Structures",
        "Structure_Category": "Other Structures",
        "canal_name": "MAIN CANAL",
        "station": "STA 5+996.2",
        "station_m": 5996.16,
        "offset_m": 3.24,
        "desc": "",
        "comment": "Damage",
        "elevation_m": 25.22,
        "photo_filename": "DSC00171.jpg",
        "photo_path": "../DCIM/10GRMN/DSC00171.jpg",
        "surveyor_comment": "Damage",
        "survey_date": "2023-3-1",
        "station_source": "Geometric Projection",
        "native_station": null
      },
      "geometry": {
        "type": "Point",
        "coordinates": [
          121.183289,
          12.333287
        ]
      }
    },
    {
      "type": "Feature",
      "properties": {
        "id": 53,
        "name": "066",
        "type": "Other Structures",
        "Structure_Category": "Other Structures",
        "canal_name": "MAIN CANAL",
        "station": "STA 7+192.0",
        "station_m": 7192.03,
        "offset_m": 4.66,
        "desc": "",
        "comment": "Silted and damage canal lining",
        "elevation_m": 23.25,
        "photo_filename": "DSC00184.jpg",
        "photo_path": "../DCIM/10GRMN/DSC00184.jpg",
        "surveyor_comment": "Silted and damage canal lining",
        "survey_date": "2023-3-1",
        "station_source": "Geometric Projection",
        "native_station": null
      },
      "geometry": {
        "type": "Point",
        "coordinates": [
          121.177443,
          12.326463
        ]
      }
    },
    {
      "type": "Feature",
      "properties": {
        "id": 65,
        "name": "078",
        "type": "Other Structures",
        "Structure_Category": "Other Structures",
        "canal_name": "MAIN CANAL",
        "station": "STA 9+035.2",
        "station_m": 9035.2,
        "offset_m": 20.17,
        "desc": "",
        "comment": "",
        "elevation_m": 18.33,
        "photo_filename": "",
        "photo_path": "../DCIM/10GRMN/",
        "surveyor_comment": null,
        "survey_date": "2023-3-1",
        "station_source": "Geometric Projection",
        "native_station": null
      },
      "geometry": {
        "type": "Point",
        "coordinates": [
          121.176789,
          12.310355
        ]
      }
    },
    {
      "type": "Feature",
      "properties": {
        "id": 137,
        "name": "001",
        "type": "Other Structures",
        "Structure_Category": "Other Structures",
        "canal_name": "Off-Canal",
        "station": "STA 4+136.2",
        "station_m": 4136.16,
        "offset_m": 664.12,
        "desc": "",
        "comment": "",
        "elevation_m": 14.67,
        "photo_filename": "",
        "photo_path": "../../DCIM/1000GRMN/",
        "surveyor_comment": null,
        "survey_date": "2023-2-27",
        "station_source": "Geometric Projection",
        "native_station": null
      },
      "geometry": {
        "type": "Point",
        "coordinates": [
          121.15056,
          12.3053
        ]
      }
    },
    {
      "type": "Feature",
      "properties": {
        "id": 143,
        "name": "010",
        "type": "Other Structures",
        "Structure_Category": "Other Structures",
        "canal_name": "LATERAL A",
        "station": "STA 0+047.6",
        "station_m": 47.57,
        "offset_m": 4.62,
        "desc": "",
        "comment": "",
        "elevation_m": 26.29,
        "photo_filename": "",
        "photo_path": "../../DCIM/1000GRMN/",
        "surveyor_comment": null,
        "survey_date": "2023-2-27",
        "station_source": "Geometric Projection",
        "native_station": null
      },
      "geometry": {
        "type": "Point",
        "coordinates": [
          121.176366,
          12.325167
        ]
      }
    },
    {
      "type": "Feature",
      "properties": {
        "id": 173,
        "name": "040",
        "type": "Other Structures",
        "Structure_Category": "Other Structures",
        "canal_name": "LATERAL A",
        "station": "STA 4+261.0",
        "station_m": 4261,
        "offset_m": 5.37,
        "desc": "",
        "comment": "Sta 4+261 damage",
        "elevation_m": 18.33,
        "photo_filename": "DSC00039.jpg",
        "photo_path": "../DCIM/1000GRMN/DSC00039.jpg",
        "surveyor_comment": "Sta 4+261 damage",
        "survey_date": "2023-2-28",
        "station_source": "Native (Survey / POW)",
        "native_station": "Sta 4+261"
      },
      "geometry": {
        "type": "Point",
        "coordinates": [
          121.154036,
          12.299728
        ]
      }
    },
    {
      "type": "Feature",
      "properties": {
        "id": 185,
        "name": "051",
        "type": "Other Structures",
        "Structure_Category": "Other Structures",
        "canal_name": "LATERAL A",
        "station": "STA 4+397.0",
        "station_m": 4397,
        "offset_m": 5.96,
        "desc": "",
        "comment": "Delapidated 4+397",
        "elevation_m": 19.11,
        "photo_filename": "DSC00053.jpg",
        "photo_path": "../DCIM/1000GRMN/DSC00053.jpg",
        "surveyor_comment": "Delapidated 4+397",
        "survey_date": "2023-2-28",
        "station_source": "Native (Survey / POW)",
        "native_station": " 4+397"
      },
      "geometry": {
        "type": "Point",
        "coordinates": [
          121.14896,
          12.286961
        ]
      }
    },
    {
      "type": "Feature",
      "properties": {
        "id": 197,
        "name": "063",
        "type": "Other Structures",
        "Structure_Category": "Other Structures",
        "canal_name": "MAIN CANAL",
        "station": "STA 9+092.5",
        "station_m": 9092.52,
        "offset_m": 1.16,
        "desc": "",
        "comment": "",
        "elevation_m": 16.94,
        "photo_filename": "DSC00070.jpg",
        "photo_path": "../DCIM/1000GRMN/DSC00070.jpg",
        "surveyor_comment": null,
        "survey_date": "2023-3-2",
        "station_source": "Geometric Projection",
        "native_station": null
      },
      "geometry": {
        "type": "Point",
        "coordinates": [
          121.176592,
          12.309837
        ]
      }
    },
    {
      "type": "Feature",
      "properties": {
        "id": 245,
        "name": "112",
        "type": "Other Structures",
        "Structure_Category": "Other Structures",
        "canal_name": "LATERAL B",
        "station": "STA 1+761.9",
        "station_m": 1761.95,
        "offset_m": 1.18,
        "desc": "",
        "comment": "New TO",
        "elevation_m": 19.17,
        "photo_filename": "DSC00124.jpg",
        "photo_path": "../DCIM/1000GRMN/DSC00124.jpg",
        "surveyor_comment": "New TO",
        "survey_date": "2023-3-2",
        "station_source": "Geometric Projection",
        "native_station": null
      },
      "geometry": {
        "type": "Point",
        "coordinates": [
          121.190084,
          12.310039
        ]
      }
    },
    {
      "type": "Feature",
      "properties": {
        "id": 257,
        "name": "123",
        "type": "Other Structures",
        "Structure_Category": "Other Structures",
        "canal_name": "LATERAL B1-A",
        "station": "STA 0+405.1",
        "station_m": 405.13,
        "offset_m": 1.44,
        "desc": "",
        "comment": "",
        "elevation_m": 20.79,
        "photo_filename": "DSC00137.jpg",
        "photo_path": "../DCIM/1000GRMN/DSC00137.jpg",
        "surveyor_comment": null,
        "survey_date": "2023-3-21",
        "station_source": "Geometric Projection",
        "native_station": null
      },
      "geometry": {
        "type": "Point",
        "coordinates": [
          121.177996,
          12.299883
        ]
      }
    },
    {
      "type": "Feature",
      "properties": {
        "id": 263,
        "name": "129",
        "type": "Other Structures",
        "Structure_Category": "Other Structures",
        "canal_name": "LATERAL B1-A",
        "station": "STA 2+191.2",
        "station_m": 2191.24,
        "offset_m": 1.12,
        "desc": "",
        "comment": "",
        "elevation_m": 13.82,
        "photo_filename": "DSC00145.jpg",
        "photo_path": "../DCIM/1000GRMN/DSC00145.jpg",
        "surveyor_comment": null,
        "survey_date": "2023-3-21",
        "station_source": "Geometric Projection",
        "native_station": null
      },
      "geometry": {
        "type": "Point",
        "coordinates": [
          121.17902,
          12.284701
        ]
      }
    },
    {
      "type": "Feature",
      "properties": {
        "id": 282,
        "name": "147",
        "type": "Other Structures",
        "Structure_Category": "Other Structures",
        "canal_name": "SUPPLY CANAL",
        "station": "STA 0+000.0",
        "station_m": 0,
        "offset_m": 20.68,
        "desc": "",
        "comment": "",
        "elevation_m": 39.56,
        "photo_filename": "DSC00166.jpg",
        "photo_path": "../DCIM/1000GRMN/DSC00166.jpg",
        "surveyor_comment": null,
        "survey_date": "2023-3-30",
        "station_source": "Geometric Projection",
        "native_station": null
      },
      "geometry": {
        "type": "Point",
        "coordinates": [
          121.19628,
          12.349164
        ]
      }
    },
    {
      "type": "Feature",
      "properties": {
        "id": 6,
        "name": "Turnout",
        "type": "Turnout",
        "Structure_Category": "Turnout (TO)",
        "canal_name": "MAIN CANAL",
        "station": "STA 0+340.0",
        "station_m": 340,
        "offset_m": 0.54,
        "desc": "",
        "comment": "Tsag/IA name: Purnaga IA, Canal name: Main Canal, Lat. (N) 12*22'43.1\", Long (E) 121* 11'39.7\" Station # 0+340",
        "elevation_m": 37.89,
        "photo_filename": "DSC00121.jpg",
        "photo_path": "../../DCIM/10GRMN/DSC00121.jpg",
        "surveyor_comment": "Tsag/IA name: Purnaga IA, Canal name: Main Canal, Lat. (N) 12*22'43.1\", Long (E) 121* 11'39.7\" Station # 0+340",
        "survey_date": "2023-2-27",
        "station_source": "Native (Survey / POW)",
        "native_station": "Station # 0+340"
      },
      "geometry": {
        "type": "Point",
        "coordinates": [
          121.194347,
          12.378672
        ]
      }
    },
    {
      "type": "Feature",
      "properties": {
        "id": 17,
        "name": "Turnout (Right)",
        "type": "Turnout",
        "Structure_Category": "Turnout (TO)",
        "canal_name": "MAIN CANAL",
        "station": "STA 2+568.3",
        "station_m": 2568.3,
        "offset_m": 0.7,
        "desc": "",
        "comment": "Tsag/IA name: Purnaga IA, Canal name: Main Canal, Lat. (N) 12*21'31.1\", Long (E) 121*11'31.3\", Station # 2+568.3",
        "elevation_m": 32.75,
        "photo_filename": "DSC00137.jpg",
        "photo_path": "../DCIM/10GRMN/DSC00137.jpg",
        "surveyor_comment": "Tsag/IA name: Purnaga IA, Canal name: Main Canal, Lat. (N) 12*21'31.1\", Long (E) 121*11'31.3\", Station # 2+568.3",
        "survey_date": "2023-2-28",
        "station_source": "Native (Survey / POW)",
        "native_station": "Station # 2+568.3"
      },
      "geometry": {
        "type": "Point",
        "coordinates": [
          121.192027,
          12.358633
        ]
      }
    },
    {
      "type": "Feature",
      "properties": {
        "id": 47,
        "name": "Turnout",
        "type": "Turnout",
        "Structure_Category": "Turnout (TO)",
        "canal_name": "MAIN CANAL",
        "station": "STA 6+782.0",
        "station_m": 6782,
        "offset_m": 6.29,
        "desc": "",
        "comment": "Tsag/IA name: Gapasan IA, Canal name: Main Canal, Lat. (N) 12*19'36.9.\", Long (E) 121*10'53.0\", Station # 6+782",
        "elevation_m": 27.06,
        "photo_filename": "DSC00178.jpg",
        "photo_path": "../DCIM/10GRMN/DSC00178.jpg",
        "surveyor_comment": "Tsag/IA name: Gapasan IA, Canal name: Main Canal, Lat. (N) 12*19'36.9.\", Long (E) 121*10'53.0\", Station # 6+782",
        "survey_date": "2023-3-1",
        "station_source": "Native (Survey / POW)",
        "native_station": "Station # 6+782"
      },
      "geometry": {
        "type": "Point",
        "coordinates": [
          121.181563,
          12.326922
        ]
      }
    },
    {
      "type": "Feature",
      "properties": {
        "id": 294,
        "name": "Outlet of Siphon",
        "type": "Outlet",
        "Structure_Category": "Siphon",
        "canal_name": "SUPPLY CANAL",
        "station": "STA 1+080.0",
        "station_m": 1080,
        "offset_m": 30.84,
        "desc": "",
        "comment": "Tsag/IA name: Purnaga IA, Canal name: Supply Canal, Lat. (N) 12*20'28.90.\", Long (E) 121*11'31.23\", Station # 1+080",
        "elevation_m": 34.28,
        "photo_filename": "DSC00180.jpg",
        "photo_path": "../DCIM/1000GRMN/DSC00180.jpg",
        "surveyor_comment": "Tsag/IA name: Purnaga IA, Canal name: Supply Canal, Lat. (N) 12*20'28.90.\", Long (E) 121*11'31.23\", Station # 1+080",
        "survey_date": "2023-3-30",
        "station_source": "Native (Survey / POW)",
        "native_station": "Station # 1+080"
      },
      "geometry": {
        "type": "Point",
        "coordinates": [
          121.192008,
          12.341362
        ]
      }
    },
    {
      "type": "Feature",
      "properties": {
        "id": 149,
        "name": "Double Turnout",
        "type": "Turnout",
        "Structure_Category": "Turnout (TO)",
        "canal_name": "LATERAL A",
        "station": "STA 0+459.0",
        "station_m": 459,
        "offset_m": 0.54,
        "desc": "",
        "comment": "Tsag/IA name: Bugtong Buri IA, Canal name: Lateral A Canal, Lat. (N) 12*19'\", Long (E) 121*10'\", Station # 0+459",
        "elevation_m": 20.1,
        "photo_filename": "DSC00009.jpg",
        "photo_path": "../../DCIM/1000GRMN/DSC00009.jpg",
        "surveyor_comment": "Tsag/IA name: Bugtong Buri IA, Canal name: Lateral A Canal, Lat. (N) 12*19'\", Long (E) 121*10'\", Station # 0+459",
        "survey_date": "2023-2-27",
        "station_source": "Native (Survey / POW)",
        "native_station": "Station # 0+459"
      },
      "geometry": {
        "type": "Point",
        "coordinates": [
          121.17235,
          12.324134
        ]
      }
    },
    {
      "type": "Feature",
      "properties": {
        "id": 161,
        "name": "Road crossing",
        "type": "Road Crossing",
        "Structure_Category": "Road Crossing",
        "canal_name": "LATERAL A",
        "station": "STA 2+467.0",
        "station_m": 2467,
        "offset_m": 2.14,
        "desc": "",
        "comment": "Tsag/IA name: Bugtong Buri IA, Canal name: Lateral A Canal, Lat. (N) 12*18'85.61\", Long (E) 121*09'50.69\", Station #2+467 - 2+418",
        "elevation_m": 13.31,
        "photo_filename": "DSC00025.jpg",
        "photo_path": "../../DCIM/1000GRMN/DSC00025.jpg",
        "surveyor_comment": "Tsag/IA name: Bugtong Buri IA, Canal name: Lateral A Canal, Lat. (N) 12*18'85.61\", Long (E) 121*09'50.69\", Station #2+467 - 2+418",
        "survey_date": "2023-2-27",
        "station_source": "Native (Survey / POW)",
        "native_station": "Station #2+467"
      },
      "geometry": {
        "type": "Point",
        "coordinates": [
          121.15844,
          12.314267
        ]
      }
    },
    {
      "type": "Feature",
      "properties": {
        "id": 179,
        "name": "Treasher Crossing with Turnout",
        "type": "Thresher Crossing",
        "Structure_Category": "Thresher Crossing",
        "canal_name": "LATERAL A",
        "station": "STA 5+205.0",
        "station_m": 5205,
        "offset_m": 1.09,
        "desc": "",
        "comment": "Tsag/IA name: Bugtong Buri IA, Canal name: Lateral A Canal, Lat. (N) 12*17'35.87\", Long (E) 121*08'54.15\", Station #5+205 - 5+211",
        "elevation_m": 15.91,
        "photo_filename": "DSC00046.jpg",
        "photo_path": "../DCIM/1000GRMN/DSC00046.jpg",
        "surveyor_comment": "Tsag/IA name: Bugtong Buri IA, Canal name: Lateral A Canal, Lat. (N) 12*17'35.87\", Long (E) 121*08'54.15\", Station #5+205 - 5+211",
        "survey_date": "2023-2-28",
        "station_source": "Native (Survey / POW)",
        "native_station": "Station #5+205"
      },
      "geometry": {
        "type": "Point",
        "coordinates": [
          121.148375,
          12.293297
        ]
      }
    },
    {
      "type": "Feature",
      "properties": {
        "id": 233,
        "name": "Head Gate",
        "type": "Head Gate",
        "Structure_Category": "Head Gate",
        "canal_name": "LATERAL B",
        "station": "STA 0+000.0",
        "station_m": 0,
        "offset_m": 4.12,
        "desc": "",
        "comment": "Tsag/IA name: Gamot Nicolas Bulo IA, Canal name: Lateral B, Lat. (N) 12*19'06.79\", Long (E) 121*10'36.33\", Station # 0+000",
        "elevation_m": 28.65,
        "photo_filename": "DSC00111.jpg",
        "photo_path": "../DCIM/1000GRMN/DSC00111.jpg",
        "surveyor_comment": "Tsag/IA name: Gamot Nicolas Bulo IA, Canal name: Lateral B, Lat. (N) 12*19'06.79\", Long (E) 121*10'36.33\", Station # 0+000",
        "survey_date": "2023-3-2",
        "station_source": "Native (Survey / POW)",
        "native_station": "Station # 0+000"
      },
      "geometry": {
        "type": "Point",
        "coordinates": [
          121.176758,
          12.318554
        ]
      }
    },
    {
      "type": "Feature",
      "properties": {
        "id": 269,
        "name": "Turnout (Right side)",
        "type": "Turnout",
        "Structure_Category": "Turnout (TO)",
        "canal_name": "LATERAL B",
        "station": "STA 1+7762.0",
        "station_m": 8762,
        "offset_m": 1.35,
        "desc": "",
        "comment": "Tsag/IA name: Gamot Nicolas Bulo IA, Canal name: Lateral B, Lat. (N) 12*18'36.15\", Long (E) 121*11'24.28\", Station # 1+7762",
        "elevation_m": 22.9,
        "photo_filename": "DSC00151.jpg",
        "photo_path": "../DCIM/1000GRMN/DSC00151.jpg",
        "surveyor_comment": "Tsag/IA name: Gamot Nicolas Bulo IA, Canal name: Lateral B, Lat. (N) 12*18'36.15\", Long (E) 121*11'24.28\", Station # 1+7762",
        "survey_date": "2023-3-21",
        "station_source": "Native (Survey / POW)",
        "native_station": "Station # 1+7762"
      },
      "geometry": {
        "type": "Point",
        "coordinates": [
          121.190078,
          12.310042
        ]
      }
    },
    {
      "type": "Feature",
      "properties": {
        "id": 89,
        "name": "Beginning of concrete canal lining",
        "type": "Other Structures",
        "Structure_Category": "Other Structures",
        "canal_name": "LATERAL B2",
        "station": "STA 0+014.0",
        "station_m": 14,
        "offset_m": 2.87,
        "desc": "",
        "comment": "Tsag/IA name: Gamot Nicolas Bulo IA, Canal name: Lateral B2, Lat. (N) 12*18'28.2\", Long (E) 121*11'34.1\",  Station #0+014",
        "elevation_m": 14.2,
        "photo_filename": "DSC00242.jpg",
        "photo_path": "../DCIM/10GRMN/DSC00242.jpg",
        "surveyor_comment": "Tsag/IA name: Gamot Nicolas Bulo IA, Canal name: Lateral B2, Lat. (N) 12*18'28.2\", Long (E) 121*11'34.1\", Station #0+014",
        "survey_date": "2023-3-22",
        "station_source": "Native (Survey / POW)",
        "native_station": "Station #0+014"
      },
      "geometry": {
        "type": "Point",
        "coordinates": [
          121.192806,
          12.30784
        ]
      }
    },
    {
      "type": "Feature",
      "properties": {
        "id": 71,
        "name": "Turnout (right side)",
        "type": "Turnout",
        "Structure_Category": "Turnout (TO)",
        "canal_name": "LATERAL B",
        "station": "STA 3+693.0",
        "station_m": 3693,
        "offset_m": 4.97,
        "desc": "",
        "comment": "Tsag/IA name: Gamot Nicolas Bulo IA, Canal name: Lateral B, Lat. (N) 12*17'47.10\", Long (E) 121*11'48.0\",  Station # 3+693, Remarks: for repair and silted",
        "elevation_m": 17.22,
        "photo_filename": "DSC00209.jpg",
        "photo_path": "../DCIM/10GRMN/DSC00209.jpg",
        "surveyor_comment": "Tsag/IA name: Gamot Nicolas Bulo IA, Canal name: Lateral B, Lat. (N) 12*17'47.10\", Long (E) 121*11'48.0\", Station # 3+693, Remarks: for repair and silted",
        "survey_date": "2023-3-22",
        "station_source": "Native (Survey / POW)",
        "native_station": "Station # 3+693"
      },
      "geometry": {
        "type": "Point",
        "coordinates": [
          121.196678,
          12.296414
        ]
      }
    },
    {
      "type": "Feature",
      "properties": {
        "id": 83,
        "name": "Check gate",
        "type": "Check Gate",
        "Structure_Category": "Head Gate",
        "canal_name": "LATERAL B",
        "station": "STA 5+467.0",
        "station_m": 5467,
        "offset_m": 3.19,
        "desc": "",
        "comment": "Tsag/IA name: Gamot Nicolas Bulo IA, Canal name: Lateral B, Lat. (N) 12*16'52.80\", Long (E) 121*11'32.90\",  Station # 5+467, Remarks: for repair and silted",
        "elevation_m": 16.63,
        "photo_filename": "DSC00229.jpg",
        "photo_path": "../DCIM/10GRMN/DSC00229.jpg",
        "surveyor_comment": "Tsag/IA name: Gamot Nicolas Bulo IA, Canal name: Lateral B, Lat. (N) 12*16'52.80\", Long (E) 121*11'32.90\", Station # 5+467, Remarks: for repair and silted",
        "survey_date": "2023-3-22",
        "station_source": "Native (Survey / POW)",
        "native_station": "Station # 5+467"
      },
      "geometry": {
        "type": "Point",
        "coordinates": [
          121.19276,
          12.281335
        ]
      }
    },
    {
      "type": "Feature",
      "properties": {
        "id": 107,
        "name": "Thresher crossing",
        "type": "Thresher Crossing",
        "Structure_Category": "Thresher Crossing",
        "canal_name": "LATERAL B2",
        "station": "STA 1+878.0",
        "station_m": 1878,
        "offset_m": 3.09,
        "desc": "",
        "comment": "Tsag/IA name: Gamot Nicolas Bulo IA, Canal name: Lateral B2, Lat. (N) 12*17'47.20\", Long (E) 121*11'14.0\",  Station # 1+878 - 1+882.5",
        "elevation_m": 13.32,
        "photo_filename": "DSC00264.jpg",
        "photo_path": "../DCIM/10GRMN/DSC00264.jpg",
        "surveyor_comment": "Tsag/IA name: Gamot Nicolas Bulo IA, Canal name: Lateral B2, Lat. (N) 12*17'47.20\", Long (E) 121*11'14.0\", Station # 1+878 - 1+882.5",
        "survey_date": "2023-3-29",
        "station_source": "Native (Survey / POW)",
        "native_station": "Station # 1+878"
      },
      "geometry": {
        "type": "Point",
        "coordinates": [
          121.187222,
          12.296447
        ]
      }
    },
    {
      "type": "Feature",
      "properties": {
        "id": 299,
        "name": "Solar pump",
        "type": "Waterpump",
        "Structure_Category": "Other Structures",
        "canal_name": "Off-Canal",
        "station": "STA 5+763.3",
        "station_m": 5763.27,
        "offset_m": 106.45,
        "desc": "",
        "comment": "Tsag/IA name: Sibalat IA, Canal name: Solar pump, Lat. (N) 12*16'15.46\", Long (E) 121*10'411.93\",  Station # , Remarks:",
        "elevation_m": 18.33,
        "photo_filename": "DSC00187.jpg",
        "photo_path": "../DCIM/1000GRMN/DSC00187.jpg",
        "surveyor_comment": "Tsag/IA name: Sibalat IA, Canal name: Solar pump, Lat. (N) 12*16'15.46\", Long (E) 121*10'411.93\", Station # , Remarks:",
        "survey_date": "2023-3-30",
        "station_source": "Geometric Projection",
        "native_station": null
      },
      "geometry": {
        "type": "Point",
        "coordinates": [
          121.169982,
          12.270961
        ]
      }
    },
    {
      "type": "Feature",
      "properties": {
        "id": 251,
        "name": "Head gate and Turnout",
        "type": "Head Gate",
        "Structure_Category": "Head Gate",
        "canal_name": "LATERAL B1-A",
        "station": "STA 0+000.0",
        "station_m": 0,
        "offset_m": 0.97,
        "desc": "",
        "comment": "Tsag/IA name: Inipitan calawag sibalat IA, Canal name: Lateral B1-A, Lat. (N) 12*18'10.74\", Long (E) 121*10'34.14\",  Station # 0+000, Remarks: For repair / silted",
        "elevation_m": 23.02,
        "photo_filename": "DSC00131.jpg",
        "photo_path": "../DCIM/1000GRMN/DSC00131.jpg",
        "surveyor_comment": "Tsag/IA name: Inipitan calawag sibalat IA, Canal name: Lateral B1-A, Lat. (N) 12*18'10.74\", Long (E) 121*10'34.14\", Station # 0+000, Remarks: For repair / silted",
        "survey_date": "2023-3-21",
        "station_source": "Native (Survey / POW)",
        "native_station": "Station # 0+000"
      },
      "geometry": {
        "type": "Point",
        "coordinates": [
          121.17615,
          12.302982
        ]
      }
    },
    {
      "type": "Feature",
      "properties": {
        "id": 125,
        "name": "Thresher crossing",
        "type": "Thresher Crossing",
        "Structure_Category": "Thresher Crossing",
        "canal_name": "LATERAL B1-1",
        "station": "STA 3+892.0",
        "station_m": 3892,
        "offset_m": 1.4,
        "desc": "",
        "comment": "Tsag/IA name: Inipitan calawag  IA, Canal name: Lateral B1-1, Lat. (N) 12*17'14.10\", Long (E) 121*10'02.20\",  Station # 3+892, Remarks:",
        "elevation_m": -63.15,
        "photo_filename": "DSC00122.jpg",
        "photo_path": "../DCIM/10GRMN/DSC00122.jpg",
        "surveyor_comment": "Tsag/IA name: Inipitan calawag IA, Canal name: Lateral B1-1, Lat. (N) 12*17'14.10\", Long (E) 121*10'02.20\", Station # 3+892, Remarks:",
        "survey_date": "2023-3-3",
        "station_source": "Native (Survey / POW)",
        "native_station": "Station # 3+892"
      },
      "geometry": {
        "type": "Point",
        "coordinates": [
          121.167286,
          12.287258
        ]
      }
    },
    {
      "type": "Feature",
      "properties": {
        "id": 203,
        "name": "Check structure",
        "type": "Check Structure",
        "Structure_Category": "Other Structures",
        "canal_name": "MAIN CANAL",
        "station": "STA 10+497.0",
        "station_m": 10497,
        "offset_m": 1.76,
        "desc": "",
        "comment": "Tsag/IA name: Gapasan IA, Canal name: Main Canal, Lat. (N) 12*18'07.76\", Long (E) 121*10'03.04\", Station # 10+497, Remarks: for repair",
        "elevation_m": 26.29,
        "photo_filename": "DSC00076.jpg",
        "photo_path": "../DCIM/1000GRMN/DSC00076.jpg",
        "surveyor_comment": "Tsag/IA name: Gapasan IA, Canal name: Main Canal, Lat. (N) 12*18'07.76\", Long (E) 121*10'03.04\", Station # 10+497, Remarks: for repair",
        "survey_date": "2023-3-2",
        "station_source": "Native (Survey / POW)",
        "native_station": "Station # 10+497"
      },
      "geometry": {
        "type": "Point",
        "coordinates": [
          121.16751,
          12.302155
        ]
      }
    },
    {
      "type": "Feature",
      "properties": {
        "id": 216,
        "name": "Turnout both side",
        "type": "Turnout",
        "Structure_Category": "Turnout (TO)",
        "canal_name": "MAIN CANAL",
        "station": "STA 13+488.0",
        "station_m": 13488,
        "offset_m": 10.35,
        "desc": "",
        "comment": "Tsag/IA name: Cabag Genaro IA, Canal name: Main Canal, Lat. (N) 12*16'36.96\", Long (E) 121*09'48.37\", Station # 13.488, Remarks: silted & no steel gate",
        "elevation_m": 24.39,
        "photo_filename": "DSC00092.jpg",
        "photo_path": "../DCIM/1000GRMN/DSC00092.jpg",
        "surveyor_comment": "Tsag/IA name: Cabag Genaro IA, Canal name: Main Canal, Lat. (N) 12*16'36.96\", Long (E) 121*09'48.37\", Station # 13.488, Remarks: silted & no steel gate",
        "survey_date": "2023-3-2",
        "station_source": "Native (Survey / POW)",
        "native_station": "Station # 13.488"
      },
      "geometry": {
        "type": "Point",
        "coordinates": [
          121.163437,
          12.276933
        ]
      }
    },
    {
      "type": "Feature",
      "properties": {
        "id": 66,
        "name": "079",
        "type": "Other Structures",
        "Structure_Category": "Other Structures",
        "canal_name": "Off-Canal",
        "station": "STA 2+704.3",
        "station_m": 2704.25,
        "offset_m": 1131.28,
        "desc": "",
        "comment": "",
        "elevation_m": 30.39,
        "photo_filename": "",
        "photo_path": "../DCIM/10GRMN/",
        "surveyor_comment": null,
        "survey_date": "2023-3-1",
        "station_source": "Geometric Projection",
        "native_station": null
      },
      "geometry": {
        "type": "Point",
        "coordinates": [
          121.147951,
          12.311571
        ]
      }
    },
    {
      "type": "Feature",
      "properties": {
        "id": 228,
        "name": "Turnout",
        "type": "Turnout",
        "Structure_Category": "Turnout (TO)",
        "canal_name": "MAIN CANAL",
        "station": "STA 16+044.0",
        "station_m": 16044,
        "offset_m": 4.66,
        "desc": "",
        "comment": "Tsag/IA name: Cabag Genaro IA, Canal name:  mc, Lat. (N) 12*15'46.94\", Long (E) 121*08'44.51\", Station # 16+044, Remarks: Silted",
        "elevation_m": 10.77,
        "photo_filename": "DSC00106.jpg",
        "photo_path": "../DCIM/1000GRMN/DSC00106.jpg",
        "surveyor_comment": "Tsag/IA name: Cabag Genaro IA, Canal name: mc, Lat. (N) 12*15'46.94\", Long (E) 121*08'44.51\", Station # 16+044, Remarks: Silted",
        "survey_date": "2023-3-2",
        "station_source": "Native (Survey / POW)",
        "native_station": "Station # 16+044"
      },
      "geometry": {
        "type": "Point",
        "coordinates": [
          121.145697,
          12.26304
        ]
      }
    },
    {
      "type": "Feature",
      "properties": {
        "id": 84,
        "name": "102",
        "type": "Other Structures",
        "Structure_Category": "Other Structures",
        "canal_name": "LATERAL B",
        "station": "STA 5+437.9",
        "station_m": 5437.88,
        "offset_m": 5.96,
        "desc": "",
        "comment": "End lateal canal B",
        "elevation_m": 17.17,
        "photo_filename": "DSC00230.jpg",
        "photo_path": "../DCIM/10GRMN/DSC00230.jpg",
        "surveyor_comment": "End lateal canal B",
        "survey_date": "2023-3-22",
        "station_source": "Geometric Projection",
        "native_station": null
      },
      "geometry": {
        "type": "Point",
        "coordinates": [
          121.192687,
          12.281392
        ]
      }
    },
    {
      "type": "Feature",
      "properties": {
        "id": 96,
        "name": "114",
        "type": "Other Structures",
        "Structure_Category": "Other Structures",
        "canal_name": "LATERAL B2",
        "station": "STA 1+264.7",
        "station_m": 1264.66,
        "offset_m": 1.2,
        "desc": "",
        "comment": "",
        "elevation_m": 14.94,
        "photo_filename": "DSC00252.jpg",
        "photo_path": "../DCIM/10GRMN/DSC00252.jpg",
        "surveyor_comment": null,
        "survey_date": "2023-3-29",
        "station_source": "Geometric Projection",
        "native_station": null
      },
      "geometry": {
        "type": "Point",
        "coordinates": [
          121.192788,
          12.296413
        ]
      }
    },
    {
      "type": "Feature",
      "properties": {
        "id": 138,
        "name": "005",
        "type": "Other Structures",
        "Structure_Category": "Other Structures",
        "canal_name": "Off-Canal",
        "station": "STA 4+136.2",
        "station_m": 4136.16,
        "offset_m": 664.33,
        "desc": "",
        "comment": "",
        "elevation_m": 14.58,
        "photo_filename": "DSC00002.jpg",
        "photo_path": "../../DCIM/1000GRMN/DSC00002.jpg",
        "surveyor_comment": null,
        "survey_date": "2023-2-27",
        "station_source": "Geometric Projection",
        "native_station": null
      },
      "geometry": {
        "type": "Point",
        "coordinates": [
          121.150552,
          12.305294
        ]
      }
    },
    {
      "type": "Feature",
      "properties": {
        "id": 168,
        "name": "035",
        "type": "Other Structures",
        "Structure_Category": "Other Structures",
        "canal_name": "LATERAL A",
        "station": "STA 4+210.6",
        "station_m": 4210.59,
        "offset_m": 4.86,
        "desc": "",
        "comment": "May tubo sa canal",
        "elevation_m": 19.59,
        "photo_filename": "DSC00033.jpg",
        "photo_path": "../DCIM/1000GRMN/DSC00033.jpg",
        "surveyor_comment": "May tubo sa canal",
        "survey_date": "2023-2-28",
        "station_source": "Geometric Projection",
        "native_station": null
      },
      "geometry": {
        "type": "Point",
        "coordinates": [
          121.154749,
          12.300692
        ]
      }
    },
    {
      "type": "Feature",
      "properties": {
        "id": 174,
        "name": "041",
        "type": "Other Structures",
        "Structure_Category": "Other Structures",
        "canal_name": "LATERAL A",
        "station": "STA 4+419.0",
        "station_m": 4419,
        "offset_m": 1.94,
        "desc": "",
        "comment": "4+419",
        "elevation_m": 17.41,
        "photo_filename": "DSC00040.jpg",
        "photo_path": "../DCIM/1000GRMN/DSC00040.jpg",
        "surveyor_comment": "4+419",
        "survey_date": "2023-2-28",
        "station_source": "Native (Survey / POW)",
        "native_station": "4+419"
      },
      "geometry": {
        "type": "Point",
        "coordinates": [
          121.153066,
          12.298665
        ]
      }
    },
    {
      "type": "Feature",
      "properties": {
        "id": 180,
        "name": "046",
        "type": "Other Structures",
        "Structure_Category": "Other Structures",
        "canal_name": "LATERAL A",
        "station": "STA 5+326.0",
        "station_m": 5326,
        "offset_m": 2.3,
        "desc": "",
        "comment": "5+326",
        "elevation_m": 17.77,
        "photo_filename": "DSC00048.jpg",
        "photo_path": "../DCIM/1000GRMN/DSC00048.jpg",
        "surveyor_comment": "5+326",
        "survey_date": "2023-2-28",
        "station_source": "Native (Survey / POW)",
        "native_station": "5+326"
      },
      "geometry": {
        "type": "Point",
        "coordinates": [
          121.147824,
          12.292359
        ]
      }
    },
    {
      "type": "Feature",
      "properties": {
        "id": 186,
        "name": "052",
        "type": "Other Structures",
        "Structure_Category": "Other Structures",
        "canal_name": "LATERAL A",
        "station": "STA 5+395.0",
        "station_m": 5395,
        "offset_m": 4.77,
        "desc": "",
        "comment": "5+395 End of delapi",
        "elevation_m": 13.31,
        "photo_filename": "DSC00054.jpg",
        "photo_path": "../DCIM/1000GRMN/DSC00054.jpg",
        "surveyor_comment": "5+395 End of delapi",
        "survey_date": "2023-2-28",
        "station_source": "Native (Survey / POW)",
        "native_station": "5+395"
      },
      "geometry": {
        "type": "Point",
        "coordinates": [
          121.146899,
          12.283453
        ]
      }
    },
    {
      "type": "Feature",
      "properties": {
        "id": 222,
        "name": "088",
        "type": "Other Structures",
        "Structure_Category": "Other Structures",
        "canal_name": "MAIN CANAL",
        "station": "STA 14+955.9",
        "station_m": 14955.9,
        "offset_m": 4.19,
        "desc": "",
        "comment": "Wasak",
        "elevation_m": 27.91,
        "photo_filename": "DSC00098.jpg",
        "photo_path": "../DCIM/1000GRMN/DSC00098.jpg",
        "surveyor_comment": "Wasak",
        "survey_date": "2023-3-2",
        "station_source": "Geometric Projection",
        "native_station": null
      },
      "geometry": {
        "type": "Point",
        "coordinates": [
          121.153781,
          12.267385
        ]
      }
    },
    {
      "type": "Feature",
      "properties": {
        "id": 246,
        "name": "113",
        "type": "Other Structures",
        "Structure_Category": "Other Structures",
        "canal_name": "LATERAL B",
        "station": "STA 1+836.8",
        "station_m": 1836.84,
        "offset_m": 4.81,
        "desc": "",
        "comment": "Newrd xing",
        "elevation_m": 27.4,
        "photo_filename": "DSC00125.jpg",
        "photo_path": "../DCIM/1000GRMN/DSC00125.jpg",
        "surveyor_comment": "Newrd xing",
        "survey_date": "2023-3-2",
        "station_source": "Geometric Projection",
        "native_station": null
      },
      "geometry": {
        "type": "Point",
        "coordinates": [
          121.190593,
          12.309582
        ]
      }
    },
    {
      "type": "Feature",
      "properties": {
        "id": 264,
        "name": "130",
        "type": "Other Structures",
        "Structure_Category": "Other Structures",
        "canal_name": "LATERAL B1-A",
        "station": "STA 2+468.8",
        "station_m": 2468.78,
        "offset_m": 2.42,
        "desc": "",
        "comment": "",
        "elevation_m": 14.01,
        "photo_filename": "DSC00146.jpg",
        "photo_path": "../DCIM/1000GRMN/DSC00146.jpg",
        "surveyor_comment": null,
        "survey_date": "2023-3-21",
        "station_source": "Geometric Projection",
        "native_station": null
      },
      "geometry": {
        "type": "Point",
        "coordinates": [
          121.177774,
          12.282515
        ]
      }
    },
    {
      "type": "Feature",
      "properties": {
        "id": 277,
        "name": "142",
        "type": "Other Structures",
        "Structure_Category": "Other Structures",
        "canal_name": "Off-Canal",
        "station": "STA 4+136.2",
        "station_m": 4136.16,
        "offset_m": 652.69,
        "desc": "",
        "comment": "",
        "elevation_m": null,
        "photo_filename": "DSC00161.jpg",
        "photo_path": "../DCIM/1000GRMN/DSC00161.jpg",
        "surveyor_comment": null,
        "survey_date": "2023-3-30",
        "station_source": "Geometric Projection",
        "native_station": null
      },
      "geometry": {
        "type": "Point",
        "coordinates": [
          121.150744,
          12.305343
        ]
      }
    },
    {
      "type": "Feature",
      "properties": {
        "id": 283,
        "name": "148",
        "type": "Other Structures",
        "Structure_Category": "Other Structures",
        "canal_name": "SUPPLY CANAL",
        "station": "STA 0+000.0",
        "station_m": 0,
        "offset_m": 15.64,
        "desc": "",
        "comment": "",
        "elevation_m": 37.84,
        "photo_filename": "DSC00167.jpg",
        "photo_path": "../DCIM/1000GRMN/DSC00167.jpg",
        "surveyor_comment": null,
        "survey_date": "2023-3-30",
        "station_source": "Geometric Projection",
        "native_station": null
      },
      "geometry": {
        "type": "Point",
        "coordinates": [
          121.196296,
          12.349118
        ]
      }
    },
    {
      "type": "Feature",
      "properties": {
        "id": 12,
        "name": "Turnout MC3",
        "type": "Turnout",
        "Structure_Category": "Turnout (TO)",
        "canal_name": "MAIN CANAL",
        "station": "STA 1+708.7",
        "station_m": 1708.7,
        "offset_m": 0.82,
        "desc": "",
        "comment": "Tsag/IA name: Purnaga IA, Canal name: Main Canal, Lat. (N) 12*21'58.1\", Long (E) 121*11'39\", Station # 1+708.7",
        "elevation_m": 31.71,
        "photo_filename": "DSC00129.jpg",
        "photo_path": "../../DCIM/10GRMN/DSC00129.jpg",
        "surveyor_comment": "Tsag/IA name: Purnaga IA, Canal name: Main Canal, Lat. (N) 12*21'58.1\", Long (E) 121*11'39\", Station # 1+708.7",
        "survey_date": "2023-2-27",
        "station_source": "Native (Survey / POW)",
        "native_station": "Station # 1+708.7"
      },
      "geometry": {
        "type": "Point",
        "coordinates": [
          121.194155,
          12.366142
        ]
      }
    },
    {
      "type": "Feature",
      "properties": {
        "id": 18,
        "name": "Conbined drop and road crossing",
        "type": "Drop",
        "Structure_Category": "Road Crossing",
        "canal_name": "MAIN CANAL",
        "station": "STA 2+574.2",
        "station_m": 2574.2,
        "offset_m": 7.73,
        "desc": "",
        "comment": "Tsag/IA name: Purnaga IA, Canal name: Main Canal, Lat. (N) 12*21'30.8\", Long (E) 121*11'31.5\", Station # 2+574.2 - 2+578.5",
        "elevation_m": 31.44,
        "photo_filename": "DSC00140.jpg",
        "photo_path": "../DCIM/10GRMN/DSC00140.jpg",
        "surveyor_comment": "Tsag/IA name: Purnaga IA, Canal name: Main Canal, Lat. (N) 12*21'30.8\", Long (E) 121*11'31.5\", Station # 2+574.2 - 2+578.5",
        "survey_date": "2023-2-28",
        "station_source": "Native (Survey / POW)",
        "native_station": "Station # 2+574.2"
      },
      "geometry": {
        "type": "Point",
        "coordinates": [
          121.192067,
          12.358543
        ]
      }
    },
    {
      "type": "Feature",
      "properties": {
        "id": 24,
        "name": "Line Canal",
        "type": "Other Structures",
        "Structure_Category": "Other Structures",
        "canal_name": "MAIN CANAL",
        "station": "STA 3+740.0",
        "station_m": 3740,
        "offset_m": 0.12,
        "desc": "",
        "comment": "Tsag/IA name: Purnaga IA, Canal name: Main Canal, Lat. (N) 12*20'41.5\", Long (E) 121*11'24.2\", Station # 3+740 - 4+157.6 Remarks: Desilting works",
        "elevation_m": 28.35,
        "photo_filename": "DSC00148.jpg",
        "photo_path": "../DCIM/10GRMN/DSC00148.jpg",
        "surveyor_comment": "Tsag/IA name: Purnaga IA, Canal name: Main Canal, Lat. (N) 12*20'41.5\", Long (E) 121*11'24.2\", Station # 3+740 - 4+157.6 Remarks: Desilting works",
        "survey_date": "2023-2-28",
        "station_source": "Native (Survey / POW)",
        "native_station": "Station # 3+740"
      },
      "geometry": {
        "type": "Point",
        "coordinates": [
          121.190071,
          12.344843
        ]
      }
    },
    {
      "type": "Feature",
      "properties": {
        "id": 25,
        "name": "Siphon",
        "type": "Siphon",
        "Structure_Category": "Siphon",
        "canal_name": "MAIN CANAL",
        "station": "STA 4+157.5",
        "station_m": 4157.5,
        "offset_m": 3.22,
        "desc": "",
        "comment": "Tsag/IA name: Purnaga IA, Canal name: Main Canal, Lat. (N) 12*20'41.2\", Long (E) 121*11'24.5\", Station # 4+157.5",
        "elevation_m": 26.54,
        "photo_filename": "DSC00150.jpg",
        "photo_path": "../DCIM/10GRMN/DSC00150.jpg",
        "surveyor_comment": "Tsag/IA name: Purnaga IA, Canal name: Main Canal, Lat. (N) 12*20'41.2\", Long (E) 121*11'24.5\", Station # 4+157.5",
        "survey_date": "2023-2-28",
        "station_source": "Native (Survey / POW)",
        "native_station": "Station # 4+157.5"
      },
      "geometry": {
        "type": "Point",
        "coordinates": [
          121.190138,
          12.344773
        ]
      }
    },
    {
      "type": "Feature",
      "properties": {
        "id": 36,
        "name": "Road Crossing",
        "type": "Road Crossing",
        "Structure_Category": "Road Crossing",
        "canal_name": "MAIN CANAL",
        "station": "STA 5+273.0",
        "station_m": 5273,
        "offset_m": 3.59,
        "desc": "",
        "comment": "Tsag/IA name: Gapasan IA, Canal name: Main Canal, Lat. (N) 12*20'12.9.\", Long (E) 121*11'21.6\", Station # 5+273",
        "elevation_m": 21.11,
        "photo_filename": "DSC00163.jpg",
        "photo_path": "../DCIM/10GRMN/DSC00163.jpg",
        "surveyor_comment": "Tsag/IA name: Gapasan IA, Canal name: Main Canal, Lat. (N) 12*20'12.9.\", Long (E) 121*11'21.6\", Station # 5+273",
        "survey_date": "2023-3-1",
        "station_source": "Native (Survey / POW)",
        "native_station": "Station # 5+273"
      },
      "geometry": {
        "type": "Point",
        "coordinates": [
          121.189178,
          12.336904
        ]
      }
    },
    {
      "type": "Feature",
      "properties": {
        "id": 42,
        "name": "Turnout",
        "type": "Turnout",
        "Structure_Category": "Turnout (TO)",
        "canal_name": "MAIN CANAL",
        "station": "STA 6+227.0",
        "station_m": 6227,
        "offset_m": 8.34,
        "desc": "",
        "comment": "Tsag/IA name: Gapasan IA, Canal name: Main Canal, Lat. (N) 12*19'54.7.\", Long (E) 121*10'56.7\", Station # 6+227",
        "elevation_m": 21.33,
        "photo_filename": "DSC00172.jpg",
        "photo_path": "../DCIM/10GRMN/DSC00172.jpg",
        "surveyor_comment": "Tsag/IA name: Gapasan IA, Canal name: Main Canal, Lat. (N) 12*19'54.7.\", Long (E) 121*10'56.7\", Station # 6+227",
        "survey_date": "2023-3-1",
        "station_source": "Native (Survey / POW)",
        "native_station": "Station # 6+227"
      },
      "geometry": {
        "type": "Point",
        "coordinates": [
          121.182412,
          12.331874
        ]
      }
    },
    {
      "type": "Feature",
      "properties": {
        "id": 144,
        "name": "Partial Flume",
        "type": "Flume",
        "Structure_Category": "Parshall Flume",
        "canal_name": "LATERAL A",
        "station": "STA 0+043.0",
        "station_m": 43,
        "offset_m": 5.79,
        "desc": "",
        "comment": "Tsag/IA name: Bugtong Buri IA, Canal name: Lateral A Canal, Lat. (N) 12*19'00\", Long (E) 121*10'55.20\", Station # 0+043",
        "elevation_m": 25,
        "photo_filename": "DSC00005.jpg",
        "photo_path": "../../DCIM/1000GRMN/DSC00005.jpg",
        "surveyor_comment": "Tsag/IA name: Bugtong Buri IA, Canal name: Lateral A Canal, Lat. (N) 12*19'00\", Long (E) 121*10'55.20\", Station # 0+043",
        "survey_date": "2023-2-27",
        "station_source": "Native (Survey / POW)",
        "native_station": "Station # 0+043"
      },
      "geometry": {
        "type": "Point",
        "coordinates": [
          121.176379,
          12.325177
        ]
      }
    },
    {
      "type": "Feature",
      "properties": {
        "id": 156,
        "name": "Double Turnout",
        "type": "Turnout",
        "Structure_Category": "Turnout (TO)",
        "canal_name": "LATERAL A",
        "station": "STA 1+773.0",
        "station_m": 1773,
        "offset_m": 3.37,
        "desc": "",
        "comment": "Tsag/IA name: Bugtong Buri IA, Canal name: Lateral A Canal, Lat. (N) 12*19'16.33.\", Long (E) 121*09'72.97\", Station # 1+773",
        "elevation_m": 15.43,
        "photo_filename": "DSC00017.jpg",
        "photo_path": "../../DCIM/1000GRMN/DSC00017.jpg",
        "surveyor_comment": "Tsag/IA name: Bugtong Buri IA, Canal name: Lateral A Canal, Lat. (N) 12*19'16.33.\", Long (E) 121*09'72.97\", Station # 1+773",
        "survey_date": "2023-2-27",
        "station_source": "Native (Survey / POW)",
        "native_station": "Station # 1+773"
      },
      "geometry": {
        "type": "Point",
        "coordinates": [
          121.162147,
          12.319396
        ]
      }
    },
    {
      "type": "Feature",
      "properties": {
        "id": 54,
        "name": "Turnout",
        "type": "Turnout",
        "Structure_Category": "Turnout (TO)",
        "canal_name": "MAIN CANAL",
        "station": "STA 7+442.0",
        "station_m": 7442,
        "offset_m": 2.58,
        "desc": "",
        "comment": "Tsag/IA name: Gapasan IA, Canal name: Main Canal, Lat. (N) 12*19'30.2\", Long (E) 121*10'36.4\", Station # 7+442",
        "elevation_m": 20.91,
        "photo_filename": "DSC00185.jpg",
        "photo_path": "../DCIM/10GRMN/DSC00185.jpg",
        "surveyor_comment": "Tsag/IA name: Gapasan IA, Canal name: Main Canal, Lat. (N) 12*19'30.2\", Long (E) 121*10'36.4\", Station # 7+442",
        "survey_date": "2023-3-1",
        "station_source": "Native (Survey / POW)",
        "native_station": "Station # 7+442"
      },
      "geometry": {
        "type": "Point",
        "coordinates": [
          121.176775,
          12.325048
        ]
      }
    },
    {
      "type": "Feature",
      "properties": {
        "id": 60,
        "name": "Turnout",
        "type": "Turnout",
        "Structure_Category": "Turnout (TO)",
        "canal_name": "MAIN CANAL",
        "station": "STA 8+183.0",
        "station_m": 8183,
        "offset_m": 5,
        "desc": "",
        "comment": "Tsag/IA name: Gapasan IA, Canal name: Main Canal, Lat. (N) 12*19'06.7\", Long (E) 121*10'36.2\", Station # 8+183, Remarks: Silted",
        "elevation_m": 20.75,
        "photo_filename": "DSC00191.jpg",
        "photo_path": "../DCIM/10GRMN/DSC00191.jpg",
        "surveyor_comment": "Tsag/IA name: Gapasan IA, Canal name: Main Canal, Lat. (N) 12*19'06.7\", Long (E) 121*10'36.2\", Station # 8+183, Remarks: Silted",
        "survey_date": "2023-3-1",
        "station_source": "Native (Survey / POW)",
        "native_station": "Station # 8+183"
      },
      "geometry": {
        "type": "Point",
        "coordinates": [
          121.176728,
          12.318524
        ]
      }
    },
    {
      "type": "Feature",
      "properties": {
        "id": 234,
        "name": "Road Crossing",
        "type": "Road Crossing",
        "Structure_Category": "Road Crossing",
        "canal_name": "LATERAL B",
        "station": "STA 0+000.0",
        "station_m": 0,
        "offset_m": 3.08,
        "desc": "",
        "comment": "Tsag/IA name: Gamot Nicolas Bulo IA, Canal name: Lateral B, Lat. (N) 12*19'06.82\", Long (E) 121*10'36.50\", Station # 0+000 - 0+011",
        "elevation_m": 26.61,
        "photo_filename": "DSC00112.jpg",
        "photo_path": "../DCIM/1000GRMN/DSC00112.jpg",
        "surveyor_comment": "Tsag/IA name: Gamot Nicolas Bulo IA, Canal name: Lateral B, Lat. (N) 12*19'06.82\", Long (E) 121*10'36.50\", Station # 0+000 - 0+011",
        "survey_date": "2023-3-2",
        "station_source": "Native (Survey / POW)",
        "native_station": "Station # 0+000"
      },
      "geometry": {
        "type": "Point",
        "coordinates": [
          121.176806,
          12.318561
        ]
      }
    },
    {
      "type": "Feature",
      "properties": {
        "id": 270,
        "name": "Thresher Crossing",
        "type": "Thresher Crossing",
        "Structure_Category": "Thresher Crossing",
        "canal_name": "LATERAL B",
        "station": "STA 1+835.0",
        "station_m": 1835,
        "offset_m": 1.43,
        "desc": "",
        "comment": "Tsag/IA name: Gamot Nicolas Bulo IA, Canal name: Lateral B, Lat. (N) 12*18'34.59\", Long (E) 121*11'26.34\", Station # 1+835",
        "elevation_m": 20.41,
        "photo_filename": "DSC00152.jpg",
        "photo_path": "../DCIM/1000GRMN/DSC00152.jpg",
        "surveyor_comment": "Tsag/IA name: Gamot Nicolas Bulo IA, Canal name: Lateral B, Lat. (N) 12*18'34.59\", Long (E) 121*11'26.34\", Station # 1+835",
        "survey_date": "2023-3-21",
        "station_source": "Native (Survey / POW)",
        "native_station": "Station # 1+835"
      },
      "geometry": {
        "type": "Point",
        "coordinates": [
          121.190651,
          12.309608
        ]
      }
    },
    {
      "type": "Feature",
      "properties": {
        "id": 72,
        "name": "Combined drop structure and road crossing",
        "type": "Drop",
        "Structure_Category": "Road Crossing",
        "canal_name": "LATERAL B",
        "station": "STA 3+769.0",
        "station_m": 3769,
        "offset_m": 4.46,
        "desc": "",
        "comment": "Tsag/IA name: Gamot Nicolas Bulo IA, Canal name: Lateral B, Lat. (N) 12*17'44.90\", Long (E) 121*11'48.30\",  Station # 3+769, Remarks: For repair and silted",
        "elevation_m": 13.82,
        "photo_filename": "DSC00210.jpg",
        "photo_path": "../DCIM/10GRMN/DSC00210.jpg",
        "surveyor_comment": "Tsag/IA name: Gamot Nicolas Bulo IA, Canal name: Lateral B, Lat. (N) 12*17'44.90\", Long (E) 121*11'48.30\", Station # 3+769, Remarks: For repair and silted",
        "survey_date": "2023-3-22",
        "station_source": "Native (Survey / POW)",
        "native_station": "Station # 3+769"
      },
      "geometry": {
        "type": "Point",
        "coordinates": [
          121.196753,
          12.295801
        ]
      }
    },
    {
      "type": "Feature",
      "properties": {
        "id": 252,
        "name": "Thresher crossing",
        "type": "Thresher Crossing",
        "Structure_Category": "Thresher Crossing",
        "canal_name": "LATERAL B1-A",
        "station": "STA 0+003.0",
        "station_m": 3,
        "offset_m": 0.54,
        "desc": "",
        "comment": "Tsag/IA name: Inipitan calawag sibalat IA, Canal name: Lateral B1-A, Lat. (N) 12*18'10.57\", Long (E) 121*10'34.21\",  Station # 0+003 - 0+006.5, Remarks: silted / for repair",
        "elevation_m": 22.12,
        "photo_filename": "DSC00132.jpg",
        "photo_path": "../DCIM/1000GRMN/DSC00132.jpg",
        "surveyor_comment": "Tsag/IA name: Inipitan calawag sibalat IA, Canal name: Lateral B1-A, Lat. (N) 12*18'10.57\", Long (E) 121*10'34.21\", Station # 0+003 - 0+006.5, Remarks: silted / for repair",
        "survey_date": "2023-4-21",
        "station_source": "Native (Survey / POW)",
        "native_station": "Station # 0+003"
      },
      "geometry": {
        "type": "Point",
        "coordinates": [
          121.17617,
          12.302937
        ]
      }
    },
    {
      "type": "Feature",
      "properties": {
        "id": 108,
        "name": "End of concrete canal lining",
        "type": "Other Structures",
        "Structure_Category": "Other Structures",
        "canal_name": "LATERAL B2",
        "station": "STA 1+956.0",
        "station_m": 1956,
        "offset_m": 3.3,
        "desc": "",
        "comment": "Tsag/IA name: Gamot Nicolas Bulo IA, Canal name: Lateral B2, Lat. (N) 12*17'47.40\", Long (E) 121*11'11.50\",  Station # 1+956",
        "elevation_m": 13.17,
        "photo_filename": "DSC00265.jpg",
        "photo_path": "../DCIM/10GRMN/DSC00265.jpg",
        "surveyor_comment": "Tsag/IA name: Gamot Nicolas Bulo IA, Canal name: Lateral B2, Lat. (N) 12*17'47.40\", Long (E) 121*11'11.50\", Station # 1+956",
        "survey_date": "2023-3-29",
        "station_source": "Native (Survey / POW)",
        "native_station": "Station # 1+956"
      },
      "geometry": {
        "type": "Point",
        "coordinates": [
          121.186538,
          12.296494
        ]
      }
    },
    {
      "type": "Feature",
      "properties": {
        "id": 258,
        "name": "Drop structure",
        "type": "Drop",
        "Structure_Category": "Other Structures",
        "canal_name": "LATERAL B1-A",
        "station": "STA 0+625.0",
        "station_m": 625,
        "offset_m": 1.09,
        "desc": "",
        "comment": "Tsag/IA name: Inipitan calawag sibalat IA, Canal name: Lateral B1-A, Lat. (N) 12*17'53.54\", Long (E) 121*10'44.53\",  Station # 0+625, Remarks: silted / for repair",
        "elevation_m": 21.18,
        "photo_filename": "DSC00138.jpg",
        "photo_path": "../DCIM/1000GRMN/DSC00138.jpg",
        "surveyor_comment": "Tsag/IA name: Inipitan calawag sibalat IA, Canal name: Lateral B1-A, Lat. (N) 12*17'53.54\", Long (E) 121*10'44.53\", Station # 0+625, Remarks: silted / for repair",
        "survey_date": "2023-3-21",
        "station_source": "Native (Survey / POW)",
        "native_station": "Station # 0+625"
      },
      "geometry": {
        "type": "Point",
        "coordinates": [
          121.179035,
          12.298205
        ]
      }
    },
    {
      "type": "Feature",
      "properties": {
        "id": 126,
        "name": "Road crossing and comb. of turnout",
        "type": "Road Crossing",
        "Structure_Category": "Road Crossing",
        "canal_name": "LATERAL B1-1",
        "station": "STA 4+217.0",
        "station_m": 4217,
        "offset_m": 3.32,
        "desc": "",
        "comment": "Tsag/IA name: Inipitan calawag sibalat IA, Canal name: Lateral B1-1, Lat. (N) 12*17'06.0\", Long (E) 121*10'00.80\",  Station # 4+217, Remarks: Damaged / silted",
        "elevation_m": -53.97,
        "photo_filename": "DSC00124.jpg",
        "photo_path": "../DCIM/10GRMN/DSC00124.jpg",
        "surveyor_comment": "Tsag/IA name: Inipitan calawag sibalat IA, Canal name: Lateral B1-1, Lat. (N) 12*17'06.0\", Long (E) 121*10'00.80\", Station # 4+217, Remarks: Damaged / silted",
        "survey_date": "2023-3-3",
        "station_source": "Native (Survey / POW)",
        "native_station": "Station # 4+217"
      },
      "geometry": {
        "type": "Point",
        "coordinates": [
          121.166746,
          12.284452
        ]
      }
    },
    {
      "type": "Feature",
      "properties": {
        "id": 120,
        "name": "Thresher crossing",
        "type": "Thresher Crossing",
        "Structure_Category": "Thresher Crossing",
        "canal_name": "LATERAL B1-1",
        "station": "STA 2+606.0",
        "station_m": 2606,
        "offset_m": 1.85,
        "desc": "",
        "comment": "Tsag/IA name: Inipitan calawag IA, Canal name: Lateral B1-1, Lat. (N) 12*17'54.01\", Long (E) 121*10'06.05\",  Station # 2+606, Remarks: silted / damaged",
        "elevation_m": 25.4,
        "photo_filename": "DSC00116.jpg",
        "photo_path": "../DCIM/10GRMN/DSC00116.jpg",
        "surveyor_comment": "Tsag/IA name: Inipitan calawag IA, Canal name: Lateral B1-1, Lat. (N) 12*17'54.01\", Long (E) 121*10'06.05\", Station # 2+606, Remarks: silted / damaged",
        "survey_date": "2023-3-2",
        "station_source": "Native (Survey / POW)",
        "native_station": "Station # 2+606"
      },
      "geometry": {
        "type": "Point",
        "coordinates": [
          121.169016,
          12.298372
        ]
      }
    },
    {
      "type": "Feature",
      "properties": {
        "id": 223,
        "name": "Thresher crossing comb. drop structure and turnout",
        "type": "Thresher Crossing",
        "Structure_Category": "Thresher Crossing",
        "canal_name": "MAIN CANAL",
        "station": "STA 15+049.0",
        "station_m": 15049,
        "offset_m": 10.01,
        "desc": "",
        "comment": "Tsag/IA name: Cabag Genaro IA, Canal name: Main Canal, Lat. (N) 12*16'02.37\", Long (E) 121*09'13.63\", Station # 15+049, Remarks: Damaged turnout (left side)",
        "elevation_m": 25.02,
        "photo_filename": "DSC00099.jpg",
        "photo_path": "../DCIM/1000GRMN/DSC00099.jpg",
        "surveyor_comment": "Tsag/IA name: Cabag Genaro IA, Canal name: Main Canal, Lat. (N) 12*16'02.37\", Long (E) 121*09'13.63\", Station # 15+049, Remarks: Damaged turnout (left side)",
        "survey_date": "2023-3-2",
        "station_source": "Native (Survey / POW)",
        "native_station": "Station # 15+049"
      },
      "geometry": {
        "type": "Point",
        "coordinates": [
          121.153786,
          12.267325
        ]
      }
    },
    {
      "type": "Feature",
      "properties": {
        "id": 210,
        "name": "Turnout",
        "type": "Turnout",
        "Structure_Category": "Turnout (TO)",
        "canal_name": "MAIN CANAL",
        "station": "STA 11+885.0",
        "station_m": 11885,
        "offset_m": 5.34,
        "desc": "",
        "comment": "Tsag/IA name: Cabag Genaro IA, Canal name: Main Canal, Lat. (N) 12*17'27.81\", Long (E) 121*09'49.32\", Station # 11+885, Remarks: silted",
        "elevation_m": 22.87,
        "photo_filename": "DSC00085.jpg",
        "photo_path": "../DCIM/1000GRMN/DSC00085.jpg",
        "surveyor_comment": "Tsag/IA name: Cabag Genaro IA, Canal name: Main Canal, Lat. (N) 12*17'27.81\", Long (E) 121*09'49.32\", Station # 11+885, Remarks: silted",
        "survey_date": "2023-3-2",
        "station_source": "Native (Survey / POW)",
        "native_station": "Station # 11+885"
      },
      "geometry": {
        "type": "Point",
        "coordinates": [
          121.1637,
          12.291059
        ]
      }
    },
    {
      "type": "Feature",
      "properties": {
        "id": 79,
        "name": "097",
        "type": "Other Structures",
        "Structure_Category": "Other Structures",
        "canal_name": "LATERAL B",
        "station": "STA 4+746.5",
        "station_m": 4746.47,
        "offset_m": 7.39,
        "desc": "",
        "comment": "Canal sa tabi ng canal ng nia",
        "elevation_m": 15.32,
        "photo_filename": "DSC00222.jpg",
        "photo_path": "../DCIM/10GRMN/DSC00222.jpg",
        "surveyor_comment": "Canal sa tabi ng canal ng nia",
        "survey_date": "2023-3-22",
        "station_source": "Geometric Projection",
        "native_station": null
      },
      "geometry": {
        "type": "Point",
        "coordinates": [
          121.195761,
          12.286808
        ]
      }
    },
    {
      "type": "Feature",
      "properties": {
        "id": 289,
        "name": "Division box",
        "type": "Other Structures",
        "Structure_Category": "Other Structures",
        "canal_name": "SUPPLY CANAL",
        "station": "STA 0+165.0",
        "station_m": 165,
        "offset_m": 10.39,
        "desc": "",
        "comment": "Tsag/IA name: Purnaga IA, Canal name: Supply Canal, Lat. (N) 12*20'51.66\", Long (E) 121*11'47.03\", Station # 0+165, Remarks: for repair / silted",
        "elevation_m": 30.22,
        "photo_filename": "DSC00173.jpg",
        "photo_path": "../DCIM/1000GRMN/DSC00173.jpg",
        "surveyor_comment": "Tsag/IA name: Purnaga IA, Canal name: Supply Canal, Lat. (N) 12*20'51.66\", Long (E) 121*11'47.03\", Station # 0+165, Remarks: for repair / silted",
        "survey_date": "2023-3-30",
        "station_source": "Native (Survey / POW)",
        "native_station": "Station # 0+165"
      },
      "geometry": {
        "type": "Point",
        "coordinates": [
          121.196398,
          12.347683
        ]
      }
    },
    {
      "type": "Feature",
      "properties": {
        "id": 109,
        "name": "001",
        "type": "Other Structures",
        "Structure_Category": "Other Structures",
        "canal_name": "LATERAL B",
        "station": "STA 1+335.7",
        "station_m": 1335.74,
        "offset_m": 16.44,
        "desc": "",
        "comment": "",
        "elevation_m": 52.58,
        "photo_filename": "DSC00101.jpg",
        "photo_path": "../DCIM/10GRMN/DSC00101.jpg",
        "surveyor_comment": null,
        "survey_date": "2023-3-2",
        "station_source": "Geometric Projection",
        "native_station": null
      },
      "geometry": {
        "type": "Point",
        "coordinates": [
          121.187231,
          12.312683
        ]
      }
    },
    {
      "type": "Feature",
      "properties": {
        "id": 121,
        "name": "013",
        "type": "Other Structures",
        "Structure_Category": "Other Structures",
        "canal_name": "LATERAL B1-1",
        "station": "STA 2+984.0",
        "station_m": 2984,
        "offset_m": 1.65,
        "desc": "",
        "comment": "",
        "elevation_m": 22.9,
        "photo_filename": "DSC00117.jpg",
        "photo_path": "../DCIM/10GRMN/DSC00117.jpg",
        "surveyor_comment": null,
        "survey_date": "2023-3-2",
        "station_source": "Geometric Projection",
        "native_station": null
      },
      "geometry": {
        "type": "Point",
        "coordinates": [
          121.16761,
          12.295223
        ]
      }
    },
    {
      "type": "Feature",
      "properties": {
        "id": 139,
        "name": "006",
        "type": "Other Structures",
        "Structure_Category": "Other Structures",
        "canal_name": "LATERAL A",
        "station": "STA 0+004.9",
        "station_m": 4.88,
        "offset_m": 4.76,
        "desc": "",
        "comment": "",
        "elevation_m": 23.72,
        "photo_filename": "",
        "photo_path": "../../DCIM/1000GRMN/",
        "surveyor_comment": null,
        "survey_date": "2023-2-27",
        "station_source": "Geometric Projection",
        "native_station": null
      },
      "geometry": {
        "type": "Point",
        "coordinates": [
          121.176759,
          12.325147
        ]
      }
    },
    {
      "type": "Feature",
      "properties": {
        "id": 145,
        "name": "012",
        "type": "Other Structures",
        "Structure_Category": "Other Structures",
        "canal_name": "LATERAL A",
        "station": "STA 0+176.0",
        "station_m": 175.96,
        "offset_m": 2.54,
        "desc": "",
        "comment": "",
        "elevation_m": 21.68,
        "photo_filename": "",
        "photo_path": "../../DCIM/1000GRMN/",
        "surveyor_comment": null,
        "survey_date": "2023-2-27",
        "station_source": "Geometric Projection",
        "native_station": null
      },
      "geometry": {
        "type": "Point",
        "coordinates": [
          121.175184,
          12.325177
        ]
      }
    },
    {
      "type": "Feature",
      "properties": {
        "id": 169,
        "name": "036",
        "type": "Other Structures",
        "Structure_Category": "Other Structures",
        "canal_name": "LATERAL A",
        "station": "STA 4+228.7",
        "station_m": 4228.71,
        "offset_m": 4.94,
        "desc": "",
        "comment": "Damage",
        "elevation_m": 14.66,
        "photo_filename": "DSC00035.jpg",
        "photo_path": "../DCIM/1000GRMN/DSC00035.jpg",
        "surveyor_comment": "Damage",
        "survey_date": "2023-2-28",
        "station_source": "Geometric Projection",
        "native_station": null
      },
      "geometry": {
        "type": "Point",
        "coordinates": [
          121.154664,
          12.300548
        ]
      }
    },
    {
      "type": "Feature",
      "properties": {
        "id": 181,
        "name": "047",
        "type": "Other Structures",
        "Structure_Category": "Other Structures",
        "canal_name": "LATERAL A",
        "station": "STA 5+398.0",
        "station_m": 5398,
        "offset_m": 6.4,
        "desc": "",
        "comment": "5+398",
        "elevation_m": 19.62,
        "photo_filename": "DSC00049.jpg",
        "photo_path": "../DCIM/1000GRMN/DSC00049.jpg",
        "surveyor_comment": "5+398",
        "survey_date": "2023-2-28",
        "station_source": "Native (Survey / POW)",
        "native_station": "5+398"
      },
      "geometry": {
        "type": "Point",
        "coordinates": [
          121.147744,
          12.291709
        ]
      }
    },
    {
      "type": "Feature",
      "properties": {
        "id": 247,
        "name": "114",
        "type": "Other Structures",
        "Structure_Category": "Other Structures",
        "canal_name": "LATERAL B",
        "station": "STA 2+026.4",
        "station_m": 2026.45,
        "offset_m": 0.3,
        "desc": "",
        "comment": "New TO",
        "elevation_m": 22.61,
        "photo_filename": "DSC00126.jpg",
        "photo_path": "../DCIM/1000GRMN/DSC00126.jpg",
        "surveyor_comment": "New TO",
        "survey_date": "2023-3-2",
        "station_source": "Geometric Projection",
        "native_station": null
      },
      "geometry": {
        "type": "Point",
        "coordinates": [
          121.191983,
          12.308546
        ]
      }
    },
    {
      "type": "Feature",
      "properties": {
        "id": 278,
        "name": "143",
        "type": "Other Structures",
        "Structure_Category": "Other Structures",
        "canal_name": "SUPPLY CANAL",
        "station": "STA 0+694.7",
        "station_m": 694.71,
        "offset_m": 3.06,
        "desc": "",
        "comment": "",
        "elevation_m": 34.85,
        "photo_filename": "DSC00162.jpg",
        "photo_path": "../DCIM/1000GRMN/DSC00162.jpg",
        "surveyor_comment": null,
        "survey_date": "2023-3-30",
        "station_source": "Geometric Projection",
        "native_station": null
      },
      "geometry": {
        "type": "Point",
        "coordinates": [
          121.194206,
          12.343702
        ]
      }
    },
    {
      "type": "Feature",
      "properties": {
        "id": 2,
        "name": "013",
        "type": "Other Structures",
        "Structure_Category": "Other Structures",
        "canal_name": "MAIN CANAL",
        "station": "STA 0+000.0",
        "station_m": 0,
        "offset_m": 22.86,
        "desc": "",
        "comment": "",
        "elevation_m": 43.48,
        "photo_filename": "DSC00117.jpg",
        "photo_path": "../../DCIM/10GRMN/DSC00117.jpg",
        "surveyor_comment": null,
        "survey_date": "2023-2-27",
        "station_source": "Geometric Projection",
        "native_station": null
      },
      "geometry": {
        "type": "Point",
        "coordinates": [
          121.193297,
          12.381614
        ]
      }
    },
    {
      "type": "Feature",
      "properties": {
        "id": 8,
        "name": "019",
        "type": "Other Structures",
        "Structure_Category": "Other Structures",
        "canal_name": "MAIN CANAL",
        "station": "STA 0+474.7",
        "station_m": 474.69,
        "offset_m": 3.22,
        "desc": "",
        "comment": "",
        "elevation_m": 37.68,
        "photo_filename": "DSC00123.jpg",
        "photo_path": "../../DCIM/10GRMN/DSC00123.jpg",
        "surveyor_comment": null,
        "survey_date": "2023-2-27",
        "station_source": "Geometric Projection",
        "native_station": null
      },
      "geometry": {
        "type": "Point",
        "coordinates": [
          121.194463,
          12.377387
        ]
      }
    },
    {
      "type": "Feature",
      "properties": {
        "id": 32,
        "name": "044",
        "type": "Other Structures",
        "Structure_Category": "Other Structures",
        "canal_name": "MAIN CANAL",
        "station": "STA 4+807.8",
        "station_m": 4807.78,
        "offset_m": 0.68,
        "desc": "",
        "comment": "For desilting",
        "elevation_m": 27.05,
        "photo_filename": "DSC00158.jpg",
        "photo_path": "../DCIM/10GRMN/DSC00158.jpg",
        "surveyor_comment": "For desilting",
        "survey_date": "2023-2-28",
        "station_source": "Geometric Projection",
        "native_station": null
      },
      "geometry": {
        "type": "Point",
        "coordinates": [
          121.191656,
          12.339585
        ]
      }
    },
    {
      "type": "Feature",
      "properties": {
        "id": 44,
        "name": "057",
        "type": "Other Structures",
        "Structure_Category": "Other Structures",
        "canal_name": "MAIN CANAL",
        "station": "STA 6+186.4",
        "station_m": 6186.37,
        "offset_m": 5.32,
        "desc": "",
        "comment": "Damage and silted canal",
        "elevation_m": 19.14,
        "photo_filename": "DSC00174.jpg",
        "photo_path": "../DCIM/10GRMN/DSC00174.jpg",
        "surveyor_comment": "Damage and silted canal",
        "survey_date": "2023-3-1",
        "station_source": "Geometric Projection",
        "native_station": null
      },
      "geometry": {
        "type": "Point",
        "coordinates": [
          121.182439,
          12.331867
        ]
      }
    },
    {
      "type": "Feature",
      "properties": {
        "id": 50,
        "name": "063",
        "type": "Other Structures",
        "Structure_Category": "Other Structures",
        "canal_name": "MAIN CANAL",
        "station": "STA 7+122.8",
        "station_m": 7122.77,
        "offset_m": 0.47,
        "desc": "",
        "comment": "Disilted AND damage canal",
        "elevation_m": 22.3,
        "photo_filename": "DSC00181.jpg",
        "photo_path": "../DCIM/10GRMN/DSC00181.jpg",
        "surveyor_comment": "Disilted AND damage canal",
        "survey_date": "2023-3-1",
        "station_source": "Geometric Projection",
        "native_station": null
      },
      "geometry": {
        "type": "Point",
        "coordinates": [
          121.178075,
          12.326572
        ]
      }
    },
    {
      "type": "Feature",
      "properties": {
        "id": 56,
        "name": "069",
        "type": "Other Structures",
        "Structure_Category": "Other Structures",
        "canal_name": "MAIN CANAL",
        "station": "STA 7+415.7",
        "station_m": 7415.73,
        "offset_m": 0.76,
        "desc": "",
        "comment": "",
        "elevation_m": 21.03,
        "photo_filename": "DSC00187.jpg",
        "photo_path": "../DCIM/10GRMN/DSC00187.jpg",
        "surveyor_comment": null,
        "survey_date": "2023-3-1",
        "station_source": "Geometric Projection",
        "native_station": null
      },
      "geometry": {
        "type": "Point",
        "coordinates": [
          121.176802,
          12.32499
        ]
      }
    },
    {
      "type": "Feature",
      "properties": {
        "id": 26,
        "name": "Siphon (Outlet)",
        "type": "Siphon",
        "Structure_Category": "Siphon",
        "canal_name": "MAIN CANAL",
        "station": "STA 4+220.2",
        "station_m": 4220.2,
        "offset_m": 3.21,
        "desc": "",
        "comment": "Tsag/IA name: Purnaga IA, Canal name: Main Canal, Lat. (N) 12*20'39.7\", Long (E) 121*11'25.2\", Station # 4+220.2",
        "elevation_m": 28.12,
        "photo_filename": "DSC00151.jpg",
        "photo_path": "../DCIM/10GRMN/DSC00151.jpg",
        "surveyor_comment": "Tsag/IA name: Purnaga IA, Canal name: Main Canal, Lat. (N) 12*20'39.7\", Long (E) 121*11'25.2\", Station # 4+220.2",
        "survey_date": "2023-2-28",
        "station_source": "Native (Survey / POW)",
        "native_station": "Station # 4+220.2"
      },
      "geometry": {
        "type": "Point",
        "coordinates": [
          121.190346,
          12.344368
        ]
      }
    },
    {
      "type": "Feature",
      "properties": {
        "id": 38,
        "name": "Turnout",
        "type": "Turnout",
        "Structure_Category": "Turnout (TO)",
        "canal_name": "MAIN CANAL",
        "station": "STA 6+029.0",
        "station_m": 6029,
        "offset_m": 9.37,
        "desc": "",
        "comment": "Tsag/IA name: Gapasan IA, Canal name: Main Canal, Lat. (N) 12*20'00.2.\", Long (E) 121*11'00.1\", Station # 6+029, Remarks: For repair",
        "elevation_m": 22.37,
        "photo_filename": "DSC00167.jpg",
        "photo_path": "../DCIM/10GRMN/DSC00167.jpg",
        "surveyor_comment": "Tsag/IA name: Gapasan IA, Canal name: Main Canal, Lat. (N) 12*20'00.2.\", Long (E) 121*11'00.1\", Station # 6+029, Remarks: For repair",
        "survey_date": "2023-3-1",
        "station_source": "Native (Survey / POW)",
        "native_station": "Station # 6+029"
      },
      "geometry": {
        "type": "Point",
        "coordinates": [
          121.183366,
          12.333399
        ]
      }
    },
    {
      "type": "Feature",
      "properties": {
        "id": 151,
        "name": "Turnout",
        "type": "Turnout",
        "Structure_Category": "Turnout (TO)",
        "canal_name": "LATERAL A",
        "station": "STA 0+752.0",
        "station_m": 752,
        "offset_m": 1.99,
        "desc": "",
        "comment": "Tsag/IA name: Bugtong Buri IA, Canal name: Lateral A Canal, Lat. (N) 12*19'42.18.\", Long (E) 121*10'20.23\", Station # 0+752",
        "elevation_m": 18.27,
        "photo_filename": "DSC00011.jpg",
        "photo_path": "../../DCIM/1000GRMN/DSC00011.jpg",
        "surveyor_comment": "Tsag/IA name: Bugtong Buri IA, Canal name: Lateral A Canal, Lat. (N) 12*19'42.18.\", Long (E) 121*10'20.23\", Station # 0+752",
        "survey_date": "2023-2-27",
        "station_source": "Native (Survey / POW)",
        "native_station": "Station # 0+752"
      },
      "geometry": {
        "type": "Point",
        "coordinates": [
          121.17003,
          12.323691
        ]
      }
    },
    {
      "type": "Feature",
      "properties": {
        "id": 49,
        "name": "Road Crossing",
        "type": "Road Crossing",
        "Structure_Category": "Road Crossing",
        "canal_name": "MAIN CANAL",
        "station": "STA 7+113.0",
        "station_m": 7113,
        "offset_m": 1.93,
        "desc": "",
        "comment": "Tsag/IA name: Gapasan IA, Canal name: Main Canal, Lat. (N) 12*19'35.7.\", Long (E) 121*10'41.2\", Station # 7+113",
        "elevation_m": 23.57,
        "photo_filename": "DSC00180.jpg",
        "photo_path": "../DCIM/10GRMN/DSC00180.jpg",
        "surveyor_comment": "Tsag/IA name: Gapasan IA, Canal name: Main Canal, Lat. (N) 12*19'35.7.\", Long (E) 121*10'41.2\", Station # 7+113",
        "survey_date": "2023-3-1",
        "station_source": "Native (Survey / POW)",
        "native_station": "Station # 7+113"
      },
      "geometry": {
        "type": "Point",
        "coordinates": [
          121.178102,
          12.326588
        ]
      }
    },
    {
      "type": "Feature",
      "properties": {
        "id": 163,
        "name": "Road crossing",
        "type": "Road Crossing",
        "Structure_Category": "Road Crossing",
        "canal_name": "LATERAL A",
        "station": "STA 3+255.0",
        "station_m": 3255,
        "offset_m": 2.8,
        "desc": "",
        "comment": "Tsag/IA name: Bugtong Buri IA, Canal name: Lateral A Canal, Lat. (N) 12*18'43.28.\", Long (E) 121*09'56.88\", Station #3+255 - 3+261",
        "elevation_m": 11.7,
        "photo_filename": "DSC00027.jpg",
        "photo_path": "../../DCIM/1000GRMN/DSC00027.jpg",
        "surveyor_comment": "Tsag/IA name: Bugtong Buri IA, Canal name: Lateral A Canal, Lat. (N) 12*18'43.28.\", Long (E) 121*09'56.88\", Station #3+255 - 3+261",
        "survey_date": "2023-2-27",
        "station_source": "Native (Survey / POW)",
        "native_station": "Station #3+255"
      },
      "geometry": {
        "type": "Point",
        "coordinates": [
          121.159496,
          12.307203
        ]
      }
    },
    {
      "type": "Feature",
      "properties": {
        "id": 55,
        "name": "Combination of Road crossing, Check gate and Drop",
        "type": "Road Crossing",
        "Structure_Category": "Head Gate",
        "canal_name": "MAIN CANAL",
        "station": "STA 7+449.0",
        "station_m": 7449,
        "offset_m": 2.14,
        "desc": "",
        "comment": "Tsag/IA name: Gapasan IA, Canal name: Main Canal, Lat. (N) 12*19'70.0\", Long (E) 121*10'36.5\", Station # 7+449, Remarks: For repair and silted",
        "elevation_m": 20.97,
        "photo_filename": "DSC00186.jpg",
        "photo_path": "../DCIM/10GRMN/DSC00186.jpg",
        "surveyor_comment": "Tsag/IA name: Gapasan IA, Canal name: Main Canal, Lat. (N) 12*19'70.0\", Long (E) 121*10'36.5\", Station # 7+449, Remarks: For repair and silted",
        "survey_date": "2023-3-1",
        "station_source": "Native (Survey / POW)",
        "native_station": "Station # 7+449"
      },
      "geometry": {
        "type": "Point",
        "coordinates": [
          121.176816,
          12.32501
        ]
      }
    },
    {
      "type": "Feature",
      "properties": {
        "id": 241,
        "name": "Check Gate with Comb. of Road crossing",
        "type": "Check Gate",
        "Structure_Category": "Head Gate",
        "canal_name": "LATERAL B",
        "station": "STA 1+324.0",
        "station_m": 1324,
        "offset_m": 4,
        "desc": "",
        "comment": "Tsag/IA name: Gamot Nicolas Bulo IA, Canal name: Lateral B, Lat. (N) 12*18'45.14\", Long (E) 121*11'13.61\", Station # 1+324",
        "elevation_m": 34.77,
        "photo_filename": "DSC00119.jpg",
        "photo_path": "../DCIM/1000GRMN/DSC00119.jpg",
        "surveyor_comment": "Tsag/IA name: Gamot Nicolas Bulo IA, Canal name: Lateral B, Lat. (N) 12*18'45.14\", Long (E) 121*11'13.61\", Station # 1+324",
        "survey_date": "2023-3-2",
        "station_source": "Native (Survey / POW)",
        "native_station": "Station # 1+324"
      },
      "geometry": {
        "type": "Point",
        "coordinates": [
          121.187113,
          12.312539
        ]
      }
    },
    {
      "type": "Feature",
      "properties": {
        "id": 67,
        "name": "Turnout (left side)",
        "type": "Turnout",
        "Structure_Category": "Turnout (TO)",
        "canal_name": "LATERAL B",
        "station": "STA 3+311.0",
        "station_m": 3311,
        "offset_m": 2.05,
        "desc": "",
        "comment": "Tsag/IA name: Gamot Nicolas Bulo IA, Canal name: Lateral B, Lat. (N) 12*17'59.10\", Long (E) 121*11'50.10\",  Station # 3+311",
        "elevation_m": 18.78,
        "photo_filename": "DSC00203.jpg",
        "photo_path": "../DCIM/10GRMN/DSC00203.jpg",
        "surveyor_comment": "Tsag/IA name: Gamot Nicolas Bulo IA, Canal name: Lateral B, Lat. (N) 12*17'59.10\", Long (E) 121*11'50.10\", Station # 3+311",
        "survey_date": "2023-3-22",
        "station_source": "Native (Survey / POW)",
        "native_station": "Station # 3+311"
      },
      "geometry": {
        "type": "Point",
        "coordinates": [
          121.197251,
          12.299756
        ]
      }
    },
    {
      "type": "Feature",
      "properties": {
        "id": 265,
        "name": "Head Gate",
        "type": "Head Gate",
        "Structure_Category": "Head Gate",
        "canal_name": "LATERAL B (FLUME)",
        "station": "STA 0+000.0",
        "station_m": 0,
        "offset_m": 0.06,
        "desc": "",
        "comment": "Tsag/IA name: Gamot Nicolas Bulo IA, Canal name: Lateral B, Lat. (N) 12*18'39.27\", Long (E) 121*11'20.73\", Station # 0+000",
        "elevation_m": 18.99,
        "photo_filename": "DSC00147.jpg",
        "photo_path": "../DCIM/1000GRMN/DSC00147.jpg",
        "surveyor_comment": "Tsag/IA name: Gamot Nicolas Bulo IA, Canal name: Lateral B, Lat. (N) 12*18'39.27\", Long (E) 121*11'20.73\", Station # 0+000",
        "survey_date": "2023-3-21",
        "station_source": "Native (Survey / POW)",
        "native_station": "Station # 0+000"
      },
      "geometry": {
        "type": "Point",
        "coordinates": [
          121.189093,
          12.310907
        ]
      }
    },
    {
      "type": "Feature",
      "properties": {
        "id": 73,
        "name": "Turnout (Left side)",
        "type": "Turnout",
        "Structure_Category": "Turnout (TO)",
        "canal_name": "LATERAL B",
        "station": "STA 3+950.0",
        "station_m": 3950,
        "offset_m": 2.15,
        "desc": "",
        "comment": "Tsag/IA name: Gamot Nicolas Bulo IA, Canal name: Lateral B, Lat. (N) 12*17'38.90\", Long (E) 121*11'48.0\",  Station # 3+950",
        "elevation_m": 6.25,
        "photo_filename": "DSC00212.jpg",
        "photo_path": "../DCIM/10GRMN/DSC00212.jpg",
        "surveyor_comment": "Tsag/IA name: Gamot Nicolas Bulo IA, Canal name: Lateral B, Lat. (N) 12*17'38.90\", Long (E) 121*11'48.0\", Station # 3+950",
        "survey_date": "2023-3-22",
        "station_source": "Native (Survey / POW)",
        "native_station": "Station # 3+950"
      },
      "geometry": {
        "type": "Point",
        "coordinates": [
          121.19666,
          12.294144
        ]
      }
    },
    {
      "type": "Feature",
      "properties": {
        "id": 103,
        "name": "Thresher crossing",
        "type": "Thresher Crossing",
        "Structure_Category": "Thresher Crossing",
        "canal_name": "LATERAL B2",
        "station": "STA 1+670.0",
        "station_m": 1670,
        "offset_m": 6.67,
        "desc": "",
        "comment": "Tsag/IA name: Gamot Nicolas Bulo IA, Canal name: Lateral B2, Lat. (N) 12*17'47.30\", Long (E) 121*11'20.90\",  Station # 1+670",
        "elevation_m": 12.23,
        "photo_filename": "DSC00260.jpg",
        "photo_path": "../DCIM/10GRMN/DSC00260.jpg",
        "surveyor_comment": "Tsag/IA name: Gamot Nicolas Bulo IA, Canal name: Lateral B2, Lat. (N) 12*17'47.30\", Long (E) 121*11'20.90\", Station # 1+670",
        "survey_date": "2023-3-29",
        "station_source": "Native (Survey / POW)",
        "native_station": "Station # 1+670"
      },
      "geometry": {
        "type": "Point",
        "coordinates": [
          121.189126,
          12.296461
        ]
      }
    },
    {
      "type": "Feature",
      "properties": {
        "id": 253,
        "name": "Partial flume",
        "type": "Flume",
        "Structure_Category": "Parshall Flume",
        "canal_name": "LATERAL B1-A",
        "station": "STA 0+017.0",
        "station_m": 17,
        "offset_m": 0.25,
        "desc": "",
        "comment": "Tsag/IA name: Inipitan calawag sibalat IA, Canal name: Lateral B1-A, Lat. (N) 12*18'10.12\", Long (E) 121*10'34.43\",  Station # 0+017 - 0+023, Remarks: Silted",
        "elevation_m": 22.51,
        "photo_filename": "DSC00133.jpg",
        "photo_path": "../DCIM/1000GRMN/DSC00133.jpg",
        "surveyor_comment": "Tsag/IA name: Inipitan calawag sibalat IA, Canal name: Lateral B1-A, Lat. (N) 12*18'10.12\", Long (E) 121*10'34.43\", Station # 0+017 - 0+023, Remarks: Silted",
        "survey_date": "2023-3-21",
        "station_source": "Native (Survey / POW)",
        "native_station": "Station # 0+017"
      },
      "geometry": {
        "type": "Point",
        "coordinates": [
          121.17623,
          12.302812
        ]
      }
    },
    {
      "type": "Feature",
      "properties": {
        "id": 127,
        "name": "Road crossing",
        "type": "Road Crossing",
        "Structure_Category": "Road Crossing",
        "canal_name": "LATERAL B1-1",
        "station": "STA 4+599.0",
        "station_m": 4599,
        "offset_m": 1.15,
        "desc": "",
        "comment": "Tsag/IA name: Inipitan calawag sibalat IA, Canal name: Lateral B1-1, Lat. (N) 12*16'51.40\", Long (E) 121*09'58.80\",  Station # 4+599 - 4+608.3, Remarks:",
        "elevation_m": -38.47,
        "photo_filename": "DSC00125.jpg",
        "photo_path": "../DCIM/10GRMN/DSC00125.jpg",
        "surveyor_comment": "Tsag/IA name: Inipitan calawag sibalat IA, Canal name: Lateral B1-1, Lat. (N) 12*16'51.40\", Long (E) 121*09'58.80\", Station # 4+599 - 4+608.3, Remarks:",
        "survey_date": "2023-3-3",
        "station_source": "Native (Survey / POW)",
        "native_station": "Station # 4+599"
      },
      "geometry": {
        "type": "Point",
        "coordinates": [
          121.166324,
          12.280953
        ]
      }
    },
    {
      "type": "Feature",
      "properties": {
        "id": 199,
        "name": "Road crossing",
        "type": "Road Crossing",
        "Structure_Category": "Road Crossing",
        "canal_name": "MAIN CANAL",
        "station": "STA 9+590.0",
        "station_m": 9590,
        "offset_m": 5.65,
        "desc": "",
        "comment": "Tsag/IA name: Gapasan IA, Canal name: Main Canal, Lat. (N) 12*18'28.17\", Long (E) 121*10'23.69\", Station # 9+590, Remarks:",
        "elevation_m": 20.31,
        "photo_filename": "DSC00072.jpg",
        "photo_path": "../DCIM/1000GRMN/DSC00072.jpg",
        "surveyor_comment": "Tsag/IA name: Gapasan IA, Canal name: Main Canal, Lat. (N) 12*18'28.17\", Long (E) 121*10'23.69\", Station # 9+590, Remarks:",
        "survey_date": "2023-3-2",
        "station_source": "Native (Survey / POW)",
        "native_station": "Station # 9+590"
      },
      "geometry": {
        "type": "Point",
        "coordinates": [
          121.173247,
          12.307825
        ]
      }
    },
    {
      "type": "Feature",
      "properties": {
        "id": 133,
        "name": "025",
        "type": "Other Structures",
        "Structure_Category": "Other Structures",
        "canal_name": "LATERAL B1-1",
        "station": "STA 5+902.8",
        "station_m": 5902.8,
        "offset_m": 4,
        "desc": "",
        "comment": "",
        "elevation_m": 7.55,
        "photo_filename": "DSC00135.jpg",
        "photo_path": "../DCIM/10GRMN/DSC00135.jpg",
        "surveyor_comment": null,
        "survey_date": "2023-3-3",
        "station_source": "Geometric Projection",
        "native_station": null
      },
      "geometry": {
        "type": "Point",
        "coordinates": [
          121.171596,
          12.271258
        ]
      }
    },
    {
      "type": "Feature",
      "properties": {
        "id": 295,
        "name": "Solar Pump",
        "type": "Waterpump",
        "Structure_Category": "Other Structures",
        "canal_name": "Off-Canal",
        "station": "STA 1+510.4",
        "station_m": 1510.39,
        "offset_m": 233.98,
        "desc": "",
        "comment": "Tsag/IA name: Gamot Nicolas Bulo IA, Canal name: Solar Pump, Lat. (N) 12*17'24.06\", Long (E) 121*10'57.83\",  Station #",
        "elevation_m": 23.53,
        "photo_filename": "DSC00182.jpg",
        "photo_path": "../DCIM/1000GRMN/DSC00182.jpg",
        "surveyor_comment": "Tsag/IA name: Gamot Nicolas Bulo IA, Canal name: Solar Pump, Lat. (N) 12*17'24.06\", Long (E) 121*10'57.83\", Station #",
        "survey_date": "2023-3-30",
        "station_source": "Geometric Projection",
        "native_station": null
      },
      "geometry": {
        "type": "Point",
        "coordinates": [
          121.18273,
          12.290168
        ]
      }
    },
    {
      "type": "Feature",
      "properties": {
        "id": 62,
        "name": "075",
        "type": "Other Structures",
        "Structure_Category": "Other Structures",
        "canal_name": "MAIN CANAL",
        "station": "STA 8+141.0",
        "station_m": 8141.03,
        "offset_m": 3.14,
        "desc": "",
        "comment": "Silted and damage canal",
        "elevation_m": 19.38,
        "photo_filename": "DSC00193.jpg",
        "photo_path": "../DCIM/10GRMN/DSC00193.jpg",
        "surveyor_comment": "Silted and damage canal",
        "survey_date": "2023-3-1",
        "station_source": "Geometric Projection",
        "native_station": null
      },
      "geometry": {
        "type": "Point",
        "coordinates": [
          121.176709,
          12.318437
        ]
      }
    },
    {
      "type": "Feature",
      "properties": {
        "id": 290,
        "name": "Combination of drop and road crossing",
        "type": "Drop",
        "Structure_Category": "Road Crossing",
        "canal_name": "SUPPLY CANAL",
        "station": "STA 0+170.0",
        "station_m": 170,
        "offset_m": 2.35,
        "desc": "",
        "comment": "Tsag/IA name: Purnaga IA, Canal name: Supply Canal, Lat. (N) 12*20'51.93.\", Long (E) 121*11'46.77\", Station # 0+170 - 0+175, Remarks: silted / for repair",
        "elevation_m": 30.59,
        "photo_filename": "DSC00174.jpg",
        "photo_path": "../DCIM/1000GRMN/DSC00174.jpg",
        "surveyor_comment": "Tsag/IA name: Purnaga IA, Canal name: Supply Canal, Lat. (N) 12*20'51.93.\", Long (E) 121*11'46.77\", Station # 0+170 - 0+175, Remarks: silted / for repair",
        "survey_date": "2023-3-30",
        "station_source": "Native (Survey / POW)",
        "native_station": "Station # 0+170"
      },
      "geometry": {
        "type": "Point",
        "coordinates": [
          121.196325,
          12.347619
        ]
      }
    },
    {
      "type": "Feature",
      "properties": {
        "id": 285,
        "name": "Inanggihan Intake",
        "type": "Intake",
        "Structure_Category": "Inlet",
        "canal_name": "SUPPLY CANAL",
        "station": "STA 0+000.0",
        "station_m": 0,
        "offset_m": 18.08,
        "desc": "",
        "comment": "Tsag/IA name: Purnaga IA, Canal name: Supply Canal, Lat. (N) 12*20'56.90\", Long (E) 121*11'46.67\", Station # 0+000, Remarks: for repair",
        "elevation_m": 28.37,
        "photo_filename": "DSC00169.jpg",
        "photo_path": "../DCIM/1000GRMN/DSC00169.jpg",
        "surveyor_comment": "Tsag/IA name: Purnaga IA, Canal name: Supply Canal, Lat. (N) 12*20'56.90\", Long (E) 121*11'46.67\", Station # 0+000, Remarks: for repair",
        "survey_date": "2023-3-30",
        "station_source": "Native (Survey / POW)",
        "native_station": "Station # 0+000"
      },
      "geometry": {
        "type": "Point",
        "coordinates": [
          121.196298,
          12.34914
        ]
      }
    },
    {
      "type": "Feature",
      "properties": {
        "id": 128,
        "name": "020",
        "type": "Other Structures",
        "Structure_Category": "Other Structures",
        "canal_name": "LATERAL B1-1",
        "station": "STA 4+591.6",
        "station_m": 4591.57,
        "offset_m": 1.92,
        "desc": "",
        "comment": "Replace dpwh delapidated",
        "elevation_m": -36.52,
        "photo_filename": "DSC00126.jpg",
        "photo_path": "../DCIM/10GRMN/DSC00126.jpg",
        "surveyor_comment": "Replace dpwh delapidated",
        "survey_date": "2023-3-3",
        "station_source": "Geometric Projection",
        "native_station": null
      },
      "geometry": {
        "type": "Point",
        "coordinates": [
          121.166293,
          12.280887
        ]
      }
    },
    {
      "type": "Feature",
      "properties": {
        "id": 170,
        "name": "037",
        "type": "Other Structures",
        "Structure_Category": "Other Structures",
        "canal_name": "LATERAL A",
        "station": "STA 4+161.0",
        "station_m": 4161,
        "offset_m": 5.42,
        "desc": "",
        "comment": "Damage Sta 4+161",
        "elevation_m": 15.57,
        "photo_filename": "DSC00036.jpg",
        "photo_path": "../DCIM/1000GRMN/DSC00036.jpg",
        "surveyor_comment": "Damage Sta 4+161",
        "survey_date": "2023-2-28",
        "station_source": "Native (Survey / POW)",
        "native_station": "Sta 4+161"
      },
      "geometry": {
        "type": "Point",
        "coordinates": [
          121.154618,
          12.300472
        ]
      }
    },
    {
      "type": "Feature",
      "properties": {
        "id": 224,
        "name": "090",
        "type": "Other Structures",
        "Structure_Category": "Other Structures",
        "canal_name": "MAIN CANAL",
        "station": "STA 14+959.8",
        "station_m": 14959.77,
        "offset_m": 10.38,
        "desc": "",
        "comment": "Damaged",
        "elevation_m": 9.35,
        "photo_filename": "DSC00100.jpg",
        "photo_path": "../DCIM/1000GRMN/DSC00100.jpg",
        "surveyor_comment": "Damaged",
        "survey_date": "2023-3-2",
        "station_source": "Geometric Projection",
        "native_station": null
      },
      "geometry": {
        "type": "Point",
        "coordinates": [
          121.153783,
          12.267319
        ]
      }
    },
    {
      "type": "Feature",
      "properties": {
        "id": 230,
        "name": "096",
        "type": "Other Structures",
        "Structure_Category": "Other Structures",
        "canal_name": "MAIN CANAL",
        "station": "STA 15+957.5",
        "station_m": 15957.51,
        "offset_m": 7.88,
        "desc": "",
        "comment": "",
        "elevation_m": 9.43,
        "photo_filename": "DSC00108.jpg",
        "photo_path": "../DCIM/1000GRMN/DSC00108.jpg",
        "surveyor_comment": null,
        "survey_date": "2023-3-2",
        "station_source": "Geometric Projection",
        "native_station": null
      },
      "geometry": {
        "type": "Point",
        "coordinates": [
          121.145732,
          12.263024
        ]
      }
    },
    {
      "type": "Feature",
      "properties": {
        "id": 236,
        "name": "103",
        "type": "Other Structures",
        "Structure_Category": "Other Structures",
        "canal_name": "LATERAL B",
        "station": "STA 0+059.5",
        "station_m": 59.54,
        "offset_m": 14.47,
        "desc": "",
        "comment": "No concrete",
        "elevation_m": 30.32,
        "photo_filename": "DSC00114.jpg",
        "photo_path": "../DCIM/1000GRMN/DSC00114.jpg",
        "surveyor_comment": "No concrete",
        "survey_date": "2023-3-2",
        "station_source": "Geometric Projection",
        "native_station": null
      },
      "geometry": {
        "type": "Point",
        "coordinates": [
          121.177253,
          12.318437
        ]
      }
    },
    {
      "type": "Feature",
      "properties": {
        "id": 248,
        "name": "115",
        "type": "Other Structures",
        "Structure_Category": "Other Structures",
        "canal_name": "LATERAL B",
        "station": "STA 2+027.9",
        "station_m": 2027.94,
        "offset_m": 1.41,
        "desc": "",
        "comment": "New road",
        "elevation_m": 22.38,
        "photo_filename": "DSC00127.jpg",
        "photo_path": "../DCIM/1000GRMN/DSC00127.jpg",
        "surveyor_comment": "New road",
        "survey_date": "2023-3-2",
        "station_source": "Geometric Projection",
        "native_station": null
      },
      "geometry": {
        "type": "Point",
        "coordinates": [
          121.191988,
          12.30853
        ]
      }
    },
    {
      "type": "Feature",
      "properties": {
        "id": 279,
        "name": "144",
        "type": "Other Structures",
        "Structure_Category": "Other Structures",
        "canal_name": "SUPPLY CANAL",
        "station": "STA 0+148.1",
        "station_m": 148.07,
        "offset_m": 3.64,
        "desc": "",
        "comment": "",
        "elevation_m": 31.68,
        "photo_filename": "DSC00163.jpg",
        "photo_path": "../DCIM/1000GRMN/DSC00163.jpg",
        "surveyor_comment": null,
        "survey_date": "2023-3-30",
        "station_source": "Geometric Projection",
        "native_station": null
      },
      "geometry": {
        "type": "Point",
        "coordinates": [
          121.196337,
          12.347639
        ]
      }
    },
    {
      "type": "Feature",
      "properties": {
        "id": 3,
        "name": "014",
        "type": "Other Structures",
        "Structure_Category": "Other Structures",
        "canal_name": "MAIN CANAL",
        "station": "STA 0+000.0",
        "station_m": 0,
        "offset_m": 23.91,
        "desc": "",
        "comment": "",
        "elevation_m": 41.49,
        "photo_filename": "DSC00118.jpg",
        "photo_path": "../../DCIM/10GRMN/DSC00118.jpg",
        "surveyor_comment": null,
        "survey_date": "2023-2-27",
        "station_source": "Geometric Projection",
        "native_station": null
      },
      "geometry": {
        "type": "Point",
        "coordinates": [
          121.193291,
          12.381624
        ]
      }
    },
    {
      "type": "Feature",
      "properties": {
        "id": 39,
        "name": "052",
        "type": "Other Structures",
        "Structure_Category": "Other Structures",
        "canal_name": "MAIN CANAL",
        "station": "STA 5+960.2",
        "station_m": 5960.18,
        "offset_m": 11.69,
        "desc": "",
        "comment": "Damage",
        "elevation_m": 20.98,
        "photo_filename": "DSC00169.jpg",
        "photo_path": "../DCIM/10GRMN/DSC00169.jpg",
        "surveyor_comment": "Damage",
        "survey_date": "2023-3-1",
        "station_source": "Geometric Projection",
        "native_station": null
      },
      "geometry": {
        "type": "Point",
        "coordinates": [
          121.183526,
          12.333525
        ]
      }
    },
    {
      "type": "Feature",
      "properties": {
        "id": 81,
        "name": "099",
        "type": "Other Structures",
        "Structure_Category": "Other Structures",
        "canal_name": "LATERAL B",
        "station": "STA 5+017.0",
        "station_m": 5016.98,
        "offset_m": 1.74,
        "desc": "",
        "comment": "",
        "elevation_m": 19.51,
        "photo_filename": "DSC00226.jpg",
        "photo_path": "../DCIM/10GRMN/DSC00226.jpg",
        "surveyor_comment": null,
        "survey_date": "2023-3-22",
        "station_source": "Geometric Projection",
        "native_station": null
      },
      "geometry": {
        "type": "Point",
        "coordinates": [
          121.19465,
          12.284626
        ]
      }
    },
    {
      "type": "Feature",
      "properties": {
        "id": 21,
        "name": "Combined Drop and Road Crossing",
        "type": "Drop",
        "Structure_Category": "Road Crossing",
        "canal_name": "MAIN CANAL",
        "station": "STA 2+989.9",
        "station_m": 2989.9,
        "offset_m": 4.55,
        "desc": "",
        "comment": "Tsag/IA name: Purnaga IA, Canal name: Main Canal, Lat. (N) 12*21'18.2\", Long (E) 121*11'26.8\", Station # 2+989.9 - 2.993.7",
        "elevation_m": 34.21,
        "photo_filename": "DSC00145.jpg",
        "photo_path": "../DCIM/10GRMN/DSC00145.jpg",
        "surveyor_comment": "Tsag/IA name: Purnaga IA, Canal name: Main Canal, Lat. (N) 12*21'18.2\", Long (E) 121*11'26.8\", Station # 2+989.9 - 2.993.7",
        "survey_date": "2023-2-28",
        "station_source": "Native (Survey / POW)",
        "native_station": "Station # 2+989.9"
      },
      "geometry": {
        "type": "Point",
        "coordinates": [
          121.190775,
          12.355048
        ]
      }
    },
    {
      "type": "Feature",
      "properties": {
        "id": 33,
        "name": "Siphon",
        "type": "Siphon",
        "Structure_Category": "Siphon",
        "canal_name": "MAIN CANAL",
        "station": "STA 4+802.0",
        "station_m": 4802,
        "offset_m": 3.49,
        "desc": "",
        "comment": "Tsag/IA name: Gapasan IA, Canal name: Main Canal, Lat. (N) 12*20'22.4.\", Long (E) 121*11'30.1\", Station # 4+802",
        "elevation_m": 18.61,
        "photo_filename": "DSC00160.jpg",
        "photo_path": "../DCIM/10GRMN/DSC00160.jpg",
        "surveyor_comment": "Tsag/IA name: Gapasan IA, Canal name: Main Canal, Lat. (N) 12*20'22.4.\", Long (E) 121*11'30.1\", Station # 4+802",
        "survey_date": "2023-3-1",
        "station_source": "Native (Survey / POW)",
        "native_station": "Station # 4+802"
      },
      "geometry": {
        "type": "Point",
        "coordinates": [
          121.191701,
          12.339694
        ]
      }
    },
    {
      "type": "Feature",
      "properties": {
        "id": 51,
        "name": "Turnout",
        "type": "Turnout",
        "Structure_Category": "Turnout (TO)",
        "canal_name": "MAIN CANAL",
        "station": "STA 7+242.0",
        "station_m": 7242,
        "offset_m": 8.79,
        "desc": "",
        "comment": "Tsag/IA name: Gapasan IA, Canal name: Main Canal, Lat. (N) 12*19'35.1\", Long (E) 121*10'38.8\", Station # 7+242, Remarks: For repair",
        "elevation_m": 22.88,
        "photo_filename": "DSC00182.jpg",
        "photo_path": "../DCIM/10GRMN/DSC00182.jpg",
        "surveyor_comment": "Tsag/IA name: Gapasan IA, Canal name: Main Canal, Lat. (N) 12*19'35.1\", Long (E) 121*10'38.8\", Station # 7+242, Remarks: For repair",
        "survey_date": "2023-3-1",
        "station_source": "Native (Survey / POW)",
        "native_station": "Station # 7+242"
      },
      "geometry": {
        "type": "Point",
        "coordinates": [
          121.177452,
          12.326426
        ]
      }
    },
    {
      "type": "Feature",
      "properties": {
        "id": 158,
        "name": "Double Turnout",
        "type": "Turnout",
        "Structure_Category": "Turnout (TO)",
        "canal_name": "LATERAL A",
        "station": "STA 2+200.0",
        "station_m": 2200,
        "offset_m": 2.68,
        "desc": "",
        "comment": "Tsag/IA name: Bugtong Buri IA, Canal name: Lateral A Canal, Lat. (N) 12*18'98.60.\", Long (E) 121*09'57.20\", Station # 2+200",
        "elevation_m": 12.25,
        "photo_filename": "DSC00021.jpg",
        "photo_path": "../../DCIM/1000GRMN/DSC00021.jpg",
        "surveyor_comment": "Tsag/IA name: Bugtong Buri IA, Canal name: Lateral A Canal, Lat. (N) 12*18'98.60.\", Long (E) 121*09'57.20\", Station # 2+200",
        "survey_date": "2023-2-27",
        "station_source": "Native (Survey / POW)",
        "native_station": "Station # 2+200"
      },
      "geometry": {
        "type": "Point",
        "coordinates": [
          121.159531,
          12.316445
        ]
      }
    },
    {
      "type": "Feature",
      "properties": {
        "id": 152,
        "name": "Drop Structure",
        "type": "Drop",
        "Structure_Category": "Other Structures",
        "canal_name": "LATERAL A",
        "station": "STA 0+755.0",
        "station_m": 755,
        "offset_m": 0.73,
        "desc": "",
        "comment": "Tsag/IA name: Bugtong Buri IA, Canal name: Lateral A Canal, Lat. (N) 12*19'42.08.\", Long (E) 121*10'20.07\", Station # 0+755",
        "elevation_m": 17.46,
        "photo_filename": "DSC00013.jpg",
        "photo_path": "../../DCIM/1000GRMN/DSC00013.jpg",
        "surveyor_comment": "Tsag/IA name: Bugtong Buri IA, Canal name: Lateral A Canal, Lat. (N) 12*19'42.08.\", Long (E) 121*10'20.07\", Station # 0+755",
        "survey_date": "2023-2-27",
        "station_source": "Native (Survey / POW)",
        "native_station": "Station # 0+755"
      },
      "geometry": {
        "type": "Point",
        "coordinates": [
          121.170014,
          12.323677
        ]
      }
    },
    {
      "type": "Feature",
      "properties": {
        "id": 164,
        "name": "Turnout (Left side)",
        "type": "Turnout",
        "Structure_Category": "Turnout (TO)",
        "canal_name": "LATERAL A",
        "station": "STA 3+335.0",
        "station_m": 3335,
        "offset_m": 5.07,
        "desc": "",
        "comment": "Tsag/IA name: Bugtong Buri IA, Canal name: Lateral A Canal, Lat. (N) 12*18'39.28\", Long (E) 121*09'55.15\", Station #3+335",
        "elevation_m": 13,
        "photo_filename": "DSC00028.jpg",
        "photo_path": "../../DCIM/1000GRMN/DSC00028.jpg",
        "surveyor_comment": "Tsag/IA name: Bugtong Buri IA, Canal name: Lateral A Canal, Lat. (N) 12*18'39.28\", Long (E) 121*09'55.15\", Station #3+335",
        "survey_date": "2023-2-27",
        "station_source": "Native (Survey / POW)",
        "native_station": "Station #3+335"
      },
      "geometry": {
        "type": "Point",
        "coordinates": [
          121.159204,
          12.306553
        ]
      }
    },
    {
      "type": "Feature",
      "properties": {
        "id": 182,
        "name": "Trapezoidal Canal",
        "type": "Other Structures",
        "Structure_Category": "Other Structures",
        "canal_name": "LATERAL A",
        "station": "STA 5+505.0",
        "station_m": 5505,
        "offset_m": 3.78,
        "desc": "",
        "comment": "Tsag/IA name: Bugtong Buri IA, Canal name: Lateral A Canal, Lat. (N) 12*17'26.72\", Long (E) 121*08'52.61\", Station #5+505",
        "elevation_m": 15.86,
        "photo_filename": "DSC00050.jpg",
        "photo_path": "../DCIM/1000GRMN/DSC00050.jpg",
        "surveyor_comment": "Tsag/IA name: Bugtong Buri IA, Canal name: Lateral A Canal, Lat. (N) 12*17'26.72\", Long (E) 121*08'52.61\", Station #5+505",
        "survey_date": "2023-2-28",
        "station_source": "Native (Survey / POW)",
        "native_station": "Station #5+505"
      },
      "geometry": {
        "type": "Point",
        "coordinates": [
          121.147946,
          12.290755
        ]
      }
    },
    {
      "type": "Feature",
      "properties": {
        "id": 57,
        "name": "Road Crossing",
        "type": "Road Crossing",
        "Structure_Category": "Road Crossing",
        "canal_name": "MAIN CANAL",
        "station": "STA 7+813.0",
        "station_m": 7813,
        "offset_m": 2.41,
        "desc": "",
        "comment": "Tsag/IA name: Gapasan IA, Canal name: Main Canal, Lat. (N) 12*19'18.4\", Long (E) 121*10'36.3\", Station # 7+813, Remarks: For repair and silted",
        "elevation_m": 22.5,
        "photo_filename": "DSC00188.jpg",
        "photo_path": "../DCIM/10GRMN/DSC00188.jpg",
        "surveyor_comment": "Tsag/IA name: Gapasan IA, Canal name: Main Canal, Lat. (N) 12*19'18.4\", Long (E) 121*10'36.3\", Station # 7+813, Remarks: For repair and silted",
        "survey_date": "2023-3-1",
        "station_source": "Native (Survey / POW)",
        "native_station": "Station # 7+813"
      },
      "geometry": {
        "type": "Point",
        "coordinates": [
          121.17675,
          12.32178
        ]
      }
    },
    {
      "type": "Feature",
      "properties": {
        "id": 266,
        "name": "Barrel",
        "type": "Other Structures",
        "Structure_Category": "Other Structures",
        "canal_name": "LATERAL B (FLUME)",
        "station": "STA 0+000.0",
        "station_m": 0,
        "offset_m": 0.53,
        "desc": "",
        "comment": "Tsag/IA name: Gamot Nicolas Bulo IA, Canal name: Lateral B (Flume), Lat. (N) 12*18'39.35\", Long (E) 121*11'20.77\", Station # 0+000 -0+006, Remarks: Silted",
        "elevation_m": 18.73,
        "photo_filename": "DSC00148.jpg",
        "photo_path": "../DCIM/1000GRMN/DSC00148.jpg",
        "surveyor_comment": "Tsag/IA name: Gamot Nicolas Bulo IA, Canal name: Lateral B (Flume), Lat. (N) 12*18'39.35\", Long (E) 121*11'20.77\", Station # 0+000 -0+006, Remarks: Silted",
        "survey_date": "2023-3-21",
        "station_source": "Native (Survey / POW)",
        "native_station": "Station # 0+000"
      },
      "geometry": {
        "type": "Point",
        "coordinates": [
          121.189103,
          12.310932
        ]
      }
    },
    {
      "type": "Feature",
      "properties": {
        "id": 68,
        "name": "Thresher crossing",
        "type": "Thresher Crossing",
        "Structure_Category": "Thresher Crossing",
        "canal_name": "LATERAL B",
        "station": "STA 3+312.0",
        "station_m": 3312,
        "offset_m": 2.66,
        "desc": "",
        "comment": "Tsag/IA name: Gamot Nicolas Bulo IA, Canal name: Lateral B, Lat. (N) 12*17'58.90\", Long (E) 121*11'50.10\",  Station # 3+312, Remarks: for repair and silted",
        "elevation_m": 18.74,
        "photo_filename": "DSC00205.jpg",
        "photo_path": "../DCIM/10GRMN/DSC00205.jpg",
        "surveyor_comment": "Tsag/IA name: Gamot Nicolas Bulo IA, Canal name: Lateral B, Lat. (N) 12*17'58.90\", Long (E) 121*11'50.10\", Station # 3+312, Remarks: for repair and silted",
        "survey_date": "2023-3-22",
        "station_source": "Native (Survey / POW)",
        "native_station": "Station # 3+312"
      },
      "geometry": {
        "type": "Point",
        "coordinates": [
          121.197249,
          12.299706
        ]
      }
    },
    {
      "type": "Feature",
      "properties": {
        "id": 80,
        "name": "Turnout (Left side)",
        "type": "Turnout",
        "Structure_Category": "Turnout (TO)",
        "canal_name": "LATERAL B",
        "station": "STA 4+915.0",
        "station_m": 4915,
        "offset_m": 1.95,
        "desc": "",
        "comment": "Tsag/IA name: Gamot Nicolas Bulo IA, Canal name: Lateral B, Lat. (N) 12*17'08.0\", Long (E) 121*11'42.90\",  Station # 4+915, Remarks: for repair and silted",
        "elevation_m": 17.04,
        "photo_filename": "DSC00224.jpg",
        "photo_path": "../DCIM/10GRMN/DSC00224.jpg",
        "surveyor_comment": "Tsag/IA name: Gamot Nicolas Bulo IA, Canal name: Lateral B, Lat. (N) 12*17'08.0\", Long (E) 121*11'42.90\", Station # 4+915, Remarks: for repair and silted",
        "survey_date": "2023-3-22",
        "station_source": "Native (Survey / POW)",
        "native_station": "Station # 4+915"
      },
      "geometry": {
        "type": "Point",
        "coordinates": [
          121.195247,
          12.285563
        ]
      }
    },
    {
      "type": "Feature",
      "properties": {
        "id": 104,
        "name": "Elevated Flume",
        "type": "Flume",
        "Structure_Category": "Parshall Flume",
        "canal_name": "LATERAL B2",
        "station": "STA 1+700.0",
        "station_m": 1700,
        "offset_m": 6.3,
        "desc": "",
        "comment": "Tsag/IA name: Gamot Nicolas Bulo IA, Canal name: Lateral B2, Lat. (N) 12*17'47.20\", Long (E) 121*11'19.90\",  Station # 1+700",
        "elevation_m": 15.09,
        "photo_filename": "DSC00261.jpg",
        "photo_path": "../DCIM/10GRMN/DSC00261.jpg",
        "surveyor_comment": "Tsag/IA name: Gamot Nicolas Bulo IA, Canal name: Lateral B2, Lat. (N) 12*17'47.20\", Long (E) 121*11'19.90\", Station # 1+700",
        "survey_date": "2023-3-29",
        "station_source": "Native (Survey / POW)",
        "native_station": "Station # 1+700"
      },
      "geometry": {
        "type": "Point",
        "coordinates": [
          121.188868,
          12.296458
        ]
      }
    },
    {
      "type": "Feature",
      "properties": {
        "id": 92,
        "name": "Turnout (Left side)",
        "type": "Turnout",
        "Structure_Category": "Turnout (TO)",
        "canal_name": "LATERAL B2",
        "station": "STA 0+340.0",
        "station_m": 340,
        "offset_m": 3.57,
        "desc": "",
        "comment": "Tsag/IA name: Gamot Nicolas Bulo IA, Canal name: Lateral B2, Lat. (N) 12*18'17.70\", Long (E) 121*11'33.60\",  Station # 0+340",
        "elevation_m": 20.7,
        "photo_filename": "DSC00248.jpg",
        "photo_path": "../DCIM/10GRMN/DSC00248.jpg",
        "surveyor_comment": "Tsag/IA name: Gamot Nicolas Bulo IA, Canal name: Lateral B2, Lat. (N) 12*18'17.70\", Long (E) 121*11'33.60\", Station # 0+340",
        "survey_date": "2023-3-22",
        "station_source": "Native (Survey / POW)",
        "native_station": "Station # 0+340"
      },
      "geometry": {
        "type": "Point",
        "coordinates": [
          121.192662,
          12.304911
        ]
      }
    },
    {
      "type": "Feature",
      "properties": {
        "id": 254,
        "name": "Check gate and drop structure",
        "type": "Check Gate",
        "Structure_Category": "Head Gate",
        "canal_name": "LATERAL B1-A",
        "station": "STA 0+203.0",
        "station_m": 203,
        "offset_m": 2.26,
        "desc": "",
        "comment": "Tsag/IA name: Inipitan calawag sibalat IA, Canal name: Lateral B1-A, Lat. (N) 12*18'05.14\", Long (E) 121*10'37.34\",  Station # 0+203, Remarks: Silted",
        "elevation_m": 21.96,
        "photo_filename": "DSC00134.jpg",
        "photo_path": "../DCIM/1000GRMN/DSC00134.jpg",
        "surveyor_comment": "Tsag/IA name: Inipitan calawag sibalat IA, Canal name: Lateral B1-A, Lat. (N) 12*18'05.14\", Long (E) 121*10'37.34\", Station # 0+203, Remarks: Silted",
        "survey_date": "2023-3-21",
        "station_source": "Native (Survey / POW)",
        "native_station": "Station # 0+203"
      },
      "geometry": {
        "type": "Point",
        "coordinates": [
          121.177039,
          12.301427
        ]
      }
    },
    {
      "type": "Feature",
      "properties": {
        "id": 86,
        "name": "Combination of drop structure and thresher crossing",
        "type": "Drop",
        "Structure_Category": "Thresher Crossing",
        "canal_name": "Off-Canal",
        "station": "STA 0+495.0",
        "station_m": 495,
        "offset_m": 433.53,
        "desc": "",
        "comment": "Tsag/IA name: Inipitan calawag sibalat IA, Canal name: Lateral B1-1, Lat. (N) 12*16'28.04\", Long (E) 121*10'25.03\",  Station # 0+495, Remarks: For repair / silted",
        "elevation_m": 14.47,
        "photo_filename": "DSC00234.jpg",
        "photo_path": "../DCIM/10GRMN/DSC00234.jpg",
        "surveyor_comment": "Tsag/IA name: Inipitan calawag sibalat IA, Canal name: Lateral B1-1, Lat. (N) 12*16'28.04\", Long (E) 121*10'25.03\", Station # 0+495, Remarks: For repair / silted",
        "survey_date": "2023-3-22",
        "station_source": "Native (Survey / POW)",
        "native_station": "Station # 0+495"
      },
      "geometry": {
        "type": "Point",
        "coordinates": [
          121.173695,
          12.274552
        ]
      }
    },
    {
      "type": "Feature",
      "properties": {
        "id": 122,
        "name": "Earth canal",
        "type": "Other Structures",
        "Structure_Category": "Other Structures",
        "canal_name": "LATERAL B1-1",
        "station": "STA 2+999.0",
        "station_m": 2999,
        "offset_m": 1.37,
        "desc": "",
        "comment": "Tsag/IA name: Inipitan calawag IA, Canal name: Lateral B1-1, Lat. (N) 12*17'42.80\", Long (E) 121*10'03.90\",  Station # 2+999, Remarks: Delapidated",
        "elevation_m": -128.31,
        "photo_filename": "DSC00118.jpg",
        "photo_path": "../DCIM/10GRMN/DSC00118.jpg",
        "surveyor_comment": "Tsag/IA name: Inipitan calawag IA, Canal name: Lateral B1-1, Lat. (N) 12*17'42.80\", Long (E) 121*10'03.90\", Station # 2+999, Remarks: Delapidated",
        "survey_date": "2023-3-3",
        "station_source": "Native (Survey / POW)",
        "native_station": "Station # 2+999"
      },
      "geometry": {
        "type": "Point",
        "coordinates": [
          121.167608,
          12.295225
        ]
      }
    },
    {
      "type": "Feature",
      "properties": {
        "id": 194,
        "name": "Road crossing",
        "type": "Road Crossing",
        "Structure_Category": "Road Crossing",
        "canal_name": "MAIN CANAL",
        "station": "STA 8+600.0",
        "station_m": 8600,
        "offset_m": 2.63,
        "desc": "",
        "comment": "Tsag/IA name: Gapasan IA, Canal name: Main Canal, Lat. (N) 12*18'52.23\", Long (E) 121*10'36.0\", Station # 8+600",
        "elevation_m": 12.98,
        "photo_filename": "DSC00067.jpg",
        "photo_path": "../DCIM/1000GRMN/DSC00067.jpg",
        "surveyor_comment": "Tsag/IA name: Gapasan IA, Canal name: Main Canal, Lat. (N) 12*18'52.23\", Long (E) 121*10'36.0\", Station # 8+600",
        "survey_date": "2023-3-2",
        "station_source": "Native (Survey / POW)",
        "native_station": "Station # 8+600"
      },
      "geometry": {
        "type": "Point",
        "coordinates": [
          121.176666,
          12.314509
        ]
      }
    },
    {
      "type": "Feature",
      "properties": {
        "id": 206,
        "name": "Road crossing",
        "type": "Road Crossing",
        "Structure_Category": "Road Crossing",
        "canal_name": "MAIN CANAL",
        "station": "STA 11+196.0",
        "station_m": 11196,
        "offset_m": 6.22,
        "desc": "",
        "comment": "Tsag/IA name: Gapasan IA, Canal name: Main Canal, Lat. (N) 12*17'46.92\", Long (E) 121*09'50.62\", Station # 11+196 - 215",
        "elevation_m": 19.24,
        "photo_filename": "DSC00080.jpg",
        "photo_path": "../DCIM/1000GRMN/DSC00080.jpg",
        "surveyor_comment": "Tsag/IA name: Gapasan IA, Canal name: Main Canal, Lat. (N) 12*17'46.92\", Long (E) 121*09'50.62\", Station # 11+196 - 215",
        "survey_date": "2023-3-2",
        "station_source": "Native (Survey / POW)",
        "native_station": "Station # 11+196"
      },
      "geometry": {
        "type": "Point",
        "coordinates": [
          121.164062,
          12.296921
        ]
      }
    },
    {
      "type": "Feature",
      "properties": {
        "id": 225,
        "name": "Thresher crossing comb. turnout",
        "type": "Thresher Crossing",
        "Structure_Category": "Thresher Crossing",
        "canal_name": "MAIN CANAL",
        "station": "STA 15+586.0",
        "station_m": 15586,
        "offset_m": 5.19,
        "desc": "",
        "comment": "Tsag/IA name: Cabag Genaro IA, Canal name: Main Canal, Lat. (N) 12*15'53.28\", Long (E) 121*08'58.27\", Station # 15+586, Remarks: Damaged turnout (right side)",
        "elevation_m": 8.74,
        "photo_filename": "DSC00103.jpg",
        "photo_path": "../DCIM/1000GRMN/DSC00103.jpg",
        "surveyor_comment": "Tsag/IA name: Cabag Genaro IA, Canal name: Main Canal, Lat. (N) 12*15'53.28\", Long (E) 121*08'58.27\", Station # 15+586, Remarks: Damaged turnout (right side)",
        "survey_date": "2023-3-2",
        "station_source": "Native (Survey / POW)",
        "native_station": "Station # 15+586"
      },
      "geometry": {
        "type": "Point",
        "coordinates": [
          121.149519,
          12.2648
        ]
      }
    },
    {
      "type": "Feature",
      "properties": {
        "id": 291,
        "name": "Road crossing",
        "type": "Road Crossing",
        "Structure_Category": "Road Crossing",
        "canal_name": "SUPPLY CANAL",
        "station": "STA 0+718.0",
        "station_m": 718,
        "offset_m": 4.44,
        "desc": "",
        "comment": "Tsag/IA name: Purnaga IA, Canal name: Supply Canal, Lat. (N) 12*20'37.37.\", Long (E) 121*11'39.28\", Station # 0+718 - 0+722, Remarks: for repair /silted",
        "elevation_m": 33.08,
        "photo_filename": "DSC00176.jpg",
        "photo_path": "../DCIM/1000GRMN/DSC00176.jpg",
        "surveyor_comment": "Tsag/IA name: Purnaga IA, Canal name: Supply Canal, Lat. (N) 12*20'37.37.\", Long (E) 121*11'39.28\", Station # 0+718 - 0+722, Remarks: for repair /silted",
        "survey_date": "2023-3-30",
        "station_source": "Native (Survey / POW)",
        "native_station": "Station # 0+718"
      },
      "geometry": {
        "type": "Point",
        "coordinates": [
          121.194245,
          12.343714
        ]
      }
    },
    {
      "type": "Feature",
      "properties": {
        "id": 135,
        "name": "027",
        "type": "Other Structures",
        "Structure_Category": "Other Structures",
        "canal_name": "LATERAL B1-1",
        "station": "STA 6+248.2",
        "station_m": 6248.25,
        "offset_m": 0.66,
        "desc": "",
        "comment": "No earth canal",
        "elevation_m": 8.68,
        "photo_filename": "DSC00140.jpg",
        "photo_path": "../DCIM/10GRMN/DSC00140.jpg",
        "surveyor_comment": "No earth canal",
        "survey_date": "2023-3-3",
        "station_source": "Geometric Projection",
        "native_station": null
      },
      "geometry": {
        "type": "Point",
        "coordinates": [
          121.173892,
          12.269117
        ]
      }
    },
    {
      "type": "Feature",
      "properties": {
        "id": 141,
        "name": "008",
        "type": "Other Structures",
        "Structure_Category": "Other Structures",
        "canal_name": "LATERAL A",
        "station": "STA 0+005.5",
        "station_m": 5.45,
        "offset_m": 3.61,
        "desc": "",
        "comment": "",
        "elevation_m": 24.73,
        "photo_filename": "",
        "photo_path": "../../DCIM/1000GRMN/",
        "surveyor_comment": null,
        "survey_date": "2023-2-27",
        "station_source": "Geometric Projection",
        "native_station": null
      },
      "geometry": {
        "type": "Point",
        "coordinates": [
          121.176753,
          12.325137
        ]
      }
    },
    {
      "type": "Feature",
      "properties": {
        "id": 177,
        "name": "DSC00044",
        "type": "Other Structures",
        "Structure_Category": "Other Structures",
        "canal_name": "LATERAL A",
        "station": "STA 4+720.9",
        "station_m": 4720.94,
        "offset_m": 5,
        "desc": "",
        "comment": "",
        "elevation_m": 9.12,
        "photo_filename": "DSC00044.jpg",
        "photo_path": "../DCIM/1000GRMN/DSC00044.jpg",
        "surveyor_comment": null,
        "survey_date": "2023-2-28",
        "station_source": "Geometric Projection",
        "native_station": null
      },
      "geometry": {
        "type": "Point",
        "coordinates": [
          121.151743,
          12.297146
        ]
      }
    },
    {
      "type": "Feature",
      "properties": {
        "id": 189,
        "name": "055",
        "type": "Other Structures",
        "Structure_Category": "Other Structures",
        "canal_name": "LATERAL A",
        "station": "STA 5+593.0",
        "station_m": 5593,
        "offset_m": 4.87,
        "desc": "",
        "comment": "5+593 Delapid",
        "elevation_m": 14.11,
        "photo_filename": "DSC00060.jpg",
        "photo_path": "../DCIM/1000GRMN/DSC00060.jpg",
        "surveyor_comment": "5+593 Delapid",
        "survey_date": "2023-2-28",
        "station_source": "Native (Survey / POW)",
        "native_station": "5+593"
      },
      "geometry": {
        "type": "Point",
        "coordinates": [
          121.145203,
          12.282513
        ]
      }
    },
    {
      "type": "Feature",
      "properties": {
        "id": 207,
        "name": "073",
        "type": "Other Structures",
        "Structure_Category": "Other Structures",
        "canal_name": "MAIN CANAL",
        "station": "STA 11+421.1",
        "station_m": 11421.12,
        "offset_m": 10.19,
        "desc": "",
        "comment": "Damage",
        "elevation_m": 21.06,
        "photo_filename": "DSC00081.jpg",
        "photo_path": "../DCIM/1000GRMN/DSC00081.jpg",
        "surveyor_comment": "Damage",
        "survey_date": "2023-3-2",
        "station_source": "Geometric Projection",
        "native_station": null
      },
      "geometry": {
        "type": "Point",
        "coordinates": [
          121.16305,
          12.294575
        ]
      }
    },
    {
      "type": "Feature",
      "properties": {
        "id": 249,
        "name": "116",
        "type": "Other Structures",
        "Structure_Category": "Other Structures",
        "canal_name": "LATERAL B",
        "station": "STA 2+150.2",
        "station_m": 2150.2,
        "offset_m": 1.58,
        "desc": "",
        "comment": "New rd xing",
        "elevation_m": 26.83,
        "photo_filename": "DSC00128.jpg",
        "photo_path": "../DCIM/1000GRMN/DSC00128.jpg",
        "surveyor_comment": "New rd xing",
        "survey_date": "2023-3-2",
        "station_source": "Geometric Projection",
        "native_station": null
      },
      "geometry": {
        "type": "Point",
        "coordinates": [
          121.192886,
          12.307865
        ]
      }
    },
    {
      "type": "Feature",
      "properties": {
        "id": 280,
        "name": "145",
        "type": "Other Structures",
        "Structure_Category": "Other Structures",
        "canal_name": "SUPPLY CANAL",
        "station": "STA 0+143.1",
        "station_m": 143.07,
        "offset_m": 4.53,
        "desc": "",
        "comment": "",
        "elevation_m": 31.3,
        "photo_filename": "DSC00164.jpg",
        "photo_path": "../DCIM/1000GRMN/DSC00164.jpg",
        "surveyor_comment": null,
        "survey_date": "2023-3-30",
        "station_source": "Geometric Projection",
        "native_station": null
      },
      "geometry": {
        "type": "Point",
        "coordinates": [
          121.196344,
          12.347686
        ]
      }
    },
    {
      "type": "Feature",
      "properties": {
        "id": 286,
        "name": "151",
        "type": "Other Structures",
        "Structure_Category": "Other Structures",
        "canal_name": "SUPPLY CANAL",
        "station": "STA 0+000.0",
        "station_m": 0,
        "offset_m": 19.26,
        "desc": "",
        "comment": "",
        "elevation_m": 32.48,
        "photo_filename": "DSC00170.jpg",
        "photo_path": "../DCIM/1000GRMN/DSC00170.jpg",
        "surveyor_comment": null,
        "survey_date": "2023-3-30",
        "station_source": "Geometric Projection",
        "native_station": null
      },
      "geometry": {
        "type": "Point",
        "coordinates": [
          121.196305,
          12.34915
        ]
      }
    },
    {
      "type": "Feature",
      "properties": {
        "id": 82,
        "name": "100",
        "type": "Other Structures",
        "Structure_Category": "Other Structures",
        "canal_name": "LATERAL B",
        "station": "STA 5+080.5",
        "station_m": 5080.46,
        "offset_m": 1.76,
        "desc": "",
        "comment": "",
        "elevation_m": 19.68,
        "photo_filename": "DSC00227.jpg",
        "photo_path": "../DCIM/10GRMN/DSC00227.jpg",
        "surveyor_comment": null,
        "survey_date": "2023-3-22",
        "station_source": "Geometric Projection",
        "native_station": null
      },
      "geometry": {
        "type": "Point",
        "coordinates": [
          121.194352,
          12.284132
        ]
      }
    },
    {
      "type": "Feature",
      "properties": {
        "id": 34,
        "name": "Road Crossing",
        "type": "Road Crossing",
        "Structure_Category": "Road Crossing",
        "canal_name": "MAIN CANAL",
        "station": "STA 5+001.0",
        "station_m": 5001,
        "offset_m": 3.56,
        "desc": "",
        "comment": "Tsag/IA name: Gapasan IA, Canal name: Main Canal, Lat. (N) 12*20'17.7.\", Long (E) 121*11'28.8\", Station # 5+001",
        "elevation_m": 22.38,
        "photo_filename": "DSC00161.jpg",
        "photo_path": "../DCIM/10GRMN/DSC00161.jpg",
        "surveyor_comment": "Tsag/IA name: Gapasan IA, Canal name: Main Canal, Lat. (N) 12*20'17.7.\", Long (E) 121*11'28.8\", Station # 5+001",
        "survey_date": "2023-3-1",
        "station_source": "Native (Survey / POW)",
        "native_station": "Station # 5+001"
      },
      "geometry": {
        "type": "Point",
        "coordinates": [
          121.191328,
          12.338258
        ]
      }
    },
    {
      "type": "Feature",
      "properties": {
        "id": 292,
        "name": "End of Canal Lining",
        "type": "Other Structures",
        "Structure_Category": "Other Structures",
        "canal_name": "SUPPLY CANAL",
        "station": "STA 1+085.0",
        "station_m": 1085,
        "offset_m": 17.13,
        "desc": "",
        "comment": "Tsag/IA name: Purnaga IA, Canal name: Supply Canal, Lat. (N) 12*20'29.35.\", Long (E) 121*11'31.11\", Station # 1+085",
        "elevation_m": 36.5,
        "photo_filename": "DSC00178.jpg",
        "photo_path": "../DCIM/1000GRMN/DSC00178.jpg",
        "surveyor_comment": "Tsag/IA name: Purnaga IA, Canal name: Supply Canal, Lat. (N) 12*20'29.35.\", Long (E) 121*11'31.11\", Station # 1+085",
        "survey_date": "2023-3-30",
        "station_source": "Native (Survey / POW)",
        "native_station": "Station # 1+085"
      },
      "geometry": {
        "type": "Point",
        "coordinates": [
          121.191975,
          12.341487
        ]
      }
    },
    {
      "type": "Feature",
      "properties": {
        "id": 46,
        "name": "Road Crossing",
        "type": "Road Crossing",
        "Structure_Category": "Road Crossing",
        "canal_name": "MAIN CANAL",
        "station": "STA 6+623.0",
        "station_m": 6623,
        "offset_m": 3.08,
        "desc": "",
        "comment": "Tsag/IA name: Gapasan IA, Canal name: Main Canal, Lat. (N) 12*19'42.0.\", Long (E) 121*10'55.0\", Station # 6+623",
        "elevation_m": 25.94,
        "photo_filename": "DSC00177.jpg",
        "photo_path": "../DCIM/10GRMN/DSC00177.jpg",
        "surveyor_comment": "Tsag/IA name: Gapasan IA, Canal name: Main Canal, Lat. (N) 12*19'42.0.\", Long (E) 121*10'55.0\", Station # 6+623",
        "survey_date": "2023-3-1",
        "station_source": "Native (Survey / POW)",
        "native_station": "Station # 6+623"
      },
      "geometry": {
        "type": "Point",
        "coordinates": [
          121.181951,
          12.328325
        ]
      }
    },
    {
      "type": "Feature",
      "properties": {
        "id": 147,
        "name": "Road Crossing",
        "type": "Road Crossing",
        "Structure_Category": "Road Crossing",
        "canal_name": "LATERAL A",
        "station": "STA 0+240.0",
        "station_m": 240,
        "offset_m": 3.22,
        "desc": "",
        "comment": "Tsag/IA name: Bugtong Buri IA, Canal name: Lateral A Canal, Lat. (N) 12*19'49.98.\", Long (E) 121*10'47.50\", Station # 0+240 - 0+243",
        "elevation_m": 23.65,
        "photo_filename": "DSC00007.jpg",
        "photo_path": "../../DCIM/1000GRMN/DSC00007.jpg",
        "surveyor_comment": "Tsag/IA name: Bugtong Buri IA, Canal name: Lateral A Canal, Lat. (N) 12*19'49.98.\", Long (E) 121*10'47.50\", Station # 0+240 - 0+243",
        "survey_date": "2023-2-27",
        "station_source": "Native (Survey / POW)",
        "native_station": "Station # 0+240"
      },
      "geometry": {
        "type": "Point",
        "coordinates": [
          121.17456,
          12.325003
        ]
      }
    },
    {
      "type": "Feature",
      "properties": {
        "id": 159,
        "name": "Double Turnout",
        "type": "Turnout",
        "Structure_Category": "Turnout (TO)",
        "canal_name": "LATERAL A",
        "station": "STA 2+214.0",
        "station_m": 2214,
        "offset_m": 0.64,
        "desc": "",
        "comment": "Tsag/IA name: Bugtong Buri IA, Canal name: Lateral A Canal, Lat. (N) 12*18'99.41\", Long (E) 121*09'56.83\", Station # 2+214",
        "elevation_m": 12.65,
        "photo_filename": "DSC00022.jpg",
        "photo_path": "../../DCIM/1000GRMN/DSC00022.jpg",
        "surveyor_comment": "Tsag/IA name: Bugtong Buri IA, Canal name: Lateral A Canal, Lat. (N) 12*18'99.41\", Long (E) 121*09'56.83\", Station # 2+214",
        "survey_date": "2023-2-27",
        "station_source": "Native (Survey / POW)",
        "native_station": "Station # 2+214"
      },
      "geometry": {
        "type": "Point",
        "coordinates": [
          121.159471,
          12.316407
        ]
      }
    },
    {
      "type": "Feature",
      "properties": {
        "id": 171,
        "name": "Turnout",
        "type": "Turnout",
        "Structure_Category": "Turnout (TO)",
        "canal_name": "LATERAL A",
        "station": "STA 4+191.0",
        "station_m": 4191,
        "offset_m": 2.22,
        "desc": "",
        "comment": "Tsag/IA name: Bugtong Buri IA, Canal name: Lateral A Canal, Lat. (N) 12*18'00.91.\", Long (E) 121*09'15.92\", Station #4+191",
        "elevation_m": 16.2,
        "photo_filename": "DSC00037.jpg",
        "photo_path": "../DCIM/1000GRMN/DSC00037.jpg",
        "surveyor_comment": "Tsag/IA name: Bugtong Buri IA, Canal name: Lateral A Canal, Lat. (N) 12*18'00.91.\", Long (E) 121*09'15.92\", Station #4+191",
        "survey_date": "2023-2-28",
        "station_source": "Native (Survey / POW)",
        "native_station": "Station #4+191"
      },
      "geometry": {
        "type": "Point",
        "coordinates": [
          121.154423,
          12.300252
        ]
      }
    },
    {
      "type": "Feature",
      "properties": {
        "id": 58,
        "name": "Turnout",
        "type": "Turnout",
        "Structure_Category": "Turnout (TO)",
        "canal_name": "MAIN CANAL",
        "station": "STA 8+180.0",
        "station_m": 8180,
        "offset_m": 2.42,
        "desc": "",
        "comment": "Tsag/IA name: Gapasan IA, Canal name: Main Canal, Lat. (N) 12*19'\", Long (E) 121*10'\", Station # 8+180, Remarks: Silted",
        "elevation_m": 21.75,
        "photo_filename": "DSC00189.jpg",
        "photo_path": "../DCIM/10GRMN/DSC00189.jpg",
        "surveyor_comment": "Tsag/IA name: Gapasan IA, Canal name: Main Canal, Lat. (N) 12*19'\", Long (E) 121*10'\", Station # 8+180, Remarks: Silted",
        "survey_date": "2023-3-1",
        "station_source": "Native (Survey / POW)",
        "native_station": "Station # 8+180"
      },
      "geometry": {
        "type": "Point",
        "coordinates": [
          121.176663,
          12.318561
        ]
      }
    },
    {
      "type": "Feature",
      "properties": {
        "id": 267,
        "name": "Treasher crossing",
        "type": "Thresher Crossing",
        "Structure_Category": "Thresher Crossing",
        "canal_name": "LATERAL B (FLUME)",
        "station": "STA 0+055.0",
        "station_m": 55,
        "offset_m": 3.13,
        "desc": "",
        "comment": "Tsag/IA name: Gamot Nicolas Bulo IA, Canal name: Lateral B (Flume), Lat. (N) 12*18'39.95\", Long (E) 121*11'22.30\", Station # 0+055 -0+060, Remarks: Silted",
        "elevation_m": 23.45,
        "photo_filename": "DSC00149.jpg",
        "photo_path": "../DCIM/1000GRMN/DSC00149.jpg",
        "surveyor_comment": "Tsag/IA name: Gamot Nicolas Bulo IA, Canal name: Lateral B (Flume), Lat. (N) 12*18'39.95\", Long (E) 121*11'22.30\", Station # 0+055 -0+060, Remarks: Silted",
        "survey_date": "2023-3-21",
        "station_source": "Native (Survey / POW)",
        "native_station": "Station # 0+055"
      },
      "geometry": {
        "type": "Point",
        "coordinates": [
          121.189529,
          12.311098
        ]
      }
    },
    {
      "type": "Feature",
      "properties": {
        "id": 88,
        "name": "Head Gate with Road Crossing",
        "type": "Head Gate",
        "Structure_Category": "Head Gate",
        "canal_name": "LATERAL B",
        "station": "STA 0+000.0",
        "station_m": 0,
        "offset_m": 3.3,
        "desc": "",
        "comment": "Tsag/IA name: Gamot Nicolas Bulo IA, Canal name: Lateral B2, Lat. (N) 12*18'28.6\", Long (E) 121*11'33.9\",  Station #0+000",
        "elevation_m": 19.63,
        "photo_filename": "DSC00241.jpg",
        "photo_path": "../DCIM/10GRMN/DSC00241.jpg",
        "surveyor_comment": "Tsag/IA name: Gamot Nicolas Bulo IA, Canal name: Lateral B2, Lat. (N) 12*18'28.6\", Long (E) 121*11'33.9\", Station #0+000",
        "survey_date": "2023-3-22",
        "station_source": "Native (Survey / POW)",
        "native_station": "Station #0+000"
      },
      "geometry": {
        "type": "Point",
        "coordinates": [
          121.192756,
          12.307938
        ]
      }
    },
    {
      "type": "Feature",
      "properties": {
        "id": 76,
        "name": "End of trapezoidal canal",
        "type": "Other Structures",
        "Structure_Category": "Other Structures",
        "canal_name": "LATERAL B",
        "station": "STA 4+330.0",
        "station_m": 4330,
        "offset_m": 3.79,
        "desc": "",
        "comment": "Tsag/IA name: Gamot Nicolas Bulo IA, Canal name: Lateral B, Lat. (N) 12*17'26.70\", Long (E) 121*11'47.50\",  Station # 4+330, Remarks: for repair and silted",
        "elevation_m": 4.15,
        "photo_filename": "DSC00219.jpg",
        "photo_path": "../DCIM/10GRMN/DSC00219.jpg",
        "surveyor_comment": "Tsag/IA name: Gamot Nicolas Bulo IA, Canal name: Lateral B, Lat. (N) 12*17'26.70\", Long (E) 121*11'47.50\", Station # 4+330, Remarks: for repair and silted",
        "survey_date": "2023-3-22",
        "station_source": "Native (Survey / POW)",
        "native_station": "Station # 4+330"
      },
      "geometry": {
        "type": "Point",
        "coordinates": [
          121.196533,
          12.290746
        ]
      }
    },
    {
      "type": "Feature",
      "properties": {
        "id": 99,
        "name": "Thresher crossing",
        "type": "Thresher Crossing",
        "Structure_Category": "Thresher Crossing",
        "canal_name": "LATERAL B2",
        "station": "STA 1+465.0",
        "station_m": 1465,
        "offset_m": 3.84,
        "desc": "",
        "comment": "Tsag/IA name: Gamot Nicolas Bulo IA, Canal name: Lateral B2, Lat. (N) 12*17'47.20\", Long (E) 121*11'27.3\",  Station # 1+465 - 1+469.5",
        "elevation_m": 14.68,
        "photo_filename": "DSC00256.jpg",
        "photo_path": "../DCIM/10GRMN/DSC00256.jpg",
        "surveyor_comment": "Tsag/IA name: Gamot Nicolas Bulo IA, Canal name: Lateral B2, Lat. (N) 12*17'47.20\", Long (E) 121*11'27.3\", Station # 1+465 - 1+469.5",
        "survey_date": "2023-3-29",
        "station_source": "Native (Survey / POW)",
        "native_station": "Station # 1+465"
      },
      "geometry": {
        "type": "Point",
        "coordinates": [
          121.190929,
          12.296444
        ]
      }
    },
    {
      "type": "Feature",
      "properties": {
        "id": 106,
        "name": "Elevated flume",
        "type": "Other Structures",
        "Structure_Category": "Parshall Flume",
        "canal_name": "LATERAL B2",
        "station": "STA 1+797.5",
        "station_m": 1797.5,
        "offset_m": 5.9,
        "desc": "",
        "comment": "Tsag/IA name: Gamot Nicolas Bulo IA, Canal name: Lateral B2, Lat. (N) 12*17'47.30\", Long (E) 121*11'16.60\",  Station # 1+797.5 - 1+801.5",
        "elevation_m": 15.09,
        "photo_filename": "DSC00263.jpg",
        "photo_path": "../DCIM/10GRMN/DSC00263.jpg",
        "surveyor_comment": "Tsag/IA name: Gamot Nicolas Bulo IA, Canal name: Lateral B2, Lat. (N) 12*17'47.30\", Long (E) 121*11'16.60\", Station # 1+797.5 - 1+801.5",
        "survey_date": "2023-3-29",
        "station_source": "Native (Survey / POW)",
        "native_station": "Station # 1+797.5"
      },
      "geometry": {
        "type": "Point",
        "coordinates": [
          121.187954,
          12.296486
        ]
      }
    },
    {
      "type": "Feature",
      "properties": {
        "id": 94,
        "name": "Turnout (Both side)",
        "type": "Turnout",
        "Structure_Category": "Turnout (TO)",
        "canal_name": "LATERAL B2",
        "station": "STA 0+365.0",
        "station_m": 365,
        "offset_m": 2.76,
        "desc": "",
        "comment": "Tsag/IA name: Gamot Nicolas Bulo IA, Canal name: Lateral B2, Lat. (N) 12*18'16.80\", Long (E) 121*11'26.30\",  Station # 0+365",
        "elevation_m": 13.52,
        "photo_filename": "DSC00250.jpg",
        "photo_path": "../DCIM/10GRMN/DSC00250.jpg",
        "surveyor_comment": "Tsag/IA name: Gamot Nicolas Bulo IA, Canal name: Lateral B2, Lat. (N) 12*18'16.80\", Long (E) 121*11'26.30\", Station # 0+365",
        "survey_date": "2023-3-22",
        "station_source": "Native (Survey / POW)",
        "native_station": "Station # 0+365"
      },
      "geometry": {
        "type": "Point",
        "coordinates": [
          121.192625,
          12.304675
        ]
      }
    },
    {
      "type": "Feature",
      "properties": {
        "id": 255,
        "name": "Check structure and combined turnout",
        "type": "Check Structure",
        "Structure_Category": "Turnout (TO)",
        "canal_name": "LATERAL B1-A",
        "station": "STA 0+415.0",
        "station_m": 415,
        "offset_m": 1.64,
        "desc": "",
        "comment": "Tsag/IA name: Inipitan calawag sibalat IA, Canal name: Lateral B1-A, Lat. (N) 12*17'59.25\", Long (E) 121*10'40.98\",  Station # 0+415, Remarks: Silted / for repair",
        "elevation_m": 19.45,
        "photo_filename": "DSC00135.jpg",
        "photo_path": "../DCIM/1000GRMN/DSC00135.jpg",
        "surveyor_comment": "Tsag/IA name: Inipitan calawag sibalat IA, Canal name: Lateral B1-A, Lat. (N) 12*17'59.25\", Long (E) 121*10'40.98\", Station # 0+415, Remarks: Silted / for repair",
        "survey_date": "2023-3-21",
        "station_source": "Native (Survey / POW)",
        "native_station": "Station # 0+415"
      },
      "geometry": {
        "type": "Point",
        "coordinates": [
          121.17805,
          12.299791
        ]
      }
    },
    {
      "type": "Feature",
      "properties": {
        "id": 261,
        "name": "Road crossing with turnout",
        "type": "Road Crossing",
        "Structure_Category": "Road Crossing",
        "canal_name": "LATERAL B1-A",
        "station": "STA 1+696.0",
        "station_m": 1696,
        "offset_m": 1.56,
        "desc": "",
        "comment": "Tsag/IA name: Inipitan calawag sibalat IA, Canal name: Lateral B1-A, Lat. (N) 12*17'20.01\", Long (E) 121*10'41.05\",  Station # 1+696, Remarks:",
        "elevation_m": 14.14,
        "photo_filename": "DSC00143.jpg",
        "photo_path": "../DCIM/1000GRMN/DSC00143.jpg",
        "surveyor_comment": "Tsag/IA name: Inipitan calawag sibalat IA, Canal name: Lateral B1-A, Lat. (N) 12*17'20.01\", Long (E) 121*10'41.05\", Station # 1+696, Remarks:",
        "survey_date": "2023-3-21",
        "station_source": "Native (Survey / POW)",
        "native_station": "Station # 1+696"
      },
      "geometry": {
        "type": "Point",
        "coordinates": [
          121.180292,
          12.289114
        ]
      }
    },
    {
      "type": "Feature",
      "properties": {
        "id": 297,
        "name": "Solar pump",
        "type": "Waterpump",
        "Structure_Category": "Other Structures",
        "canal_name": "Off-Canal",
        "station": "STA 5+703.5",
        "station_m": 5703.54,
        "offset_m": 684.46,
        "desc": "",
        "comment": "Tsag/IA name: Sibalat IA, Canal name: Solar pump, Lat. (N) 12*16'00.32\", Long (E) 121*10'00.26\",  Station # , Remarks:",
        "elevation_m": 22.25,
        "photo_filename": "DSC00184.jpg",
        "photo_path": "../DCIM/1000GRMN/DSC00184.jpg",
        "surveyor_comment": "Tsag/IA name: Sibalat IA, Canal name: Solar pump, Lat. (N) 12*16'00.32\", Long (E) 121*10'00.26\", Station # , Remarks:",
        "survey_date": "2023-3-30",
        "station_source": "Geometric Projection",
        "native_station": null
      },
      "geometry": {
        "type": "Point",
        "coordinates": [
          121.166739,
          12.266756
        ]
      }
    },
    {
      "type": "Feature",
      "properties": {
        "id": 117,
        "name": "Thresher crossing",
        "type": "Thresher Crossing",
        "Structure_Category": "Thresher Crossing",
        "canal_name": "LATERAL B1-1",
        "station": "STA 2+086.0",
        "station_m": 2086,
        "offset_m": 2.58,
        "desc": "",
        "comment": "Tsag/IA name: Inipitan calawag Sibalat IA, Canal name: Lateral B1-1, Lat. (N) 12*18'03.09\", Long (E) 121*10'21.08\",  Station # 2+086, Remarks: silted",
        "elevation_m": 29.21,
        "photo_filename": "DSC00113.jpg",
        "photo_path": "../DCIM/10GRMN/DSC00113.jpg",
        "surveyor_comment": "Tsag/IA name: Inipitan calawag Sibalat IA, Canal name: Lateral B1-1, Lat. (N) 12*18'03.09\", Long (E) 121*10'21.08\", Station # 2+086, Remarks: silted",
        "survey_date": "2023-3-2",
        "station_source": "Native (Survey / POW)",
        "native_station": "Station # 2+086"
      },
      "geometry": {
        "type": "Point",
        "coordinates": [
          121.172716,
          12.301087
        ]
      }
    },
    {
      "type": "Feature",
      "properties": {
        "id": 64,
        "name": "Road crossing",
        "type": "Road Crossing",
        "Structure_Category": "Road Crossing",
        "canal_name": "MAIN CANAL",
        "station": "STA 9+091.0",
        "station_m": 9091,
        "offset_m": 9.41,
        "desc": "",
        "comment": "Tsag/IA name: Gapasan IA, Canal name: Main Canal, Lat. (N) 12*18'52.40\", Long (E) 121*10'31.2.0\", Station # 9+091, Remarks: for repair",
        "elevation_m": 17.9,
        "photo_filename": "DSC00195.jpg",
        "photo_path": "../DCIM/10GRMN/DSC00195.jpg",
        "surveyor_comment": "Tsag/IA name: Gapasan IA, Canal name: Main Canal, Lat. (N) 12*18'52.40\", Long (E) 121*10'31.2.0\", Station # 9+091, Remarks: for repair",
        "survey_date": "2023-3-1",
        "station_source": "Native (Survey / POW)",
        "native_station": "Station # 9+091"
      },
      "geometry": {
        "type": "Point",
        "coordinates": [
          121.176729,
          12.314542
        ]
      }
    },
    {
      "type": "Feature",
      "properties": {
        "id": 201,
        "name": "Road crossing and comb. Drop structure",
        "type": "Road Crossing",
        "Structure_Category": "Road Crossing",
        "canal_name": "MAIN CANAL",
        "station": "STA 10+099.0",
        "station_m": 10099,
        "offset_m": 2.54,
        "desc": "",
        "comment": "Tsag/IA name: Gapasan IA, Canal name: Main Canal, Lat. (N) 12*18'16.44\", Long (E) 121*10'12.55\", Station # 10+099",
        "elevation_m": 24.8,
        "photo_filename": "DSC00074.jpg",
        "photo_path": "../DCIM/1000GRMN/DSC00074.jpg",
        "surveyor_comment": "Tsag/IA name: Gapasan IA, Canal name: Main Canal, Lat. (N) 12*18'16.44\", Long (E) 121*10'12.55\", Station # 10+099",
        "survey_date": "2023-3-2",
        "station_source": "Native (Survey / POW)",
        "native_station": "Station # 10+099"
      },
      "geometry": {
        "type": "Point",
        "coordinates": [
          121.170153,
          12.304568
        ]
      }
    },
    {
      "type": "Feature",
      "properties": {
        "id": 118,
        "name": "010",
        "type": "Other Structures",
        "Structure_Category": "Other Structures",
        "canal_name": "LATERAL B1-1",
        "station": "STA 2+197.1",
        "station_m": 2197.1,
        "offset_m": 0.56,
        "desc": "",
        "comment": "",
        "elevation_m": 26.13,
        "photo_filename": "DSC00114.jpg",
        "photo_path": "../DCIM/10GRMN/DSC00114.jpg",
        "surveyor_comment": null,
        "survey_date": "2023-3-2",
        "station_source": "Geometric Projection",
        "native_station": null
      },
      "geometry": {
        "type": "Point",
        "coordinates": [
          121.171865,
          12.300604
        ]
      }
    },
    {
      "type": "Feature",
      "properties": {
        "id": 208,
        "name": "Turnout",
        "type": "Turnout",
        "Structure_Category": "Turnout (TO)",
        "canal_name": "MAIN CANAL",
        "station": "STA 11+483.0",
        "station_m": 11483,
        "offset_m": 11.01,
        "desc": "",
        "comment": "Tsag/IA name: Cabag Genaro IA, Canal name: Main Canal, Lat. (N) 12*17'40.36\", Long (E) 121*09'97.03\", Station # 11+483, Remarks: silted",
        "elevation_m": 20.26,
        "photo_filename": "DSC00082.jpg",
        "photo_path": "../DCIM/1000GRMN/DSC00082.jpg",
        "surveyor_comment": "Tsag/IA name: Cabag Genaro IA, Canal name: Main Canal, Lat. (N) 12*17'40.36\", Long (E) 121*09'97.03\", Station # 11+483, Remarks: silted",
        "survey_date": "2023-3-2",
        "station_source": "Native (Survey / POW)",
        "native_station": "Station # 11+483"
      },
      "geometry": {
        "type": "Point",
        "coordinates": [
          121.163065,
          12.294549
        ]
      }
    },
    {
      "type": "Feature",
      "properties": {
        "id": 232,
        "name": "Elevated flume",
        "type": "Flume",
        "Structure_Category": "Parshall Flume",
        "canal_name": "MAIN CANAL",
        "station": "STA 0+084.0",
        "station_m": 84,
        "offset_m": 64.62,
        "desc": "",
        "comment": "Tsag/IA name: Cabag Genaro IA, Canal name: Farm ditch mc, Lat. (N) 12*15'48.20\", Long (E) 121*08'41.84\", Station # 0+084 - 0+095, Remarks:",
        "elevation_m": 9.68,
        "photo_filename": "DSC00110.jpg",
        "photo_path": "../DCIM/1000GRMN/DSC00110.jpg",
        "surveyor_comment": "Tsag/IA name: Cabag Genaro IA, Canal name: Farm ditch mc, Lat. (N) 12*15'48.20\", Long (E) 121*08'41.84\", Station # 0+084 - 0+095, Remarks:",
        "survey_date": "2023-3-2",
        "station_source": "Native (Survey / POW)",
        "native_station": "Station # 0+084"
      },
      "geometry": {
        "type": "Point",
        "coordinates": [
          121.144955,
          12.263389
        ]
      }
    },
    {
      "type": "Feature",
      "properties": {
        "id": 220,
        "name": "Division box",
        "type": "Other Structures",
        "Structure_Category": "Other Structures",
        "canal_name": "MAIN CANAL",
        "station": "STA 14+078.0",
        "station_m": 14078,
        "offset_m": 1.95,
        "desc": "",
        "comment": "Tsag/IA name: Cabag Genaro IA, Canal name: Main Canal, Lat. (N) 12*16'23.04\", Long (E) 121*09'38.16\", Station # 14+078, Remarks: silted",
        "elevation_m": 27.22,
        "photo_filename": "DSC00096.jpg",
        "photo_path": "../DCIM/1000GRMN/DSC00096.jpg",
        "surveyor_comment": "Tsag/IA name: Cabag Genaro IA, Canal name: Main Canal, Lat. (N) 12*16'23.04\", Long (E) 121*09'38.16\", Station # 14+078, Remarks: silted",
        "survey_date": "2023-3-2",
        "station_source": "Native (Survey / POW)",
        "native_station": "Station # 14+078"
      },
      "geometry": {
        "type": "Point",
        "coordinates": [
          121.1606,
          12.273066
        ]
      }
    },
    {
      "type": "Feature",
      "properties": {
        "id": 178,
        "name": "044",
        "type": "Other Structures",
        "Structure_Category": "Other Structures",
        "canal_name": "LATERAL A",
        "station": "STA 4+891.0",
        "station_m": 4891,
        "offset_m": 2.13,
        "desc": "",
        "comment": "4+891 Damage",
        "elevation_m": 8.98,
        "photo_filename": "DSC00045.jpg",
        "photo_path": "../DCIM/1000GRMN/DSC00045.jpg",
        "surveyor_comment": "4+891 Damage",
        "survey_date": "2023-2-28",
        "station_source": "Native (Survey / POW)",
        "native_station": "4+891"
      },
      "geometry": {
        "type": "Point",
        "coordinates": [
          121.150157,
          12.295539
        ]
      }
    },
    {
      "type": "Feature",
      "properties": {
        "id": 202,
        "name": "068",
        "type": "Other Structures",
        "Structure_Category": "Other Structures",
        "canal_name": "MAIN CANAL",
        "station": "STA 10+418.9",
        "station_m": 10418.95,
        "offset_m": 4.95,
        "desc": "",
        "comment": "",
        "elevation_m": 22.96,
        "photo_filename": "DSC00075.jpg",
        "photo_path": "../DCIM/1000GRMN/DSC00075.jpg",
        "surveyor_comment": null,
        "survey_date": "2023-3-2",
        "station_source": "Geometric Projection",
        "native_station": null
      },
      "geometry": {
        "type": "Point",
        "coordinates": [
          121.167558,
          12.302164
        ]
      }
    },
    {
      "type": "Feature",
      "properties": {
        "id": 226,
        "name": "092",
        "type": "Other Structures",
        "Structure_Category": "Other Structures",
        "canal_name": "MAIN CANAL",
        "station": "STA 15+499.5",
        "station_m": 15499.5,
        "offset_m": 10.58,
        "desc": "",
        "comment": "",
        "elevation_m": 9.96,
        "photo_filename": "DSC00104.jpg",
        "photo_path": "../DCIM/1000GRMN/DSC00104.jpg",
        "surveyor_comment": null,
        "survey_date": "2023-3-2",
        "station_source": "Geometric Projection",
        "native_station": null
      },
      "geometry": {
        "type": "Point",
        "coordinates": [
          121.149553,
          12.264762
        ]
      }
    },
    {
      "type": "Feature",
      "properties": {
        "id": 250,
        "name": "117",
        "type": "Other Structures",
        "Structure_Category": "Other Structures",
        "canal_name": "LATERAL B",
        "station": "STA 2+297.0",
        "station_m": 2296.97,
        "offset_m": 2.87,
        "desc": "",
        "comment": "Endof new",
        "elevation_m": 26.57,
        "photo_filename": "DSC00129.jpg",
        "photo_path": "../DCIM/1000GRMN/DSC00129.jpg",
        "surveyor_comment": "Endof new",
        "survey_date": "2023-3-2",
        "station_source": "Geometric Projection",
        "native_station": null
      },
      "geometry": {
        "type": "Point",
        "coordinates": [
          121.19399,
          12.307101
        ]
      }
    },
    {
      "type": "Feature",
      "properties": {
        "id": 7,
        "name": "Combine check gate and Turn out",
        "type": "Check Gate",
        "Structure_Category": "Head Gate",
        "canal_name": "MAIN CANAL",
        "station": "STA 0+458.4",
        "station_m": 458.4,
        "offset_m": 0.86,
        "desc": "",
        "comment": "Tsag/IA name: Purnaga IA, Canal name: Main Canal, Lat. (N) 12*22'39.2\", Long (E) 121* 11' 40.4\" Station # 0+458.4",
        "elevation_m": 34.31,
        "photo_filename": "DSC00122.jpg",
        "photo_path": "../../DCIM/10GRMN/DSC00122.jpg",
        "surveyor_comment": "Tsag/IA name: Purnaga IA, Canal name: Main Canal, Lat. (N) 12*22'39.2\", Long (E) 121* 11' 40.4\" Station # 0+458.4",
        "survey_date": "2023-2-27",
        "station_source": "Native (Survey / POW)",
        "native_station": "Station # 0+458.4"
      },
      "geometry": {
        "type": "Point",
        "coordinates": [
          121.194474,
          12.377547
        ]
      }
    },
    {
      "type": "Feature",
      "properties": {
        "id": 9,
        "name": "Road Crossing with Inlet and combined drop",
        "type": "Road Crossing",
        "Structure_Category": "Road Crossing",
        "canal_name": "MAIN CANAL",
        "station": "STA 0+880.0",
        "station_m": 880,
        "offset_m": 2.22,
        "desc": "",
        "comment": "Tsag/IA name: Purnaga IA, Canal name: Main Canal, Lat. (N) 12*22'26.1\", Long (E) 121*11'40.6\", Station # 0+880 -0+885",
        "elevation_m": 34.45,
        "photo_filename": "DSC00125.jpg",
        "photo_path": "../../DCIM/10GRMN/DSC00125.jpg",
        "surveyor_comment": "Tsag/IA name: Purnaga IA, Canal name: Main Canal, Lat. (N) 12*22'26.1\", Long (E) 121*11'40.6\", Station # 0+880 -0+885",
        "survey_date": "2023-2-27",
        "station_source": "Native (Survey / POW)",
        "native_station": "Station # 0+880"
      },
      "geometry": {
        "type": "Point",
        "coordinates": [
          121.194558,
          12.373628
        ]
      }
    },
    {
      "type": "Feature",
      "properties": {
        "id": 1,
        "name": "Dam",
        "type": "Dam",
        "Structure_Category": "Diversion Dam / Weir",
        "canal_name": "MAIN CANAL",
        "station": "STA 0+000.0",
        "station_m": 0,
        "offset_m": 20.21,
        "desc": "",
        "comment": "Tsag/IA name: Purnaga IA, Canal name: Main Canal, Lat. (N) 12*22'53.9\", Long (E) 121*11'36\",  Station # 0+000.00",
        "elevation_m": 41.65,
        "photo_filename": "DSC00114.jpg",
        "photo_path": "../../DCIM/10GRMN/DSC00114.jpg",
        "surveyor_comment": "Tsag/IA name: Purnaga IA, Canal name: Main Canal, Lat. (N) 12*22'53.9\", Long (E) 121*11'36\", Station # 0+000.00",
        "survey_date": "2023-2-27",
        "station_source": "Native (Survey / POW)",
        "native_station": "Station # 0+000.00"
      },
      "geometry": {
        "type": "Point",
        "coordinates": [
          121.193335,
          12.381632
        ]
      }
    },
    {
      "type": "Feature",
      "properties": {
        "id": 10,
        "name": "Turnout - MC2",
        "type": "Turnout",
        "Structure_Category": "Turnout (TO)",
        "canal_name": "MAIN CANAL",
        "station": "STA 1+283.5",
        "station_m": 1283.5,
        "offset_m": 11.72,
        "desc": "",
        "comment": "Tsag/IA name: Purnaga IA, Canal name: Main Canal, Lat. (N) 12*22'11.9\", Long (E) 121*11'40.2\", Station # 1+283.5",
        "elevation_m": 31,
        "photo_filename": "DSC00126.jpg",
        "photo_path": "../../DCIM/10GRMN/DSC00126.jpg",
        "surveyor_comment": "Tsag/IA name: Purnaga IA, Canal name: Main Canal, Lat. (N) 12*22'11.9\", Long (E) 121*11'40.2\", Station # 1+283.5",
        "survey_date": "2024-2-27",
        "station_source": "Native (Survey / POW)",
        "native_station": "Station # 1+283.5"
      },
      "geometry": {
        "type": "Point",
        "coordinates": [
          121.194509,
          12.369982
        ]
      }
    },
    {
      "type": "Feature",
      "properties": {
        "id": 11,
        "name": "Road Crossing and Combined Drop",
        "type": "Road Crossing",
        "Structure_Category": "Road Crossing",
        "canal_name": "MAIN CANAL",
        "station": "STA 1+290.0",
        "station_m": 1290,
        "offset_m": 6.56,
        "desc": "",
        "comment": "Tsag/IA name: Purnaga IA, Canal name: Main Canal, Lat. (N) 12*22'11.4\", Long (E) 121*11'40.6\", Station # 1+290 - 1+299.5",
        "elevation_m": 29.86,
        "photo_filename": "DSC00128.jpg",
        "photo_path": "../../DCIM/10GRMN/DSC00128.jpg",
        "surveyor_comment": "Tsag/IA name: Purnaga IA, Canal name: Main Canal, Lat. (N) 12*22'11.4\", Long (E) 121*11'40.6\", Station # 1+290 - 1+299.5",
        "survey_date": "2023-2-27",
        "station_source": "Native (Survey / POW)",
        "native_station": "Station # 1+290"
      },
      "geometry": {
        "type": "Point",
        "coordinates": [
          121.194457,
          12.369838
        ]
      }
    },
    {
      "type": "Feature",
      "properties": {
        "id": 4,
        "name": "Intake",
        "type": "Intake",
        "Structure_Category": "Inlet",
        "canal_name": "MAIN CANAL",
        "station": "STA 0+009.0",
        "station_m": 9,
        "offset_m": 11.74,
        "desc": "",
        "comment": "Tsag/IA name: Purnaga IA, Canal name: Main Canal, Lat. (N) 12*22'53.9\", Long (E) 121*11'36.4\",  Station # 0+009.00",
        "elevation_m": 42.32,
        "photo_filename": "DSC00119.jpg",
        "photo_path": "../../DCIM/10GRMN/DSC00119.jpg",
        "surveyor_comment": "Tsag/IA name: Purnaga IA, Canal name: Main Canal, Lat. (N) 12*22'53.9\", Long (E) 121*11'36.4\", Station # 0+009.00",
        "survey_date": "2023-2-27",
        "station_source": "Native (Survey / POW)",
        "native_station": "Station # 0+009.00"
      },
      "geometry": {
        "type": "Point",
        "coordinates": [
          121.193444,
          12.381626
        ]
      }
    },
    {
      "type": "Feature",
      "properties": {
        "id": 5,
        "name": "Intake outlet",
        "type": "Outlet",
        "Structure_Category": "Inlet",
        "canal_name": "MAIN CANAL",
        "station": "STA 0+009.5",
        "station_m": 9.5,
        "offset_m": 6.35,
        "desc": "",
        "comment": "Tsag/IA name: Purnaga IA, Canal name: Main Canal, Lat. (N) 12*22'53.7\", Long. (E) 121*11'36.5\", Station # 0+009.50",
        "elevation_m": 37.81,
        "photo_filename": "DSC00120.jpg",
        "photo_path": "../../DCIM/10GRMN/DSC00120.jpg",
        "surveyor_comment": "Tsag/IA name: Purnaga IA, Canal name: Main Canal, Lat. (N) 12*22'53.7\", Long. (E) 121*11'36.5\", Station # 0+009.50",
        "survey_date": "2023-2-27",
        "station_source": "Native (Survey / POW)",
        "native_station": "Station # 0+009.50"
      },
      "geometry": {
        "type": "Point",
        "coordinates": [
          121.193479,
          12.381586
        ]
      }
    },
    {
      "type": "Feature",
      "properties": {
        "id": 13,
        "name": "Combined drop and road crossing",
        "type": "Road Crossing",
        "Structure_Category": "Road Crossing",
        "canal_name": "MAIN CANAL",
        "station": "STA 1+714.7",
        "station_m": 1714.7,
        "offset_m": 6.12,
        "desc": "",
        "comment": "Tsag/IA name: Purnaga IA, Canal name: Main Canal, Lat. (N) 12*21'57.8\", Long (E) 121*11'39.1\", Station # 1+714.7 - 1+719.4",
        "elevation_m": 25.47,
        "photo_filename": "DSC00131.jpg",
        "photo_path": "../../DCIM/10GRMN/DSC00131.jpg",
        "surveyor_comment": "Tsag/IA name: Purnaga IA, Canal name: Main Canal, Lat. (N) 12*21'57.8\", Long (E) 121*11'39.1\", Station # 1+714.7 - 1+719.4",
        "survey_date": "2023-2-27",
        "station_source": "Native (Survey / POW)",
        "native_station": "Station # 1+714.7"
      },
      "geometry": {
        "type": "Point",
        "coordinates": [
          121.194208,
          12.366065
        ]
      }
    },
    {
      "type": "Feature",
      "properties": {
        "id": 14,
        "name": "Turnout MC5",
        "type": "Turnout",
        "Structure_Category": "Turnout (TO)",
        "canal_name": "MAIN CANAL",
        "station": "STA 2+144.0",
        "station_m": 2144,
        "offset_m": 5.82,
        "desc": "",
        "comment": "Tsag/IA name: Purnaga IA, Canal name: Main Canal, Lat. (N) 12*21'44.2\", Long (E) 121*11'37.7\", Station # 2+144",
        "elevation_m": 22.88,
        "photo_filename": "DSC00132.jpg",
        "photo_path": "../../DCIM/10GRMN/DSC00132.jpg",
        "surveyor_comment": "Tsag/IA name: Purnaga IA, Canal name: Main Canal, Lat. (N) 12*21'44.2\", Long (E) 121*11'37.7\", Station # 2+144",
        "survey_date": "2023-2-27",
        "station_source": "Native (Survey / POW)",
        "native_station": "Station # 2+144"
      },
      "geometry": {
        "type": "Point",
        "coordinates": [
          121.193105,
          12.362284
        ]
      }
    },
    {
      "type": "Feature",
      "properties": {
        "id": 15,
        "name": "Combined drop and Road Crossing",
        "type": "Road Crossing",
        "Structure_Category": "Road Crossing",
        "canal_name": "MAIN CANAL",
        "station": "STA 2+150.0",
        "station_m": 2150,
        "offset_m": 4.83,
        "desc": "",
        "comment": "Tsag/IA name: Purnaga IA, Canal name: Main Canal, Lat. (N) 12*21'44.0\", Long (E) 121*11'35.5\", Station #2+150 - 2+159",
        "elevation_m": 21.59,
        "photo_filename": "DSC00133.jpg",
        "photo_path": "../../DCIM/10GRMN/DSC00133.jpg",
        "surveyor_comment": "Tsag/IA name: Purnaga IA, Canal name: Main Canal, Lat. (N) 12*21'44.0\", Long (E) 121*11'35.5\", Station #2+150 - 2+159",
        "survey_date": "2023-2-27",
        "station_source": "Native (Survey / POW)",
        "native_station": "Station #2+150"
      },
      "geometry": {
        "type": "Point",
        "coordinates": [
          121.193188,
          12.362217
        ]
      }
    },
    {
      "type": "Feature",
      "properties": {
        "id": 20,
        "name": "Turnout (Left)",
        "type": "Turnout",
        "Structure_Category": "Turnout (TO)",
        "canal_name": "MAIN CANAL",
        "station": "STA 2+984.3",
        "station_m": 2984.3,
        "offset_m": 8.07,
        "desc": "",
        "comment": "Tsag/IA name: Purnaga IA, Canal name: Main Canal, Lat. (N) 12*21'18.4\", Long (E) 121*11'27\", Station # 2+984.3",
        "elevation_m": 32.69,
        "photo_filename": "DSC00142.jpg",
        "photo_path": "../DCIM/10GRMN/DSC00142.jpg",
        "surveyor_comment": "Tsag/IA name: Purnaga IA, Canal name: Main Canal, Lat. (N) 12*21'18.4\", Long (E) 121*11'27\", Station # 2+984.3",
        "survey_date": "2023-2-28",
        "station_source": "Native (Survey / POW)",
        "native_station": "Station # 2+984.3"
      },
      "geometry": {
        "type": "Point",
        "coordinates": [
          121.190838,
          12.355109
        ]
      }
    },
    {
      "type": "Feature",
      "properties": {
        "id": 19,
        "name": "Line Canal",
        "type": "Other Structures",
        "Structure_Category": "Other Structures",
        "canal_name": "MAIN CANAL",
        "station": "STA 2+594.3",
        "station_m": 2594.3,
        "offset_m": 1.44,
        "desc": "",
        "comment": "Tsag/IA name: Purnaga IA, Canal name: Main Canal, Lat. (N) 12*21'30.3\", Long (E) 121*11'31.0\", Station #2+594.3 Remarks: For Repair",
        "elevation_m": 35.01,
        "photo_filename": "DSC00141.jpg",
        "photo_path": "../DCIM/10GRMN/DSC00141.jpg",
        "surveyor_comment": "Tsag/IA name: Purnaga IA, Canal name: Main Canal, Lat. (N) 12*21'30.3\", Long (E) 121*11'31.0\", Station #2+594.3 Remarks: For Repair",
        "survey_date": "2023-2-28",
        "station_source": "Native (Survey / POW)",
        "native_station": "Station #2+594.3"
      },
      "geometry": {
        "type": "Point",
        "coordinates": [
          121.191943,
          12.358428
        ]
      }
    },
    {
      "type": "Feature",
      "properties": {
        "id": 142,
        "name": "Head Gate",
        "type": "Head Gate",
        "Structure_Category": "Head Gate",
        "canal_name": "LATERAL A",
        "station": "STA 0+000.0",
        "station_m": 0,
        "offset_m": 6.1,
        "desc": "",
        "comment": "Tsag/IA name: Bugtong Buri IA, Canal name: Lateral A Canal, Lat. (N) 12*19'50.82.\", Long (E) 121*10'60.52\", Station # 0+000",
        "elevation_m": 27.61,
        "photo_filename": "DSC00004.jpg",
        "photo_path": "../../DCIM/1000GRMN/DSC00004.jpg",
        "surveyor_comment": "Tsag/IA name: Bugtong Buri IA, Canal name: Lateral A Canal, Lat. (N) 12*19'50.82.\", Long (E) 121*10'60.52\", Station # 0+000",
        "survey_date": "2023-2-27",
        "station_source": "Native (Survey / POW)",
        "native_station": "Station # 0+000"
      },
      "geometry": {
        "type": "Point",
        "coordinates": [
          121.176761,
          12.325159
        ]
      }
    },
    {
      "type": "Feature",
      "properties": {
        "id": 148,
        "name": "Check structure",
        "type": "Check Structure",
        "Structure_Category": "Other Structures",
        "canal_name": "LATERAL A",
        "station": "STA 0+037.0",
        "station_m": 37,
        "offset_m": 4.24,
        "desc": "",
        "comment": "Tsag/IA name: Bugtong Buri IA, Canal name: Lateral A Canal, Lat. (N) 12*19'46.60.\", Long (E) 121*10'14.51\", Station # 0+037",
        "elevation_m": 20.26,
        "photo_filename": "DSC00008.jpg",
        "photo_path": "../../DCIM/1000GRMN/DSC00008.jpg",
        "surveyor_comment": "Tsag/IA name: Bugtong Buri IA, Canal name: Lateral A Canal, Lat. (N) 12*19'46.60.\", Long (E) 121*10'14.51\", Station # 0+037",
        "survey_date": "2023-2-27",
        "station_source": "Native (Survey / POW)",
        "native_station": "Station # 0+037"
      },
      "geometry": {
        "type": "Point",
        "coordinates": [
          121.173418,
          12.324438
        ]
      }
    },
    {
      "type": "Feature",
      "properties": {
        "id": 160,
        "name": "Turnout (Right side)",
        "type": "Turnout",
        "Structure_Category": "Turnout (TO)",
        "canal_name": "LATERAL A",
        "station": "STA 2+350.0",
        "station_m": 2350,
        "offset_m": 3.86,
        "desc": "",
        "comment": "Tsag/IA name: Bugtong Buri IA, Canal name: Lateral A Canal, Lat. (N) 12*18'92.20.\", Long (E) 121*09'51.89\", Station #2+350",
        "elevation_m": 9.61,
        "photo_filename": "DSC00023.jpg",
        "photo_path": "../../DCIM/1000GRMN/DSC00023.jpg",
        "surveyor_comment": "Tsag/IA name: Bugtong Buri IA, Canal name: Lateral A Canal, Lat. (N) 12*18'92.20.\", Long (E) 121*09'51.89\", Station #2+350",
        "survey_date": "2023-2-27",
        "station_source": "Native (Survey / POW)",
        "native_station": "Station #2+350"
      },
      "geometry": {
        "type": "Point",
        "coordinates": [
          121.158649,
          12.315372
        ]
      }
    },
    {
      "type": "Feature",
      "properties": {
        "id": 172,
        "name": "Check Gate with Combination of Turnout (Left side)",
        "type": "Check Gate",
        "Structure_Category": "Head Gate",
        "canal_name": "LATERAL A",
        "station": "STA 4+203.0",
        "station_m": 4203,
        "offset_m": 3.09,
        "desc": "",
        "comment": "Tsag/IA name: Bugtong Buri IA, Canal name: Lateral A Canal, Lat. (N) 12*18'00.61.\", Long (E) 121*09'15.74\", Station #4+203, Remarks: For repair",
        "elevation_m": 16.2,
        "photo_filename": "DSC00038.jpg",
        "photo_path": "../DCIM/1000GRMN/DSC00038.jpg",
        "surveyor_comment": "Tsag/IA name: Bugtong Buri IA, Canal name: Lateral A Canal, Lat. (N) 12*18'00.61.\", Long (E) 121*09'15.74\", Station #4+203, Remarks: For repair",
        "survey_date": "2023-2-28",
        "station_source": "Native (Survey / POW)",
        "native_station": "Station #4+203"
      },
      "geometry": {
        "type": "Point",
        "coordinates": [
          121.154371,
          12.300169
        ]
      }
    },
    {
      "type": "Feature",
      "properties": {
        "id": 190,
        "name": "Inlet w/ Road crossing",
        "type": "Inlet",
        "Structure_Category": "Road Crossing",
        "canal_name": "LATERAL A",
        "station": "STA 6+197.0",
        "station_m": 6197,
        "offset_m": 5.49,
        "desc": "",
        "comment": "Tsag/IA name: Bugtong Buri IA, Canal name: Lateral A Canal, Lat. (N) 12*16'48.56\", Long (E) 121*08'25.25\", Station # 6+197",
        "elevation_m": 13.49,
        "photo_filename": "DSC00061.jpg",
        "photo_path": "../DCIM/1000GRMN/DSC00061.jpg",
        "surveyor_comment": "Tsag/IA name: Bugtong Buri IA, Canal name: Lateral A Canal, Lat. (N) 12*16'48.56\", Long (E) 121*08'25.25\", Station # 6+197",
        "survey_date": "2023-2-28",
        "station_source": "Native (Survey / POW)",
        "native_station": "Station # 6+197"
      },
      "geometry": {
        "type": "Point",
        "coordinates": [
          121.140346,
          12.280157
        ]
      }
    },
    {
      "type": "Feature",
      "properties": {
        "id": 268,
        "name": "Elevated Flume",
        "type": "Flume",
        "Structure_Category": "Parshall Flume",
        "canal_name": "LATERAL B (FLUME)",
        "station": "STA 0+094.0",
        "station_m": 94,
        "offset_m": 0.58,
        "desc": "",
        "comment": "Tsag/IA name: Gamot Nicolas Bulo IA, Canal name: Lateral B (Flume), Lat. (N) 12*18'40.63\", Long (E) 121*11'23.58\", Station # 0+094 -0+134",
        "elevation_m": 18.17,
        "photo_filename": "DSC00150.jpg",
        "photo_path": "../DCIM/1000GRMN/DSC00150.jpg",
        "surveyor_comment": "Tsag/IA name: Gamot Nicolas Bulo IA, Canal name: Lateral B (Flume), Lat. (N) 12*18'40.63\", Long (E) 121*11'23.58\", Station # 0+094 -0+134",
        "survey_date": "2023-3-21",
        "station_source": "Native (Survey / POW)",
        "native_station": "Station # 0+094"
      },
      "geometry": {
        "type": "Point",
        "coordinates": [
          121.189883,
          12.311286
        ]
      }
    },
    {
      "type": "Feature",
      "properties": {
        "id": 112,
        "name": "Beginning of concrete canal lining",
        "type": "Other Structures",
        "Structure_Category": "Other Structures",
        "canal_name": "LATERAL B1-1",
        "station": "STA 0+820.0",
        "station_m": 820,
        "offset_m": 4.02,
        "desc": "",
        "comment": "Tsag/IA name: Inipitan calawag sibalat IA, Canal name: Lateral B1-1, Lat. (N) 12*18'23.06\", Long (E) 121*11'57.09\",  Station # 0+820, Remarks: Damaged",
        "elevation_m": 40.62,
        "photo_filename": "DSC00107.jpg",
        "photo_path": "../DCIM/10GRMN/DSC00107.jpg",
        "surveyor_comment": "Tsag/IA name: Inipitan calawag sibalat IA, Canal name: Lateral B1-1, Lat. (N) 12*18'23.06\", Long (E) 121*11'57.09\", Station # 0+820, Remarks: Damaged",
        "survey_date": "2023-3-2",
        "station_source": "Native (Survey / POW)",
        "native_station": "Station # 0+820"
      },
      "geometry": {
        "type": "Point",
        "coordinates": [
          121.182753,
          12.306542
        ]
      }
    },
    {
      "type": "Feature",
      "properties": {
        "id": 196,
        "name": "Check structure comb. of turnout",
        "type": "Check Structure",
        "Structure_Category": "Turnout (TO)",
        "canal_name": "MAIN CANAL",
        "station": "STA 9+157.0",
        "station_m": 9157,
        "offset_m": 0.12,
        "desc": "",
        "comment": "Tsag/IA name: Gapasan IA, Canal name: Main Canal, Lat. (N) 12*18'35.46\", Long (E) 121*10'35.71\", Station # 9+157, Remarks: for repair",
        "elevation_m": 16.42,
        "photo_filename": "DSC00069.jpg",
        "photo_path": "../DCIM/1000GRMN/DSC00069.jpg",
        "surveyor_comment": "Tsag/IA name: Gapasan IA, Canal name: Main Canal, Lat. (N) 12*18'35.46\", Long (E) 121*10'35.71\", Station # 9+157, Remarks: for repair",
        "survey_date": "2023-3-2",
        "station_source": "Native (Survey / POW)",
        "native_station": "Station # 9+157"
      },
      "geometry": {
        "type": "Point",
        "coordinates": [
          121.176586,
          12.309849
        ]
      }
    },
    {
      "type": "Feature",
      "properties": {
        "id": 262,
        "name": "Drop structure",
        "type": "Drop",
        "Structure_Category": "Other Structures",
        "canal_name": "LATERAL B1-A",
        "station": "STA 2+199.0",
        "station_m": 2199,
        "offset_m": 1.82,
        "desc": "",
        "comment": "Tsag/IA name: Inipitan calawag sibalat IA, Canal name: Lateral B1-A, Lat. (N) 12*17'05.05\", Long (E) 121*10'44.53\",  Station # 2+199, Remarks: Silted",
        "elevation_m": 17.13,
        "photo_filename": "DSC00144.jpg",
        "photo_path": "../DCIM/1000GRMN/DSC00144.jpg",
        "surveyor_comment": "Tsag/IA name: Inipitan calawag sibalat IA, Canal name: Lateral B1-A, Lat. (N) 12*17'05.05\", Long (E) 121*10'44.53\", Station # 2+199, Remarks: Silted",
        "survey_date": "2023-3-21",
        "station_source": "Native (Survey / POW)",
        "native_station": "Station # 2+199"
      },
      "geometry": {
        "type": "Point",
        "coordinates": [
          121.179037,
          12.284737
        ]
      }
    },
    {
      "type": "Feature",
      "properties": {
        "id": 124,
        "name": "Turnout (both side)",
        "type": "Turnout",
        "Structure_Category": "Turnout (TO)",
        "canal_name": "LATERAL B1-1",
        "station": "STA 3+886.0",
        "station_m": 3886,
        "offset_m": 2.01,
        "desc": "",
        "comment": "Tsag/IA name: Inipitan calawag IA, Canal name: Lateral B1-1, Lat. (N) 12*17'14.30\", Long (E) 121*10'02.40\",  Station # 3+886, Remarks: silted",
        "elevation_m": -67.8,
        "photo_filename": "DSC00121.jpg",
        "photo_path": "../DCIM/10GRMN/DSC00121.jpg",
        "surveyor_comment": "Tsag/IA name: Inipitan calawag IA, Canal name: Lateral B1-1, Lat. (N) 12*17'14.30\", Long (E) 121*10'02.40\", Station # 3+886, Remarks: silted",
        "survey_date": "2023-3-3",
        "station_source": "Native (Survey / POW)",
        "native_station": "Station # 3+886"
      },
      "geometry": {
        "type": "Point",
        "coordinates": [
          121.167324,
          12.287298
        ]
      }
    },
    {
      "type": "Feature",
      "properties": {
        "id": 22,
        "name": "End of Line Canal / Begining of Earth Canal",
        "type": "Other Structures",
        "Structure_Category": "Other Structures",
        "canal_name": "MAIN CANAL",
        "station": "STA 3+004.1",
        "station_m": 3004.1,
        "offset_m": 0.78,
        "desc": "",
        "comment": "Tsag/IA name: Purnaga IA, Canal name: Main Canal, Lat. (N) 12*21'17.8\", Long (E) 121*11'26.4\", Station # 3+004.1",
        "elevation_m": 35.74,
        "photo_filename": "DSC00146.jpg",
        "photo_path": "../DCIM/10GRMN/DSC00146.jpg",
        "surveyor_comment": "Tsag/IA name: Purnaga IA, Canal name: Main Canal, Lat. (N) 12*21'17.8\", Long (E) 121*11'26.4\", Station # 3+004.1",
        "survey_date": "2023-2-28",
        "station_source": "Native (Survey / POW)",
        "native_station": "Station # 3+004.1"
      },
      "geometry": {
        "type": "Point",
        "coordinates": [
          121.190678,
          12.354952
        ]
      }
    },
    {
      "type": "Feature",
      "properties": {
        "id": 23,
        "name": "Combined Drop and Road Crossing",
        "type": "Drop",
        "Structure_Category": "Road Crossing",
        "canal_name": "MAIN CANAL",
        "station": "STA 3+603.1",
        "station_m": 3603.1,
        "offset_m": 1.52,
        "desc": "",
        "comment": "Tsag/IA name: Purnaga IA, Canal name: Main Canal, Lat. (N) 12*20'58.8\", Long (E) 121*11'21.5\", Station # 3+603.1 - 3+607.5",
        "elevation_m": 32.75,
        "photo_filename": "DSC00147.jpg",
        "photo_path": "../DCIM/10GRMN/DSC00147.jpg",
        "surveyor_comment": "Tsag/IA name: Purnaga IA, Canal name: Main Canal, Lat. (N) 12*20'58.8\", Long (E) 121*11'21.5\", Station # 3+603.1 - 3+607.5",
        "survey_date": "2023-2-28",
        "station_source": "Native (Survey / POW)",
        "native_station": "Station # 3+603.1"
      },
      "geometry": {
        "type": "Point",
        "coordinates": [
          121.189309,
          12.349673
        ]
      }
    },
    {
      "type": "Feature",
      "properties": {
        "id": 27,
        "name": "Combined checkgate and Turnout (Left) MC4",
        "type": "Check Gate",
        "Structure_Category": "Head Gate",
        "canal_name": "MAIN CANAL",
        "station": "STA 4+275.1",
        "station_m": 4275.1,
        "offset_m": 3.05,
        "desc": "",
        "comment": "Tsag/IA name: Gapasan IA, Canal name: Main Canal, Lat. (N) 12*20'38.1\", Long (E) 121*11'26.1\", Station # 4+275.1",
        "elevation_m": 26.74,
        "photo_filename": "DSC00152.jpg",
        "photo_path": "../DCIM/10GRMN/DSC00152.jpg",
        "surveyor_comment": "Tsag/IA name: Gapasan IA, Canal name: Main Canal, Lat. (N) 12*20'38.1\", Long (E) 121*11'26.1\", Station # 4+275.1",
        "survey_date": "2023-2-28",
        "station_source": "Native (Survey / POW)",
        "native_station": "Station # 4+275.1"
      },
      "geometry": {
        "type": "Point",
        "coordinates": [
          121.190584,
          12.343918
        ]
      }
    },
    {
      "type": "Feature",
      "properties": {
        "id": 28,
        "name": "Road Crossing",
        "type": "Road Crossing",
        "Structure_Category": "Road Crossing",
        "canal_name": "MAIN CANAL",
        "station": "STA 4+572.2",
        "station_m": 4572.2,
        "offset_m": 3.46,
        "desc": "",
        "comment": "Tsag/IA name: Gapasan IA, Canal name: Main Canal, Lat. (N) 12*20'29.3\", Long (E) 121*11'30.4\", Station # 4+572.2 - 4+576.2 Remarks: For repair",
        "elevation_m": 26.95,
        "photo_filename": "DSC00154.jpg",
        "photo_path": "../DCIM/10GRMN/DSC00154.jpg",
        "surveyor_comment": "Tsag/IA name: Gapasan IA, Canal name: Main Canal, Lat. (N) 12*20'29.3\", Long (E) 121*11'30.4\", Station # 4+572.2 - 4+576.2 Remarks: For repair",
        "survey_date": "2023-2-28",
        "station_source": "Native (Survey / POW)",
        "native_station": "Station # 4+572.2"
      },
      "geometry": {
        "type": "Point",
        "coordinates": [
          121.191825,
          12.341473
        ]
      }
    },
    {
      "type": "Feature",
      "properties": {
        "id": 293,
        "name": "Inlet of Siphon",
        "type": "Inlet",
        "Structure_Category": "Siphon",
        "canal_name": "SUPPLY CANAL",
        "station": "STA 1+080.0",
        "station_m": 1080,
        "offset_m": 13.28,
        "desc": "",
        "comment": "Tsag/IA name: Purnaga IA, Canal name: Supply Canal, Lat. (N) 12*20'40.\", Long (E) 121*11'30.95\", Station # 1+080",
        "elevation_m": 31.61,
        "photo_filename": "DSC00179.jpg",
        "photo_path": "../DCIM/1000GRMN/DSC00179.jpg",
        "surveyor_comment": "Tsag/IA name: Purnaga IA, Canal name: Supply Canal, Lat. (N) 12*20'40.\", Long (E) 121*11'30.95\", Station # 1+080",
        "survey_date": "2023-3-30",
        "station_source": "Native (Survey / POW)",
        "native_station": "Station # 1+080"
      },
      "geometry": {
        "type": "Point",
        "coordinates": [
          121.19193,
          12.341501
        ]
      }
    },
    {
      "type": "Feature",
      "properties": {
        "id": 30,
        "name": "Siphon (Inlet)",
        "type": "Siphon",
        "Structure_Category": "Siphon",
        "canal_name": "MAIN CANAL",
        "station": "STA 4+727.3",
        "station_m": 4727.3,
        "offset_m": 1.39,
        "desc": "",
        "comment": "Tsag/IA name: Gapasan IA, Canal name: Main Canal, Lat. (N) 12*20'24.\", Long (E) 121*11'30.2\", Station # 4+727.3",
        "elevation_m": 22.48,
        "photo_filename": "DSC00157.jpg",
        "photo_path": "../DCIM/10GRMN/DSC00157.jpg",
        "surveyor_comment": "Tsag/IA name: Gapasan IA, Canal name: Main Canal, Lat. (N) 12*20'24.\", Long (E) 121*11'30.2\", Station # 4+727.3",
        "survey_date": "2023-2-28",
        "station_source": "Native (Survey / POW)",
        "native_station": "Station # 4+727.3"
      },
      "geometry": {
        "type": "Point",
        "coordinates": [
          121.19171,
          12.340044
        ]
      }
    },
    {
      "type": "Feature",
      "properties": {
        "id": 35,
        "name": "Turnout (Both side)",
        "type": "Turnout",
        "Structure_Category": "Turnout (TO)",
        "canal_name": "MAIN CANAL",
        "station": "STA 5+268.0",
        "station_m": 5268,
        "offset_m": 8.02,
        "desc": "",
        "comment": "Tsag/IA name: Gapasan IA, Canal name: Main Canal, Lat. (N) 12*20'13.1.\", Long (E) 121*11'21.2\", Station # 5+268 Remarks: Not Functional Turnout rightside",
        "elevation_m": 23.03,
        "photo_filename": "DSC00162.jpg",
        "photo_path": "../DCIM/10GRMN/DSC00162.jpg",
        "surveyor_comment": "Tsag/IA name: Gapasan IA, Canal name: Main Canal, Lat. (N) 12*20'13.1.\", Long (E) 121*11'21.2\", Station # 5+268 Remarks: Not Functional Turnout rightside",
        "survey_date": "2023-3-1",
        "station_source": "Native (Survey / POW)",
        "native_station": "Station # 5+268"
      },
      "geometry": {
        "type": "Point",
        "coordinates": [
          121.189213,
          12.336972
        ]
      }
    },
    {
      "type": "Feature",
      "properties": {
        "id": 37,
        "name": "Road Crossing",
        "type": "Road Crossing",
        "Structure_Category": "Road Crossing",
        "canal_name": "MAIN CANAL",
        "station": "STA 5+574.0",
        "station_m": 5574,
        "offset_m": 4.25,
        "desc": "",
        "comment": "Tsag/IA name: Gapasan IA, Canal name: Main Canal, Lat. (N) 12*20'07.7.\", Long (E) 121*11'12.6\", Station # 5+574",
        "elevation_m": 23.57,
        "photo_filename": "DSC00165.jpg",
        "photo_path": "../DCIM/10GRMN/DSC00165.jpg",
        "surveyor_comment": "Tsag/IA name: Gapasan IA, Canal name: Main Canal, Lat. (N) 12*20'07.7.\", Long (E) 121*11'12.6\", Station # 5+574",
        "survey_date": "2023-3-1",
        "station_source": "Native (Survey / POW)",
        "native_station": "Station # 5+574"
      },
      "geometry": {
        "type": "Point",
        "coordinates": [
          121.186821,
          12.335463
        ]
      }
    },
    {
      "type": "Feature",
      "properties": {
        "id": 40,
        "name": "Road Crossing",
        "type": "Road Crossing",
        "Structure_Category": "Road Crossing",
        "canal_name": "MAIN CANAL",
        "station": "STA 6+035.0",
        "station_m": 6035,
        "offset_m": 2.55,
        "desc": "",
        "comment": "Tsag/IA name: Gapasan IA, Canal name: Main Canal, Lat. (N) 12*19'59.8.\", Long (E) 121*10'57.7\", Station # 6+035, Remarks: For repair",
        "elevation_m": 22.93,
        "photo_filename": "DSC00170.jpg",
        "photo_path": "../DCIM/10GRMN/DSC00170.jpg",
        "surveyor_comment": "Tsag/IA name: Gapasan IA, Canal name: Main Canal, Lat. (N) 12*19'59.8.\", Long (E) 121*10'57.7\", Station # 6+035, Remarks: For repair",
        "survey_date": "2023-3-1",
        "station_source": "Native (Survey / POW)",
        "native_station": "Station # 6+035"
      },
      "geometry": {
        "type": "Point",
        "coordinates": [
          121.183306,
          12.33329
        ]
      }
    },
    {
      "type": "Feature",
      "properties": {
        "id": 43,
        "name": "Check Structure",
        "type": "Check Structure",
        "Structure_Category": "Other Structures",
        "canal_name": "MAIN CANAL",
        "station": "STA 6+228.0",
        "station_m": 6228,
        "offset_m": 4.7,
        "desc": "",
        "comment": "Tsag/IA name: Gapasan IA, Canal name: Main Canal, Lat. (N) 12*19'54.7.\", Long (E) 121*10'56.8\", Station # 6+228, Remarks: For repair",
        "elevation_m": 19.37,
        "photo_filename": "DSC00173.jpg",
        "photo_path": "../DCIM/10GRMN/DSC00173.jpg",
        "surveyor_comment": "Tsag/IA name: Gapasan IA, Canal name: Main Canal, Lat. (N) 12*19'54.7.\", Long (E) 121*10'56.8\", Station # 6+228, Remarks: For repair",
        "survey_date": "2023-3-1",
        "station_source": "Native (Survey / POW)",
        "native_station": "Station # 6+228"
      },
      "geometry": {
        "type": "Point",
        "coordinates": [
          121.182446,
          12.331874
        ]
      }
    },
    {
      "type": "Feature",
      "properties": {
        "id": 45,
        "name": "Turnout",
        "type": "Turnout",
        "Structure_Category": "Turnout (TO)",
        "canal_name": "MAIN CANAL",
        "station": "STA 6+618.0",
        "station_m": 6618,
        "offset_m": 0.12,
        "desc": "",
        "comment": "Tsag/IA name: Gapasan IA, Canal name: Main Canal, Lat. (N) 12*19'42.3.\", Long (E) 121*10'55.0\", Station # 6+618, Remarks: For repair",
        "elevation_m": 19.78,
        "photo_filename": "DSC00176.jpg",
        "photo_path": "../DCIM/10GRMN/DSC00176.jpg",
        "surveyor_comment": "Tsag/IA name: Gapasan IA, Canal name: Main Canal, Lat. (N) 12*19'42.3.\", Long (E) 121*10'55.0\", Station # 6+618, Remarks: For repair",
        "survey_date": "2023-3-1",
        "station_source": "Native (Survey / POW)",
        "native_station": "Station # 6+618"
      },
      "geometry": {
        "type": "Point",
        "coordinates": [
          121.181935,
          12.328427
        ]
      }
    },
    {
      "type": "Feature",
      "properties": {
        "id": 48,
        "name": "Turnout",
        "type": "Turnout",
        "Structure_Category": "Turnout (TO)",
        "canal_name": "MAIN CANAL",
        "station": "STA 7+153.0",
        "station_m": 7153,
        "offset_m": 2.52,
        "desc": "",
        "comment": "Tsag/IA name: Gapasan IA, Canal name: Main Canal, Lat. (N) 12*19'35.8.\", Long (E) 121*10'41.3\", Station # 7+153, Remarks: No Steel Gate",
        "elevation_m": 23.8,
        "photo_filename": "DSC00179.jpg",
        "photo_path": "../DCIM/10GRMN/DSC00179.jpg",
        "surveyor_comment": "Tsag/IA name: Gapasan IA, Canal name: Main Canal, Lat. (N) 12*19'35.8.\", Long (E) 121*10'41.3\", Station # 7+153, Remarks: No Steel Gate",
        "survey_date": "2023-3-1",
        "station_source": "Native (Survey / POW)",
        "native_station": "Station # 7+153"
      },
      "geometry": {
        "type": "Point",
        "coordinates": [
          121.178147,
          12.326598
        ]
      }
    },
    {
      "type": "Feature",
      "properties": {
        "id": 157,
        "name": "Road crossing",
        "type": "Road Crossing",
        "Structure_Category": "Road Crossing",
        "canal_name": "LATERAL A",
        "station": "STA 1+773.0",
        "station_m": 1773,
        "offset_m": 2.08,
        "desc": "",
        "comment": "Tsag/IA name: Bugtong Buri IA, Canal name: Lateral A Canal, Lat. (N) 12*19'16.12.\", Long (E) 121*09'72.66\", Station # 1+773 - 1+781",
        "elevation_m": 14.5,
        "photo_filename": "DSC00018.jpg",
        "photo_path": "../../DCIM/1000GRMN/DSC00018.jpg",
        "surveyor_comment": "Tsag/IA name: Bugtong Buri IA, Canal name: Lateral A Canal, Lat. (N) 12*19'16.12.\", Long (E) 121*09'72.66\", Station # 1+773 - 1+781",
        "survey_date": "2023-2-27",
        "station_source": "Native (Survey / POW)",
        "native_station": "Station # 1+773"
      },
      "geometry": {
        "type": "Point",
        "coordinates": [
          121.162103,
          12.319351
        ]
      }
    },
    {
      "type": "Feature",
      "properties": {
        "id": 52,
        "name": "Check gate",
        "type": "Check Gate",
        "Structure_Category": "Head Gate",
        "canal_name": "MAIN CANAL",
        "station": "STA 7+242.0",
        "station_m": 7242,
        "offset_m": 3.58,
        "desc": "",
        "comment": "Tsag/IA name: Gapasan IA, Canal name: Main Canal, Lat. (N) 12*19'35.3\", Long (E) 121*10'38.8\", Station # 7+242, Remarks: For repair",
        "elevation_m": 22.17,
        "photo_filename": "DSC00183.jpg",
        "photo_path": "../DCIM/10GRMN/DSC00183.jpg",
        "surveyor_comment": "Tsag/IA name: Gapasan IA, Canal name: Main Canal, Lat. (N) 12*19'35.3\", Long (E) 121*10'38.8\", Station # 7+242, Remarks: For repair",
        "survey_date": "2023-3-1",
        "station_source": "Native (Survey / POW)",
        "native_station": "Station # 7+242"
      },
      "geometry": {
        "type": "Point",
        "coordinates": [
          121.177449,
          12.326473
        ]
      }
    },
    {
      "type": "Feature",
      "properties": {
        "id": 146,
        "name": "Illigal turnout",
        "type": "Other Structures",
        "Structure_Category": "Turnout (TO)",
        "canal_name": "LATERAL A",
        "station": "STA 0+043.0",
        "station_m": 43,
        "offset_m": 2.32,
        "desc": "",
        "comment": "Tsag/IA name: Bugtong Buri IA, Canal name: Lateral A Canal, Lat. (N) 12*19'51.09.\", Long (E) 121*10'51.01\", Station # 0+043, Remarks: Illigal Turnout",
        "elevation_m": 21.72,
        "photo_filename": "DSC00006.jpg",
        "photo_path": "../../DCIM/1000GRMN/DSC00006.jpg",
        "surveyor_comment": "Tsag/IA name: Bugtong Buri IA, Canal name: Lateral A Canal, Lat. (N) 12*19'51.09.\", Long (E) 121*10'51.01\", Station # 0+043, Remarks: Illigal Turnout",
        "survey_date": "2023-2-27",
        "station_source": "Native (Survey / POW)",
        "native_station": "Station # 0+043"
      },
      "geometry": {
        "type": "Point",
        "coordinates": [
          121.175182,
          12.325175
        ]
      }
    },
    {
      "type": "Feature",
      "properties": {
        "id": 150,
        "name": "Road crossing",
        "type": "Road Crossing",
        "Structure_Category": "Road Crossing",
        "canal_name": "LATERAL A",
        "station": "STA 0+507.0",
        "station_m": 507,
        "offset_m": 3.42,
        "desc": "",
        "comment": "Tsag/IA name: Bugtong Buri IA, Canal name: Lateral A Canal, Lat. (N) 12*19'44.90.\", Long (E) 121*10'33.64\", Station # 0+507",
        "elevation_m": 19.27,
        "photo_filename": "DSC00010.jpg",
        "photo_path": "../../DCIM/1000GRMN/DSC00010.jpg",
        "surveyor_comment": "Tsag/IA name: Bugtong Buri IA, Canal name: Lateral A Canal, Lat. (N) 12*19'44.90.\", Long (E) 121*10'33.64\", Station # 0+507",
        "survey_date": "2023-2-27",
        "station_source": "Native (Survey / POW)",
        "native_station": "Station # 0+507"
      },
      "geometry": {
        "type": "Point",
        "coordinates": [
          121.172304,
          12.324149
        ]
      }
    },
    {
      "type": "Feature",
      "properties": {
        "id": 153,
        "name": "Double Turnout",
        "type": "Turnout",
        "Structure_Category": "Turnout (TO)",
        "canal_name": "LATERAL A",
        "station": "STA 1+150.0",
        "station_m": 1150,
        "offset_m": 0.34,
        "desc": "",
        "comment": "Tsag/IA name: Bugtong Buri IA, Canal name: Lateral A Canal, Lat. (N) 12*19'39.02.\", Long (E) 121*09'99.56\", Station # 1+150",
        "elevation_m": 16.22,
        "photo_filename": "DSC00014.jpg",
        "photo_path": "../../DCIM/1000GRMN/DSC00014.jpg",
        "surveyor_comment": "Tsag/IA name: Bugtong Buri IA, Canal name: Lateral A Canal, Lat. (N) 12*19'39.02.\", Long (E) 121*09'99.56\", Station # 1+150",
        "survey_date": "2023-2-27",
        "station_source": "Native (Survey / POW)",
        "native_station": "Station # 1+150"
      },
      "geometry": {
        "type": "Point",
        "coordinates": [
          121.166598,
          12.323181
        ]
      }
    },
    {
      "type": "Feature",
      "properties": {
        "id": 162,
        "name": "Road crossing",
        "type": "Road Crossing",
        "Structure_Category": "Road Crossing",
        "canal_name": "LATERAL A",
        "station": "STA 2+951.0",
        "station_m": 2951,
        "offset_m": 4.7,
        "desc": "",
        "comment": "Tsag/IA name: Bugtong Buri IA, Canal name: Lateral A Canal, Lat. (N) 12*18'59.43\", Long (E) 121*09'55.06\", Station #2+951 - 2+955",
        "elevation_m": 11.64,
        "photo_filename": "DSC00026.jpg",
        "photo_path": "../../DCIM/1000GRMN/DSC00026.jpg",
        "surveyor_comment": "Tsag/IA name: Bugtong Buri IA, Canal name: Lateral A Canal, Lat. (N) 12*18'59.43\", Long (E) 121*09'55.06\", Station #2+951 - 2+955",
        "survey_date": "2023-2-27",
        "station_source": "Native (Survey / POW)",
        "native_station": "Station #2+951"
      },
      "geometry": {
        "type": "Point",
        "coordinates": [
          121.159171,
          12.30992
        ]
      }
    },
    {
      "type": "Feature",
      "properties": {
        "id": 165,
        "name": "Road Crossing",
        "type": "Road Crossing",
        "Structure_Category": "Road Crossing",
        "canal_name": "LATERAL A",
        "station": "STA 3+706.0",
        "station_m": 3706,
        "offset_m": 2.34,
        "desc": "",
        "comment": "Tsag/IA name: Bugtong Buri IA, Canal name: Lateral A Canal, Lat. (N) 12*18'21.61\", Long (E) 121*09'44.06\", Station #3+706 - 3+710",
        "elevation_m": 13.88,
        "photo_filename": "DSC00029.jpg",
        "photo_path": "../../DCIM/1000GRMN/DSC00029.jpg",
        "surveyor_comment": "Tsag/IA name: Bugtong Buri IA, Canal name: Lateral A Canal, Lat. (N) 12*18'21.61\", Long (E) 121*09'44.06\", Station #3+706 - 3+710",
        "survey_date": "2023-2-27",
        "station_source": "Native (Survey / POW)",
        "native_station": "Station #3+706"
      },
      "geometry": {
        "type": "Point",
        "coordinates": [
          121.157342,
          12.303608
        ]
      }
    },
    {
      "type": "Feature",
      "properties": {
        "id": 154,
        "name": "Road crossing",
        "type": "Road Crossing",
        "Structure_Category": "Road Crossing",
        "canal_name": "LATERAL A",
        "station": "STA 1+153.0",
        "station_m": 1153,
        "offset_m": 1.71,
        "desc": "",
        "comment": "Tsag/IA name: Bugtong Buri IA, Canal name: Lateral A Canal, Lat. (N) 12*19'38.96.\", Long (E) 121*09'99.20\", Station # 1+153 - 1+142",
        "elevation_m": 14.59,
        "photo_filename": "DSC00015.jpg",
        "photo_path": "../../DCIM/1000GRMN/DSC00015.jpg",
        "surveyor_comment": "Tsag/IA name: Bugtong Buri IA, Canal name: Lateral A Canal, Lat. (N) 12*19'38.96.\", Long (E) 121*09'99.20\", Station # 1+153 - 1+142",
        "survey_date": "2023-2-27",
        "station_source": "Native (Survey / POW)",
        "native_station": "Station # 1+153"
      },
      "geometry": {
        "type": "Point",
        "coordinates": [
          121.16657,
          12.323158
        ]
      }
    },
    {
      "type": "Feature",
      "properties": {
        "id": 155,
        "name": "Double Turnout",
        "type": "Turnout",
        "Structure_Category": "Turnout (TO)",
        "canal_name": "LATERAL A",
        "station": "STA 1+350.0",
        "station_m": 1350,
        "offset_m": 1.38,
        "desc": "",
        "comment": "Tsag/IA name: Bugtong Buri IA, Canal name: Lateral A Canal, Lat. (N) 12*19'32.58.\", Long (E) 121*09'89.15\", Station #1+350",
        "elevation_m": 13.6,
        "photo_filename": "DSC00016.jpg",
        "photo_path": "../../DCIM/1000GRMN/DSC00016.jpg",
        "surveyor_comment": "Tsag/IA name: Bugtong Buri IA, Canal name: Lateral A Canal, Lat. (N) 12*19'32.58.\", Long (E) 121*09'89.15\", Station #1+350",
        "survey_date": "2023-2-27",
        "station_source": "Native (Survey / POW)",
        "native_station": "Station #1+350"
      },
      "geometry": {
        "type": "Point",
        "coordinates": [
          121.164856,
          12.322088
        ]
      }
    },
    {
      "type": "Feature",
      "properties": {
        "id": 166,
        "name": "Road Crossing",
        "type": "Road Crossing",
        "Structure_Category": "Road Crossing",
        "canal_name": "LATERAL A",
        "station": "STA 4+039.0",
        "station_m": 4039,
        "offset_m": 3.88,
        "desc": "",
        "comment": "Tsag/IA name: Bugtong Buri IA, Canal name: Lateral A Canal, Lat. (N) 12*18'05.47.\", Long (E) 121*09'29.17\", Station #4+039 - 4+112",
        "elevation_m": 17.19,
        "photo_filename": "DSC00030.jpg",
        "photo_path": "../../DCIM/1000GRMN/DSC00030.jpg",
        "surveyor_comment": "Tsag/IA name: Bugtong Buri IA, Canal name: Lateral A Canal, Lat. (N) 12*18'05.47.\", Long (E) 121*09'29.17\", Station #4+039 - 4+112",
        "survey_date": "2023-2-27",
        "station_source": "Native (Survey / POW)",
        "native_station": "Station #4+039"
      },
      "geometry": {
        "type": "Point",
        "coordinates": [
          121.154887,
          12.300933
        ]
      }
    },
    {
      "type": "Feature",
      "properties": {
        "id": 167,
        "name": "Outlet with Road crossing",
        "type": "Outlet",
        "Structure_Category": "Road Crossing",
        "canal_name": "LATERAL A",
        "station": "STA 4+112.0",
        "station_m": 4112,
        "offset_m": 0.04,
        "desc": "",
        "comment": "Tsag/IA name: Bugtong Buri IA, Canal name: Lateral A Canal, Lat. (N) 12*18'03.10.\", Long (E) 121*09'07.28\", Station #4+112",
        "elevation_m": 15.61,
        "photo_filename": "DSC00032.jpg",
        "photo_path": "../DCIM/1000GRMN/DSC00032.jpg",
        "surveyor_comment": "Tsag/IA name: Bugtong Buri IA, Canal name: Lateral A Canal, Lat. (N) 12*18'03.10.\", Long (E) 121*09'07.28\", Station #4+112",
        "survey_date": "2023-2-28",
        "station_source": "Native (Survey / POW)",
        "native_station": "Station #4+112"
      },
      "geometry": {
        "type": "Point",
        "coordinates": [
          121.1548,
          12.30086
        ]
      }
    },
    {
      "type": "Feature",
      "properties": {
        "id": 175,
        "name": "Inlet of Road Crossing",
        "type": "Inlet",
        "Structure_Category": "Road Crossing",
        "canal_name": "LATERAL A",
        "station": "STA 4+578.0",
        "station_m": 4578,
        "offset_m": 0.6,
        "desc": "",
        "comment": "Tsag/IA name: Bugtong Buri IA, Canal name: Lateral A Canal, Lat. (N) 12*17'51.35\", Long (E) 121*09'07.60\", Station #4+578",
        "elevation_m": 16.11,
        "photo_filename": "DSC00041.jpg",
        "photo_path": "../DCIM/1000GRMN/DSC00041.jpg",
        "surveyor_comment": "Tsag/IA name: Bugtong Buri IA, Canal name: Lateral A Canal, Lat. (N) 12*17'51.35\", Long (E) 121*09'07.60\", Station #4+578",
        "survey_date": "2023-2-28",
        "station_source": "Native (Survey / POW)",
        "native_station": "Station #4+578"
      },
      "geometry": {
        "type": "Point",
        "coordinates": [
          121.152111,
          12.297597
        ]
      }
    },
    {
      "type": "Feature",
      "properties": {
        "id": 176,
        "name": "Outlet with Road crossing",
        "type": "Outlet",
        "Structure_Category": "Road Crossing",
        "canal_name": "LATERAL A",
        "station": "STA 4+602.0",
        "station_m": 4602,
        "offset_m": 0.61,
        "desc": "",
        "comment": "Tsag/IA name: Bugtong Buri IA, Canal name: Lateral A Canal, Lat. (N) 12*17'50.76\", Long (E) 121*09'07.08\", Station #4+602",
        "elevation_m": 13.43,
        "photo_filename": "DSC00042.jpg",
        "photo_path": "../DCIM/1000GRMN/DSC00042.jpg",
        "surveyor_comment": "Tsag/IA name: Bugtong Buri IA, Canal name: Lateral A Canal, Lat. (N) 12*17'50.76\", Long (E) 121*09'07.08\", Station #4+602",
        "survey_date": "2023-2-28",
        "station_source": "Native (Survey / POW)",
        "native_station": "Station #4+602"
      },
      "geometry": {
        "type": "Point",
        "coordinates": [
          121.151968,
          12.297432
        ]
      }
    },
    {
      "type": "Feature",
      "properties": {
        "id": 183,
        "name": "Road Crossing",
        "type": "Road Crossing",
        "Structure_Category": "Road Crossing",
        "canal_name": "LATERAL A",
        "station": "STA 5+633.0",
        "station_m": 5633,
        "offset_m": 5.71,
        "desc": "",
        "comment": "Tsag/IA name: Bugtong Buri IA, Canal name: Lateral A Canal, Lat. (N) 12*17'22.64\", Long (E) 121*08'54.14\", Station #5+633 - 5+650",
        "elevation_m": 13.6,
        "photo_filename": "DSC00051.jpg",
        "photo_path": "../DCIM/1000GRMN/DSC00051.jpg",
        "surveyor_comment": "Tsag/IA name: Bugtong Buri IA, Canal name: Lateral A Canal, Lat. (N) 12*17'22.64\", Long (E) 121*08'54.14\", Station #5+633 - 5+650",
        "survey_date": "2023-2-28",
        "station_source": "Native (Survey / POW)",
        "native_station": "Station #5+633"
      },
      "geometry": {
        "type": "Point",
        "coordinates": [
          121.148456,
          12.289622
        ]
      }
    },
    {
      "type": "Feature",
      "properties": {
        "id": 184,
        "name": "Turnout (Left side) with road crossing",
        "type": "Turnout",
        "Structure_Category": "Road Crossing",
        "canal_name": "LATERAL A",
        "station": "STA 5+761.0",
        "station_m": 5761,
        "offset_m": 1.92,
        "desc": "",
        "comment": "Tsag/IA name: Bugtong Buri IA, Canal name: Lateral A Canal, Lat. (N) 12*17'19.13\", Long (E) 121*08'55.06\", Station #5+761",
        "elevation_m": 17.29,
        "photo_filename": "DSC00052.jpg",
        "photo_path": "../DCIM/1000GRMN/DSC00052.jpg",
        "surveyor_comment": "Tsag/IA name: Bugtong Buri IA, Canal name: Lateral A Canal, Lat. (N) 12*17'19.13\", Long (E) 121*08'55.06\", Station #5+761",
        "survey_date": "2024-2-28",
        "station_source": "Native (Survey / POW)",
        "native_station": "Station #5+761"
      },
      "geometry": {
        "type": "Point",
        "coordinates": [
          121.14885,
          12.288648
        ]
      }
    },
    {
      "type": "Feature",
      "properties": {
        "id": 187,
        "name": "Combination of Turnout with road crossing",
        "type": "Turnout",
        "Structure_Category": "Road Crossing",
        "canal_name": "LATERAL A",
        "station": "STA 5+543.0",
        "station_m": 5543,
        "offset_m": 8.28,
        "desc": "",
        "comment": "Tsag/IA name: Bugtong Buri IA, Canal name: Lateral A Canal, Lat. (N) 12*16'57.18\", Long (E) 121*08'43.22\", Station # 5+543",
        "elevation_m": 11.09,
        "photo_filename": "DSC00056.jpg",
        "photo_path": "../DCIM/1000GRMN/DSC00056.jpg",
        "surveyor_comment": "Tsag/IA name: Bugtong Buri IA, Canal name: Lateral A Canal, Lat. (N) 12*16'57.18\", Long (E) 121*08'43.22\", Station # 5+543",
        "survey_date": "2023-2-28",
        "station_source": "Native (Survey / POW)",
        "native_station": "Station # 5+543"
      },
      "geometry": {
        "type": "Point",
        "coordinates": [
          121.14534,
          12.282549
        ]
      }
    },
    {
      "type": "Feature",
      "properties": {
        "id": 188,
        "name": "Division Box with Road crossing",
        "type": "Road Crossing",
        "Structure_Category": "Road Crossing",
        "canal_name": "LATERAL A",
        "station": "STA 5+543.0",
        "station_m": 5543,
        "offset_m": 10.9,
        "desc": "",
        "comment": "Tsag/IA name: Bugtong Buri IA, Canal name: Lateral A Canal, Lat. (N) 12*16'56.94\", Long (E) 121*08'43.06\", Station #5+543",
        "elevation_m": 12.17,
        "photo_filename": "DSC00059.jpg",
        "photo_path": "../DCIM/1000GRMN/DSC00059.jpg",
        "surveyor_comment": "Tsag/IA name: Bugtong Buri IA, Canal name: Lateral A Canal, Lat. (N) 12*16'56.94\", Long (E) 121*08'43.06\", Station #5+543",
        "survey_date": "2023-2-28",
        "station_source": "Native (Survey / POW)",
        "native_station": "Station #5+543"
      },
      "geometry": {
        "type": "Point",
        "coordinates": [
          121.145295,
          12.282498
        ]
      }
    },
    {
      "type": "Feature",
      "properties": {
        "id": 191,
        "name": "Outlet",
        "type": "Outlet",
        "Structure_Category": "Outlet",
        "canal_name": "LATERAL A",
        "station": "STA 6+209.0",
        "station_m": 6209,
        "offset_m": 16.02,
        "desc": "",
        "comment": "Tsag/IA name: Bugtong Buri IA, Canal name: Lateral A Canal, Lat. (N) 12*16'48.34\", Long (E) 121*08'24.94\", Station # 6+209",
        "elevation_m": 15.4,
        "photo_filename": "DSC00064.jpg",
        "photo_path": "../DCIM/1000GRMN/DSC00064.jpg",
        "surveyor_comment": "Tsag/IA name: Bugtong Buri IA, Canal name: Lateral A Canal, Lat. (N) 12*16'48.34\", Long (E) 121*08'24.94\", Station # 6+209",
        "survey_date": "2023-2-28",
        "station_source": "Native (Survey / POW)",
        "native_station": "Station # 6+209"
      },
      "geometry": {
        "type": "Point",
        "coordinates": [
          121.14026,
          12.280095
        ]
      }
    },
    {
      "type": "Feature",
      "properties": {
        "id": 192,
        "name": "Earth Canal",
        "type": "Other Structures",
        "Structure_Category": "Other Structures",
        "canal_name": "LATERAL A",
        "station": "STA 6+516.0",
        "station_m": 6516,
        "offset_m": 4.3,
        "desc": "",
        "comment": "Tsag/IA name: Bugtong Buri IA, Canal name: Lateral A Canal, Lat. (N) 12*16'40.42\", Long (E) 121*08'20.59\", Station # 6+516, Remarks: None Operational Earth Canal",
        "elevation_m": 16.21,
        "photo_filename": "DSC00065.jpg",
        "photo_path": "../DCIM/1000GRMN/DSC00065.jpg",
        "surveyor_comment": "Tsag/IA name: Bugtong Buri IA, Canal name: Lateral A Canal, Lat. (N) 12*16'40.42\", Long (E) 121*08'20.59\", Station # 6+516, Remarks: None Operational Earth Canal",
        "survey_date": "2023-2-28",
        "station_source": "Native (Survey / POW)",
        "native_station": "Station # 6+516"
      },
      "geometry": {
        "type": "Point",
        "coordinates": [
          121.139053,
          12.277895
        ]
      }
    },
    {
      "type": "Feature",
      "properties": {
        "id": 61,
        "name": "Combination of Check gate with road crossing",
        "type": "Check Gate",
        "Structure_Category": "Head Gate",
        "canal_name": "MAIN CANAL",
        "station": "STA 8+185.0",
        "station_m": 8185,
        "offset_m": 0.79,
        "desc": "",
        "comment": "Tsag/IA name: Gapasan IA, Canal name: Main Canal, Lat. (N) 12*19'04.6\", Long (E) 121*10'36.0\", Station # 8+185",
        "elevation_m": 20.79,
        "photo_filename": "DSC00192.jpg",
        "photo_path": "../DCIM/10GRMN/DSC00192.jpg",
        "surveyor_comment": "Tsag/IA name: Gapasan IA, Canal name: Main Canal, Lat. (N) 12*19'04.6\", Long (E) 121*10'36.0\", Station # 8+185",
        "survey_date": "2023-3-1",
        "station_source": "Native (Survey / POW)",
        "native_station": "Station # 8+185"
      },
      "geometry": {
        "type": "Point",
        "coordinates": [
          121.176674,
          12.31849
        ]
      }
    },
    {
      "type": "Feature",
      "properties": {
        "id": 59,
        "name": "Head Gate of Lateral B",
        "type": "Head Gate",
        "Structure_Category": "Head Gate",
        "canal_name": "MAIN CANAL",
        "station": "STA 8+180.0",
        "station_m": 8180,
        "offset_m": 7.82,
        "desc": "",
        "comment": "Tsag/IA name: Gapasan IA, Canal name: Main Canal, Lat. (N) 12*19'06.8\", Long (E) 121*10'36.3\", Station # 8+180",
        "elevation_m": 20.74,
        "photo_filename": "DSC00190.jpg",
        "photo_path": "../DCIM/10GRMN/DSC00190.jpg",
        "surveyor_comment": "Tsag/IA name: Gapasan IA, Canal name: Main Canal, Lat. (N) 12*19'06.8\", Long (E) 121*10'36.3\", Station # 8+180",
        "survey_date": "2023-3-1",
        "station_source": "Native (Survey / POW)",
        "native_station": "Station # 8+180"
      },
      "geometry": {
        "type": "Point",
        "coordinates": [
          121.176758,
          12.318557
        ]
      }
    },
    {
      "type": "Feature",
      "properties": {
        "id": 237,
        "name": "Turnout",
        "type": "Turnout",
        "Structure_Category": "Turnout (TO)",
        "canal_name": "LATERAL B",
        "station": "STA 0+408.0",
        "station_m": 408,
        "offset_m": 14.65,
        "desc": "",
        "comment": "Tsag/IA name: Gamot Nicolas Bulo IA, Canal name: Lateral B, Lat. (N) 12*19'02.51\", Long (E) 121*10'48.66\", Station # 0+408, Remarks: Silted and NO steel gate",
        "elevation_m": 31.89,
        "photo_filename": "DSC00115.jpg",
        "photo_path": "../DCIM/1000GRMN/DSC00115.jpg",
        "surveyor_comment": "Tsag/IA name: Gamot Nicolas Bulo IA, Canal name: Lateral B, Lat. (N) 12*19'02.51\", Long (E) 121*10'48.66\", Station # 0+408, Remarks: Silted and NO steel gate",
        "survey_date": "2023-3-2",
        "station_source": "Native (Survey / POW)",
        "native_station": "Station # 0+408"
      },
      "geometry": {
        "type": "Point",
        "coordinates": [
          121.180183,
          12.317365
        ]
      }
    },
    {
      "type": "Feature",
      "properties": {
        "id": 238,
        "name": "Road Crossing",
        "type": "Road Crossing",
        "Structure_Category": "Road Crossing",
        "canal_name": "LATERAL B",
        "station": "STA 0+413.0",
        "station_m": 413,
        "offset_m": 10.01,
        "desc": "",
        "comment": "Tsag/IA name: Gamot Nicolas Bulo IA, Canal name: Lateral B, Lat. (N) 12*19'02.53\", Long (E) 121*10'48.96\", Station # 0+413, Remarks: For repair",
        "elevation_m": 28.75,
        "photo_filename": "DSC00116.jpg",
        "photo_path": "../DCIM/1000GRMN/DSC00116.jpg",
        "surveyor_comment": "Tsag/IA name: Gamot Nicolas Bulo IA, Canal name: Lateral B, Lat. (N) 12*19'02.53\", Long (E) 121*10'48.96\", Station # 0+413, Remarks: For repair",
        "survey_date": "2023-3-2",
        "station_source": "Native (Survey / POW)",
        "native_station": "Station # 0+413"
      },
      "geometry": {
        "type": "Point",
        "coordinates": [
          121.180266,
          12.31737
        ]
      }
    },
    {
      "type": "Feature",
      "properties": {
        "id": 239,
        "name": "Division Box",
        "type": "Other Structures",
        "Structure_Category": "Other Structures",
        "canal_name": "LATERAL B",
        "station": "STA 0+800.0",
        "station_m": 800,
        "offset_m": 17.1,
        "desc": "",
        "comment": "Tsag/IA name: Gamot Nicolas Bulo IA, Canal name: Lateral B, Lat. (N) 12*18'55.41\", Long (E) 121*10'59.19\", Station # 0+800, Remarks: Damaged",
        "elevation_m": 28.95,
        "photo_filename": "DSC00117.jpg",
        "photo_path": "../DCIM/1000GRMN/DSC00117.jpg",
        "surveyor_comment": "Tsag/IA name: Gamot Nicolas Bulo IA, Canal name: Lateral B, Lat. (N) 12*18'55.41\", Long (E) 121*10'59.19\", Station # 0+800, Remarks: Damaged",
        "survey_date": "2023-3-2",
        "station_source": "Native (Survey / POW)",
        "native_station": "Station # 0+800"
      },
      "geometry": {
        "type": "Point",
        "coordinates": [
          121.183202,
          12.315391
        ]
      }
    },
    {
      "type": "Feature",
      "properties": {
        "id": 235,
        "name": "Partial Flume",
        "type": "Flume",
        "Structure_Category": "Parshall Flume",
        "canal_name": "LATERAL B",
        "station": "STA 0+098.0",
        "station_m": 98,
        "offset_m": 3.06,
        "desc": "",
        "comment": "Tsag/IA name: Gamot Nicolas Bulo IA, Canal name: Lateral B, Lat. (N) 12*19'06.75\", Long (E) 121*10'37.47\", Station # 0+098, Remarks: Damaged",
        "elevation_m": 25.44,
        "photo_filename": "DSC00113.jpg",
        "photo_path": "../DCIM/1000GRMN/DSC00113.jpg",
        "surveyor_comment": "Tsag/IA name: Gamot Nicolas Bulo IA, Canal name: Lateral B, Lat. (N) 12*19'06.75\", Long (E) 121*10'37.47\", Station # 0+098, Remarks: Damaged",
        "survey_date": "2023-3-2",
        "station_source": "Native (Survey / POW)",
        "native_station": "Station # 0+098"
      },
      "geometry": {
        "type": "Point",
        "coordinates": [
          121.177215,
          12.318542
        ]
      }
    },
    {
      "type": "Feature",
      "properties": {
        "id": 275,
        "name": "Check gate with inlet of road crossing",
        "type": "Check Gate",
        "Structure_Category": "Head Gate",
        "canal_name": "LATERAL B",
        "station": "STA 2+738.0",
        "station_m": 2738,
        "offset_m": 8.09,
        "desc": "",
        "comment": "Tsag/IA name: Gamot Nicolas Bulo IA, Canal name: Lateral B, Lat. (N) 12*18'16.91\", Long (E) 121*11'50.14\",  Station # 2+738",
        "elevation_m": 23.13,
        "photo_filename": "DSC00159.jpg",
        "photo_path": "../DCIM/1000GRMN/DSC00159.jpg",
        "surveyor_comment": "Tsag/IA name: Gamot Nicolas Bulo IA, Canal name: Lateral B, Lat. (N) 12*18'16.91\", Long (E) 121*11'50.14\", Station # 2+738",
        "survey_date": "2023-3-21",
        "station_source": "Native (Survey / POW)",
        "native_station": "Station # 2+738"
      },
      "geometry": {
        "type": "Point",
        "coordinates": [
          121.19726,
          12.304698
        ]
      }
    },
    {
      "type": "Feature",
      "properties": {
        "id": 240,
        "name": "Road Crossing",
        "type": "Road Crossing",
        "Structure_Category": "Road Crossing",
        "canal_name": "LATERAL B",
        "station": "STA 1+064.0",
        "station_m": 1064,
        "offset_m": 5.81,
        "desc": "",
        "comment": "Tsag/IA name: Gamot Nicolas Bulo IA, Canal name: Lateral B, Lat. (N) 12*18'50.48\", Long (E) 121*10'06.62\", Station # 1+064",
        "elevation_m": 28.09,
        "photo_filename": "DSC00118.jpg",
        "photo_path": "../DCIM/1000GRMN/DSC00118.jpg",
        "surveyor_comment": "Tsag/IA name: Gamot Nicolas Bulo IA, Canal name: Lateral B, Lat. (N) 12*18'50.48\", Long (E) 121*10'06.62\", Station # 1+064",
        "survey_date": "2023-3-2",
        "station_source": "Native (Survey / POW)",
        "native_station": "Station # 1+064"
      },
      "geometry": {
        "type": "Point",
        "coordinates": [
          121.185172,
          12.314021
        ]
      }
    },
    {
      "type": "Feature",
      "properties": {
        "id": 242,
        "name": "Check gate with comb. of check structure",
        "type": "Check Gate",
        "Structure_Category": "Head Gate",
        "canal_name": "LATERAL B",
        "station": "STA 1+615.0",
        "station_m": 1615,
        "offset_m": 5.12,
        "desc": "",
        "comment": "Tsag/IA name: Gamot Nicolas Bulo IA, Canal name: Lateral B, Lat. (N) 12*18'38.97\", Long (E) 121*11'20.73\", Station # 1+615, Remarks: Silted",
        "elevation_m": 31.58,
        "photo_filename": "DSC00120.jpg",
        "photo_path": "../DCIM/1000GRMN/DSC00120.jpg",
        "surveyor_comment": "Tsag/IA name: Gamot Nicolas Bulo IA, Canal name: Lateral B, Lat. (N) 12*18'38.97\", Long (E) 121*11'20.73\", Station # 1+615, Remarks: Silted",
        "survey_date": "2023-3-2",
        "station_source": "Native (Survey / POW)",
        "native_station": "Station # 1+615"
      },
      "geometry": {
        "type": "Point",
        "coordinates": [
          121.189091,
          12.310824
        ]
      }
    },
    {
      "type": "Feature",
      "properties": {
        "id": 276,
        "name": "Outlet of road crossing",
        "type": "Outlet",
        "Structure_Category": "Road Crossing",
        "canal_name": "LATERAL B",
        "station": "STA 2+760.0",
        "station_m": 2760,
        "offset_m": 10.56,
        "desc": "",
        "comment": "Tsag/IA name: Gamot Nicolas Bulo IA, Canal name: Lateral B, Lat. (N) 12*18'16.22\", Long (E) 121*11'50.36\",  Station # 2+760",
        "elevation_m": 22.28,
        "photo_filename": "DSC00160.jpg",
        "photo_path": "../DCIM/1000GRMN/DSC00160.jpg",
        "surveyor_comment": "Tsag/IA name: Gamot Nicolas Bulo IA, Canal name: Lateral B, Lat. (N) 12*18'16.22\", Long (E) 121*11'50.36\", Station # 2+760",
        "survey_date": "2023-3-21",
        "station_source": "Native (Survey / POW)",
        "native_station": "Station # 2+760"
      },
      "geometry": {
        "type": "Point",
        "coordinates": [
          121.197323,
          12.304505
        ]
      }
    },
    {
      "type": "Feature",
      "properties": {
        "id": 244,
        "name": "Concrete Canal Lining",
        "type": "Other Structures",
        "Structure_Category": "Other Structures",
        "canal_name": "LATERAL B",
        "station": "STA 1+710.0",
        "station_m": 1710,
        "offset_m": 6.58,
        "desc": "",
        "comment": "Tsag/IA name: Gamot Nicolas Bulo IA, Canal name: Lateral B, Lat. (N) 12*18'37.03\", Long (E) 121*11'22.96\", Station # 1+710",
        "elevation_m": 33.53,
        "photo_filename": "DSC00123.jpg",
        "photo_path": "../DCIM/1000GRMN/DSC00123.jpg",
        "surveyor_comment": "Tsag/IA name: Gamot Nicolas Bulo IA, Canal name: Lateral B, Lat. (N) 12*18'37.03\", Long (E) 121*11'22.96\", Station # 1+710",
        "survey_date": "2023-3-2",
        "station_source": "Native (Survey / POW)",
        "native_station": "Station # 1+710"
      },
      "geometry": {
        "type": "Point",
        "coordinates": [
          121.18971,
          12.310287
        ]
      }
    },
    {
      "type": "Feature",
      "properties": {
        "id": 243,
        "name": "Thresher crossing with Drop",
        "type": "Thresher Crossing",
        "Structure_Category": "Thresher Crossing",
        "canal_name": "LATERAL B",
        "station": "STA 1+765.0",
        "station_m": 1765,
        "offset_m": 6.53,
        "desc": "",
        "comment": "Tsag/IA name: Gamot Nicolas Bulo IA, Canal name: Lateral B, Lat. (N) 12*18'37.12\", Long (E) 121*11'22.86\", Station # 1+765",
        "elevation_m": 32.4,
        "photo_filename": "DSC00121.jpg",
        "photo_path": "../DCIM/1000GRMN/DSC00121.jpg",
        "surveyor_comment": "Tsag/IA name: Gamot Nicolas Bulo IA, Canal name: Lateral B, Lat. (N) 12*18'37.12\", Long (E) 121*11'22.86\", Station # 1+765",
        "survey_date": "2023-3-2",
        "station_source": "Native (Survey / POW)",
        "native_station": "Station # 1+765"
      },
      "geometry": {
        "type": "Point",
        "coordinates": [
          121.189682,
          12.310311
        ]
      }
    },
    {
      "type": "Feature",
      "properties": {
        "id": 271,
        "name": "Turnout with Thresher Crossing",
        "type": "Turnout",
        "Structure_Category": "Thresher Crossing",
        "canal_name": "LATERAL B",
        "station": "STA 2+026.0",
        "station_m": 2026,
        "offset_m": 2.47,
        "desc": "",
        "comment": "Tsag/IA name: Gamot Nicolas Bulo IA, Canal name: Lateral B, Lat. (N) 12*18'30.66\", Long (E) 121*11'31.16, Station # 2+026",
        "elevation_m": 40.41,
        "photo_filename": "DSC00155.jpg",
        "photo_path": "../DCIM/1000GRMN/DSC00155.jpg",
        "surveyor_comment": "Tsag/IA name: Gamot Nicolas Bulo IA, Canal name: Lateral B, Lat. (N) 12*18'30.66\", Long (E) 121*11'31.16, Station # 2+026",
        "survey_date": "2023-3-21",
        "station_source": "Native (Survey / POW)",
        "native_station": "Station # 2+026"
      },
      "geometry": {
        "type": "Point",
        "coordinates": [
          121.191988,
          12.308518
        ]
      }
    },
    {
      "type": "Feature",
      "properties": {
        "id": 272,
        "name": "Combination of Drop Structure and road crossing",
        "type": "Drop",
        "Structure_Category": "Road Crossing",
        "canal_name": "LATERAL B",
        "station": "STA 2+146.0",
        "station_m": 2146,
        "offset_m": 0.43,
        "desc": "",
        "comment": "Tsag/IA name: Gamot Nicolas Bulo IA, Canal name: Lateral B, Lat. (N) 12*18'28.34\", Long (E) 121*11'34.47\",  Station #2+146",
        "elevation_m": 35.74,
        "photo_filename": "DSC00156.jpg",
        "photo_path": "../DCIM/1000GRMN/DSC00156.jpg",
        "surveyor_comment": "Tsag/IA name: Gamot Nicolas Bulo IA, Canal name: Lateral B, Lat. (N) 12*18'28.34\", Long (E) 121*11'34.47\", Station #2+146",
        "survey_date": "2023-3-21",
        "station_source": "Native (Survey / POW)",
        "native_station": "Station #2+146"
      },
      "geometry": {
        "type": "Point",
        "coordinates": [
          121.192908,
          12.307872
        ]
      }
    },
    {
      "type": "Feature",
      "properties": {
        "id": 274,
        "name": "Beginning of Earth Canal",
        "type": "Other Structures",
        "Structure_Category": "Other Structures",
        "canal_name": "LATERAL B",
        "station": "STA 2+300.0",
        "station_m": 2300,
        "offset_m": 0.46,
        "desc": "",
        "comment": "Tsag/IA name: Gamot Nicolas Bulo IA, Canal name: Lateral B, Lat. (N) 12*18'25.60\", Long (E) 121*11'38.51\",  Station # 2+300",
        "elevation_m": 28.34,
        "photo_filename": "DSC00158.jpg",
        "photo_path": "../DCIM/1000GRMN/DSC00158.jpg",
        "surveyor_comment": "Tsag/IA name: Gamot Nicolas Bulo IA, Canal name: Lateral B, Lat. (N) 12*18'25.60\", Long (E) 121*11'38.51\", Station # 2+300",
        "survey_date": "2023-3-21",
        "station_source": "Native (Survey / POW)",
        "native_station": "Station # 2+300"
      },
      "geometry": {
        "type": "Point",
        "coordinates": [
          121.194032,
          12.30711
        ]
      }
    },
    {
      "type": "Feature",
      "properties": {
        "id": 273,
        "name": "Concrete canal",
        "type": "Other Structures",
        "Structure_Category": "Other Structures",
        "canal_name": "LATERAL B",
        "station": "STA 2+300.0",
        "station_m": 2300,
        "offset_m": 2.03,
        "desc": "",
        "comment": "Tsag/IA name: Gamot Nicolas Bulo IA, Canal name: Lateral B, Lat. (N) 12*18'25.62\", Long (E) 121*11'38.57\",  Station # 2+300",
        "elevation_m": 33.66,
        "photo_filename": "DSC00157.jpg",
        "photo_path": "../DCIM/1000GRMN/DSC00157.jpg",
        "surveyor_comment": "Tsag/IA name: Gamot Nicolas Bulo IA, Canal name: Lateral B, Lat. (N) 12*18'25.62\", Long (E) 121*11'38.57\", Station # 2+300",
        "survey_date": "2023-3-21",
        "station_source": "Native (Survey / POW)",
        "native_station": "Station # 2+300"
      },
      "geometry": {
        "type": "Point",
        "coordinates": [
          121.194046,
          12.307118
        ]
      }
    },
    {
      "type": "Feature",
      "properties": {
        "id": 69,
        "name": "Trapezoidal canal",
        "type": "Other Structures",
        "Structure_Category": "Other Structures",
        "canal_name": "LATERAL B",
        "station": "STA 3+315.0",
        "station_m": 3315,
        "offset_m": 0.86,
        "desc": "",
        "comment": "Tsag/IA name: Gamot Nicolas Bulo IA, Canal name: Lateral B, Lat. (N) 12*17'58.80\", Long (E) 121*11'50.0\",  Station # 3+315",
        "elevation_m": 20.05,
        "photo_filename": "DSC00207.jpg",
        "photo_path": "../DCIM/10GRMN/DSC00207.jpg",
        "surveyor_comment": "Tsag/IA name: Gamot Nicolas Bulo IA, Canal name: Lateral B, Lat. (N) 12*17'58.80\", Long (E) 121*11'50.0\", Station # 3+315",
        "survey_date": "2023-3-22",
        "station_source": "Native (Survey / POW)",
        "native_station": "Station # 3+315"
      },
      "geometry": {
        "type": "Point",
        "coordinates": [
          121.197227,
          12.299672
        ]
      }
    },
    {
      "type": "Feature",
      "properties": {
        "id": 70,
        "name": "Road crossing",
        "type": "Road Crossing",
        "Structure_Category": "Road Crossing",
        "canal_name": "LATERAL B",
        "station": "STA 3+689.0",
        "station_m": 3689,
        "offset_m": 3.8,
        "desc": "",
        "comment": "Tsag/IA name: Gamot Nicolas Bulo IA, Canal name: Lateral B, Lat. (N) 12*17'47.20\", Long (E) 121*11'48.10\",  Station # 3+689, Remarks: for repair and silted",
        "elevation_m": 16.52,
        "photo_filename": "DSC00208.jpg",
        "photo_path": "../DCIM/10GRMN/DSC00208.jpg",
        "surveyor_comment": "Tsag/IA name: Gamot Nicolas Bulo IA, Canal name: Lateral B, Lat. (N) 12*17'47.20\", Long (E) 121*11'48.10\", Station # 3+689, Remarks: for repair and silted",
        "survey_date": "2023-3-22",
        "station_source": "Native (Survey / POW)",
        "native_station": "Station # 3+689"
      },
      "geometry": {
        "type": "Point",
        "coordinates": [
          121.196691,
          12.296443
        ]
      }
    },
    {
      "type": "Feature",
      "properties": {
        "id": 75,
        "name": "Combination of drop structure and thresher crossing",
        "type": "Drop",
        "Structure_Category": "Thresher Crossing",
        "canal_name": "LATERAL B",
        "station": "STA 4+167.0",
        "station_m": 4167,
        "offset_m": 3.52,
        "desc": "",
        "comment": "Tsag/IA name: Gamot Nicolas Bulo IA, Canal name: Lateral B, Lat. (N) 12*17'31.70\", Long (E) 121*11'47.70\",  Station # 4+167 - 4+172, Rmarks: for repair and silted",
        "elevation_m": 8.67,
        "photo_filename": "DSC00217.jpg",
        "photo_path": "../DCIM/10GRMN/DSC00217.jpg",
        "surveyor_comment": "Tsag/IA name: Gamot Nicolas Bulo IA, Canal name: Lateral B, Lat. (N) 12*17'31.70\", Long (E) 121*11'47.70\", Station # 4+167 - 4+172, Rmarks: for repair and silted",
        "survey_date": "2023-3-22",
        "station_source": "Native (Survey / POW)",
        "native_station": "Station # 4+167"
      },
      "geometry": {
        "type": "Point",
        "coordinates": [
          121.196579,
          12.292137
        ]
      }
    },
    {
      "type": "Feature",
      "properties": {
        "id": 77,
        "name": "Turnout (Left side)",
        "type": "Turnout",
        "Structure_Category": "Turnout (TO)",
        "canal_name": "LATERAL B",
        "station": "STA 4+424.0",
        "station_m": 4424,
        "offset_m": 0.33,
        "desc": "",
        "comment": "Tsag/IA name: Gamot Nicolas Bulo IA, Canal name: Lateral B, Lat. (N) 12*17'23.20\", Long (E) 121*11'47.50\",  Station # 4+424, Remarks: for repair and silted",
        "elevation_m": 4.93,
        "photo_filename": "DSC00220.jpg",
        "photo_path": "../DCIM/10GRMN/DSC00220.jpg",
        "surveyor_comment": "Tsag/IA name: Gamot Nicolas Bulo IA, Canal name: Lateral B, Lat. (N) 12*17'23.20\", Long (E) 121*11'47.50\", Station # 4+424, Remarks: for repair and silted",
        "survey_date": "2023-3-22",
        "station_source": "Native (Survey / POW)",
        "native_station": "Station # 4+424"
      },
      "geometry": {
        "type": "Point",
        "coordinates": [
          121.196533,
          12.289791
        ]
      }
    },
    {
      "type": "Feature",
      "properties": {
        "id": 74,
        "name": "Turnout (right side)",
        "type": "Turnout",
        "Structure_Category": "Turnout (TO)",
        "canal_name": "LATERAL B",
        "station": "STA 4+167.0",
        "station_m": 4167,
        "offset_m": 1.76,
        "desc": "",
        "comment": "Tsag/IA name: Gamot Nicolas Bulo IA, Canal name: Lateral B, Lat. (N) 12*17'31.50\", Long (E) 121*11'47.70\",  Station # 4+167, Remarks: for repair and silted",
        "elevation_m": 6.85,
        "photo_filename": "DSC00216.jpg",
        "photo_path": "../DCIM/10GRMN/DSC00216.jpg",
        "surveyor_comment": "Tsag/IA name: Gamot Nicolas Bulo IA, Canal name: Lateral B, Lat. (N) 12*17'31.50\", Long (E) 121*11'47.70\", Station # 4+167, Remarks: for repair and silted",
        "survey_date": "2023-3-22",
        "station_source": "Native (Survey / POW)",
        "native_station": "Station # 4+167"
      },
      "geometry": {
        "type": "Point",
        "coordinates": [
          121.196593,
          12.292097
        ]
      }
    },
    {
      "type": "Feature",
      "properties": {
        "id": 78,
        "name": "Combination of drop structure and road crossing",
        "type": "Drop",
        "Structure_Category": "Road Crossing",
        "canal_name": "LATERAL B",
        "station": "STA 4+585.0",
        "station_m": 4585,
        "offset_m": 2.9,
        "desc": "",
        "comment": "Tsag/IA name: Gamot Nicolas Bulo IA, Canal name: Lateral B, Lat. (N) 12*17'18.30\", Long (E) 121*11'46.30\",  Station # 4+585, Remarks: for repair and siltred",
        "elevation_m": 7.28,
        "photo_filename": "DSC00221.jpg",
        "photo_path": "../DCIM/10GRMN/DSC00221.jpg",
        "surveyor_comment": "Tsag/IA name: Gamot Nicolas Bulo IA, Canal name: Lateral B, Lat. (N) 12*17'18.30\", Long (E) 121*11'46.30\", Station # 4+585, Remarks: for repair and siltred",
        "survey_date": "2023-3-22",
        "station_source": "Native (Survey / POW)",
        "native_station": "Station # 4+585"
      },
      "geometry": {
        "type": "Point",
        "coordinates": [
          121.196186,
          12.288416
        ]
      }
    },
    {
      "type": "Feature",
      "properties": {
        "id": 95,
        "name": "Canal lining",
        "type": "Other Structures",
        "Structure_Category": "Other Structures",
        "canal_name": "LATERAL B2",
        "station": "STA 1+276.0",
        "station_m": 1276,
        "offset_m": 1.48,
        "desc": "",
        "comment": "Tsag/IA name: Gamot Nicolas Bulo IA, Canal name: Lateral B2, Lat. (N) 12*17'47.10\", Long (E) 121*11'34.0\",  Station # 1+276",
        "elevation_m": 14.92,
        "photo_filename": "DSC00251.jpg",
        "photo_path": "../DCIM/10GRMN/DSC00251.jpg",
        "surveyor_comment": "Tsag/IA name: Gamot Nicolas Bulo IA, Canal name: Lateral B2, Lat. (N) 12*17'47.10\", Long (E) 121*11'34.0\", Station # 1+276",
        "survey_date": "2023-3-29",
        "station_source": "Native (Survey / POW)",
        "native_station": "Station # 1+276"
      },
      "geometry": {
        "type": "Point",
        "coordinates": [
          121.192774,
          12.296409
        ]
      }
    },
    {
      "type": "Feature",
      "properties": {
        "id": 97,
        "name": "Turnout",
        "type": "Turnout",
        "Structure_Category": "Turnout (TO)",
        "canal_name": "LATERAL B2",
        "station": "STA 1+295.0",
        "station_m": 1295,
        "offset_m": 0.49,
        "desc": "",
        "comment": "Tsag/IA name: Gamot Nicolas Bulo IA, Canal name: Lateral B2, Lat. (N) 12*17'47.10\", Long (E) 121*11'33.3\",  Station # 1+295",
        "elevation_m": 14.96,
        "photo_filename": "DSC00254.jpg",
        "photo_path": "../DCIM/10GRMN/DSC00254.jpg",
        "surveyor_comment": "Tsag/IA name: Gamot Nicolas Bulo IA, Canal name: Lateral B2, Lat. (N) 12*17'47.10\", Long (E) 121*11'33.3\", Station # 1+295",
        "survey_date": "2023-3-29",
        "station_source": "Native (Survey / POW)",
        "native_station": "Station # 1+295"
      },
      "geometry": {
        "type": "Point",
        "coordinates": [
          121.1926,
          12.296424
        ]
      }
    },
    {
      "type": "Feature",
      "properties": {
        "id": 98,
        "name": "Thresher crossing",
        "type": "Thresher Crossing",
        "Structure_Category": "Thresher Crossing",
        "canal_name": "LATERAL B2",
        "station": "STA 1+298.0",
        "station_m": 1298,
        "offset_m": 0.9,
        "desc": "",
        "comment": "Tsag/IA name: Gamot Nicolas Bulo IA, Canal name: Lateral B2, Lat. (N) 12*17'47.10\", Long (E) 121*11'33.2\",  Station # 1+298 - 1+302",
        "elevation_m": 15.87,
        "photo_filename": "DSC00255.jpg",
        "photo_path": "../DCIM/10GRMN/DSC00255.jpg",
        "surveyor_comment": "Tsag/IA name: Gamot Nicolas Bulo IA, Canal name: Lateral B2, Lat. (N) 12*17'47.10\", Long (E) 121*11'33.2\", Station # 1+298 - 1+302",
        "survey_date": "2023-3-29",
        "station_source": "Native (Survey / POW)",
        "native_station": "Station # 1+298"
      },
      "geometry": {
        "type": "Point",
        "coordinates": [
          121.192555,
          12.296427
        ]
      }
    },
    {
      "type": "Feature",
      "properties": {
        "id": 100,
        "name": "Turnout (Both side)",
        "type": "Turnout",
        "Structure_Category": "Turnout (TO)",
        "canal_name": "LATERAL B2",
        "station": "STA 1+480.0",
        "station_m": 1480,
        "offset_m": 4.69,
        "desc": "",
        "comment": "Tsag/IA name: Gamot Nicolas Bulo IA, Canal name: Lateral B2, Lat. (N) 12*17'47.20\", Long (E) 121*11'26.90\",  Station # 1+480",
        "elevation_m": 17.59,
        "photo_filename": "DSC00257.jpg",
        "photo_path": "../DCIM/10GRMN/DSC00257.jpg",
        "surveyor_comment": "Tsag/IA name: Gamot Nicolas Bulo IA, Canal name: Lateral B2, Lat. (N) 12*17'47.20\", Long (E) 121*11'26.90\", Station # 1+480",
        "survey_date": "2023-3-29",
        "station_source": "Native (Survey / POW)",
        "native_station": "Station # 1+480"
      },
      "geometry": {
        "type": "Point",
        "coordinates": [
          121.190804,
          12.29645
        ]
      }
    },
    {
      "type": "Feature",
      "properties": {
        "id": 101,
        "name": "Thresher crossing",
        "type": "Thresher Crossing",
        "Structure_Category": "Thresher Crossing",
        "canal_name": "LATERAL B2",
        "station": "STA 1+505.0",
        "station_m": 1505,
        "offset_m": 2.82,
        "desc": "",
        "comment": "Tsag/IA name: Gamot Nicolas Bulo IA, Canal name: Lateral B2, Lat. (N) 12*17'47.20\", Long (E) 121*11'26.30\",  Station # 1+505 - 1+509.5",
        "elevation_m": 16.35,
        "photo_filename": "DSC00258.jpg",
        "photo_path": "../DCIM/10GRMN/DSC00258.jpg",
        "surveyor_comment": "Tsag/IA name: Gamot Nicolas Bulo IA, Canal name: Lateral B2, Lat. (N) 12*17'47.20\", Long (E) 121*11'26.30\", Station # 1+505 - 1+509.5",
        "survey_date": "2023-3-29",
        "station_source": "Native (Survey / POW)",
        "native_station": "Station # 1+505"
      },
      "geometry": {
        "type": "Point",
        "coordinates": [
          121.190646,
          12.296431
        ]
      }
    },
    {
      "type": "Feature",
      "properties": {
        "id": 102,
        "name": "Thresher Crossing",
        "type": "Thresher Crossing",
        "Structure_Category": "Thresher Crossing",
        "canal_name": "LATERAL B2",
        "station": "STA 1+584.8",
        "station_m": 1584.8,
        "offset_m": 3.68,
        "desc": "",
        "comment": "Tsag/IA name: Gamot Nicolas Bulo IA, Canal name: Lateral B2, Lat. (N) 12*17'47.20\", Long (E) 121*11'26.30\",  Station # 1+584.8 - 1+509.3",
        "elevation_m": 14.29,
        "photo_filename": "DSC00259.jpg",
        "photo_path": "../DCIM/10GRMN/DSC00259.jpg",
        "surveyor_comment": "Tsag/IA name: Gamot Nicolas Bulo IA, Canal name: Lateral B2, Lat. (N) 12*17'47.20\", Long (E) 121*11'26.30\", Station # 1+584.8 - 1+509.3",
        "survey_date": "2023-3-29",
        "station_source": "Native (Survey / POW)",
        "native_station": "Station # 1+584.8"
      },
      "geometry": {
        "type": "Point",
        "coordinates": [
          121.189905,
          12.296434
        ]
      }
    },
    {
      "type": "Feature",
      "properties": {
        "id": 105,
        "name": "Thresher crossing",
        "type": "Thresher Crossing",
        "Structure_Category": "Thresher Crossing",
        "canal_name": "LATERAL B2",
        "station": "STA 1+790.0",
        "station_m": 1790,
        "offset_m": 6.7,
        "desc": "",
        "comment": "Tsag/IA name: Gamot Nicolas Bulo IA, Canal name: Lateral B2, Lat. (N) 12*17'47.40\", Long (E) 121*11'16.90\",  Station # 1+790 - 1+794.20",
        "elevation_m": 14.88,
        "photo_filename": "DSC00262.jpg",
        "photo_path": "../DCIM/10GRMN/DSC00262.jpg",
        "surveyor_comment": "Tsag/IA name: Gamot Nicolas Bulo IA, Canal name: Lateral B2, Lat. (N) 12*17'47.40\", Long (E) 121*11'16.90\", Station # 1+790 - 1+794.20",
        "survey_date": "2023-3-29",
        "station_source": "Native (Survey / POW)",
        "native_station": "Station # 1+790"
      },
      "geometry": {
        "type": "Point",
        "coordinates": [
          121.188032,
          12.29649
        ]
      }
    },
    {
      "type": "Feature",
      "properties": {
        "id": 93,
        "name": "Road crossing",
        "type": "Road Crossing",
        "Structure_Category": "Road Crossing",
        "canal_name": "LATERAL B2",
        "station": "STA 0+354.0",
        "station_m": 354,
        "offset_m": 10.3,
        "desc": "",
        "comment": "Tsag/IA name: Gamot Nicolas Bulo IA, Canal name: Lateral B2, Lat. (N) 12*18'17.10\", Long (E) 121*11'33.20\",  Station # 0+354 - 0+359",
        "elevation_m": 21.69,
        "photo_filename": "DSC00249.jpg",
        "photo_path": "../DCIM/10GRMN/DSC00249.jpg",
        "surveyor_comment": "Tsag/IA name: Gamot Nicolas Bulo IA, Canal name: Lateral B2, Lat. (N) 12*18'17.10\", Long (E) 121*11'33.20\", Station # 0+354 - 0+359",
        "survey_date": "2023-3-22",
        "station_source": "Native (Survey / POW)",
        "native_station": "Station # 0+354"
      },
      "geometry": {
        "type": "Point",
        "coordinates": [
          121.192569,
          12.304752
        ]
      }
    },
    {
      "type": "Feature",
      "properties": {
        "id": 91,
        "name": "Combination of turnout and thresher crossing",
        "type": "Turnout",
        "Structure_Category": "Thresher Crossing",
        "canal_name": "LATERAL B2",
        "station": "STA 0+077.5",
        "station_m": 77.5,
        "offset_m": 1.6,
        "desc": "",
        "comment": "Tsag/IA name: Gamot Nicolas Bulo IA, Canal name: Lateral B2, Lat. (N) 12*18'26.0\", Long (E) 121*11'34.10\",  Station # 0+77.5",
        "elevation_m": 20.74,
        "photo_filename": "DSC00245.jpg",
        "photo_path": "../DCIM/10GRMN/DSC00245.jpg",
        "surveyor_comment": "Tsag/IA name: Gamot Nicolas Bulo IA, Canal name: Lateral B2, Lat. (N) 12*18'26.0\", Long (E) 121*11'34.10\", Station # 0+77.5",
        "survey_date": "2023-3-22",
        "station_source": "Native (Survey / POW)",
        "native_station": "Station # 0+77.5"
      },
      "geometry": {
        "type": "Point",
        "coordinates": [
          121.192819,
          12.307228
        ]
      }
    },
    {
      "type": "Feature",
      "properties": {
        "id": 90,
        "name": "Turnout (left side)",
        "type": "Turnout",
        "Structure_Category": "Turnout (TO)",
        "canal_name": "LATERAL B2",
        "station": "STA 0+017.0",
        "station_m": 17,
        "offset_m": 3.84,
        "desc": "",
        "comment": "Tsag/IA name: Gamot Nicolas Bulo IA, Canal name: Lateral B2, Lat. (N) 12*18'27.90\", Long (E) 121*11'34.30\",  Station # 0+017",
        "elevation_m": 21.87,
        "photo_filename": "DSC00244.jpg",
        "photo_path": "../DCIM/10GRMN/DSC00244.jpg",
        "surveyor_comment": "Tsag/IA name: Gamot Nicolas Bulo IA, Canal name: Lateral B2, Lat. (N) 12*18'27.90\", Long (E) 121*11'34.30\", Station # 0+017",
        "survey_date": "2023-3-22",
        "station_source": "Native (Survey / POW)",
        "native_station": "Station # 0+017"
      },
      "geometry": {
        "type": "Point",
        "coordinates": [
          121.192863,
          12.307758
        ]
      }
    },
    {
      "type": "Feature",
      "properties": {
        "id": 111,
        "name": "Check gate combination of road crossing",
        "type": "Check Gate",
        "Structure_Category": "Head Gate",
        "canal_name": "LATERAL B1-1",
        "station": "STA 0+372.0",
        "station_m": 372,
        "offset_m": 4.4,
        "desc": "",
        "comment": "Tsag/IA name: Gamot Nicolas Bulo IA, Canal name: Lateral B1, Lat. (N) 12*18'35.02\", Long (E) 121*11'06.08\",  Station # 0+372, Remarks: Silted",
        "elevation_m": 49.71,
        "photo_filename": "DSC00104.jpg",
        "photo_path": "../DCIM/10GRMN/DSC00104.jpg",
        "surveyor_comment": "Tsag/IA name: Gamot Nicolas Bulo IA, Canal name: Lateral B1, Lat. (N) 12*18'35.02\", Long (E) 121*11'06.08\", Station # 0+372, Remarks: Silted",
        "survey_date": "2023-3-2",
        "station_source": "Native (Survey / POW)",
        "native_station": "Station # 0+372"
      },
      "geometry": {
        "type": "Point",
        "coordinates": [
          121.185229,
          12.309739
        ]
      }
    },
    {
      "type": "Feature",
      "properties": {
        "id": 87,
        "name": "End of Earth canal",
        "type": "Other Structures",
        "Structure_Category": "Other Structures",
        "canal_name": "LATERAL B1-B",
        "station": "STA 0+910.0",
        "station_m": 910,
        "offset_m": 3.86,
        "desc": "",
        "comment": "Tsag/IA name: Inipitan calawag sibalat IA, Canal name: Lateral B1-B, Lat. (N) 12*16'30.03\", Long (E) 121*10'38.40\",  Station # 0+910, Remarks: Damaged",
        "elevation_m": 15.72,
        "photo_filename": "DSC00236.jpg",
        "photo_path": "../DCIM/10GRMN/DSC00236.jpg",
        "surveyor_comment": "Tsag/IA name: Inipitan calawag sibalat IA, Canal name: Lateral B1-B, Lat. (N) 12*16'30.03\", Long (E) 121*10'38.40\", Station # 0+910, Remarks: Damaged",
        "survey_date": "2023-3-22",
        "station_source": "Native (Survey / POW)",
        "native_station": "Station # 0+910"
      },
      "geometry": {
        "type": "Point",
        "coordinates": [
          121.177321,
          12.275096
        ]
      }
    },
    {
      "type": "Feature",
      "properties": {
        "id": 110,
        "name": "Turnout (both side)",
        "type": "Turnout",
        "Structure_Category": "Turnout (TO)",
        "canal_name": "LATERAL B1-1",
        "station": "STA 0+367.0",
        "station_m": 367,
        "offset_m": 0.67,
        "desc": "",
        "comment": "Tsag/IA name: Inipitan calawag sibalat IA, Canal name: Lateral B1-1, Lat. (N) 12*18'35.03\", Long (E) 121*11'06.09\",  Station # 0+367, Remarks: Damaged",
        "elevation_m": 52.47,
        "photo_filename": "DSC00102.jpg",
        "photo_path": "../DCIM/10GRMN/DSC00102.jpg",
        "surveyor_comment": "Tsag/IA name: Inipitan calawag sibalat IA, Canal name: Lateral B1-1, Lat. (N) 12*18'35.03\", Long (E) 121*11'06.09\", Station # 0+367, Remarks: Damaged",
        "survey_date": "2023-3-2",
        "station_source": "Native (Survey / POW)",
        "native_station": "Station # 0+367"
      },
      "geometry": {
        "type": "Point",
        "coordinates": [
          121.185248,
          12.309813
        ]
      }
    },
    {
      "type": "Feature",
      "properties": {
        "id": 113,
        "name": "End of concrete canal lining",
        "type": "Other Structures",
        "Structure_Category": "Other Structures",
        "canal_name": "LATERAL B1-1",
        "station": "STA 0+078.0",
        "station_m": 78,
        "offset_m": 2.03,
        "desc": "",
        "comment": "Tsag/IA name: Inipitan calawag sibalat IA, Canal name: Lateral B1-1, Lat. (N) 12*18'18.03\", Long (E) 121*11'51.07\",  Station # 0+078, Remarks: Damaged",
        "elevation_m": 41.14,
        "photo_filename": "DSC00108.jpg",
        "photo_path": "../DCIM/10GRMN/DSC00108.jpg",
        "surveyor_comment": "Tsag/IA name: Inipitan calawag sibalat IA, Canal name: Lateral B1-1, Lat. (N) 12*18'18.03\", Long (E) 121*11'51.07\", Station # 0+078, Remarks: Damaged",
        "survey_date": "2023-3-2",
        "station_source": "Native (Survey / POW)",
        "native_station": "Station # 0+078"
      },
      "geometry": {
        "type": "Point",
        "coordinates": [
          121.181035,
          12.305091
        ]
      }
    },
    {
      "type": "Feature",
      "properties": {
        "id": 115,
        "name": "Road crossing and combination of check gate",
        "type": "Check Gate",
        "Structure_Category": "Head Gate",
        "canal_name": "LATERAL B1-1",
        "station": "STA 1+665.0",
        "station_m": 1665,
        "offset_m": 2.53,
        "desc": "",
        "comment": "Tsag/IA name: Inipitan calawag sibalat IA, Canal name: Lateral B1-1, Lat. (N) 12*18'16.68\", Long (E) 121*10'33.09\",  Station # 1+665, Remarks: silted",
        "elevation_m": 31.82,
        "photo_filename": "DSC00110.jpg",
        "photo_path": "../DCIM/10GRMN/DSC00110.jpg",
        "surveyor_comment": "Tsag/IA name: Inipitan calawag sibalat IA, Canal name: Lateral B1-1, Lat. (N) 12*18'16.68\", Long (E) 121*10'33.09\", Station # 1+665, Remarks: silted",
        "survey_date": "2023-3-2",
        "station_source": "Native (Survey / POW)",
        "native_station": "Station # 1+665"
      },
      "geometry": {
        "type": "Point",
        "coordinates": [
          121.176078,
          12.303007
        ]
      }
    },
    {
      "type": "Feature",
      "properties": {
        "id": 114,
        "name": "Road crossing",
        "type": "Road Crossing",
        "Structure_Category": "Road Crossing",
        "canal_name": "LATERAL B1-1",
        "station": "STA 1+225.0",
        "station_m": 1225,
        "offset_m": 0.99,
        "desc": "",
        "comment": "Tsag/IA name: Inipitan calawag sibalat IA, Canal name: Lateral B1-1, Lat. (N) 12*18'15.08\", Long (E) 121*10'47.07\",  Station # 1+225, Remarks: silted",
        "elevation_m": 36.23,
        "photo_filename": "DSC00109.jpg",
        "photo_path": "../DCIM/10GRMN/DSC00109.jpg",
        "surveyor_comment": "Tsag/IA name: Inipitan calawag sibalat IA, Canal name: Lateral B1-1, Lat. (N) 12*18'15.08\", Long (E) 121*10'47.07\", Station # 1+225, Remarks: silted",
        "survey_date": "2023-3-2",
        "station_source": "Native (Survey / POW)",
        "native_station": "Station # 1+225"
      },
      "geometry": {
        "type": "Point",
        "coordinates": [
          121.179914,
          12.304389
        ]
      }
    },
    {
      "type": "Feature",
      "properties": {
        "id": 116,
        "name": "Turnout (left side)",
        "type": "Turnout",
        "Structure_Category": "Turnout (TO)",
        "canal_name": "LATERAL B1-1",
        "station": "STA 1+660.0",
        "station_m": 1660,
        "offset_m": 7.04,
        "desc": "",
        "comment": "Tsag/IA name: Inipitan calawag sibalat IA, Canal name: Lateral B1-1, Lat. (N) 12*18'16.68\", Long (E) 121*10'34.02\",  Station # 1+660, Remarks: silted",
        "elevation_m": 31.06,
        "photo_filename": "DSC00112.jpg",
        "photo_path": "../DCIM/10GRMN/DSC00112.jpg",
        "surveyor_comment": "Tsag/IA name: Inipitan calawag sibalat IA, Canal name: Lateral B1-1, Lat. (N) 12*18'16.68\", Long (E) 121*10'34.02\", Station # 1+660, Remarks: silted",
        "survey_date": "2023-3-2",
        "station_source": "Native (Survey / POW)",
        "native_station": "Station # 1+660"
      },
      "geometry": {
        "type": "Point",
        "coordinates": [
          121.176154,
          12.302991
        ]
      }
    },
    {
      "type": "Feature",
      "properties": {
        "id": 256,
        "name": "Division box",
        "type": "Other Structures",
        "Structure_Category": "Other Structures",
        "canal_name": "LATERAL B1-A",
        "station": "STA 0+415.0",
        "station_m": 415,
        "offset_m": 8.87,
        "desc": "",
        "comment": "Tsag/IA name: Inipitan calawag sibalat IA, Canal name: Lateral B1-A, Lat. (N) 12*17'59.09\", Long (E) 121*10'40.80\",  Station # 0+415, Remarks: Silted / for repair",
        "elevation_m": 19.88,
        "photo_filename": "DSC00136.jpg",
        "photo_path": "../DCIM/1000GRMN/DSC00136.jpg",
        "surveyor_comment": "Tsag/IA name: Inipitan calawag sibalat IA, Canal name: Lateral B1-A, Lat. (N) 12*17'59.09\", Long (E) 121*10'40.80\", Station # 0+415, Remarks: Silted / for repair",
        "survey_date": "2023-3-21",
        "station_source": "Native (Survey / POW)",
        "native_station": "Station # 0+415"
      },
      "geometry": {
        "type": "Point",
        "coordinates": [
          121.178,
          12.299746
        ]
      }
    },
    {
      "type": "Feature",
      "properties": {
        "id": 259,
        "name": "Combined turnout and thresher crossing with division box",
        "type": "Turnout",
        "Structure_Category": "Thresher Crossing",
        "canal_name": "LATERAL B1-A",
        "station": "STA 0+844.0",
        "station_m": 844,
        "offset_m": 0.84,
        "desc": "",
        "comment": "Tsag/IA name: Inipitan calawag sibalat IA, Canal name: Lateral B1-A, Lat. (N) 12*17'47.44\", Long (E) 121*10'48.28\",  Station # 0+844, Remarks: silted / for repair",
        "elevation_m": 18.01,
        "photo_filename": "DSC00139.jpg",
        "photo_path": "../DCIM/1000GRMN/DSC00139.jpg",
        "surveyor_comment": "Tsag/IA name: Inipitan calawag sibalat IA, Canal name: Lateral B1-A, Lat. (N) 12*17'47.44\", Long (E) 121*10'48.28\", Station # 0+844, Remarks: silted / for repair",
        "survey_date": "2023-3-21",
        "station_source": "Native (Survey / POW)",
        "native_station": "Station # 0+844"
      },
      "geometry": {
        "type": "Point",
        "coordinates": [
          121.180078,
          12.29651
        ]
      }
    },
    {
      "type": "Feature",
      "properties": {
        "id": 260,
        "name": "Drop structure and combination of thresher crossing",
        "type": "Drop",
        "Structure_Category": "Thresher Crossing",
        "canal_name": "LATERAL B1-A",
        "station": "STA 1+260.0",
        "station_m": 1260,
        "offset_m": 0.07,
        "desc": "",
        "comment": "Tsag/IA name: Inipitan calawag sibalat IA, Canal name: Lateral B1-A, Lat. (N) 12*17'34.51\", Long (E) 121*10'51.37\",  Station # 1+260, Remarks: Silted / for repair",
        "elevation_m": 16.06,
        "photo_filename": "DSC00140.jpg",
        "photo_path": "../DCIM/1000GRMN/DSC00140.jpg",
        "surveyor_comment": "Tsag/IA name: Inipitan calawag sibalat IA, Canal name: Lateral B1-A, Lat. (N) 12*17'34.51\", Long (E) 121*10'51.37\", Station # 1+260, Remarks: Silted / for repair",
        "survey_date": "2023-3-21",
        "station_source": "Native (Survey / POW)",
        "native_station": "Station # 1+260"
      },
      "geometry": {
        "type": "Point",
        "coordinates": [
          121.180935,
          12.29292
        ]
      }
    },
    {
      "type": "Feature",
      "properties": {
        "id": 85,
        "name": "Head gate",
        "type": "Head Gate",
        "Structure_Category": "Head Gate",
        "canal_name": "LATERAL B1-B",
        "station": "STA 0+820.0",
        "station_m": 820,
        "offset_m": 8.79,
        "desc": "",
        "comment": "Tsag/IA name: Inipitan calawag sibalat IA, Canal name: Lateral B1-B, Lat. (N) 12*16'21.0\", Long (E) 121*10'10.07\",  Station # 0+820, Remarks: For repair / silted",
        "elevation_m": 10.6,
        "photo_filename": "DSC00231.jpg",
        "photo_path": "../DCIM/10GRMN/DSC00231.jpg",
        "surveyor_comment": "Tsag/IA name: Inipitan calawag sibalat IA, Canal name: Lateral B1-B, Lat. (N) 12*16'21.0\", Long (E) 121*10'10.07\", Station # 0+820, Remarks: For repair / silted",
        "survey_date": "2023-3-22",
        "station_source": "Native (Survey / POW)",
        "native_station": "Station # 0+820"
      },
      "geometry": {
        "type": "Point",
        "coordinates": [
          121.169635,
          12.272489
        ]
      }
    },
    {
      "type": "Feature",
      "properties": {
        "id": 300,
        "name": "Solar pump",
        "type": "Waterpump",
        "Structure_Category": "Other Structures",
        "canal_name": "Off-Canal",
        "station": "STA 5+582.9",
        "station_m": 5582.85,
        "offset_m": 239.72,
        "desc": "",
        "comment": "Tsag/IA name: Sibalat IA, Canal name: Solar pump, Lat. (N) 12*16'17.66\", Long (E) 121*10'03.28\",  Station # , Remarks:",
        "elevation_m": 21.49,
        "photo_filename": "DSC00188.jpg",
        "photo_path": "../DCIM/1000GRMN/DSC00188.jpg",
        "surveyor_comment": "Tsag/IA name: Sibalat IA, Canal name: Solar pump, Lat. (N) 12*16'17.66\", Long (E) 121*10'03.28\", Station # , Remarks:",
        "survey_date": "2023-3-30",
        "station_source": "Geometric Projection",
        "native_station": null
      },
      "geometry": {
        "type": "Point",
        "coordinates": [
          121.167579,
          12.271571
        ]
      }
    },
    {
      "type": "Feature",
      "properties": {
        "id": 298,
        "name": "solar pump",
        "type": "Waterpump",
        "Structure_Category": "Other Structures",
        "canal_name": "Off-Canal",
        "station": "STA 6+717.0",
        "station_m": 6716.97,
        "offset_m": 361.57,
        "desc": "",
        "comment": "Tsag/IA name: Sibalat IA, Canal name: Solar pump, Lat. (N) 12*15'54.06\", Long (E) 121*10'48.94\",  Station # , Remarks:",
        "elevation_m": 30.37,
        "photo_filename": "DSC00186.jpg",
        "photo_path": "../DCIM/1000GRMN/DSC00186.jpg",
        "surveyor_comment": "Tsag/IA name: Sibalat IA, Canal name: Solar pump, Lat. (N) 12*15'54.06\", Long (E) 121*10'48.94\", Station # , Remarks:",
        "survey_date": "2023-3-30",
        "station_source": "Geometric Projection",
        "native_station": null
      },
      "geometry": {
        "type": "Point",
        "coordinates": [
          121.180262,
          12.265017
        ]
      }
    },
    {
      "type": "Feature",
      "properties": {
        "id": 130,
        "name": "Thresher crossing comb. of checkgate and turnout",
        "type": "Thresher Crossing",
        "Structure_Category": "Head Gate",
        "canal_name": "LATERAL B1-1",
        "station": "STA 5+677.0",
        "station_m": 5677,
        "offset_m": 5,
        "desc": "",
        "comment": "Tsag/IA name: Inipitan calawag  IA, Canal name: Lateral B1-1, Lat. (N) 12*16'21.01\", Long (E) 121*10'10.09\",  Station # 5+677, Remarks: Silted",
        "elevation_m": -15.98,
        "photo_filename": "DSC00129.jpg",
        "photo_path": "../DCIM/10GRMN/DSC00129.jpg",
        "surveyor_comment": "Tsag/IA name: Inipitan calawag IA, Canal name: Lateral B1-1, Lat. (N) 12*16'21.01\", Long (E) 121*10'10.09\", Station # 5+677, Remarks: Silted",
        "survey_date": "2023-3-3",
        "station_source": "Native (Survey / POW)",
        "native_station": "Station # 5+677"
      },
      "geometry": {
        "type": "Point",
        "coordinates": [
          121.169709,
          12.272493
        ]
      }
    },
    {
      "type": "Feature",
      "properties": {
        "id": 131,
        "name": "Concrete canal",
        "type": "Other Structures",
        "Structure_Category": "Other Structures",
        "canal_name": "LATERAL B1-1",
        "station": "STA 5+893.0",
        "station_m": 5893,
        "offset_m": 5.09,
        "desc": "",
        "comment": "Tsag/IA name: Inipitan calawag  IA, Canal name: Lateral B1-1, Lat. (N) 12*16'17.90\", Long (E) 121*10'15.20\",  Station # 5+893, Remarks: Silted / for repair",
        "elevation_m": -11.64,
        "photo_filename": "DSC00132.jpg",
        "photo_path": "../DCIM/10GRMN/DSC00132.jpg",
        "surveyor_comment": "Tsag/IA name: Inipitan calawag IA, Canal name: Lateral B1-1, Lat. (N) 12*16'17.90\", Long (E) 121*10'15.20\", Station # 5+893, Remarks: Silted / for repair",
        "survey_date": "2023-3-3",
        "station_source": "Native (Survey / POW)",
        "native_station": "Station # 5+893"
      },
      "geometry": {
        "type": "Point",
        "coordinates": [
          121.170879,
          12.27164
        ]
      }
    },
    {
      "type": "Feature",
      "properties": {
        "id": 132,
        "name": "End of concrete canal",
        "type": "Other Structures",
        "Structure_Category": "Other Structures",
        "canal_name": "LATERAL B1-1",
        "station": "STA 5+893.0",
        "station_m": 5893,
        "offset_m": 3.98,
        "desc": "",
        "comment": "Tsag/IA name: Inipitan calawag  IA, Canal name: Lateral B1-1, Lat. (N) 12*16'17.20\", Long (E) 121*10'16.50\",  Station # 5+893, Remarks: Silted / for repair",
        "elevation_m": 7.91,
        "photo_filename": "DSC00133.jpg",
        "photo_path": "../DCIM/10GRMN/DSC00133.jpg",
        "surveyor_comment": "Tsag/IA name: Inipitan calawag IA, Canal name: Lateral B1-1, Lat. (N) 12*16'17.20\", Long (E) 121*10'16.50\", Station # 5+893, Remarks: Silted / for repair",
        "survey_date": "2023-3-3",
        "station_source": "Native (Survey / POW)",
        "native_station": "Station # 5+893"
      },
      "geometry": {
        "type": "Point",
        "coordinates": [
          121.171255,
          12.271442
        ]
      }
    },
    {
      "type": "Feature",
      "properties": {
        "id": 134,
        "name": "Road crossing comb. of turnout both side",
        "type": "Road Crossing",
        "Structure_Category": "Road Crossing",
        "canal_name": "LATERAL B1-1",
        "station": "STA 0+110.0",
        "station_m": 110,
        "offset_m": 1.69,
        "desc": "",
        "comment": "Tsag/IA name: Inipitan calawag  IA, Canal name: Lateral B1-1, Lat. (N) 12*16'12.40\", Long (E) 121*10'22.10\",  Station # 0+110, Remarks: for repair",
        "elevation_m": 4.86,
        "photo_filename": "DSC00139.jpg",
        "photo_path": "../DCIM/10GRMN/DSC00139.jpg",
        "surveyor_comment": "Tsag/IA name: Inipitan calawag IA, Canal name: Lateral B1-1, Lat. (N) 12*16'12.40\", Long (E) 121*10'22.10\", Station # 0+110, Remarks: for repair",
        "survey_date": "2023-3-3",
        "station_source": "Native (Survey / POW)",
        "native_station": "Station # 0+110"
      },
      "geometry": {
        "type": "Point",
        "coordinates": [
          121.172814,
          12.270122
        ]
      }
    },
    {
      "type": "Feature",
      "properties": {
        "id": 129,
        "name": "Road crossing",
        "type": "Road Crossing",
        "Structure_Category": "Road Crossing",
        "canal_name": "LATERAL B1-1",
        "station": "STA 5+191.0",
        "station_m": 5191,
        "offset_m": 0.89,
        "desc": "",
        "comment": "Tsag/IA name: Inipitan calawag IA, Canal name: Lateral B1-1, Lat. (N) 12*16'32.90\", Long (E) 121*10'00.80\",  Station # 5+191 - 5+200.5, Remarks:",
        "elevation_m": -25.35,
        "photo_filename": "DSC00128.jpg",
        "photo_path": "../DCIM/10GRMN/DSC00128.jpg",
        "surveyor_comment": "Tsag/IA name: Inipitan calawag IA, Canal name: Lateral B1-1, Lat. (N) 12*16'32.90\", Long (E) 121*10'00.80\", Station # 5+191 - 5+200.5, Remarks:",
        "survey_date": "2023-5-3",
        "station_source": "Native (Survey / POW)",
        "native_station": "Station # 5+191"
      },
      "geometry": {
        "type": "Point",
        "coordinates": [
          121.166884,
          12.275818
        ]
      }
    },
    {
      "type": "Feature",
      "properties": {
        "id": 136,
        "name": "Road crossing comb. of turnout with division box",
        "type": "Road Crossing",
        "Structure_Category": "Road Crossing",
        "canal_name": "LATERAL B1-1",
        "station": "STA 6+735.0",
        "station_m": 6735,
        "offset_m": 5.78,
        "desc": "",
        "comment": "Tsag/IA name: Inipitan calawag  IA, Canal name: Lateral B1-1, Lat. (N) 12*16'01.01\", Long (E) 121*10'39.0\",  Station # 6+735, Remarks: For repair and silted",
        "elevation_m": 3.15,
        "photo_filename": "DSC00143.jpg",
        "photo_path": "../DCIM/10GRMN/DSC00143.jpg",
        "surveyor_comment": "Tsag/IA name: Inipitan calawag IA, Canal name: Lateral B1-1, Lat. (N) 12*16'01.01\", Long (E) 121*10'39.0\", Station # 6+735, Remarks: For repair and silted",
        "survey_date": "2023-3-3",
        "station_source": "Native (Survey / POW)",
        "native_station": "Station # 6+735"
      },
      "geometry": {
        "type": "Point",
        "coordinates": [
          121.177516,
          12.266985
        ]
      }
    },
    {
      "type": "Feature",
      "properties": {
        "id": 123,
        "name": "Road crossing comb. turnout",
        "type": "Road Crossing",
        "Structure_Category": "Road Crossing",
        "canal_name": "LATERAL B1-1",
        "station": "STA 3+179.0",
        "station_m": 3179,
        "offset_m": 6.4,
        "desc": "",
        "comment": "Tsag/IA name: Inipitan calawag IA, Canal name: Lateral B1-1, Lat. (N) 12*17'27.7\", Long (E) 121*10'02.30\",  Station # 3+179, Remarks: Delapidated",
        "elevation_m": -99.75,
        "photo_filename": "DSC00120.jpg",
        "photo_path": "../DCIM/10GRMN/DSC00120.jpg",
        "surveyor_comment": "Tsag/IA name: Inipitan calawag IA, Canal name: Lateral B1-1, Lat. (N) 12*17'27.7\", Long (E) 121*10'02.30\", Station # 3+179, Remarks: Delapidated",
        "survey_date": "2023-3-3",
        "station_source": "Native (Survey / POW)",
        "native_station": "Station # 3+179"
      },
      "geometry": {
        "type": "Point",
        "coordinates": [
          121.167304,
          12.291021
        ]
      }
    },
    {
      "type": "Feature",
      "properties": {
        "id": 119,
        "name": "Turnout",
        "type": "Turnout",
        "Structure_Category": "Turnout (TO)",
        "canal_name": "LATERAL B1-1",
        "station": "STA 2+601.0",
        "station_m": 2601,
        "offset_m": 2.06,
        "desc": "",
        "comment": "Tsag/IA name: Inipitan calawag IA, Canal name: Lateral B1-1, Lat. (N) 12*17'54.04\", Long (E) 121*10'06.05\",  Station # 2+601, Remarks: silted / damaged",
        "elevation_m": 23.65,
        "photo_filename": "DSC00115.jpg",
        "photo_path": "../DCIM/10GRMN/DSC00115.jpg",
        "surveyor_comment": "Tsag/IA name: Inipitan calawag IA, Canal name: Lateral B1-1, Lat. (N) 12*17'54.04\", Long (E) 121*10'06.05\", Station # 2+601, Remarks: silted / damaged",
        "survey_date": "2023-3-2",
        "station_source": "Native (Survey / POW)",
        "native_station": "Station # 2+601"
      },
      "geometry": {
        "type": "Point",
        "coordinates": [
          121.169011,
          12.29845
        ]
      }
    },
    {
      "type": "Feature",
      "properties": {
        "id": 193,
        "name": "Turnout with division box",
        "type": "Turnout",
        "Structure_Category": "Turnout (TO)",
        "canal_name": "MAIN CANAL",
        "station": "STA 8+595.0",
        "station_m": 8595,
        "offset_m": 14.73,
        "desc": "",
        "comment": "Tsag/IA name: Gapasan IA, Canal name: Main Canal, Lat. (N) 12*18'52.34\", Long (E) 121*10'35.43\", Station # 8+595, Remarks: for repair",
        "elevation_m": 6.09,
        "photo_filename": "DSC00066.jpg",
        "photo_path": "../DCIM/1000GRMN/DSC00066.jpg",
        "surveyor_comment": "Tsag/IA name: Gapasan IA, Canal name: Main Canal, Lat. (N) 12*18'52.34\", Long (E) 121*10'35.43\", Station # 8+595, Remarks: for repair",
        "survey_date": "2023-3-2",
        "station_source": "Native (Survey / POW)",
        "native_station": "Station # 8+595"
      },
      "geometry": {
        "type": "Point",
        "coordinates": [
          121.176507,
          12.314539
        ]
      }
    },
    {
      "type": "Feature",
      "properties": {
        "id": 63,
        "name": "Turnout",
        "type": "Turnout",
        "Structure_Category": "Turnout (TO)",
        "canal_name": "MAIN CANAL",
        "station": "STA 9+086.0",
        "station_m": 9086,
        "offset_m": 0.4,
        "desc": "",
        "comment": "Tsag/IA name: Gapasan IA, Canal name: Main Canal, Lat. (N) 12*18'52.3\", Long (E) 121*10'35.9\", Station # 9+086, Remarks: for repair",
        "elevation_m": 18.38,
        "photo_filename": "DSC00194.jpg",
        "photo_path": "../DCIM/10GRMN/DSC00194.jpg",
        "surveyor_comment": "Tsag/IA name: Gapasan IA, Canal name: Main Canal, Lat. (N) 12*18'52.3\", Long (E) 121*10'35.9\", Station # 9+086, Remarks: for repair",
        "survey_date": "2023-3-1",
        "station_source": "Native (Survey / POW)",
        "native_station": "Station # 9+086"
      },
      "geometry": {
        "type": "Point",
        "coordinates": [
          121.176646,
          12.314533
        ]
      }
    },
    {
      "type": "Feature",
      "properties": {
        "id": 195,
        "name": "Thesher crossing",
        "type": "Thresher Crossing",
        "Structure_Category": "Thresher Crossing",
        "canal_name": "MAIN CANAL",
        "station": "STA 9+091.0",
        "station_m": 9091,
        "offset_m": 1.49,
        "desc": "",
        "comment": "Tsag/IA name: Gapasan IA, Canal name: Main Canal, Lat. (N) 12*18'37.12\", Long (E) 121*10'35.82\", Station # 9+091, Remarks: for repair",
        "elevation_m": 15.39,
        "photo_filename": "DSC00068.jpg",
        "photo_path": "../DCIM/1000GRMN/DSC00068.jpg",
        "surveyor_comment": "Tsag/IA name: Gapasan IA, Canal name: Main Canal, Lat. (N) 12*18'37.12\", Long (E) 121*10'35.82\", Station # 9+091, Remarks: for repair",
        "survey_date": "2023-3-2",
        "station_source": "Native (Survey / POW)",
        "native_station": "Station # 9+091"
      },
      "geometry": {
        "type": "Point",
        "coordinates": [
          121.176617,
          12.310312
        ]
      }
    },
    {
      "type": "Feature",
      "properties": {
        "id": 198,
        "name": "Turnout",
        "type": "Turnout",
        "Structure_Category": "Turnout (TO)",
        "canal_name": "MAIN CANAL",
        "station": "STA 9+584.0",
        "station_m": 9584,
        "offset_m": 2.96,
        "desc": "",
        "comment": "Tsag/IA name: Gapasan IA, Canal name: Main Canal, Lat. (N) 12*18'28.46\", Long (E) 121*10'23.58\", Station # 9+584, Remarks : No steel gate / silted",
        "elevation_m": 15.8,
        "photo_filename": "DSC00071.jpg",
        "photo_path": "../DCIM/1000GRMN/DSC00071.jpg",
        "surveyor_comment": "Tsag/IA name: Gapasan IA, Canal name: Main Canal, Lat. (N) 12*18'28.46\", Long (E) 121*10'23.58\", Station # 9+584, Remarks : No steel gate / silted",
        "survey_date": "2023-3-2",
        "station_source": "Native (Survey / POW)",
        "native_station": "Station # 9+584"
      },
      "geometry": {
        "type": "Point",
        "coordinates": [
          121.173216,
          12.307905
        ]
      }
    },
    {
      "type": "Feature",
      "properties": {
        "id": 200,
        "name": "Turnout",
        "type": "Turnout",
        "Structure_Category": "Turnout (TO)",
        "canal_name": "MAIN CANAL",
        "station": "STA 10+094.0",
        "station_m": 10094,
        "offset_m": 2.28,
        "desc": "",
        "comment": "Tsag/IA name: Gapasan IA, Canal name: Main Canal, Lat. (N) 12*18'16.65\", Long (E) 121*10'12.57\", Station # 10+094, Remarks: No steel gate",
        "elevation_m": 21.37,
        "photo_filename": "DSC00073.jpg",
        "photo_path": "../DCIM/1000GRMN/DSC00073.jpg",
        "surveyor_comment": "Tsag/IA name: Gapasan IA, Canal name: Main Canal, Lat. (N) 12*18'16.65\", Long (E) 121*10'12.57\", Station # 10+094, Remarks: No steel gate",
        "survey_date": "2023-3-2",
        "station_source": "Native (Survey / POW)",
        "native_station": "Station # 10+094"
      },
      "geometry": {
        "type": "Point",
        "coordinates": [
          121.170158,
          12.304625
        ]
      }
    },
    {
      "type": "Feature",
      "properties": {
        "id": 204,
        "name": "Road crossing comb. of drop structure",
        "type": "Road Crossing",
        "Structure_Category": "Road Crossing",
        "canal_name": "MAIN CANAL",
        "station": "STA 10+816.0",
        "station_m": 10816,
        "offset_m": 2.56,
        "desc": "",
        "comment": "Tsag/IA name: Gapasan IA, Canal name: Main Canal, Lat. (N) 12*17'59.82\", Long (E) 121*09'55.64\", Station # 10+816, Remarks: silted",
        "elevation_m": 24.86,
        "photo_filename": "DSC00077.jpg",
        "photo_path": "../DCIM/1000GRMN/DSC00077.jpg",
        "surveyor_comment": "Tsag/IA name: Gapasan IA, Canal name: Main Canal, Lat. (N) 12*17'59.82\", Long (E) 121*09'55.64\", Station # 10+816, Remarks: silted",
        "survey_date": "2023-3-2",
        "station_source": "Native (Survey / POW)",
        "native_station": "Station # 10+816"
      },
      "geometry": {
        "type": "Point",
        "coordinates": [
          121.165469,
          12.299965
        ]
      }
    },
    {
      "type": "Feature",
      "properties": {
        "id": 205,
        "name": "Turnout",
        "type": "Turnout",
        "Structure_Category": "Turnout (TO)",
        "canal_name": "MAIN CANAL",
        "station": "STA 11+196.0",
        "station_m": 11196,
        "offset_m": 4.26,
        "desc": "",
        "comment": "Tsag/IA name: Gapasan IA, Canal name: Main Canal, Lat. (N) 12*17'49.12\", Long (E) 121*09'50.62\", Station # 11+196,Remarks: None Operational",
        "elevation_m": 18.95,
        "photo_filename": "DSC00078.jpg",
        "photo_path": "../DCIM/1000GRMN/DSC00078.jpg",
        "surveyor_comment": "Tsag/IA name: Gapasan IA, Canal name: Main Canal, Lat. (N) 12*17'49.12\", Long (E) 121*09'50.62\", Station # 11+196,Remarks: None Operational",
        "survey_date": "2023-3-2",
        "station_source": "Native (Survey / POW)",
        "native_station": "Station # 11+196"
      },
      "geometry": {
        "type": "Point",
        "coordinates": [
          121.16406,
          12.296977
        ]
      }
    },
    {
      "type": "Feature",
      "properties": {
        "id": 213,
        "name": "Road crossing",
        "type": "Road Crossing",
        "Structure_Category": "Road Crossing",
        "canal_name": "MAIN CANAL",
        "station": "STA 12+248.0",
        "station_m": 12248,
        "offset_m": 8.71,
        "desc": "",
        "comment": "Tsag/IA name: Cabag Genaro IA, Canal name: Main Canal, Lat. (N) 12*17'51.57\", Long (E) 121*09'51.02\", Station # 12+248, Remarks: silted",
        "elevation_m": 22.92,
        "photo_filename": "DSC00088.jpg",
        "photo_path": "../DCIM/1000GRMN/DSC00088.jpg",
        "surveyor_comment": "Tsag/IA name: Cabag Genaro IA, Canal name: Main Canal, Lat. (N) 12*17'51.57\", Long (E) 121*09'51.02\", Station # 12+248, Remarks: silted",
        "survey_date": "2023-3-2",
        "station_source": "Native (Survey / POW)",
        "native_station": "Station # 12+248"
      },
      "geometry": {
        "type": "Point",
        "coordinates": [
          121.164171,
          12.287657
        ]
      }
    },
    {
      "type": "Feature",
      "properties": {
        "id": 212,
        "name": "Turnout bothside",
        "type": "Turnout",
        "Structure_Category": "Turnout (TO)",
        "canal_name": "MAIN CANAL",
        "station": "STA 12+264.0",
        "station_m": 12264,
        "offset_m": 9.79,
        "desc": "",
        "comment": "Tsag/IA name: Cabag Genaro IA, Canal name: Main Canal, Lat. (N) 12*17'59.69\", Long (E) 121*09'51.07\", Station # 12+264, Remarks: silted",
        "elevation_m": 21.44,
        "photo_filename": "DSC00087.jpg",
        "photo_path": "../DCIM/1000GRMN/DSC00087.jpg",
        "surveyor_comment": "Tsag/IA name: Cabag Genaro IA, Canal name: Main Canal, Lat. (N) 12*17'59.69\", Long (E) 121*09'51.07\", Station # 12+264, Remarks: silted",
        "survey_date": "2023-3-2",
        "station_source": "Native (Survey / POW)",
        "native_station": "Station # 12+264"
      },
      "geometry": {
        "type": "Point",
        "coordinates": [
          121.164185,
          12.287691
        ]
      }
    },
    {
      "type": "Feature",
      "properties": {
        "id": 211,
        "name": "Road crossing",
        "type": "Road Crossing",
        "Structure_Category": "Road Crossing",
        "canal_name": "MAIN CANAL",
        "station": "STA 11+890.0",
        "station_m": 11890,
        "offset_m": 6.67,
        "desc": "",
        "comment": "Tsag/IA name: Cabag Genaro IA, Canal name: Main Canal, Lat. (N) 12*17'27.62\", Long (E) 121*09'49.41\", Station # 11+890, Remarks:",
        "elevation_m": 21.2,
        "photo_filename": "DSC00086.jpg",
        "photo_path": "../DCIM/1000GRMN/DSC00086.jpg",
        "surveyor_comment": "Tsag/IA name: Cabag Genaro IA, Canal name: Main Canal, Lat. (N) 12*17'27.62\", Long (E) 121*09'49.41\", Station # 11+890, Remarks:",
        "survey_date": "2023-3-2",
        "station_source": "Native (Survey / POW)",
        "native_station": "Station # 11+890"
      },
      "geometry": {
        "type": "Point",
        "coordinates": [
          121.163725,
          12.291005
        ]
      }
    },
    {
      "type": "Feature",
      "properties": {
        "id": 209,
        "name": "Road crossing comb. drop structure",
        "type": "Road Crossing",
        "Structure_Category": "Road Crossing",
        "canal_name": "MAIN CANAL",
        "station": "STA 11+490.0",
        "station_m": 11490,
        "offset_m": 9.9,
        "desc": "",
        "comment": "Tsag/IA name: Cabag Genaro IA, Canal name: Main Canal, Lat. (N) 12*17'40.14\", Long (E) 121*09'97.06\", Station # 11+490, Remarks: silted",
        "elevation_m": 21.2,
        "photo_filename": "DSC00084.jpg",
        "photo_path": "../DCIM/1000GRMN/DSC00084.jpg",
        "surveyor_comment": "Tsag/IA name: Cabag Genaro IA, Canal name: Main Canal, Lat. (N) 12*17'40.14\", Long (E) 121*09'97.06\", Station # 11+490, Remarks: silted",
        "survey_date": "2023-3-2",
        "station_source": "Native (Survey / POW)",
        "native_station": "Station # 11+490"
      },
      "geometry": {
        "type": "Point",
        "coordinates": [
          121.163073,
          12.294482
        ]
      }
    },
    {
      "type": "Feature",
      "properties": {
        "id": 221,
        "name": "Road crossing comb. turnout and drop",
        "type": "Road Crossing",
        "Structure_Category": "Road Crossing",
        "canal_name": "MAIN CANAL",
        "station": "STA 14+578.0",
        "station_m": 14578,
        "offset_m": 7.61,
        "desc": "",
        "comment": "Tsag/IA name: Cabag Genaro IA, Canal name: Main Canal, Lat. (N) 12*16'11.95\", Long (E) 121*09'25.48\", Station # 14+578, Remarks:",
        "elevation_m": 25.72,
        "photo_filename": "DSC00097.jpg",
        "photo_path": "../DCIM/1000GRMN/DSC00097.jpg",
        "surveyor_comment": "Tsag/IA name: Cabag Genaro IA, Canal name: Main Canal, Lat. (N) 12*16'11.95\", Long (E) 121*09'25.48\", Station # 14+578, Remarks:",
        "survey_date": "2023-3-2",
        "station_source": "Native (Survey / POW)",
        "native_station": "Station # 14+578"
      },
      "geometry": {
        "type": "Point",
        "coordinates": [
          121.157218,
          12.269987
        ]
      }
    },
    {
      "type": "Feature",
      "properties": {
        "id": 214,
        "name": "Turnout (right side)",
        "type": "Turnout",
        "Structure_Category": "Turnout (TO)",
        "canal_name": "MAIN CANAL",
        "station": "STA 12+861.0",
        "station_m": 12861,
        "offset_m": 4.98,
        "desc": "",
        "comment": "Tsag/IA name: Cabag Genaro IA, Canal name: Main Canal, Lat. (N) 12*16'57.02\", Long (E) 121*09'46.39\", Station # 12+861, Remarks: No steel gate",
        "elevation_m": 31.13,
        "photo_filename": "DSC00090.jpg",
        "photo_path": "../DCIM/1000GRMN/DSC00090.jpg",
        "surveyor_comment": "Tsag/IA name: Cabag Genaro IA, Canal name: Main Canal, Lat. (N) 12*16'57.02\", Long (E) 121*09'46.39\", Station # 12+861, Remarks: No steel gate",
        "survey_date": "2023-3-2",
        "station_source": "Native (Survey / POW)",
        "native_station": "Station # 12+861"
      },
      "geometry": {
        "type": "Point",
        "coordinates": [
          121.162885,
          12.282506
        ]
      }
    },
    {
      "type": "Feature",
      "properties": {
        "id": 217,
        "name": "Division box",
        "type": "Other Structures",
        "Structure_Category": "Other Structures",
        "canal_name": "MAIN CANAL",
        "station": "STA 13+488.0",
        "station_m": 13488,
        "offset_m": 15.04,
        "desc": "",
        "comment": "Tsag/IA name: Cabag Genaro IA, Canal name: Main Canal, Lat. (N) 12*16'37.04\", Long (E) 121*09'48.52\", Station # 13+488, Remarks:For repair",
        "elevation_m": 23.49,
        "photo_filename": "DSC00093.jpg",
        "photo_path": "../DCIM/1000GRMN/DSC00093.jpg",
        "surveyor_comment": "Tsag/IA name: Cabag Genaro IA, Canal name: Main Canal, Lat. (N) 12*16'37.04\", Long (E) 121*09'48.52\", Station # 13+488, Remarks:For repair",
        "survey_date": "2023-3-2",
        "station_source": "Native (Survey / POW)",
        "native_station": "Station # 13+488"
      },
      "geometry": {
        "type": "Point",
        "coordinates": [
          121.163479,
          12.276955
        ]
      }
    },
    {
      "type": "Feature",
      "properties": {
        "id": 218,
        "name": "Road crossing",
        "type": "Road Crossing",
        "Structure_Category": "Road Crossing",
        "canal_name": "MAIN CANAL",
        "station": "STA 13+492.0",
        "station_m": 13492,
        "offset_m": 7.61,
        "desc": "",
        "comment": "Tsag/IA name: Cabag Genaro IA, Canal name: Main Canal, Lat. (N) 12*16'36.81\", Long (E) 121*09'48.30\", Station # 13+492, Remarks: silted",
        "elevation_m": 26.14,
        "photo_filename": "DSC00094.jpg",
        "photo_path": "../DCIM/1000GRMN/DSC00094.jpg",
        "surveyor_comment": "Tsag/IA name: Cabag Genaro IA, Canal name: Main Canal, Lat. (N) 12*16'36.81\", Long (E) 121*09'48.30\", Station # 13+492, Remarks: silted",
        "survey_date": "2023-3-2",
        "station_source": "Native (Survey / POW)",
        "native_station": "Station # 13+492"
      },
      "geometry": {
        "type": "Point",
        "coordinates": [
          121.163417,
          12.276892
        ]
      }
    },
    {
      "type": "Feature",
      "properties": {
        "id": 219,
        "name": "Road crossing comb. of turnout and drop",
        "type": "Road Crossing",
        "Structure_Category": "Road Crossing",
        "canal_name": "MAIN CANAL",
        "station": "STA 14+078.0",
        "station_m": 14078,
        "offset_m": 7.3,
        "desc": "",
        "comment": "Tsag/IA name: Cabag Genaro IA, Canal name: Main Canal, Lat. (N) 12*16'22.85\", Long (E) 121*09'38.22\", Station # 14+078, Remarks:",
        "elevation_m": 26.88,
        "photo_filename": "DSC00095.jpg",
        "photo_path": "../DCIM/1000GRMN/DSC00095.jpg",
        "surveyor_comment": "Tsag/IA name: Cabag Genaro IA, Canal name: Main Canal, Lat. (N) 12*16'22.85\", Long (E) 121*09'38.22\", Station # 14+078, Remarks:",
        "survey_date": "2023-3-2",
        "station_source": "Native (Survey / POW)",
        "native_station": "Station # 14+078"
      },
      "geometry": {
        "type": "Point",
        "coordinates": [
          121.160616,
          12.273015
        ]
      }
    },
    {
      "type": "Feature",
      "properties": {
        "id": 231,
        "name": "Canal lining",
        "type": "Other Structures",
        "Structure_Category": "Other Structures",
        "canal_name": "MAIN CANAL",
        "station": "STA 16+044.0",
        "station_m": 16044,
        "offset_m": 0.34,
        "desc": "",
        "comment": "Tsag/IA name: Cabag Genaro IA, Canal name: Farm ditch mc, Lat. (N) 12*15'47.10\", Long (E) 121*08'44.45\", Station # 16+044 - 0+000, Remarks:",
        "elevation_m": 7.61,
        "photo_filename": "DSC00109.jpg",
        "photo_path": "../DCIM/1000GRMN/DSC00109.jpg",
        "surveyor_comment": "Tsag/IA name: Cabag Genaro IA, Canal name: Farm ditch mc, Lat. (N) 12*15'47.10\", Long (E) 121*08'44.45\", Station # 16+044 - 0+000, Remarks:",
        "survey_date": "2023-3-2",
        "station_source": "Native (Survey / POW)",
        "native_station": "Station # 16+044"
      },
      "geometry": {
        "type": "Point",
        "coordinates": [
          121.145682,
          12.263083
        ]
      }
    },
    {
      "type": "Feature",
      "properties": {
        "id": 229,
        "name": "Turnout",
        "type": "Turnout",
        "Structure_Category": "Turnout (TO)",
        "canal_name": "MAIN CANAL",
        "station": "STA 16+189.0",
        "station_m": 16189,
        "offset_m": 3.38,
        "desc": "",
        "comment": "Tsag/IA name: Cabag Genaro IA, Canal name: Farm ditch mc, Lat. (N) 12*15'45.13\", Long (E) 121*08'40.49\", Station # 16+189, Remarks:",
        "elevation_m": 9.49,
        "photo_filename": "DSC00107.jpg",
        "photo_path": "../DCIM/1000GRMN/DSC00107.jpg",
        "surveyor_comment": "Tsag/IA name: Cabag Genaro IA, Canal name: Farm ditch mc, Lat. (N) 12*15'45.13\", Long (E) 121*08'40.49\", Station # 16+189, Remarks:",
        "survey_date": "2023-3-2",
        "station_source": "Native (Survey / POW)",
        "native_station": "Station # 16+189"
      },
      "geometry": {
        "type": "Point",
        "coordinates": [
          121.14458,
          12.262535
        ]
      }
    },
    {
      "type": "Feature",
      "properties": {
        "id": 288,
        "name": "Turnout both side",
        "type": "Turnout",
        "Structure_Category": "Turnout (TO)",
        "canal_name": "SUPPLY CANAL",
        "station": "STA 0+165.0",
        "station_m": 165,
        "offset_m": 4.02,
        "desc": "",
        "comment": "Tsag/IA name: Purnaga IA, Canal name: Supply Canal, Lat. (N) 12*20'51.61.\", Long (E) 121*11'46.82\", Station # 0+165, Remarks: for repair / silted",
        "elevation_m": 32.41,
        "photo_filename": "DSC00172.jpg",
        "photo_path": "../DCIM/1000GRMN/DSC00172.jpg",
        "surveyor_comment": "Tsag/IA name: Purnaga IA, Canal name: Supply Canal, Lat. (N) 12*20'51.61.\", Long (E) 121*11'46.82\", Station # 0+165, Remarks: for repair / silted",
        "survey_date": "2023-3-30",
        "station_source": "Native (Survey / POW)",
        "native_station": "Station # 0+165"
      },
      "geometry": {
        "type": "Point",
        "coordinates": [
          121.19634,
          12.347669
        ]
      }
    },
    {
      "type": "Feature",
      "properties": {
        "id": 284,
        "name": "INANGGIHAN DAM",
        "type": "Dam",
        "Structure_Category": "Diversion Dam / Weir",
        "canal_name": "SUPPLY CANAL",
        "station": "STA 0+000.0",
        "station_m": 0,
        "offset_m": 34.21,
        "desc": "",
        "comment": "Tsag/IA name: Purnaga IA, Canal name: Supply Canal, Lat. (N) 12*20'57.40\", Long (E) 121*11'46.34\", Station # 0+000, Remarks: for repair",
        "elevation_m": 29.48,
        "photo_filename": "DSC00168.jpg",
        "photo_path": "../DCIM/1000GRMN/DSC00168.jpg",
        "surveyor_comment": "Tsag/IA name: Purnaga IA, Canal name: Supply Canal, Lat. (N) 12*20'57.40\", Long (E) 121*11'46.34\", Station # 0+000, Remarks: for repair",
        "survey_date": "2023-3-30",
        "station_source": "Native (Survey / POW)",
        "native_station": "Station # 0+000"
      },
      "geometry": {
        "type": "Point",
        "coordinates": [
          121.196207,
          12.349277
        ]
      }
    },
    {
      "type": "Feature",
      "properties": {
        "id": 296,
        "name": "Solar Pump",
        "type": "Waterpump",
        "Structure_Category": "Other Structures",
        "canal_name": "LATERAL B",
        "station": "STA 2+626.5",
        "station_m": 2626.5,
        "offset_m": 65.92,
        "desc": "",
        "comment": "Tsag/IA name: Gamot Nicolas Bulo IA, Canal name: , Lat. (N) 12*18'21.34\", Long (E) 121*11'48.62\",  Station #",
        "elevation_m": 38.18,
        "photo_filename": "DSC00183.jpg",
        "photo_path": "../DCIM/1000GRMN/DSC00183.jpg",
        "surveyor_comment": "Tsag/IA name: Gamot Nicolas Bulo IA, Canal name: , Lat. (N) 12*18'21.34\", Long (E) 121*11'48.62\", Station #",
        "survey_date": "2023-3-30",
        "station_source": "Geometric Projection",
        "native_station": null
      },
      "geometry": {
        "type": "Point",
        "coordinates": [
          121.19684,
          12.305928
        ]
      }
    },
    {
      "type": "Feature",
      "properties": {
        "id": 16,
        "name": "End of Line Canal",
        "type": "Other Structures",
        "Structure_Category": "Other Structures",
        "canal_name": "MAIN CANAL",
        "station": "STA 2+354.2",
        "station_m": 2354.2,
        "offset_m": 0.49,
        "desc": "",
        "comment": "Tsag/IA name: Purnaga IA, Canal name: Main Canal, Lat. (N) 12*21'37.7\", Long (E) 121*11'33.3\", Station # 2+354.2",
        "elevation_m": 32.43,
        "photo_filename": "DSC00134.jpg",
        "photo_path": "../DCIM/10GRMN/DSC00134.jpg",
        "surveyor_comment": "Tsag/IA name: Purnaga IA, Canal name: Main Canal, Lat. (N) 12*21'37.7\", Long (E) 121*11'33.3\", Station # 2+354.2",
        "survey_date": "2023-2-28",
        "station_source": "Native (Survey / POW)",
        "native_station": "Station # 2+354.2"
      },
      "geometry": {
        "type": "Point",
        "coordinates": [
          121.192595,
          12.360485
        ]
      }
    }
  ]
}