{
  "type": "FeatureCollection",
  "name": "Lumintao_structures",
  "crs": {
    "type": "name",
    "properties": {
      "name": "urn:ogc:def:crs:OGC:1.3:CRS84"
    }
  },
  "features": [
    {
      "type": "Feature",
      "properties": {
        "id": 31,
        "name": "Tresher crossing (0+216)",
        "type": "Thresher Crossing",
        "Structure_Category": "Thresher Crossing",
        "canal_name": "LATERAL AS MFD 3",
        "station": "STA 0+214.5",
        "station_m": 214.49,
        "offset_m": 4.39,
        "desc": "",
        "comment": "TSAG/MATABIAGA MALAWAAN IA, C.N/UNKNOW, LATITUDE/12'30'42.9 LONGTITUDE/120'57'22.8 STATION NO/0+216 REMARKS/GOOD CONDITION",
        "elevation_m": 24.58,
        "photo_filename": "DSC00438.jpg",
        "photo_path": "../../DCIM/10GRMN/DSC00438.jpg",
        "surveyor_comment": "TSAG/MATABIAGA MALAWAAN IA, C.N/UNKNOW, LATITUDE/12'30'42.9 LONGTITUDE/120'57'22.8 STATION NO/0+216 REMARKS/GOOD CONDITION",
        "survey_date": "2023-5-4"
      },
      "geometry": {
        "type": "Point",
        "coordinates": [
          120.956321,
          12.511907
        ]
      }
    },
    {
      "type": "Feature",
      "properties": {
        "id": 28,
        "name": "Road crossing w/ Outlet (0+076)",
        "type": "Road Crossing",
        "Structure_Category": "Road Crossing",
        "canal_name": "LATERAL AS MFD 3",
        "station": "STA 0+080.6",
        "station_m": 80.63,
        "offset_m": 5.99,
        "desc": "",
        "comment": "TSAG/MATABIAGA MALAWAAN IA, C.N/UNKNOW, LATITUDE/12'30'47.2 LONGTITUDE/120'57'23.3 STATION NO/0+076 REMARKS/DAMAGE CANAL LINNING",
        "elevation_m": 26.12,
        "photo_filename": "DSC00431.jpg",
        "photo_path": "../../DCIM/10GRMN/DSC00431.jpg",
        "surveyor_comment": "TSAG/MATABIAGA MALAWAAN IA, C.N/UNKNOW, LATITUDE/12'30'47.2 LONGTITUDE/120'57'23.3 STATION NO/0+076 REMARKS/DAMAGE CANAL LINNING",
        "survey_date": "2023-5-4"
      },
      "geometry": {
        "type": "Point",
        "coordinates": [
          120.956485,
          12.513106
        ]
      }
    },
    {
      "type": "Feature",
      "properties": {
        "id": 32,
        "name": "Trapezoidal canal w/ Illegal turnout (0+233)",
        "type": "Unauthorized Turnout",
        "Structure_Category": "Turnout (TO)",
        "canal_name": "LATERAL AS MFD 3",
        "station": "STA 0+233.0",
        "station_m": 233.03,
        "offset_m": 0.53,
        "desc": "",
        "comment": "TSAG/MATABIAGA MALAWAAN IA, C.N/UNKNOW, LATITUDE/12'30'42.4 LONGTITUDE/120'57'22.3 STATION NO/0+233 REMARKS/ILLEGAL T.O",
        "elevation_m": 24.77,
        "photo_filename": "DSC00440.jpg",
        "photo_path": "../../DCIM/10GRMN/DSC00440.jpg",
        "surveyor_comment": "TSAG/MATABIAGA MALAWAAN IA, C.N/UNKNOW, LATITUDE/12'30'42.4 LONGTITUDE/120'57'22.3 STATION NO/0+233 REMARKS/ILLEGAL T.O",
        "survey_date": "2023-5-4"
      },
      "geometry": {
        "type": "Point",
        "coordinates": [
          120.956209,
          12.511773
        ]
      }
    },
    {
      "type": "Feature",
      "properties": {
        "id": 44,
        "name": "Tresher crossing (0+741)",
        "type": "Thresher Crossing",
        "Structure_Category": "Thresher Crossing",
        "canal_name": "LATERAL AS MFD 3",
        "station": "STA 0+739.6",
        "station_m": 739.61,
        "offset_m": 0.24,
        "desc": "",
        "comment": "TSAG/MATABIAGA MALAWAAN IA, C.N/UNKNOW, LATITUDE/12'30'28.8 LONGTITUDE/120'57'13.7 STATION NO/0+741 REMARKS/GOOD CONDITON",
        "elevation_m": 20.74,
        "photo_filename": "DSC00461.jpg",
        "photo_path": "../../DCIM/10GRMN/DSC00461.jpg",
        "surveyor_comment": "TSAG/MATABIAGA MALAWAAN IA, C.N/UNKNOW, LATITUDE/12'30'28.8 LONGTITUDE/120'57'13.7 STATION NO/0+741 REMARKS/GOOD CONDITON",
        "survey_date": "2023-5-4"
      },
      "geometry": {
        "type": "Point",
        "coordinates": [
          120.953822,
          12.508003
        ]
      }
    },
    {
      "type": "Feature",
      "properties": {
        "id": 34,
        "name": "Trapezoidal canal w/ Illegal T.O (0+391)",
        "type": "Unauthorized Turnout",
        "Structure_Category": "Turnout (TO)",
        "canal_name": "LATERAL AS MFD 3",
        "station": "STA 0+386.2",
        "station_m": 386.22,
        "offset_m": 3.45,
        "desc": "",
        "comment": "TSAG/MATABIAGA MALAWAAN IA, C.N/UNKNOW, LATITUDE/12'30'38.0 LONGTITUDE/120'57'20.0 STATION NO/0+391 REMARKS/ILLEGAL T.O",
        "elevation_m": 23.13,
        "photo_filename": "DSC00443.jpg",
        "photo_path": "../../DCIM/10GRMN/DSC00443.jpg",
        "surveyor_comment": "TSAG/MATABIAGA MALAWAAN IA, C.N/UNKNOW, LATITUDE/12'30'38.0 LONGTITUDE/120'57'20.0 STATION NO/0+391 REMARKS/ILLEGAL T.O",
        "survey_date": "2023-5-4"
      },
      "geometry": {
        "type": "Point",
        "coordinates": [
          120.955564,
          12.510542
        ]
      }
    },
    {
      "type": "Feature",
      "properties": {
        "id": 36,
        "name": "Trapezoidal canal w/ Illegal turnout (0+453)",
        "type": "Unauthorized Turnout",
        "Structure_Category": "Turnout (TO)",
        "canal_name": "LATERAL AS MFD 3",
        "station": "STA 0+452.0",
        "station_m": 451.96,
        "offset_m": 0.24,
        "desc": "",
        "comment": "TSAG/MATABIAGA MALAWAAN IA, C.N/UNKNOW, LATITUDE/12'30'36.3 LONGTITUDE/120'57'18.6 STATION NO/0+453 REMARKS/ILLEGAL T.O",
        "elevation_m": 22.96,
        "photo_filename": "DSC00446.jpg",
        "photo_path": "../../DCIM/10GRMN/DSC00446.jpg",
        "surveyor_comment": "TSAG/MATABIAGA MALAWAAN IA, C.N/UNKNOW, LATITUDE/12'30'36.3 LONGTITUDE/120'57'18.6 STATION NO/0+453 REMARKS/ILLEGAL T.O",
        "survey_date": "2023-5-4"
      },
      "geometry": {
        "type": "Point",
        "coordinates": [
          120.95518,
          12.510091
        ]
      }
    },
    {
      "type": "Feature",
      "properties": {
        "id": 37,
        "name": "Trapezoidal canal (0+456)",
        "type": "Other Structures",
        "Structure_Category": "Other Structures",
        "canal_name": "LATERAL AS MFD 3",
        "station": "STA 0+460.0",
        "station_m": 459.97,
        "offset_m": 1.36,
        "desc": "",
        "comment": "TSAG/MATABIAGA MALAWAAN IA, C.N/UNKNOW, LATITUDE/12'30'36.1 LONGTITUDE/120'57'18.6 STATION NO/0+456 REMARKS/DAMAGE CANAL",
        "elevation_m": 22.89,
        "photo_filename": "DSC00448.jpg",
        "photo_path": "../../DCIM/10GRMN/DSC00448.jpg",
        "surveyor_comment": "TSAG/MATABIAGA MALAWAAN IA, C.N/UNKNOW, LATITUDE/12'30'36.1 LONGTITUDE/120'57'18.6 STATION NO/0+456 REMARKS/DAMAGE CANAL",
        "survey_date": "2023-5-4"
      },
      "geometry": {
        "type": "Point",
        "coordinates": [
          120.955156,
          12.510021
        ]
      }
    },
    {
      "type": "Feature",
      "properties": {
        "id": 39,
        "name": "Trapezoidal canal (0+492)",
        "type": "Unauthorized Turnout",
        "Structure_Category": "Turnout (TO)",
        "canal_name": "LATERAL AS MFD 3",
        "station": "STA 0+493.3",
        "station_m": 493.29,
        "offset_m": 0.71,
        "desc": "",
        "comment": "TSAG/MATABIAGA MALAWAAN IA, C.N/UNKNOW, LATITUDE/12'30'35.2 LONGTITUDE/120'57'17.9 STATION NO/0+492 REMARKS/ILLEGAL T.O",
        "elevation_m": 21.29,
        "photo_filename": "DSC00451.jpg",
        "photo_path": "../../DCIM/10GRMN/DSC00451.jpg",
        "surveyor_comment": "TSAG/MATABIAGA MALAWAAN IA, C.N/UNKNOW, LATITUDE/12'30'35.2 LONGTITUDE/120'57'17.9 STATION NO/0+492 REMARKS/ILLEGAL T.O",
        "survey_date": "2023-5-4"
      },
      "geometry": {
        "type": "Point",
        "coordinates": [
          120.954973,
          12.509778
        ]
      }
    },
    {
      "type": "Feature",
      "properties": {
        "id": 42,
        "name": "Trapezoidal canal lining (0+583)",
        "type": "Other Structures",
        "Structure_Category": "Other Structures",
        "canal_name": "LATERAL AS MFD 3",
        "station": "STA 0+583.9",
        "station_m": 583.91,
        "offset_m": 3.02,
        "desc": "",
        "comment": "",
        "elevation_m": 20.36,
        "photo_filename": "DSC00456.jpg",
        "photo_path": "../../DCIM/10GRMN/DSC00456.jpg",
        "surveyor_comment": null,
        "survey_date": "2023-5-4"
      },
      "geometry": {
        "type": "Point",
        "coordinates": [
          120.954489,
          12.509114
        ]
      }
    },
    {
      "type": "Feature",
      "properties": {
        "id": 51,
        "name": "Trapezoidal canal lining (1+212)",
        "type": "Unauthorized Turnout",
        "Structure_Category": "Turnout (TO)",
        "canal_name": "LATERAL AS MFD 3",
        "station": "STA 1+210.9",
        "station_m": 1210.86,
        "offset_m": 1.96,
        "desc": "",
        "comment": "TSAG/MATABIAGA MALAWAAN IA, C.N/UNKNOW, LATITUDE/12'30'15.6 LONGTITUDE/120'57'21.6 STATION NO/0+212 REMARKS/ILLEGAL T.O SILTED",
        "elevation_m": 11.21,
        "photo_filename": "DSC00474.jpg",
        "photo_path": "../../DCIM/10GRMN/DSC00474.jpg",
        "surveyor_comment": "TSAG/MATABIAGA MALAWAAN IA, C.N/UNKNOW, LATITUDE/12'30'15.6 LONGTITUDE/120'57'21.6 STATION NO/0+212 REMARKS/ILLEGAL T.O SILTED",
        "survey_date": "2023-5-5"
      },
      "geometry": {
        "type": "Point",
        "coordinates": [
          120.956012,
          12.504328
        ]
      }
    },
    {
      "type": "Feature",
      "properties": {
        "id": 46,
        "name": "Turnout (0+827)",
        "type": "Turnout",
        "Structure_Category": "Turnout (TO)",
        "canal_name": "LATERAL AS MFD 3",
        "station": "STA 0+820.1",
        "station_m": 820.08,
        "offset_m": 9.08,
        "desc": "",
        "comment": "TSAG/MATABIAGA MALAWAAN IA, C.N/UNKNOW, LATITUDE/12'30'26.7 LONGTITUDE/120'57'15.4 STATION NO/0+827 REMARKS/DAMAGE /SILTATION VEGETATION",
        "elevation_m": 21.06,
        "photo_filename": "DSC00463.jpg",
        "photo_path": "../../DCIM/10GRMN/DSC00463.jpg",
        "surveyor_comment": "TSAG/MATABIAGA MALAWAAN IA, C.N/UNKNOW, LATITUDE/12'30'26.7 LONGTITUDE/120'57'15.4 STATION NO/0+827 REMARKS/DAMAGE /SILTATION VEGETATION",
        "survey_date": "2023-5-4"
      },
      "geometry": {
        "type": "Point",
        "coordinates": [
          120.954274,
          12.507421
        ]
      }
    },
    {
      "type": "Feature",
      "properties": {
        "id": 48,
        "name": "Turnout (0+869)",
        "type": "Turnout",
        "Structure_Category": "Turnout (TO)",
        "canal_name": "LATERAL AS MFD 3",
        "station": "STA 0+865.5",
        "station_m": 865.47,
        "offset_m": 2.71,
        "desc": "",
        "comment": "TSAG/MATABIAGA MALAWAAN IA, C.N/UNKNOW, LATITUDE/12'30'48.9 LONGTITUDE/120'57'16.0 STATION NO/0+869 REMARKS/HEAD GATE",
        "elevation_m": 8.04,
        "photo_filename": "DSC00468.jpg",
        "photo_path": "../../DCIM/10GRMN/DSC00468.jpg",
        "surveyor_comment": "TSAG/MATABIAGA MALAWAAN IA, C.N/UNKNOW, LATITUDE/12'30'48.9 LONGTITUDE/120'57'16.0 STATION NO/0+869 REMARKS/HEAD GATE",
        "survey_date": "2023-5-5"
      },
      "geometry": {
        "type": "Point",
        "coordinates": [
          120.954437,
          12.507039
        ]
      }
    },
    {
      "type": "Feature",
      "properties": {
        "id": 2,
        "name": "Canal lining (0+000)",
        "type": "Other Structures",
        "Structure_Category": "Other Structures",
        "canal_name": "LATERAL SMC X-2",
        "station": "STA 0+576.2",
        "station_m": 576.2,
        "offset_m": 11.5,
        "desc": "",
        "comment": "TSAG/RAMOS IA, C.N/UNKNOWN, LATITUDE/12'30'24.6  LONGTITUDE/120'58'45.2  STATION NO/0+000 REMARKS/SEDIMENTATION",
        "elevation_m": 42.35,
        "photo_filename": "DSC00388.jpg",
        "photo_path": "../../DCIM/10GRMN/DSC00388.jpg",
        "surveyor_comment": "TSAG/RAMOS IA, C.N/UNKNOWN, LATITUDE/12'30'24.6 LONGTITUDE/120'58'45.2 STATION NO/0+000 REMARKS/SEDIMENTATION",
        "survey_date": "2023-5-4"
      },
      "geometry": {
        "type": "Point",
        "coordinates": [
          120.979221,
          12.506843
        ]
      }
    },
    {
      "type": "Feature",
      "properties": {
        "id": 54,
        "name": "Turnout both side (1+305)",
        "type": "Turnout",
        "Structure_Category": "Turnout (TO)",
        "canal_name": "MFD 3 SFD 1",
        "station": "STA 0+010.6",
        "station_m": 10.56,
        "offset_m": 1.78,
        "desc": "",
        "comment": "TSAG/MATABIAGA MALAWAAN IA, C.N/UNKNOW, LATITUDE/12'30'13.0 LONGTITUDE/120'57'22.8 STATION NO/1+305 REMARKS/T.O BOTHSIDE COLLAPSE B/S",
        "elevation_m": 9.95,
        "photo_filename": "DSC00477.jpg",
        "photo_path": "../../DCIM/10GRMN/DSC00477.jpg",
        "surveyor_comment": "TSAG/MATABIAGA MALAWAAN IA, C.N/UNKNOW, LATITUDE/12'30'13.0 LONGTITUDE/120'57'22.8 STATION NO/1+305 REMARKS/T.O BOTHSIDE COLLAPSE B/S",
        "survey_date": "2024-5-5"
      },
      "geometry": {
        "type": "Point",
        "coordinates": [
          120.956323,
          12.5036
        ]
      }
    },
    {
      "type": "Feature",
      "properties": {
        "id": 261,
        "name": "Comb of tresher crossing & Drop structure (0+390 - 0+396)",
        "type": "Thresher Crossing",
        "Structure_Category": "Thresher Crossing",
        "canal_name": "LATERAL CS",
        "station": "STA 0+401.0",
        "station_m": 400.96,
        "offset_m": 2.84,
        "desc": "",
        "comment": "TSAG/RAMOS IA, C.N/LAT CS, LATITUDE/12'30'194  LONGTITUDE/120'58'927  STATION NO/0+390 -0+396 REMARKS/DAMAGED",
        "elevation_m": 33.71,
        "photo_filename": "DSC00195.jpg",
        "photo_path": "../../DCIM/10GRMN/DSC00195.jpg",
        "surveyor_comment": "TSAG/RAMOS IA, C.N/LAT CS, LATITUDE/12'30'194 LONGTITUDE/120'58'927 STATION NO/0+390 -0+396 REMARKS/DAMAGED",
        "survey_date": "2023-5-3"
      },
      "geometry": {
        "type": "Point",
        "coordinates": [
          120.982108,
          12.503235
        ]
      }
    },
    {
      "type": "Feature",
      "properties": {
        "id": 8,
        "name": "Turnout (0+344)",
        "type": "Turnout",
        "Structure_Category": "Turnout (TO)",
        "canal_name": "LATERAL X-2 MFD 2",
        "station": "STA 0+322.7",
        "station_m": 322.72,
        "offset_m": 1.46,
        "desc": "",
        "comment": "TSAG/RAMOS IA, C.N/UNKNOWN, LATITUDE/12'30'18.0  LONGTITUDE/120'58'34.8  STATION NO/0+344 REMARKS/GOOD CONDITION",
        "elevation_m": 36.3,
        "photo_filename": "DSC00396.jpg",
        "photo_path": "../../DCIM/10GRMN/DSC00396.jpg",
        "surveyor_comment": "TSAG/RAMOS IA, C.N/UNKNOWN, LATITUDE/12'30'18.0 LONGTITUDE/120'58'34.8 STATION NO/0+344 REMARKS/GOOD CONDITION",
        "survey_date": "2023-5-4"
      },
      "geometry": {
        "type": "Point",
        "coordinates": [
          120.976334,
          12.504987
        ]
      }
    },
    {
      "type": "Feature",
      "properties": {
        "id": 4,
        "name": "Turnout (0+048)",
        "type": "Turnout",
        "Structure_Category": "Turnout (TO)",
        "canal_name": "LATERAL X-2 MFD 2",
        "station": "STA 0+045.4",
        "station_m": 45.45,
        "offset_m": 1.95,
        "desc": "",
        "comment": "TSAG/RAMOS IA, C.N/UNKNOWN, LATITUDE/12'30'20.6  LONGTITUDE/120'58'45.5  STATION NO/0+229 -0+ 048 REMARKS/GOOD CONDITION",
        "elevation_m": 39.46,
        "photo_filename": "DSC00390.jpg",
        "photo_path": "../../DCIM/10GRMN/DSC00390.jpg",
        "surveyor_comment": "TSAG/RAMOS IA, C.N/UNKNOWN, LATITUDE/12'30'20.6 LONGTITUDE/120'58'45.5 STATION NO/0+229 -0+ 048 REMARKS/GOOD CONDITION",
        "survey_date": "2023-5-4"
      },
      "geometry": {
        "type": "Point",
        "coordinates": [
          120.978745,
          12.505732
        ]
      }
    },
    {
      "type": "Feature",
      "properties": {
        "id": 9,
        "name": "Turnout (0+357)",
        "type": "Turnout",
        "Structure_Category": "Turnout (TO)",
        "canal_name": "LATERAL X-2 MFD 2",
        "station": "STA 0+331.3",
        "station_m": 331.27,
        "offset_m": 2.76,
        "desc": "",
        "comment": "TSAG/RAMOS IA, C.N/UNKNOWN, LATITUDE/12'30'17.9  LONGTITUDE/120'58'34.5  STATION NO/0+357  REMARKS/GOOD CONDITION",
        "elevation_m": 35.56,
        "photo_filename": "DSC00398.jpg",
        "photo_path": "../../DCIM/10GRMN/DSC00398.jpg",
        "surveyor_comment": "TSAG/RAMOS IA, C.N/UNKNOWN, LATITUDE/12'30'17.9 LONGTITUDE/120'58'34.5 STATION NO/0+357 REMARKS/GOOD CONDITION",
        "survey_date": "2023-5-4"
      },
      "geometry": {
        "type": "Point",
        "coordinates": [
          120.976259,
          12.504961
        ]
      }
    },
    {
      "type": "Feature",
      "properties": {
        "id": 10,
        "name": "Canal lining w/ Illegal turnout (0+357)",
        "type": "Unauthorized Turnout",
        "Structure_Category": "Turnout (TO)",
        "canal_name": "LATERAL X-2 MFD 2",
        "station": "STA 0+341.9",
        "station_m": 341.89,
        "offset_m": 3.99,
        "desc": "",
        "comment": "TSAG/RAMOS IA, C.N/UNKNOWN, LATITUDE/12'30'17.53  LONGTITUDE/120'58'34.3  STATION NO/0+357 REMARKS/ILLEGAL T.O",
        "elevation_m": 34.67,
        "photo_filename": "DSC00400.jpg",
        "photo_path": "../../DCIM/10GRMN/DSC00400.jpg",
        "surveyor_comment": "TSAG/RAMOS IA, C.N/UNKNOWN, LATITUDE/12'30'17.53 LONGTITUDE/120'58'34.3 STATION NO/0+357 REMARKS/ILLEGAL T.O",
        "survey_date": "2023-5-4"
      },
      "geometry": {
        "type": "Point",
        "coordinates": [
          120.976202,
          12.504862
        ]
      }
    },
    {
      "type": "Feature",
      "properties": {
        "id": 14,
        "name": "Canal lining w/ Illegal turnout (0+457)",
        "type": "Unauthorized Turnout",
        "Structure_Category": "Turnout (TO)",
        "canal_name": "LATERAL X-2 MFD 2",
        "station": "STA 0+444.9",
        "station_m": 444.89,
        "offset_m": 6.59,
        "desc": "",
        "comment": "TSAG/RAMOS IA, C.N/UNKNOWN, LATITUDE/12'30'14.6  LONGTITUDE/120'58'33.5  STATION NO/0+457  REMARKS/ILLEGAL T.O",
        "elevation_m": 29.24,
        "photo_filename": "DSC00406.jpg",
        "photo_path": "../../DCIM/10GRMN/DSC00406.jpg",
        "surveyor_comment": "TSAG/RAMOS IA, C.N/UNKNOWN, LATITUDE/12'30'14.6 LONGTITUDE/120'58'33.5 STATION NO/0+457 REMARKS/ILLEGAL T.O",
        "survey_date": "2023-5-4"
      },
      "geometry": {
        "type": "Point",
        "coordinates": [
          120.975972,
          12.504053
        ]
      }
    },
    {
      "type": "Feature",
      "properties": {
        "id": 13,
        "name": "Turnout (0+425)",
        "type": "Turnout",
        "Structure_Category": "Turnout (TO)",
        "canal_name": "LATERAL X-2 MFD 2",
        "station": "STA 0+413.8",
        "station_m": 413.77,
        "offset_m": 11.11,
        "desc": "",
        "comment": "TSAG/RAMOS IA, C.N/UNKNOWN, LATITUDE/12'30'15.6  LONGTITUDE/120'58'34.6  STATION NO/0+425 REMARKS/GOOD CONDITION",
        "elevation_m": 30.96,
        "photo_filename": "DSC00405.jpg",
        "photo_path": "../../DCIM/10GRMN/DSC00405.jpg",
        "surveyor_comment": "TSAG/RAMOS IA, C.N/UNKNOWN, LATITUDE/12'30'15.6 LONGTITUDE/120'58'34.6 STATION NO/0+425 REMARKS/GOOD CONDITION",
        "survey_date": "2023-5-4"
      },
      "geometry": {
        "type": "Point",
        "coordinates": [
          120.976105,
          12.504341
        ]
      }
    },
    {
      "type": "Feature",
      "properties": {
        "id": 16,
        "name": "Canal lining w/ illegal turnout (0+520)",
        "type": "Unauthorized Turnout",
        "Structure_Category": "Turnout (TO)",
        "canal_name": "LATERAL X-2 MFD 2",
        "station": "STA 0+517.7",
        "station_m": 517.66,
        "offset_m": 1.05,
        "desc": "",
        "comment": "TSAG/RAMOS IA, C.N/UNKNOWN, LATITUDE/12'30'12.6  LONGTITUDE/120'58'32.2  STATION NO/0+520 REMARKS/ILLEGAL T.O",
        "elevation_m": 26.61,
        "photo_filename": "DSC00409.jpg",
        "photo_path": "../../DCIM/10GRMN/DSC00409.jpg",
        "surveyor_comment": "TSAG/RAMOS IA, C.N/UNKNOWN, LATITUDE/12'30'12.6 LONGTITUDE/120'58'32.2 STATION NO/0+520 REMARKS/ILLEGAL T.O",
        "survey_date": "2023-5-4"
      },
      "geometry": {
        "type": "Point",
        "coordinates": [
          120.975616,
          12.503494
        ]
      }
    },
    {
      "type": "Feature",
      "properties": {
        "id": 17,
        "name": "Turnout (0+556)",
        "type": "Turnout",
        "Structure_Category": "Turnout (TO)",
        "canal_name": "LATERAL X-2 MFD 2",
        "station": "STA 0+553.3",
        "station_m": 553.28,
        "offset_m": 1.94,
        "desc": "",
        "comment": "TSAG/RAMOS IA, C.N/UNKNOWN, LATITUDE/12'30'11.5  LONGTITUDE/120'58'31.8  STATION NO/0+556 REMARKS/GOOD CONDITION",
        "elevation_m": 25.87,
        "photo_filename": "DSC00411.jpg",
        "photo_path": "../../DCIM/10GRMN/DSC00411.jpg",
        "surveyor_comment": "TSAG/RAMOS IA, C.N/UNKNOWN, LATITUDE/12'30'11.5 LONGTITUDE/120'58'31.8 STATION NO/0+556 REMARKS/GOOD CONDITION",
        "survey_date": "2023-5-4"
      },
      "geometry": {
        "type": "Point",
        "coordinates": [
          120.975494,
          12.503195
        ]
      }
    },
    {
      "type": "Feature",
      "properties": {
        "id": 21,
        "name": "Canal lining w/ illegal turnout (0+629)",
        "type": "Unauthorized Turnout",
        "Structure_Category": "Turnout (TO)",
        "canal_name": "LATERAL X-2 MFD 2",
        "station": "STA 0+620.5",
        "station_m": 620.51,
        "offset_m": 0.8,
        "desc": "",
        "comment": "TSAG/RAMOS IA, C.N/UNKNOWN, LATITUDE/12'30'09.4  LONGTITUDE/120'58'31.0  STATION NO/0+629 REMARKS/ILLEGAL T.O",
        "elevation_m": 28.44,
        "photo_filename": "DSC00417.jpg",
        "photo_path": "../../DCIM/10GRMN/DSC00417.jpg",
        "surveyor_comment": "TSAG/RAMOS IA, C.N/UNKNOWN, LATITUDE/12'30'09.4 LONGTITUDE/120'58'31.0 STATION NO/0+629 REMARKS/ILLEGAL T.O",
        "survey_date": "2023-5-4"
      },
      "geometry": {
        "type": "Point",
        "coordinates": [
          120.975285,
          12.502624
        ]
      }
    },
    {
      "type": "Feature",
      "properties": {
        "id": 19,
        "name": "Tresher crossing (0+569)",
        "type": "Thresher Crossing",
        "Structure_Category": "Thresher Crossing",
        "canal_name": "LATERAL X-2 MFD 2",
        "station": "STA 0+565.1",
        "station_m": 565.12,
        "offset_m": 2.08,
        "desc": "",
        "comment": "TSAG/RAMOS IA, C.N/UNKNOWN, LATITUDE/12'30'11.1  LONGTITUDE/120'58'31,7  STATION NO/0+569 REMARKS/GOOD CONDITION",
        "elevation_m": 28.33,
        "photo_filename": "DSC00415.jpg",
        "photo_path": "../../DCIM/10GRMN/DSC00415.jpg",
        "surveyor_comment": "TSAG/RAMOS IA, C.N/UNKNOWN, LATITUDE/12'30'11.1 LONGTITUDE/120'58'31,7 STATION NO/0+569 REMARKS/GOOD CONDITION",
        "survey_date": "2023-5-4"
      },
      "geometry": {
        "type": "Point",
        "coordinates": [
          120.975462,
          12.503091
        ]
      }
    },
    {
      "type": "Feature",
      "properties": {
        "id": 52,
        "name": "250",
        "type": "Road Crossing",
        "Structure_Category": "Road Crossing",
        "canal_name": "LATERAL AS MFD 3",
        "station": "STA 1+292.6",
        "station_m": 1292.64,
        "offset_m": 2.28,
        "desc": "",
        "comment": "TSAG/MATABIAGA MALAWAAN IA, C.N/UNKNOW, LATITUDE/12'30'13.3 LONGTITUDE/120'57'23.0 STATION NO/1+290 REMARKS/ROAD-XING INLET/SILTED",
        "elevation_m": 8.5,
        "photo_filename": "DSC00475.jpg",
        "photo_path": "../../DCIM/10GRMN/DSC00475.jpg",
        "surveyor_comment": "TSAG/MATABIAGA MALAWAAN IA, C.N/UNKNOW, LATITUDE/12'30'13.3 LONGTITUDE/120'57'23.0 STATION NO/1+290 REMARKS/ROAD-XING INLET/SILTED",
        "survey_date": "2023-5-5"
      },
      "geometry": {
        "type": "Point",
        "coordinates": [
          120.956396,
          12.503693
        ]
      }
    },
    {
      "type": "Feature",
      "properties": {
        "id": 109,
        "name": "Turnout (0+745)",
        "type": "Turnout",
        "Structure_Category": "Turnout (TO)",
        "canal_name": "4TH INTAKE MAIN CANAL",
        "station": "STA 2+370.9",
        "station_m": 2370.89,
        "offset_m": 1.84,
        "desc": "",
        "comment": "NO STEEL GATE",
        "elevation_m": 17.79,
        "photo_filename": "DSC00180.jpg",
        "photo_path": "../../DCIM/10GRMN/DSC00180.jpg",
        "surveyor_comment": "NO STEEL GATE",
        "survey_date": "2023-5-4"
      },
      "geometry": {
        "type": "Point",
        "coordinates": [
          120.944356,
          12.513833
        ]
      }
    },
    {
      "type": "Feature",
      "properties": {
        "id": 60,
        "name": "258",
        "type": "Other Structures",
        "Structure_Category": "Other Structures",
        "canal_name": "SOUTH MAIN CANAL",
        "station": "STA 0+148.8",
        "station_m": 148.84,
        "offset_m": 3.04,
        "desc": "",
        "comment": "",
        "elevation_m": 36.9,
        "photo_filename": "",
        "photo_path": "../../DCIM/10GRMN/",
        "surveyor_comment": null,
        "survey_date": "2023-5-5"
      },
      "geometry": {
        "type": "Point",
        "coordinates": [
          120.986549,
          12.521757
        ]
      }
    },
    {
      "type": "Feature",
      "properties": {
        "id": 104,
        "name": "Tresher crossing & Drop (0+487 -0493)",
        "type": "Thresher Crossing",
        "Structure_Category": "Thresher Crossing",
        "canal_name": "LATERAL AS-1",
        "station": "STA 0+499.1",
        "station_m": 499.13,
        "offset_m": 0.1,
        "desc": "",
        "comment": "TSAG/MATABIAGA MALAWAAN IA, LAT AS-1, REMARKS/INCOMPLETE STEEL GATE",
        "elevation_m": 19.22,
        "photo_filename": "DSC00173.jpg",
        "photo_path": "../../DCIM/10GRMN/DSC00173.jpg",
        "surveyor_comment": "TSAG/MATABIAGA MALAWAAN IA, LAT AS-1, REMARKS/INCOMPLETE STEEL GATE",
        "survey_date": "2023-5-4"
      },
      "geometry": {
        "type": "Point",
        "coordinates": [
          120.947369,
          12.512682
        ]
      }
    },
    {
      "type": "Feature",
      "properties": {
        "id": 110,
        "name": "Turnout (0+890)",
        "type": "Turnout",
        "Structure_Category": "Turnout (TO)",
        "canal_name": "4TH INTAKE MAIN CANAL",
        "station": "STA 2+406.7",
        "station_m": 2406.71,
        "offset_m": 2.67,
        "desc": "",
        "comment": "NO STEELGATE",
        "elevation_m": 18.09,
        "photo_filename": "DSC00181.jpg",
        "photo_path": "../../DCIM/10GRMN/DSC00181.jpg",
        "surveyor_comment": "NO STEELGATE",
        "survey_date": "2023-5-4"
      },
      "geometry": {
        "type": "Point",
        "coordinates": [
          120.944045,
          12.513726
        ]
      }
    },
    {
      "type": "Feature",
      "properties": {
        "id": 105,
        "name": "Canal lining (0+493 - 0+602)",
        "type": "Other Structures",
        "Structure_Category": "Other Structures",
        "canal_name": "LATERAL AS-1",
        "station": "STA 0+613.3",
        "station_m": 613.27,
        "offset_m": 2.24,
        "desc": "",
        "comment": "TSAG/MATABIAGA MALAWAAN IA, LAT AS-1, REMARKS/SILTED DAMAGE",
        "elevation_m": 17.97,
        "photo_filename": "DSC00174.jpg",
        "photo_path": "../../DCIM/10GRMN/DSC00174.jpg",
        "surveyor_comment": "TSAG/MATABIAGA MALAWAAN IA, LAT AS-1, REMARKS/SILTED DAMAGE",
        "survey_date": "2023-6-4"
      },
      "geometry": {
        "type": "Point",
        "coordinates": [
          120.946485,
          12.513238
        ]
      }
    },
    {
      "type": "Feature",
      "properties": {
        "id": 101,
        "name": "Illegal turnout (0+433)",
        "type": "Unauthorized Turnout",
        "Structure_Category": "Turnout (TO)",
        "canal_name": "LATERAL AS-1",
        "station": "STA 0+441.0",
        "station_m": 440.96,
        "offset_m": 3.64,
        "desc": "",
        "comment": "TSAG/MATABIAGA MALAWAAN IA, LAT AS-1, REMARKS/ILLEGAL T.O",
        "elevation_m": 18.43,
        "photo_filename": "DSC00169.jpg",
        "photo_path": "../../DCIM/10GRMN/DSC00169.jpg",
        "surveyor_comment": "TSAG/MATABIAGA MALAWAAN IA, LAT AS-1, REMARKS/ILLEGAL T.O",
        "survey_date": "2023-5-4"
      },
      "geometry": {
        "type": "Point",
        "coordinates": [
          120.947841,
          12.512432
        ]
      }
    },
    {
      "type": "Feature",
      "properties": {
        "id": 94,
        "name": "Head gate (0+002)",
        "type": "Head Gate",
        "Structure_Category": "Head Gate",
        "canal_name": "LATERAL AS-1",
        "station": "STA 0+001.0",
        "station_m": 1,
        "offset_m": 1.39,
        "desc": "",
        "comment": "TSAG/MATABIAGA MALAWAAN IA, LAT AS-1, REMARKS/INC STEEL GATE",
        "elevation_m": 26.03,
        "photo_filename": "DSC00161.jpg",
        "photo_path": "../../DCIM/10GRMN/DSC00161.jpg",
        "surveyor_comment": "TSAG/MATABIAGA MALAWAAN IA, LAT AS-1, REMARKS/INC STEEL GATE",
        "survey_date": "2023-5-4"
      },
      "geometry": {
        "type": "Point",
        "coordinates": [
          120.951376,
          12.510505
        ]
      }
    },
    {
      "type": "Feature",
      "properties": {
        "id": 102,
        "name": "Canal lining (0+433)",
        "type": "Other Structures",
        "Structure_Category": "Other Structures",
        "canal_name": "LATERAL AS-1",
        "station": "STA 0+441.7",
        "station_m": 441.74,
        "offset_m": 2.24,
        "desc": "",
        "comment": "TSAG/MATABIAGA MALAWAAN IA, LAT AS-1, REMARKS/SILTED",
        "elevation_m": 18.76,
        "photo_filename": "DSC00170.jpg",
        "photo_path": "../../DCIM/10GRMN/DSC00170.jpg",
        "surveyor_comment": "TSAG/MATABIAGA MALAWAAN IA, LAT AS-1, REMARKS/SILTED",
        "survey_date": "2023-5-4"
      },
      "geometry": {
        "type": "Point",
        "coordinates": [
          120.947828,
          12.512425
        ]
      }
    },
    {
      "type": "Feature",
      "properties": {
        "id": 99,
        "name": "Illegal turnout (0+192)",
        "type": "Unauthorized Turnout",
        "Structure_Category": "Turnout (TO)",
        "canal_name": "LATERAL AS-1",
        "station": "STA 0+197.8",
        "station_m": 197.8,
        "offset_m": 4.39,
        "desc": "",
        "comment": "TSAG/MATABIAGA MALAWAAN IA, LAT AS-1, REMARKS/ILLEGAL T.O",
        "elevation_m": 21.49,
        "photo_filename": "DSC00167.jpg",
        "photo_path": "../../DCIM/10GRMN/DSC00167.jpg",
        "surveyor_comment": "TSAG/MATABIAGA MALAWAAN IA, LAT AS-1, REMARKS/ILLEGAL T.O",
        "survey_date": "2023-5-4"
      },
      "geometry": {
        "type": "Point",
        "coordinates": [
          120.94978,
          12.511346
        ]
      }
    },
    {
      "type": "Feature",
      "properties": {
        "id": 98,
        "name": "Tresher crossing (0+165)",
        "type": "Thresher Crossing",
        "Structure_Category": "Thresher Crossing",
        "canal_name": "LATERAL AS-1",
        "station": "STA 0+166.8",
        "station_m": 166.77,
        "offset_m": 3.93,
        "desc": "",
        "comment": "TSAG/MATABIAGA MALAWAAN IA, LAT AS-1, REMARKS/DAMAGE",
        "elevation_m": 21.17,
        "photo_filename": "DSC00166.jpg",
        "photo_path": "../../DCIM/10GRMN/DSC00166.jpg",
        "surveyor_comment": "TSAG/MATABIAGA MALAWAAN IA, LAT AS-1, REMARKS/DAMAGE",
        "survey_date": "2023-5-4"
      },
      "geometry": {
        "type": "Point",
        "coordinates": [
          120.950035,
          12.51122
        ]
      }
    },
    {
      "type": "Feature",
      "properties": {
        "id": 97,
        "name": "Partial flume (0+042)",
        "type": "Flume",
        "Structure_Category": "Parshall Flume",
        "canal_name": "LATERAL AS-1",
        "station": "STA 0+042.4",
        "station_m": 42.36,
        "offset_m": 8.01,
        "desc": "",
        "comment": "TSAG/MATABIAGA MALAWAAN IA, LAT AS-1, REMARKS/SILTED VEGATATED",
        "elevation_m": 21.48,
        "photo_filename": "DSC00165.jpg",
        "photo_path": "../../DCIM/10GRMN/DSC00165.jpg",
        "surveyor_comment": "TSAG/MATABIAGA MALAWAAN IA, LAT AS-1, REMARKS/SILTED VEGATATED",
        "survey_date": "2023-5-4"
      },
      "geometry": {
        "type": "Point",
        "coordinates": [
          120.95107,
          12.510734
        ]
      }
    },
    {
      "type": "Feature",
      "properties": {
        "id": 95,
        "name": "Road crossing (0+000 - 0+007)",
        "type": "Road Crossing",
        "Structure_Category": "Road Crossing",
        "canal_name": "LATERAL AS-1",
        "station": "STA 0+009.0",
        "station_m": 9.02,
        "offset_m": 2.48,
        "desc": "",
        "comment": "TSAG/MATABIAGA MALAWAAN IA, LAT AS-1, REMARKS/GOOD CONDITION",
        "elevation_m": 22.04,
        "photo_filename": "DSC00163.jpg",
        "photo_path": "../../DCIM/10GRMN/DSC00163.jpg",
        "surveyor_comment": "TSAG/MATABIAGA MALAWAAN IA, LAT AS-1, REMARKS/GOOD CONDITION",
        "survey_date": "2023-5-4"
      },
      "geometry": {
        "type": "Point",
        "coordinates": [
          120.951315,
          12.510547
        ]
      }
    },
    {
      "type": "Feature",
      "properties": {
        "id": 63,
        "name": "051",
        "type": "Other Structures",
        "Structure_Category": "Other Structures",
        "canal_name": "LATERAL BS",
        "station": "STA 0+027.4",
        "station_m": 27.44,
        "offset_m": 1.94,
        "desc": "",
        "comment": "Remarks: for updating Blured image",
        "elevation_m": 32.29,
        "photo_filename": "DSC00125.jpg",
        "photo_path": "../../DCIM/10GRMN/DSC00125.jpg",
        "surveyor_comment": "Remarks: for updating Blured image",
        "survey_date": "2023-5-4"
      },
      "geometry": {
        "type": "Point",
        "coordinates": [
          120.9788,
          12.511702
        ]
      }
    },
    {
      "type": "Feature",
      "properties": {
        "id": 64,
        "name": "Canal lining (0+030)",
        "type": "Other Structures",
        "Structure_Category": "Other Structures",
        "canal_name": "LATERAL SMC X-2",
        "station": "STA 0+032.2",
        "station_m": 32.2,
        "offset_m": 0,
        "desc": "",
        "comment": "TSAG/RAMOS IA, C.N/SMC (x-2), LATITUDE/12'30'699  LONGTITUDE/120'58'732  STATION NO/0+030  REMARKS/WALL DAMAGE MODERATE VGETATION",
        "elevation_m": 31.22,
        "photo_filename": "DSC00126.jpg",
        "photo_path": "../../DCIM/10GRMN/DSC00126.jpg",
        "surveyor_comment": "TSAG/RAMOS IA, C.N/SMC (x-2), LATITUDE/12'30'699 LONGTITUDE/120'58'732 STATION NO/0+030 REMARKS/WALL DAMAGE MODERATE VGETATION",
        "survey_date": "2023-7-4"
      },
      "geometry": {
        "type": "Point",
        "coordinates": [
          120.978859,
          12.511651
        ]
      }
    },
    {
      "type": "Feature",
      "properties": {
        "id": 66,
        "name": "Canal lining (0+148)",
        "type": "Other Structures",
        "Structure_Category": "Other Structures",
        "canal_name": "LATERAL SMC X-2",
        "station": "STA 0+148.9",
        "station_m": 148.89,
        "offset_m": 5.07,
        "desc": "",
        "comment": "TSAG/RAMOS IA, C.N/SMC (x-2), LATITUDE/12'30'636  LONGTITUDE/120'58'735  STATION NO/0+148  REMARKS/ILLEGAL PIGGERY",
        "elevation_m": 28.05,
        "photo_filename": "DSC00129.jpg",
        "photo_path": "../../DCIM/10GRMN/DSC00129.jpg",
        "surveyor_comment": "TSAG/RAMOS IA, C.N/SMC (x-2), LATITUDE/12'30'636 LONGTITUDE/120'58'735 STATION NO/0+148 REMARKS/ILLEGAL PIGGERY",
        "survey_date": "2023-5-4"
      },
      "geometry": {
        "type": "Point",
        "coordinates": [
          120.978913,
          12.510601
        ]
      }
    },
    {
      "type": "Feature",
      "properties": {
        "id": 88,
        "name": "Road crossing (0+677 - 0+682)",
        "type": "Road Crossing",
        "Structure_Category": "Road Crossing",
        "canal_name": "LATERAL SMC X-2",
        "station": "STA 0+685.3",
        "station_m": 685.35,
        "offset_m": 1.81,
        "desc": "",
        "comment": "TSAG/RAMOS IA, C.N/UNKNOWN, LATITUDE/12'30'351  LONGTITUDE/120'58'750  STATION NO/0+677 -0+ 682 REMARKS/SILTED DUE TO SEDIMENTATIOON",
        "elevation_m": 26.1,
        "photo_filename": "DSC00155.jpg",
        "photo_path": "../../DCIM/10GRMN/DSC00155.jpg",
        "surveyor_comment": "TSAG/RAMOS IA, C.N/UNKNOWN, LATITUDE/12'30'351 LONGTITUDE/120'58'750 STATION NO/0+677 -0+ 682 REMARKS/SILTED DUE TO SEDIMENTATIOON",
        "survey_date": "2023-5-4"
      },
      "geometry": {
        "type": "Point",
        "coordinates": [
          120.979175,
          12.505849
        ]
      }
    },
    {
      "type": "Feature",
      "properties": {
        "id": 91,
        "name": "Turnout (1+205)",
        "type": "Turnout",
        "Structure_Category": "Turnout (TO)",
        "canal_name": "LATERAL SMC X-2",
        "station": "STA 1+029.7",
        "station_m": 1029.7,
        "offset_m": 0.68,
        "desc": "",
        "comment": "TSAG/RAMOS IA, C.N/SMC(X-2), LATITUDE/12'30'731  LONGTITUDE/120'58'748  STATION NO/0+025  REMARKS/VEGETATED AND SILTED",
        "elevation_m": 27.42,
        "photo_filename": "DSC00158.jpg",
        "photo_path": "../../DCIM/10GRMN/DSC00158.jpg",
        "surveyor_comment": "TSAG/RAMOS IA, C.N/SMC(X-2), LATITUDE/12'30'731 LONGTITUDE/120'58'748 STATION NO/0+025 REMARKS/VEGETATED AND SILTED",
        "survey_date": "2023-5-4"
      },
      "geometry": {
        "type": "Point",
        "coordinates": [
          120.978843,
          12.502762
        ]
      }
    },
    {
      "type": "Feature",
      "properties": {
        "id": 89,
        "name": "Road crossing (0+741 -0+745)",
        "type": "Road Crossing",
        "Structure_Category": "Road Crossing",
        "canal_name": "LATERAL SMC X-2",
        "station": "STA 0+746.3",
        "station_m": 746.31,
        "offset_m": 2.05,
        "desc": "",
        "comment": "TSAG/RAMOS IA, C.N/SMC(X-2), LATITUDE/12'30'318  LONGTITUDE/120'58'751  STATION NO/0+741 -0+ 745  REMARKS/GOOD CONDITION",
        "elevation_m": 25.61,
        "photo_filename": "DSC00156.jpg",
        "photo_path": "../../DCIM/10GRMN/DSC00156.jpg",
        "surveyor_comment": "TSAG/RAMOS IA, C.N/SMC(X-2), LATITUDE/12'30'318 LONGTITUDE/120'58'751 STATION NO/0+741 -0+ 745 REMARKS/GOOD CONDITION",
        "survey_date": "2023-5-4"
      },
      "geometry": {
        "type": "Point",
        "coordinates": [
          120.979179,
          12.505298
        ]
      }
    },
    {
      "type": "Feature",
      "properties": {
        "id": 69,
        "name": "Canal ling (0+229 - 0+238)",
        "type": "Other Structures",
        "Structure_Category": "Other Structures",
        "canal_name": "LATERAL SMC X-2",
        "station": "STA 0+232.0",
        "station_m": 231.99,
        "offset_m": 2.8,
        "desc": "",
        "comment": "TSAG/RAMOS IA, C.N/UNKNOWN, LATITUDE/12'30'593  LONGTITUDE/120'58'735  STATION NO/0+229 -0+ 238 REMARKS/DETERIORATED",
        "elevation_m": 29.94,
        "photo_filename": "DSC00133.jpg",
        "photo_path": "../../DCIM/10GRMN/DSC00133.jpg",
        "surveyor_comment": "TSAG/RAMOS IA, C.N/UNKNOWN, LATITUDE/12'30'593 LONGTITUDE/120'58'735 STATION NO/0+229 -0+ 238 REMARKS/DETERIORATED",
        "survey_date": "2023-5-4"
      },
      "geometry": {
        "type": "Point",
        "coordinates": [
          120.978915,
          12.509875
        ]
      }
    },
    {
      "type": "Feature",
      "properties": {
        "id": 86,
        "name": "Canal lining (0+338)",
        "type": "Other Structures",
        "Structure_Category": "Other Structures",
        "canal_name": "LATERAL SMC X-2",
        "station": "STA 0+394.2",
        "station_m": 394.16,
        "offset_m": 0.84,
        "desc": "",
        "comment": "TSAG/RAMOS IA, C.N/SMC(x-2), LATITUDE/12'30'508  LONGTITUDE/120'58'743  STATION NO/0+388  REMARKS/SILTED DUE TO SEDIMENTATION",
        "elevation_m": 26.56,
        "photo_filename": "DSC00152.jpg",
        "photo_path": "../../DCIM/10GRMN/DSC00152.jpg",
        "surveyor_comment": "TSAG/RAMOS IA, C.N/SMC(x-2), LATITUDE/12'30'508 LONGTITUDE/120'58'743 STATION NO/0+388 REMARKS/SILTED DUE TO SEDIMENTATION",
        "survey_date": "2023-5-4"
      },
      "geometry": {
        "type": "Point",
        "coordinates": [
          120.979049,
          12.508472
        ]
      }
    },
    {
      "type": "Feature",
      "properties": {
        "id": 71,
        "name": "Canal lining (0+343)",
        "type": "Other Structures",
        "Structure_Category": "Other Structures",
        "canal_name": "LATERAL SMC X-2",
        "station": "STA 0+349.1",
        "station_m": 349.08,
        "offset_m": 13.7,
        "desc": "",
        "comment": "TSAG/RAMOS IA, C.N/UNKNOWN, LATITUDE/12'30'533  LONGTITUDE/120'58'738  STATION NO/0+343  REMARKS/SILTED DUE TO RESEDENCE WASTE",
        "elevation_m": 30.1,
        "photo_filename": "DSC00136.jpg",
        "photo_path": "../../DCIM/10GRMN/DSC00136.jpg",
        "surveyor_comment": "TSAG/RAMOS IA, C.N/UNKNOWN, LATITUDE/12'30'533 LONGTITUDE/120'58'738 STATION NO/0+343 REMARKS/SILTED DUE TO RESEDENCE WASTE",
        "survey_date": "2023-5-4"
      },
      "geometry": {
        "type": "Point",
        "coordinates": [
          120.978977,
          12.50889
        ]
      }
    },
    {
      "type": "Feature",
      "properties": {
        "id": 67,
        "name": "Road creossing (0+221)",
        "type": "Road Crossing",
        "Structure_Category": "Road Crossing",
        "canal_name": "LATERAL SMC X-2",
        "station": "STA 0+204.6",
        "station_m": 204.6,
        "offset_m": 1.27,
        "desc": "",
        "comment": "TSAG/RAMOS IA, C.N/UNKNOWN, LATITUDE/12'30'605  LONGTITUDE/120'58'734  STATION NO/0+211 REMARKS/SEDIMENTATION/ROAD-XING /INLET",
        "elevation_m": 30.68,
        "photo_filename": "DSC00130.jpg",
        "photo_path": "../../DCIM/10GRMN/DSC00130.jpg",
        "surveyor_comment": "TSAG/RAMOS IA, C.N/UNKNOWN, LATITUDE/12'30'605 LONGTITUDE/120'58'734 STATION NO/0+211 REMARKS/SEDIMENTATION/ROAD-XING /INLET",
        "survey_date": "2023-5-4"
      },
      "geometry": {
        "type": "Point",
        "coordinates": [
          120.978906,
          12.510097
        ]
      }
    },
    {
      "type": "Feature",
      "properties": {
        "id": 220,
        "name": "Canal lining w/ illegal turnout (0+762)",
        "type": "Unauthorized Turnout",
        "Structure_Category": "Turnout (TO)",
        "canal_name": "LATERAL BS",
        "station": "STA 0+713.3",
        "station_m": 713.3,
        "offset_m": 9.31,
        "desc": "",
        "comment": "ILLEGAL T.O",
        "elevation_m": 18.75,
        "photo_filename": "DSC00148.jpg",
        "photo_path": "../../DCIM/10GRMN/DSC00148.jpg",
        "surveyor_comment": "ILLEGAL T.O",
        "survey_date": "2023-5-3"
      },
      "geometry": {
        "type": "Point",
        "coordinates": [
          120.974291,
          12.507928
        ]
      }
    },
    {
      "type": "Feature",
      "properties": {
        "id": 84,
        "name": "072",
        "type": "Turnout",
        "Structure_Category": "Turnout (TO)",
        "canal_name": "LATERAL X-2 MFD 1",
        "station": "STA 0+575.4",
        "station_m": 575.38,
        "offset_m": 3.73,
        "desc": "",
        "comment": "TSAG/RAMOS IA, C.N/UNKNOWN, LATITUDE/12'30'302  LONGTITUDE/120'58'504  STATION NO/0+577  REMARKS/GOOD CONDITION",
        "elevation_m": 16.6,
        "photo_filename": "DSC00149.jpg",
        "photo_path": "../../DCIM/10GRMN/DSC00149.jpg",
        "surveyor_comment": "TSAG/RAMOS IA, C.N/UNKNOWN, LATITUDE/12'30'302 LONGTITUDE/120'58'504 STATION NO/0+577 REMARKS/GOOD CONDITION",
        "survey_date": "2023-5-4"
      },
      "geometry": {
        "type": "Point",
        "coordinates": [
          120.975069,
          12.505033
        ]
      }
    },
    {
      "type": "Feature",
      "properties": {
        "id": 83,
        "name": "071",
        "type": "Turnout",
        "Structure_Category": "Turnout (TO)",
        "canal_name": "LATERAL X-2 MFD 1",
        "station": "STA 0+500.4",
        "station_m": 500.36,
        "offset_m": 4.24,
        "desc": "",
        "comment": "TSAG/RAMOS IA, C.N/UNKNOWN, LATITUDE/12'30'330  LONGTITUDE/120'58'534  STATION NO/0+501  REMARKS/GOOD CONDITION",
        "elevation_m": 16.35,
        "photo_filename": "DSC00148.jpg",
        "photo_path": "../../DCIM/10GRMN/DSC00148.jpg",
        "surveyor_comment": "TSAG/RAMOS IA, C.N/UNKNOWN, LATITUDE/12'30'330 LONGTITUDE/120'58'534 STATION NO/0+501 REMARKS/GOOD CONDITION",
        "survey_date": "2023-5-4"
      },
      "geometry": {
        "type": "Point",
        "coordinates": [
          120.975567,
          12.505504
        ]
      }
    },
    {
      "type": "Feature",
      "properties": {
        "id": 81,
        "name": "069",
        "type": "Thresher Crossing",
        "Structure_Category": "Thresher Crossing",
        "canal_name": "LATERAL X-2 MFD 1",
        "station": "STA 0+479.9",
        "station_m": 479.9,
        "offset_m": 3.32,
        "desc": "",
        "comment": "TSAG/RAMOS IA, C.N/UNKNOWN, LATITUDE/12'30'337  LONGTITUDE/120'58'543  STATION NO/0+481  REMARKS/GOOD CONDITION",
        "elevation_m": 16.81,
        "photo_filename": "DSC00146.jpg",
        "photo_path": "../../DCIM/10GRMN/DSC00146.jpg",
        "surveyor_comment": "TSAG/RAMOS IA, C.N/UNKNOWN, LATITUDE/12'30'337 LONGTITUDE/120'58'543 STATION NO/0+481 REMARKS/GOOD CONDITION",
        "survey_date": "2023-5-4"
      },
      "geometry": {
        "type": "Point",
        "coordinates": [
          120.975712,
          12.505622
        ]
      }
    },
    {
      "type": "Feature",
      "properties": {
        "id": 79,
        "name": "067",
        "type": "Turnout",
        "Structure_Category": "Turnout (TO)",
        "canal_name": "LATERAL X-2 MFD 1",
        "station": "STA 0+248.5",
        "station_m": 248.52,
        "offset_m": 1.79,
        "desc": "",
        "comment": "TSAG/RAMOS IA, C.N/UNKNOWN, LATITUDE/12'30'422  LONGTITUDE/120'58'637  STATION NO/0+247  REMARKS/GOOD CONDITION",
        "elevation_m": 25.42,
        "photo_filename": "DSC00144.jpg",
        "photo_path": "../../DCIM/10GRMN/DSC00144.jpg",
        "surveyor_comment": "TSAG/RAMOS IA, C.N/UNKNOWN, LATITUDE/12'30'422 LONGTITUDE/120'58'637 STATION NO/0+247 REMARKS/GOOD CONDITION",
        "survey_date": "2023-5-4"
      },
      "geometry": {
        "type": "Point",
        "coordinates": [
          120.977284,
          12.507032
        ]
      }
    },
    {
      "type": "Feature",
      "properties": {
        "id": 77,
        "name": "065",
        "type": "Unauthorized Turnout",
        "Structure_Category": "Turnout (TO)",
        "canal_name": "LATERAL X-2 MFD 1",
        "station": "STA 0+202.6",
        "station_m": 202.63,
        "offset_m": 3.58,
        "desc": "",
        "comment": "TSAG/RAMOS IA, C.N/UNKNOWN, LATITUDE/12'30'439  LONGTITUDE/120'58'656  STATION NO/0+204  REMARKS/ILLEGAL T.O",
        "elevation_m": 28.01,
        "photo_filename": "DSC00142.jpg",
        "photo_path": "../../DCIM/10GRMN/DSC00142.jpg",
        "surveyor_comment": "TSAG/RAMOS IA, C.N/UNKNOWN, LATITUDE/12'30'439 LONGTITUDE/120'58'656 STATION NO/0+204 REMARKS/ILLEGAL T.O",
        "survey_date": "2023-5-4"
      },
      "geometry": {
        "type": "Point",
        "coordinates": [
          120.977593,
          12.507315
        ]
      }
    },
    {
      "type": "Feature",
      "properties": {
        "id": 75,
        "name": "063",
        "type": "Turnout",
        "Structure_Category": "Turnout (TO)",
        "canal_name": "LATERAL X-2 MFD 1",
        "station": "STA 0+145.9",
        "station_m": 145.87,
        "offset_m": 4.19,
        "desc": "",
        "comment": "TSAG/RAMOS IA, C.N/UNKNOWN, LATITUDE/12'30'460  LONGTITUDE/120'58'678  STATION NO/0+577  REMARKS/GOOD CONDITION",
        "elevation_m": 26.44,
        "photo_filename": "DSC00140.jpg",
        "photo_path": "../../DCIM/10GRMN/DSC00140.jpg",
        "surveyor_comment": "TSAG/RAMOS IA, C.N/UNKNOWN, LATITUDE/12'30'460 LONGTITUDE/120'58'678 STATION NO/0+577 REMARKS/GOOD CONDITION",
        "survey_date": "2023-5-4"
      },
      "geometry": {
        "type": "Point",
        "coordinates": [
          120.977972,
          12.507669
        ]
      }
    },
    {
      "type": "Feature",
      "properties": {
        "id": 74,
        "name": "062",
        "type": "Turnout",
        "Structure_Category": "Turnout (TO)",
        "canal_name": "LATERAL X-2 MFD 1",
        "station": "STA 0+036.9",
        "station_m": 36.94,
        "offset_m": 1.73,
        "desc": "",
        "comment": "TSAG/RAMOS IA, C.N/UNKNOWN, LATITUDE/12'30'496  LONGTITUDE/120'58'726  STATION NO/0+035  REMARKS/SILTED",
        "elevation_m": 29.04,
        "photo_filename": "DSC00139.jpg",
        "photo_path": "../../DCIM/10GRMN/DSC00139.jpg",
        "surveyor_comment": "TSAG/RAMOS IA, C.N/UNKNOWN, LATITUDE/12'30'496 LONGTITUDE/120'58'726 STATION NO/0+035 REMARKS/SILTED",
        "survey_date": "2023-5-4"
      },
      "geometry": {
        "type": "Point",
        "coordinates": [
          120.978764,
          12.508273
        ]
      }
    },
    {
      "type": "Feature",
      "properties": {
        "id": 93,
        "name": "081",
        "type": "Other Structures",
        "Structure_Category": "Other Structures",
        "canal_name": "LATERAL SMC X-2",
        "station": "STA 1+200.8",
        "station_m": 1200.8,
        "offset_m": 6.38,
        "desc": "",
        "comment": "TSAG/RAMOS IA, C.N/SMC(X-2), LATITUDE/12'30'073  LONGTITUDE/120'58'713  STATION NO/0+202 REMARKS/SILTED",
        "elevation_m": 27.11,
        "photo_filename": "DSC00160.jpg",
        "photo_path": "../../DCIM/10GRMN/DSC00160.jpg",
        "surveyor_comment": "TSAG/RAMOS IA, C.N/SMC(X-2), LATITUDE/12'30'073 LONGTITUDE/120'58'713 STATION NO/0+202 REMARKS/SILTED",
        "survey_date": "2023-5-4"
      },
      "geometry": {
        "type": "Point",
        "coordinates": [
          120.978549,
          12.501225
        ]
      }
    },
    {
      "type": "Feature",
      "properties": {
        "id": 130,
        "name": "Road crossing w/ Inlet (1+123)",
        "type": "Road Crossing",
        "Structure_Category": "Road Crossing",
        "canal_name": "SECONDARY MAIN CANAL",
        "station": "STA 1+122.8",
        "station_m": 1122.84,
        "offset_m": 2.48,
        "desc": "",
        "comment": "TSAG/RAMOS IA, C.N/SMC , LATITUDE/12'31'005  LONGTITUDE/120'58'752  STATION NO/1+123 REMARKS/SILTED",
        "elevation_m": 32.46,
        "photo_filename": "DSC00211.jpg",
        "photo_path": "../../DCIM/10GRMN/DSC00211.jpg",
        "surveyor_comment": "TSAG/RAMOS IA, C.N/SMC , LATITUDE/12'31'005 LONGTITUDE/120'58'752 STATION NO/1+123 REMARKS/SILTED",
        "survey_date": "2023-5-5"
      },
      "geometry": {
        "type": "Point",
        "coordinates": [
          120.979191,
          12.516742
        ]
      }
    },
    {
      "type": "Feature",
      "properties": {
        "id": 138,
        "name": "Outlet of Secondary canal (0+026.7)",
        "type": "Outlet",
        "Structure_Category": "Outlet",
        "canal_name": "SECONDARY MAIN CANAL",
        "station": "STA 1+339.1",
        "station_m": 1339.15,
        "offset_m": 2.28,
        "desc": "",
        "comment": "",
        "elevation_m": 27.21,
        "photo_filename": "DSC00174.jpg",
        "photo_path": "../../DCIM/10GRMN/DSC00174.jpg",
        "surveyor_comment": null,
        "survey_date": "2023-5-3"
      },
      "geometry": {
        "type": "Point",
        "coordinates": [
          120.978865,
          12.514819
        ]
      }
    },
    {
      "type": "Feature",
      "properties": {
        "id": 126,
        "name": "Illegal Turnout (0+691)",
        "type": "Unauthorized Turnout",
        "Structure_Category": "Turnout (TO)",
        "canal_name": "SECONDARY MAIN CANAL",
        "station": "STA 0+685.0",
        "station_m": 684.99,
        "offset_m": 3.82,
        "desc": "",
        "comment": "TSAG/RAMOS IA, C.N/SMC , LATITUDE/12'31'190  LONGTITUDE/120'58'902  STATION NO/1+691  REMARKS/ILLEGAL T.O",
        "elevation_m": 36.17,
        "photo_filename": "DSC00206.jpg",
        "photo_path": "../../DCIM/10GRMN/DSC00206.jpg",
        "surveyor_comment": "TSAG/RAMOS IA, C.N/SMC , LATITUDE/12'31'190 LONGTITUDE/120'58'902 STATION NO/1+691 REMARKS/ILLEGAL T.O",
        "survey_date": "2023-5-5"
      },
      "geometry": {
        "type": "Point",
        "coordinates": [
          120.981708,
          12.519827
        ]
      }
    },
    {
      "type": "Feature",
      "properties": {
        "id": 125,
        "name": "Road crossing w/ Outlet (0+620 - 0+630)",
        "type": "Road Crossing",
        "Structure_Category": "Road Crossing",
        "canal_name": "SECONDARY MAIN CANAL",
        "station": "STA 0+619.6",
        "station_m": 619.57,
        "offset_m": 2.4,
        "desc": "",
        "comment": "",
        "elevation_m": 35.44,
        "photo_filename": "DSC00205.jpg",
        "photo_path": "../../DCIM/10GRMN/DSC00205.jpg",
        "surveyor_comment": null,
        "survey_date": "2023-5-5"
      },
      "geometry": {
        "type": "Point",
        "coordinates": [
          120.982101,
          12.52027
        ]
      }
    },
    {
      "type": "Feature",
      "properties": {
        "id": 144,
        "name": "Turnout (3+632)",
        "type": "Turnout",
        "Structure_Category": "Turnout (TO)",
        "canal_name": "LATERAL AS",
        "station": "STA 3+643.1",
        "station_m": 3643.08,
        "offset_m": 6.01,
        "desc": "",
        "comment": "TSAG/MATABIAGA MALAWAAN IA, LAT AS, LATITUDE/12'30'26.3 LONGTITUDE/120'57'00.2 STATION NO/3+632 REMARKS/STEEL GATE W/ MISSING PART",
        "elevation_m": 15.67,
        "photo_filename": "DSC00181.jpg",
        "photo_path": "../../DCIM/10GRMN/DSC00181.jpg",
        "surveyor_comment": "TSAG/MATABIAGA MALAWAAN IA, LAT AS, LATITUDE/12'30'26.3 LONGTITUDE/120'57'00.2 STATION NO/3+632 REMARKS/STEEL GATE W/ MISSING PART",
        "survey_date": "2023-5-3"
      },
      "geometry": {
        "type": "Point",
        "coordinates": [
          120.950049,
          12.507295
        ]
      }
    },
    {
      "type": "Feature",
      "properties": {
        "id": 118,
        "name": "Barrel (0+000 - 0+008)",
        "type": "Other Structures",
        "Structure_Category": "Other Structures",
        "canal_name": "SECONDARY MAIN CANAL",
        "station": "STA 0+011.6",
        "station_m": 11.58,
        "offset_m": 6.19,
        "desc": "",
        "comment": "TSAG/,RAMOS, C.N/SMC , LATITUDE/12'31'348  LONGTITUDE/120'59'196  STATION NO/1+000 - 0+008  REMARKS/GOOD CONDITON",
        "elevation_m": 44.55,
        "photo_filename": "DSC00195.jpg",
        "photo_path": "../../DCIM/10GRMN/DSC00195.jpg",
        "surveyor_comment": "TSAG/,RAMOS, C.N/SMC , LATITUDE/12'31'348 LONGTITUDE/120'59'196 STATION NO/1+000 - 0+008 REMARKS/GOOD CONDITON",
        "survey_date": "2023-5-5"
      },
      "geometry": {
        "type": "Point",
        "coordinates": [
          120.986595,
          12.522467
        ]
      }
    },
    {
      "type": "Feature",
      "properties": {
        "id": 124,
        "name": "Road crossing (0+620)",
        "type": "Road Crossing",
        "Structure_Category": "Road Crossing",
        "canal_name": "SECONDARY MAIN CANAL",
        "station": "STA 0+613.1",
        "station_m": 613.08,
        "offset_m": 3.84,
        "desc": "",
        "comment": "",
        "elevation_m": 35.54,
        "photo_filename": "DSC00203.jpg",
        "photo_path": "../../DCIM/10GRMN/DSC00203.jpg",
        "surveyor_comment": null,
        "survey_date": "2023-5-5"
      },
      "geometry": {
        "type": "Point",
        "coordinates": [
          120.982154,
          12.5203
        ]
      }
    },
    {
      "type": "Feature",
      "properties": {
        "id": 121,
        "name": "Trapezoidal canal (0+386)",
        "type": "Other Structures",
        "Structure_Category": "Other Structures",
        "canal_name": "SOUTH MAIN CANAL",
        "station": "STA 0+431.4",
        "station_m": 431.43,
        "offset_m": 3.74,
        "desc": "",
        "comment": "TSAG/RAMOS IA, C.N/SMC , LATITUDE/12'31'233  LONGTITUDE/120'59'056  STATION NO/0+386 REMARKS/SILTED COLLAPSE",
        "elevation_m": 42.01,
        "photo_filename": "DSC00198.jpg",
        "photo_path": "../../DCIM/10GRMN/DSC00198.jpg",
        "surveyor_comment": "TSAG/RAMOS IA, C.N/SMC , LATITUDE/12'31'233 LONGTITUDE/120'59'056 STATION NO/0+386 REMARKS/SILTED COLLAPSE",
        "survey_date": "2023-5-5"
      },
      "geometry": {
        "type": "Point",
        "coordinates": [
          120.984262,
          12.520557
        ]
      }
    },
    {
      "type": "Feature",
      "properties": {
        "id": 145,
        "name": "Comb of Drop, Tresher crossing (3+813)",
        "type": "Drop",
        "Structure_Category": "Other Structures",
        "canal_name": "LATERAL AS",
        "station": "STA 3+829.2",
        "station_m": 3829.18,
        "offset_m": 5.34,
        "desc": "",
        "comment": "",
        "elevation_m": 15.62,
        "photo_filename": "DSC00182.jpg",
        "photo_path": "../../DCIM/10GRMN/DSC00182.jpg",
        "surveyor_comment": null,
        "survey_date": "2023-5-3"
      },
      "geometry": {
        "type": "Point",
        "coordinates": [
          120.949144,
          12.505865
        ]
      }
    },
    {
      "type": "Feature",
      "properties": {
        "id": 119,
        "name": "Trapezoidal Canal Lining (0+106)",
        "type": "Other Structures",
        "Structure_Category": "Other Structures",
        "canal_name": "SECONDARY MAIN CANAL",
        "station": "STA 0+093.4",
        "station_m": 93.42,
        "offset_m": 0.24,
        "desc": "",
        "comment": "TSAG/RAMOS IA, C.N/SMC, LATITUDE/12'31'308  LONGTITUDE/120'59'192  STATION NO/0+106  REMARKS/SILTED VEGETATION",
        "elevation_m": 43.99,
        "photo_filename": "DSC00196.jpg",
        "photo_path": "../../DCIM/10GRMN/DSC00196.jpg",
        "surveyor_comment": "TSAG/RAMOS IA, C.N/SMC, LATITUDE/12'31'308 LONGTITUDE/120'59'192 STATION NO/0+106 REMARKS/SILTED VEGETATION",
        "survey_date": "2023-5-5"
      },
      "geometry": {
        "type": "Point",
        "coordinates": [
          120.986523,
          12.521802
        ]
      }
    },
    {
      "type": "Feature",
      "properties": {
        "id": 127,
        "name": "Turnout (0+780)",
        "type": "Turnout",
        "Structure_Category": "Turnout (TO)",
        "canal_name": "SECONDARY MAIN CANAL",
        "station": "STA 0+774.6",
        "station_m": 774.58,
        "offset_m": 2.71,
        "desc": "",
        "comment": "",
        "elevation_m": 33.96,
        "photo_filename": "DSC00208.jpg",
        "photo_path": "../../DCIM/10GRMN/DSC00208.jpg",
        "surveyor_comment": null,
        "survey_date": "2023-5-5"
      },
      "geometry": {
        "type": "Point",
        "coordinates": [
          120.981198,
          12.519194
        ]
      }
    },
    {
      "type": "Feature",
      "properties": {
        "id": 132,
        "name": "Trapezoidal canal w/ Illegal T.O (1+213)",
        "type": "Unauthorized Turnout",
        "Structure_Category": "Turnout (TO)",
        "canal_name": "SECONDARY MAIN CANAL",
        "station": "STA 1+217.3",
        "station_m": 1217.34,
        "offset_m": 4.26,
        "desc": "",
        "comment": "TSAG/RAMOS IA, C.N/SMC , LATITUDE/12'31'955  LONGTITUDE/120'58'742  STATION NO/1+213  REMARKS/ILLEGAL T.O",
        "elevation_m": 36.09,
        "photo_filename": "DSC00213.jpg",
        "photo_path": "../../DCIM/10GRMN/DSC00213.jpg",
        "surveyor_comment": "TSAG/RAMOS IA, C.N/SMC , LATITUDE/12'31'955 LONGTITUDE/120'58'742 STATION NO/1+213 REMARKS/ILLEGAL T.O",
        "survey_date": "2023-5-5"
      },
      "geometry": {
        "type": "Point",
        "coordinates": [
          120.979037,
          12.515909
        ]
      }
    },
    {
      "type": "Feature",
      "properties": {
        "id": 137,
        "name": "Canal lining (0+013.5 - 0.026.7)",
        "type": "Other Structures",
        "Structure_Category": "Other Structures",
        "canal_name": "SECONDARY MAIN CANAL",
        "station": "STA 1+345.2",
        "station_m": 1345.21,
        "offset_m": 1.74,
        "desc": "",
        "comment": "TSAG/RAMOS IA, C.N/SMC, LATITUDE/12'30'53.1  LONGTITUDE/120'58'43.9 STATION NO/1+013,5- 1+026.7 STRUCTURE/  REMARKS/SILTED",
        "elevation_m": 25.11,
        "photo_filename": "DSC00173.jpg",
        "photo_path": "../../DCIM/10GRMN/DSC00173.jpg",
        "surveyor_comment": "TSAG/RAMOS IA, C.N/SMC, LATITUDE/12'30'53.1 LONGTITUDE/120'58'43.9 STATION NO/1+013,5- 1+026.7 STRUCTURE/ REMARKS/SILTED",
        "survey_date": "2023-5-3"
      },
      "geometry": {
        "type": "Point",
        "coordinates": [
          120.978864,
          12.514764
        ]
      }
    },
    {
      "type": "Feature",
      "properties": {
        "id": 136,
        "name": "Road crossing (0+000 - 0+013.5)",
        "type": "Road Crossing",
        "Structure_Category": "Road Crossing",
        "canal_name": "SOUTH MAIN CANAL",
        "station": "STA 1+350.0",
        "station_m": 1350.04,
        "offset_m": 9.5,
        "desc": "",
        "comment": "TSAG/RAMOS IA, C.N/LAT AS, LATITUDE/12'30'53.1  LONGTITUDE/120'58'44.4  STATION NO/0+000 - 0+013.5   REMARKS/GOOD CONDITION",
        "elevation_m": 24.97,
        "photo_filename": "DSC00172.jpg",
        "photo_path": "../../DCIM/10GRMN/DSC00172.jpg",
        "surveyor_comment": "TSAG/RAMOS IA, C.N/LAT AS, LATITUDE/12'30'53.1 LONGTITUDE/120'58'44.4 STATION NO/0+000 - 0+013.5 REMARKS/GOOD CONDITION",
        "survey_date": "2023-5-3"
      },
      "geometry": {
        "type": "Point",
        "coordinates": [
          120.979015,
          12.514745
        ]
      }
    },
    {
      "type": "Feature",
      "properties": {
        "id": 155,
        "name": "Turnout (0+420.7)",
        "type": "Turnout",
        "Structure_Category": "Turnout (TO)",
        "canal_name": "LATERAL AS",
        "station": "STA 0+396.4",
        "station_m": 396.39,
        "offset_m": 23.33,
        "desc": "",
        "comment": "TSAG/MATABIAGA MALAWAAN IA, C.N/LAT AS, LATITUDE/12'30'54.38 LONGTITUDE/120'58'31.66 STATION NO/0+420.7  REMARKS/SILTED",
        "elevation_m": -123.47,
        "photo_filename": "DSC00191.jpg",
        "photo_path": "../../DCIM/1000GRMN/DSC00191.jpg",
        "surveyor_comment": "TSAG/MATABIAGA MALAWAAN IA, C.N/LAT AS, LATITUDE/12'30'54.38 LONGTITUDE/120'58'31.66 STATION NO/0+420.7 REMARKS/SILTED",
        "survey_date": "2023-5-3"
      },
      "geometry": {
        "type": "Point",
        "coordinates": [
          120.975462,
          12.515106
        ]
      }
    },
    {
      "type": "Feature",
      "properties": {
        "id": 135,
        "name": "Head Gate (0+000)",
        "type": "Head Gate",
        "Structure_Category": "Head Gate",
        "canal_name": "SOUTH MAIN CANAL",
        "station": "STA 1+354.9",
        "station_m": 1354.93,
        "offset_m": 0.8,
        "desc": "",
        "comment": "TSAG/MATABIAGA MALAWAAN IA, C.N/LAT AS, LATITUDE/12'30'52.9  LONGTITUDE/120'58'44.8  STATION NO/0+000   REMARKS/LACK OF STEEL GATE",
        "elevation_m": 25.39,
        "photo_filename": "DSC00171.jpg",
        "photo_path": "../../DCIM/10GRMN/DSC00171.jpg",
        "surveyor_comment": "TSAG/MATABIAGA MALAWAAN IA, C.N/LAT AS, LATITUDE/12'30'52.9 LONGTITUDE/120'58'44.8 STATION NO/0+000 REMARKS/LACK OF STEEL GATE",
        "survey_date": "2023-5-3"
      },
      "geometry": {
        "type": "Point",
        "coordinates": [
          120.979101,
          12.514686
        ]
      }
    },
    {
      "type": "Feature",
      "properties": {
        "id": 156,
        "name": "Turnout (0+539.4)",
        "type": "Turnout",
        "Structure_Category": "Turnout (TO)",
        "canal_name": "LATERAL AS",
        "station": "STA 0+542.8",
        "station_m": 542.81,
        "offset_m": 8.9,
        "desc": "",
        "comment": "TSAG/MATABIAGA MALAWAAN IA, C.N/LAT AS, LATITUDE/12'30'56.33 LONGTITUDE/120'58'27.11 STATION NO/0+539.4  REMARKS/GOOD CONDITION",
        "elevation_m": 26.35,
        "photo_filename": "DSC00192.jpg",
        "photo_path": "../../DCIM/1000GRMN/DSC00192.jpg",
        "surveyor_comment": "TSAG/MATABIAGA MALAWAAN IA, C.N/LAT AS, LATITUDE/12'30'56.33 LONGTITUDE/120'58'27.11 STATION NO/0+539.4 REMARKS/GOOD CONDITION",
        "survey_date": "2023-5-3"
      },
      "geometry": {
        "type": "Point",
        "coordinates": [
          120.974198,
          12.515646
        ]
      }
    },
    {
      "type": "Feature",
      "properties": {
        "id": 160,
        "name": "Outlet (0+558.1)",
        "type": "Outlet",
        "Structure_Category": "Outlet",
        "canal_name": "LATERAL AS MFD 1",
        "station": "STA 0+008.3",
        "station_m": 8.25,
        "offset_m": 11.52,
        "desc": "",
        "comment": "TSAG/MATABIAGA MALAWAAN IA, C.N/LAT AS, LATITUDE/12'30'56.69 LONGTITUDE/120'58'26.70 STATION NO/0+558.1 STRUCTURE/OUTLET  REMARKS/DAMAGE WALL",
        "elevation_m": 32.16,
        "photo_filename": "DSC00196.jpg",
        "photo_path": "../../DCIM/1000GRMN/DSC00196.jpg",
        "surveyor_comment": "TSAG/MATABIAGA MALAWAAN IA, C.N/LAT AS, LATITUDE/12'30'56.69 LONGTITUDE/120'58'26.70 STATION NO/0+558.1 STRUCTURE/OUTLET REMARKS/DAMAGE WALL",
        "survey_date": "2023-5-3"
      },
      "geometry": {
        "type": "Point",
        "coordinates": [
          120.974082,
          12.515748
        ]
      }
    },
    {
      "type": "Feature",
      "properties": {
        "id": 162,
        "name": "Sstart of Trapezoidal canal (0+605)",
        "type": "Other Structures",
        "Structure_Category": "Other Structures",
        "canal_name": "LATERAL AS MFD 1",
        "station": "STA 0+051.7",
        "station_m": 51.7,
        "offset_m": 1.35,
        "desc": "",
        "comment": "TSAG/MATABIAGA MALAWAAN IA, C.N/LAT AS, LATITUDE/12'30'56.74 LONGTITUDE/120'58'25.07 STATION NO/0+605  REMARKS/DETERIORATED/START OF TRAPEZOIDAL CANAL",
        "elevation_m": 34.51,
        "photo_filename": "DSC00198.jpg",
        "photo_path": "../../DCIM/1000GRMN/DSC00198.jpg",
        "surveyor_comment": "TSAG/MATABIAGA MALAWAAN IA, C.N/LAT AS, LATITUDE/12'30'56.74 LONGTITUDE/120'58'25.07 STATION NO/0+605 REMARKS/DETERIORATED/START OF TRAPEZOIDAL CANAL",
        "survey_date": "2023-5-3"
      },
      "geometry": {
        "type": "Point",
        "coordinates": [
          120.973618,
          12.51577
        ]
      }
    },
    {
      "type": "Feature",
      "properties": {
        "id": 111,
        "name": "Tresher crossing (0+890 - 0+897)",
        "type": "Thresher Crossing",
        "Structure_Category": "Thresher Crossing",
        "canal_name": "4TH INTAKE MAIN CANAL",
        "station": "STA 2+410.1",
        "station_m": 2410.09,
        "offset_m": 1.46,
        "desc": "",
        "comment": "NO STEEL GATE",
        "elevation_m": 18.35,
        "photo_filename": "DSC00182.jpg",
        "photo_path": "../../DCIM/10GRMN/DSC00182.jpg",
        "surveyor_comment": "NO STEEL GATE",
        "survey_date": "2023-5-4"
      },
      "geometry": {
        "type": "Point",
        "coordinates": [
          120.944012,
          12.513727
        ]
      }
    },
    {
      "type": "Feature",
      "properties": {
        "id": 158,
        "name": "Tresher crossing (0+550.4 - 0+556.6)",
        "type": "Thresher Crossing",
        "Structure_Category": "Thresher Crossing",
        "canal_name": "LATERAL AS MFD 1",
        "station": "STA 0+008.3",
        "station_m": 8.25,
        "offset_m": 5.11,
        "desc": "",
        "comment": "TSAG/MATABIAGA MALAWAAN IA, C.N/LAT AS, LATITUDE/12'30'56.45 LONGTITUDE/120'58'26.59 STATION NO/0+550.4 - 0+556.6  REMARKS/LACK OF STEEL GATE",
        "elevation_m": 27.21,
        "photo_filename": "DSC00194.jpg",
        "photo_path": "../../DCIM/1000GRMN/DSC00194.jpg",
        "surveyor_comment": "TSAG/MATABIAGA MALAWAAN IA, C.N/LAT AS, LATITUDE/12'30'56.45 LONGTITUDE/120'58'26.59 STATION NO/0+550.4 - 0+556.6 REMARKS/LACK OF STEEL GATE",
        "survey_date": "2023-5-3"
      },
      "geometry": {
        "type": "Point",
        "coordinates": [
          120.974053,
          12.51568
        ]
      }
    },
    {
      "type": "Feature",
      "properties": {
        "id": 113,
        "name": "Siphon & Tresher crossing (1+340 - 1+350)",
        "type": "Thresher Crossing",
        "Structure_Category": "Siphon",
        "canal_name": "4TH INTAKE MAIN CANAL",
        "station": "STA 2+870.1",
        "station_m": 2870.08,
        "offset_m": 0.55,
        "desc": "",
        "comment": "THRESHER CROSSING/SIPHON",
        "elevation_m": 17.67,
        "photo_filename": "DSC00186.jpg",
        "photo_path": "../../DCIM/10GRMN/DSC00186.jpg",
        "surveyor_comment": "THRESHER CROSSING/SIPHON",
        "survey_date": "2023-5-4"
      },
      "geometry": {
        "type": "Point",
        "coordinates": [
          120.940781,
          12.51114
        ]
      }
    },
    {
      "type": "Feature",
      "properties": {
        "id": 146,
        "name": "Turnout (3+820)",
        "type": "Turnout",
        "Structure_Category": "Turnout (TO)",
        "canal_name": "LATERAL AS",
        "station": "STA 3+831.9",
        "station_m": 3831.86,
        "offset_m": 10.97,
        "desc": "",
        "comment": "",
        "elevation_m": 17.36,
        "photo_filename": "DSC00183.jpg",
        "photo_path": "../../DCIM/10GRMN/DSC00183.jpg",
        "surveyor_comment": null,
        "survey_date": "2023-5-3"
      },
      "geometry": {
        "type": "Point",
        "coordinates": [
          120.949087,
          12.505871
        ]
      }
    },
    {
      "type": "Feature",
      "properties": {
        "id": 151,
        "name": "Tresher crossing (4+205)",
        "type": "Thresher Crossing",
        "Structure_Category": "Thresher Crossing",
        "canal_name": "LATERAL AS",
        "station": "STA 4+221.5",
        "station_m": 4221.48,
        "offset_m": 3,
        "desc": "",
        "comment": "TSAG/MATABIAGA MALAWAAN IA, LAT AS, LATITUDE/12'30'09.4 LONGTITUDE/120'56'51.8 STATION NO/4+205 REMARKS/DETERIORATED",
        "elevation_m": 17.18,
        "photo_filename": "DSC00188.jpg",
        "photo_path": "../../DCIM/10GRMN/DSC00188.jpg",
        "surveyor_comment": "TSAG/MATABIAGA MALAWAAN IA, LAT AS, LATITUDE/12'30'09.4 LONGTITUDE/120'56'51.8 STATION NO/4+205 REMARKS/DETERIORATED",
        "survey_date": "2023-5-3"
      },
      "geometry": {
        "type": "Point",
        "coordinates": [
          120.947726,
          12.50261
        ]
      }
    },
    {
      "type": "Feature",
      "properties": {
        "id": 148,
        "name": "Illegal turnout (4+059)",
        "type": "Unauthorized Turnout",
        "Structure_Category": "Turnout (TO)",
        "canal_name": "LATERAL AS",
        "station": "STA 4+071.8",
        "station_m": 4071.81,
        "offset_m": 6.56,
        "desc": "",
        "comment": "TSAG/MATABIAGA MALAWAAN IA, LAT AS, LATITUDE/12'30'14.0 LONGTITUDE/120'56'53.5 STATION NO/3+059 REMARKS/ILLEGAL T.O",
        "elevation_m": 18.01,
        "photo_filename": "DSC00185.jpg",
        "photo_path": "../../DCIM/10GRMN/DSC00185.jpg",
        "surveyor_comment": "TSAG/MATABIAGA MALAWAAN IA, LAT AS, LATITUDE/12'30'14.0 LONGTITUDE/120'56'53.5 STATION NO/3+059 REMARKS/ILLEGAL T.O",
        "survey_date": "2023-5-3"
      },
      "geometry": {
        "type": "Point",
        "coordinates": [
          120.948184,
          12.503886
        ]
      }
    },
    {
      "type": "Feature",
      "properties": {
        "id": 115,
        "name": "103",
        "type": "Thresher Crossing",
        "Structure_Category": "Thresher Crossing",
        "canal_name": "4TH INTAKE MAIN CANAL",
        "station": "STA 3+297.8",
        "station_m": 3297.81,
        "offset_m": 0.06,
        "desc": "",
        "comment": "THRESSER CROSSING / DROP",
        "elevation_m": 15.66,
        "photo_filename": "DSC00191.jpg",
        "photo_path": "../../DCIM/10GRMN/DSC00191.jpg",
        "surveyor_comment": "THRESSER CROSSING / DROP",
        "survey_date": "2023-5-4"
      },
      "geometry": {
        "type": "Point",
        "coordinates": [
          120.937556,
          12.508926
        ]
      }
    },
    {
      "type": "Feature",
      "properties": {
        "id": 139,
        "name": "Staff Gauge (0+043.6)",
        "type": "Other Structures",
        "Structure_Category": "Other Structures",
        "canal_name": "LATERAL AS",
        "station": "STA 0+044.4",
        "station_m": 44.41,
        "offset_m": 11.74,
        "desc": "",
        "comment": "TSAG/MATABIAGA MALAWAAN IA, C.N/LAT AS, LATITUDE/12'30'53.3 LONGTITUDE/120'58'43.3 STATION NO/0+043.6  REMARKS/UNREADABLE STAFF GAUGE",
        "elevation_m": 27.41,
        "photo_filename": "DSC00175.jpg",
        "photo_path": "../../DCIM/10GRMN/DSC00175.jpg",
        "surveyor_comment": "TSAG/MATABIAGA MALAWAAN IA, C.N/LAT AS, LATITUDE/12'30'53.3 LONGTITUDE/120'58'43.3 STATION NO/0+043.6 REMARKS/UNREADABLE STAFF GAUGE",
        "survey_date": "2023-5-3"
      },
      "geometry": {
        "type": "Point",
        "coordinates": [
          120.978702,
          12.514812
        ]
      }
    },
    {
      "type": "Feature",
      "properties": {
        "id": 152,
        "name": "Drop structure w/ tresher crossing (4+263)",
        "type": "Thresher Crossing",
        "Structure_Category": "Thresher Crossing",
        "canal_name": "LATERAL AS",
        "station": "STA 4+284.9",
        "station_m": 4284.93,
        "offset_m": 3.36,
        "desc": "",
        "comment": "TSAG/MATABIAGA MALAWAAN IA, LAT AS, LATITUDE/12'30'7.5 LONGTITUDE/120'56'51.1 STATION NO/4+263 REMARKS/DROP STRACTURE W/ THRESHER CROSSING / SILTED",
        "elevation_m": 19.8,
        "photo_filename": "DSC00189.jpg",
        "photo_path": "../../DCIM/10GRMN/DSC00189.jpg",
        "surveyor_comment": "TSAG/MATABIAGA MALAWAAN IA, LAT AS, LATITUDE/12'30'7.5 LONGTITUDE/120'56'51.1 STATION NO/4+263 REMARKS/DROP STRACTURE W/ THRESHER CROSSING / SILTED",
        "survey_date": "2023-5-3"
      },
      "geometry": {
        "type": "Point",
        "coordinates": [
          120.947518,
          12.502074
        ]
      }
    },
    {
      "type": "Feature",
      "properties": {
        "id": 154,
        "name": "Start of earth canal (4+547.2)",
        "type": "Other Structures",
        "Structure_Category": "Other Structures",
        "canal_name": "LATERAL AS",
        "station": "STA 4+579.1",
        "station_m": 4579.1,
        "offset_m": 0.09,
        "desc": "",
        "comment": "TSAG/MATABIAGA MALAWAAN IA, LAT AS, LATITUDE/12'30'58.5 LONGTITUDE/120'56'47.7 STATION NO/4+547.2 REMARKS/GOOD CONDITION",
        "elevation_m": 15.84,
        "photo_filename": "DSC00191.jpg",
        "photo_path": "../../DCIM/10GRMN/DSC00191.jpg",
        "surveyor_comment": "TSAG/MATABIAGA MALAWAAN IA, LAT AS, LATITUDE/12'30'58.5 LONGTITUDE/120'56'47.7 STATION NO/4+547.2 REMARKS/GOOD CONDITION",
        "survey_date": "2023-5-3"
      },
      "geometry": {
        "type": "Point",
        "coordinates": [
          120.946576,
          12.499593
        ]
      }
    },
    {
      "type": "Feature",
      "properties": {
        "id": 5,
        "name": "Canal lining w/ Illegal turnout",
        "type": "Unauthorized Turnout",
        "Structure_Category": "Turnout (TO)",
        "canal_name": "LATERAL X-2 MFD 2",
        "station": "STA 0+153.5",
        "station_m": 153.49,
        "offset_m": 7.33,
        "desc": "",
        "comment": "ILLEGAL T.O",
        "elevation_m": 36.22,
        "photo_filename": "DSC00391.jpg",
        "photo_path": "../../DCIM/10GRMN/DSC00391.jpg",
        "surveyor_comment": "ILLEGAL T.O",
        "survey_date": "2023-5-4"
      },
      "geometry": {
        "type": "Point",
        "coordinates": [
          120.977767,
          12.505543
        ]
      }
    },
    {
      "type": "Feature",
      "properties": {
        "id": 179,
        "name": "Turnout & Road crossing W/ Div. box (1+086)",
        "type": "Road Crossing",
        "Structure_Category": "Road Crossing",
        "canal_name": "LATERAL AS",
        "station": "STA 1+097.0",
        "station_m": 1097.02,
        "offset_m": 2.25,
        "desc": "",
        "comment": "TSAG/MATABIAGA MALAWAAN IA, C.N/LAT AS, LATITUDE/12'30'57.21 LONGTITUDE/120'58'08.82 STATION NO/1+086 REMARKS/ STEEL GATE W/ MISSING PARTS",
        "elevation_m": 35.9,
        "photo_filename": "DSC00217.jpg",
        "photo_path": "../../DCIM/1000GRMN/DSC00217.jpg",
        "surveyor_comment": "TSAG/MATABIAGA MALAWAAN IA, C.N/LAT AS, LATITUDE/12'30'57.21 LONGTITUDE/120'58'08.82 STATION NO/1+086 REMARKS/ STEEL GATE W/ MISSING PARTS",
        "survey_date": "2023-5-3"
      },
      "geometry": {
        "type": "Point",
        "coordinates": [
          120.969117,
          12.515893
        ]
      }
    },
    {
      "type": "Feature",
      "properties": {
        "id": 172,
        "name": "Trapezoidal canal (0+893.2)",
        "type": "Other Structures",
        "Structure_Category": "Other Structures",
        "canal_name": "LATERAL AS MFD 1",
        "station": "STA 0+340.8",
        "station_m": 340.84,
        "offset_m": 8.25,
        "desc": "",
        "comment": "TSAG/MATABIAGA MALAWAAN IA, C.N/LAT AS, LATITUDE/12'30'02.00  LONGTITUDE/120'58'18.47 STATION NO/0+893.2 REMARKS/DAMAGE WALL/TRAPEZOIDAL CANAL",
        "elevation_m": 28.78,
        "photo_filename": "DSC00208.jpg",
        "photo_path": "../../DCIM/1000GRMN/DSC00208.jpg",
        "surveyor_comment": "TSAG/MATABIAGA MALAWAAN IA, C.N/LAT AS, LATITUDE/12'30'02.00 LONGTITUDE/120'58'18.47 STATION NO/0+893.2 REMARKS/DAMAGE WALL/TRAPEZOIDAL CANAL",
        "survey_date": "2023-5-3"
      },
      "geometry": {
        "type": "Point",
        "coordinates": [
          120.971798,
          12.517223
        ]
      }
    },
    {
      "type": "Feature",
      "properties": {
        "id": 170,
        "name": "Trapezoidal canal (0+856.7)",
        "type": "Other Structures",
        "Structure_Category": "Other Structures",
        "canal_name": "LATERAL AS MFD 1",
        "station": "STA 0+306.6",
        "station_m": 306.6,
        "offset_m": 11.27,
        "desc": "",
        "comment": "TSAG/MATABIAGA MALAWAAN IA, C.N/LAT AS, LATITUDE/12'30'01.05 LONGTITUDE/120'58'19.07 STATION NO/0+856.7 REMARKS/DAMAGE WALL/TRAPEZOIDAL CANAL",
        "elevation_m": 30.36,
        "photo_filename": "DSC00206.jpg",
        "photo_path": "../../DCIM/1000GRMN/DSC00206.jpg",
        "surveyor_comment": "TSAG/MATABIAGA MALAWAAN IA, C.N/LAT AS, LATITUDE/12'30'01.05 LONGTITUDE/120'58'19.07 STATION NO/0+856.7 REMARKS/DAMAGE WALL/TRAPEZOIDAL CANAL",
        "survey_date": "2023-5-3"
      },
      "geometry": {
        "type": "Point",
        "coordinates": [
          120.971963,
          12.516958
        ]
      }
    },
    {
      "type": "Feature",
      "properties": {
        "id": 175,
        "name": "End of trapezoidal canal (0+995)",
        "type": "Other Structures",
        "Structure_Category": "Other Structures",
        "canal_name": "LATERAL AS MFD 1",
        "station": "STA 0+441.8",
        "station_m": 441.78,
        "offset_m": 10.21,
        "desc": "",
        "comment": "TSAG/MATABIAGA MALAWAAN IA, C.N/LAT AS, LATITUDE/12'30'04.98 LONGTITUDE/120'58'17.06 STATION NO/0+995 REMARKS/END OF TRAPEZOIDAL CANAL",
        "elevation_m": 29.87,
        "photo_filename": "DSC00211.jpg",
        "photo_path": "../../DCIM/1000GRMN/DSC00211.jpg",
        "surveyor_comment": "TSAG/MATABIAGA MALAWAAN IA, C.N/LAT AS, LATITUDE/12'30'04.98 LONGTITUDE/120'58'17.06 STATION NO/0+995 REMARKS/END OF TRAPEZOIDAL CANAL",
        "survey_date": "2023-5-3"
      },
      "geometry": {
        "type": "Point",
        "coordinates": [
          120.971405,
          12.518049
        ]
      }
    },
    {
      "type": "Feature",
      "properties": {
        "id": 182,
        "name": "Start of Earth canal (1+099)",
        "type": "Other Structures",
        "Structure_Category": "Other Structures",
        "canal_name": "LATERAL AS",
        "station": "STA 1+103.1",
        "station_m": 1103.1,
        "offset_m": 8.46,
        "desc": "",
        "comment": "TSAG/MATABIAGA MALAWAAN IA, C.N/LAT AS, LATITUDE/12'30'57.42 LONGTITUDE/120'58'08.57 STATION NO/1+099 REMARKS/SILTED",
        "elevation_m": 32.31,
        "photo_filename": "DSC00220.jpg",
        "photo_path": "../../DCIM/1000GRMN/DSC00220.jpg",
        "surveyor_comment": "TSAG/MATABIAGA MALAWAAN IA, C.N/LAT AS, LATITUDE/12'30'57.42 LONGTITUDE/120'58'08.57 STATION NO/1+099 REMARKS/SILTED",
        "survey_date": "2023-5-3"
      },
      "geometry": {
        "type": "Point",
        "coordinates": [
          120.969057,
          12.515945
        ]
      }
    },
    {
      "type": "Feature",
      "properties": {
        "id": 191,
        "name": "End of service road (2+186)",
        "type": "Other Structures",
        "Structure_Category": "Road Crossing",
        "canal_name": "LATERAL AS",
        "station": "STA 2+195.5",
        "station_m": 2195.51,
        "offset_m": 1.48,
        "desc": "",
        "comment": "TSAG/MATABIAGA MALAWAAN IA, C.N/LAT AS, LATITUDE/12'30'56.19 LONGTITUDE/120'57'32.57 STATION NO/2+186 REMARKS/GPOOD CONDITION",
        "elevation_m": 27.59,
        "photo_filename": "DSC00229.jpg",
        "photo_path": "../../DCIM/1000GRMN/DSC00229.jpg",
        "surveyor_comment": "TSAG/MATABIAGA MALAWAAN IA, C.N/LAT AS, LATITUDE/12'30'56.19 LONGTITUDE/120'57'32.57 STATION NO/2+186 REMARKS/GPOOD CONDITION",
        "survey_date": "2023-5-3"
      },
      "geometry": {
        "type": "Point",
        "coordinates": [
          120.959046,
          12.515608
        ]
      }
    },
    {
      "type": "Feature",
      "properties": {
        "id": 167,
        "name": "Trapezoidal canal (0+783.1)",
        "type": "Other Structures",
        "Structure_Category": "Other Structures",
        "canal_name": "LATERAL AS MFD 1",
        "station": "STA 0+230.5",
        "station_m": 230.46,
        "offset_m": 8.35,
        "desc": "",
        "comment": "TSAG/MATABIAGA MALAWAAN IA, C.N/LAT AS, LATITUDE/12'30'58.78 LONGTITUDE/120'58'20.10 STATION NO/0+783.1 REMARKS/CRACKED WALL/TRAPEZOIDAL CANAL",
        "elevation_m": 30.75,
        "photo_filename": "DSC00203.jpg",
        "photo_path": "../../DCIM/1000GRMN/DSC00203.jpg",
        "surveyor_comment": "TSAG/MATABIAGA MALAWAAN IA, C.N/LAT AS, LATITUDE/12'30'58.78 LONGTITUDE/120'58'20.10 STATION NO/0+783.1 REMARKS/CRACKED WALL/TRAPEZOIDAL CANAL",
        "survey_date": "2023-5-3"
      },
      "geometry": {
        "type": "Point",
        "coordinates": [
          120.97225,
          12.516329
        ]
      }
    },
    {
      "type": "Feature",
      "properties": {
        "id": 181,
        "name": "Turnout (1+099)",
        "type": "Turnout",
        "Structure_Category": "Turnout (TO)",
        "canal_name": "LATERAL AS",
        "station": "STA 1+104.2",
        "station_m": 1104.25,
        "offset_m": 9.21,
        "desc": "",
        "comment": "TSAG/MATABIAGA MALAWAAN IA, C.N/LAT AS, LATITUDE/12'30'57.42 LONGTITUDE/120'57'08.57 STATION NO/0+009 REMARKS/SILTED TURN OUT OUTLET",
        "elevation_m": 29.9,
        "photo_filename": "DSC00219.jpg",
        "photo_path": "../../DCIM/1000GRMN/DSC00219.jpg",
        "surveyor_comment": "TSAG/MATABIAGA MALAWAAN IA, C.N/LAT AS, LATITUDE/12'30'57.42 LONGTITUDE/120'57'08.57 STATION NO/0+009 REMARKS/SILTED TURN OUT OUTLET",
        "survey_date": "2023-5-3"
      },
      "geometry": {
        "type": "Point",
        "coordinates": [
          120.969046,
          12.515951
        ]
      }
    },
    {
      "type": "Feature",
      "properties": {
        "id": 187,
        "name": "Drop structure w/ Tresher crossing (1+600)",
        "type": "Thresher Crossing",
        "Structure_Category": "Thresher Crossing",
        "canal_name": "LATERAL AS",
        "station": "STA 1+622.4",
        "station_m": 1622.44,
        "offset_m": 1.14,
        "desc": "",
        "comment": "TSAG/MATABIAGA MALAWAAN IA, C.N/LAT AS, LATITUDE/12'30'55.76 LONGTITUDE/120'57'51.48 STATION NO/1+600 REMARKS/LACK OF STEEL GATE AND ERODED EMBANKMENT",
        "elevation_m": 26.48,
        "photo_filename": "DSC00225.jpg",
        "photo_path": "../../DCIM/1000GRMN/DSC00225.jpg",
        "surveyor_comment": "TSAG/MATABIAGA MALAWAAN IA, C.N/LAT AS, LATITUDE/12'30'55.76 LONGTITUDE/120'57'51.48 STATION NO/1+600 REMARKS/LACK OF STEEL GATE AND ERODED EMBANKMENT",
        "survey_date": "2023-5-3"
      },
      "geometry": {
        "type": "Point",
        "coordinates": [
          120.964301,
          12.51549
        ]
      }
    },
    {
      "type": "Feature",
      "properties": {
        "id": 188,
        "name": "Turnout w/ road crossing (2+071)",
        "type": "Turnout",
        "Structure_Category": "Road Crossing",
        "canal_name": "LATERAL AS",
        "station": "STA 2+002.9",
        "station_m": 2002.88,
        "offset_m": 8.13,
        "desc": "",
        "comment": "TSAG/MATABIAGA MALAWAAN IA, C.N/LAT AS, LATITUDE/12'30'55.71 LONGTITUDE/120'57'38.91 STATION NO/2+071 REMARKS/STEEL GATE WITH MISSING PART",
        "elevation_m": 38.53,
        "photo_filename": "DSC00226.jpg",
        "photo_path": "../../DCIM/1000GRMN/DSC00226.jpg",
        "surveyor_comment": "TSAG/MATABIAGA MALAWAAN IA, C.N/LAT AS, LATITUDE/12'30'55.71 LONGTITUDE/120'57'38.91 STATION NO/2+071 REMARKS/STEEL GATE WITH MISSING PART",
        "survey_date": "2023-5-3"
      },
      "geometry": {
        "type": "Point",
        "coordinates": [
          120.960807,
          12.515474
        ]
      }
    },
    {
      "type": "Feature",
      "properties": {
        "id": 184,
        "name": "Drainage structure (0+107.8)",
        "type": "Drainage",
        "Structure_Category": "Drainage",
        "canal_name": "LATERAL AS MFD 2",
        "station": "STA 0+110.9",
        "station_m": 110.88,
        "offset_m": 4.27,
        "desc": "",
        "comment": "TSAG/MATABIAGA MALAWAAN IA, C.N/LAT AS, LATITUDE/12'30'58.81 LONGTITUDE/120'57'50.41 STATION NO/0+107.8 REMARKS/GOOD CONDITION",
        "elevation_m": 25.68,
        "photo_filename": "DSC00222.jpg",
        "photo_path": "../../DCIM/1000GRMN/DSC00222.jpg",
        "surveyor_comment": "TSAG/MATABIAGA MALAWAAN IA, C.N/LAT AS, LATITUDE/12'30'58.81 LONGTITUDE/120'57'50.41 STATION NO/0+107.8 REMARKS/GOOD CONDITION",
        "survey_date": "2023-5-3"
      },
      "geometry": {
        "type": "Point",
        "coordinates": [
          120.964002,
          12.516336
        ]
      }
    },
    {
      "type": "Feature",
      "properties": {
        "id": 190,
        "name": "Drop structure w/ tresher crossing (2+115)",
        "type": "Drop",
        "Structure_Category": "Other Structures",
        "canal_name": "LATERAL AS",
        "station": "STA 2+131.3",
        "station_m": 2131.27,
        "offset_m": 4.35,
        "desc": "",
        "comment": "TSAG/MATABIAGA MALAWAAN IA, C.N/LAT AS, LATITUDE/12'30'55.73 LONGTITUDE/120'57'34.65 STATION NO/2+115 REMARKS/GOOD CONDITION",
        "elevation_m": 33.56,
        "photo_filename": "DSC00228.jpg",
        "photo_path": "../../DCIM/1000GRMN/DSC00228.jpg",
        "surveyor_comment": "TSAG/MATABIAGA MALAWAAN IA, C.N/LAT AS, LATITUDE/12'30'55.73 LONGTITUDE/120'57'34.65 STATION NO/2+115 REMARKS/GOOD CONDITION",
        "survey_date": "2023-5-3"
      },
      "geometry": {
        "type": "Point",
        "coordinates": [
          120.959625,
          12.515481
        ]
      }
    },
    {
      "type": "Feature",
      "properties": {
        "id": 208,
        "name": "018",
        "type": "Other Structures",
        "Structure_Category": "Other Structures",
        "canal_name": "LATERAL BS",
        "station": "STA 0+037.5",
        "station_m": 37.5,
        "offset_m": 2.25,
        "desc": "",
        "comment": "Remarks: for updating Blured image",
        "elevation_m": 26.23,
        "photo_filename": "DSC00136.jpg",
        "photo_path": "../../DCIM/10GRMN/DSC00136.jpg",
        "surveyor_comment": "Remarks: for updating Blured image",
        "survey_date": "2023-5-3"
      },
      "geometry": {
        "type": "Point",
        "coordinates": [
          120.978762,
          12.511619
        ]
      }
    },
    {
      "type": "Feature",
      "properties": {
        "id": 198,
        "name": "Road crossing (3+270.9)",
        "type": "Road Crossing",
        "Structure_Category": "Road Crossing",
        "canal_name": "LATERAL AS",
        "station": "STA 3+273.7",
        "station_m": 3273.74,
        "offset_m": 1.62,
        "desc": "",
        "comment": "TSAG/MATABIAGA MALAWAAN IA, LAT AS-1, REMARKS/LACK OF STEEL GATE",
        "elevation_m": 26.78,
        "photo_filename": "DSC00237.jpg",
        "photo_path": "../../DCIM/1000GRMN/DSC00237.jpg",
        "surveyor_comment": "TSAG/MATABIAGA MALAWAAN IA, LAT AS-1, REMARKS/LACK OF STEEL GATE",
        "survey_date": "2023-5-3"
      },
      "geometry": {
        "type": "Point",
        "coordinates": [
          120.951154,
          12.510205
        ]
      }
    },
    {
      "type": "Feature",
      "properties": {
        "id": 200,
        "name": "Turnout (3+282)",
        "type": "Turnout",
        "Structure_Category": "Turnout (TO)",
        "canal_name": "LATERAL AS",
        "station": "STA 3+285.1",
        "station_m": 3285.05,
        "offset_m": 7.43,
        "desc": "",
        "comment": "TSAG/MATABIAGA MALAWAAN IA, LAT AS-1, REMARKS/SILTED",
        "elevation_m": 24.88,
        "photo_filename": "DSC00239.jpg",
        "photo_path": "../../DCIM/1000GRMN/DSC00239.jpg",
        "surveyor_comment": "TSAG/MATABIAGA MALAWAAN IA, LAT AS-1, REMARKS/SILTED",
        "survey_date": "2023-5-3"
      },
      "geometry": {
        "type": "Point",
        "coordinates": [
          120.951228,
          12.510137
        ]
      }
    },
    {
      "type": "Feature",
      "properties": {
        "id": 201,
        "name": "Turnout w/ road crossing (3+382.9)",
        "type": "Road Crossing",
        "Structure_Category": "Road Crossing",
        "canal_name": "LATERAL AS",
        "station": "STA 3+388.7",
        "station_m": 3388.7,
        "offset_m": 2.17,
        "desc": "",
        "comment": "TSAG/MATABIAGA MALAWAAN IA, LAT AS, REMARKS/SILTED W/ DAMAGE WALL AND STEEL GATE",
        "elevation_m": 39.95,
        "photo_filename": "DSC00240.jpg",
        "photo_path": "../../DCIM/1000GRMN/DSC00240.jpg",
        "surveyor_comment": "TSAG/MATABIAGA MALAWAAN IA, LAT AS, REMARKS/SILTED W/ DAMAGE WALL AND STEEL GATE",
        "survey_date": "2023-5-3"
      },
      "geometry": {
        "type": "Point",
        "coordinates": [
          120.951309,
          12.509192
        ]
      }
    },
    {
      "type": "Feature",
      "properties": {
        "id": 202,
        "name": "Turnout (3+479)",
        "type": "Turnout",
        "Structure_Category": "Turnout (TO)",
        "canal_name": "LATERAL AS",
        "station": "STA 3+489.2",
        "station_m": 3489.22,
        "offset_m": 5.57,
        "desc": "",
        "comment": "TSAG/MATABIAGA MALAWAAN IA, LAT AS, LATITUDE/12'30'30.38 LONGTITUDE/120'57'03.09 STATION NO/3+479 REMARKS/DILAPIDATED",
        "elevation_m": 35.86,
        "photo_filename": "DSC00241.jpg",
        "photo_path": "../../DCIM/1000GRMN/DSC00241.jpg",
        "surveyor_comment": "TSAG/MATABIAGA MALAWAAN IA, LAT AS, LATITUDE/12'30'30.38 LONGTITUDE/120'57'03.09 STATION NO/3+479 REMARKS/DILAPIDATED",
        "survey_date": "2023-5-3"
      },
      "geometry": {
        "type": "Point",
        "coordinates": [
          120.950857,
          12.508438
        ]
      }
    },
    {
      "type": "Feature",
      "properties": {
        "id": 205,
        "name": "Road crossing",
        "type": "Road Crossing",
        "Structure_Category": "Road Crossing",
        "canal_name": "LATERAL SMC X-2",
        "station": "STA 0+004.0",
        "station_m": 3.99,
        "offset_m": 1.6,
        "desc": "",
        "comment": "",
        "elevation_m": 23.62,
        "photo_filename": "DSC00132.jpg",
        "photo_path": "../../DCIM/10GRMN/DSC00132.jpg",
        "surveyor_comment": null,
        "survey_date": "2023-5-3"
      },
      "geometry": {
        "type": "Point",
        "coordinates": [
          120.978846,
          12.511906
        ]
      }
    },
    {
      "type": "Feature",
      "properties": {
        "id": 207,
        "name": "Canal lining (0+014)",
        "type": "Other Structures",
        "Structure_Category": "Other Structures",
        "canal_name": "LATERAL BS",
        "station": "STA 0+017.8",
        "station_m": 17.82,
        "offset_m": 0.95,
        "desc": "",
        "comment": "TSAG/MALABNIG , C.N/LAT BS, LATITUDE/12'30'707  LONGTITUDE/120'58'729  STATION NO/0+014  REMARKS/DAMAGE WALL",
        "elevation_m": 26.26,
        "photo_filename": "DSC00135.jpg",
        "photo_path": "../../DCIM/10GRMN/DSC00135.jpg",
        "surveyor_comment": "TSAG/MALABNIG , C.N/LAT BS, LATITUDE/12'30'707 LONGTITUDE/120'58'729 STATION NO/0+014 REMARKS/DAMAGE WALL",
        "survey_date": "2023-5-3"
      },
      "geometry": {
        "type": "Point",
        "coordinates": [
          120.97882,
          12.51179
        ]
      }
    },
    {
      "type": "Feature",
      "properties": {
        "id": 206,
        "name": "016",
        "type": "Other Structures",
        "Structure_Category": "Other Structures",
        "canal_name": "LATERAL SMC X-2",
        "station": "STA 0+011.6",
        "station_m": 11.62,
        "offset_m": 0.25,
        "desc": "",
        "comment": "Remarks: for updating Blured image",
        "elevation_m": 26.31,
        "photo_filename": "DSC00134.jpg",
        "photo_path": "../../DCIM/10GRMN/DSC00134.jpg",
        "surveyor_comment": "Remarks: for updating Blured image",
        "survey_date": "2023-5-3"
      },
      "geometry": {
        "type": "Point",
        "coordinates": [
          120.978858,
          12.511837
        ]
      }
    },
    {
      "type": "Feature",
      "properties": {
        "id": 212,
        "name": "Canal lining (0+171)",
        "type": "Other Structures",
        "Structure_Category": "Other Structures",
        "canal_name": "LATERAL BS",
        "station": "STA 0+176.5",
        "station_m": 176.54,
        "offset_m": 0.68,
        "desc": "",
        "comment": "",
        "elevation_m": 25.64,
        "photo_filename": "DSC00140.jpg",
        "photo_path": "../../DCIM/10GRMN/DSC00140.jpg",
        "surveyor_comment": null,
        "survey_date": "2023-5-3"
      },
      "geometry": {
        "type": "Point",
        "coordinates": [
          120.978476,
          12.510454
        ]
      }
    },
    {
      "type": "Feature",
      "properties": {
        "id": 204,
        "name": "014",
        "type": "Other Structures",
        "Structure_Category": "Other Structures",
        "canal_name": "SOUTH MAIN CANAL",
        "station": "STA 1+681.1",
        "station_m": 1681.05,
        "offset_m": 0.2,
        "desc": "",
        "comment": "Remarks: for updating Blured image",
        "elevation_m": 23.5,
        "photo_filename": "DSC00131.jpg",
        "photo_path": "../../DCIM/10GRMN/DSC00131.jpg",
        "surveyor_comment": "Remarks: for updating Blured image",
        "survey_date": "2023-5-3"
      },
      "geometry": {
        "type": "Point",
        "coordinates": [
          120.978869,
          12.51194
        ]
      }
    },
    {
      "type": "Feature",
      "properties": {
        "id": 211,
        "name": "Road crossing (0+160 - 0+171)",
        "type": "Other Structures",
        "Structure_Category": "Road Crossing",
        "canal_name": "LATERAL BS",
        "station": "STA 0+167.9",
        "station_m": 167.9,
        "offset_m": 0,
        "desc": "",
        "comment": "",
        "elevation_m": 25.75,
        "photo_filename": "DSC00139.jpg",
        "photo_path": "../../DCIM/10GRMN/DSC00139.jpg",
        "surveyor_comment": null,
        "survey_date": "2023-5-3"
      },
      "geometry": {
        "type": "Point",
        "coordinates": [
          120.978539,
          12.510502
        ]
      }
    },
    {
      "type": "Feature",
      "properties": {
        "id": 215,
        "name": "Road crossing (0+434)",
        "type": "Road Crossing",
        "Structure_Category": "Road Crossing",
        "canal_name": "LATERAL BS",
        "station": "STA 0+496.8",
        "station_m": 496.76,
        "offset_m": 13.79,
        "desc": "",
        "comment": "",
        "elevation_m": 21.56,
        "photo_filename": "DSC00143.jpg",
        "photo_path": "../../DCIM/10GRMN/DSC00143.jpg",
        "surveyor_comment": null,
        "survey_date": "2023-5-3"
      },
      "geometry": {
        "type": "Point",
        "coordinates": [
          120.975939,
          12.509051
        ]
      }
    },
    {
      "type": "Feature",
      "properties": {
        "id": 210,
        "name": "Head gate (0+160)",
        "type": "Head Gate",
        "Structure_Category": "Head Gate",
        "canal_name": "LATERAL BS",
        "station": "STA 0+162.3",
        "station_m": 162.25,
        "offset_m": 0,
        "desc": "",
        "comment": "",
        "elevation_m": 25.73,
        "photo_filename": "DSC00138.jpg",
        "photo_path": "../../DCIM/10GRMN/DSC00138.jpg",
        "surveyor_comment": null,
        "survey_date": "2023-5-3"
      },
      "geometry": {
        "type": "Point",
        "coordinates": [
          120.97857,
          12.510543
        ]
      }
    },
    {
      "type": "Feature",
      "properties": {
        "id": 209,
        "name": "019",
        "type": "Other Structures",
        "Structure_Category": "Other Structures",
        "canal_name": "LATERAL BS",
        "station": "STA 0+159.3",
        "station_m": 159.27,
        "offset_m": 2.56,
        "desc": "",
        "comment": "Remarks: for updating Blured image",
        "elevation_m": 26.49,
        "photo_filename": "DSC00137.jpg",
        "photo_path": "../../DCIM/10GRMN/DSC00137.jpg",
        "surveyor_comment": "Remarks: for updating Blured image",
        "survey_date": "2023-5-3"
      },
      "geometry": {
        "type": "Point",
        "coordinates": [
          120.978606,
          12.510546
        ]
      }
    },
    {
      "type": "Feature",
      "properties": {
        "id": 214,
        "name": "Turnout (0+484)",
        "type": "Turnout",
        "Structure_Category": "Turnout (TO)",
        "canal_name": "LATERAL BS",
        "station": "STA 0+494.9",
        "station_m": 494.88,
        "offset_m": 7.21,
        "desc": "",
        "comment": "TSAG/MALABNIG, C.N/LAT BS, LATITUDE/12'30'540  LONGTITUDE/120'58'559  STATION NO/0+484  REMARKS/FUNCTIONAL",
        "elevation_m": 21.8,
        "photo_filename": "DSC00142.jpg",
        "photo_path": "../../DCIM/10GRMN/DSC00142.jpg",
        "surveyor_comment": "TSAG/MALABNIG, C.N/LAT BS, LATITUDE/12'30'540 LONGTITUDE/120'58'559 STATION NO/0+484 REMARKS/FUNCTIONAL",
        "survey_date": "2023-5-3"
      },
      "geometry": {
        "type": "Point",
        "coordinates": [
          120.97598,
          12.509004
        ]
      }
    },
    {
      "type": "Feature",
      "properties": {
        "id": 216,
        "name": "Tresher crossing (0+488 - 0+491)",
        "type": "Thresher Crossing",
        "Structure_Category": "Thresher Crossing",
        "canal_name": "LATERAL BS",
        "station": "STA 0+501.4",
        "station_m": 501.4,
        "offset_m": 6.55,
        "desc": "",
        "comment": "TSAG/MALABNIG, C.N/LAT BS, LATITUDE/12'30'378  LONGTITUDE/120'58'556  STATION NO/0+488 - 0+491  REMARKS/PRIVATE",
        "elevation_m": 20,
        "photo_filename": "DSC00144.jpg",
        "photo_path": "../../DCIM/10GRMN/DSC00144.jpg",
        "surveyor_comment": "TSAG/MALABNIG, C.N/LAT BS, LATITUDE/12'30'378 LONGTITUDE/120'58'556 STATION NO/0+488 - 0+491 REMARKS/PRIVATE",
        "survey_date": "2023-5-3"
      },
      "geometry": {
        "type": "Point",
        "coordinates": [
          120.975928,
          12.508974
        ]
      }
    },
    {
      "type": "Feature",
      "properties": {
        "id": 219,
        "name": "029",
        "type": "Other Structures",
        "Structure_Category": "Other Structures",
        "canal_name": "LATERAL BS",
        "station": "STA 0+722.5",
        "station_m": 722.55,
        "offset_m": 7.13,
        "desc": "",
        "comment": "Remarks: Blured image, for updating",
        "elevation_m": 18.66,
        "photo_filename": "DSC00147.jpg",
        "photo_path": "../../DCIM/10GRMN/DSC00147.jpg",
        "surveyor_comment": "Remarks: Blured image, for updating",
        "survey_date": "2023-5-3"
      },
      "geometry": {
        "type": "Point",
        "coordinates": [
          120.974245,
          12.507855
        ]
      }
    },
    {
      "type": "Feature",
      "properties": {
        "id": 217,
        "name": "Tresher crossing (0+840)",
        "type": "Thresher Crossing",
        "Structure_Category": "Thresher Crossing",
        "canal_name": "LATERAL BS",
        "station": "STA 0+601.1",
        "station_m": 601.12,
        "offset_m": 7.16,
        "desc": "",
        "comment": "",
        "elevation_m": 19.8,
        "photo_filename": "DSC00145.jpg",
        "photo_path": "../../DCIM/10GRMN/DSC00145.jpg",
        "surveyor_comment": null,
        "survey_date": "2023-5-3"
      },
      "geometry": {
        "type": "Point",
        "coordinates": [
          120.975094,
          12.508597
        ]
      }
    },
    {
      "type": "Feature",
      "properties": {
        "id": 257,
        "name": "Drainage",
        "type": "Drainage",
        "Structure_Category": "Drainage",
        "canal_name": "LATERAL CS",
        "station": "STA 0+215.2",
        "station_m": 215.2,
        "offset_m": 3.01,
        "desc": "",
        "comment": "",
        "elevation_m": 13.66,
        "photo_filename": "DSC00190.jpg",
        "photo_path": "../../DCIM/10GRMN/DSC00190.jpg",
        "surveyor_comment": null,
        "survey_date": "2023-5-3"
      },
      "geometry": {
        "type": "Point",
        "coordinates": [
          120.98292,
          12.50471
        ]
      }
    },
    {
      "type": "Feature",
      "properties": {
        "id": 260,
        "name": "Check gate (0+220)",
        "type": "Check Gate",
        "Structure_Category": "Head Gate",
        "canal_name": "LATERAL CS",
        "station": "STA 0+233.0",
        "station_m": 233,
        "offset_m": 4.25,
        "desc": "",
        "comment": "TSAG/RAMOS IA, C.N/LAT CS, LATITUDE/12'30'277  LONGTITUDE/120'58'974  STATION NO/0+220 REMARKS/FUNCTIONAL",
        "elevation_m": 34.93,
        "photo_filename": "DSC00193.jpg",
        "photo_path": "../../DCIM/10GRMN/DSC00193.jpg",
        "surveyor_comment": "TSAG/RAMOS IA, C.N/LAT CS, LATITUDE/12'30'277 LONGTITUDE/120'58'974 STATION NO/0+220 REMARKS/FUNCTIONAL",
        "survey_date": "2023-5-3"
      },
      "geometry": {
        "type": "Point",
        "coordinates": [
          120.982839,
          12.504573
        ]
      }
    },
    {
      "type": "Feature",
      "properties": {
        "id": 252,
        "name": "Road crossing (0+000 -0+005)",
        "type": "Road Crossing",
        "Structure_Category": "Road Crossing",
        "canal_name": "LATERAL CS",
        "station": "STA 0+007.2",
        "station_m": 7.2,
        "offset_m": 1.3,
        "desc": "",
        "comment": "",
        "elevation_m": 21.66,
        "photo_filename": "DSC00184.jpg",
        "photo_path": "../../DCIM/10GRMN/DSC00184.jpg",
        "surveyor_comment": null,
        "survey_date": "2023-5-3"
      },
      "geometry": {
        "type": "Point",
        "coordinates": [
          120.983318,
          12.506522
        ]
      }
    },
    {
      "type": "Feature",
      "properties": {
        "id": 254,
        "name": "Turnout (0+153)",
        "type": "Turnout",
        "Structure_Category": "Turnout (TO)",
        "canal_name": "LATERAL CS",
        "station": "STA 0+159.5",
        "station_m": 159.53,
        "offset_m": 0.47,
        "desc": "",
        "comment": "TSAG/RAMOS IA, C.N/LAT CS, LATITUDE/12'30'310  LONGTITUDE/120'58'989  STATION NO/0+153 REMARKS/DROP T.O",
        "elevation_m": 20.95,
        "photo_filename": "DSC00186.jpg",
        "photo_path": "../../DCIM/10GRMN/DSC00186.jpg",
        "surveyor_comment": "TSAG/RAMOS IA, C.N/LAT CS, LATITUDE/12'30'310 LONGTITUDE/120'58'989 STATION NO/0+153 REMARKS/DROP T.O",
        "survey_date": "2023-5-3"
      },
      "geometry": {
        "type": "Point",
        "coordinates": [
          120.983146,
          12.50516
        ]
      }
    },
    {
      "type": "Feature",
      "properties": {
        "id": 223,
        "name": "Turnout (1+094)",
        "type": "Turnout",
        "Structure_Category": "Turnout (TO)",
        "canal_name": "LATERAL BS",
        "station": "STA 1+103.9",
        "station_m": 1103.86,
        "offset_m": 8.38,
        "desc": "",
        "comment": "TSAG/MALABNIG, C.N/LAT BS, LATITUDE/12'30'201  LONGTITUDE/120'58'336  STATION NO/1+044  REMARKS/LEGAL R/S SILTED",
        "elevation_m": 19.72,
        "photo_filename": "DSC00151.jpg",
        "photo_path": "../../DCIM/10GRMN/DSC00151.jpg",
        "surveyor_comment": "TSAG/MALABNIG, C.N/LAT BS, LATITUDE/12'30'201 LONGTITUDE/120'58'336 STATION NO/1+044 REMARKS/LEGAL R/S SILTED",
        "survey_date": "2023-5-3"
      },
      "geometry": {
        "type": "Point",
        "coordinates": [
          120.972275,
          12.505022
        ]
      }
    },
    {
      "type": "Feature",
      "properties": {
        "id": 251,
        "name": "Head gate (0+000)",
        "type": "Head Gate",
        "Structure_Category": "Head Gate",
        "canal_name": "LATERAL CS",
        "station": "STA 0+005.2",
        "station_m": 5.16,
        "offset_m": 0.26,
        "desc": "",
        "comment": "TSAG/RAMOS IA, C.N/LAT CS, LATITUDE/12'30'393  LONGTITUDE/120'58'00  STATION NO/0+000 REMARKS/FUNCTIONAL",
        "elevation_m": 21.52,
        "photo_filename": "DSC00183.jpg",
        "photo_path": "../../DCIM/10GRMN/DSC00183.jpg",
        "surveyor_comment": "TSAG/RAMOS IA, C.N/LAT CS, LATITUDE/12'30'393 LONGTITUDE/120'58'00 STATION NO/0+000 REMARKS/FUNCTIONAL",
        "survey_date": "2023-5-3"
      },
      "geometry": {
        "type": "Point",
        "coordinates": [
          120.98333,
          12.506542
        ]
      }
    },
    {
      "type": "Feature",
      "properties": {
        "id": 250,
        "name": "060",
        "type": "Other Structures",
        "Structure_Category": "Other Structures",
        "canal_name": "4TH INTAKE MAIN CANAL",
        "station": "",
        "station_m": null,
        "offset_m": 41.22,
        "desc": "",
        "comment": "Remarks: for updating Blured image",
        "elevation_m": 22.69,
        "photo_filename": "DSC00182.jpg",
        "photo_path": "../../DCIM/10GRMN/DSC00182.jpg",
        "surveyor_comment": "Remarks: for updating Blured image",
        "survey_date": "2023-5-3"
      },
      "geometry": {
        "type": "Point",
        "coordinates": [
          120.953766,
          12.524866
        ]
      }
    },
    {
      "type": "Feature",
      "properties": {
        "id": 256,
        "name": "Check gate (0+116)",
        "type": "Check Gate",
        "Structure_Category": "Head Gate",
        "canal_name": "LATERAL CS",
        "station": "STA 0+184.4",
        "station_m": 184.39,
        "offset_m": 0.95,
        "desc": "",
        "comment": "TSAG/RAMOS IA, C.N/LAT CS, LATITUDE/12'30'297  LONGTITUDE/120'58'983  STATION NO/0+177 REMARKS/GOOD CONDITION",
        "elevation_m": 12.34,
        "photo_filename": "DSC00189.jpg",
        "photo_path": "../../DCIM/10GRMN/DSC00189.jpg",
        "surveyor_comment": "TSAG/RAMOS IA, C.N/LAT CS, LATITUDE/12'30'297 LONGTITUDE/120'58'983 STATION NO/0+177 REMARKS/GOOD CONDITION",
        "survey_date": "2023-5-3"
      },
      "geometry": {
        "type": "Point",
        "coordinates": [
          120.983056,
          12.504955
        ]
      }
    },
    {
      "type": "Feature",
      "properties": {
        "id": 269,
        "name": "Prop. road crossing & Turnout (1+039)",
        "type": "Road Crossing",
        "Structure_Category": "Road Crossing",
        "canal_name": "LATERAL CS",
        "station": "STA 1+058.1",
        "station_m": 1058.1,
        "offset_m": 5.06,
        "desc": "",
        "comment": "",
        "elevation_m": 19.66,
        "photo_filename": "DSC00205.jpg",
        "photo_path": "../../DCIM/10GRMN/DSC00205.jpg",
        "surveyor_comment": null,
        "survey_date": "2023-5-3"
      },
      "geometry": {
        "type": "Point",
        "coordinates": [
          120.97894,
          12.498192
        ]
      }
    },
    {
      "type": "Feature",
      "properties": {
        "id": 247,
        "name": "intake (0+000)",
        "type": "Intake",
        "Structure_Category": "Inlet",
        "canal_name": "4TH INTAKE MAIN CANAL",
        "station": "STA 0+000.0",
        "station_m": 0,
        "offset_m": 4.5,
        "desc": "",
        "comment": "TSAG/MALAWAAN 4TH INTAKE IA, C.N/4TH INTAKE , LATITUDE/12'30'481  LONGTITUDE/120'58'469  STATION NO/0+000 REMARKS/DAMAGE STRUCTURE",
        "elevation_m": 22.24,
        "photo_filename": "DSC00179.jpg",
        "photo_path": "../../DCIM/10GRMN/DSC00179.jpg",
        "surveyor_comment": "TSAG/MALAWAAN 4TH INTAKE IA, C.N/4TH INTAKE , LATITUDE/12'30'481 LONGTITUDE/120'58'469 STATION NO/0+000 REMARKS/DAMAGE STRUCTURE",
        "survey_date": "2023-5-3"
      },
      "geometry": {
        "type": "Point",
        "coordinates": [
          120.957486,
          12.524679
        ]
      }
    },
    {
      "type": "Feature",
      "properties": {
        "id": 249,
        "name": "Intake (0+000)",
        "type": "Intake",
        "Structure_Category": "Inlet",
        "canal_name": "4TH INTAKE MAIN CANAL",
        "station": "",
        "station_m": null,
        "offset_m": 42.13,
        "desc": "",
        "comment": "Remarks: Not functional",
        "elevation_m": 22.93,
        "photo_filename": "DSC00181.jpg",
        "photo_path": "../../DCIM/10GRMN/DSC00181.jpg",
        "surveyor_comment": "Remarks: Not functional",
        "survey_date": "2023-5-3"
      },
      "geometry": {
        "type": "Point",
        "coordinates": [
          120.953617,
          12.524793
        ]
      }
    },
    {
      "type": "Feature",
      "properties": {
        "id": 246,
        "name": "End of canal lining (3+213)",
        "type": "Other Structures",
        "Structure_Category": "Other Structures",
        "canal_name": "LATERAL BS",
        "station": "STA 3+254.1",
        "station_m": 3254.06,
        "offset_m": 6.93,
        "desc": "",
        "comment": "TSAG/MALABNIG, C.N/LAT BS, LATITUDE/12'24'204  LONGTITUDE/120'58'994  STATION NO/3+213  REMARKS/DILAPITED",
        "elevation_m": 44.62,
        "photo_filename": "DSC00178.jpg",
        "photo_path": "../../DCIM/10GRMN/DSC00178.jpg",
        "surveyor_comment": "TSAG/MALABNIG, C.N/LAT BS, LATITUDE/12'24'204 LONGTITUDE/120'58'994 STATION NO/3+213 REMARKS/DILAPITED",
        "survey_date": "2023-5-3"
      },
      "geometry": {
        "type": "Point",
        "coordinates": [
          120.966569,
          12.486739
        ]
      }
    },
    {
      "type": "Feature",
      "properties": {
        "id": 226,
        "name": "Concrete road (1+423)",
        "type": "Other Structures",
        "Structure_Category": "Road Crossing",
        "canal_name": "LATERAL BS",
        "station": "STA 1+437.2",
        "station_m": 1437.2,
        "offset_m": 8.47,
        "desc": "",
        "comment": "",
        "elevation_m": 17.9,
        "photo_filename": "DSC00155.jpg",
        "photo_path": "../../DCIM/10GRMN/DSC00155.jpg",
        "surveyor_comment": null,
        "survey_date": "2023-5-3"
      },
      "geometry": {
        "type": "Point",
        "coordinates": [
          120.971269,
          12.502175
        ]
      }
    },
    {
      "type": "Feature",
      "properties": {
        "id": 227,
        "name": "Drainage (1+453)",
        "type": "Drainage",
        "Structure_Category": "Drainage",
        "canal_name": "LATERAL BS",
        "station": "STA 1+465.9",
        "station_m": 1465.85,
        "offset_m": 4.82,
        "desc": "",
        "comment": "TSAG/MALABNIG, C.N/LAT BS, LATITUDE/12'30'115  LONGTITUDE/120'58'273  STATION NO/0+453  REMARKS/FUNCTIONAL",
        "elevation_m": 16.87,
        "photo_filename": "DSC00156.jpg",
        "photo_path": "../../DCIM/10GRMN/DSC00156.jpg",
        "surveyor_comment": "TSAG/MALABNIG, C.N/LAT BS, LATITUDE/12'30'115 LONGTITUDE/120'58'273 STATION NO/0+453 REMARKS/FUNCTIONAL",
        "survey_date": "2023-5-3"
      },
      "geometry": {
        "type": "Point",
        "coordinates": [
          120.971217,
          12.501919
        ]
      }
    },
    {
      "type": "Feature",
      "properties": {
        "id": 243,
        "name": "Bulcart (2+858 -2+862)",
        "type": "Other Structures",
        "Structure_Category": "Other Structures",
        "canal_name": "LATERAL BS",
        "station": "STA 2+890.4",
        "station_m": 2890.43,
        "offset_m": 4.13,
        "desc": "",
        "comment": "",
        "elevation_m": 10.95,
        "photo_filename": "DSC00175.jpg",
        "photo_path": "../../DCIM/10GRMN/DSC00175.jpg",
        "surveyor_comment": null,
        "survey_date": "2023-5-3"
      },
      "geometry": {
        "type": "Point",
        "coordinates": [
          120.967984,
          12.489443
        ]
      }
    },
    {
      "type": "Feature",
      "properties": {
        "id": 244,
        "name": "Canal lining w/ Illegal turnout (2+950)",
        "type": "Unauthorized Turnout",
        "Structure_Category": "Turnout (TO)",
        "canal_name": "LATERAL BS",
        "station": "STA 2+984.5",
        "station_m": 2984.5,
        "offset_m": 2.12,
        "desc": "",
        "comment": "TSAG/MALABNIG, C.N/LAT BS, LATITUDE/12'29'317  LONGTITUDE/120'58'063  STATION NO/2+950  REMARKS/FUNCTIONAL",
        "elevation_m": 13.18,
        "photo_filename": "DSC00176.jpg",
        "photo_path": "../../DCIM/10GRMN/DSC00176.jpg",
        "surveyor_comment": "TSAG/MALABNIG, C.N/LAT BS, LATITUDE/12'29'317 LONGTITUDE/120'58'063 STATION NO/2+950 REMARKS/FUNCTIONAL",
        "survey_date": "2023-5-3"
      },
      "geometry": {
        "type": "Point",
        "coordinates": [
          120.967803,
          12.488612
        ]
      }
    },
    {
      "type": "Feature",
      "properties": {
        "id": 237,
        "name": "Comb of turnout, Tresher crossing & Drop (2+170 - 2+178)",
        "type": "Turnout",
        "Structure_Category": "Turnout (TO)",
        "canal_name": "LATERAL BS",
        "station": "STA 2+192.4",
        "station_m": 2192.36,
        "offset_m": 5.85,
        "desc": "",
        "comment": "TSAG/MALABNIG, C.N/LAT BS, LATITUDE/12'29'734  LONGTITUDE/120'58'170  STATION NO/2+170 -2+178   REMARKS/COMB.T.O/THRESHER XING/DROP",
        "elevation_m": 23.49,
        "photo_filename": "DSC00167.jpg",
        "photo_path": "../../DCIM/10GRMN/DSC00167.jpg",
        "surveyor_comment": "TSAG/MALABNIG, C.N/LAT BS, LATITUDE/12'29'734 LONGTITUDE/120'58'170 STATION NO/2+170 -2+178 REMARKS/COMB.T.O/THRESHER XING/DROP",
        "survey_date": "2023-5-3"
      },
      "geometry": {
        "type": "Point",
        "coordinates": [
          120.969496,
          12.495575
        ]
      }
    },
    {
      "type": "Feature",
      "properties": {
        "id": 232,
        "name": "End of concrete road (1+582)",
        "type": "Other Structures",
        "Structure_Category": "Road Crossing",
        "canal_name": "LATERAL BS",
        "station": "STA 1+597.2",
        "station_m": 1597.16,
        "offset_m": 9.07,
        "desc": "",
        "comment": "",
        "elevation_m": 19.39,
        "photo_filename": "DSC00160.jpg",
        "photo_path": "../../DCIM/10GRMN/DSC00160.jpg",
        "surveyor_comment": null,
        "survey_date": "2023-5-3"
      },
      "geometry": {
        "type": "Point",
        "coordinates": [
          120.970794,
          12.500807
        ]
      }
    },
    {
      "type": "Feature",
      "properties": {
        "id": 234,
        "name": "Comb of tresher & Drop struc (1+715 - 1+723)",
        "type": "Thresher Crossing",
        "Structure_Category": "Thresher Crossing",
        "canal_name": "LATERAL BS",
        "station": "STA 1+731.8",
        "station_m": 1731.78,
        "offset_m": 3.21,
        "desc": "",
        "comment": "TSAG/MALABNIG, C.N/LAT BS, LATITUDE/12'29'977  LONGTITUDE/120'58'232  STATION NO/1+715 - 1+723 REMARKS/FUNCTIONAL/COMB.TRHESHER/DROP STRUCTURE",
        "elevation_m": 20.08,
        "photo_filename": "DSC00163.jpg",
        "photo_path": "../../DCIM/10GRMN/DSC00163.jpg",
        "surveyor_comment": "TSAG/MALABNIG, C.N/LAT BS, LATITUDE/12'29'977 LONGTITUDE/120'58'232 STATION NO/1+715 - 1+723 REMARKS/FUNCTIONAL/COMB.TRHESHER/DROP STRUCTURE",
        "survey_date": "2023-5-3"
      },
      "geometry": {
        "type": "Point",
        "coordinates": [
          120.970527,
          12.499612
        ]
      }
    },
    {
      "type": "Feature",
      "properties": {
        "id": 271,
        "name": "Road crossing (1+314 - 1+318)",
        "type": "Road Crossing",
        "Structure_Category": "Road Crossing",
        "canal_name": "LATERAL CS",
        "station": "STA 1+335.2",
        "station_m": 1335.24,
        "offset_m": 4.63,
        "desc": "",
        "comment": "TSAG/RAMOS IA, C.N/SMC(X-2), LATITUDE/12'30'765  LONGTITUDE/120'58'658  STATION NO/1+314 -1+ 328 REMARKS/DAMAGED OUTLET",
        "elevation_m": 68.35,
        "photo_filename": "DSC00209.jpg",
        "photo_path": "../../DCIM/10GRMN/DSC00209.jpg",
        "surveyor_comment": "TSAG/RAMOS IA, C.N/SMC(X-2), LATITUDE/12'30'765 LONGTITUDE/120'58'658 STATION NO/1+314 -1+ 328 REMARKS/DAMAGED OUTLET",
        "survey_date": "2023-5-3"
      },
      "geometry": {
        "type": "Point",
        "coordinates": [
          120.97763,
          12.496042
        ]
      }
    },
    {
      "type": "Feature",
      "properties": {
        "id": 273,
        "name": "Turnout (1+459)",
        "type": "Turnout",
        "Structure_Category": "Turnout (TO)",
        "canal_name": "LATERAL CS",
        "station": "STA 1+481.0",
        "station_m": 1481,
        "offset_m": 4.88,
        "desc": "",
        "comment": "TSAG/RAMOS IA, C.N/SMC(X-2), LATITUDE/12'30'695  LONGTITUDE/120'58'619  STATION NO/1+459  REMARKS/FUNCTIONAL",
        "elevation_m": 61.01,
        "photo_filename": "DSC00212.jpg",
        "photo_path": "../../DCIM/10GRMN/DSC00212.jpg",
        "surveyor_comment": "TSAG/RAMOS IA, C.N/SMC(X-2), LATITUDE/12'30'695 LONGTITUDE/120'58'619 STATION NO/1+459 REMARKS/FUNCTIONAL",
        "survey_date": "2023-5-3"
      },
      "geometry": {
        "type": "Point",
        "coordinates": [
          120.976932,
          12.494917
        ]
      }
    },
    {
      "type": "Feature",
      "properties": {
        "id": 268,
        "name": "078",
        "type": "Other Structures",
        "Structure_Category": "Other Structures",
        "canal_name": "LATERAL CS",
        "station": "STA 1+016.6",
        "station_m": 1016.61,
        "offset_m": 3.9,
        "desc": "",
        "comment": "Remarks : for updating, Blured image",
        "elevation_m": 19.3,
        "photo_filename": "DSC00204.jpg",
        "photo_path": "../../DCIM/10GRMN/DSC00204.jpg",
        "surveyor_comment": "Remarks : for updating, Blured image",
        "survey_date": "2023-5-3"
      },
      "geometry": {
        "type": "Point",
        "coordinates": [
          120.979155,
          12.498502
        ]
      }
    },
    {
      "type": "Feature",
      "properties": {
        "id": 267,
        "name": "077",
        "type": "Other Structures",
        "Structure_Category": "Other Structures",
        "canal_name": "LATERAL CS",
        "station": "STA 0+998.6",
        "station_m": 998.61,
        "offset_m": 0.46,
        "desc": "",
        "comment": "Remarks : for updating, Blured image",
        "elevation_m": 18.8,
        "photo_filename": "DSC00203.jpg",
        "photo_path": "../../DCIM/10GRMN/DSC00203.jpg",
        "surveyor_comment": "Remarks : for updating, Blured image",
        "survey_date": "2023-5-3"
      },
      "geometry": {
        "type": "Point",
        "coordinates": [
          120.979273,
          12.498621
        ]
      }
    },
    {
      "type": "Feature",
      "properties": {
        "id": 263,
        "name": "Start of Concrete road (0+650)",
        "type": "Other Structures",
        "Structure_Category": "Road Crossing",
        "canal_name": "LATERAL CS",
        "station": "STA 0+653.1",
        "station_m": 653.09,
        "offset_m": 3.21,
        "desc": "",
        "comment": "START ROAD CONCRETE/ GOOD CONDITION",
        "elevation_m": 17.78,
        "photo_filename": "DSC00197.jpg",
        "photo_path": "../../DCIM/10GRMN/DSC00197.jpg",
        "surveyor_comment": "START ROAD CONCRETE/ GOOD CONDITION",
        "survey_date": "2023-5-3"
      },
      "geometry": {
        "type": "Point",
        "coordinates": [
          120.980983,
          12.501243
        ]
      }
    },
    {
      "type": "Feature",
      "properties": {
        "id": 264,
        "name": "Road crossing (1+807)",
        "type": "Road Crossing",
        "Structure_Category": "Road Crossing",
        "canal_name": "LATERAL CS",
        "station": "STA 0+820.2",
        "station_m": 820.17,
        "offset_m": 2.83,
        "desc": "",
        "comment": "",
        "elevation_m": 18.32,
        "photo_filename": "DSC00199.jpg",
        "photo_path": "../../DCIM/10GRMN/DSC00199.jpg",
        "surveyor_comment": null,
        "survey_date": "2023-5-3"
      },
      "geometry": {
        "type": "Point",
        "coordinates": [
          120.98022,
          12.49994
        ]
      }
    },
    {
      "type": "Feature",
      "properties": {
        "id": 266,
        "name": "Road crossing (1+819)",
        "type": "Road Crossing",
        "Structure_Category": "Road Crossing",
        "canal_name": "LATERAL CS",
        "station": "STA 0+819.6",
        "station_m": 819.64,
        "offset_m": 3.27,
        "desc": "",
        "comment": "",
        "elevation_m": 18.59,
        "photo_filename": "DSC00202.jpg",
        "photo_path": "../../DCIM/10GRMN/DSC00202.jpg",
        "surveyor_comment": null,
        "survey_date": "2023-5-3"
      },
      "geometry": {
        "type": "Point",
        "coordinates": [
          120.980219,
          12.499945
        ]
      }
    },
    {
      "type": "Feature",
      "properties": {
        "id": 265,
        "name": "075",
        "type": "Other Structures",
        "Structure_Category": "Other Structures",
        "canal_name": "LATERAL CS",
        "station": "STA 0+814.8",
        "station_m": 814.8,
        "offset_m": 3.2,
        "desc": "",
        "comment": "Remarks : for updating, Blured image",
        "elevation_m": 18.49,
        "photo_filename": "DSC00201.jpg",
        "photo_path": "../../DCIM/10GRMN/DSC00201.jpg",
        "surveyor_comment": "Remarks : for updating, Blured image",
        "survey_date": "2023-5-3"
      },
      "geometry": {
        "type": "Point",
        "coordinates": [
          120.980247,
          12.499979
        ]
      }
    },
    {
      "type": "Feature",
      "properties": {
        "id": 255,
        "name": "Road crossing (0+169 - 0+178)",
        "type": "Road Crossing",
        "Structure_Category": "Road Crossing",
        "canal_name": "LATERAL CS",
        "station": "STA 0+177.2",
        "station_m": 177.21,
        "offset_m": 2.44,
        "desc": "",
        "comment": "",
        "elevation_m": 20.91,
        "photo_filename": "DSC00187.jpg",
        "photo_path": "../../DCIM/10GRMN/DSC00187.jpg",
        "surveyor_comment": null,
        "survey_date": "2023-5-3"
      },
      "geometry": {
        "type": "Point",
        "coordinates": [
          120.983112,
          12.505001
        ]
      }
    },
    {
      "type": "Feature",
      "properties": {
        "id": 239,
        "name": "Canal lining w/ illegal T.O (2+437)",
        "type": "Unauthorized Turnout",
        "Structure_Category": "Turnout (TO)",
        "canal_name": "LATERAL BS",
        "station": "STA 2+464.0",
        "station_m": 2464,
        "offset_m": 2.75,
        "desc": "",
        "comment": "TSAG/MALABNIG, C.N/LAT BS, LATITUDE/12'29'591  LONGTITUDE/120'58'136  STATION NO/2+437  REMARKS/ILLEGAL T.O",
        "elevation_m": 19.5,
        "photo_filename": "DSC00169.jpg",
        "photo_path": "../../DCIM/10GRMN/DSC00169.jpg",
        "surveyor_comment": "TSAG/MALABNIG, C.N/LAT BS, LATITUDE/12'29'591 LONGTITUDE/120'58'136 STATION NO/2+437 REMARKS/ILLEGAL T.O",
        "survey_date": "2023-5-3"
      },
      "geometry": {
        "type": "Point",
        "coordinates": [
          120.968932,
          12.493183
        ]
      }
    },
    {
      "type": "Feature",
      "properties": {
        "id": 242,
        "name": "Turnout (2+851)",
        "type": "Turnout",
        "Structure_Category": "Turnout (TO)",
        "canal_name": "LATERAL BS",
        "station": "STA 2+883.1",
        "station_m": 2883.12,
        "offset_m": 3.43,
        "desc": "",
        "comment": "",
        "elevation_m": 11.94,
        "photo_filename": "DSC00173.jpg",
        "photo_path": "../../DCIM/10GRMN/DSC00173.jpg",
        "surveyor_comment": null,
        "survey_date": "2023-5-3"
      },
      "geometry": {
        "type": "Point",
        "coordinates": [
          120.968005,
          12.489506
        ]
      }
    },
    {
      "type": "Feature",
      "properties": {
        "id": 241,
        "name": "Comb of T.O L&R and Siphon (2+617 - 2+627)",
        "type": "Turnout",
        "Structure_Category": "Siphon",
        "canal_name": "LATERAL BS",
        "station": "STA 2+646.1",
        "station_m": 2646.09,
        "offset_m": 5.16,
        "desc": "",
        "comment": "",
        "elevation_m": 12.77,
        "photo_filename": "DSC00172.jpg",
        "photo_path": "../../DCIM/10GRMN/DSC00172.jpg",
        "surveyor_comment": null,
        "survey_date": "2023-5-3"
      },
      "geometry": {
        "type": "Point",
        "coordinates": [
          120.968513,
          12.49159
        ]
      }
    },
    {
      "type": "Feature",
      "properties": {
        "id": 240,
        "name": "Canal lining w/ illegal turnout (2+542)",
        "type": "Unauthorized Turnout",
        "Structure_Category": "Turnout (TO)",
        "canal_name": "LATERAL BS",
        "station": "STA 2+619.8",
        "station_m": 2619.77,
        "offset_m": 4.37,
        "desc": "",
        "comment": "",
        "elevation_m": 18.85,
        "photo_filename": "DSC00170.jpg",
        "photo_path": "../../DCIM/10GRMN/DSC00170.jpg",
        "surveyor_comment": null,
        "survey_date": "2023-5-3"
      },
      "geometry": {
        "type": "Point",
        "coordinates": [
          120.968579,
          12.491819
        ]
      }
    },
    {
      "type": "Feature",
      "properties": {
        "id": 233,
        "name": "043",
        "type": "Other Structures",
        "Structure_Category": "Other Structures",
        "canal_name": "LATERAL BS",
        "station": "STA 1+726.3",
        "station_m": 1726.3,
        "offset_m": 4.05,
        "desc": "",
        "comment": "Remarks: for updating, Blured image",
        "elevation_m": 20.07,
        "photo_filename": "DSC00162.jpg",
        "photo_path": "../../DCIM/10GRMN/DSC00162.jpg",
        "surveyor_comment": "Remarks: for updating, Blured image",
        "survey_date": "2023-5-3"
      },
      "geometry": {
        "type": "Point",
        "coordinates": [
          120.970531,
          12.499662
        ]
      }
    },
    {
      "type": "Feature",
      "properties": {
        "id": 230,
        "name": "Turnout (1+569)",
        "type": "Turnout",
        "Structure_Category": "Turnout (TO)",
        "canal_name": "LATERAL BS",
        "station": "STA 1+583.4",
        "station_m": 1583.36,
        "offset_m": 8.35,
        "desc": "",
        "comment": "TSAG/MALABNIG, C.N/LAT BS, LATITUDE/12'30'055  LONGTITUDE/120'58'250  STATION NO/1+569  REMARKS/FUNCTIONAL",
        "elevation_m": 16.55,
        "photo_filename": "DSC00159.jpg",
        "photo_path": "../../DCIM/10GRMN/DSC00159.jpg",
        "surveyor_comment": "TSAG/MALABNIG, C.N/LAT BS, LATITUDE/12'30'055 LONGTITUDE/120'58'250 STATION NO/1+569 REMARKS/FUNCTIONAL",
        "survey_date": "2023-5-3"
      },
      "geometry": {
        "type": "Point",
        "coordinates": [
          120.970841,
          12.500923
        ]
      }
    },
    {
      "type": "Feature",
      "properties": {
        "id": 229,
        "name": "Tresher crossing",
        "type": "Thresher Crossing",
        "Structure_Category": "Thresher Crossing",
        "canal_name": "LATERAL BS",
        "station": "STA 1+567.1",
        "station_m": 1567.12,
        "offset_m": 6.97,
        "desc": "",
        "comment": "",
        "elevation_m": 17.28,
        "photo_filename": "DSC00158.jpg",
        "photo_path": "../../DCIM/10GRMN/DSC00158.jpg",
        "surveyor_comment": null,
        "survey_date": "2023-5-3"
      },
      "geometry": {
        "type": "Point",
        "coordinates": [
          120.970901,
          12.501058
        ]
      }
    },
    {
      "type": "Feature",
      "properties": {
        "id": 295,
        "name": "105",
        "type": "Other Structures",
        "Structure_Category": "Other Structures",
        "canal_name": "SOUTH MAIN CANAL",
        "station": "STA 0+000.0",
        "station_m": 0,
        "offset_m": 1.2,
        "desc": "",
        "comment": "",
        "elevation_m": 46.96,
        "photo_filename": "DSC00241.jpg",
        "photo_path": "../../DCIM/10GRMN/DSC00241.jpg",
        "surveyor_comment": null,
        "survey_date": "2023-5-3"
      },
      "geometry": {
        "type": "Point",
        "coordinates": [
          120.987734,
          12.522451
        ]
      }
    },
    {
      "type": "Feature",
      "properties": {
        "id": 328,
        "name": "Tresher crossing (1+914)",
        "type": "Thresher Crossing",
        "Structure_Category": "Thresher Crossing",
        "canal_name": "SOUTH MAIN CANAL",
        "station": "STA 1+880.3",
        "station_m": 1880.3,
        "offset_m": 7.52,
        "desc": "",
        "comment": "TSAG/, C.N/SMC, LATITUDE/12'30'41.4  LONGTITUDE/120'58'50.3  STATION NO/1+914 REMARKS/SILTED",
        "elevation_m": 25.21,
        "photo_filename": "DSC00323.jpg",
        "photo_path": "../../DCIM/10GRMN/DSC00323.jpg",
        "surveyor_comment": "TSAG/, C.N/SMC, LATITUDE/12'30'41.4 LONGTITUDE/120'58'50.3 STATION NO/1+914 REMARKS/SILTED",
        "survey_date": "2023-5-3"
      },
      "geometry": {
        "type": "Point",
        "coordinates": [
          120.980654,
          12.511504
        ]
      }
    },
    {
      "type": "Feature",
      "properties": {
        "id": 253,
        "name": "Trapezoidal canal lining (0+005)",
        "type": "Other Structures",
        "Structure_Category": "Other Structures",
        "canal_name": "LATERAL CS",
        "station": "STA 0+011.9",
        "station_m": 11.92,
        "offset_m": 0,
        "desc": "",
        "comment": "TSAG/RAMOS IA, C.N/LAT CS, LATITUDE/12'30'389  LONGTITUDE/120'58'00  STATION NO/0+005 REMARKS/DAMAGE/SILTED /TRAPEZOIDAL CANAL",
        "elevation_m": 21.73,
        "photo_filename": "DSC00185.jpg",
        "photo_path": "../../DCIM/10GRMN/DSC00185.jpg",
        "surveyor_comment": "TSAG/RAMOS IA, C.N/LAT CS, LATITUDE/12'30'389 LONGTITUDE/120'58'00 STATION NO/0+005 REMARKS/DAMAGE/SILTED /TRAPEZOIDAL CANAL",
        "survey_date": "2023-5-3"
      },
      "geometry": {
        "type": "Point",
        "coordinates": [
          120.983335,
          12.506481
        ]
      }
    },
    {
      "type": "Feature",
      "properties": {
        "id": 289,
        "name": "Turnout (0+651)",
        "type": "Turnout",
        "Structure_Category": "Turnout (TO)",
        "canal_name": "LATERAL CS-1",
        "station": "STA 0+662.7",
        "station_m": 662.7,
        "offset_m": 0.82,
        "desc": "",
        "comment": "TSAG/CABANABAHAN IA, C.N/LAT CS-1, LATITUDE/12'30'996  LONGTITUDE/120'59'068  STATION NO/0+651 REMARKS/GOOD CONDITION",
        "elevation_m": 27.63,
        "photo_filename": "DSC00233.jpg",
        "photo_path": "../../DCIM/10GRMN/DSC00233.jpg",
        "surveyor_comment": "TSAG/CABANABAHAN IA, C.N/LAT CS-1, LATITUDE/12'30'996 LONGTITUDE/120'59'068 STATION NO/0+651 REMARKS/GOOD CONDITION",
        "survey_date": "2023-5-3"
      },
      "geometry": {
        "type": "Point",
        "coordinates": [
          120.984476,
          12.499928
        ]
      }
    },
    {
      "type": "Feature",
      "properties": {
        "id": 298,
        "name": "128",
        "type": "Intake",
        "Structure_Category": "Inlet",
        "canal_name": "SOUTH MAIN CANAL",
        "station": "STA 0+000.0",
        "station_m": 0,
        "offset_m": 6.37,
        "desc": "",
        "comment": "",
        "elevation_m": 49.85,
        "photo_filename": "DSC00270.jpg",
        "photo_path": "../../DCIM/10GRMN/DSC00270.jpg",
        "surveyor_comment": null,
        "survey_date": "2023-5-3"
      },
      "geometry": {
        "type": "Point",
        "coordinates": [
          120.987772,
          12.522481
        ]
      }
    },
    {
      "type": "Feature",
      "properties": {
        "id": 318,
        "name": "Turnout (0+964)",
        "type": "Turnout",
        "Structure_Category": "Turnout (TO)",
        "canal_name": "SOUTH MAIN CANAL",
        "station": "STA 0+941.7",
        "station_m": 941.67,
        "offset_m": 5.19,
        "desc": "",
        "comment": "",
        "elevation_m": 32.48,
        "photo_filename": "DSC00304.jpg",
        "photo_path": "../../DCIM/10GRMN/DSC00304.jpg",
        "surveyor_comment": null,
        "survey_date": "2023-5-3"
      },
      "geometry": {
        "type": "Point",
        "coordinates": [
          120.980608,
          12.518083
        ]
      }
    },
    {
      "type": "Feature",
      "properties": {
        "id": 322,
        "name": "Road crossing w/ Drop struc (1.375)",
        "type": "Road Crossing",
        "Structure_Category": "Road Crossing",
        "canal_name": "LATERAL AS",
        "station": "STA 0+007.3",
        "station_m": 7.32,
        "offset_m": 0.51,
        "desc": "",
        "comment": "TSAG/, C.N/SMC, LATITUDE/12'30'52.7  LONGTITUDE/120'58'44.5  STATION NO/1+375 STRACTURE/ROAD-XING AND DROP STRUCTURE    REMARKS/LACK OF STEEL GATE",
        "elevation_m": 32.3,
        "photo_filename": "DSC00312.jpg",
        "photo_path": "../../DCIM/10GRMN/DSC00312.jpg",
        "surveyor_comment": "TSAG/, C.N/SMC, LATITUDE/12'30'52.7 LONGTITUDE/120'58'44.5 STATION NO/1+375 STRACTURE/ROAD-XING AND DROP STRUCTURE REMARKS/LACK OF STEEL GATE",
        "survey_date": "2023-5-3"
      },
      "geometry": {
        "type": "Point",
        "coordinates": [
          120.979018,
          12.514644
        ]
      }
    },
    {
      "type": "Feature",
      "properties": {
        "id": 306,
        "name": "Tresher crossing (0+296)",
        "type": "Thresher Crossing",
        "Structure_Category": "Thresher Crossing",
        "canal_name": "SOUTH MAIN CANAL",
        "station": "STA 0+275.2",
        "station_m": 275.17,
        "offset_m": 1.38,
        "desc": "",
        "comment": "",
        "elevation_m": 27.81,
        "photo_filename": "DSC00282.jpg",
        "photo_path": "../../DCIM/10GRMN/DSC00282.jpg",
        "surveyor_comment": null,
        "survey_date": "2023-5-3"
      },
      "geometry": {
        "type": "Point",
        "coordinates": [
          120.985558,
          12.521162
        ]
      }
    },
    {
      "type": "Feature",
      "properties": {
        "id": 303,
        "name": "Turnout (0+176.5)",
        "type": "Turnout",
        "Structure_Category": "Turnout (TO)",
        "canal_name": "SOUTH MAIN CANAL",
        "station": "STA 0+153.8",
        "station_m": 153.8,
        "offset_m": 2.4,
        "desc": "",
        "comment": "",
        "elevation_m": 27.32,
        "photo_filename": "DSC00279.jpg",
        "photo_path": "../../DCIM/10GRMN/DSC00279.jpg",
        "surveyor_comment": null,
        "survey_date": "2023-5-3"
      },
      "geometry": {
        "type": "Point",
        "coordinates": [
          120.986536,
          12.521692
        ]
      }
    },
    {
      "type": "Feature",
      "properties": {
        "id": 285,
        "name": "Turnout (0+322)",
        "type": "Turnout",
        "Structure_Category": "Turnout (TO)",
        "canal_name": "LATERAL CS-1",
        "station": "STA 0+328.7",
        "station_m": 328.71,
        "offset_m": 1.67,
        "desc": "",
        "comment": "TSAG/CABANABAHAN IA, C.N/LAT CS-1, LATITUDE/12'30'111 LONGTITUDE/120'58'897  STATION NO/0+322 REMARKS/GOOD CONDITION",
        "elevation_m": 30.23,
        "photo_filename": "DSC00229.jpg",
        "photo_path": "../../DCIM/10GRMN/DSC00229.jpg",
        "surveyor_comment": "TSAG/CABANABAHAN IA, C.N/LAT CS-1, LATITUDE/12'30'111 LONGTITUDE/120'58'897 STATION NO/0+322 REMARKS/GOOD CONDITION",
        "survey_date": "2023-5-3"
      },
      "geometry": {
        "type": "Point",
        "coordinates": [
          120.982848,
          12.501843
        ]
      }
    },
    {
      "type": "Feature",
      "properties": {
        "id": 305,
        "name": "Illegal TO (0+257)",
        "type": "Unauthorized Turnout",
        "Structure_Category": "Turnout (TO)",
        "canal_name": "SOUTH MAIN CANAL",
        "station": "STA 0+234.5",
        "station_m": 234.45,
        "offset_m": 0.68,
        "desc": "",
        "comment": "",
        "elevation_m": 27.99,
        "photo_filename": "DSC00281.jpg",
        "photo_path": "../../DCIM/10GRMN/DSC00281.jpg",
        "surveyor_comment": null,
        "survey_date": "2023-5-3"
      },
      "geometry": {
        "type": "Point",
        "coordinates": [
          120.985884,
          12.521343
        ]
      }
    },
    {
      "type": "Feature",
      "properties": {
        "id": 312,
        "name": "Outlet w/ Road  crossing (0+514.5)",
        "type": "Outlet",
        "Structure_Category": "Road Crossing",
        "canal_name": "SOUTH MAIN CANAL",
        "station": "STA 0+496.8",
        "station_m": 496.83,
        "offset_m": 3.13,
        "desc": "",
        "comment": "TSAG/, C.N/SMC , LATITUDE/12'31'13.7  LONGTITUDE/120'58'01.2  STATION NO/1+514.5 REMARKS/OUTLET ROAD -XING",
        "elevation_m": 31.16,
        "photo_filename": "DSC00293.jpg",
        "photo_path": "../../DCIM/10GRMN/DSC00293.jpg",
        "surveyor_comment": "TSAG/, C.N/SMC , LATITUDE/12'31'13.7 LONGTITUDE/120'58'01.2 STATION NO/1+514.5 REMARKS/OUTLET ROAD -XING",
        "survey_date": "2023-5-3"
      },
      "geometry": {
        "type": "Point",
        "coordinates": [
          120.983675,
          12.520485
        ]
      }
    },
    {
      "type": "Feature",
      "properties": {
        "id": 311,
        "name": "Road crossing (0+465.9 - 514.5)",
        "type": "Road Crossing",
        "Structure_Category": "Road Crossing",
        "canal_name": "SOUTH MAIN CANAL",
        "station": "STA 0+471.0",
        "station_m": 471.03,
        "offset_m": 6.22,
        "desc": "",
        "comment": "TSAG/, C.N/SMC , LATITUDE/12'31'13.9  LONGTITUDE/120'58'02.1  STATION NO/1+465.9 -0+514.5 REMARKS/ROAD-XING NATIONAL HIGHWAY",
        "elevation_m": 34.2,
        "photo_filename": "DSC00292.jpg",
        "photo_path": "../../DCIM/10GRMN/DSC00292.jpg",
        "surveyor_comment": "TSAG/, C.N/SMC , LATITUDE/12'31'13.9 LONGTITUDE/120'58'02.1 STATION NO/1+465.9 -0+514.5 REMARKS/ROAD-XING NATIONAL HIGHWAY",
        "survey_date": "2023-5-3"
      },
      "geometry": {
        "type": "Point",
        "coordinates": [
          120.983925,
          12.52052
        ]
      }
    },
    {
      "type": "Feature",
      "properties": {
        "id": 326,
        "name": "Drainage 1+739",
        "type": "Drainage",
        "Structure_Category": "Drainage",
        "canal_name": "SOUTH MAIN CANAL",
        "station": "STA 1+708.7",
        "station_m": 1708.74,
        "offset_m": 0.18,
        "desc": "",
        "comment": "TSAG/, C.N/SMC, LATITUDE/12'30'42.8  LONGTITUDE/120'58'44.8  STATION NO/0+739 REMARKS/DISFUNCTIONAL",
        "elevation_m": 24.8,
        "photo_filename": "DSC00320.jpg",
        "photo_path": "../../DCIM/10GRMN/DSC00320.jpg",
        "surveyor_comment": "TSAG/, C.N/SMC, LATITUDE/12'30'42.8 LONGTITUDE/120'58'44.8 STATION NO/0+739 REMARKS/DISFUNCTIONAL",
        "survey_date": "2023-5-3"
      },
      "geometry": {
        "type": "Point",
        "coordinates": [
          120.979115,
          12.511875
        ]
      }
    },
    {
      "type": "Feature",
      "properties": {
        "id": 296,
        "name": "Intake (0+000)",
        "type": "Intake",
        "Structure_Category": "Inlet",
        "canal_name": "SECONDARY MAIN CANAL",
        "station": "STA 0+007.9",
        "station_m": 7.91,
        "offset_m": 4.52,
        "desc": "",
        "comment": "",
        "elevation_m": 42.7,
        "photo_filename": "DSC00245.jpg",
        "photo_path": "../../DCIM/10GRMN/DSC00245.jpg",
        "surveyor_comment": null,
        "survey_date": "2023-5-3"
      },
      "geometry": {
        "type": "Point",
        "coordinates": [
          120.986569,
          12.522493
        ]
      }
    },
    {
      "type": "Feature",
      "properties": {
        "id": 323,
        "name": "Head gate (1+704)",
        "type": "Head Gate",
        "Structure_Category": "Head Gate",
        "canal_name": "LATERAL BS",
        "station": "STA 0+003.0",
        "station_m": 3.04,
        "offset_m": 1.93,
        "desc": "",
        "comment": "TSAG/RAMOS IA, C.N/SECONDARY MAIN CANAL, LATITUDE/12'30'42.9  LONGTITUDE/120'58'43.7  STATION NO/1+704  STRUCTURE/ROAD-XING/OUTLET  REMARKS/",
        "elevation_m": 26.89,
        "photo_filename": "DSC00313.jpg",
        "photo_path": "../../DCIM/10GRMN/DSC00313.jpg",
        "surveyor_comment": "TSAG/RAMOS IA, C.N/SECONDARY MAIN CANAL, LATITUDE/12'30'42.9 LONGTITUDE/120'58'43.7 STATION NO/1+704 STRUCTURE/ROAD-XING/OUTLET REMARKS/",
        "survey_date": "2023-5-3"
      },
      "geometry": {
        "type": "Point",
        "coordinates": [
          120.978815,
          12.511926
        ]
      }
    },
    {
      "type": "Feature",
      "properties": {
        "id": 282,
        "name": "End of Lateral CS",
        "type": "Other Structures",
        "Structure_Category": "Other Structures",
        "canal_name": "LATERAL CS",
        "station": "STA 2+358.7",
        "station_m": 2358.7,
        "offset_m": 5.24,
        "desc": "",
        "comment": "TSAG/CABANABAHAN IA, C.N/LAT CS, LATITUDE/12'29'268  LONGTITUDE/120'52'472  STATION NO/2+330  REMARKS/DAMAGED STRUCTURE",
        "elevation_m": 44.28,
        "photo_filename": "DSC00226.jpg",
        "photo_path": "../../DCIM/10GRMN/DSC00226.jpg",
        "surveyor_comment": "TSAG/CABANABAHAN IA, C.N/LAT CS, LATITUDE/12'29'268 LONGTITUDE/120'52'472 STATION NO/2+330 REMARKS/DAMAGED STRUCTURE",
        "survey_date": "2023-5-3"
      },
      "geometry": {
        "type": "Point",
        "coordinates": [
          120.974643,
          12.487517
        ]
      }
    },
    {
      "type": "Feature",
      "properties": {
        "id": 278,
        "name": "End of trapezoidal canal",
        "type": "Other Structures",
        "Structure_Category": "Other Structures",
        "canal_name": "LATERAL CS",
        "station": "STA 1+830.8",
        "station_m": 1830.77,
        "offset_m": 4.19,
        "desc": "",
        "comment": "",
        "elevation_m": 19.79,
        "photo_filename": "DSC00219.jpg",
        "photo_path": "../../DCIM/10GRMN/DSC00219.jpg",
        "surveyor_comment": null,
        "survey_date": "2023-5-3"
      },
      "geometry": {
        "type": "Point",
        "coordinates": [
          120.975297,
          12.492195
        ]
      }
    },
    {
      "type": "Feature",
      "properties": {
        "id": 287,
        "name": "Turnout (0+554)",
        "type": "Turnout",
        "Structure_Category": "Turnout (TO)",
        "canal_name": "LATERAL CS-1",
        "station": "STA 0+563.9",
        "station_m": 563.86,
        "offset_m": 1.56,
        "desc": "",
        "comment": "TSAG/CABANABAHAN IA, C.N/LAT CS-1, LATITUDE/12'30'044  LONGTITUDE/120'58'045  STATION NO/0+554 REMARKS/GOOD CONDITION",
        "elevation_m": 28.51,
        "photo_filename": "DSC00231.jpg",
        "photo_path": "../../DCIM/10GRMN/DSC00231.jpg",
        "surveyor_comment": "TSAG/CABANABAHAN IA, C.N/LAT CS-1, LATITUDE/12'30'044 LONGTITUDE/120'58'045 STATION NO/0+554 REMARKS/GOOD CONDITION",
        "survey_date": "2023-5-3"
      },
      "geometry": {
        "type": "Point",
        "coordinates": [
          120.98408,
          12.500732
        ]
      }
    },
    {
      "type": "Feature",
      "properties": {
        "id": 290,
        "name": "Turnout (0+700)",
        "type": "Turnout",
        "Structure_Category": "Turnout (TO)",
        "canal_name": "LATERAL CS-1",
        "station": "STA 0+711.3",
        "station_m": 711.28,
        "offset_m": 0.4,
        "desc": "",
        "comment": "TSAG/CABANABAHAN IA, C.N/LAT CS-1, LATITUDE/12'30'971  LONGTITUDE/120'58'079  STATION NO/0+700 REMARKS/GOOD CONDITION",
        "elevation_m": 27.58,
        "photo_filename": "DSC00234.jpg",
        "photo_path": "../../DCIM/10GRMN/DSC00234.jpg",
        "surveyor_comment": "TSAG/CABANABAHAN IA, C.N/LAT CS-1, LATITUDE/12'30'971 LONGTITUDE/120'58'079 STATION NO/0+700 REMARKS/GOOD CONDITION",
        "survey_date": "2023-7-3"
      },
      "geometry": {
        "type": "Point",
        "coordinates": [
          120.984645,
          12.499522
        ]
      }
    },
    {
      "type": "Feature",
      "properties": {
        "id": 294,
        "name": "End of canal lining (0+920)",
        "type": "Other Structures",
        "Structure_Category": "Other Structures",
        "canal_name": "LATERAL CS-1",
        "station": "STA 0+939.3",
        "station_m": 939.33,
        "offset_m": 2.34,
        "desc": "",
        "comment": "TSAG/CABANABAHAN IA, C.N/LAT CS-1, LATITUDE/12'30'862  LONGTITUDE/120'58'099  STATION NO/0+920 REMARKS/GOOD CONDITION/END OF CANAL LINING",
        "elevation_m": 24.67,
        "photo_filename": "DSC00239.jpg",
        "photo_path": "../../DCIM/10GRMN/DSC00239.jpg",
        "surveyor_comment": "TSAG/CABANABAHAN IA, C.N/LAT CS-1, LATITUDE/12'30'862 LONGTITUDE/120'58'099 STATION NO/0+920 REMARKS/GOOD CONDITION/END OF CANAL LINING",
        "survey_date": "2023-5-3"
      },
      "geometry": {
        "type": "Point",
        "coordinates": [
          120.984985,
          12.497694
        ]
      }
    },
    {
      "type": "Feature",
      "properties": {
        "id": 292,
        "name": "Turnout (0+860)",
        "type": "Turnout",
        "Structure_Category": "Turnout (TO)",
        "canal_name": "LATERAL CS-1",
        "station": "STA 0+876.5",
        "station_m": 876.51,
        "offset_m": 1.86,
        "desc": "",
        "comment": "TSAG/CABANABAHAN IA, C.N/LAT CS-1, LATITUDE/12'30'890  LONGTITUDE/120'59'117  STATION NO/0+860 REMARKS/GOOD CONDITION",
        "elevation_m": 25.06,
        "photo_filename": "DSC00236.jpg",
        "photo_path": "../../DCIM/10GRMN/DSC00236.jpg",
        "surveyor_comment": "TSAG/CABANABAHAN IA, C.N/LAT CS-1, LATITUDE/12'30'890 LONGTITUDE/120'59'117 STATION NO/0+860 REMARKS/GOOD CONDITION",
        "survey_date": "2023-5-3"
      },
      "geometry": {
        "type": "Point",
        "coordinates": [
          120.985289,
          12.49817
        ]
      }
    },
    {
      "type": "Feature",
      "properties": {
        "id": 280,
        "name": "Tresher crossing",
        "type": "Thresher Crossing",
        "Structure_Category": "Thresher Crossing",
        "canal_name": "LATERAL CS",
        "station": "STA 1+871.1",
        "station_m": 1871.09,
        "offset_m": 6.54,
        "desc": "",
        "comment": "",
        "elevation_m": 54.2,
        "photo_filename": "DSC00222.jpg",
        "photo_path": "../../DCIM/10GRMN/DSC00222.jpg",
        "surveyor_comment": null,
        "survey_date": "2023-5-3"
      },
      "geometry": {
        "type": "Point",
        "coordinates": [
          120.975086,
          12.491893
        ]
      }
    },
    {
      "type": "Feature",
      "properties": {
        "id": 319,
        "name": "Comb of Road crossing & Drop Struc (1+025)",
        "type": "Road Crossing",
        "Structure_Category": "Road Crossing",
        "canal_name": "SOUTH MAIN CANAL",
        "station": "STA 1+003.9",
        "station_m": 1003.92,
        "offset_m": 4.63,
        "desc": "",
        "comment": "",
        "elevation_m": 31.55,
        "photo_filename": "DSC00306.jpg",
        "photo_path": "../../DCIM/10GRMN/DSC00306.jpg",
        "surveyor_comment": null,
        "survey_date": "2023-5-3"
      },
      "geometry": {
        "type": "Point",
        "coordinates": [
          120.980316,
          12.517599
        ]
      }
    },
    {
      "type": "Feature",
      "properties": {
        "id": 302,
        "name": "Illegal TO (0+147)",
        "type": "Unauthorized Turnout",
        "Structure_Category": "Turnout (TO)",
        "canal_name": "SOUTH MAIN CANAL",
        "station": "STA 0+123.8",
        "station_m": 123.77,
        "offset_m": 2.13,
        "desc": "",
        "comment": "",
        "elevation_m": 24.4,
        "photo_filename": "DSC00277.jpg",
        "photo_path": "../../DCIM/10GRMN/DSC00277.jpg",
        "surveyor_comment": null,
        "survey_date": "2023-5-3"
      },
      "geometry": {
        "type": "Point",
        "coordinates": [
          120.98677,
          12.521837
        ]
      }
    },
    {
      "type": "Feature",
      "properties": {
        "id": 317,
        "name": "Turnout (0+718.3)",
        "type": "Turnout",
        "Structure_Category": "Turnout (TO)",
        "canal_name": "SOUTH MAIN CANAL",
        "station": "STA 0+693.3",
        "station_m": 693.31,
        "offset_m": 0.83,
        "desc": "",
        "comment": "TSAG/RAMOS IA, C.N/SMC , LATITUDE/12'31'11.4  LONGTITUDE/120'58'54.3  STATION NO/1+718.3 REMARKS/NO DEFECTS",
        "elevation_m": 32.68,
        "photo_filename": "DSC00302.jpg",
        "photo_path": "../../DCIM/10GRMN/DSC00302.jpg",
        "surveyor_comment": "TSAG/RAMOS IA, C.N/SMC , LATITUDE/12'31'11.4 LONGTITUDE/120'58'54.3 STATION NO/1+718.3 REMARKS/NO DEFECTS",
        "survey_date": "2023-5-3"
      },
      "geometry": {
        "type": "Point",
        "coordinates": [
          120.982041,
          12.519836
        ]
      }
    },
    {
      "type": "Feature",
      "properties": {
        "id": 314,
        "name": "Tresher crossing (0+562)",
        "type": "Thresher Crossing",
        "Structure_Category": "Thresher Crossing",
        "canal_name": "SOUTH MAIN CANAL",
        "station": "STA 0+546.1",
        "station_m": 546.13,
        "offset_m": 3.65,
        "desc": "",
        "comment": "TSAG/, C.N/SMC , LATITUDE/12'31'13.7  LONGTITUDE/120'58'59.7  STATION NO/1+569 REMARKS/ON GOING",
        "elevation_m": 32.66,
        "photo_filename": "DSC00296.jpg",
        "photo_path": "../../DCIM/10GRMN/DSC00296.jpg",
        "surveyor_comment": "TSAG/, C.N/SMC , LATITUDE/12'31'13.7 LONGTITUDE/120'58'59.7 STATION NO/1+569 REMARKS/ON GOING",
        "survey_date": "2023-5-3"
      },
      "geometry": {
        "type": "Point",
        "coordinates": [
          120.983237,
          12.520398
        ]
      }
    },
    {
      "type": "Feature",
      "properties": {
        "id": 316,
        "name": "Start of trapezoidal lining (0+654)",
        "type": "Other Structures",
        "Structure_Category": "Other Structures",
        "canal_name": "SOUTH MAIN CANAL",
        "station": "STA 0+634.6",
        "station_m": 634.6,
        "offset_m": 4.87,
        "desc": "",
        "comment": "TSAG/RAMOS IA, C.N/SMC , LATITUDE/12'31'12.7  LONGTITUDE/120'58'56.8  STATION NO/1+654 REMARKS/MAJOR CRACKS",
        "elevation_m": 35.21,
        "photo_filename": "DSC00301.jpg",
        "photo_path": "../../DCIM/10GRMN/DSC00301.jpg",
        "surveyor_comment": "TSAG/RAMOS IA, C.N/SMC , LATITUDE/12'31'12.7 LONGTITUDE/120'58'56.8 STATION NO/1+654 REMARKS/MAJOR CRACKS",
        "survey_date": "2023-5-3"
      },
      "geometry": {
        "type": "Point",
        "coordinates": [
          120.98244,
          12.520203
        ]
      }
    },
    {
      "type": "Feature",
      "properties": {
        "id": 281,
        "name": "End of Rectangular canal",
        "type": "Other Structures",
        "Structure_Category": "Other Structures",
        "canal_name": "LATERAL CS",
        "station": "STA 1+893.6",
        "station_m": 1893.59,
        "offset_m": 5.96,
        "desc": "",
        "comment": "END OF RECTANGULAR CANAL/ GOOD CONDITION",
        "elevation_m": 51.7,
        "photo_filename": "DSC00224.jpg",
        "photo_path": "../../DCIM/10GRMN/DSC00224.jpg",
        "surveyor_comment": "END OF RECTANGULAR CANAL/ GOOD CONDITION",
        "survey_date": "2023-5-3"
      },
      "geometry": {
        "type": "Point",
        "coordinates": [
          120.975005,
          12.491685
        ]
      }
    },
    {
      "type": "Feature",
      "properties": {
        "id": 283,
        "name": "Start of canal lining (0+000)",
        "type": "Other Structures",
        "Structure_Category": "Other Structures",
        "canal_name": "LATERAL CS-1",
        "station": "STA 0+003.0",
        "station_m": 2.98,
        "offset_m": 1.66,
        "desc": "",
        "comment": "TSAG/CABANABANIA, C.N/LAT CS, LATITUDE/12'30'274  LONGTITUDE/120'58'975  STATION NO/0+40095 REMARKS/GOOD CONDITON",
        "elevation_m": 33.01,
        "photo_filename": "DSC00227.jpg",
        "photo_path": "../../DCIM/10GRMN/DSC00227.jpg",
        "surveyor_comment": "TSAG/CABANABANIA, C.N/LAT CS, LATITUDE/12'30'274 LONGTITUDE/120'58'975 STATION NO/0+40095 REMARKS/GOOD CONDITON",
        "survey_date": "2023-5-3"
      },
      "geometry": {
        "type": "Point",
        "coordinates": [
          120.98292,
          12.504575
        ]
      }
    },
    {
      "type": "Feature",
      "properties": {
        "id": 300,
        "name": "Barrel (0+075)",
        "type": "Other Structures",
        "Structure_Category": "Other Structures",
        "canal_name": "SOUTH MAIN CANAL",
        "station": "STA 0+051.9",
        "station_m": 51.95,
        "offset_m": 0.85,
        "desc": "",
        "comment": "TSAG/, C.N/ , LATITUDE/12'31'19.9  LONGTITUDE/120'58'14.3  STATION NO/0+075 REMARKS/OMNGOING BARREL",
        "elevation_m": 44,
        "photo_filename": "DSC00274.jpg",
        "photo_path": "../../DCIM/10GRMN/DSC00274.jpg",
        "surveyor_comment": "TSAG/, C.N/ , LATITUDE/12'31'19.9 LONGTITUDE/120'58'14.3 STATION NO/0+075 REMARKS/OMNGOING BARREL",
        "survey_date": "2023-5-3"
      },
      "geometry": {
        "type": "Point",
        "coordinates": [
          120.987315,
          12.522205
        ]
      }
    },
    {
      "type": "Feature",
      "properties": {
        "id": 279,
        "name": "Begining of rectangular canal (1+202)",
        "type": "Other Structures",
        "Structure_Category": "Other Structures",
        "canal_name": "LATERAL CS",
        "station": "STA 1+828.5",
        "station_m": 1828.54,
        "offset_m": 5.41,
        "desc": "",
        "comment": "",
        "elevation_m": 56.65,
        "photo_filename": "DSC00221.jpg",
        "photo_path": "../../DCIM/10GRMN/DSC00221.jpg",
        "surveyor_comment": null,
        "survey_date": "2023-5-3"
      },
      "geometry": {
        "type": "Point",
        "coordinates": [
          120.975298,
          12.492218
        ]
      }
    },
    {
      "type": "Feature",
      "properties": {
        "id": 277,
        "name": "Tresher crossing (1+709 - 1+716)",
        "type": "Thresher Crossing",
        "Structure_Category": "Thresher Crossing",
        "canal_name": "LATERAL CS",
        "station": "STA 1+736.5",
        "station_m": 1736.52,
        "offset_m": 6.34,
        "desc": "",
        "comment": "",
        "elevation_m": 20.71,
        "photo_filename": "DSC00217.jpg",
        "photo_path": "../../DCIM/10GRMN/DSC00217.jpg",
        "surveyor_comment": null,
        "survey_date": "2023-5-3"
      },
      "geometry": {
        "type": "Point",
        "coordinates": [
          120.975718,
          12.492939
        ]
      }
    },
    {
      "type": "Feature",
      "properties": {
        "id": 331,
        "name": "End of earth canal (2+260)",
        "type": "Other Structures",
        "Structure_Category": "Other Structures",
        "canal_name": "SOUTH MAIN CANAL",
        "station": "STA 2+233.6",
        "station_m": 2233.64,
        "offset_m": 0.3,
        "desc": "",
        "comment": "TSAG/, C.N/SMC, LATITUDE/12'30'30.8  LONGTITUDE/120'58'54.5  STATION NO/2+260 REMARKS/SILTED",
        "elevation_m": 22.07,
        "photo_filename": "DSC00326.jpg",
        "photo_path": "../../DCIM/10GRMN/DSC00326.jpg",
        "surveyor_comment": "TSAG/, C.N/SMC, LATITUDE/12'30'30.8 LONGTITUDE/120'58'54.5 STATION NO/2+260 REMARKS/SILTED",
        "survey_date": "2023-5-3"
      },
      "geometry": {
        "type": "Point",
        "coordinates": [
          120.98181,
          12.508542
        ]
      }
    },
    {
      "type": "Feature",
      "properties": {
        "id": 347,
        "name": "178",
        "type": "Other Structures",
        "Structure_Category": "Other Structures",
        "canal_name": "4TH INTAKE MAIN CANAL",
        "station": "",
        "station_m": null,
        "offset_m": 47.33,
        "desc": "",
        "comment": "",
        "elevation_m": 28.36,
        "photo_filename": "DSC00356.jpg",
        "photo_path": "../../DCIM/10GRMN/DSC00356.jpg",
        "surveyor_comment": null,
        "survey_date": "2023-5-3"
      },
      "geometry": {
        "type": "Point",
        "coordinates": [
          120.953661,
          12.524872
        ]
      }
    },
    {
      "type": "Feature",
      "properties": {
        "id": 335,
        "name": "Head gate (2+548)",
        "type": "Head Gate",
        "Structure_Category": "Head Gate",
        "canal_name": "LATERAL CS",
        "station": "STA 0+003.2",
        "station_m": 3.17,
        "offset_m": 2.35,
        "desc": "",
        "comment": "TSAG/, C.N/SMC, LATITUDE/12'30'23.6  LONGTITUDE/120'58'59.9  STATION NO/2+548 REMARKS/SILTED",
        "elevation_m": 22.64,
        "photo_filename": "DSC00334.jpg",
        "photo_path": "../../DCIM/10GRMN/DSC00334.jpg",
        "surveyor_comment": "TSAG/, C.N/SMC, LATITUDE/12'30'23.6 LONGTITUDE/120'58'59.9 STATION NO/2+548 REMARKS/SILTED",
        "survey_date": "2023-5-3"
      },
      "geometry": {
        "type": "Point",
        "coordinates": [
          120.983304,
          12.506557
        ]
      }
    },
    {
      "type": "Feature",
      "properties": {
        "id": 336,
        "name": "Turnout (2+551)",
        "type": "Turnout",
        "Structure_Category": "Turnout (TO)",
        "canal_name": "LATERAL CS",
        "station": "STA 0+000.0",
        "station_m": 0,
        "offset_m": 0,
        "desc": "",
        "comment": "TSAG/RAMOS IA, C.N/LAT CS, LATITUDE/12'30'23.7  LONGTITUDE/120'58'00.0 STATION NO/0+551 REMARKS/DAMAGE STEELL GATE",
        "elevation_m": 22.67,
        "photo_filename": "DSC00335.jpg",
        "photo_path": "../../DCIM/10GRMN/DSC00335.jpg",
        "surveyor_comment": "TSAG/RAMOS IA, C.N/LAT CS, LATITUDE/12'30'23.7 LONGTITUDE/120'58'00.0 STATION NO/0+551 REMARKS/DAMAGE STEELL GATE",
        "survey_date": "2023-5-3"
      },
      "geometry": {
        "type": "Point",
        "coordinates": [
          120.983322,
          12.506588
        ]
      }
    },
    {
      "type": "Feature",
      "properties": {
        "id": 338,
        "name": "Drainage Culvert (2+997)",
        "type": "Drainage",
        "Structure_Category": "Drainage",
        "canal_name": "SOUTH MAIN CANAL",
        "station": "STA 3+266.6",
        "station_m": 3266.57,
        "offset_m": 8.07,
        "desc": "",
        "comment": "",
        "elevation_m": 22.13,
        "photo_filename": "DSC00339.jpg",
        "photo_path": "../../DCIM/10GRMN/DSC00339.jpg",
        "surveyor_comment": null,
        "survey_date": "2023-5-3"
      },
      "geometry": {
        "type": "Point",
        "coordinates": [
          120.98971,
          12.506857
        ]
      }
    },
    {
      "type": "Feature",
      "properties": {
        "id": 337,
        "name": "Road crossing (2+555)",
        "type": "Road Crossing",
        "Structure_Category": "Road Crossing",
        "canal_name": "SOUTH MAIN CANAL",
        "station": "STA 2+534.8",
        "station_m": 2534.76,
        "offset_m": 2.12,
        "desc": "",
        "comment": "TSAG/ , C.N/LAT CS, LATITUDE/12'30'23.8  LONGTITUDE/120'58'00.1  STATION NO/1+555 REMARKS/SILTED",
        "elevation_m": 22.58,
        "photo_filename": "DSC00336.jpg",
        "photo_path": "../../DCIM/10GRMN/DSC00336.jpg",
        "surveyor_comment": "TSAG/ , C.N/LAT CS, LATITUDE/12'30'23.8 LONGTITUDE/120'58'00.1 STATION NO/1+555 REMARKS/SILTED",
        "survey_date": "2023-5-3"
      },
      "geometry": {
        "type": "Point",
        "coordinates": [
          120.983356,
          12.506622
        ]
      }
    },
    {
      "type": "Feature",
      "properties": {
        "id": 333,
        "name": "Trapezoidal canal (2+444)",
        "type": "Other Structures",
        "Structure_Category": "Other Structures",
        "canal_name": "SOUTH MAIN CANAL",
        "station": "STA 2+421.5",
        "station_m": 2421.48,
        "offset_m": 3.88,
        "desc": "",
        "comment": "TSAG/, C.N/SMC, LATITUDE/12'30'25.4  LONGTITUDE/120'58'57.8  STATION NO/2+444 REMARKS/SILTED",
        "elevation_m": 24.51,
        "photo_filename": "DSC00330.jpg",
        "photo_path": "../../DCIM/10GRMN/DSC00330.jpg",
        "surveyor_comment": "TSAG/, C.N/SMC, LATITUDE/12'30'25.4 LONGTITUDE/120'58'57.8 STATION NO/2+444 REMARKS/SILTED",
        "survey_date": "2023-5-3"
      },
      "geometry": {
        "type": "Point",
        "coordinates": [
          120.982495,
          12.507048
        ]
      }
    },
    {
      "type": "Feature",
      "properties": {
        "id": 334,
        "name": "164",
        "type": "Drainage",
        "Structure_Category": "Drainage",
        "canal_name": "SOUTH MAIN CANAL",
        "station": "STA 2+492.1",
        "station_m": 2492.15,
        "offset_m": 0.74,
        "desc": "",
        "comment": "TSAG/, C.N/SMC, LATITUDE/12'30'24.0  LONGTITUDE/120'58'58.9  STATION NO/2+510  REMARKS/SILTED/CRACKS",
        "elevation_m": 24.51,
        "photo_filename": "DSC00332.jpg",
        "photo_path": "../../DCIM/10GRMN/DSC00332.jpg",
        "surveyor_comment": "TSAG/, C.N/SMC, LATITUDE/12'30'24.0 LONGTITUDE/120'58'58.9 STATION NO/2+510 REMARKS/SILTED/CRACKS",
        "survey_date": "2023-5-3"
      },
      "geometry": {
        "type": "Point",
        "coordinates": [
          120.983015,
          12.506664
        ]
      }
    },
    {
      "type": "Feature",
      "properties": {
        "id": 286,
        "name": "Turnout (0+390)",
        "type": "Turnout",
        "Structure_Category": "Turnout (TO)",
        "canal_name": "LATERAL CS-1",
        "station": "STA 0+392.8",
        "station_m": 392.84,
        "offset_m": 3.44,
        "desc": "",
        "comment": "TSAG/CABANABAHAN IA, C.N/LAT CS-1, LATITUDE/12'30'128  LONGTITUDE/120'58'003  STATION NO/0+390 REMARKS/GOOD CONDITION",
        "elevation_m": 29.06,
        "photo_filename": "DSC00230.jpg",
        "photo_path": "../../DCIM/10GRMN/DSC00230.jpg",
        "surveyor_comment": "TSAG/CABANABAHAN IA, C.N/LAT CS-1, LATITUDE/12'30'128 LONGTITUDE/120'58'003 STATION NO/0+390 REMARKS/GOOD CONDITION",
        "survey_date": "2023-5-3"
      },
      "geometry": {
        "type": "Point",
        "coordinates": [
          120.983388,
          12.502132
        ]
      }
    },
    {
      "type": "Feature",
      "properties": {
        "id": 340,
        "name": "End of barrel (0+112)",
        "type": "Other Structures",
        "Structure_Category": "Other Structures",
        "canal_name": "4TH INTAKE MAIN CANAL",
        "station": "STA 0+108.4",
        "station_m": 108.35,
        "offset_m": 2.05,
        "desc": "",
        "comment": "TSAG/MALAWAAN 4TH INTAKE IA, C.N/4TH INTAKE , LATITUDE/12'30'29.1  LONGTITUDE/120'58'23.3  STATION NO/0+112 REMARKS/DAMAGE STRUCTURE",
        "elevation_m": 25.75,
        "photo_filename": "DSC00343.jpg",
        "photo_path": "../../DCIM/10GRMN/DSC00343.jpg",
        "surveyor_comment": "TSAG/MALAWAAN 4TH INTAKE IA, C.N/4TH INTAKE , LATITUDE/12'30'29.1 LONGTITUDE/120'58'23.3 STATION NO/0+112 REMARKS/DAMAGE STRUCTURE",
        "survey_date": "2023-5-3"
      },
      "geometry": {
        "type": "Point",
        "coordinates": [
          120.956469,
          12.524762
        ]
      }
    },
    {
      "type": "Feature",
      "properties": {
        "id": 345,
        "name": "176",
        "type": "Unauthorized Turnout",
        "Structure_Category": "Turnout (TO)",
        "canal_name": "4TH INTAKE MAIN CANAL",
        "station": "STA 0+413.7",
        "station_m": 413.66,
        "offset_m": 1.47,
        "desc": "",
        "comment": "",
        "elevation_m": 29.44,
        "photo_filename": "DSC00353.jpg",
        "photo_path": "../../DCIM/10GRMN/DSC00353.jpg",
        "surveyor_comment": null,
        "survey_date": "2023-5-3"
      },
      "geometry": {
        "type": "Point",
        "coordinates": [
          120.953754,
          12.524416
        ]
      }
    },
    {
      "type": "Feature",
      "properties": {
        "id": 346,
        "name": "Illegal turnout (0+428.8)",
        "type": "Unauthorized Turnout",
        "Structure_Category": "Turnout (TO)",
        "canal_name": "4TH INTAKE MAIN CANAL",
        "station": "STA 0+449.9",
        "station_m": 449.91,
        "offset_m": 1.57,
        "desc": "",
        "comment": "",
        "elevation_m": 31.27,
        "photo_filename": "DSC00354.jpg",
        "photo_path": "../../DCIM/10GRMN/DSC00354.jpg",
        "surveyor_comment": null,
        "survey_date": "2023-5-3"
      },
      "geometry": {
        "type": "Point",
        "coordinates": [
          120.953466,
          12.524251
        ]
      }
    },
    {
      "type": "Feature",
      "properties": {
        "id": 348,
        "name": "Tresher crossing (0+522)",
        "type": "Thresher Crossing",
        "Structure_Category": "Thresher Crossing",
        "canal_name": "4TH INTAKE MAIN CANAL",
        "station": "STA 0+546.3",
        "station_m": 546.25,
        "offset_m": 4.31,
        "desc": "",
        "comment": "",
        "elevation_m": 29.29,
        "photo_filename": "DSC00357.jpg",
        "photo_path": "../../DCIM/10GRMN/DSC00357.jpg",
        "surveyor_comment": null,
        "survey_date": "2023-5-3"
      },
      "geometry": {
        "type": "Point",
        "coordinates": [
          120.952736,
          12.523759
        ]
      }
    },
    {
      "type": "Feature",
      "properties": {
        "id": 350,
        "name": "Illegal turnout (0+799)",
        "type": "Unauthorized Turnout",
        "Structure_Category": "Turnout (TO)",
        "canal_name": "4TH INTAKE MAIN CANAL",
        "station": "STA 0+822.4",
        "station_m": 822.4,
        "offset_m": 7.79,
        "desc": "",
        "comment": "",
        "elevation_m": 32.63,
        "photo_filename": "DSC00359.jpg",
        "photo_path": "../../DCIM/10GRMN/DSC00359.jpg",
        "surveyor_comment": null,
        "survey_date": "2023-5-3"
      },
      "geometry": {
        "type": "Point",
        "coordinates": [
          120.951394,
          12.521627
        ]
      }
    },
    {
      "type": "Feature",
      "properties": {
        "id": 357,
        "name": "End of barrel (1+224)",
        "type": "Other Structures",
        "Structure_Category": "Other Structures",
        "canal_name": "4TH INTAKE MAIN CANAL",
        "station": "STA 1+269.8",
        "station_m": 1269.79,
        "offset_m": 4.29,
        "desc": "",
        "comment": "TSAG/MALAWAAN 4TH INTAKE IA, C.N/4TH INTAKE , LATITUDE/12'31'07.2  LONGTITUDE/120'59'9.2  STATION NO/1+244 REMARKS/NO COVER",
        "elevation_m": 32.79,
        "photo_filename": "DSC00366.jpg",
        "photo_path": "../../DCIM/10GRMN/DSC00366.jpg",
        "surveyor_comment": "TSAG/MALAWAAN 4TH INTAKE IA, C.N/4TH INTAKE , LATITUDE/12'31'07.2 LONGTITUDE/120'59'9.2 STATION NO/1+244 REMARKS/NO COVER",
        "survey_date": "2023-5-3"
      },
      "geometry": {
        "type": "Point",
        "coordinates": [
          120.95255,
          12.518665
        ]
      }
    },
    {
      "type": "Feature",
      "properties": {
        "id": 349,
        "name": "Turnout both side (0+561)",
        "type": "Turnout",
        "Structure_Category": "Turnout (TO)",
        "canal_name": "4TH INTAKE MAIN CANAL",
        "station": "STA 0+584.8",
        "station_m": 584.76,
        "offset_m": 0.74,
        "desc": "",
        "comment": "",
        "elevation_m": 30.95,
        "photo_filename": "DSC00358.jpg",
        "photo_path": "../../DCIM/10GRMN/DSC00358.jpg",
        "surveyor_comment": null,
        "survey_date": "2023-5-3"
      },
      "geometry": {
        "type": "Point",
        "coordinates": [
          120.952565,
          12.52344
        ]
      }
    },
    {
      "type": "Feature",
      "properties": {
        "id": 342,
        "name": "Illegal turnout (0+257)",
        "type": "Unauthorized Turnout",
        "Structure_Category": "Turnout (TO)",
        "canal_name": "4TH INTAKE MAIN CANAL",
        "station": "STA 0+276.0",
        "station_m": 275.98,
        "offset_m": 2.71,
        "desc": "",
        "comment": "",
        "elevation_m": 22.25,
        "photo_filename": "DSC00348.jpg",
        "photo_path": "../../DCIM/10GRMN/DSC00348.jpg",
        "surveyor_comment": null,
        "survey_date": "2023-5-3"
      },
      "geometry": {
        "type": "Point",
        "coordinates": [
          120.954986,
          12.524564
        ]
      }
    },
    {
      "type": "Feature",
      "properties": {
        "id": 343,
        "name": "Illegal turnout (0+274)",
        "type": "Unauthorized Turnout",
        "Structure_Category": "Turnout (TO)",
        "canal_name": "4TH INTAKE MAIN CANAL",
        "station": "STA 0+290.8",
        "station_m": 290.81,
        "offset_m": 0.83,
        "desc": "",
        "comment": "",
        "elevation_m": 22.89,
        "photo_filename": "DSC00350.jpg",
        "photo_path": "../../DCIM/10GRMN/DSC00350.jpg",
        "surveyor_comment": null,
        "survey_date": "2023-5-3"
      },
      "geometry": {
        "type": "Point",
        "coordinates": [
          120.954846,
          12.524572
        ]
      }
    },
    {
      "type": "Feature",
      "properties": {
        "id": 362,
        "name": "Turnout (4+004)",
        "type": "Turnout",
        "Structure_Category": "Turnout (TO)",
        "canal_name": "4TH INTAKE MAIN CANAL",
        "station": "STA 2+020.2",
        "station_m": 2020.22,
        "offset_m": 10.94,
        "desc": "",
        "comment": "2+004",
        "elevation_m": 18.77,
        "photo_filename": "DSC00376.jpg",
        "photo_path": "../../DCIM/10GRMN/DSC00376.jpg",
        "surveyor_comment": "2+004",
        "survey_date": "2023-5-3"
      },
      "geometry": {
        "type": "Point",
        "coordinates": [
          120.947297,
          12.514813
        ]
      }
    },
    {
      "type": "Feature",
      "properties": {
        "id": 361,
        "name": "Road crossing (2+976)",
        "type": "Road Crossing",
        "Structure_Category": "Road Crossing",
        "canal_name": "4TH INTAKE MAIN CANAL",
        "station": "STA 1+988.7",
        "station_m": 1988.71,
        "offset_m": 6.91,
        "desc": "",
        "comment": "",
        "elevation_m": 19.63,
        "photo_filename": "DSC00374.jpg",
        "photo_path": "../../DCIM/10GRMN/DSC00374.jpg",
        "surveyor_comment": null,
        "survey_date": "2023-5-3"
      },
      "geometry": {
        "type": "Point",
        "coordinates": [
          120.947577,
          12.514882
        ]
      }
    },
    {
      "type": "Feature",
      "properties": {
        "id": 355,
        "name": "Manhole (1+145)",
        "type": "Other Structures",
        "Structure_Category": "Other Structures",
        "canal_name": "4TH INTAKE MAIN CANAL",
        "station": "STA 1+166.4",
        "station_m": 1166.37,
        "offset_m": 1.97,
        "desc": "",
        "comment": "TSAG/RAMOS IA, C.N/SMC , LATITUDE/12'31'10.3  LONGTITUDE/120'59'10.4  STATION NO/1+145 REMARKS/MANHOLE",
        "elevation_m": 32.25,
        "photo_filename": "DSC00364.jpg",
        "photo_path": "../../DCIM/10GRMN/DSC00364.jpg",
        "surveyor_comment": "TSAG/RAMOS IA, C.N/SMC , LATITUDE/12'31'10.3 LONGTITUDE/120'59'10.4 STATION NO/1+145 REMARKS/MANHOLE",
        "survey_date": "2023-5-3"
      },
      "geometry": {
        "type": "Point",
        "coordinates": [
          120.952885,
          12.519534
        ]
      }
    },
    {
      "type": "Feature",
      "properties": {
        "id": 360,
        "name": "Turnout (1+930)",
        "type": "Turnout",
        "Structure_Category": "Turnout (TO)",
        "canal_name": "4TH INTAKE MAIN CANAL",
        "station": "STA 1+947.4",
        "station_m": 1947.37,
        "offset_m": 8.74,
        "desc": "",
        "comment": "",
        "elevation_m": 21.72,
        "photo_filename": "DSC00372.jpg",
        "photo_path": "../../DCIM/10GRMN/DSC00372.jpg",
        "surveyor_comment": null,
        "survey_date": "2023-5-3"
      },
      "geometry": {
        "type": "Point",
        "coordinates": [
          120.947927,
          12.515036
        ]
      }
    },
    {
      "type": "Feature",
      "properties": {
        "id": 364,
        "name": "Tresher crossing (2+106)",
        "type": "Thresher Crossing",
        "Structure_Category": "Thresher Crossing",
        "canal_name": "4TH INTAKE MAIN CANAL",
        "station": "STA 2+117.1",
        "station_m": 2117.1,
        "offset_m": 6.94,
        "desc": "",
        "comment": "",
        "elevation_m": 21.33,
        "photo_filename": "DSC00378.jpg",
        "photo_path": "../../DCIM/10GRMN/DSC00378.jpg",
        "surveyor_comment": null,
        "survey_date": "2023-5-3"
      },
      "geometry": {
        "type": "Point",
        "coordinates": [
          120.946498,
          12.514412
        ]
      }
    },
    {
      "type": "Feature",
      "properties": {
        "id": 363,
        "name": "Tresher crossing (2+082)",
        "type": "Thresher Crossing",
        "Structure_Category": "Thresher Crossing",
        "canal_name": "4TH INTAKE MAIN CANAL",
        "station": "STA 2+096.0",
        "station_m": 2096.02,
        "offset_m": 2.24,
        "desc": "",
        "comment": "",
        "elevation_m": 17.76,
        "photo_filename": "DSC00377.jpg",
        "photo_path": "../../DCIM/10GRMN/DSC00377.jpg",
        "surveyor_comment": null,
        "survey_date": "2023-5-3"
      },
      "geometry": {
        "type": "Point",
        "coordinates": [
          120.946677,
          12.514501
        ]
      }
    },
    {
      "type": "Feature",
      "properties": {
        "id": 258,
        "name": "Check gate (0+220)",
        "type": "Check Gate",
        "Structure_Category": "Head Gate",
        "canal_name": "LATERAL CS-1",
        "station": "STA 0+001.5",
        "station_m": 1.51,
        "offset_m": 2.5,
        "desc": "",
        "comment": "TSAG/CABANABAHAN , C.N/LAT CS-1, LATITUDE/12'30'1275  LONGTITUDE/120'58'476  STATION NO/0+220 REMARKS/FUNCTIONAL",
        "elevation_m": 24.15,
        "photo_filename": "DSC00191.jpg",
        "photo_path": "../../DCIM/10GRMN/DSC00191.jpg",
        "surveyor_comment": "TSAG/CABANABAHAN , C.N/LAT CS-1, LATITUDE/12'30'1275 LONGTITUDE/120'58'476 STATION NO/0+220 REMARKS/FUNCTIONAL",
        "survey_date": "2023-5-3"
      },
      "geometry": {
        "type": "Point",
        "coordinates": [
          120.982923,
          12.50459
        ]
      }
    },
    {
      "type": "Feature",
      "properties": {
        "id": 365,
        "name": "Turnout (2+158)",
        "type": "Turnout",
        "Structure_Category": "Turnout (TO)",
        "canal_name": "4TH INTAKE MAIN CANAL",
        "station": "STA 2+170.1",
        "station_m": 2170.14,
        "offset_m": 6.96,
        "desc": "",
        "comment": "",
        "elevation_m": 21.53,
        "photo_filename": "DSC00381.jpg",
        "photo_path": "../../DCIM/10GRMN/DSC00381.jpg",
        "surveyor_comment": null,
        "survey_date": "2023-5-3"
      },
      "geometry": {
        "type": "Point",
        "coordinates": [
          120.946088,
          12.51419
        ]
      }
    },
    {
      "type": "Feature",
      "properties": {
        "id": 366,
        "name": "Comb drop & tresher crossing (2+204)",
        "type": "Drop",
        "Structure_Category": "Other Structures",
        "canal_name": "4TH INTAKE MAIN CANAL",
        "station": "STA 2+206.8",
        "station_m": 2206.81,
        "offset_m": 4.54,
        "desc": "",
        "comment": "COMBINED DROP STRUCTURE THRESHER CROSSING",
        "elevation_m": 19.31,
        "photo_filename": "DSC00383.jpg",
        "photo_path": "../../DCIM/10GRMN/DSC00383.jpg",
        "surveyor_comment": "COMBINED DROP STRUCTURE THRESHER CROSSING",
        "survey_date": "2023-5-3"
      },
      "geometry": {
        "type": "Point",
        "coordinates": [
          120.945788,
          12.51404
        ]
      }
    },
    {
      "type": "Feature",
      "properties": {
        "id": 367,
        "name": "Road crossing & earth canal (2+234 -2+244)",
        "type": "Road Crossing",
        "Structure_Category": "Road Crossing",
        "canal_name": "4TH INTAKE MAIN CANAL",
        "station": "STA 2+252.3",
        "station_m": 2252.31,
        "offset_m": 6.26,
        "desc": "",
        "comment": "ROAD CROSSING END OF CANAL LINNING",
        "elevation_m": 22.88,
        "photo_filename": "DSC00387.jpg",
        "photo_path": "../../DCIM/10GRMN/DSC00387.jpg",
        "surveyor_comment": "ROAD CROSSING END OF CANAL LINNING",
        "survey_date": "2023-5-3"
      },
      "geometry": {
        "type": "Point",
        "coordinates": [
          120.945427,
          12.513922
        ]
      }
    },
    {
      "type": "Feature",
      "properties": {
        "id": 359,
        "name": "Illegal turnout (1+652)",
        "type": "Unauthorized Turnout",
        "Structure_Category": "Turnout (TO)",
        "canal_name": "4TH INTAKE MAIN CANAL",
        "station": "STA 1+673.3",
        "station_m": 1673.34,
        "offset_m": 0.66,
        "desc": "",
        "comment": "TSAG/MALAWAAN INTAKE IA, CANAL NAME/4TH  INTAKE",
        "elevation_m": 22.9,
        "photo_filename": "DSC00371.jpg",
        "photo_path": "../../DCIM/10GRMN/DSC00371.jpg",
        "surveyor_comment": "TSAG/MALAWAAN INTAKE IA, CANAL NAME/4TH INTAKE",
        "survey_date": "2023-5-3"
      },
      "geometry": {
        "type": "Point",
        "coordinates": [
          120.950186,
          12.516094
        ]
      }
    },
    {
      "type": "Feature",
      "properties": {
        "id": 358,
        "name": "Tresher crossing (1+522)",
        "type": "Thresher Crossing",
        "Structure_Category": "Thresher Crossing",
        "canal_name": "4TH INTAKE MAIN CANAL",
        "station": "STA 1+544.9",
        "station_m": 1544.87,
        "offset_m": 3.48,
        "desc": "",
        "comment": "",
        "elevation_m": 30.09,
        "photo_filename": "DSC00369.jpg",
        "photo_path": "../../DCIM/10GRMN/DSC00369.jpg",
        "surveyor_comment": null,
        "survey_date": "2023-5-3"
      },
      "geometry": {
        "type": "Point",
        "coordinates": [
          120.951154,
          12.516755
        ]
      }
    },
    {
      "type": "Feature",
      "properties": {
        "id": 341,
        "name": "Road crossing (0+220)",
        "type": "Road Crossing",
        "Structure_Category": "Road Crossing",
        "canal_name": "4TH INTAKE MAIN CANAL",
        "station": "STA 0+220.8",
        "station_m": 220.81,
        "offset_m": 3.15,
        "desc": "",
        "comment": "",
        "elevation_m": 25.17,
        "photo_filename": "DSC00347.jpg",
        "photo_path": "../../DCIM/10GRMN/DSC00347.jpg",
        "surveyor_comment": null,
        "survey_date": "2023-5-3"
      },
      "geometry": {
        "type": "Point",
        "coordinates": [
          120.955432,
          12.524749
        ]
      }
    },
    {
      "type": "Feature",
      "properties": {
        "id": 327,
        "name": "Trapezoidal canal (1+841)",
        "type": "Other Structures",
        "Structure_Category": "Other Structures",
        "canal_name": "SOUTH MAIN CANAL",
        "station": "STA 1+809.7",
        "station_m": 1809.75,
        "offset_m": 7.18,
        "desc": "",
        "comment": "TSAG/, C.N/SMC, LATITUDE/12'30'42.0  LONGTITUDE/120'58'48.1  STATION NO/1+841 REMARKS/SILTED/SEDIMENTATION",
        "elevation_m": 26.97,
        "photo_filename": "DSC00321.jpg",
        "photo_path": "../../DCIM/10GRMN/DSC00321.jpg",
        "surveyor_comment": "TSAG/, C.N/SMC, LATITUDE/12'30'42.0 LONGTITUDE/120'58'48.1 STATION NO/1+841 REMARKS/SILTED/SEDIMENTATION",
        "survey_date": "2023-5-3"
      },
      "geometry": {
        "type": "Point",
        "coordinates": [
          120.98002,
          12.511677
        ]
      }
    },
    {
      "type": "Feature",
      "properties": {
        "id": 329,
        "name": "Turnout (1+920)",
        "type": "Turnout",
        "Structure_Category": "Turnout (TO)",
        "canal_name": "SOUTH MAIN CANAL",
        "station": "STA 1+896.0",
        "station_m": 1895.98,
        "offset_m": 6.59,
        "desc": "",
        "comment": "TSAG/, C.N/SMC, LATITUDE/12'30'41.2  LONGTITUDE/120'58'50.8  STATION NO/1+920 REMARKS/SILTED",
        "elevation_m": 25.7,
        "photo_filename": "DSC00324.jpg",
        "photo_path": "../../DCIM/10GRMN/DSC00324.jpg",
        "surveyor_comment": "TSAG/, C.N/SMC, LATITUDE/12'30'41.2 LONGTITUDE/120'58'50.8 STATION NO/1+920 REMARKS/SILTED",
        "survey_date": "2023-5-3"
      },
      "geometry": {
        "type": "Point",
        "coordinates": [
          120.980784,
          12.511442
        ]
      }
    },
    {
      "type": "Feature",
      "properties": {
        "id": 284,
        "name": "Turnout (0+096)",
        "type": "Turnout",
        "Structure_Category": "Turnout (TO)",
        "canal_name": "LATERAL CS-1",
        "station": "STA 0+098.7",
        "station_m": 98.74,
        "offset_m": 0.06,
        "desc": "",
        "comment": "TSAG/CABANABAHAN IA, C.N/LAT CS-1, LATITUDE/12'30'225  LONGTITUDE/120'58'991  STATION NO/0+0965 REMARKS/GOOD CONDITION",
        "elevation_m": 30.29,
        "photo_filename": "DSC00228.jpg",
        "photo_path": "../../DCIM/10GRMN/DSC00228.jpg",
        "surveyor_comment": "TSAG/CABANABAHAN IA, C.N/LAT CS-1, LATITUDE/12'30'225 LONGTITUDE/120'58'991 STATION NO/0+0965 REMARKS/GOOD CONDITION",
        "survey_date": "2023-5-3"
      },
      "geometry": {
        "type": "Point",
        "coordinates": [
          120.983182,
          12.503749
        ]
      }
    },
    {
      "type": "Feature",
      "properties": {
        "id": 332,
        "name": "Drop structure and trapezoidal canal",
        "type": "Drop",
        "Structure_Category": "Other Structures",
        "canal_name": "SOUTH MAIN CANAL",
        "station": "STA 2+245.5",
        "station_m": 2245.54,
        "offset_m": 3.07,
        "desc": "",
        "comment": "TSAG/ C.N/SMC, LATITUDE/12'30'30.3  LONGTITUDE/120'58'54.5  STATION NO/2+260 - 2+270",
        "elevation_m": 24.4,
        "photo_filename": "DSC00328.jpg",
        "photo_path": "../../DCIM/10GRMN/DSC00328.jpg",
        "surveyor_comment": "TSAG/ C.N/SMC, LATITUDE/12'30'30.3 LONGTITUDE/120'58'54.5 STATION NO/2+260 - 2+270",
        "survey_date": "2023-5-3"
      },
      "geometry": {
        "type": "Point",
        "coordinates": [
          120.981814,
          12.50843
        ]
      }
    },
    {
      "type": "Feature",
      "properties": {
        "id": 288,
        "name": "Turnout (0+610)",
        "type": "Turnout",
        "Structure_Category": "Turnout (TO)",
        "canal_name": "LATERAL CS-1",
        "station": "STA 0+620.0",
        "station_m": 619.98,
        "offset_m": 2.3,
        "desc": "",
        "comment": "TSAG/CABANABAHAN IA, C.N/LAT CS-1, LATITUDE/12'30'017  LONGTITUDE/120'59'059  STATION NO/0+610 REMARKS/GOOD CONDITION",
        "elevation_m": 28.45,
        "photo_filename": "DSC00232.jpg",
        "photo_path": "../../DCIM/10GRMN/DSC00232.jpg",
        "surveyor_comment": "TSAG/CABANABAHAN IA, C.N/LAT CS-1, LATITUDE/12'30'017 LONGTITUDE/120'59'059 STATION NO/0+610 REMARKS/GOOD CONDITION",
        "survey_date": "2023-5-3"
      },
      "geometry": {
        "type": "Point",
        "coordinates": [
          120.984314,
          12.50028
        ]
      }
    },
    {
      "type": "Feature",
      "properties": {
        "id": 43,
        "name": "Trapezoidal canal lining (0+668)",
        "type": "Unauthorized Turnout",
        "Structure_Category": "Turnout (TO)",
        "canal_name": "LATERAL AS MFD 3",
        "station": "STA 0+667.4",
        "station_m": 667.43,
        "offset_m": 4.24,
        "desc": "",
        "comment": "TSAG/MATABIAGA MALAWAAN IA, C.N/UNKNOW, LATITUDE/12'30'30.7 LONGTITUDE/120'57'14.4 STATION NO/0+668 REMARKS/ILLEGAL T.,O",
        "elevation_m": 21.77,
        "photo_filename": "DSC00459.jpg",
        "photo_path": "../../DCIM/10GRMN/DSC00459.jpg",
        "surveyor_comment": "TSAG/MATABIAGA MALAWAAN IA, C.N/UNKNOW, LATITUDE/12'30'30.7 LONGTITUDE/120'57'14.4 STATION NO/0+668 REMARKS/ILLEGAL T.,O",
        "survey_date": "2023-5-4"
      },
      "geometry": {
        "type": "Point",
        "coordinates": [
          120.953992,
          12.508541
        ]
      }
    },
    {
      "type": "Feature",
      "properties": {
        "id": 297,
        "name": "Intake (0+000)",
        "type": "Intake",
        "Structure_Category": "Inlet",
        "canal_name": "SOUTH MAIN CANAL",
        "station": "STA 0+000.0",
        "station_m": 0,
        "offset_m": 9.35,
        "desc": "",
        "comment": "ONGOING",
        "elevation_m": 53.98,
        "photo_filename": "DSC00269.jpg",
        "photo_path": "../../DCIM/10GRMN/DSC00269.jpg",
        "surveyor_comment": "ONGOING",
        "survey_date": "2023-5-3"
      },
      "geometry": {
        "type": "Point",
        "coordinates": [
          120.987752,
          12.522529
        ]
      }
    },
    {
      "type": "Feature",
      "properties": {
        "id": 25,
        "name": "Trapezoidal canal lining (0+007)",
        "type": "Other Structures",
        "Structure_Category": "Other Structures",
        "canal_name": "LATERAL AS MFD 3",
        "station": "STA 0+008.5",
        "station_m": 8.49,
        "offset_m": 2.43,
        "desc": "",
        "comment": "TSAG/MATABIAGA MALAWAAN IA, C.N/UNKNOW, LATITUDE/12'30'48.9 LONGTITUDE/120'57'21.4 STATION NO/0+007 REMARKS/DAMAGW CANAL LINNING",
        "elevation_m": 26.44,
        "photo_filename": "DSC00424.jpg",
        "photo_path": "../../DCIM/10GRMN/DSC00424.jpg",
        "surveyor_comment": "TSAG/MATABIAGA MALAWAAN IA, C.N/UNKNOW, LATITUDE/12'30'48.9 LONGTITUDE/120'57'21.4 STATION NO/0+007 REMARKS/DAMAGW CANAL LINNING",
        "survey_date": "2023-5-4"
      },
      "geometry": {
        "type": "Point",
        "coordinates": [
          120.955968,
          12.513516
        ]
      }
    },
    {
      "type": "Feature",
      "properties": {
        "id": 27,
        "name": "Road crossing w/ Inlet (0+068)",
        "type": "Road Crossing",
        "Structure_Category": "Road Crossing",
        "canal_name": "LATERAL AS MFD 3",
        "station": "STA 0+068.7",
        "station_m": 68.67,
        "offset_m": 2.74,
        "desc": "",
        "comment": "TSAG/MATABIAGA MALAWAAN IA, C.N/UNKNOW, LATITUDE/12'30'47.4 LONGTITUDE/120'57'23.0 STATION NO/0+068 REMARKS/DAMAGE CANAL LINNING",
        "elevation_m": 25.9,
        "photo_filename": "DSC00427.jpg",
        "photo_path": "../../DCIM/10GRMN/DSC00427.jpg",
        "surveyor_comment": "TSAG/MATABIAGA MALAWAAN IA, C.N/UNKNOW, LATITUDE/12'30'47.4 LONGTITUDE/120'57'23.0 STATION NO/0+068 REMARKS/DAMAGE CANAL LINNING",
        "survey_date": "2023-5-4"
      },
      "geometry": {
        "type": "Point",
        "coordinates": [
          120.956383,
          12.513156
        ]
      }
    },
    {
      "type": "Feature",
      "properties": {
        "id": 29,
        "name": "Tresher crossing (0+159)",
        "type": "Thresher Crossing",
        "Structure_Category": "Thresher Crossing",
        "canal_name": "LATERAL AS MFD 3",
        "station": "STA 0+156.1",
        "station_m": 156.13,
        "offset_m": 0.51,
        "desc": "",
        "comment": "TSAG/MATABIAGA MALAWAAN IA, C.N/UNKNOW, LATITUDE/12'30'44.7 LONGTITUDE/120'57'23.2 STATION NO/0+159 REMARKS/GOOD CONDITION",
        "elevation_m": 24.16,
        "photo_filename": "DSC00432.jpg",
        "photo_path": "../../DCIM/10GRMN/DSC00432.jpg",
        "surveyor_comment": "TSAG/MATABIAGA MALAWAAN IA, C.N/UNKNOW, LATITUDE/12'30'44.7 LONGTITUDE/120'57'23.2 STATION NO/0+159 REMARKS/GOOD CONDITION",
        "survey_date": "2023-5-4"
      },
      "geometry": {
        "type": "Point",
        "coordinates": [
          120.956446,
          12.512407
        ]
      }
    },
    {
      "type": "Feature",
      "properties": {
        "id": 30,
        "name": "Trapezoidal canal (0+165)",
        "type": "Other Structures",
        "Structure_Category": "Other Structures",
        "canal_name": "LATERAL AS MFD 3",
        "station": "STA 0+166.4",
        "station_m": 166.45,
        "offset_m": 2.68,
        "desc": "",
        "comment": "TSAG/MATABIAGA MALAWAAN IA, C.N/UNKNOW, LATITUDE/12'30'44.4 LONGTITUDE/120'57'23.1 STATION NO/0+165 REMARKS/DAMAGE CANAL/SILTED",
        "elevation_m": 24.32,
        "photo_filename": "DSC00434.jpg",
        "photo_path": "../../DCIM/10GRMN/DSC00434.jpg",
        "surveyor_comment": "TSAG/MATABIAGA MALAWAAN IA, C.N/UNKNOW, LATITUDE/12'30'44.4 LONGTITUDE/120'57'23.1 STATION NO/0+165 REMARKS/DAMAGE CANAL/SILTED",
        "survey_date": "2023-5-4"
      },
      "geometry": {
        "type": "Point",
        "coordinates": [
          120.956429,
          12.512335
        ]
      }
    },
    {
      "type": "Feature",
      "properties": {
        "id": 33,
        "name": "Trapezoidal canal w/ Illegal T.O (0+236)",
        "type": "Unauthorized Turnout",
        "Structure_Category": "Turnout (TO)",
        "canal_name": "LATERAL AS MFD 3",
        "station": "STA 0+236.9",
        "station_m": 236.92,
        "offset_m": 1.18,
        "desc": "",
        "comment": "TSAG/MATABIAGA MALAWAAN IA, C.N/UNKNOW, LATITUDE/12'30'42.2 LONGTITUDE/120'57'22.3 STATION NO/0+236 REMARKS/ILLEGAL T,O",
        "elevation_m": 23.73,
        "photo_filename": "DSC00441.jpg",
        "photo_path": "../../DCIM/10GRMN/DSC00441.jpg",
        "surveyor_comment": "TSAG/MATABIAGA MALAWAAN IA, C.N/UNKNOW, LATITUDE/12'30'42.2 LONGTITUDE/120'57'22.3 STATION NO/0+236 REMARKS/ILLEGAL T,O",
        "survey_date": "2023-5-4"
      },
      "geometry": {
        "type": "Point",
        "coordinates": [
          120.956206,
          12.511735
        ]
      }
    },
    {
      "type": "Feature",
      "properties": {
        "id": 35,
        "name": "Trapezoidal canal lining w/ Illegal turnout (0+430)",
        "type": "Unauthorized Turnout",
        "Structure_Category": "Turnout (TO)",
        "canal_name": "LATERAL AS MFD 3",
        "station": "STA 0+428.9",
        "station_m": 428.91,
        "offset_m": 1.42,
        "desc": "",
        "comment": "TSAG/MATABIAGA MALAWAAN IA, C.N/UNKNOW, LATITUDE/12'30'36.8 LONGTITUDE/120'57'19.2 STATION NO/0+430 REMARKS/ILLEGAL T.O",
        "elevation_m": 22.99,
        "photo_filename": "DSC00445.jpg",
        "photo_path": "../../DCIM/10GRMN/DSC00445.jpg",
        "surveyor_comment": "TSAG/MATABIAGA MALAWAAN IA, C.N/UNKNOW, LATITUDE/12'30'36.8 LONGTITUDE/120'57'19.2 STATION NO/0+430 REMARKS/ILLEGAL T.O",
        "survey_date": "2023-5-4"
      },
      "geometry": {
        "type": "Point",
        "coordinates": [
          120.95533,
          12.51023
        ]
      }
    },
    {
      "type": "Feature",
      "properties": {
        "id": 38,
        "name": "Traapezoidal canal lining (0+468)",
        "type": "Unauthorized Turnout",
        "Structure_Category": "Turnout (TO)",
        "canal_name": "LATERAL AS MFD 3",
        "station": "STA 0+468.2",
        "station_m": 468.16,
        "offset_m": 1.39,
        "desc": "",
        "comment": "TSAG/MATABIAGA MALAWAAN IA, C.N/UNKNOW, LATITUDE/12'30'35.9 LONGTITUDE/120'57'18.3 STATION NO/0+468 REMARKS/ILLEGAL T.O",
        "elevation_m": 22.76,
        "photo_filename": "DSC00450.jpg",
        "photo_path": "../../DCIM/10GRMN/DSC00450.jpg",
        "surveyor_comment": "TSAG/MATABIAGA MALAWAAN IA, C.N/UNKNOW, LATITUDE/12'30'35.9 LONGTITUDE/120'57'18.3 STATION NO/0+468 REMARKS/ILLEGAL T.O",
        "survey_date": "2023-5-4"
      },
      "geometry": {
        "type": "Point",
        "coordinates": [
          120.955095,
          12.509971
        ]
      }
    },
    {
      "type": "Feature",
      "properties": {
        "id": 49,
        "name": "Trapezoidal canal lining (0+995)",
        "type": "Unauthorized Turnout",
        "Structure_Category": "Turnout (TO)",
        "canal_name": "LATERAL AS MFD 3",
        "station": "STA 0+948.8",
        "station_m": 948.78,
        "offset_m": 2.97,
        "desc": "",
        "comment": "TSAG/MATABIAGA MALAWAAN IA, C.N/UNKNOW, LATITUDE/12'30'23.0 LONGTITUDE/120'57'17.4 STATION NO/0+955 REMARKS/ILLEGAL T.O BOTH SIDE",
        "elevation_m": 9.96,
        "photo_filename": "DSC00471.jpg",
        "photo_path": "../../DCIM/10GRMN/DSC00471.jpg",
        "surveyor_comment": "TSAG/MATABIAGA MALAWAAN IA, C.N/UNKNOW, LATITUDE/12'30'23.0 LONGTITUDE/120'57'17.4 STATION NO/0+955 REMARKS/ILLEGAL T.O BOTH SIDE",
        "survey_date": "2023-5-5"
      },
      "geometry": {
        "type": "Point",
        "coordinates": [
          120.954823,
          12.506389
        ]
      }
    },
    {
      "type": "Feature",
      "properties": {
        "id": 47,
        "name": "Trapezoidal canal lining (0+852)",
        "type": "Other Structures",
        "Structure_Category": "Other Structures",
        "canal_name": "LATERAL AS MFD 3",
        "station": "STA 0+845.5",
        "station_m": 845.52,
        "offset_m": 4.45,
        "desc": "",
        "comment": "TSAG/MATABIAGA MALAWAAN IA, C.N/UNKNOW, LATITUDE/12'30'25.9 LONGTITUDE/120'57'15.7 STATION NO/0+852 REMARKS/DAMAGE",
        "elevation_m": 7.75,
        "photo_filename": "DSC00466.jpg",
        "photo_path": "../../DCIM/10GRMN/DSC00466.jpg",
        "surveyor_comment": "TSAG/MATABIAGA MALAWAAN IA, C.N/UNKNOW, LATITUDE/12'30'25.9 LONGTITUDE/120'57'15.7 STATION NO/0+852 REMARKS/DAMAGE",
        "survey_date": "2023-5-5"
      },
      "geometry": {
        "type": "Point",
        "coordinates": [
          120.954357,
          12.507202
        ]
      }
    },
    {
      "type": "Feature",
      "properties": {
        "id": 107,
        "name": "Outlet of Intake (0+795)",
        "type": "Outlet",
        "Structure_Category": "Inlet",
        "canal_name": "4TH INTAKE MAIN CANAL",
        "station": "STA 2+252.6",
        "station_m": 2252.55,
        "offset_m": 2.88,
        "desc": "",
        "comment": "CANAL LINING OUTLET OF 4TH INTAKE / DAMAGE",
        "elevation_m": 17.52,
        "photo_filename": "DSC00177.jpg",
        "photo_path": "../../DCIM/10GRMN/DSC00177.jpg",
        "surveyor_comment": "CANAL LINING OUTLET OF 4TH INTAKE / DAMAGE",
        "survey_date": "2023-5-4"
      },
      "geometry": {
        "type": "Point",
        "coordinates": [
          120.945417,
          12.513893
        ]
      }
    },
    {
      "type": "Feature",
      "properties": {
        "id": 112,
        "name": "Illegal turnout (1+168)",
        "type": "Unauthorized Turnout",
        "Structure_Category": "Turnout (TO)",
        "canal_name": "4TH INTAKE MAIN CANAL",
        "station": "STA 2+686.9",
        "station_m": 2686.9,
        "offset_m": 3.49,
        "desc": "",
        "comment": "CANAL LINING / ILLEGAL T.O",
        "elevation_m": 17.75,
        "photo_filename": "DSC00184.jpg",
        "photo_path": "../../DCIM/10GRMN/DSC00184.jpg",
        "surveyor_comment": "CANAL LINING / ILLEGAL T.O",
        "survey_date": "2023-5-4"
      },
      "geometry": {
        "type": "Point",
        "coordinates": [
          120.941966,
          12.512312
        ]
      }
    },
    {
      "type": "Feature",
      "properties": {
        "id": 106,
        "name": "Canal lining (0+724)",
        "type": "Other Structures",
        "Structure_Category": "Other Structures",
        "canal_name": "LATERAL AS-1",
        "station": "STA 0+735.3",
        "station_m": 735.27,
        "offset_m": 0.94,
        "desc": "",
        "comment": "TSAG/MATAGBIAGA MALAWAAN IA, LAT AS-1, REMARKS/DETORIORATED",
        "elevation_m": 18.29,
        "photo_filename": "DSC00175.jpg",
        "photo_path": "../../DCIM/10GRMN/DSC00175.jpg",
        "surveyor_comment": "TSAG/MATAGBIAGA MALAWAAN IA, LAT AS-1, REMARKS/DETORIORATED",
        "survey_date": "2023-5-4"
      },
      "geometry": {
        "type": "Point",
        "coordinates": [
          120.945527,
          12.513812
        ]
      }
    },
    {
      "type": "Feature",
      "properties": {
        "id": 103,
        "name": "Turnout (0+484)",
        "type": "Turnout",
        "Structure_Category": "Turnout (TO)",
        "canal_name": "LATERAL AS-1",
        "station": "STA 0+494.9",
        "station_m": 494.95,
        "offset_m": 0.22,
        "desc": "",
        "comment": "TSAG/MATABIAGA MALAWAAN IA, LAT AS-1, REMARKS/INCOMPLETE STEEL GATE",
        "elevation_m": 18.9,
        "photo_filename": "DSC00172.jpg",
        "photo_path": "../../DCIM/10GRMN/DSC00172.jpg",
        "surveyor_comment": "TSAG/MATABIAGA MALAWAAN IA, LAT AS-1, REMARKS/INCOMPLETE STEEL GATE",
        "survey_date": "2023-5-4"
      },
      "geometry": {
        "type": "Point",
        "coordinates": [
          120.947401,
          12.512661
        ]
      }
    },
    {
      "type": "Feature",
      "properties": {
        "id": 96,
        "name": "Start of canal lining (0+007)",
        "type": "Other Structures",
        "Structure_Category": "Other Structures",
        "canal_name": "LATERAL AS-1",
        "station": "STA 0+010.0",
        "station_m": 10.02,
        "offset_m": 8.68,
        "desc": "",
        "comment": "TSAG/MATABIAGA MALAWAAN IA, LAT AS-1, REMARKS/SILTED",
        "elevation_m": 21.5,
        "photo_filename": "DSC00164.jpg",
        "photo_path": "../../DCIM/10GRMN/DSC00164.jpg",
        "surveyor_comment": "TSAG/MATABIAGA MALAWAAN IA, LAT AS-1, REMARKS/SILTED",
        "survey_date": "2023-5-4"
      },
      "geometry": {
        "type": "Point",
        "coordinates": [
          120.951333,
          12.510601
        ]
      }
    },
    {
      "type": "Feature",
      "properties": {
        "id": 100,
        "name": "Turnout (0+365)",
        "type": "Turnout",
        "Structure_Category": "Turnout (TO)",
        "canal_name": "LATERAL AS-1",
        "station": "STA 0+373.6",
        "station_m": 373.56,
        "offset_m": 5.96,
        "desc": "",
        "comment": "TSAG/MATABIAGA MALAWAAN IA, LAT AS-1, REMARKS/SILTED VEGETATED",
        "elevation_m": 18,
        "photo_filename": "DSC00168.jpg",
        "photo_path": "../../DCIM/10GRMN/DSC00168.jpg",
        "surveyor_comment": "TSAG/MATABIAGA MALAWAAN IA, LAT AS-1, REMARKS/SILTED VEGETATED",
        "survey_date": "2023-5-4"
      },
      "geometry": {
        "type": "Point",
        "coordinates": [
          120.948382,
          12.512136
        ]
      }
    },
    {
      "type": "Feature",
      "properties": {
        "id": 150,
        "name": "Turnout w/ Division box (4+198.7)",
        "type": "Turnout",
        "Structure_Category": "Turnout (TO)",
        "canal_name": "LATERAL AS",
        "station": "STA 4+216.3",
        "station_m": 4216.33,
        "offset_m": 4.72,
        "desc": "",
        "comment": "TSAG/MATABIAGA MALAWAAN IA, LAT AS, LATITUDE/12'30'09.6 LONGTITUDE/120'56'51.8 STATION NO/4+198.7 REMARKS/STEEL GATE WITH MISSING PARTS/ SILTED",
        "elevation_m": 14.78,
        "photo_filename": "DSC00187.jpg",
        "photo_path": "../../DCIM/10GRMN/DSC00187.jpg",
        "surveyor_comment": "TSAG/MATABIAGA MALAWAAN IA, LAT AS, LATITUDE/12'30'09.6 LONGTITUDE/120'56'51.8 STATION NO/4+198.7 REMARKS/STEEL GATE WITH MISSING PARTS/ SILTED",
        "survey_date": "2023-5-3"
      },
      "geometry": {
        "type": "Point",
        "coordinates": [
          120.947728,
          12.502659
        ]
      }
    },
    {
      "type": "Feature",
      "properties": {
        "id": 196,
        "name": "Comb of Turnout, head gate, Drop & Tresher crossing (3+220)",
        "type": "Turnout",
        "Structure_Category": "Head Gate",
        "canal_name": "LATERAL AS-1",
        "station": "STA 0+002.4",
        "station_m": 2.44,
        "offset_m": 2.76,
        "desc": "",
        "comment": "TSAG/MATABIAGA MALAWAAN IA, LAT AS, REMARKS/STEEL GATE W/ MISSING PARTS AND LACK OF STAFF CAUGE",
        "elevation_m": 26.66,
        "photo_filename": "DSC00235.jpg",
        "photo_path": "../../DCIM/1000GRMN/DSC00235.jpg",
        "surveyor_comment": "TSAG/MATABIAGA MALAWAAN IA, LAT AS, REMARKS/STEEL GATE W/ MISSING PARTS AND LACK OF STAFF CAUGE",
        "survey_date": "2023-5-3"
      },
      "geometry": {
        "type": "Point",
        "coordinates": [
          120.95137,
          12.510522
        ]
      }
    },
    {
      "type": "Feature",
      "properties": {
        "id": 117,
        "name": "Head Gate",
        "type": "Head Gate",
        "Structure_Category": "Head Gate",
        "canal_name": "SECONDARY MAIN CANAL",
        "station": "STA 0+007.1",
        "station_m": 7.12,
        "offset_m": 5.26,
        "desc": "",
        "comment": "",
        "elevation_m": 46.52,
        "photo_filename": "DSC00194.jpg",
        "photo_path": "../../DCIM/10GRMN/DSC00194.jpg",
        "surveyor_comment": null,
        "survey_date": "2023-5-5"
      },
      "geometry": {
        "type": "Point",
        "coordinates": [
          120.986573,
          12.522502
        ]
      }
    },
    {
      "type": "Feature",
      "properties": {
        "id": 197,
        "name": "Turnout (3+267)",
        "type": "Turnout",
        "Structure_Category": "Turnout (TO)",
        "canal_name": "LATERAL AS",
        "station": "STA 3+271.6",
        "station_m": 3271.58,
        "offset_m": 4.73,
        "desc": "",
        "comment": "TSAG/MATABIAGA MALAWAAN IA, LAT AS, REMARKS/STEEL GATE W/ MISSING PART AND RUSTY",
        "elevation_m": 27.61,
        "photo_filename": "DSC00236.jpg",
        "photo_path": "../../DCIM/1000GRMN/DSC00236.jpg",
        "surveyor_comment": "TSAG/MATABIAGA MALAWAAN IA, LAT AS, REMARKS/STEEL GATE W/ MISSING PART AND RUSTY",
        "survey_date": "2023-7-3"
      },
      "geometry": {
        "type": "Point",
        "coordinates": [
          120.951187,
          12.510216
        ]
      }
    },
    {
      "type": "Feature",
      "properties": {
        "id": 344,
        "name": "175",
        "type": "Unauthorized Turnout",
        "Structure_Category": "Turnout (TO)",
        "canal_name": "4TH INTAKE MAIN CANAL",
        "station": "STA 0+307.4",
        "station_m": 307.38,
        "offset_m": 3.76,
        "desc": "",
        "comment": "",
        "elevation_m": 29.04,
        "photo_filename": "DSC00352.jpg",
        "photo_path": "../../DCIM/10GRMN/DSC00352.jpg",
        "surveyor_comment": null,
        "survey_date": "2023-5-3"
      },
      "geometry": {
        "type": "Point",
        "coordinates": [
          120.954697,
          12.524579
        ]
      }
    },
    {
      "type": "Feature",
      "properties": {
        "id": 199,
        "name": "Road crossing (3+282)",
        "type": "Road Crossing",
        "Structure_Category": "Road Crossing",
        "canal_name": "LATERAL AS",
        "station": "STA 3+286.5",
        "station_m": 3286.52,
        "offset_m": 1.05,
        "desc": "",
        "comment": "TSAG/MATABIAGA MALAWAAN IA, LAT AS, REMARKS/LACK OF STEEL GATE",
        "elevation_m": 28.01,
        "photo_filename": "DSC00238.jpg",
        "photo_path": "../../DCIM/1000GRMN/DSC00238.jpg",
        "surveyor_comment": "TSAG/MATABIAGA MALAWAAN IA, LAT AS, REMARKS/LACK OF STEEL GATE",
        "survey_date": "2023-5-3"
      },
      "geometry": {
        "type": "Point",
        "coordinates": [
          120.951178,
          12.510104
        ]
      }
    },
    {
      "type": "Feature",
      "properties": {
        "id": 194,
        "name": "207",
        "type": "Thresher Crossing",
        "Structure_Category": "Thresher Crossing",
        "canal_name": "LATERAL AS",
        "station": "STA 2+723.5",
        "station_m": 2723.47,
        "offset_m": 0.85,
        "desc": "",
        "comment": "TSAG/MATABIAGA MALAWAAN IA, LAT AS, LATITUDE/12'30'46.77 LONGTITUDE/120'57'19.3 STATION NO/2+717.3 REMARKS/STEEL GATE WITH MISSING PARTS/ SILTED",
        "elevation_m": 29.26,
        "photo_filename": "DSC00232.jpg",
        "photo_path": "../../DCIM/1000GRMN/DSC00232.jpg",
        "surveyor_comment": "TSAG/MATABIAGA MALAWAAN IA, LAT AS, LATITUDE/12'30'46.77 LONGTITUDE/120'57'19.3 STATION NO/2+717.3 REMARKS/STEEL GATE WITH MISSING PARTS/ SILTED",
        "survey_date": "2023-5-3"
      },
      "geometry": {
        "type": "Point",
        "coordinates": [
          120.955285,
          12.512993
        ]
      }
    },
    {
      "type": "Feature",
      "properties": {
        "id": 40,
        "name": "238",
        "type": "Unauthorized Turnout",
        "Structure_Category": "Turnout (TO)",
        "canal_name": "LATERAL AS MFD 3",
        "station": "STA 0+516.3",
        "station_m": 516.33,
        "offset_m": 3.89,
        "desc": "",
        "comment": "TSAG/MATABIAGA MALAWAAN IA, C.N/UNKNOW, LATITUDE/12'30'34.6 LONGTITUDE/120'57'17.4 STATION NO/0+514 REMARKS/ILLEGAL T.O",
        "elevation_m": 21.25,
        "photo_filename": "DSC00454.jpg",
        "photo_path": "../../DCIM/10GRMN/DSC00454.jpg",
        "surveyor_comment": "TSAG/MATABIAGA MALAWAAN IA, C.N/UNKNOW, LATITUDE/12'30'34.6 LONGTITUDE/120'57'17.4 STATION NO/0+514 REMARKS/ILLEGAL T.O",
        "survey_date": "2023-5-4"
      },
      "geometry": {
        "type": "Point",
        "coordinates": [
          120.954832,
          12.50962
        ]
      }
    },
    {
      "type": "Feature",
      "properties": {
        "id": 143,
        "name": "Tresher crossing (3+485)",
        "type": "Thresher Crossing",
        "Structure_Category": "Thresher Crossing",
        "canal_name": "LATERAL AS",
        "station": "STA 3+495.3",
        "station_m": 3495.31,
        "offset_m": 3.64,
        "desc": "",
        "comment": "TSAG/MATABIAGA MALAWAAN IA, LAT AS, LATITUDE/12'30'30.21 LONGTITUDE/120'57'2.99 STATION NO/3+485 REMARKS/DETERIORATED",
        "elevation_m": -211.41,
        "photo_filename": "DSC00180.jpg",
        "photo_path": "../../DCIM/10GRMN/DSC00180.jpg",
        "surveyor_comment": "TSAG/MATABIAGA MALAWAAN IA, LAT AS, LATITUDE/12'30'30.21 LONGTITUDE/120'57'2.99 STATION NO/3+485 REMARKS/DETERIORATED",
        "survey_date": "2023-5-3"
      },
      "geometry": {
        "type": "Point",
        "coordinates": [
          120.950839,
          12.508383
        ]
      }
    },
    {
      "type": "Feature",
      "properties": {
        "id": 147,
        "name": "Turnout (3+998)",
        "type": "Turnout",
        "Structure_Category": "Turnout (TO)",
        "canal_name": "LATERAL AS",
        "station": "STA 4+010.6",
        "station_m": 4010.58,
        "offset_m": 4.49,
        "desc": "",
        "comment": "TSAG/MATABIAGA MALAWAAN IA, LAT AS, LATITUDE/12'30'15.8 LONGTITUDE/120'56'54.2 STATION NO/3+998 REMARKS/DILAPIDATED",
        "elevation_m": 18.12,
        "photo_filename": "DSC00184.jpg",
        "photo_path": "../../DCIM/10GRMN/DSC00184.jpg",
        "surveyor_comment": "TSAG/MATABIAGA MALAWAAN IA, LAT AS, LATITUDE/12'30'15.8 LONGTITUDE/120'56'54.2 STATION NO/3+998 REMARKS/DILAPIDATED",
        "survey_date": "2023-5-3"
      },
      "geometry": {
        "type": "Point",
        "coordinates": [
          120.948401,
          12.504396
        ]
      }
    },
    {
      "type": "Feature",
      "properties": {
        "id": 149,
        "name": "Drop structure (4+067)",
        "type": "Drop",
        "Structure_Category": "Other Structures",
        "canal_name": "LATERAL AS",
        "station": "STA 4+080.9",
        "station_m": 4080.86,
        "offset_m": 4.52,
        "desc": "",
        "comment": "TSAG/MATABIAGA MALAWAAN IA, LAT AS, LATITUDE/12'30'13.7 LONGTITUDE/120'56'53.4 STATION NO/0+067 REMARKS/VEGATATION",
        "elevation_m": 17.06,
        "photo_filename": "DSC00186.jpg",
        "photo_path": "../../DCIM/10GRMN/DSC00186.jpg",
        "surveyor_comment": "TSAG/MATABIAGA MALAWAAN IA, LAT AS, LATITUDE/12'30'13.7 LONGTITUDE/120'56'53.4 STATION NO/0+067 REMARKS/VEGATATION",
        "survey_date": "2023-5-3"
      },
      "geometry": {
        "type": "Point",
        "coordinates": [
          120.948172,
          12.503803
        ]
      }
    },
    {
      "type": "Feature",
      "properties": {
        "id": 153,
        "name": "Turnout w/ division box (4+539.4)",
        "type": "Turnout",
        "Structure_Category": "Turnout (TO)",
        "canal_name": "LATERAL AS",
        "station": "STA 4+579.3",
        "station_m": 4579.29,
        "offset_m": 2.81,
        "desc": "",
        "comment": "TSAG/MATABIAGA MALAWAAN IA, LAT AS, LATITUDE/12'30'58.6 LONGTITUDE/120'56'47.6 STATION NO/4+539.4 REMARKS/STEEL GATE WITH MISSING PARTS/ SILTED",
        "elevation_m": 15.62,
        "photo_filename": "DSC00190.jpg",
        "photo_path": "../../DCIM/10GRMN/DSC00190.jpg",
        "surveyor_comment": "TSAG/MATABIAGA MALAWAAN IA, LAT AS, LATITUDE/12'30'58.6 LONGTITUDE/120'56'47.6 STATION NO/4+539.4 REMARKS/STEEL GATE WITH MISSING PARTS/ SILTED",
        "survey_date": "2023-5-3"
      },
      "geometry": {
        "type": "Point",
        "coordinates": [
          120.946567,
          12.499616
        ]
      }
    },
    {
      "type": "Feature",
      "properties": {
        "id": 53,
        "name": "Road crossing & outlet (1+290 - 1+295)",
        "type": "Road Crossing",
        "Structure_Category": "Road Crossing",
        "canal_name": "MFD 3 SFD 1",
        "station": "STA 0+003.2",
        "station_m": 3.17,
        "offset_m": 2.08,
        "desc": "",
        "comment": "TSAG/MATABIAGA MALAWAAN IA, C.N/UNKNOW, LATITUDE/12'30'13.2 LONGTITUDE/120'57'22.8 STATION NO/1+290 - 1+295 REMARKS/SILTED ROAD- XING/OUTLET",
        "elevation_m": 9.66,
        "photo_filename": "DSC00476.jpg",
        "photo_path": "../../DCIM/10GRMN/DSC00476.jpg",
        "surveyor_comment": "TSAG/MATABIAGA MALAWAAN IA, C.N/UNKNOW, LATITUDE/12'30'13.2 LONGTITUDE/120'57'22.8 STATION NO/1+290 - 1+295 REMARKS/SILTED ROAD- XING/OUTLET",
        "survey_date": "2023-5-5"
      },
      "geometry": {
        "type": "Point",
        "coordinates": [
          120.956345,
          12.503672
        ]
      }
    },
    {
      "type": "Feature",
      "properties": {
        "id": 178,
        "name": "Turnout (0+957)",
        "type": "Turnout",
        "Structure_Category": "Turnout (TO)",
        "canal_name": "LATERAL AS",
        "station": "STA 0+957.0",
        "station_m": 957.05,
        "offset_m": 4.96,
        "desc": "",
        "comment": "TSAG/MATABIAGA MALAWAAN IA, C.N/LAT AS, LATITUDE/12'30'57.60 LONGTITUDE/120'58'13.44 STATION NO/0+957 REMARKS/VEGATATED AND SILTED",
        "elevation_m": 37.85,
        "photo_filename": "DSC00215.jpg",
        "photo_path": "../../DCIM/1000GRMN/DSC00215.jpg",
        "surveyor_comment": "TSAG/MATABIAGA MALAWAAN IA, C.N/LAT AS, LATITUDE/12'30'57.60 LONGTITUDE/120'58'13.44 STATION NO/0+957 REMARKS/VEGATATED AND SILTED",
        "survey_date": "2023-5-3"
      },
      "geometry": {
        "type": "Point",
        "coordinates": [
          120.9704,
          12.516001
        ]
      }
    },
    {
      "type": "Feature",
      "properties": {
        "id": 140,
        "name": "Canal lining (0+043.6 - 0+118)",
        "type": "Other Structures",
        "Structure_Category": "Other Structures",
        "canal_name": "LATERAL AS",
        "station": "STA 0+120.1",
        "station_m": 120.09,
        "offset_m": 11.21,
        "desc": "",
        "comment": "TSAG/MATABIAGA MALAWAAN IA, C.N/LAT AS, LATITUDE/12'30'53.8 LONGTITUDE/120'58'40.9 STATION NO/0+046.6 -0+118 REMARKS/SILTED DUE TO SEDEMENTATION",
        "elevation_m": 26.88,
        "photo_filename": "DSC00178.jpg",
        "photo_path": "../../DCIM/10GRMN/DSC00178.jpg",
        "surveyor_comment": "TSAG/MATABIAGA MALAWAAN IA, C.N/LAT AS, LATITUDE/12'30'53.8 LONGTITUDE/120'58'40.9 STATION NO/0+046.6 -0+118 REMARKS/SILTED DUE TO SEDEMENTATION",
        "survey_date": "2023-5-3"
      },
      "geometry": {
        "type": "Point",
        "coordinates": [
          120.978019,
          12.514935
        ]
      }
    },
    {
      "type": "Feature",
      "properties": {
        "id": 134,
        "name": "Road crossing w/ Outlet (1+338 - 1+348)",
        "type": "Road Crossing",
        "Structure_Category": "Road Crossing",
        "canal_name": "SECONDARY MAIN CANAL",
        "station": "STA 1+346.6",
        "station_m": 1346.58,
        "offset_m": 5.2,
        "desc": "",
        "comment": "TSAG/RAMOS IA, C.N/SECONDARY MAIN CANAL, LATITUDE/12'30'885 LONGTITUDE/120'58'730 STATION NO/1+338- 1+348 STRUCTURE/ROAD-XING/OUTLET  REMARKS/SILTED",
        "elevation_m": 33.24,
        "photo_filename": "DSC00216.jpg",
        "photo_path": "../../DCIM/10GRMN/DSC00216.jpg",
        "surveyor_comment": "TSAG/RAMOS IA, C.N/SECONDARY MAIN CANAL, LATITUDE/12'30'885 LONGTITUDE/120'58'730 STATION NO/1+338- 1+348 STRUCTURE/ROAD-XING/OUTLET REMARKS/SILTED",
        "survey_date": "2023-5-5"
      },
      "geometry": {
        "type": "Point",
        "coordinates": [
          120.978831,
          12.514755
        ]
      }
    },
    {
      "type": "Feature",
      "properties": {
        "id": 321,
        "name": "Turnout & Head gate (1+372)",
        "type": "Road Crossing",
        "Structure_Category": "Head Gate",
        "canal_name": "SOUTH MAIN CANAL",
        "station": "STA 1+352.4",
        "station_m": 1352.38,
        "offset_m": 4.7,
        "desc": "",
        "comment": "TSAG/RAMOS IA, C.N/SMN, LATITUDE/12'30'53.0  LONGTITUDE/120'58'44.6  STATION NO/1+372/ STRUCTURE/OUTLET ROAD-XING  REMARKS/,MAJOR CRACKS OF FLOORING",
        "elevation_m": 31.68,
        "photo_filename": "DSC00309.jpg",
        "photo_path": "../../DCIM/10GRMN/DSC00309.jpg",
        "surveyor_comment": "TSAG/RAMOS IA, C.N/SMN, LATITUDE/12'30'53.0 LONGTITUDE/120'58'44.6 STATION NO/1+372/ STRUCTURE/OUTLET ROAD-XING REMARKS/,MAJOR CRACKS OF FLOORING",
        "survey_date": "2023-5-3"
      },
      "geometry": {
        "type": "Point",
        "coordinates": [
          120.979055,
          12.514717
        ]
      }
    },
    {
      "type": "Feature",
      "properties": {
        "id": 171,
        "name": "Trapezoidal canal (0+881)",
        "type": "Other Structures",
        "Structure_Category": "Other Structures",
        "canal_name": "LATERAL AS MFD 1",
        "station": "STA 0+330.5",
        "station_m": 330.46,
        "offset_m": 10.25,
        "desc": "",
        "comment": "TSAG/MATABIAGA MALAWAAN IA, C.N/LAT AS, LATITUDE/12'30'01.73 LONGTITUDE/120'58'18.69 STATION NO/1+881 REMARKS/DAMAGE WALL/TRAPEZOIDAL CANAL",
        "elevation_m": 28.04,
        "photo_filename": "DSC00207.jpg",
        "photo_path": "../../DCIM/1000GRMN/DSC00207.jpg",
        "surveyor_comment": "TSAG/MATABIAGA MALAWAAN IA, C.N/LAT AS, LATITUDE/12'30'01.73 LONGTITUDE/120'58'18.69 STATION NO/1+881 REMARKS/DAMAGE WALL/TRAPEZOIDAL CANAL",
        "survey_date": "2023-5-3"
      },
      "geometry": {
        "type": "Point",
        "coordinates": [
          120.971857,
          12.517147
        ]
      }
    },
    {
      "type": "Feature",
      "properties": {
        "id": 169,
        "name": "Trapezoidal canal (0+830)",
        "type": "Other Structures",
        "Structure_Category": "Other Structures",
        "canal_name": "LATERAL AS MFD 1",
        "station": "STA 0+278.7",
        "station_m": 278.7,
        "offset_m": 11.74,
        "desc": "",
        "comment": "TSAG/MATABIAGA MALAWAAN IA, C.N/LAT AS, LATITUDE/12'30'00.24 LONGTITUDE/120'58'19.49 STATION NO/0+830 REMARKS/COLLAPSE WALL/TRAPEZOIDAL CANAL",
        "elevation_m": 31.5,
        "photo_filename": "DSC00205.jpg",
        "photo_path": "../../DCIM/1000GRMN/DSC00205.jpg",
        "surveyor_comment": "TSAG/MATABIAGA MALAWAAN IA, C.N/LAT AS, LATITUDE/12'30'00.24 LONGTITUDE/120'58'19.49 STATION NO/0+830 REMARKS/COLLAPSE WALL/TRAPEZOIDAL CANAL",
        "survey_date": "2023-5-3"
      },
      "geometry": {
        "type": "Point",
        "coordinates": [
          120.972081,
          12.516734
        ]
      }
    },
    {
      "type": "Feature",
      "properties": {
        "id": 166,
        "name": "179",
        "type": "Other Structures",
        "Structure_Category": "Other Structures",
        "canal_name": "LATERAL AS MFD 1",
        "station": "STA 0+202.0",
        "station_m": 201.97,
        "offset_m": 7.38,
        "desc": "",
        "comment": "TSAG/MATABIAGA MALAWAAN IA, C.N/LAT AS, LATITUDE/12'30'37.95 LONGTITUDE/120'58'20.49 STATION NO/0+753  REMARKS/DAMAGE WALL/TRAPEZOIDAL CANAL",
        "elevation_m": 30.1,
        "photo_filename": "DSC00202.jpg",
        "photo_path": "../../DCIM/1000GRMN/DSC00202.jpg",
        "surveyor_comment": "TSAG/MATABIAGA MALAWAAN IA, C.N/LAT AS, LATITUDE/12'30'37.95 LONGTITUDE/120'58'20.49 STATION NO/0+753 REMARKS/DAMAGE WALL/TRAPEZOIDAL CANAL",
        "survey_date": "2023-6-3"
      },
      "geometry": {
        "type": "Point",
        "coordinates": [
          120.972357,
          12.516096
        ]
      }
    },
    {
      "type": "Feature",
      "properties": {
        "id": 165,
        "name": "Trapezoidal canal (0+690 - 0+740)",
        "type": "Other Structures",
        "Structure_Category": "Other Structures",
        "canal_name": "LATERAL AS MFD 1",
        "station": "STA 0+183.9",
        "station_m": 183.85,
        "offset_m": 5.21,
        "desc": "",
        "comment": "TSAG/MATABIAGA MALAWAAN IA, C.N/LAT AS, LATITUDE/12'30'57.67  LONGTITUDE/120'58'20.73 STATION NO/0+690 - 0+740  REMARKS/SILTED TRAPEZOIDAL CANAL",
        "elevation_m": 30.69,
        "photo_filename": "DSC00201.jpg",
        "photo_path": "../../DCIM/1000GRMN/DSC00201.jpg",
        "surveyor_comment": "TSAG/MATABIAGA MALAWAAN IA, C.N/LAT AS, LATITUDE/12'30'57.67 LONGTITUDE/120'58'20.73 STATION NO/0+690 - 0+740 REMARKS/SILTED TRAPEZOIDAL CANAL",
        "survey_date": "2023-5-3"
      },
      "geometry": {
        "type": "Point",
        "coordinates": [
          120.972426,
          12.51602
        ]
      }
    },
    {
      "type": "Feature",
      "properties": {
        "id": 180,
        "name": "Drop Struc W/ Tresher crossing (1+086)",
        "type": "Thresher Crossing",
        "Structure_Category": "Thresher Crossing",
        "canal_name": "LATERAL AS",
        "station": "STA 1+095.6",
        "station_m": 1095.65,
        "offset_m": 4.59,
        "desc": "",
        "comment": "TSAG/MATABIAGA MALAWAAN IA, C.N/LAT AS, LATITUDE/12'30'57.21 LONGTITUDE/120'58'08.82 STATION NO/1+086 REMARKS/LACK OF SSTEEL GATE",
        "elevation_m": 33.15,
        "photo_filename": "DSC00218.jpg",
        "photo_path": "../../DCIM/1000GRMN/DSC00218.jpg",
        "surveyor_comment": "TSAG/MATABIAGA MALAWAAN IA, C.N/LAT AS, LATITUDE/12'30'57.21 LONGTITUDE/120'58'08.82 STATION NO/1+086 REMARKS/LACK OF SSTEEL GATE",
        "survey_date": "2023-5-3"
      },
      "geometry": {
        "type": "Point",
        "coordinates": [
          120.969128,
          12.515915
        ]
      }
    },
    {
      "type": "Feature",
      "properties": {
        "id": 177,
        "name": "Trapezoidal canal (0+739)",
        "type": "Other Structures",
        "Structure_Category": "Other Structures",
        "canal_name": "LATERAL AS",
        "station": "STA 0+732.5",
        "station_m": 732.5,
        "offset_m": 4.74,
        "desc": "",
        "comment": "TSAG/MATABIAGA MALAWAAN IA, C.N/LAT AS, LATITUDE/12'30'57.28 LONGTITUDE/120'58'80.90 STATION NO/0+739  REMARKS/DETERIORATED VEGETATED AND SILTED/",
        "elevation_m": 40.57,
        "photo_filename": "DSC00214.jpg",
        "photo_path": "../../DCIM/1000GRMN/DSC00214.jpg",
        "surveyor_comment": "TSAG/MATABIAGA MALAWAAN IA, C.N/LAT AS, LATITUDE/12'30'57.28 LONGTITUDE/120'58'80.90 STATION NO/0+739 REMARKS/DETERIORATED VEGETATED AND SILTED/",
        "survey_date": "2023-5-3"
      },
      "geometry": {
        "type": "Point",
        "coordinates": [
          120.972471,
          12.51591
        ]
      }
    },
    {
      "type": "Feature",
      "properties": {
        "id": 141,
        "name": "Turnout (0+417)",
        "type": "Turnout",
        "Structure_Category": "Turnout (TO)",
        "canal_name": "LATERAL AS",
        "station": "STA 0+420.2",
        "station_m": 420.24,
        "offset_m": 9.38,
        "desc": "",
        "comment": "TSAG/MATABIAGA MALAWAAN IA, C.N/LAT AS, LATITUDE/12'30'55.6 LONGTITUDE/120'58'31.1 STATION NO/0+417  REMARKS/DELAPIDATED VEGETATED",
        "elevation_m": 23.64,
        "photo_filename": "DSC00179.jpg",
        "photo_path": "../../DCIM/10GRMN/DSC00179.jpg",
        "surveyor_comment": "TSAG/MATABIAGA MALAWAAN IA, C.N/LAT AS, LATITUDE/12'30'55.6 LONGTITUDE/120'58'31.1 STATION NO/0+417 REMARKS/DELAPIDATED VEGETATED",
        "survey_date": "2023-5-3"
      },
      "geometry": {
        "type": "Point",
        "coordinates": [
          120.975306,
          12.515438
        ]
      }
    },
    {
      "type": "Feature",
      "properties": {
        "id": 157,
        "name": "Turnout (0+550.4)",
        "type": "Turnout",
        "Structure_Category": "Turnout (TO)",
        "canal_name": "LATERAL AS MFD 1",
        "station": "STA 0+008.3",
        "station_m": 8.25,
        "offset_m": 9.77,
        "desc": "",
        "comment": "TSAG/MATABIAGA MALAWAAN IA, C.N/LAT AS, LATITUDE/12'30'56.48 LONGTITUDE/120'58'26.74 STATION NO/0+550.4  REMARKS/LACK OF STEEL GATE",
        "elevation_m": 24.73,
        "photo_filename": "DSC00193.jpg",
        "photo_path": "../../DCIM/1000GRMN/DSC00193.jpg",
        "surveyor_comment": "TSAG/MATABIAGA MALAWAAN IA, C.N/LAT AS, LATITUDE/12'30'56.48 LONGTITUDE/120'58'26.74 STATION NO/0+550.4 REMARKS/LACK OF STEEL GATE",
        "survey_date": "2023-5-3"
      },
      "geometry": {
        "type": "Point",
        "coordinates": [
          120.974095,
          12.515689
        ]
      }
    },
    {
      "type": "Feature",
      "properties": {
        "id": 159,
        "name": "Road crossing w/ Division box (0+550.4)",
        "type": "Road Crossing",
        "Structure_Category": "Road Crossing",
        "canal_name": "LATERAL AS MFD 1",
        "station": "STA 0+008.3",
        "station_m": 8.25,
        "offset_m": 12.56,
        "desc": "",
        "comment": "TSAG/MATABIAGA MALAWAAN IA, C.N/LAT AS, LATITUDE/12'30'56.62 LONGTITUDE/120'58'26.79 STATION NO/0+550.4  REMARKS/DAMAGE WALL",
        "elevation_m": 28.97,
        "photo_filename": "DSC00195.jpg",
        "photo_path": "../../DCIM/1000GRMN/DSC00195.jpg",
        "surveyor_comment": "TSAG/MATABIAGA MALAWAAN IA, C.N/LAT AS, LATITUDE/12'30'56.62 LONGTITUDE/120'58'26.79 STATION NO/0+550.4 REMARKS/DAMAGE WALL",
        "survey_date": "2023-5-3"
      },
      "geometry": {
        "type": "Point",
        "coordinates": [
          120.974108,
          12.515729
        ]
      }
    },
    {
      "type": "Feature",
      "properties": {
        "id": 161,
        "name": "End of Rectangular canal (0+605)",
        "type": "Other Structures",
        "Structure_Category": "Other Structures",
        "canal_name": "LATERAL AS MFD 1",
        "station": "STA 0+050.2",
        "station_m": 50.2,
        "offset_m": 0.52,
        "desc": "",
        "comment": "TSAG/MATABIAGA MALAWAAN IA, C.N/LAT AS, LATITUDE/12'30'56.74 LONGTITUDE/120'58'25.07 STATION NO/0+605  REMARKS/MODERATE VEGETATION",
        "elevation_m": 35.45,
        "photo_filename": "DSC00197.jpg",
        "photo_path": "../../DCIM/1000GRMN/DSC00197.jpg",
        "surveyor_comment": "TSAG/MATABIAGA MALAWAAN IA, C.N/LAT AS, LATITUDE/12'30'56.74 LONGTITUDE/120'58'25.07 STATION NO/0+605 REMARKS/MODERATE VEGETATION",
        "survey_date": "2023-5-3"
      },
      "geometry": {
        "type": "Point",
        "coordinates": [
          120.97363,
          12.51576
        ]
      }
    },
    {
      "type": "Feature",
      "properties": {
        "id": 163,
        "name": "End of earth canal (0+556.6 - 0+690)",
        "type": "Other Structures",
        "Structure_Category": "Other Structures",
        "canal_name": "LATERAL AS MFD 1",
        "station": "STA 0+134.8",
        "station_m": 134.81,
        "offset_m": 4.84,
        "desc": "",
        "comment": "TSAG/MATABIAGA MALAWAAN IA, C.N/LAT AS, LATITUDE/12'30'57.39 LONGTITUDE/120'58'22.34 STATION NO/0+556.6 - 0+690  REMARKS/SILTED EARTH CANAL VEGETATED",
        "elevation_m": 33.42,
        "photo_filename": "DSC00199.jpg",
        "photo_path": "../../DCIM/1000GRMN/DSC00199.jpg",
        "surveyor_comment": "TSAG/MATABIAGA MALAWAAN IA, C.N/LAT AS, LATITUDE/12'30'57.39 LONGTITUDE/120'58'22.34 STATION NO/0+556.6 - 0+690 REMARKS/SILTED EARTH CANAL VEGETATED",
        "survey_date": "2023-5-3"
      },
      "geometry": {
        "type": "Point",
        "coordinates": [
          120.972873,
          12.515943
        ]
      }
    },
    {
      "type": "Feature",
      "properties": {
        "id": 183,
        "name": "Head gate (1+590.2)",
        "type": "Head Gate",
        "Structure_Category": "Head Gate",
        "canal_name": "LATERAL AS",
        "station": "STA 1+600.7",
        "station_m": 1600.7,
        "offset_m": 1.71,
        "desc": "",
        "comment": "TSAG/MATABIAGA MALAWAAN IA, C.N/LAT AS, LATITUDE/12'30'55.90 LONGTITUDE/120'58'52.20 STATION NO/1+590.2 REMARKS/STEEL GATE WITH MISSING PART",
        "elevation_m": 35.83,
        "photo_filename": "DSC00221.jpg",
        "photo_path": "../../DCIM/1000GRMN/DSC00221.jpg",
        "surveyor_comment": "TSAG/MATABIAGA MALAWAAN IA, C.N/LAT AS, LATITUDE/12'30'55.90 LONGTITUDE/120'58'52.20 STATION NO/1+590.2 REMARKS/STEEL GATE WITH MISSING PART",
        "survey_date": "2023-5-3"
      },
      "geometry": {
        "type": "Point",
        "coordinates": [
          120.964499,
          12.515528
        ]
      }
    },
    {
      "type": "Feature",
      "properties": {
        "id": 185,
        "name": "End of canal (0+123 - 0+128.4)",
        "type": "Other Structures",
        "Structure_Category": "Other Structures",
        "canal_name": "LATERAL AS MFD 2",
        "station": "STA 0+127.1",
        "station_m": 127.12,
        "offset_m": 2.53,
        "desc": "",
        "comment": "TSAG/MATABIAGA MALAWAAN IA, C.N/LAT AS, LATITUDE/12'30'59.19 LONGTITUDE/120'57'50.02 STATION NO/0+123 -0+128.4  REMARKS/DILAPITATED",
        "elevation_m": 25.21,
        "photo_filename": "DSC00223.jpg",
        "photo_path": "../../DCIM/1000GRMN/DSC00223.jpg",
        "surveyor_comment": "TSAG/MATABIAGA MALAWAAN IA, C.N/LAT AS, LATITUDE/12'30'59.19 LONGTITUDE/120'57'50.02 STATION NO/0+123 -0+128.4 REMARKS/DILAPITATED",
        "survey_date": "2023-5-3"
      },
      "geometry": {
        "type": "Point",
        "coordinates": [
          120.963895,
          12.516442
        ]
      }
    },
    {
      "type": "Feature",
      "properties": {
        "id": 189,
        "name": "Start of service road (2+076)",
        "type": "Other Structures",
        "Structure_Category": "Road Crossing",
        "canal_name": "LATERAL AS",
        "station": "STA 2+035.9",
        "station_m": 2035.85,
        "offset_m": 0.85,
        "desc": "",
        "comment": "TSAG/MATABIAGA MALAWAAN IA, C.N/LAT AS, LATITUDE/12'30'55.55 LONGTITUDE/120'57'37.81 STATION NO/2+076 REMARKS/GOOD CONDITION",
        "elevation_m": 31.09,
        "photo_filename": "DSC00227.jpg",
        "photo_path": "../../DCIM/1000GRMN/DSC00227.jpg",
        "surveyor_comment": "TSAG/MATABIAGA MALAWAAN IA, C.N/LAT AS, LATITUDE/12'30'55.55 LONGTITUDE/120'57'37.81 STATION NO/2+076 REMARKS/GOOD CONDITION",
        "survey_date": "2023-5-3"
      },
      "geometry": {
        "type": "Point",
        "coordinates": [
          120.960503,
          12.515431
        ]
      }
    },
    {
      "type": "Feature",
      "properties": {
        "id": 192,
        "name": "Trapezoidal canal lining (2+115 - 2+286.2)",
        "type": "Other Structures",
        "Structure_Category": "Other Structures",
        "canal_name": "LATERAL AS",
        "station": "STA 2+294.2",
        "station_m": 2294.17,
        "offset_m": 5.29,
        "desc": "",
        "comment": "TSAG/MATABIAGA MALAWAAN IA, C.N/LAT AS, LATITUDE/12'30'56.5 LONGTITUDE/120'57'29.30 STATION NO/2+115 - 2+286.2 REMARKS/DETERIORATED VEGETATED SILTED",
        "elevation_m": 26.56,
        "photo_filename": "DSC00230.jpg",
        "photo_path": "../../DCIM/1000GRMN/DSC00230.jpg",
        "surveyor_comment": "TSAG/MATABIAGA MALAWAAN IA, C.N/LAT AS, LATITUDE/12'30'56.5 LONGTITUDE/120'57'29.30 STATION NO/2+115 - 2+286.2 REMARKS/DETERIORATED VEGETATED SILTED",
        "survey_date": "2023-5-3"
      },
      "geometry": {
        "type": "Point",
        "coordinates": [
          120.958138,
          12.515698
        ]
      }
    },
    {
      "type": "Feature",
      "properties": {
        "id": 57,
        "name": "Trapezoidal canal lining (0+000)",
        "type": "Other Structures",
        "Structure_Category": "Other Structures",
        "canal_name": "MFD 3 SFD 1",
        "station": "STA 0+012.2",
        "station_m": 12.2,
        "offset_m": 0.51,
        "desc": "",
        "comment": "TSAG/MATABIAGA MALAWAAN IA, C.N/UNKNOW, LATITUDE/12'30'13.2 LONGTITUDE/120'57'22.8 STATION NO/0+000 REMARKS/SILTED COLLAPSE",
        "elevation_m": 11.32,
        "photo_filename": "DSC00484.jpg",
        "photo_path": "../../DCIM/10GRMN/DSC00484.jpg",
        "surveyor_comment": "TSAG/MATABIAGA MALAWAAN IA, C.N/UNKNOW, LATITUDE/12'30'13.2 LONGTITUDE/120'57'22.8 STATION NO/0+000 REMARKS/SILTED COLLAPSE",
        "survey_date": "2023-5-5"
      },
      "geometry": {
        "type": "Point",
        "coordinates": [
          120.956304,
          12.503599
        ]
      }
    },
    {
      "type": "Feature",
      "properties": {
        "id": 324,
        "name": "Head gate (1+705)",
        "type": "Head Gate",
        "Structure_Category": "Head Gate",
        "canal_name": "LATERAL BS",
        "station": "STA 0+002.0",
        "station_m": 2,
        "offset_m": 0.44,
        "desc": "",
        "comment": "TSAG/, C.N/SMC, LATITUDE/12'30'43.0  LONGTITUDE/120'58'43.8  STATION NO/1+705   REMARKS/BENDED STEM",
        "elevation_m": 25.8,
        "photo_filename": "DSC00315.jpg",
        "photo_path": "../../DCIM/10GRMN/DSC00315.jpg",
        "surveyor_comment": "TSAG/, C.N/SMC, LATITUDE/12'30'43.0 LONGTITUDE/120'58'43.8 STATION NO/1+705 REMARKS/BENDED STEM",
        "survey_date": "2023-5-3"
      },
      "geometry": {
        "type": "Point",
        "coordinates": [
          120.978838,
          12.511932
        ]
      }
    },
    {
      "type": "Feature",
      "properties": {
        "id": 55,
        "name": "Turnout (1+378)",
        "type": "Turnout",
        "Structure_Category": "Turnout (TO)",
        "canal_name": "LATERAL AS MFD 3",
        "station": "STA 1+373.7",
        "station_m": 1373.67,
        "offset_m": 3.93,
        "desc": "",
        "comment": "TSAG/MATABIAGA MALAWAAN IA, C.N/UNKNOW, LATITUDE/12'30'10.7 LONGTITUDE/120'57'22.2 STATION NO/0+000 REMARKS/SILTED COLLAPSE",
        "elevation_m": 7.77,
        "photo_filename": "DSC00481.jpg",
        "photo_path": "../../DCIM/10GRMN/DSC00481.jpg",
        "surveyor_comment": "TSAG/MATABIAGA MALAWAAN IA, C.N/UNKNOW, LATITUDE/12'30'10.7 LONGTITUDE/120'57'22.2 STATION NO/0+000 REMARKS/SILTED COLLAPSE",
        "survey_date": "2023-5-5"
      },
      "geometry": {
        "type": "Point",
        "coordinates": [
          120.956155,
          12.502983
        ]
      }
    },
    {
      "type": "Feature",
      "properties": {
        "id": 56,
        "name": "End of trapezoidal canal lining (1+420)",
        "type": "Other Structures",
        "Structure_Category": "Other Structures",
        "canal_name": "LATERAL AS MFD 3",
        "station": "STA 1+418.9",
        "station_m": 1418.86,
        "offset_m": 4.85,
        "desc": "",
        "comment": "TSAG/MATABIAGA MALAWAAN IA, C.N/UNKNOW, LATITUDE/12'30'9.3 LONGTITUDE/120'57'21.7 STATION NO/1+420 REMARKS/SILTED COLLAPSE",
        "elevation_m": 10.08,
        "photo_filename": "DSC00483.jpg",
        "photo_path": "../../DCIM/10GRMN/DSC00483.jpg",
        "surveyor_comment": "TSAG/MATABIAGA MALAWAAN IA, C.N/UNKNOW, LATITUDE/12'30'9.3 LONGTITUDE/120'57'21.7 STATION NO/1+420 REMARKS/SILTED COLLAPSE",
        "survey_date": "2023-5-5"
      },
      "geometry": {
        "type": "Point",
        "coordinates": [
          120.956025,
          12.502597
        ]
      }
    },
    {
      "type": "Feature",
      "properties": {
        "id": 62,
        "name": "Division box (0+000 - 0+010)",
        "type": "Other Structures",
        "Structure_Category": "Other Structures",
        "canal_name": "LATERAL SMC X-2",
        "station": "STA 0+013.1",
        "station_m": 13.06,
        "offset_m": 0.35,
        "desc": "",
        "comment": "TSAG/RAMOS IA, C.N/SMC, LATITUDE/12'30'709  LONGTITUDE/120'58'732  STATION NO/0+000 - 0+010  REMARKS/GOOD CONDITION",
        "elevation_m": 33.03,
        "photo_filename": "DSC00123.jpg",
        "photo_path": "../../DCIM/10GRMN/DSC00123.jpg",
        "surveyor_comment": "TSAG/RAMOS IA, C.N/SMC, LATITUDE/12'30'709 LONGTITUDE/120'58'732 STATION NO/0+000 - 0+010 REMARKS/GOOD CONDITION",
        "survey_date": "2023-5-4"
      },
      "geometry": {
        "type": "Point",
        "coordinates": [
          120.978857,
          12.511824
        ]
      }
    },
    {
      "type": "Feature",
      "properties": {
        "id": 87,
        "name": "Road crossing (0+581 - 0+585)",
        "type": "Road Crossing",
        "Structure_Category": "Road Crossing",
        "canal_name": "LATERAL SMC X-2",
        "station": "STA 0+589.9",
        "station_m": 589.93,
        "offset_m": 4.53,
        "desc": "",
        "comment": "TSAG/RAMOS IA, C.N/UNKNOWN, LATITUDE/12'30'403  LONGTITUDE/120'58'750  STATION NO/0+581 -0+ 585 REMARKS/SILTED DUE SEDIMENTATION",
        "elevation_m": 26.67,
        "photo_filename": "DSC00154.jpg",
        "photo_path": "../../DCIM/10GRMN/DSC00154.jpg",
        "surveyor_comment": "TSAG/RAMOS IA, C.N/UNKNOWN, LATITUDE/12'30'403 LONGTITUDE/120'58'750 STATION NO/0+581 -0+ 585 REMARKS/SILTED DUE SEDIMENTATION",
        "survey_date": "2023-5-4"
      },
      "geometry": {
        "type": "Point",
        "coordinates": [
          120.979168,
          12.506714
        ]
      }
    },
    {
      "type": "Feature",
      "properties": {
        "id": 222,
        "name": "032",
        "type": "Unauthorized Turnout",
        "Structure_Category": "Turnout (TO)",
        "canal_name": "LATERAL BS",
        "station": "STA 1+078.1",
        "station_m": 1078.1,
        "offset_m": 3.86,
        "desc": "",
        "comment": "TSAG/MALABNIG, C.N/LAT BS, LATITUDE/12'30'314  LONGTITUDE/120'58'334  STATION NO/1+069  REMARKS/ILLEGAL",
        "elevation_m": 19.58,
        "photo_filename": "DSC00150.jpg",
        "photo_path": "../../DCIM/10GRMN/DSC00150.jpg",
        "surveyor_comment": "TSAG/MALABNIG, C.N/LAT BS, LATITUDE/12'30'314 LONGTITUDE/120'58'334 STATION NO/1+069 REMARKS/ILLEGAL",
        "survey_date": "2023-5-3"
      },
      "geometry": {
        "type": "Point",
        "coordinates": [
          120.972393,
          12.505228
        ]
      }
    },
    {
      "type": "Feature",
      "properties": {
        "id": 85,
        "name": "073",
        "type": "Other Structures",
        "Structure_Category": "Other Structures",
        "canal_name": "LATERAL X-2 MFD 1",
        "station": "STA 0+758.1",
        "station_m": 758.13,
        "offset_m": 3.24,
        "desc": "",
        "comment": "TSAG/RAMOS IA, C.N/UNKNOWN, LATITUDE/12'30'232  LONGTITUDE/120'58'433  STATION NO/0+761  REMARKS/GOOD CONDITION",
        "elevation_m": 15.93,
        "photo_filename": "DSC00150.jpg",
        "photo_path": "../../DCIM/10GRMN/DSC00150.jpg",
        "surveyor_comment": "TSAG/RAMOS IA, C.N/UNKNOWN, LATITUDE/12'30'232 LONGTITUDE/120'58'433 STATION NO/0+761 REMARKS/GOOD CONDITION",
        "survey_date": "2023-7-4"
      },
      "geometry": {
        "type": "Point",
        "coordinates": [
          120.973882,
          12.503863
        ]
      }
    },
    {
      "type": "Feature",
      "properties": {
        "id": 82,
        "name": "070",
        "type": "Turnout",
        "Structure_Category": "Turnout (TO)",
        "canal_name": "LATERAL X-2 MFD 1",
        "station": "STA 0+485.7",
        "station_m": 485.73,
        "offset_m": 3.37,
        "desc": "",
        "comment": "TSAG/RAMOS IA, C.N/UNKNOWN, LATITUDE/12'30'335  LONGTITUDE/120'58'540  STATION NO/0+485  REMARKS/GOOD CONDITION",
        "elevation_m": 16.21,
        "photo_filename": "DSC00147.jpg",
        "photo_path": "../../DCIM/10GRMN/DSC00147.jpg",
        "surveyor_comment": "TSAG/RAMOS IA, C.N/UNKNOWN, LATITUDE/12'30'335 LONGTITUDE/120'58'540 STATION NO/0+485 REMARKS/GOOD CONDITION",
        "survey_date": "2023-5-4"
      },
      "geometry": {
        "type": "Point",
        "coordinates": [
          120.975672,
          12.505587
        ]
      }
    },
    {
      "type": "Feature",
      "properties": {
        "id": 80,
        "name": "068",
        "type": "Turnout",
        "Structure_Category": "Turnout (TO)",
        "canal_name": "LATERAL X-2 MFD 1",
        "station": "STA 0+371.1",
        "station_m": 371.08,
        "offset_m": 2.7,
        "desc": "",
        "comment": "TSAG/RAMOS IA, C.N/UNKNOWN, LATITUDE/12'30'422  LONGTITUDE/120'58'637  STATION NO/0+247  REMARKS/GOOD CONDITION",
        "elevation_m": 25.55,
        "photo_filename": "DSC00144.jpg",
        "photo_path": "../../DCIM/10GRMN/DSC00144.jpg",
        "surveyor_comment": "TSAG/RAMOS IA, C.N/UNKNOWN, LATITUDE/12'30'422 LONGTITUDE/120'58'637 STATION NO/0+247 REMARKS/GOOD CONDITION",
        "survey_date": "2023-5-4"
      },
      "geometry": {
        "type": "Point",
        "coordinates": [
          120.976456,
          12.50628
        ]
      }
    },
    {
      "type": "Feature",
      "properties": {
        "id": 78,
        "name": "066",
        "type": "Thresher Crossing",
        "Structure_Category": "Thresher Crossing",
        "canal_name": "LATERAL X-2 MFD 1",
        "station": "STA 0+244.0",
        "station_m": 244.05,
        "offset_m": 2.31,
        "desc": "",
        "comment": "TSAG/RAMOS IA, C.N/UNKNOWN, LATITUDE/12'30'424  LONGTITUDE/120'58'639  STATION NO/0+244  REMARKS/GOOD CONDITION",
        "elevation_m": 28.65,
        "photo_filename": "DSC00143.jpg",
        "photo_path": "../../DCIM/10GRMN/DSC00143.jpg",
        "surveyor_comment": "TSAG/RAMOS IA, C.N/UNKNOWN, LATITUDE/12'30'424 LONGTITUDE/120'58'639 STATION NO/0+244 REMARKS/GOOD CONDITION",
        "survey_date": "2023-5-4"
      },
      "geometry": {
        "type": "Point",
        "coordinates": [
          120.977312,
          12.507062
        ]
      }
    },
    {
      "type": "Feature",
      "properties": {
        "id": 76,
        "name": "064",
        "type": "Turnout",
        "Structure_Category": "Turnout (TO)",
        "canal_name": "LATERAL X-2 MFD 1",
        "station": "STA 0+160.3",
        "station_m": 160.25,
        "offset_m": 4.04,
        "desc": "",
        "comment": "TSAG/RAMOS IA, C.N/UNKNOWN, LATITUDE/12'30'455  LONGTITUDE/120'58'672  STATION NO/0+159  REMARKS/SILTED",
        "elevation_m": 28.4,
        "photo_filename": "DSC00141.jpg",
        "photo_path": "../../DCIM/10GRMN/DSC00141.jpg",
        "surveyor_comment": "TSAG/RAMOS IA, C.N/UNKNOWN, LATITUDE/12'30'455 LONGTITUDE/120'58'672 STATION NO/0+159 REMARKS/SILTED",
        "survey_date": "2023-5-4"
      },
      "geometry": {
        "type": "Point",
        "coordinates": [
          120.977872,
          12.50758
        ]
      }
    },
    {
      "type": "Feature",
      "properties": {
        "id": 90,
        "name": "Road crossing (0+ 824 - 829)",
        "type": "Road Crossing",
        "Structure_Category": "Road Crossing",
        "canal_name": "LATERAL SMC X-2",
        "station": "STA 0+831.0",
        "station_m": 831.02,
        "offset_m": 0.26,
        "desc": "",
        "comment": "TSAG/RAMOS IA, C.N/UNKNOWN, LATITUDE/12'30'272  LONGTITUDE/120'58'748  STATION NO/0+824 -0+ 829 REMARKS/GOOD CONDITION",
        "elevation_m": 28.69,
        "photo_filename": "DSC00157.jpg",
        "photo_path": "../../DCIM/10GRMN/DSC00157.jpg",
        "surveyor_comment": "TSAG/RAMOS IA, C.N/UNKNOWN, LATITUDE/12'30'272 LONGTITUDE/120'58'748 STATION NO/0+824 -0+ 829 REMARKS/GOOD CONDITION",
        "survey_date": "2023-5-4"
      },
      "geometry": {
        "type": "Point",
        "coordinates": [
          120.97913,
          12.504533
        ]
      }
    },
    {
      "type": "Feature",
      "properties": {
        "id": 3,
        "name": "Tresher crossing (0+002)",
        "type": "Thresher Crossing",
        "Structure_Category": "Thresher Crossing",
        "canal_name": "LATERAL SMC X-2",
        "station": "STA 0+688.9",
        "station_m": 688.88,
        "offset_m": 0.16,
        "desc": "",
        "comment": "TSAG/RAMOS IA, C.N/UNKNOWN, LATITUDE/12'30'20.9  LONGTITUDE/120'58'45.0  STATION NO/0+002  REMARKS/SEDIMENTATON",
        "elevation_m": 42.62,
        "photo_filename": "DSC00389.jpg",
        "photo_path": "../../DCIM/10GRMN/DSC00389.jpg",
        "surveyor_comment": "TSAG/RAMOS IA, C.N/UNKNOWN, LATITUDE/12'30'20.9 LONGTITUDE/120'58'45.0 STATION NO/0+002 REMARKS/SEDIMENTATON",
        "survey_date": "2023-5-4"
      },
      "geometry": {
        "type": "Point",
        "coordinates": [
          120.979157,
          12.505817
        ]
      }
    },
    {
      "type": "Feature",
      "properties": {
        "id": 73,
        "name": "Canal ling (0+000)",
        "type": "Other Structures",
        "Structure_Category": "Other Structures",
        "canal_name": "LATERAL X-2 MFD 1",
        "station": "STA 0+001.1",
        "station_m": 1.08,
        "offset_m": 0.34,
        "desc": "",
        "comment": "TSAG/RAMOS IA, C.N/UNKNOWN, LATITUDE/12'30'508  LONGTITUDE/120'58'742  STATION NO/0+000  REMARKS/SILTED",
        "elevation_m": 30.8,
        "photo_filename": "DSC00138.jpg",
        "photo_path": "../../DCIM/10GRMN/DSC00138.jpg",
        "surveyor_comment": "TSAG/RAMOS IA, C.N/UNKNOWN, LATITUDE/12'30'508 LONGTITUDE/120'58'742 STATION NO/0+000 REMARKS/SILTED",
        "survey_date": "2023-5-4"
      },
      "geometry": {
        "type": "Point",
        "coordinates": [
          120.979031,
          12.508462
        ]
      }
    },
    {
      "type": "Feature",
      "properties": {
        "id": 7,
        "name": "Turnout (0+290)",
        "type": "Turnout",
        "Structure_Category": "Turnout (TO)",
        "canal_name": "LATERAL X-2 MFD 2",
        "station": "STA 0+274.0",
        "station_m": 273.97,
        "offset_m": 6.96,
        "desc": "",
        "comment": "TSAG/RAMOS IA, C.N/UNKNOWN, LATITUDE/12'30'19.0  LONGTITUDE/120'58'36.1  STATION NO/0+229 -0+ 290  REMARKS/GOOD CONDITION",
        "elevation_m": 36.88,
        "photo_filename": "DSC00394.jpg",
        "photo_path": "../../DCIM/10GRMN/DSC00394.jpg",
        "surveyor_comment": "TSAG/RAMOS IA, C.N/UNKNOWN, LATITUDE/12'30'19.0 LONGTITUDE/120'58'36.1 STATION NO/0+229 -0+ 290 REMARKS/GOOD CONDITION",
        "survey_date": "2023-5-4"
      },
      "geometry": {
        "type": "Point",
        "coordinates": [
          120.976703,
          12.505268
        ]
      }
    },
    {
      "type": "Feature",
      "properties": {
        "id": 70,
        "name": "Canal lining (0+238)",
        "type": "Other Structures",
        "Structure_Category": "Other Structures",
        "canal_name": "LATERAL SMC X-2",
        "station": "STA 0+237.0",
        "station_m": 236.96,
        "offset_m": 1.74,
        "desc": "",
        "comment": "TSAG/RAMOS IA, C.N/SMC(X-2), LATITUDE/12'30'590  LONGTITUDE/120'58'736  STATION NO/0+238  REMARKS/CANAL ENTERING RESIDENCIAL HOUSE",
        "elevation_m": 30.55,
        "photo_filename": "DSC00135.jpg",
        "photo_path": "../../DCIM/10GRMN/DSC00135.jpg",
        "surveyor_comment": "TSAG/RAMOS IA, C.N/SMC(X-2), LATITUDE/12'30'590 LONGTITUDE/120'58'736 STATION NO/0+238 REMARKS/CANAL ENTERING RESIDENCIAL HOUSE",
        "survey_date": "2023-5-4"
      },
      "geometry": {
        "type": "Point",
        "coordinates": [
          120.978936,
          12.509834
        ]
      }
    },
    {
      "type": "Feature",
      "properties": {
        "id": 68,
        "name": "Canal lining (0+211 - 0+229",
        "type": "Road Crossing",
        "Structure_Category": "Road Crossing",
        "canal_name": "LATERAL SMC X-2",
        "station": "STA 0+225.3",
        "station_m": 225.27,
        "offset_m": 0,
        "desc": "",
        "comment": "TSAG/RAMOS IA, C.N/UNKNOWN, LATITUDE/12'30'593  LONGTITUDE/120'58'733  STATION NO/0+211 -0+ 229 REMARKS/ROAD-XING /OUTLET/SEDIMENTATION",
        "elevation_m": 30.42,
        "photo_filename": "DSC00131.jpg",
        "photo_path": "../../DCIM/10GRMN/DSC00131.jpg",
        "surveyor_comment": "TSAG/RAMOS IA, C.N/UNKNOWN, LATITUDE/12'30'593 LONGTITUDE/120'58'733 STATION NO/0+211 -0+ 229 REMARKS/ROAD-XING /OUTLET/SEDIMENTATION",
        "survey_date": "2023-5-4"
      },
      "geometry": {
        "type": "Point",
        "coordinates": [
          120.978891,
          12.509915
        ]
      }
    },
    {
      "type": "Feature",
      "properties": {
        "id": 6,
        "name": "Canal lining w/ Illegal turnout (0+241)",
        "type": "Unauthorized Turnout",
        "Structure_Category": "Turnout (TO)",
        "canal_name": "LATERAL X-2 MFD 2",
        "station": "STA 0+229.0",
        "station_m": 228.96,
        "offset_m": 9.64,
        "desc": "",
        "comment": "TSAG/RAMOS IA, C.N/UNKNOWN, LATITUDE/12'30'19.3  LONGTITUDE/120'58'37.5  STATION NO/0+241 REMARKS/ILLEGAL T.O",
        "elevation_m": 37.65,
        "photo_filename": "DSC00392.jpg",
        "photo_path": "../../DCIM/10GRMN/DSC00392.jpg",
        "surveyor_comment": "TSAG/RAMOS IA, C.N/UNKNOWN, LATITUDE/12'30'19.3 LONGTITUDE/120'58'37.5 STATION NO/0+241 REMARKS/ILLEGAL T.O",
        "survey_date": "2023-5-4"
      },
      "geometry": {
        "type": "Point",
        "coordinates": [
          120.977093,
          12.505367
        ]
      }
    },
    {
      "type": "Feature",
      "properties": {
        "id": 11,
        "name": "Tresher crossing (0+402)",
        "type": "Thresher Crossing",
        "Structure_Category": "Thresher Crossing",
        "canal_name": "LATERAL X-2 MFD 2",
        "station": "STA 0+397.5",
        "station_m": 397.47,
        "offset_m": 16.89,
        "desc": "",
        "comment": "TSAG/RAMOS IA, C.N/UNKNOWN, LATITUDE/12'30'16.2.  LONGTITUDE/120'58'34.2  STATION NO/0+402  REMARKS/GOOD CONDITION",
        "elevation_m": 34.6,
        "photo_filename": "DSC00402.jpg",
        "photo_path": "../../DCIM/10GRMN/DSC00402.jpg",
        "surveyor_comment": "TSAG/RAMOS IA, C.N/UNKNOWN, LATITUDE/12'30'16.2. LONGTITUDE/120'58'34.2 STATION NO/0+402 REMARKS/GOOD CONDITION",
        "survey_date": "2023-5-4"
      },
      "geometry": {
        "type": "Point",
        "coordinates": [
          120.976159,
          12.504488
        ]
      }
    },
    {
      "type": "Feature",
      "properties": {
        "id": 12,
        "name": "Canal lining w/ Illegal turnout (0+424)",
        "type": "Unauthorized Turnout",
        "Structure_Category": "Turnout (TO)",
        "canal_name": "LATERAL X-2 MFD 2",
        "station": "STA 0+415.3",
        "station_m": 415.32,
        "offset_m": 11.01,
        "desc": "",
        "comment": "TSAG/RAMOS IA, C.N/UNKNOWN, LATITUDE/12'30'15.6  LONGTITUDE/120'58'34.0  STATION NO/0+424 REMARKS/ILLEGAL T.O",
        "elevation_m": 32.57,
        "photo_filename": "DSC00403.jpg",
        "photo_path": "../../DCIM/10GRMN/DSC00403.jpg",
        "surveyor_comment": "TSAG/RAMOS IA, C.N/UNKNOWN, LATITUDE/12'30'15.6 LONGTITUDE/120'58'34.0 STATION NO/0+424 REMARKS/ILLEGAL T.O",
        "survey_date": "2023-5-4"
      },
      "geometry": {
        "type": "Point",
        "coordinates": [
          120.976104,
          12.504327
        ]
      }
    },
    {
      "type": "Feature",
      "properties": {
        "id": 18,
        "name": "turnout (0+560)",
        "type": "Turnout",
        "Structure_Category": "Turnout (TO)",
        "canal_name": "LATERAL X-2 MFD 2",
        "station": "STA 0+557.3",
        "station_m": 557.31,
        "offset_m": 0.63,
        "desc": "",
        "comment": "TSAG/RAMOS IA, C.N/UNKNOWN, LATITUDE/12'30'11.4  LONGTITUDE/120'58'31.8  STATION NO/0+560 REMARKS/GOOD CONDITION",
        "elevation_m": 25.92,
        "photo_filename": "DSC00413.jpg",
        "photo_path": "../../DCIM/10GRMN/DSC00413.jpg",
        "surveyor_comment": "TSAG/RAMOS IA, C.N/UNKNOWN, LATITUDE/12'30'11.4 LONGTITUDE/120'58'31.8 STATION NO/0+560 REMARKS/GOOD CONDITION",
        "survey_date": "2023-5-4"
      },
      "geometry": {
        "type": "Point",
        "coordinates": [
          120.975493,
          12.503156
        ]
      }
    },
    {
      "type": "Feature",
      "properties": {
        "id": 15,
        "name": "Canal lining w/ illegal turnout (0+491)",
        "type": "Unauthorized Turnout",
        "Structure_Category": "Turnout (TO)",
        "canal_name": "LATERAL X-2 MFD 2",
        "station": "STA 0+475.9",
        "station_m": 475.9,
        "offset_m": 10.71,
        "desc": "",
        "comment": "TSAG/RAMOS IA, C.N/UNKNOWN, LATITUDE/12'30'13.6  LONGTITUDE/120'58'33.1  STATION NO/0+491  REMARKS/ILLEGAL T.O",
        "elevation_m": 27.84,
        "photo_filename": "DSC00408.jpg",
        "photo_path": "../../DCIM/10GRMN/DSC00408.jpg",
        "surveyor_comment": "TSAG/RAMOS IA, C.N/UNKNOWN, LATITUDE/12'30'13.6 LONGTITUDE/120'58'33.1 STATION NO/0+491 REMARKS/ILLEGAL T.O",
        "survey_date": "2023-5-4"
      },
      "geometry": {
        "type": "Point",
        "coordinates": [
          120.97587,
          12.503787
        ]
      }
    },
    {
      "type": "Feature",
      "properties": {
        "id": 22,
        "name": "Canal lining w/ illegal turnout (0+635)",
        "type": "Unauthorized Turnout",
        "Structure_Category": "Turnout (TO)",
        "canal_name": "LATERAL X-2 MFD 2",
        "station": "STA 0+631.3",
        "station_m": 631.27,
        "offset_m": 0.35,
        "desc": "",
        "comment": "TSAG/RAMOS IA, C.N/UNKNOWN, LATITUDE/12'30'09.1  LONGTITUDE/120'58'30.8  STATION NO/0+635  REMARKS/ILLEGAL T.O",
        "elevation_m": 26,
        "photo_filename": "DSC00418.jpg",
        "photo_path": "../../DCIM/10GRMN/DSC00418.jpg",
        "surveyor_comment": "TSAG/RAMOS IA, C.N/UNKNOWN, LATITUDE/12'30'09.1 LONGTITUDE/120'58'30.8 STATION NO/0+635 REMARKS/ILLEGAL T.O",
        "survey_date": "2023-5-4"
      },
      "geometry": {
        "type": "Point",
        "coordinates": [
          120.975234,
          12.50254
        ]
      }
    },
    {
      "type": "Feature",
      "properties": {
        "id": 213,
        "name": "Turnout (0+478)",
        "type": "Turnout",
        "Structure_Category": "Turnout (TO)",
        "canal_name": "LATERAL BS",
        "station": "STA 0+489.0",
        "station_m": 489,
        "offset_m": 6.21,
        "desc": "",
        "comment": "TSAG/MALABNIG, C.N/LAT BS, LATITUDE/12'30'541  LONGTITUDE/120'58'562  STATION NO/0+478  REMARKS/FUNCTIONAL",
        "elevation_m": 22.09,
        "photo_filename": "DSC00141.jpg",
        "photo_path": "../../DCIM/10GRMN/DSC00141.jpg",
        "surveyor_comment": "TSAG/MALABNIG, C.N/LAT BS, LATITUDE/12'30'541 LONGTITUDE/120'58'562 STATION NO/0+478 REMARKS/FUNCTIONAL",
        "survey_date": "2023-5-3"
      },
      "geometry": {
        "type": "Point",
        "coordinates": [
          120.976033,
          12.509018
        ]
      }
    },
    {
      "type": "Feature",
      "properties": {
        "id": 218,
        "name": "Turnout (0+636)",
        "type": "Turnout",
        "Structure_Category": "Turnout (TO)",
        "canal_name": "LATERAL BS",
        "station": "STA 0+644.7",
        "station_m": 644.67,
        "offset_m": 5.38,
        "desc": "",
        "comment": "TSAG/MALABNIG, C.N/LAT BS, LATITUDE/12'30'500  LONGTITUDE/120'58'487  STATION NO/0+636  REMARKS/DAMAGE STEEL GATE",
        "elevation_m": 18.84,
        "photo_filename": "DSC00146.jpg",
        "photo_path": "../../DCIM/10GRMN/DSC00146.jpg",
        "surveyor_comment": "TSAG/MALABNIG, C.N/LAT BS, LATITUDE/12'30'500 LONGTITUDE/120'58'487 STATION NO/0+636 REMARKS/DAMAGE STEEL GATE",
        "survey_date": "2023-5-3"
      },
      "geometry": {
        "type": "Point",
        "coordinates": [
          120.974776,
          12.508331
        ]
      }
    },
    {
      "type": "Feature",
      "properties": {
        "id": 224,
        "name": "Turnout L&R (1+270)",
        "type": "Turnout",
        "Structure_Category": "Turnout (TO)",
        "canal_name": "LATERAL BS",
        "station": "STA 1+282.5",
        "station_m": 1282.5,
        "offset_m": 4.87,
        "desc": "",
        "comment": "TSAG/MALABNIG, C.N/LAT BS, LATITUDE/12'30'209  LONGTITUDE/120'58'306  STATION NO/1+270  REMARKS/FUNCTIONAL",
        "elevation_m": 19.84,
        "photo_filename": "DSC00152.jpg",
        "photo_path": "../../DCIM/10GRMN/DSC00152.jpg",
        "surveyor_comment": "TSAG/MALABNIG, C.N/LAT BS, LATITUDE/12'30'209 LONGTITUDE/120'58'306 STATION NO/1+270 REMARKS/FUNCTIONAL",
        "survey_date": "2023-5-3"
      },
      "geometry": {
        "type": "Point",
        "coordinates": [
          120.971767,
          12.503486
        ]
      }
    },
    {
      "type": "Feature",
      "properties": {
        "id": 221,
        "name": "Canal lining w/ illegal turnout (0+984)",
        "type": "Turnout",
        "Structure_Category": "Turnout (TO)",
        "canal_name": "LATERAL BS",
        "station": "STA 0+994.0",
        "station_m": 993.97,
        "offset_m": 6.45,
        "desc": "",
        "comment": "TSAG/MALABNIG, C.N/LAT BS, LATITUDE/12'30'357  LONGTITUDE/120'58'361  STATION NO/0+984  REMARKS/ILLEGAL /RIGHT SIDE",
        "elevation_m": 16.54,
        "photo_filename": "DSC00149.jpg",
        "photo_path": "../../DCIM/10GRMN/DSC00149.jpg",
        "surveyor_comment": "TSAG/MALABNIG, C.N/LAT BS, LATITUDE/12'30'357 LONGTITUDE/120'58'361 STATION NO/0+984 REMARKS/ILLEGAL /RIGHT SIDE",
        "survey_date": "2023-5-3"
      },
      "geometry": {
        "type": "Point",
        "coordinates": [
          120.972684,
          12.505943
        ]
      }
    },
    {
      "type": "Feature",
      "properties": {
        "id": 228,
        "name": "Turnout (1+456)",
        "type": "Turnout",
        "Structure_Category": "Turnout (TO)",
        "canal_name": "LATERAL BS",
        "station": "STA 1+469.4",
        "station_m": 1469.45,
        "offset_m": 5.1,
        "desc": "",
        "comment": "TSAG/MALABNIG, C.N/LAT BS, LATITUDE/12'30'113  LONGTITUDE/120'58'272  STATION NO/1+456  REMARKS/FUNCTIONAL",
        "elevation_m": 17.16,
        "photo_filename": "DSC00157.jpg",
        "photo_path": "../../DCIM/10GRMN/DSC00157.jpg",
        "surveyor_comment": "TSAG/MALABNIG, C.N/LAT BS, LATITUDE/12'30'113 LONGTITUDE/120'58'272 STATION NO/1+456 REMARKS/FUNCTIONAL",
        "survey_date": "2023-5-3"
      },
      "geometry": {
        "type": "Point",
        "coordinates": [
          120.971204,
          12.501889
        ]
      }
    },
    {
      "type": "Feature",
      "properties": {
        "id": 245,
        "name": "Tresher crossing (3+042 - 3+047)",
        "type": "Thresher Crossing",
        "Structure_Category": "Thresher Crossing",
        "canal_name": "LATERAL BS",
        "station": "STA 3+077.2",
        "station_m": 3077.25,
        "offset_m": 3.72,
        "desc": "",
        "comment": "TSAG/MALABNIG, C.N/LAT BS, LATITUDE/12'29'268  LONGTITUDE/120'58'055  STATION NO/3+042 -3+047  REMARKS/VEGETATED/SILTED",
        "elevation_m": 13.44,
        "photo_filename": "DSC00177.jpg",
        "photo_path": "../../DCIM/10GRMN/DSC00177.jpg",
        "surveyor_comment": "TSAG/MALABNIG, C.N/LAT BS, LATITUDE/12'29'268 LONGTITUDE/120'58'055 STATION NO/3+042 -3+047 REMARKS/VEGETATED/SILTED",
        "survey_date": "2023-5-3"
      },
      "geometry": {
        "type": "Point",
        "coordinates": [
          120.967584,
          12.487802
        ]
      }
    },
    {
      "type": "Feature",
      "properties": {
        "id": 238,
        "name": "Tresher crossing (2+344 -2+346)",
        "type": "Thresher Crossing",
        "Structure_Category": "Thresher Crossing",
        "canal_name": "LATERAL BS",
        "station": "STA 2+369.9",
        "station_m": 2369.87,
        "offset_m": 8.56,
        "desc": "",
        "comment": "TSAG/MALABNIG, C.N/LAT BS, LATITUDE/12'29'640  LONGTITUDE/120'58'145  STATION NO/2+344 - 2+346",
        "elevation_m": 20.4,
        "photo_filename": "DSC00168.jpg",
        "photo_path": "../../DCIM/10GRMN/DSC00168.jpg",
        "surveyor_comment": "TSAG/MALABNIG, C.N/LAT BS, LATITUDE/12'29'640 LONGTITUDE/120'58'145 STATION NO/2+344 - 2+346",
        "survey_date": "2023-5-3"
      },
      "geometry": {
        "type": "Point",
        "coordinates": [
          120.969079,
          12.494023
        ]
      }
    },
    {
      "type": "Feature",
      "properties": {
        "id": 235,
        "name": "End of lined canal (1+840)",
        "type": "Other Structures",
        "Structure_Category": "Other Structures",
        "canal_name": "LATERAL BS",
        "station": "STA 1+901.7",
        "station_m": 1901.66,
        "offset_m": 7.05,
        "desc": "",
        "comment": "TSAG/MALABNIG, C.N/LAT BS, LATITUDE/12'29'888  LONGTITUDE/120'58'207  STATION NO/1+800  REMARKS/END OF LINE CANAL",
        "elevation_m": 19.24,
        "photo_filename": "DSC00165.jpg",
        "photo_path": "../../DCIM/10GRMN/DSC00165.jpg",
        "surveyor_comment": "TSAG/MALABNIG, C.N/LAT BS, LATITUDE/12'29'888 LONGTITUDE/120'58'207 STATION NO/1+800 REMARKS/END OF LINE CANAL",
        "survey_date": "2023-5-3"
      },
      "geometry": {
        "type": "Point",
        "coordinates": [
          120.970123,
          12.498128
        ]
      }
    },
    {
      "type": "Feature",
      "properties": {
        "id": 310,
        "name": "140",
        "type": "Other Structures",
        "Structure_Category": "Other Structures",
        "canal_name": "SOUTH MAIN CANAL",
        "station": "STA 0+450.0",
        "station_m": 449.95,
        "offset_m": 2.46,
        "desc": "",
        "comment": "TSAG/RAMOS IA, C.N/SMC , LATITUDE/12'31'14.2  LONGTITUDE/120'58'02.7  STATION NO/0+465.9 REMARKS/CRACKS",
        "elevation_m": 27.04,
        "photo_filename": "DSC00290.jpg",
        "photo_path": "../../DCIM/10GRMN/DSC00290.jpg",
        "surveyor_comment": "TSAG/RAMOS IA, C.N/SMC , LATITUDE/12'31'14.2 LONGTITUDE/120'58'02.7 STATION NO/0+465.9 REMARKS/CRACKS",
        "survey_date": "2023-5-3"
      },
      "geometry": {
        "type": "Point",
        "coordinates": [
          120.984088,
          12.520601
        ]
      }
    },
    {
      "type": "Feature",
      "properties": {
        "id": 116,
        "name": "Division box (1+782)",
        "type": "Other Structures",
        "Structure_Category": "Other Structures",
        "canal_name": "4TH INTAKE MAIN CANAL",
        "station": "STA 3+302.6",
        "station_m": 3302.59,
        "offset_m": 1.12,
        "desc": "",
        "comment": "TSAG/,MATABIAGA MALAWAAN 4TH INTAKE IA, C.N/LAT AS-1 , LATITUDE/12'31'533  LONGTITUDE/120'59'252  STATION NO/1+782 REMARKS/GOOD CONDITON",
        "elevation_m": 16.25,
        "photo_filename": "DSC00193.jpg",
        "photo_path": "../../DCIM/10GRMN/DSC00193.jpg",
        "surveyor_comment": "TSAG/,MATABIAGA MALAWAAN 4TH INTAKE IA, C.N/LAT AS-1 , LATITUDE/12'31'533 LONGTITUDE/120'59'252 STATION NO/1+782 REMARKS/GOOD CONDITON",
        "survey_date": "2023-5-4"
      },
      "geometry": {
        "type": "Point",
        "coordinates": [
          120.937533,
          12.50889
        ]
      }
    },
    {
      "type": "Feature",
      "properties": {
        "id": 272,
        "name": "Turnout (1+357)",
        "type": "Turnout",
        "Structure_Category": "Turnout (TO)",
        "canal_name": "LATERAL CS",
        "station": "STA 1+376.9",
        "station_m": 1376.95,
        "offset_m": 6.08,
        "desc": "",
        "comment": "TSAG/RAMOS IA, C.N/SMC(X-2), LATITUDE/12'30'744  LONGTITUDE/120'58'645  STATION NO/1+357  REMARKS/DAMAGED",
        "elevation_m": 64.48,
        "photo_filename": "DSC00211.jpg",
        "photo_path": "../../DCIM/10GRMN/DSC00211.jpg",
        "surveyor_comment": "TSAG/RAMOS IA, C.N/SMC(X-2), LATITUDE/12'30'744 LONGTITUDE/120'58'645 STATION NO/1+357 REMARKS/DAMAGED",
        "survey_date": "2023-5-3"
      },
      "geometry": {
        "type": "Point",
        "coordinates": [
          120.97742,
          12.495727
        ]
      }
    },
    {
      "type": "Feature",
      "properties": {
        "id": 299,
        "name": "Barrel (0+075)",
        "type": "Other Structures",
        "Structure_Category": "Other Structures",
        "canal_name": "SOUTH MAIN CANAL",
        "station": "STA 0+050.6",
        "station_m": 50.58,
        "offset_m": 1.06,
        "desc": "",
        "comment": "TSAG/, C.N/SMC, LATITUDE/12'30'19.9  LONGTITUDE/120'59'14.4  STATION NO/0+075 REMARKS/DAMAGE STRUCTURE",
        "elevation_m": 42.48,
        "photo_filename": "DSC00273.jpg",
        "photo_path": "../../DCIM/10GRMN/DSC00273.jpg",
        "surveyor_comment": "TSAG/, C.N/SMC, LATITUDE/12'30'19.9 LONGTITUDE/120'59'14.4 STATION NO/0+075 REMARKS/DAMAGE STRUCTURE",
        "survey_date": "2023-5-3"
      },
      "geometry": {
        "type": "Point",
        "coordinates": [
          120.987335,
          12.522197
        ]
      }
    },
    {
      "type": "Feature",
      "properties": {
        "id": 304,
        "name": "Tresher crossing (0+221.6)",
        "type": "Thresher Crossing",
        "Structure_Category": "Thresher Crossing",
        "canal_name": "SOUTH MAIN CANAL",
        "station": "STA 0+197.5",
        "station_m": 197.5,
        "offset_m": 0.7,
        "desc": "",
        "comment": "TSAG/RAMOS IA, C.N/SMC, LATITUDE/12'31'17.5  LONGTITUDE/120'59'10.2  STATION NO/0+221.6  REMARKS/NO DEFECTS",
        "elevation_m": 27.31,
        "photo_filename": "DSC00280.jpg",
        "photo_path": "../../DCIM/10GRMN/DSC00280.jpg",
        "surveyor_comment": "TSAG/RAMOS IA, C.N/SMC, LATITUDE/12'31'17.5 LONGTITUDE/120'59'10.2 STATION NO/0+221.6 REMARKS/NO DEFECTS",
        "survey_date": "2023-5-3"
      },
      "geometry": {
        "type": "Point",
        "coordinates": [
          120.986176,
          12.521514
        ]
      }
    },
    {
      "type": "Feature",
      "properties": {
        "id": 301,
        "name": "Start of MC (0+0081.2)",
        "type": "Other Structures",
        "Structure_Category": "Other Structures",
        "canal_name": "SOUTH MAIN CANAL",
        "station": "STA 0+058.2",
        "station_m": 58.17,
        "offset_m": 3.21,
        "desc": "",
        "comment": "TSAG/, C.N/ , LATITUDE/12'31'19.9  LONGTITUDE/120'59'13.3  STATION NO/0+81.2  REMARKS/START OF MC",
        "elevation_m": 42.53,
        "photo_filename": "DSC00275.jpg",
        "photo_path": "../../DCIM/10GRMN/DSC00275.jpg",
        "surveyor_comment": "TSAG/, C.N/ , LATITUDE/12'31'19.9 LONGTITUDE/120'59'13.3 STATION NO/0+81.2 REMARKS/START OF MC",
        "survey_date": "2023-5-3"
      },
      "geometry": {
        "type": "Point",
        "coordinates": [
          120.987255,
          12.522193
        ]
      }
    },
    {
      "type": "Feature",
      "properties": {
        "id": 307,
        "name": "Illegal TO (0+312)",
        "type": "Unauthorized Turnout",
        "Structure_Category": "Turnout (TO)",
        "canal_name": "SOUTH MAIN CANAL",
        "station": "STA 0+292.1",
        "station_m": 292.09,
        "offset_m": 0.05,
        "desc": "",
        "comment": "TSAG/, C.N/SMC, LATITUDE/12'31'15.9  LONGTITUDE/120'59'7.5  STATION NO/0+312  REMARKS/ILLEGAL T.O",
        "elevation_m": 24.85,
        "photo_filename": "DSC00283.jpg",
        "photo_path": "../../DCIM/10GRMN/DSC00283.jpg",
        "surveyor_comment": "TSAG/, C.N/SMC, LATITUDE/12'31'15.9 LONGTITUDE/120'59'7.5 STATION NO/0+312 REMARKS/ILLEGAL T.O",
        "survey_date": "2025-5-3"
      },
      "geometry": {
        "type": "Point",
        "coordinates": [
          120.98543,
          12.521074
        ]
      }
    },
    {
      "type": "Feature",
      "properties": {
        "id": 120,
        "name": "Trapezoidal canal linning",
        "type": "Other Structures",
        "Structure_Category": "Other Structures",
        "canal_name": "SOUTH MAIN CANAL",
        "station": "STA 0+357.1",
        "station_m": 357.09,
        "offset_m": 0.27,
        "desc": "",
        "comment": "TSAG/RAMOS IA, C.N/SMC , LATITUDE/12'31'248  LONGTITUDE/120'59'094  STATION NO/0+314  REMARKS/SILTED COLLAPSE",
        "elevation_m": 42.22,
        "photo_filename": "DSC00197.jpg",
        "photo_path": "../../DCIM/10GRMN/DSC00197.jpg",
        "surveyor_comment": "TSAG/RAMOS IA, C.N/SMC , LATITUDE/12'31'248 LONGTITUDE/120'59'094 STATION NO/0+314 REMARKS/SILTED COLLAPSE",
        "survey_date": "2023-5-5"
      },
      "geometry": {
        "type": "Point",
        "coordinates": [
          120.984904,
          12.520795
        ]
      }
    },
    {
      "type": "Feature",
      "properties": {
        "id": 308,
        "name": "Turnout (0+426)",
        "type": "Turnout",
        "Structure_Category": "Turnout (TO)",
        "canal_name": "SOUTH MAIN CANAL",
        "station": "STA 0+406.1",
        "station_m": 406.09,
        "offset_m": 0.35,
        "desc": "",
        "comment": "TSAG/, C.N/SMC, LATITUDE/12'29'14.3  LONGTITUDE/120'59'4.2  STATION NO/0+426  REMARKS/NEWLY CONSTRUCTED",
        "elevation_m": 24.74,
        "photo_filename": "DSC00284.jpg",
        "photo_path": "../../DCIM/10GRMN/DSC00284.jpg",
        "surveyor_comment": "TSAG/, C.N/SMC, LATITUDE/12'29'14.3 LONGTITUDE/120'59'4.2 STATION NO/0+426 REMARKS/NEWLY CONSTRUCTED",
        "survey_date": "2023-5-3"
      },
      "geometry": {
        "type": "Point",
        "coordinates": [
          120.984487,
          12.520637
        ]
      }
    },
    {
      "type": "Feature",
      "properties": {
        "id": 164,
        "name": "Start of Trapezoidal canal (0+690)",
        "type": "Other Structures",
        "Structure_Category": "Other Structures",
        "canal_name": "LATERAL AS MFD 1",
        "station": "STA 0+135.1",
        "station_m": 135.09,
        "offset_m": 4.56,
        "desc": "",
        "comment": "TSAG/MATABIAGA MALAWAAN IA, C.N/LAT AS, LATITUDE/12'30'57.39 LONGTITUDE/120'58'22.34 STATION NO/0+690  REMARKS/SILTED TRAPEZOIDAL CANAL SILTED",
        "elevation_m": 29.62,
        "photo_filename": "DSC00200.jpg",
        "photo_path": "../../DCIM/1000GRMN/DSC00200.jpg",
        "surveyor_comment": "TSAG/MATABIAGA MALAWAAN IA, C.N/LAT AS, LATITUDE/12'30'57.39 LONGTITUDE/120'58'22.34 STATION NO/0+690 REMARKS/SILTED TRAPEZOIDAL CANAL SILTED",
        "survey_date": "2024-5-3"
      },
      "geometry": {
        "type": "Point",
        "coordinates": [
          120.97287,
          12.515941
        ]
      }
    },
    {
      "type": "Feature",
      "properties": {
        "id": 123,
        "name": "Road crossing w/ Oulet (0+423 - 0+435)",
        "type": "Road Crossing",
        "Structure_Category": "Road Crossing",
        "canal_name": "SOUTH MAIN CANAL",
        "station": "STA 0+469.8",
        "station_m": 469.84,
        "offset_m": 1.79,
        "desc": "",
        "comment": "TSAG/RAMOS IA, C.N/SMC, LATITUDE/12'31'235  LONGTITUDE/120'59'024  STATION NO/0+423 - 0+435  REMARKS/SILTED/ VEGETATION",
        "elevation_m": 33.45,
        "photo_filename": "DSC00200.jpg",
        "photo_path": "../../DCIM/10GRMN/DSC00200.jpg",
        "surveyor_comment": "TSAG/RAMOS IA, C.N/SMC, LATITUDE/12'31'235 LONGTITUDE/120'59'024 STATION NO/0+423 - 0+435 REMARKS/SILTED/ VEGETATION",
        "survey_date": "2023-5-5"
      },
      "geometry": {
        "type": "Point",
        "coordinates": [
          120.9839,
          12.520589
        ]
      }
    },
    {
      "type": "Feature",
      "properties": {
        "id": 313,
        "name": "Concrete canal lining (0+520.5)",
        "type": "Other Structures",
        "Structure_Category": "Other Structures",
        "canal_name": "SOUTH MAIN CANAL",
        "station": "STA 0+506.4",
        "station_m": 506.36,
        "offset_m": 3.64,
        "desc": "",
        "comment": "TSAG/, C.N/SMC , LATITUDE/12'31'13.7  LONGTITUDE/120'58'009  STATION NO/1+520.5 REMARKS/ON GOING",
        "elevation_m": 33.08,
        "photo_filename": "DSC00295.jpg",
        "photo_path": "../../DCIM/10GRMN/DSC00295.jpg",
        "surveyor_comment": "TSAG/, C.N/SMC , LATITUDE/12'31'13.7 LONGTITUDE/120'58'009 STATION NO/1+520.5 REMARKS/ON GOING",
        "survey_date": "2023-5-3"
      },
      "geometry": {
        "type": "Point",
        "coordinates": [
          120.983597,
          12.520472
        ]
      }
    },
    {
      "type": "Feature",
      "properties": {
        "id": 315,
        "name": "End of concrete canal lining (0+654)",
        "type": "Other Structures",
        "Structure_Category": "Other Structures",
        "canal_name": "SOUTH MAIN CANAL",
        "station": "STA 0+632.7",
        "station_m": 632.67,
        "offset_m": 2.61,
        "desc": "",
        "comment": "TSAG/RAMOS IA, C.N/SMC , LATITUDE/12'31'12.7  LONGTITUDE/120'58'56.9  STATION NO/1+654 REMARKS/NO DEFECT",
        "elevation_m": 32.27,
        "photo_filename": "DSC00298.jpg",
        "photo_path": "../../DCIM/10GRMN/DSC00298.jpg",
        "surveyor_comment": "TSAG/RAMOS IA, C.N/SMC , LATITUDE/12'31'12.7 LONGTITUDE/120'58'56.9 STATION NO/1+654 REMARKS/NO DEFECT",
        "survey_date": "2023-5-3"
      },
      "geometry": {
        "type": "Point",
        "coordinates": [
          120.982465,
          12.520192
        ]
      }
    },
    {
      "type": "Feature",
      "properties": {
        "id": 128,
        "name": "Turnout (0+849)",
        "type": "Turnout",
        "Structure_Category": "Turnout (TO)",
        "canal_name": "SECONDARY MAIN CANAL",
        "station": "STA 0+842.7",
        "station_m": 842.68,
        "offset_m": 3.24,
        "desc": "",
        "comment": "TSAG/RAMOS IA, C.N/SMC , LATITUDE/12'31'122  LONGTITUDE/120'58'849  STATION NO/1+849 REMARKS/SILTED VEGETATION",
        "elevation_m": 33.15,
        "photo_filename": "DSC00209.jpg",
        "photo_path": "../../DCIM/10GRMN/DSC00209.jpg",
        "surveyor_comment": "TSAG/RAMOS IA, C.N/SMC , LATITUDE/12'31'122 LONGTITUDE/120'58'849 STATION NO/1+849 REMARKS/SILTED VEGETATION",
        "survey_date": "2023-5-5"
      },
      "geometry": {
        "type": "Point",
        "coordinates": [
          120.980809,
          12.518707
        ]
      }
    },
    {
      "type": "Feature",
      "properties": {
        "id": 129,
        "name": "Turnout (1+116)",
        "type": "Turnout",
        "Structure_Category": "Turnout (TO)",
        "canal_name": "SECONDARY MAIN CANAL",
        "station": "STA 1+117.6",
        "station_m": 1117.59,
        "offset_m": 6.48,
        "desc": "",
        "comment": "TSAG/RAMOS IA, C.N/SMC , LATITUDE/12'31'00.8  LONGTITUDE/120'58'7.51  STATION NO/1+116 REMARKS/SILTED",
        "elevation_m": 33.25,
        "photo_filename": "DSC00210.jpg",
        "photo_path": "../../DCIM/10GRMN/DSC00210.jpg",
        "surveyor_comment": "TSAG/RAMOS IA, C.N/SMC , LATITUDE/12'31'00.8 LONGTITUDE/120'58'7.51 STATION NO/1+116 REMARKS/SILTED",
        "survey_date": "2023-5-5"
      },
      "geometry": {
        "type": "Point",
        "coordinates": [
          120.979177,
          12.5168
        ]
      }
    },
    {
      "type": "Feature",
      "properties": {
        "id": 173,
        "name": "Trapezoidal canal (0+942)",
        "type": "Other Structures",
        "Structure_Category": "Other Structures",
        "canal_name": "LATERAL AS MFD 1",
        "station": "STA 0+387.6",
        "station_m": 387.58,
        "offset_m": 9.72,
        "desc": "",
        "comment": "TSAG/MATABIAGA MALAWAAN IA, C.N/LAT AS, LATITUDE/12'30'3.39 LONGTITUDE/120'58'17.82 STATION NO/0+942 REMARKS/DAMAGE WALL/TRAPEZOIDAL CANAL",
        "elevation_m": 31.05,
        "photo_filename": "DSC00209.jpg",
        "photo_path": "../../DCIM/1000GRMN/DSC00209.jpg",
        "surveyor_comment": "TSAG/MATABIAGA MALAWAAN IA, C.N/LAT AS, LATITUDE/12'30'3.39 LONGTITUDE/120'58'17.82 STATION NO/0+942 REMARKS/DAMAGE WALL/TRAPEZOIDAL CANAL",
        "survey_date": "2023-5-3"
      },
      "geometry": {
        "type": "Point",
        "coordinates": [
          120.971618,
          12.517607
        ]
      }
    },
    {
      "type": "Feature",
      "properties": {
        "id": 339,
        "name": "Intake (0+000)",
        "type": "Intake",
        "Structure_Category": "Inlet",
        "canal_name": "4TH INTAKE MAIN CANAL",
        "station": "STA 0+000.0",
        "station_m": 0,
        "offset_m": 3.36,
        "desc": "",
        "comment": "TSAG/MALAWAAN 4TH INTAKE IA, C.N/4TH INTAKE , LATITUDE/12'30'28.7  LONGTITUDE/120'58'26.9  STATION NO/0+000 REMARKS/MAJOR CRACKS",
        "elevation_m": 20.14,
        "photo_filename": "DSC00342.jpg",
        "photo_path": "../../DCIM/10GRMN/DSC00342.jpg",
        "surveyor_comment": "TSAG/MALAWAAN 4TH INTAKE IA, C.N/4TH INTAKE , LATITUDE/12'30'28.7 LONGTITUDE/120'58'26.9 STATION NO/0+000 REMARKS/MAJOR CRACKS",
        "survey_date": "2023-5-3"
      },
      "geometry": {
        "type": "Point",
        "coordinates": [
          120.957483,
          12.524652
        ]
      }
    },
    {
      "type": "Feature",
      "properties": {
        "id": 174,
        "name": "Trapezoidal canal (0+958.6)",
        "type": "Other Structures",
        "Structure_Category": "Other Structures",
        "canal_name": "LATERAL AS MFD 1",
        "station": "STA 0+411.9",
        "station_m": 411.92,
        "offset_m": 2.05,
        "desc": "",
        "comment": "TSAG/MATABIAGA MALAWAAN IA, C.N/LAT AS, LATITUDE/12'30'3.99 LONGTITUDE/120'58'17.25 STATION NO/0+958.6 REMARKS/COLLAPSE WALL/TRAPEZOIDAL CANAL",
        "elevation_m": 28.51,
        "photo_filename": "DSC00210.jpg",
        "photo_path": "../../DCIM/1000GRMN/DSC00210.jpg",
        "surveyor_comment": "TSAG/MATABIAGA MALAWAAN IA, C.N/LAT AS, LATITUDE/12'30'3.99 LONGTITUDE/120'58'17.25 STATION NO/0+958.6 REMARKS/COLLAPSE WALL/TRAPEZOIDAL CANAL",
        "survey_date": "2023-5-3"
      },
      "geometry": {
        "type": "Point",
        "coordinates": [
          120.971458,
          12.517774
        ]
      }
    },
    {
      "type": "Feature",
      "properties": {
        "id": 176,
        "name": "Start of Earth canal (0+995)",
        "type": "Other Structures",
        "Structure_Category": "Other Structures",
        "canal_name": "LATERAL AS MFD 1",
        "station": "STA 0+442.0",
        "station_m": 441.98,
        "offset_m": 4.5,
        "desc": "",
        "comment": "TSAG/MATABIAGA MALAWAAN IA, C.N/LAT AS, LATITUDE/12'30'4.98 LONGTITUDE/120'58'17.06 STATION NO/1+995 REMARKS/START OF UNLINED CANAL",
        "elevation_m": 27.86,
        "photo_filename": "DSC00212.jpg",
        "photo_path": "../../DCIM/1000GRMN/DSC00212.jpg",
        "surveyor_comment": "TSAG/MATABIAGA MALAWAAN IA, C.N/LAT AS, LATITUDE/12'30'4.98 LONGTITUDE/120'58'17.06 STATION NO/1+995 REMARKS/START OF UNLINED CANAL",
        "survey_date": "2023-5-3"
      },
      "geometry": {
        "type": "Point",
        "coordinates": [
          120.971357,
          12.518028
        ]
      }
    },
    {
      "type": "Feature",
      "properties": {
        "id": 354,
        "name": "Barrel (1+090)",
        "type": "Other Structures",
        "Structure_Category": "Other Structures",
        "canal_name": "4TH INTAKE MAIN CANAL",
        "station": "STA 1+114.8",
        "station_m": 1114.82,
        "offset_m": 1.27,
        "desc": "",
        "comment": "TSAG/MALAWAAN INTAKE IA, C.N/4TH INTAKE , LATITUDE/12'31'11.7  LONGTITUDE/120'59'11.2  STATION NO/0+090",
        "elevation_m": 33.1,
        "photo_filename": "DSC00363.jpg",
        "photo_path": "../../DCIM/10GRMN/DSC00363.jpg",
        "surveyor_comment": "TSAG/MALAWAAN INTAKE IA, C.N/4TH INTAKE , LATITUDE/12'31'11.7 LONGTITUDE/120'59'11.2 STATION NO/0+090",
        "survey_date": "2023-5-3"
      },
      "geometry": {
        "type": "Point",
        "coordinates": [
          120.953101,
          12.519929
        ]
      }
    },
    {
      "type": "Feature",
      "properties": {
        "id": 248,
        "name": "Slope Protection (0+000)",
        "type": "Other Structures",
        "Structure_Category": "Other Structures",
        "canal_name": "4TH INTAKE MAIN CANAL",
        "station": "STA 0+066.7",
        "station_m": 66.71,
        "offset_m": 7.73,
        "desc": "",
        "comment": "TSAG/MALAWAAN 4TH INTAKE IA, C.N/4TH INTAKE , LATITUDE/12'30'430  LONGTITUDE/120'58'411  STATION NO/0+000 REMARKS/DAMAGE CUT OF WALL",
        "elevation_m": 22.08,
        "photo_filename": "DSC00180.jpg",
        "photo_path": "../../DCIM/10GRMN/DSC00180.jpg",
        "surveyor_comment": "TSAG/MALAWAAN 4TH INTAKE IA, C.N/4TH INTAKE , LATITUDE/12'30'430 LONGTITUDE/120'58'411 STATION NO/0+000 REMARKS/DAMAGE CUT OF WALL",
        "survey_date": "2023-5-3"
      },
      "geometry": {
        "type": "Point",
        "coordinates": [
          120.956855,
          12.524837
        ]
      }
    },
    {
      "type": "Feature",
      "properties": {
        "id": 356,
        "name": "Manhole (1+204)",
        "type": "Other Structures",
        "Structure_Category": "Other Structures",
        "canal_name": "4TH INTAKE MAIN CANAL",
        "station": "STA 1+229.4",
        "station_m": 1229.44,
        "offset_m": 0.46,
        "desc": "",
        "comment": "TSAG/MALAWAAN 4TH INTAKE IA, C.N/4TH INTAKE , LATITUDE/12'31'08.4  LONGTITUDE/120'59'9.6  STATION NO/1+204 REMARKS/NO COVER",
        "elevation_m": 30.85,
        "photo_filename": "DSC00365.jpg",
        "photo_path": "../../DCIM/10GRMN/DSC00365.jpg",
        "surveyor_comment": "TSAG/MALAWAAN 4TH INTAKE IA, C.N/4TH INTAKE , LATITUDE/12'31'08.4 LONGTITUDE/120'59'9.6 STATION NO/1+204 REMARKS/NO COVER",
        "survey_date": "2023-5-3"
      },
      "geometry": {
        "type": "Point",
        "coordinates": [
          120.952668,
          12.519011
        ]
      }
    },
    {
      "type": "Feature",
      "properties": {
        "id": 274,
        "name": "Drainage (1+548)",
        "type": "Drainage",
        "Structure_Category": "Drainage",
        "canal_name": "LATERAL CS",
        "station": "STA 1+570.6",
        "station_m": 1570.65,
        "offset_m": 3.91,
        "desc": "",
        "comment": "TSAG/RAMOS IA, C.N/SMC(X-2), LATITUDE/12'30'653  LONGTITUDE/120'58'591  STATION NO/1+548  REMARKS/FUNCTIONAL",
        "elevation_m": 57.85,
        "photo_filename": "DSC00213.jpg",
        "photo_path": "../../DCIM/10GRMN/DSC00213.jpg",
        "surveyor_comment": "TSAG/RAMOS IA, C.N/SMC(X-2), LATITUDE/12'30'653 LONGTITUDE/120'58'591 STATION NO/1+548 REMARKS/FUNCTIONAL",
        "survey_date": "2023-5-3"
      },
      "geometry": {
        "type": "Point",
        "coordinates": [
          120.976521,
          12.494214
        ]
      }
    },
    {
      "type": "Feature",
      "properties": {
        "id": 92,
        "name": "Canal lining (1+205)",
        "type": "Other Structures",
        "Structure_Category": "Other Structures",
        "canal_name": "LATERAL SMC X-2",
        "station": "STA 1+029.7",
        "station_m": 1029.71,
        "offset_m": 0.75,
        "desc": "",
        "comment": "TSAG/RAMOS IA, C.N/SMC(X-2), LATITUDE/12'30'166  LONGTITUDE/120'58'730  STATION NO/0+25  REMARKS/VEGETATED AND SILTED",
        "elevation_m": 27.38,
        "photo_filename": "DSC00159.jpg",
        "photo_path": "../../DCIM/10GRMN/DSC00159.jpg",
        "surveyor_comment": "TSAG/RAMOS IA, C.N/SMC(X-2), LATITUDE/12'30'166 LONGTITUDE/120'58'730 STATION NO/0+25 REMARKS/VEGETATED AND SILTED",
        "survey_date": "2023-5-4"
      },
      "geometry": {
        "type": "Point",
        "coordinates": [
          120.97883,
          12.502764
        ]
      }
    },
    {
      "type": "Feature",
      "properties": {
        "id": 270,
        "name": "Turnout (1+219)",
        "type": "Turnout",
        "Structure_Category": "Turnout (TO)",
        "canal_name": "LATERAL CS",
        "station": "STA 1+237.0",
        "station_m": 1237.05,
        "offset_m": 4.5,
        "desc": "",
        "comment": "TSAG/CABANABAHAN, C.N/LAT CS, LATITUDE/12'30'808  LONGTITUDE/120'58'685  STATION NO/1+219 REMARKS/FICTIONAL",
        "elevation_m": 20.18,
        "photo_filename": "DSC00207.jpg",
        "photo_path": "../../DCIM/10GRMN/DSC00207.jpg",
        "surveyor_comment": "TSAG/CABANABAHAN, C.N/LAT CS, LATITUDE/12'30'808 LONGTITUDE/120'58'685 STATION NO/1+219 REMARKS/FICTIONAL",
        "survey_date": "2023-5-3"
      },
      "geometry": {
        "type": "Point",
        "coordinates": [
          120.978091,
          12.496805
        ]
      }
    },
    {
      "type": "Feature",
      "properties": {
        "id": 291,
        "name": "Turnout (0+803)",
        "type": "Turnout",
        "Structure_Category": "Turnout (TO)",
        "canal_name": "LATERAL CS-1",
        "station": "STA 0+819.0",
        "station_m": 818.96,
        "offset_m": 0.39,
        "desc": "",
        "comment": "TSAG/CABANABAHAN IA, C.N/LAT CS-1, LATITUDE/12'30'918  LONGTITUDE/120'59'104  STATION NO/0+803 REMARKS/GOOD CONDITION",
        "elevation_m": 25.94,
        "photo_filename": "DSC00235.jpg",
        "photo_path": "../../DCIM/10GRMN/DSC00235.jpg",
        "surveyor_comment": "TSAG/CABANABAHAN IA, C.N/LAT CS-1, LATITUDE/12'30'918 LONGTITUDE/120'59'104 STATION NO/0+803 REMARKS/GOOD CONDITION",
        "survey_date": "2023-5-3"
      },
      "geometry": {
        "type": "Point",
        "coordinates": [
          120.985058,
          12.498638
        ]
      }
    },
    {
      "type": "Feature",
      "properties": {
        "id": 293,
        "name": "Turnout (0+862)",
        "type": "Turnout",
        "Structure_Category": "Turnout (TO)",
        "canal_name": "LATERAL CS-1",
        "station": "STA 0+879.3",
        "station_m": 879.31,
        "offset_m": 1.05,
        "desc": "",
        "comment": "TSAG/CABANABAHAN IA, C.N/LAT CS-1, LATITUDE/12'30'889  LONGTITUDE/120'58'117  STATION NO/0+862 REMARKS/GOOD CONDITION",
        "elevation_m": 24.97,
        "photo_filename": "DSC00238.jpg",
        "photo_path": "../../DCIM/10GRMN/DSC00238.jpg",
        "surveyor_comment": "TSAG/CABANABAHAN IA, C.N/LAT CS-1, LATITUDE/12'30'889 LONGTITUDE/120'58'117 STATION NO/0+862 REMARKS/GOOD CONDITION",
        "survey_date": "2023-5-3"
      },
      "geometry": {
        "type": "Point",
        "coordinates": [
          120.985293,
          12.498144
        ]
      }
    },
    {
      "type": "Feature",
      "properties": {
        "id": 309,
        "name": "Turnout (0+447.5)",
        "type": "Turnout",
        "Structure_Category": "Turnout (TO)",
        "canal_name": "SOUTH MAIN CANAL",
        "station": "STA 0+434.0",
        "station_m": 433.99,
        "offset_m": 1.66,
        "desc": "",
        "comment": "TSAG/, C.N/SMC, LATITUDE/12'29'14.2  LONGTITUDE/120'59'3.3  STATION NO/3+447.5  REMARKS/ONGOING",
        "elevation_m": 24.84,
        "photo_filename": "DSC00285.jpg",
        "photo_path": "../../DCIM/10GRMN/DSC00285.jpg",
        "surveyor_comment": "TSAG/, C.N/SMC, LATITUDE/12'29'14.2 LONGTITUDE/120'59'3.3 STATION NO/3+447.5 REMARKS/ONGOING",
        "survey_date": "2023-5-3"
      },
      "geometry": {
        "type": "Point",
        "coordinates": [
          120.984235,
          12.520604
        ]
      }
    },
    {
      "type": "Feature",
      "properties": {
        "id": 122,
        "name": "Road crossing w/ Inlet (0+423 - 0+435)",
        "type": "Road Crossing",
        "Structure_Category": "Road Crossing",
        "canal_name": "SOUTH MAIN CANAL",
        "station": "STA 0+468.9",
        "station_m": 468.9,
        "offset_m": 1.92,
        "desc": "",
        "comment": "TSAG/RAMOS IA, C.N/SMC, LATITUDE/12'31'236  LONGTITUDE/120'59'025  STATION NO/0+423 - 0+425  REMARKS/SILTED/ ROAD-XING",
        "elevation_m": 33.82,
        "photo_filename": "DSC00199.jpg",
        "photo_path": "../../DCIM/10GRMN/DSC00199.jpg",
        "surveyor_comment": "TSAG/RAMOS IA, C.N/SMC, LATITUDE/12'31'236 LONGTITUDE/120'59'025 STATION NO/0+423 - 0+425 REMARKS/SILTED/ ROAD-XING",
        "survey_date": "2025-5-5"
      },
      "geometry": {
        "type": "Point",
        "coordinates": [
          120.983915,
          12.520596
        ]
      }
    },
    {
      "type": "Feature",
      "properties": {
        "id": 131,
        "name": "Road crossing w/ outlet (1+123 - 1+133)",
        "type": "Road Crossing",
        "Structure_Category": "Road Crossing",
        "canal_name": "SECONDARY MAIN CANAL",
        "station": "STA 1+130.9",
        "station_m": 1130.86,
        "offset_m": 2.01,
        "desc": "",
        "comment": "TSAG/RAMOS IA, C.N/SMC , LATITUDE/12'31'000  LONGTITUDE/120'58'750  STATION NO/1+123 - 1+133 REMARKS/SILTED/ROAD XING /OUTLET",
        "elevation_m": 35.07,
        "photo_filename": "DSC00212.jpg",
        "photo_path": "../../DCIM/10GRMN/DSC00212.jpg",
        "surveyor_comment": "TSAG/RAMOS IA, C.N/SMC , LATITUDE/12'31'000 LONGTITUDE/120'58'750 STATION NO/1+123 - 1+133 REMARKS/SILTED/ROAD XING /OUTLET",
        "survey_date": "2023-5-5"
      },
      "geometry": {
        "type": "Point",
        "coordinates": [
          120.979165,
          12.516674
        ]
      }
    },
    {
      "type": "Feature",
      "properties": {
        "id": 168,
        "name": "Trapezoidal canal (0+789)",
        "type": "Other Structures",
        "Structure_Category": "Other Structures",
        "canal_name": "LATERAL AS MFD 1",
        "station": "STA 0+237.9",
        "station_m": 237.9,
        "offset_m": 7.73,
        "desc": "",
        "comment": "TSAG/MATABIAGA MALAWAAN IA, C.N/LAT AS, LATITUDE/12'30'58.99 LONGTITUDE/120'58'19.97 STATION NO/1+789 REMARKS/COLLAPSE WALL/TRAPEZOIDAL CANAL",
        "elevation_m": 31.96,
        "photo_filename": "DSC00204.jpg",
        "photo_path": "../../DCIM/1000GRMN/DSC00204.jpg",
        "surveyor_comment": "TSAG/MATABIAGA MALAWAAN IA, C.N/LAT AS, LATITUDE/12'30'58.99 LONGTITUDE/120'58'19.97 STATION NO/1+789 REMARKS/COLLAPSE WALL/TRAPEZOIDAL CANAL",
        "survey_date": "2023-6-3"
      },
      "geometry": {
        "type": "Point",
        "coordinates": [
          120.972215,
          12.516387
        ]
      }
    },
    {
      "type": "Feature",
      "properties": {
        "id": 193,
        "name": "Head gate of unnamed canal (2+624.2)",
        "type": "Head Gate",
        "Structure_Category": "Head Gate",
        "canal_name": "LATERAL AS",
        "station": "STA 2+627.5",
        "station_m": 2627.52,
        "offset_m": 3.34,
        "desc": "",
        "comment": "TSAG/MATABIAGA MALAWAAN IA, LAT AS, LATITUDE/12'30'48.98 LONGTITUDE/120'57'21.28 STATION NO/2+624.2 REMARKS/STEEL GATE WITH MISSING PARTS/ STEEL GATE",
        "elevation_m": 29.62,
        "photo_filename": "DSC00231.jpg",
        "photo_path": "../../DCIM/1000GRMN/DSC00231.jpg",
        "surveyor_comment": "TSAG/MATABIAGA MALAWAAN IA, LAT AS, LATITUDE/12'30'48.98 LONGTITUDE/120'57'21.28 STATION NO/2+624.2 REMARKS/STEEL GATE WITH MISSING PARTS/ STEEL GATE",
        "survey_date": "2023-5-3"
      },
      "geometry": {
        "type": "Point",
        "coordinates": [
          120.95591,
          12.513606
        ]
      }
    },
    {
      "type": "Feature",
      "properties": {
        "id": 275,
        "name": "Drainage (1+600)",
        "type": "Drainage",
        "Structure_Category": "Drainage",
        "canal_name": "LATERAL CS",
        "station": "STA 1+618.3",
        "station_m": 1618.32,
        "offset_m": 9.14,
        "desc": "",
        "comment": "TSAG/RAMOS IA, C.N/SMC(X-2), LATITUDE/12'30'632  LONGTITUDE/120'58'575  STATION NO/1+600  REMARKS/FUNCTIONAL",
        "elevation_m": 23.93,
        "photo_filename": "DSC00214.jpg",
        "photo_path": "../../DCIM/10GRMN/DSC00214.jpg",
        "surveyor_comment": "TSAG/RAMOS IA, C.N/SMC(X-2), LATITUDE/12'30'632 LONGTITUDE/120'58'575 STATION NO/1+600 REMARKS/FUNCTIONAL",
        "survey_date": "2023-5-3"
      },
      "geometry": {
        "type": "Point",
        "coordinates": [
          120.976255,
          12.49387
        ]
      }
    },
    {
      "type": "Feature",
      "properties": {
        "id": 24,
        "name": "Head gate (0+000)",
        "type": "Head Gate",
        "Structure_Category": "Head Gate",
        "canal_name": "LATERAL AS",
        "station": "STA 2+627.7",
        "station_m": 2627.72,
        "offset_m": 1.17,
        "desc": "",
        "comment": "TSAG/MATABIAGA MALAWAAN IA, C.N/UNKNOW, LATITUDE/12'30'48.9 LONGTITUDE/120'57'21.4 STATION NO/0+000 REMARKS/HEAD GATE GOOD CONDITION",
        "elevation_m": 24.38,
        "photo_filename": "DSC00422.jpg",
        "photo_path": "../../DCIM/10GRMN/DSC00422.jpg",
        "surveyor_comment": "TSAG/MATABIAGA MALAWAAN IA, C.N/UNKNOW, LATITUDE/12'30'48.9 LONGTITUDE/120'57'21.4 STATION NO/0+000 REMARKS/HEAD GATE GOOD CONDITION",
        "survey_date": "2023-7-4"
      },
      "geometry": {
        "type": "Point",
        "coordinates": [
          120.955937,
          12.513575
        ]
      }
    },
    {
      "type": "Feature",
      "properties": {
        "id": 26,
        "name": "Trapezoidal canal lining (0+041)",
        "type": "Other Structures",
        "Structure_Category": "Other Structures",
        "canal_name": "LATERAL AS MFD 3",
        "station": "STA 0+041.1",
        "station_m": 41.12,
        "offset_m": 1.44,
        "desc": "",
        "comment": "TSAG/MATABIAGA MALAWAAN IA, C.N/UNKNOW, LATITUDE/12'30'47.9 LONGTITUDE/120'57'22.3 STATION NO/0+041 REMARKS/DAMAGE CANAL LININNG",
        "elevation_m": 25.95,
        "photo_filename": "DSC00426.jpg",
        "photo_path": "../../DCIM/10GRMN/DSC00426.jpg",
        "surveyor_comment": "TSAG/MATABIAGA MALAWAAN IA, C.N/UNKNOW, LATITUDE/12'30'47.9 LONGTITUDE/120'57'22.3 STATION NO/0+041 REMARKS/DAMAGE CANAL LININNG",
        "survey_date": "2023-5-4"
      },
      "geometry": {
        "type": "Point",
        "coordinates": [
          120.956186,
          12.513313
        ]
      }
    },
    {
      "type": "Feature",
      "properties": {
        "id": 41,
        "name": "Trapezoidal canal lining (0+581)",
        "type": "Unauthorized Turnout",
        "Structure_Category": "Turnout (TO)",
        "canal_name": "LATERAL AS MFD 3",
        "station": "STA 0+583.6",
        "station_m": 583.63,
        "offset_m": 3.38,
        "desc": "",
        "comment": "TSAG/MATABIAGA MALAWAAN IA, C.N/UNKNOW, LATITUDE/12'30'32.8 LONGTITUDE/120'57'16.2 STATION NO/0+581 REMARKS/ILLEGAL T.O",
        "elevation_m": 20.2,
        "photo_filename": "DSC00455.jpg",
        "photo_path": "../../DCIM/10GRMN/DSC00455.jpg",
        "surveyor_comment": "TSAG/MATABIAGA MALAWAAN IA, C.N/UNKNOW, LATITUDE/12'30'32.8 LONGTITUDE/120'57'16.2 STATION NO/0+581 REMARKS/ILLEGAL T.O",
        "survey_date": "2023-5-4"
      },
      "geometry": {
        "type": "Point",
        "coordinates": [
          120.954488,
          12.509118
        ]
      }
    },
    {
      "type": "Feature",
      "properties": {
        "id": 45,
        "name": "Trapezoidal canal lining (0+823)",
        "type": "Other Structures",
        "Structure_Category": "Other Structures",
        "canal_name": "LATERAL AS MFD 3",
        "station": "STA 0+816.5",
        "station_m": 816.49,
        "offset_m": 9.32,
        "desc": "",
        "comment": "TSAG/MATABIAGA MALAWAAN IA, C.N/UNKNOW, LATITUDE/12'30'26.8 LONGTITUDE/120'57'15.3 STATION NO/0+823 REMARKS/DAMAGE/ SILTATION/VEGATATION",
        "elevation_m": 22.69,
        "photo_filename": "DSC00462.jpg",
        "photo_path": "../../DCIM/10GRMN/DSC00462.jpg",
        "surveyor_comment": "TSAG/MATABIAGA MALAWAAN IA, C.N/UNKNOW, LATITUDE/12'30'26.8 LONGTITUDE/120'57'15.3 STATION NO/0+823 REMARKS/DAMAGE/ SILTATION/VEGATATION",
        "survey_date": "2023-5-4"
      },
      "geometry": {
        "type": "Point",
        "coordinates": [
          120.954259,
          12.50745
        ]
      }
    },
    {
      "type": "Feature",
      "properties": {
        "id": 58,
        "name": "End of trapezoidal canal lining (0+116)",
        "type": "Other Structures",
        "Structure_Category": "Other Structures",
        "canal_name": "MFD 3 SFD 1",
        "station": "STA 0+125.5",
        "station_m": 125.52,
        "offset_m": 4.4,
        "desc": "",
        "comment": "TSAG/MATABIAGA MALAWAAN IA, C.N/UNKNOW, LATITUDE/12'30'10.7 LONGTITUDE/120'57'19.7 STATION NO/0+116 REMARKS/SILTED COLLAPSE",
        "elevation_m": 12.45,
        "photo_filename": "DSC00486.jpg",
        "photo_path": "../../DCIM/10GRMN/DSC00486.jpg",
        "surveyor_comment": "TSAG/MATABIAGA MALAWAAN IA, C.N/UNKNOW, LATITUDE/12'30'10.7 LONGTITUDE/120'57'19.7 STATION NO/0+116 REMARKS/SILTED COLLAPSE",
        "survey_date": "2023-5-5"
      },
      "geometry": {
        "type": "Point",
        "coordinates": [
          120.955485,
          12.50296
        ]
      }
    },
    {
      "type": "Feature",
      "properties": {
        "id": 262,
        "name": "Turnout L&R (0+495)",
        "type": "Turnout",
        "Structure_Category": "Turnout (TO)",
        "canal_name": "LATERAL CS",
        "station": "STA 0+505.9",
        "station_m": 505.95,
        "offset_m": 2.55,
        "desc": "",
        "comment": "TSAG/RAMOS IA, C.N/LAT CS, LATITUDE/12'30'144  LONGTITUDE/120'58'899  STATION NO/0+495 REMARKS/SILTED",
        "elevation_m": 30.25,
        "photo_filename": "DSC00196.jpg",
        "photo_path": "../../DCIM/10GRMN/DSC00196.jpg",
        "surveyor_comment": "TSAG/RAMOS IA, C.N/LAT CS, LATITUDE/12'30'144 LONGTITUDE/120'58'899 STATION NO/0+495 REMARKS/SILTED",
        "survey_date": "2023-5-3"
      },
      "geometry": {
        "type": "Point",
        "coordinates": [
          120.981648,
          12.502401
        ]
      }
    },
    {
      "type": "Feature",
      "properties": {
        "id": 114,
        "name": "End of canal lining (1+773)",
        "type": "Other Structures",
        "Structure_Category": "Other Structures",
        "canal_name": "4TH INTAKE MAIN CANAL",
        "station": "STA 3+295.7",
        "station_m": 3295.71,
        "offset_m": 0.22,
        "desc": "",
        "comment": "TSAG/,MATABIAGA MALAWAAN 4TH INTAKE IA, C.N/LAT AS-1 , LATITUDE/12'31'536  LONGTITUDE/120'56'254  STATION NO/1+773782 REMARKS/SILTED",
        "elevation_m": 16,
        "photo_filename": "DSC00189.jpg",
        "photo_path": "../../DCIM/10GRMN/DSC00189.jpg",
        "surveyor_comment": "TSAG/,MATABIAGA MALAWAAN 4TH INTAKE IA, C.N/LAT AS-1 , LATITUDE/12'31'536 LONGTITUDE/120'56'254 STATION NO/1+773782 REMARKS/SILTED",
        "survey_date": "2023-5-4"
      },
      "geometry": {
        "type": "Point",
        "coordinates": [
          120.937571,
          12.508938
        ]
      }
    },
    {
      "type": "Feature",
      "properties": {
        "id": 195,
        "name": "Trapezoidal canal W/ Illegal turnout (3+133)",
        "type": "Unauthorized Turnout",
        "Structure_Category": "Turnout (TO)",
        "canal_name": "LATERAL AS",
        "station": "STA 3+139.3",
        "station_m": 3139.33,
        "offset_m": 2.18,
        "desc": "",
        "comment": "TSAG/MATABIAGA MALAWAAN IA, LAT AS, LATITUDE/12'30'39.42 LONGTITUDE/120'56'7.52 STATION NO/3+133  REMARKS/STEEL GATE WITH MISSING PARTS/ILLEGAL T.O",
        "elevation_m": 18.15,
        "photo_filename": "DSC00233.jpg",
        "photo_path": "../../DCIM/1000GRMN/DSC00233.jpg",
        "surveyor_comment": "TSAG/MATABIAGA MALAWAAN IA, LAT AS, LATITUDE/12'30'39.42 LONGTITUDE/120'56'7.52 STATION NO/3+133 REMARKS/STEEL GATE WITH MISSING PARTS/ILLEGAL T.O",
        "survey_date": "2023-5-3"
      },
      "geometry": {
        "type": "Point",
        "coordinates": [
          120.952089,
          12.510949
        ]
      }
    },
    {
      "type": "Feature",
      "properties": {
        "id": 61,
        "name": "Head gate (0+000)",
        "type": "Head Gate",
        "Structure_Category": "Head Gate",
        "canal_name": "LATERAL BS",
        "station": "STA 0+002.5",
        "station_m": 2.46,
        "offset_m": 0.37,
        "desc": "",
        "comment": "TSAG/RAMOS  IA(X0-1,X-2), C.N/LAT AS, LATITUDE/12'30'716  LONGTITUDE/120'58'730  STATION NO/0+000   REMARKS/DISALIGNED OF STEAM ROD",
        "elevation_m": 32.73,
        "photo_filename": "DSC00122.jpg",
        "photo_path": "../../DCIM/10GRMN/DSC00122.jpg",
        "surveyor_comment": "TSAG/RAMOS IA(X0-1,X-2), C.N/LAT AS, LATITUDE/12'30'716 LONGTITUDE/120'58'730 STATION NO/0+000 REMARKS/DISALIGNED OF STEAM ROD",
        "survey_date": "2023-5-4"
      },
      "geometry": {
        "type": "Point",
        "coordinates": [
          120.97883,
          12.511929
        ]
      }
    },
    {
      "type": "Feature",
      "properties": {
        "id": 325,
        "name": "Comb of road crossing & drop structure (1+705)",
        "type": "Road Crossing",
        "Structure_Category": "Road Crossing",
        "canal_name": "LATERAL SMC X-2",
        "station": "STA 0+000.0",
        "station_m": 0,
        "offset_m": 0,
        "desc": "",
        "comment": "TSAG/, C.N/SMC, LATITUDE/12'30'43.0  LONGTITUDE/120'58'43.9  STATION NO/1+705 STRUCTURE/COM.ROAD-XING AND DROP STRUC.   REMARKS/BENDED STEM",
        "elevation_m": 25.09,
        "photo_filename": "DSC00318.jpg",
        "photo_path": "../../DCIM/10GRMN/DSC00318.jpg",
        "surveyor_comment": "TSAG/, C.N/SMC, LATITUDE/12'30'43.0 LONGTITUDE/120'58'43.9 STATION NO/1+705 STRUCTURE/COM.ROAD-XING AND DROP STRUC. REMARKS/BENDED STEM",
        "survey_date": "2023-5-3"
      },
      "geometry": {
        "type": "Point",
        "coordinates": [
          120.978861,
          12.511942
        ]
      }
    },
    {
      "type": "Feature",
      "properties": {
        "id": 65,
        "name": "Turnout (0+059)",
        "type": "Turnout",
        "Structure_Category": "Turnout (TO)",
        "canal_name": "LATERAL SMC X-2",
        "station": "STA 0+057.4",
        "station_m": 57.36,
        "offset_m": 0,
        "desc": "",
        "comment": "TSAG/RAMOS IA, C.N/SMC (x-2), LATITUDE/12'30'685  LONGTITUDE/120'58'732  STATION NO/0+059  REMARKS/GOOD CONDITION",
        "elevation_m": 30.89,
        "photo_filename": "DSC00128.jpg",
        "photo_path": "../../DCIM/10GRMN/DSC00128.jpg",
        "surveyor_comment": "TSAG/RAMOS IA, C.N/SMC (x-2), LATITUDE/12'30'685 LONGTITUDE/120'58'732 STATION NO/0+059 REMARKS/GOOD CONDITION",
        "survey_date": "2023-5-4"
      },
      "geometry": {
        "type": "Point",
        "coordinates": [
          120.978872,
          12.511424
        ]
      }
    },
    {
      "type": "Feature",
      "properties": {
        "id": 330,
        "name": "End of canal lining (2+150)",
        "type": "Other Structures",
        "Structure_Category": "Other Structures",
        "canal_name": "SOUTH MAIN CANAL",
        "station": "STA 2+127.5",
        "station_m": 2127.51,
        "offset_m": 3.36,
        "desc": "",
        "comment": "TSAG/, C.N/SMC, LATITUDE/12'30'34.1  LONGTITUDE/120'58'53.6  STATION NO/2+150 REMARKS/SILTED",
        "elevation_m": 22.69,
        "photo_filename": "DSC00325.jpg",
        "photo_path": "../../DCIM/10GRMN/DSC00325.jpg",
        "surveyor_comment": "TSAG/, C.N/SMC, LATITUDE/12'30'34.1 LONGTITUDE/120'58'53.6 STATION NO/2+150 REMARKS/SILTED",
        "survey_date": "2023-5-3"
      },
      "geometry": {
        "type": "Point",
        "coordinates": [
          120.981547,
          12.509466
        ]
      }
    },
    {
      "type": "Feature",
      "properties": {
        "id": 276,
        "name": "Comb of check structure and turnout (1+610)",
        "type": "Check Gate",
        "Structure_Category": "Head Gate",
        "canal_name": "LATERAL CS",
        "station": "STA 1+631.7",
        "station_m": 1631.66,
        "offset_m": 2.11,
        "desc": "",
        "comment": "TSAG/RAMOS IA, C.N/SMC(X-2), LATITUDE/12'30'624  LONGTITUDE/120'58'575  STATION NO/1+610  REMARKS/FUNCTIONAL COMB.CHECK STRUCTURE/T.O",
        "elevation_m": 20.7,
        "photo_filename": "DSC00216.jpg",
        "photo_path": "../../DCIM/10GRMN/DSC00216.jpg",
        "surveyor_comment": "TSAG/RAMOS IA, C.N/SMC(X-2), LATITUDE/12'30'624 LONGTITUDE/120'58'575 STATION NO/1+610 REMARKS/FUNCTIONAL COMB.CHECK STRUCTURE/T.O",
        "survey_date": "2023-5-3"
      },
      "geometry": {
        "type": "Point",
        "coordinates": [
          120.976246,
          12.493734
        ]
      }
    },
    {
      "type": "Feature",
      "properties": {
        "id": 72,
        "name": "Tresher crossing (0+350)",
        "type": "Thresher Crossing",
        "Structure_Category": "Thresher Crossing",
        "canal_name": "LATERAL SMC X-2",
        "station": "STA 0+352.6",
        "station_m": 352.61,
        "offset_m": 10.46,
        "desc": "",
        "comment": "TSAG/RAMOS IA, C.N/UNKNOWN, LATITUDE/12'30'531  LONGTITUDE/120'58'740  STATION NO/0+350  REMARKS/GOOD CONDITION",
        "elevation_m": 27.42,
        "photo_filename": "DSC00137.jpg",
        "photo_path": "../../DCIM/10GRMN/DSC00137.jpg",
        "surveyor_comment": "TSAG/RAMOS IA, C.N/UNKNOWN, LATITUDE/12'30'531 LONGTITUDE/120'58'740 STATION NO/0+350 REMARKS/GOOD CONDITION",
        "survey_date": "2023-5-4"
      },
      "geometry": {
        "type": "Point",
        "coordinates": [
          120.979003,
          12.508855
        ]
      }
    },
    {
      "type": "Feature",
      "properties": {
        "id": 20,
        "name": "Canal lining w/ Illegal turnout (0+586)",
        "type": "Unauthorized Turnout",
        "Structure_Category": "Turnout (TO)",
        "canal_name": "LATERAL X-2 MFD 2",
        "station": "STA 0+582.6",
        "station_m": 582.64,
        "offset_m": 2.98,
        "desc": "",
        "comment": "TSAG/RAMOS IA, C.N/UNKNOWN, LATITUDE/12'30'10.6  LONGTITUDE/120'58'31.4  STATION NO/0+586 REMARKS/ILLEGAL T.O",
        "elevation_m": 28.37,
        "photo_filename": "DSC00416.jpg",
        "photo_path": "../../DCIM/10GRMN/DSC00416.jpg",
        "surveyor_comment": "TSAG/RAMOS IA, C.N/UNKNOWN, LATITUDE/12'30'10.6 LONGTITUDE/120'58'31.4 STATION NO/0+586 REMARKS/ILLEGAL T.O",
        "survey_date": "2023-5-4"
      },
      "geometry": {
        "type": "Point",
        "coordinates": [
          120.975396,
          12.502949
        ]
      }
    }
  ]
}