{
  "type": "FeatureCollection",
  "name": "Malatgao_RIS_structures",
  "crs": {
    "type": "name",
    "properties": {
      "name": "urn:ogc:def:crs:OGC:1.3:CRS84"
    }
  },
  "features": [
    {
      "type": "Feature",
      "geometry": {
        "type": "Point",
        "coordinates": [
          118.365724,
          9.277654
        ]
      },
      "properties": {
        "id": 2,
        "name": "060",
        "type": "Other Structures",
        "Structure_Category": "Other Structures",
        "canal_name": "Off-Canal",
        "station": "N/A",
        "station_m": null,
        "offset_m": 7032.13,
        "ele": 58.46,
        "desc": "",
        "comment": "Sta. 10+982 BBMC",
        "images": "../../DCIM/1000GRMN/DSC00072.jpg",
        "elevation_m": 58.46,
        "photo_filename": "DSC00072.jpg",
        "photo_path": "../../DCIM/1000GRMN/DSC00072.jpg",
        "surveyor_comment": "Sta. 10+982 BBMC",
        "survey_date": "2023-2-16"
      }
    },
    {
      "type": "Feature",
      "geometry": {
        "type": "Point",
        "coordinates": [
          118.365677,
          9.277595
        ]
      },
      "properties": {
        "id": 3,
        "name": "061",
        "type": "Other Structures",
        "Structure_Category": "Other Structures",
        "canal_name": "Off-Canal",
        "station": "N/A",
        "station_m": null,
        "offset_m": 7039.94,
        "ele": 58.47,
        "desc": "",
        "comment": "HDT.OF LATERAL E",
        "images": "../../DCIM/1000GRMN/DSC00073.jpg",
        "elevation_m": 58.47,
        "photo_filename": "DSC00073.jpg",
        "photo_path": "../../DCIM/1000GRMN/DSC00073.jpg",
        "surveyor_comment": "HDT.OF LATERAL E",
        "survey_date": "2023-2-16"
      }
    },
    {
      "type": "Feature",
      "geometry": {
        "type": "Point",
        "coordinates": [
          118.385901,
          9.296089
        ]
      },
      "properties": {
        "id": 4,
        "name": "062",
        "type": "Other Structures",
        "Structure_Category": "Other Structures",
        "canal_name": "Off-Canal",
        "station": "N/A",
        "station_m": null,
        "offset_m": 4118.25,
        "ele": 51.09,
        "desc": "",
        "comment": "STA. 14+675 BBMC",
        "images": "../../DCIM/1000GRMN/DSC00074.jpg",
        "elevation_m": 51.09,
        "photo_filename": "DSC00074.jpg",
        "photo_path": "../../DCIM/1000GRMN/DSC00074.jpg",
        "surveyor_comment": "STA. 14+675 BBMC",
        "survey_date": "2023-2-16"
      }
    },
    {
      "type": "Feature",
      "geometry": {
        "type": "Point",
        "coordinates": [
          118.388753,
          9.298617
        ]
      },
      "properties": {
        "id": 5,
        "name": "063",
        "type": "Other Structures",
        "Structure_Category": "Other Structures",
        "canal_name": "Off-Canal",
        "station": "N/A",
        "station_m": null,
        "offset_m": 3723.12,
        "ele": 52.79,
        "desc": "",
        "comment": "STA. 15+099 BBMC",
        "images": "../../DCIM/1000GRMN/DSC00075.jpg",
        "elevation_m": 52.79,
        "photo_filename": "DSC00075.jpg",
        "photo_path": "../../DCIM/1000GRMN/DSC00075.jpg",
        "surveyor_comment": "STA. 15+099 BBMC",
        "survey_date": "2023-2-16"
      }
    },
    {
      "type": "Feature",
      "geometry": {
        "type": "Point",
        "coordinates": [
          118.388757,
          9.298509
        ]
      },
      "properties": {
        "id": 6,
        "name": "064",
        "type": "Other Structures",
        "Structure_Category": "Other Structures",
        "canal_name": "Off-Canal",
        "station": "N/A",
        "station_m": null,
        "offset_m": 3726.91,
        "ele": 52.79,
        "desc": "",
        "comment": "LATERAL I",
        "images": "../../DCIM/1000GRMN/DSC00076.jpg",
        "elevation_m": 52.79,
        "photo_filename": "DSC00076.jpg",
        "photo_path": "../../DCIM/1000GRMN/DSC00076.jpg",
        "surveyor_comment": "LATERAL I",
        "survey_date": "2023-2-16"
      }
    },
    {
      "type": "Feature",
      "geometry": {
        "type": "Point",
        "coordinates": [
          118.382886,
          9.31514
        ]
      },
      "properties": {
        "id": 7,
        "name": "065",
        "type": "Other Structures",
        "Structure_Category": "Other Structures",
        "canal_name": "Off-Canal",
        "station": "N/A",
        "station_m": null,
        "offset_m": 4095.76,
        "ele": 107.02,
        "desc": "",
        "comment": "LAPU LAPU TERUVIAN DAM",
        "images": "../../DCIM/1000GRMN/DSC00077.jpg",
        "elevation_m": 107.02,
        "photo_filename": "DSC00077.jpg",
        "photo_path": "../../DCIM/1000GRMN/DSC00077.jpg",
        "surveyor_comment": "LAPU LAPU TERUVIAN DAM",
        "survey_date": "2023-2-16"
      }
    },
    {
      "type": "Feature",
      "geometry": {
        "type": "Point",
        "coordinates": [
          118.434773,
          9.395402
        ]
      },
      "properties": {
        "id": 8,
        "name": "066",
        "type": "Other Structures",
        "Structure_Category": "Other Structures",
        "canal_name": "NORTH MAIN CANAL",
        "station": "STA 0+000.0",
        "station_m": 0,
        "offset_m": 16.64,
        "ele": 81.11,
        "desc": "",
        "comment": "DIVERSION DAM",
        "images": "../../DCIM/1000GRMN/DSC00079.jpg",
        "elevation_m": 81.11,
        "photo_filename": "DSC00079.jpg",
        "photo_path": "../../DCIM/1000GRMN/DSC00079.jpg",
        "surveyor_comment": "DIVERSION DAM",
        "survey_date": "2023-2-16"
      }
    },
    {
      "type": "Feature",
      "geometry": {
        "type": "Point",
        "coordinates": [
          118.403002,
          9.403281
        ]
      },
      "properties": {
        "id": 19,
        "name": "023",
        "type": "Other Structures",
        "Structure_Category": "Other Structures",
        "canal_name": "Off-Canal",
        "station": "N/A",
        "station_m": null,
        "offset_m": 3120.19,
        "ele": 69.12,
        "desc": "",
        "comment": "Agoho",
        "images": "../../DCIM/1000GRMN/DSC00001.jpg",
        "elevation_m": 69.12,
        "photo_filename": "DSC00001.jpg",
        "photo_path": "../../DCIM/1000GRMN/DSC00001.jpg",
        "surveyor_comment": "Agoho",
        "survey_date": "2023-7-7"
      }
    },
    {
      "type": "Feature",
      "geometry": {
        "type": "Point",
        "coordinates": [
          118.403018,
          9.403392
        ]
      },
      "properties": {
        "id": 20,
        "name": "024",
        "type": "Other Structures",
        "Structure_Category": "Other Structures",
        "canal_name": "Off-Canal",
        "station": "N/A",
        "station_m": null,
        "offset_m": 3114.5,
        "ele": 69.12,
        "desc": "",
        "comment": "Bangkal",
        "images": "../../DCIM/1000GRMN/DSC00002.jpg",
        "elevation_m": 69.12,
        "photo_filename": "DSC00002.jpg",
        "photo_path": "../../DCIM/1000GRMN/DSC00002.jpg",
        "surveyor_comment": "Bangkal",
        "survey_date": "2023-7-7"
      }
    },
    {
      "type": "Feature",
      "geometry": {
        "type": "Point",
        "coordinates": [
          118.403077,
          9.403501
        ]
      },
      "properties": {
        "id": 21,
        "name": "025",
        "type": "Other Structures",
        "Structure_Category": "Other Structures",
        "canal_name": "Off-Canal",
        "station": "N/A",
        "station_m": null,
        "offset_m": 3104.44,
        "ele": 69.12,
        "desc": "",
        "comment": "Nara Tree",
        "images": "../../DCIM/1000GRMN/DSC00003.jpg",
        "elevation_m": 69.12,
        "photo_filename": "DSC00003.jpg",
        "photo_path": "../../DCIM/1000GRMN/DSC00003.jpg",
        "surveyor_comment": "Nara Tree",
        "survey_date": "2023-7-7"
      }
    },
    {
      "type": "Feature",
      "geometry": {
        "type": "Point",
        "coordinates": [
          118.403054,
          9.403572
        ]
      },
      "properties": {
        "id": 22,
        "name": "026",
        "type": "Other Structures",
        "Structure_Category": "Other Structures",
        "canal_name": "Off-Canal",
        "station": "N/A",
        "station_m": null,
        "offset_m": 3104.31,
        "ele": 69.12,
        "desc": "",
        "comment": "Langka Tree",
        "images": "../../DCIM/1000GRMN/DSC00004.jpg",
        "elevation_m": 69.12,
        "photo_filename": "DSC00004.jpg",
        "photo_path": "../../DCIM/1000GRMN/DSC00004.jpg",
        "surveyor_comment": "Langka Tree",
        "survey_date": "2023-7-7"
      }
    },
    {
      "type": "Feature",
      "geometry": {
        "type": "Point",
        "coordinates": [
          118.403237,
          9.403524
        ]
      },
      "properties": {
        "id": 23,
        "name": "027",
        "type": "Other Structures",
        "Structure_Category": "Other Structures",
        "canal_name": "Off-Canal",
        "station": "N/A",
        "station_m": null,
        "offset_m": 3086.94,
        "ele": 69.11,
        "desc": "",
        "comment": "Ipil",
        "images": "../../DCIM/1000GRMN/DSC00005.jpg",
        "elevation_m": 69.11,
        "photo_filename": "DSC00005.jpg",
        "photo_path": "../../DCIM/1000GRMN/DSC00005.jpg",
        "surveyor_comment": "Ipil",
        "survey_date": "2023-7-7"
      }
    },
    {
      "type": "Feature",
      "geometry": {
        "type": "Point",
        "coordinates": [
          118.403576,
          9.403428
        ]
      },
      "properties": {
        "id": 24,
        "name": "028",
        "type": "Other Structures",
        "Structure_Category": "Other Structures",
        "canal_name": "Off-Canal",
        "station": "N/A",
        "station_m": null,
        "offset_m": 3055.13,
        "ele": 69.11,
        "desc": "",
        "comment": "Kodling",
        "images": "../../DCIM/1000GRMN/DSC00006.jpg",
        "elevation_m": 69.11,
        "photo_filename": "DSC00006.jpg",
        "photo_path": "../../DCIM/1000GRMN/DSC00006.jpg",
        "surveyor_comment": "Kodling",
        "survey_date": "2023-7-7"
      }
    },
    {
      "type": "Feature",
      "geometry": {
        "type": "Point",
        "coordinates": [
          118.403675,
          9.403409
        ]
      },
      "properties": {
        "id": 25,
        "name": "029",
        "type": "Other Structures",
        "Structure_Category": "Other Structures",
        "canal_name": "Off-Canal",
        "station": "N/A",
        "station_m": null,
        "offset_m": 3045.54,
        "ele": 69.11,
        "desc": "",
        "comment": "Malamangga",
        "images": "../../DCIM/1000GRMN/DSC00007.jpg",
        "elevation_m": 69.11,
        "photo_filename": "DSC00007.jpg",
        "photo_path": "../../DCIM/1000GRMN/DSC00007.jpg",
        "surveyor_comment": "Malamangga",
        "survey_date": "2023-7-7"
      }
    },
    {
      "type": "Feature",
      "geometry": {
        "type": "Point",
        "coordinates": [
          118.403796,
          9.403217
        ]
      },
      "properties": {
        "id": 26,
        "name": "030",
        "type": "Other Structures",
        "Structure_Category": "Other Structures",
        "canal_name": "Off-Canal",
        "station": "N/A",
        "station_m": null,
        "offset_m": 3040.14,
        "ele": 69.11,
        "desc": "",
        "comment": "Kamansi",
        "images": "../../DCIM/1000GRMN/DSC00008.jpg",
        "elevation_m": 69.11,
        "photo_filename": "DSC00008.jpg",
        "photo_path": "../../DCIM/1000GRMN/DSC00008.jpg",
        "surveyor_comment": "Kamansi",
        "survey_date": "2023-7-7"
      }
    },
    {
      "type": "Feature",
      "geometry": {
        "type": "Point",
        "coordinates": [
          118.403822,
          9.403242
        ]
      },
      "properties": {
        "id": 27,
        "name": "031",
        "type": "Other Structures",
        "Structure_Category": "Other Structures",
        "canal_name": "Off-Canal",
        "station": "N/A",
        "station_m": null,
        "offset_m": 3036.51,
        "ele": 69.11,
        "desc": "",
        "comment": "Guyabano",
        "images": "../../DCIM/1000GRMN/DSC00009.jpg",
        "elevation_m": 69.11,
        "photo_filename": "DSC00009.jpg",
        "photo_path": "../../DCIM/1000GRMN/DSC00009.jpg",
        "surveyor_comment": "Guyabano",
        "survey_date": "2023-7-7"
      }
    },
    {
      "type": "Feature",
      "geometry": {
        "type": "Point",
        "coordinates": [
          118.440696,
          9.413083
        ]
      },
      "properties": {
        "id": 10,
        "name": "DUMRIA OFFICE",
        "type": "Station",
        "Structure_Category": "Other Structures",
        "canal_name": "Off-Canal",
        "station": "N/A",
        "station_m": null,
        "offset_m": 447.91,
        "ele": 73.83,
        "desc": "",
        "comment": "DUMRIA OFFICE",
        "images": "../../DCIM/1000GRMN/DSC00082.jpg",
        "elevation_m": 73.83,
        "photo_filename": "DSC00082.jpg",
        "photo_path": "../../DCIM/1000GRMN/DSC00082.jpg",
        "surveyor_comment": "DUMRIA OFFICE",
        "survey_date": "2023-2-17"
      }
    },
    {
      "type": "Feature",
      "geometry": {
        "type": "Point",
        "coordinates": [
          118.433675,
          9.394404
        ]
      },
      "properties": {
        "id": 9,
        "name": "INTAKE STRUCTURE NMC STA. 0+000",
        "type": "Intake",
        "Structure_Category": "Inlet",
        "canal_name": "SOUTH MAIN CANAL",
        "station": "STA 0+000.0",
        "station_m": 0,
        "offset_m": 0,
        "ele": 78.7,
        "desc": "",
        "comment": "South intake",
        "images": "../../DCIM/1000GRMN/DSC00081.jpg",
        "elevation_m": 78.7,
        "photo_filename": "DSC00081.jpg",
        "photo_path": "../../DCIM/1000GRMN/DSC00081.jpg",
        "surveyor_comment": "South intake",
        "survey_date": "2023-2-16"
      }
    },
    {
      "type": "Feature",
      "geometry": {
        "type": "Point",
        "coordinates": [
          118.431793,
          9.39155
        ]
      },
      "properties": {
        "id": 32,
        "name": "CART CROSSING STA. 0+375.16",
        "type": "Thresher Crossing",
        "Structure_Category": "Thresher Crossing",
        "canal_name": "SOUTH MAIN CANAL",
        "station": "STA 0+386.9",
        "station_m": 386.85,
        "offset_m": 0,
        "ele": 9.43,
        "desc": "",
        "comment": "",
        "images": "1000GRMN/DSC00005.jpg",
        "elevation_m": 9.43,
        "photo_filename": "DSC00005.jpg",
        "photo_path": "1000GRMN/DSC00005.jpg",
        "surveyor_comment": null,
        "survey_date": "2023-8-15"
      }
    },
    {
      "type": "Feature",
      "geometry": {
        "type": "Point",
        "coordinates": [
          118.427994,
          9.367665
        ]
      },
      "properties": {
        "id": 48,
        "name": "Thresher Crossing Comb. Incline Drop",
        "type": "Drop",
        "Structure_Category": "Thresher Crossing",
        "canal_name": "SOUTH MAIN CANAL",
        "station": "STA 3+144.8",
        "station_m": 3144.85,
        "offset_m": 0,
        "ele": 20.78,
        "desc": "",
        "comment": "",
        "images": "1000GRMN/DSC00023.jpg",
        "elevation_m": 20.78,
        "photo_filename": "DSC00023.jpg",
        "photo_path": "1000GRMN/DSC00023.jpg",
        "surveyor_comment": null,
        "survey_date": "2023-8-15"
      }
    },
    {
      "type": "Feature",
      "geometry": {
        "type": "Point",
        "coordinates": [
          118.415271,
          9.274993
        ]
      },
      "properties": {
        "id": 28,
        "name": "001",
        "type": "Other Structures",
        "Structure_Category": "Other Structures",
        "canal_name": "Off-Canal",
        "station": "N/A",
        "station_m": null,
        "offset_m": 3836.67,
        "ele": -30.7,
        "desc": "",
        "comment": "L",
        "images": "1000GRMN/",
        "elevation_m": -30.7,
        "photo_filename": "",
        "photo_path": "1000GRMN/",
        "surveyor_comment": "L",
        "survey_date": "2023-8-15"
      }
    },
    {
      "type": "Feature",
      "geometry": {
        "type": "Point",
        "coordinates": [
          118.433584,
          9.394437
        ]
      },
      "properties": {
        "id": 30,
        "name": "003",
        "type": "Check Structure",
        "Structure_Category": "Check Gate",
        "canal_name": "SOUTH MAIN CANAL",
        "station": "STA 0+010.7",
        "station_m": 10.67,
        "offset_m": 0,
        "ele": 15,
        "desc": "",
        "comment": "",
        "images": "1000GRMN/DSC00003.jpg",
        "elevation_m": 15,
        "photo_filename": "DSC00003.jpg",
        "photo_path": "1000GRMN/DSC00003.jpg",
        "surveyor_comment": null,
        "survey_date": "2023-8-15"
      }
    },
    {
      "type": "Feature",
      "geometry": {
        "type": "Point",
        "coordinates": [
          118.425733,
          9.349465
        ]
      },
      "properties": {
        "id": 61,
        "name": "VERTICAL DROP STRUCTURE",
        "type": "Drop",
        "Structure_Category": "Drop",
        "canal_name": "SOUTH MAIN CANAL",
        "station": "STA 5+465.8",
        "station_m": 5465.76,
        "offset_m": 0,
        "ele": 18.66,
        "desc": "",
        "comment": "",
        "images": "1000GRMN/DSC00036.jpg",
        "elevation_m": 18.66,
        "photo_filename": "DSC00036.jpg",
        "photo_path": "1000GRMN/DSC00036.jpg",
        "surveyor_comment": null,
        "survey_date": "2023-8-15"
      }
    },
    {
      "type": "Feature",
      "geometry": {
        "type": "Point",
        "coordinates": [
          118.427656,
          9.347766
        ]
      },
      "properties": {
        "id": 63,
        "name": "OUTLET ROAD CROSSING COMB. DROP",
        "type": "Road Crossing",
        "Structure_Category": "Road Crossing",
        "canal_name": "SOUTH MAIN CANAL",
        "station": "STA 5+749.3",
        "station_m": 5749.29,
        "offset_m": 0,
        "ele": 18.65,
        "desc": "",
        "comment": "",
        "images": "1000GRMN/DSC00039.jpg",
        "elevation_m": 18.65,
        "photo_filename": "DSC00039.jpg",
        "photo_path": "1000GRMN/DSC00039.jpg",
        "surveyor_comment": null,
        "survey_date": "2023-8-15"
      }
    },
    {
      "type": "Feature",
      "geometry": {
        "type": "Point",
        "coordinates": [
          118.430289,
          9.345389
        ]
      },
      "properties": {
        "id": 65,
        "name": "THRESHER CROSSING",
        "type": "Thresher Crossing",
        "Structure_Category": "Thresher Crossing",
        "canal_name": "SOUTH MAIN CANAL",
        "station": "STA 6+141.5",
        "station_m": 6141.5,
        "offset_m": 0,
        "ele": 18.65,
        "desc": "",
        "comment": "",
        "images": "1000GRMN/DSC00042.jpg",
        "elevation_m": 18.65,
        "photo_filename": "DSC00042.jpg",
        "photo_path": "1000GRMN/DSC00042.jpg",
        "surveyor_comment": null,
        "survey_date": "2023-8-15"
      }
    },
    {
      "type": "Feature",
      "geometry": {
        "type": "Point",
        "coordinates": [
          118.454915,
          9.317326
        ]
      },
      "properties": {
        "id": 75,
        "name": "END LINING AND START EARTH CANAL",
        "type": "Station",
        "Structure_Category": "Other Structures",
        "canal_name": "SOUTH MAIN CANAL",
        "station": "STA 10+673.1",
        "station_m": 10673.07,
        "offset_m": 0,
        "ele": -26.7,
        "desc": "",
        "comment": "",
        "images": "1000GRMN/DSC00052.jpg",
        "elevation_m": -26.7,
        "photo_filename": "DSC00052.jpg",
        "photo_path": "1000GRMN/DSC00052.jpg",
        "surveyor_comment": null,
        "survey_date": "2023-8-16"
      }
    },
    {
      "type": "Feature",
      "geometry": {
        "type": "Point",
        "coordinates": [
          118.43302,
          9.342899
        ]
      },
      "properties": {
        "id": 89,
        "name": "TURNOUT -R N.OP",
        "type": "Turnout",
        "Structure_Category": "Turnout (TO)",
        "canal_name": "SOUTH MAIN CANAL",
        "station": "STA 6+549.8",
        "station_m": 6549.83,
        "offset_m": 4.57,
        "ele": -20.18,
        "desc": "",
        "comment": "",
        "images": "1000GRMN/DSC00013.jpg",
        "elevation_m": -20.18,
        "photo_filename": "DSC00013.jpg",
        "photo_path": "1000GRMN/DSC00013.jpg",
        "surveyor_comment": null,
        "survey_date": "2023-8-16"
      }
    },
    {
      "type": "Feature",
      "geometry": {
        "type": "Point",
        "coordinates": [
          118.433118,
          9.342873
        ]
      },
      "properties": {
        "id": 91,
        "name": "OUTLET ROAD CROSSING  COMB. V-DROP\n",
        "type": "Road Crossing",
        "Structure_Category": "Road Crossing",
        "canal_name": "SOUTH MAIN CANAL",
        "station": "STA 6+559.8",
        "station_m": 6559.81,
        "offset_m": 0,
        "ele": -20.18,
        "desc": "",
        "comment": "",
        "images": "1000GRMN/DSC00016.jpg",
        "elevation_m": -20.18,
        "photo_filename": "DSC00016.jpg",
        "photo_path": "1000GRMN/DSC00016.jpg",
        "surveyor_comment": null,
        "survey_date": "2023-8-16"
      }
    },
    {
      "type": "Feature",
      "geometry": {
        "type": "Point",
        "coordinates": [
          118.427595,
          9.347811
        ]
      },
      "properties": {
        "id": 62,
        "name": "ROAD CROSSING INLET",
        "type": "Road Crossing",
        "Structure_Category": "Road Crossing",
        "canal_name": "SOUTH MAIN CANAL",
        "station": "STA 5+740.9",
        "station_m": 5740.92,
        "offset_m": 0,
        "ele": 18.65,
        "desc": "",
        "comment": "",
        "images": "1000GRMN/DSC00038.jpg",
        "elevation_m": 18.65,
        "photo_filename": "DSC00038.jpg",
        "photo_path": "1000GRMN/DSC00038.jpg",
        "surveyor_comment": null,
        "survey_date": "2023-8-15"
      }
    },
    {
      "type": "Feature",
      "geometry": {
        "type": "Point",
        "coordinates": [
          118.430875,
          9.386293
        ]
      },
      "properties": {
        "id": 33,
        "name": "DMTO #2 L/S- STA. 0+980.06",
        "type": "Turnout",
        "Structure_Category": "Turnout (TO)",
        "canal_name": "SOUTH MAIN CANAL",
        "station": "STA 0+993.0",
        "station_m": 992.96,
        "offset_m": 3.5,
        "ele": 9.43,
        "desc": "",
        "comment": "",
        "images": "1000GRMN/DSC00006.jpg",
        "elevation_m": 9.43,
        "photo_filename": "DSC00006.jpg",
        "photo_path": "1000GRMN/DSC00006.jpg",
        "surveyor_comment": null,
        "survey_date": "2023-8-15"
      }
    },
    {
      "type": "Feature",
      "geometry": {
        "type": "Point",
        "coordinates": [
          118.430839,
          9.386187
        ]
      },
      "properties": {
        "id": 34,
        "name": "CART CROSSING",
        "type": "Thresher Crossing",
        "Structure_Category": "Thresher Crossing",
        "canal_name": "SOUTH MAIN CANAL",
        "station": "STA 1+004.4",
        "station_m": 1004.41,
        "offset_m": 0,
        "ele": 9.43,
        "desc": "",
        "comment": "",
        "images": "1000GRMN/DSC00007.jpg",
        "elevation_m": 9.43,
        "photo_filename": "DSC00007.jpg",
        "photo_path": "1000GRMN/DSC00007.jpg",
        "surveyor_comment": null,
        "survey_date": "2023-8-15"
      }
    },
    {
      "type": "Feature",
      "geometry": {
        "type": "Point",
        "coordinates": [
          118.43097,
          9.38347
        ]
      },
      "properties": {
        "id": 35,
        "name": "DMTO #3 L/S-",
        "type": "Turnout",
        "Structure_Category": "Turnout (TO)",
        "canal_name": "SOUTH MAIN CANAL",
        "station": "STA 1+314.0",
        "station_m": 1314.03,
        "offset_m": 4.57,
        "ele": 9.43,
        "desc": "",
        "comment": "",
        "images": "1000GRMN/DSC00008.jpg",
        "elevation_m": 9.43,
        "photo_filename": "DSC00008.jpg",
        "photo_path": "1000GRMN/DSC00008.jpg",
        "surveyor_comment": null,
        "survey_date": "2023-8-15"
      }
    },
    {
      "type": "Feature",
      "geometry": {
        "type": "Point",
        "coordinates": [
          118.43092,
          9.383212
        ]
      },
      "properties": {
        "id": 36,
        "name": "SIPHON #1- INLET",
        "type": "Siphon",
        "Structure_Category": "Siphon",
        "canal_name": "SOUTH MAIN CANAL",
        "station": "STA 1+341.3",
        "station_m": 1341.3,
        "offset_m": 0,
        "ele": 9.43,
        "desc": "",
        "comment": "",
        "images": "1000GRMN/DSC00009.jpg",
        "elevation_m": 9.43,
        "photo_filename": "DSC00009.jpg",
        "photo_path": "1000GRMN/DSC00009.jpg",
        "surveyor_comment": null,
        "survey_date": "2023-8-15"
      }
    },
    {
      "type": "Feature",
      "geometry": {
        "type": "Point",
        "coordinates": [
          118.430814,
          9.381008
        ]
      },
      "properties": {
        "id": 38,
        "name": "DMTO #4- L/S",
        "type": "Turnout",
        "Structure_Category": "Turnout (TO)",
        "canal_name": "SOUTH MAIN CANAL",
        "station": "STA 1+586.1",
        "station_m": 1586.12,
        "offset_m": 3.29,
        "ele": 9.43,
        "desc": "",
        "comment": "",
        "images": "1000GRMN/DSC00011.jpg",
        "elevation_m": 9.43,
        "photo_filename": "DSC00011.jpg",
        "photo_path": "1000GRMN/DSC00011.jpg",
        "surveyor_comment": null,
        "survey_date": "2023-8-15"
      }
    },
    {
      "type": "Feature",
      "geometry": {
        "type": "Point",
        "coordinates": [
          118.430646,
          9.379261
        ]
      },
      "properties": {
        "id": 39,
        "name": "THRESHER CROSSING",
        "type": "Thresher Crossing",
        "Structure_Category": "Thresher Crossing",
        "canal_name": "SOUTH MAIN CANAL",
        "station": "STA 1+780.8",
        "station_m": 1780.75,
        "offset_m": 0,
        "ele": 9.42,
        "desc": "",
        "comment": "",
        "images": "1000GRMN/DSC00012.jpg",
        "elevation_m": 9.42,
        "photo_filename": "DSC00012.jpg",
        "photo_path": "1000GRMN/DSC00012.jpg",
        "surveyor_comment": null,
        "survey_date": "2023-8-15"
      }
    },
    {
      "type": "Feature",
      "geometry": {
        "type": "Point",
        "coordinates": [
          118.430548,
          9.37783
        ]
      },
      "properties": {
        "id": 40,
        "name": "SIPHON #2- INLET",
        "type": "Siphon",
        "Structure_Category": "Siphon",
        "canal_name": "SOUTH MAIN CANAL",
        "station": "STA 1+939.9",
        "station_m": 1939.86,
        "offset_m": 0,
        "ele": 9.42,
        "desc": "",
        "comment": "",
        "images": "1000GRMN/DSC00014.jpg",
        "elevation_m": 9.42,
        "photo_filename": "DSC00014.jpg",
        "photo_path": "1000GRMN/DSC00014.jpg",
        "surveyor_comment": null,
        "survey_date": "2023-8-15"
      }
    },
    {
      "type": "Feature",
      "geometry": {
        "type": "Point",
        "coordinates": [
          118.430544,
          9.377638
        ]
      },
      "properties": {
        "id": 41,
        "name": "SIPHON #2- OUTLET",
        "type": "Siphon",
        "Structure_Category": "Siphon",
        "canal_name": "SOUTH MAIN CANAL",
        "station": "STA 1+961.2",
        "station_m": 1961.16,
        "offset_m": 0,
        "ele": 10.71,
        "desc": "",
        "comment": "",
        "images": "1000GRMN/DSC00015.jpg",
        "elevation_m": 10.71,
        "photo_filename": "DSC00015.jpg",
        "photo_path": "1000GRMN/DSC00015.jpg",
        "surveyor_comment": null,
        "survey_date": "2023-8-15"
      }
    },
    {
      "type": "Feature",
      "geometry": {
        "type": "Point",
        "coordinates": [
          118.430458,
          9.376122
        ]
      },
      "properties": {
        "id": 42,
        "name": "DMTO#5 L/S -",
        "type": "Turnout",
        "Structure_Category": "Turnout (TO)",
        "canal_name": "SOUTH MAIN CANAL",
        "station": "STA 2+129.5",
        "station_m": 2129.53,
        "offset_m": 2.77,
        "ele": 10.71,
        "desc": "",
        "comment": "",
        "images": "1000GRMN/DSC00016.jpg",
        "elevation_m": 10.71,
        "photo_filename": "DSC00016.jpg",
        "photo_path": "1000GRMN/DSC00016.jpg",
        "surveyor_comment": null,
        "survey_date": "2023-8-15"
      }
    },
    {
      "type": "Feature",
      "geometry": {
        "type": "Point",
        "coordinates": [
          118.430418,
          9.375927
        ]
      },
      "properties": {
        "id": 43,
        "name": "THRESHER CROSSING",
        "type": "Thresher Crossing",
        "Structure_Category": "Thresher Crossing",
        "canal_name": "SOUTH MAIN CANAL",
        "station": "STA 2+151.4",
        "station_m": 2151.42,
        "offset_m": 0,
        "ele": 10.71,
        "desc": "",
        "comment": "",
        "images": "1000GRMN/DSC00017.jpg",
        "elevation_m": 10.71,
        "photo_filename": "DSC00017.jpg",
        "photo_path": "1000GRMN/DSC00017.jpg",
        "surveyor_comment": null,
        "survey_date": "2023-8-15"
      }
    },
    {
      "type": "Feature",
      "geometry": {
        "type": "Point",
        "coordinates": [
          118.430182,
          9.371929
        ]
      },
      "properties": {
        "id": 44,
        "name": "DMTO #6- L/S",
        "type": "Turnout",
        "Structure_Category": "Turnout (TO)",
        "canal_name": "SOUTH MAIN CANAL",
        "station": "STA 2+595.6",
        "station_m": 2595.61,
        "offset_m": 0,
        "ele": 10.71,
        "desc": "",
        "comment": "",
        "images": "1000GRMN/DSC00018.jpg",
        "elevation_m": 10.71,
        "photo_filename": "DSC00018.jpg",
        "photo_path": "1000GRMN/DSC00018.jpg",
        "surveyor_comment": null,
        "survey_date": "2023-8-15"
      }
    },
    {
      "type": "Feature",
      "geometry": {
        "type": "Point",
        "coordinates": [
          118.430145,
          9.371668
        ]
      },
      "properties": {
        "id": 45,
        "name": "THRESHER CROSSING COMB. INCLINED DROP",
        "type": "Drop",
        "Structure_Category": "Thresher Crossing",
        "canal_name": "SOUTH MAIN CANAL",
        "station": "STA 2+624.7",
        "station_m": 2624.71,
        "offset_m": 2.79,
        "ele": 10.71,
        "desc": "",
        "comment": "",
        "images": "1000GRMN/DSC00019.jpg",
        "elevation_m": 10.71,
        "photo_filename": "DSC00019.jpg",
        "photo_path": "1000GRMN/DSC00019.jpg",
        "surveyor_comment": null,
        "survey_date": "2023-8-15"
      }
    },
    {
      "type": "Feature",
      "geometry": {
        "type": "Point",
        "coordinates": [
          118.426428,
          9.365522
        ]
      },
      "properties": {
        "id": 49,
        "name": "DMTO #8 - L/S",
        "type": "Turnout",
        "Structure_Category": "Turnout (TO)",
        "canal_name": "SOUTH MAIN CANAL",
        "station": "STA 3+441.2",
        "station_m": 3441.21,
        "offset_m": 0,
        "ele": 20.79,
        "desc": "",
        "comment": "",
        "images": "1000GRMN/DSC00024.jpg",
        "elevation_m": 20.79,
        "photo_filename": "DSC00024.jpg",
        "photo_path": "1000GRMN/DSC00024.jpg",
        "surveyor_comment": null,
        "survey_date": "2023-8-15"
      }
    },
    {
      "type": "Feature",
      "geometry": {
        "type": "Point",
        "coordinates": [
          118.425463,
          9.36394
        ]
      },
      "properties": {
        "id": 50,
        "name": "DRAINAGE CROSSING",
        "type": "Drainage",
        "Structure_Category": "Drainage",
        "canal_name": "SOUTH MAIN CANAL",
        "station": "STA 3+646.3",
        "station_m": 3646.35,
        "offset_m": 0,
        "ele": 20.79,
        "desc": "",
        "comment": "",
        "images": "1000GRMN/DSC00025.jpg",
        "elevation_m": 20.79,
        "photo_filename": "DSC00025.jpg",
        "photo_path": "1000GRMN/DSC00025.jpg",
        "surveyor_comment": null,
        "survey_date": "2023-8-15"
      }
    },
    {
      "type": "Feature",
      "geometry": {
        "type": "Point",
        "coordinates": [
          118.425162,
          9.363389
        ]
      },
      "properties": {
        "id": 51,
        "name": "SIPHON #3 - INLET",
        "type": "Siphon",
        "Structure_Category": "Siphon",
        "canal_name": "SOUTH MAIN CANAL",
        "station": "STA 3+715.9",
        "station_m": 3715.87,
        "offset_m": 0,
        "ele": 20.79,
        "desc": "",
        "comment": "",
        "images": "1000GRMN/DSC00026.jpg",
        "elevation_m": 20.79,
        "photo_filename": "DSC00026.jpg",
        "photo_path": "1000GRMN/DSC00026.jpg",
        "surveyor_comment": null,
        "survey_date": "2023-8-15"
      }
    },
    {
      "type": "Feature",
      "geometry": {
        "type": "Point",
        "coordinates": [
          118.425071,
          9.363235
        ]
      },
      "properties": {
        "id": 52,
        "name": "SIPHON #3 - OUTLET",
        "type": "Siphon",
        "Structure_Category": "Siphon",
        "canal_name": "SOUTH MAIN CANAL",
        "station": "STA 3+735.7",
        "station_m": 3735.68,
        "offset_m": 0,
        "ele": 20.79,
        "desc": "",
        "comment": "",
        "images": "1000GRMN/DSC00027.jpg",
        "elevation_m": 20.79,
        "photo_filename": "DSC00027.jpg",
        "photo_path": "1000GRMN/DSC00027.jpg",
        "surveyor_comment": null,
        "survey_date": "2023-8-15"
      }
    },
    {
      "type": "Feature",
      "geometry": {
        "type": "Point",
        "coordinates": [
          118.425238,
          9.360462
        ]
      },
      "properties": {
        "id": 53,
        "name": "SIPHON #4 - INLET",
        "type": "Siphon",
        "Structure_Category": "Siphon",
        "canal_name": "SOUTH MAIN CANAL",
        "station": "STA 4+056.9",
        "station_m": 4056.89,
        "offset_m": 0,
        "ele": 20.79,
        "desc": "",
        "comment": "",
        "images": "1000GRMN/DSC00028.jpg",
        "elevation_m": 20.79,
        "photo_filename": "DSC00028.jpg",
        "photo_path": "1000GRMN/DSC00028.jpg",
        "surveyor_comment": null,
        "survey_date": "2023-8-15"
      }
    },
    {
      "type": "Feature",
      "geometry": {
        "type": "Point",
        "coordinates": [
          118.425407,
          9.36004
        ]
      },
      "properties": {
        "id": 55,
        "name": "TURN IN STRUCTURE",
        "type": "Intake",
        "Structure_Category": "Inlet",
        "canal_name": "TUWAS DAM",
        "station": "STA 1+201.5",
        "station_m": 1201.55,
        "offset_m": 0,
        "ele": 20.79,
        "desc": "",
        "comment": "",
        "images": "1000GRMN/DSC00030.jpg",
        "elevation_m": 20.79,
        "photo_filename": "DSC00030.jpg",
        "photo_path": "1000GRMN/DSC00030.jpg",
        "surveyor_comment": null,
        "survey_date": "2023-8-15"
      }
    },
    {
      "type": "Feature",
      "geometry": {
        "type": "Point",
        "coordinates": [
          118.425674,
          9.358771
        ]
      },
      "properties": {
        "id": 56,
        "name": "THRESHER CROSSING",
        "type": "Thresher Crossing",
        "Structure_Category": "Thresher Crossing",
        "canal_name": "SOUTH MAIN CANAL",
        "station": "STA 4+250.9",
        "station_m": 4250.9,
        "offset_m": 0,
        "ele": 20.78,
        "desc": "",
        "comment": "",
        "images": "1000GRMN/DSC00031.jpg",
        "elevation_m": 20.78,
        "photo_filename": "DSC00031.jpg",
        "photo_path": "1000GRMN/DSC00031.jpg",
        "surveyor_comment": null,
        "survey_date": "2023-8-15"
      }
    },
    {
      "type": "Feature",
      "geometry": {
        "type": "Point",
        "coordinates": [
          118.426047,
          9.356958
        ]
      },
      "properties": {
        "id": 57,
        "name": "TURNIN(UNIDENTIFIED)",
        "type": "Intake",
        "Structure_Category": "Inlet",
        "canal_name": "SOUTH MAIN CANAL",
        "station": "STA 4+457.1",
        "station_m": 4457.1,
        "offset_m": 0,
        "ele": 20.78,
        "desc": "",
        "comment": "",
        "images": "1000GRMN/DSC00032.jpg",
        "elevation_m": 20.78,
        "photo_filename": "DSC00032.jpg",
        "photo_path": "1000GRMN/DSC00032.jpg",
        "surveyor_comment": null,
        "survey_date": "2023-8-15"
      }
    },
    {
      "type": "Feature",
      "geometry": {
        "type": "Point",
        "coordinates": [
          118.433062,
          9.342958
        ]
      },
      "properties": {
        "id": 88,
        "name": "DMTO #1O-L/S -SMC",
        "type": "Turnout",
        "Structure_Category": "Turnout (TO)",
        "canal_name": "SOUTH MAIN CANAL",
        "station": "STA 6+548.9",
        "station_m": 6548.9,
        "offset_m": 3.39,
        "ele": -20.18,
        "desc": "",
        "comment": "",
        "images": "1000GRMN/DSC00011.jpg",
        "elevation_m": -20.18,
        "photo_filename": "DSC00011.jpg",
        "photo_path": "1000GRMN/DSC00011.jpg",
        "surveyor_comment": null,
        "survey_date": "2023-8-16"
      }
    },
    {
      "type": "Feature",
      "geometry": {
        "type": "Point",
        "coordinates": [
          118.307464,
          9.244323
        ]
      },
      "properties": {
        "id": 1,
        "name": "BATANG BATANG-INTAKE",
        "type": "Other Structures",
        "Structure_Category": "Inlet",
        "canal_name": "Off-Canal",
        "station": "N/A",
        "station_m": null,
        "offset_m": 14439.69,
        "ele": 88.36,
        "desc": "",
        "comment": "BBMC INTAKE DAM",
        "images": "../../DCIM/1000GRMN/DSC00071.jpg",
        "elevation_m": 88.36,
        "photo_filename": "DSC00071.jpg",
        "photo_path": "../../DCIM/1000GRMN/DSC00071.jpg",
        "surveyor_comment": "BBMC INTAKE DAM",
        "survey_date": "2023-2-16"
      }
    },
    {
      "type": "Feature",
      "geometry": {
        "type": "Point",
        "coordinates": [
          118.433072,
          9.342908
        ]
      },
      "properties": {
        "id": 90,
        "name": "ROAD CROSSING INLET",
        "type": "Road Crossing",
        "Structure_Category": "Road Crossing",
        "canal_name": "SOUTH MAIN CANAL",
        "station": "STA 6+553.4",
        "station_m": 6553.42,
        "offset_m": 0,
        "ele": -20.18,
        "desc": "",
        "comment": "",
        "images": "1000GRMN/DSC00014.jpg",
        "elevation_m": -20.18,
        "photo_filename": "DSC00014.jpg",
        "photo_path": "1000GRMN/DSC00014.jpg",
        "surveyor_comment": null,
        "survey_date": "2023-8-16"
      }
    },
    {
      "type": "Feature",
      "geometry": {
        "type": "Point",
        "coordinates": [
          118.43598,
          9.340623
        ]
      },
      "properties": {
        "id": 94,
        "name": "CHECK STR. COMB. V-DROP",
        "type": "Check Structure",
        "Structure_Category": "Check Gate",
        "canal_name": "SOUTH MAIN CANAL",
        "station": "STA 6+962.1",
        "station_m": 6962.1,
        "offset_m": 0,
        "ele": -20.18,
        "desc": "",
        "comment": "",
        "images": "1000GRMN/DSC00019.jpg",
        "elevation_m": -20.18,
        "photo_filename": "DSC00019.jpg",
        "photo_path": "1000GRMN/DSC00019.jpg",
        "surveyor_comment": null,
        "survey_date": "2023-8-16"
      }
    },
    {
      "type": "Feature",
      "geometry": {
        "type": "Point",
        "coordinates": [
          118.438773,
          9.338407
        ]
      },
      "properties": {
        "id": 96,
        "name": "CHECK STR. COMB. RD CROSSING",
        "type": "Road Crossing",
        "Structure_Category": "Road Crossing",
        "canal_name": "LATERAL B-SOUTH",
        "station": "STA 0+008.0",
        "station_m": 7.99,
        "offset_m": 0,
        "ele": -20.18,
        "desc": "",
        "comment": "",
        "images": "1000GRMN/DSC00021.jpg",
        "elevation_m": -20.18,
        "photo_filename": "DSC00021.jpg",
        "photo_path": "1000GRMN/DSC00021.jpg",
        "surveyor_comment": null,
        "survey_date": "2023-8-16"
      }
    },
    {
      "type": "Feature",
      "geometry": {
        "type": "Point",
        "coordinates": [
          118.438819,
          9.338359
        ]
      },
      "properties": {
        "id": 99,
        "name": "OUTLET RD CROSSING",
        "type": "Road Crossing",
        "Structure_Category": "Road Crossing",
        "canal_name": "SOUTH MAIN CANAL",
        "station": "STA 7+365.1",
        "station_m": 7365.12,
        "offset_m": 0,
        "ele": -20.18,
        "desc": "",
        "comment": "",
        "images": "1000GRMN/DSC00024.jpg",
        "elevation_m": -20.18,
        "photo_filename": "DSC00024.jpg",
        "photo_path": "1000GRMN/DSC00024.jpg",
        "surveyor_comment": null,
        "survey_date": "2023-8-16"
      }
    },
    {
      "type": "Feature",
      "geometry": {
        "type": "Point",
        "coordinates": [
          118.441687,
          9.33607
        ]
      },
      "properties": {
        "id": 103,
        "name": "THRESHER CROSSING COMB. DROP",
        "type": "Thresher Crossing",
        "Structure_Category": "Thresher Crossing",
        "canal_name": "SOUTH MAIN CANAL",
        "station": "STA 7+770.4",
        "station_m": 7770.45,
        "offset_m": 0,
        "ele": -20.97,
        "desc": "",
        "comment": "",
        "images": "1000GRMN/DSC00028.jpg",
        "elevation_m": -20.97,
        "photo_filename": "DSC00028.jpg",
        "photo_path": "1000GRMN/DSC00028.jpg",
        "surveyor_comment": null,
        "survey_date": "2023-8-16"
      }
    },
    {
      "type": "Feature",
      "geometry": {
        "type": "Point",
        "coordinates": [
          118.441859,
          9.336023
        ]
      },
      "properties": {
        "id": 104,
        "name": "DRAINAGE INLET",
        "type": "Drainage",
        "Structure_Category": "Drainage",
        "canal_name": "SOUTH MAIN CANAL",
        "station": "STA 7+788.5",
        "station_m": 7788.53,
        "offset_m": 7.68,
        "ele": -20.97,
        "desc": "",
        "comment": "",
        "images": "1000GRMN/DSC00030.jpg",
        "elevation_m": -20.97,
        "photo_filename": "DSC00030.jpg",
        "photo_path": "1000GRMN/DSC00030.jpg",
        "surveyor_comment": null,
        "survey_date": "2023-8-16"
      }
    },
    {
      "type": "Feature",
      "geometry": {
        "type": "Point",
        "coordinates": [
          118.44455,
          9.333816
        ]
      },
      "properties": {
        "id": 105,
        "name": "ROAD CROSSING",
        "type": "Road Crossing",
        "Structure_Category": "Road Crossing",
        "canal_name": "SOUTH MAIN CANAL",
        "station": "STA 8+172.9",
        "station_m": 8172.87,
        "offset_m": 0,
        "ele": -20.98,
        "desc": "",
        "comment": "",
        "images": "1000GRMN/DSC00031.jpg",
        "elevation_m": -20.98,
        "photo_filename": "DSC00031.jpg",
        "photo_path": "1000GRMN/DSC00031.jpg",
        "surveyor_comment": null,
        "survey_date": "2023-8-16"
      }
    },
    {
      "type": "Feature",
      "geometry": {
        "type": "Point",
        "coordinates": [
          118.445385,
          9.333137
        ]
      },
      "properties": {
        "id": 108,
        "name": "CART CROSSING",
        "type": "Thresher Crossing",
        "Structure_Category": "Thresher Crossing",
        "canal_name": "SOUTH MAIN CANAL",
        "station": "STA 8+291.7",
        "station_m": 8291.74,
        "offset_m": 0,
        "ele": -23.64,
        "desc": "",
        "comment": "",
        "images": "1000GRMN/DSC00035.jpg",
        "elevation_m": -23.64,
        "photo_filename": "DSC00035.jpg",
        "photo_path": "1000GRMN/DSC00035.jpg",
        "surveyor_comment": null,
        "survey_date": "2023-8-16"
      }
    },
    {
      "type": "Feature",
      "geometry": {
        "type": "Point",
        "coordinates": [
          118.447403,
          9.331562
        ]
      },
      "properties": {
        "id": 109,
        "name": "THRESHER CROSSING",
        "type": "Thresher Crossing",
        "Structure_Category": "Thresher Crossing",
        "canal_name": "SOUTH MAIN CANAL",
        "station": "STA 8+574.4",
        "station_m": 8574.44,
        "offset_m": 0,
        "ele": -24.01,
        "desc": "",
        "comment": "",
        "images": "1000GRMN/DSC00036.jpg",
        "elevation_m": -24.01,
        "photo_filename": "DSC00036.jpg",
        "photo_path": "1000GRMN/DSC00036.jpg",
        "surveyor_comment": null,
        "survey_date": "2023-8-16"
      }
    },
    {
      "type": "Feature",
      "geometry": {
        "type": "Point",
        "coordinates": [
          118.454319,
          9.325504
        ]
      },
      "properties": {
        "id": 67,
        "name": "THRESHER CROSSING",
        "type": "Thresher Crossing",
        "Structure_Category": "Thresher Crossing",
        "canal_name": "SOUTH MAIN CANAL",
        "station": "STA 9+601.9",
        "station_m": 9601.94,
        "offset_m": 0,
        "ele": -17.6,
        "desc": "",
        "comment": "",
        "images": "1000GRMN/DSC00044.jpg",
        "elevation_m": -17.6,
        "photo_filename": "DSC00044.jpg",
        "photo_path": "1000GRMN/DSC00044.jpg",
        "surveyor_comment": null,
        "survey_date": "2023-8-16"
      }
    },
    {
      "type": "Feature",
      "geometry": {
        "type": "Point",
        "coordinates": [
          118.454331,
          9.325453
        ]
      },
      "properties": {
        "id": 68,
        "name": "V-DROP STR.",
        "type": "Drop",
        "Structure_Category": "Drop",
        "canal_name": "SOUTH MAIN CANAL",
        "station": "STA 9+607.8",
        "station_m": 9607.75,
        "offset_m": 0,
        "ele": -17.6,
        "desc": "",
        "comment": "",
        "images": "1000GRMN/DSC00045.jpg",
        "elevation_m": -17.6,
        "photo_filename": "DSC00045.jpg",
        "photo_path": "1000GRMN/DSC00045.jpg",
        "surveyor_comment": null,
        "survey_date": "2023-8-16"
      }
    },
    {
      "type": "Feature",
      "geometry": {
        "type": "Point",
        "coordinates": [
          118.454066,
          9.322913
        ]
      },
      "properties": {
        "id": 69,
        "name": "UNAUTHORIZED TURNOUT",
        "type": "Unauthorized Turnout",
        "Structure_Category": "Turnout (TO)",
        "canal_name": "SOUTH MAIN CANAL",
        "station": "STA 9+890.9",
        "station_m": 9890.94,
        "offset_m": 0,
        "ele": -21.12,
        "desc": "",
        "comment": "",
        "images": "1000GRMN/DSC00046.jpg",
        "elevation_m": -21.12,
        "photo_filename": "DSC00046.jpg",
        "photo_path": "1000GRMN/DSC00046.jpg",
        "surveyor_comment": null,
        "survey_date": "2023-8-16"
      }
    },
    {
      "type": "Feature",
      "geometry": {
        "type": "Point",
        "coordinates": [
          118.455773,
          9.32
        ]
      },
      "properties": {
        "id": 70,
        "name": "INLET NAT'L ROAD CROSSING",
        "type": "Road Crossing",
        "Structure_Category": "Road Crossing",
        "canal_name": "SOUTH MAIN CANAL",
        "station": "STA 10+295.7",
        "station_m": 10295.66,
        "offset_m": 0,
        "ele": -25.88,
        "desc": "",
        "comment": "",
        "images": "1000GRMN/DSC00047.jpg",
        "elevation_m": -25.88,
        "photo_filename": "DSC00047.jpg",
        "photo_path": "1000GRMN/DSC00047.jpg",
        "surveyor_comment": null,
        "survey_date": "2023-8-16"
      }
    },
    {
      "type": "Feature",
      "geometry": {
        "type": "Point",
        "coordinates": [
          118.455954,
          9.31986
        ]
      },
      "properties": {
        "id": 72,
        "name": "OUTLET NAT'L ROAD CROSSING",
        "type": "Road Crossing",
        "Structure_Category": "Road Crossing",
        "canal_name": "SOUTH MAIN CANAL",
        "station": "STA 10+321.0",
        "station_m": 10320.95,
        "offset_m": 0,
        "ele": -26.7,
        "desc": "",
        "comment": "",
        "images": "1000GRMN/DSC00049.jpg",
        "elevation_m": -26.7,
        "photo_filename": "DSC00049.jpg",
        "photo_path": "1000GRMN/DSC00049.jpg",
        "surveyor_comment": null,
        "survey_date": "2023-8-16"
      }
    },
    {
      "type": "Feature",
      "geometry": {
        "type": "Point",
        "coordinates": [
          118.456004,
          9.318675
        ]
      },
      "properties": {
        "id": 73,
        "name": "END LINING AND START EARTH CANAL",
        "type": "Station",
        "Structure_Category": "Other Structures",
        "canal_name": "SOUTH MAIN CANAL",
        "station": "STA 10+481.3",
        "station_m": 10481.3,
        "offset_m": 0,
        "ele": -26.7,
        "desc": "",
        "comment": "",
        "images": "1000GRMN/DSC00050.jpg",
        "elevation_m": -26.7,
        "photo_filename": "DSC00050.jpg",
        "photo_path": "1000GRMN/DSC00050.jpg",
        "surveyor_comment": null,
        "survey_date": "2023-8-16"
      }
    },
    {
      "type": "Feature",
      "geometry": {
        "type": "Point",
        "coordinates": [
          118.455439,
          9.317993
        ]
      },
      "properties": {
        "id": 74,
        "name": "END EARTH CANAL AND START OF LINING",
        "type": "Station",
        "Structure_Category": "Other Structures",
        "canal_name": "SOUTH MAIN CANAL",
        "station": "STA 10+579.2",
        "station_m": 10579.25,
        "offset_m": 0,
        "ele": -26.7,
        "desc": "",
        "comment": "",
        "images": "1000GRMN/DSC00051.jpg",
        "elevation_m": -26.7,
        "photo_filename": "DSC00051.jpg",
        "photo_path": "1000GRMN/DSC00051.jpg",
        "surveyor_comment": null,
        "survey_date": "2023-8-16"
      }
    },
    {
      "type": "Feature",
      "geometry": {
        "type": "Point",
        "coordinates": [
          118.454475,
          9.316801
        ]
      },
      "properties": {
        "id": 77,
        "name": "RCP ROAD CROSSING",
        "type": "Road Crossing",
        "Structure_Category": "Road Crossing",
        "canal_name": "SOUTH MAIN CANAL",
        "station": "STA 10+748.8",
        "station_m": 10748.83,
        "offset_m": 0,
        "ele": -26.7,
        "desc": "",
        "comment": "",
        "images": "1000GRMN/DSC00054.jpg",
        "elevation_m": -26.7,
        "photo_filename": "DSC00054.jpg",
        "photo_path": "1000GRMN/DSC00054.jpg",
        "surveyor_comment": null,
        "survey_date": "2023-8-16"
      }
    },
    {
      "type": "Feature",
      "geometry": {
        "type": "Point",
        "coordinates": [
          118.45445,
          9.316763
        ]
      },
      "properties": {
        "id": 78,
        "name": "END EARTH CANAL AND START OF LINING",
        "type": "Station",
        "Structure_Category": "Other Structures",
        "canal_name": "SOUTH MAIN CANAL",
        "station": "STA 10+753.9",
        "station_m": 10753.87,
        "offset_m": 0,
        "ele": -26.7,
        "desc": "",
        "comment": "",
        "images": "1000GRMN/DSC00055.jpg",
        "elevation_m": -26.7,
        "photo_filename": "DSC00055.jpg",
        "photo_path": "1000GRMN/DSC00055.jpg",
        "surveyor_comment": null,
        "survey_date": "2023-8-16"
      }
    },
    {
      "type": "Feature",
      "geometry": {
        "type": "Point",
        "coordinates": [
          118.453066,
          9.315027
        ]
      },
      "properties": {
        "id": 79,
        "name": "TURN IN -R",
        "type": "Turnout",
        "Structure_Category": "Turnout (TO)",
        "canal_name": "SOUTH MAIN CANAL",
        "station": "STA 10+999.4",
        "station_m": 10999.44,
        "offset_m": 0,
        "ele": -26.69,
        "desc": "",
        "comment": "",
        "images": "1000GRMN/DSC00056.jpg",
        "elevation_m": -26.69,
        "photo_filename": "DSC00056.jpg",
        "photo_path": "1000GRMN/DSC00056.jpg",
        "surveyor_comment": null,
        "survey_date": "2023-8-16"
      }
    },
    {
      "type": "Feature",
      "geometry": {
        "type": "Point",
        "coordinates": [
          118.452037,
          9.313774
        ]
      },
      "properties": {
        "id": 81,
        "name": "END LINING AND START EARTH CANAL",
        "type": "Station",
        "Structure_Category": "Other Structures",
        "canal_name": "SOUTH MAIN CANAL",
        "station": "STA 11+178.8",
        "station_m": 11178.84,
        "offset_m": 0,
        "ele": -26.69,
        "desc": "",
        "comment": "",
        "images": "1000GRMN/DSC00058.jpg",
        "elevation_m": -26.69,
        "photo_filename": "DSC00058.jpg",
        "photo_path": "1000GRMN/DSC00058.jpg",
        "surveyor_comment": null,
        "survey_date": "2023-8-16"
      }
    },
    {
      "type": "Feature",
      "geometry": {
        "type": "Point",
        "coordinates": [
          118.451683,
          9.313275
        ]
      },
      "properties": {
        "id": 83,
        "name": "THRESHER CROSSING COMB. V-DROP",
        "type": "Drop",
        "Structure_Category": "Thresher Crossing",
        "canal_name": "SOUTH MAIN CANAL",
        "station": "STA 11+246.5",
        "station_m": 11246.54,
        "offset_m": 0,
        "ele": -26.69,
        "desc": "",
        "comment": "",
        "images": "1000GRMN/DSC00060.jpg",
        "elevation_m": -26.69,
        "photo_filename": "DSC00060.jpg",
        "photo_path": "1000GRMN/DSC00060.jpg",
        "surveyor_comment": null,
        "survey_date": "2023-8-16"
      }
    },
    {
      "type": "Feature",
      "geometry": {
        "type": "Point",
        "coordinates": [
          118.449686,
          9.310799
        ]
      },
      "properties": {
        "id": 85,
        "name": "ROAD CROSSING",
        "type": "Road Crossing",
        "Structure_Category": "Road Crossing",
        "canal_name": "SOUTH MAIN CANAL",
        "station": "STA 11+598.4",
        "station_m": 11598.39,
        "offset_m": 0,
        "ele": -22,
        "desc": "",
        "comment": "",
        "images": "1000GRMN/DSC00062.jpg",
        "elevation_m": -22,
        "photo_filename": "DSC00062.jpg",
        "photo_path": "1000GRMN/DSC00062.jpg",
        "surveyor_comment": null,
        "survey_date": "2023-8-16"
      }
    },
    {
      "type": "Feature",
      "geometry": {
        "type": "Point",
        "coordinates": [
          118.447551,
          9.308127
        ]
      },
      "properties": {
        "id": 86,
        "name": "INLET ROAD CROSSING",
        "type": "Road Crossing",
        "Structure_Category": "Road Crossing",
        "canal_name": "SOUTH MAIN CANAL",
        "station": "STA 11+976.7",
        "station_m": 11976.71,
        "offset_m": 0,
        "ele": -21.99,
        "desc": "",
        "comment": "",
        "images": "1000GRMN/DSC00063.jpg",
        "elevation_m": -21.99,
        "photo_filename": "DSC00063.jpg",
        "photo_path": "1000GRMN/DSC00063.jpg",
        "surveyor_comment": null,
        "survey_date": "2023-8-16"
      }
    },
    {
      "type": "Feature",
      "geometry": {
        "type": "Point",
        "coordinates": [
          118.447443,
          9.307988
        ]
      },
      "properties": {
        "id": 87,
        "name": "OUTLET ROAD CROSSING/ END CHECK\n",
        "type": "Road Crossing",
        "Structure_Category": "Road Crossing",
        "canal_name": "SOUTH MAIN CANAL",
        "station": "STA 11+996.2",
        "station_m": 11996.18,
        "offset_m": 0,
        "ele": -22,
        "desc": "",
        "comment": "",
        "images": "1000GRMN/DSC00064.jpg",
        "elevation_m": -22,
        "photo_filename": "DSC00064.jpg",
        "photo_path": "1000GRMN/DSC00064.jpg",
        "surveyor_comment": null,
        "survey_date": "2023-8-16"
      }
    },
    {
      "type": "Feature",
      "geometry": {
        "type": "Point",
        "coordinates": [
          118.42375,
          9.351242
        ]
      },
      "properties": {
        "id": 60,
        "name": "HD GATE OF LAT-AS COMB. OUTLER RD X-ING",
        "type": "Head Gate",
        "Structure_Category": "Head Gate",
        "canal_name": "LATERAL A-SOUTH",
        "station": "STA 0+000.0",
        "station_m": 0,
        "offset_m": 0,
        "ele": 20.78,
        "desc": "",
        "comment": "",
        "images": "1000GRMN/DSC00035.jpg",
        "elevation_m": 20.78,
        "photo_filename": "DSC00035.jpg",
        "photo_path": "1000GRMN/DSC00035.jpg",
        "surveyor_comment": null,
        "survey_date": "2023-8-15"
      }
    },
    {
      "type": "Feature",
      "geometry": {
        "type": "Point",
        "coordinates": [
          118.450291,
          9.329344
        ]
      },
      "properties": {
        "id": 114,
        "name": "ROAD CROSSING",
        "type": "Road Crossing",
        "Structure_Category": "Road Crossing",
        "canal_name": "SOUTH MAIN CANAL",
        "station": "STA 8+976.6",
        "station_m": 8976.57,
        "offset_m": 0,
        "ele": -22.51,
        "desc": "",
        "comment": "",
        "images": "1000GRMN/DSC00045.jpg",
        "elevation_m": -22.51,
        "photo_filename": "DSC00045.jpg",
        "photo_path": "1000GRMN/DSC00045.jpg",
        "surveyor_comment": null,
        "survey_date": "2023-8-16"
      }
    },
    {
      "type": "Feature",
      "geometry": {
        "type": "Point",
        "coordinates": [
          118.423639,
          9.351102
        ]
      },
      "properties": {
        "id": 118,
        "name": "RCP CROSSING",
        "type": "Thresher Crossing",
        "Structure_Category": "Thresher Crossing",
        "canal_name": "LATERAL A-SOUTH",
        "station": "STA 0+019.8",
        "station_m": 19.76,
        "offset_m": 0,
        "ele": 2.14,
        "desc": "",
        "comment": "",
        "images": "1000GRMN/DSC00065.jpg",
        "elevation_m": 2.14,
        "photo_filename": "DSC00065.jpg",
        "photo_path": "1000GRMN/DSC00065.jpg",
        "surveyor_comment": null,
        "survey_date": "2023-8-17"
      }
    },
    {
      "type": "Feature",
      "geometry": {
        "type": "Point",
        "coordinates": [
          118.42314,
          9.350021
        ]
      },
      "properties": {
        "id": 119,
        "name": "FLUME ACROSS CANAL",
        "type": "Flume",
        "Structure_Category": "Parshall Flume",
        "canal_name": "LATERAL A-SOUTH",
        "station": "STA 0+153.3",
        "station_m": 153.33,
        "offset_m": 0,
        "ele": 2.14,
        "desc": "",
        "comment": "",
        "images": "1000GRMN/DSC00066.jpg",
        "elevation_m": 2.14,
        "photo_filename": "DSC00066.jpg",
        "photo_path": "1000GRMN/DSC00066.jpg",
        "surveyor_comment": null,
        "survey_date": "2023-8-17"
      }
    },
    {
      "type": "Feature",
      "geometry": {
        "type": "Point",
        "coordinates": [
          118.423096,
          9.34994
        ]
      },
      "properties": {
        "id": 120,
        "name": "DRAINAGE INLET",
        "type": "Drainage",
        "Structure_Category": "Drainage",
        "canal_name": "LATERAL A-SOUTH",
        "station": "STA 0+163.5",
        "station_m": 163.54,
        "offset_m": 0,
        "ele": 2.14,
        "desc": "",
        "comment": "",
        "images": "1000GRMN/DSC00067.jpg",
        "elevation_m": 2.14,
        "photo_filename": "DSC00067.jpg",
        "photo_path": "1000GRMN/DSC00067.jpg",
        "surveyor_comment": null,
        "survey_date": "2023-8-17"
      }
    },
    {
      "type": "Feature",
      "geometry": {
        "type": "Point",
        "coordinates": [
          118.42285,
          9.349261
        ]
      },
      "properties": {
        "id": 121,
        "name": "DRAINAGE INLET",
        "type": "Drainage",
        "Structure_Category": "Drainage",
        "canal_name": "LATERAL A-SOUTH",
        "station": "STA 0+243.6",
        "station_m": 243.56,
        "offset_m": 1.46,
        "ele": 2.14,
        "desc": "",
        "comment": "",
        "images": "1000GRMN/DSC00068.jpg",
        "elevation_m": 2.14,
        "photo_filename": "DSC00068.jpg",
        "photo_path": "1000GRMN/DSC00068.jpg",
        "surveyor_comment": null,
        "survey_date": "2023-8-17"
      }
    },
    {
      "type": "Feature",
      "geometry": {
        "type": "Point",
        "coordinates": [
          118.422745,
          9.348904
        ]
      },
      "properties": {
        "id": 123,
        "name": "DRAINAGE INLET-GOOD",
        "type": "Drainage",
        "Structure_Category": "Drainage",
        "canal_name": "LATERAL A-SOUTH",
        "station": "STA 0+284.8",
        "station_m": 284.77,
        "offset_m": 0,
        "ele": 2.14,
        "desc": "",
        "comment": "",
        "images": "1000GRMN/DSC00070.jpg",
        "elevation_m": 2.14,
        "photo_filename": "DSC00070.jpg",
        "photo_path": "1000GRMN/DSC00070.jpg",
        "surveyor_comment": null,
        "survey_date": "2023-8-17"
      }
    },
    {
      "type": "Feature",
      "geometry": {
        "type": "Point",
        "coordinates": [
          118.422227,
          9.347325
        ]
      },
      "properties": {
        "id": 124,
        "name": "CART CROSSING-GOOD",
        "type": "Thresher Crossing",
        "Structure_Category": "Thresher Crossing",
        "canal_name": "LATERAL A-SOUTH",
        "station": "STA 0+468.9",
        "station_m": 468.95,
        "offset_m": 0,
        "ele": 2.15,
        "desc": "",
        "comment": "",
        "images": "1000GRMN/DSC00071.jpg",
        "elevation_m": 2.15,
        "photo_filename": "DSC00071.jpg",
        "photo_path": "1000GRMN/DSC00071.jpg",
        "surveyor_comment": null,
        "survey_date": "2023-8-17"
      }
    },
    {
      "type": "Feature",
      "geometry": {
        "type": "Point",
        "coordinates": [
          118.422171,
          9.347138
        ]
      },
      "properties": {
        "id": 125,
        "name": "DRAINAGE INLET",
        "type": "Drainage",
        "Structure_Category": "Drainage",
        "canal_name": "LATERAL A-SOUTH",
        "station": "STA 0+490.6",
        "station_m": 490.55,
        "offset_m": 1.19,
        "ele": 2.15,
        "desc": "",
        "comment": "",
        "images": "1000GRMN/DSC00072.jpg",
        "elevation_m": 2.15,
        "photo_filename": "DSC00072.jpg",
        "photo_path": "1000GRMN/DSC00072.jpg",
        "surveyor_comment": null,
        "survey_date": "2023-8-17"
      }
    },
    {
      "type": "Feature",
      "geometry": {
        "type": "Point",
        "coordinates": [
          118.421582,
          9.345403
        ]
      },
      "properties": {
        "id": 128,
        "name": "RCP CROSSING-NEED REPAIR",
        "type": "Thresher Crossing",
        "Structure_Category": "Thresher Crossing",
        "canal_name": "LATERAL A-SOUTH",
        "station": "STA 0+693.7",
        "station_m": 693.66,
        "offset_m": 0,
        "ele": 2.15,
        "desc": "",
        "comment": "",
        "images": "1000GRMN/DSC00075.jpg",
        "elevation_m": 2.15,
        "photo_filename": "DSC00075.jpg",
        "photo_path": "1000GRMN/DSC00075.jpg",
        "surveyor_comment": null,
        "survey_date": "2023-8-17"
      }
    },
    {
      "type": "Feature",
      "geometry": {
        "type": "Point",
        "coordinates": [
          118.422047,
          9.346826
        ]
      },
      "properties": {
        "id": 126,
        "name": "END OF LINING AND START OF EARTH CANAL",
        "type": "Station",
        "Structure_Category": "Other Structures",
        "canal_name": "LATERAL A-SOUTH",
        "station": "STA 0+527.7",
        "station_m": 527.74,
        "offset_m": 0,
        "ele": 2.15,
        "desc": "",
        "comment": "",
        "images": "1000GRMN/DSC00073.jpg",
        "elevation_m": 2.15,
        "photo_filename": "DSC00073.jpg",
        "photo_path": "1000GRMN/DSC00073.jpg",
        "surveyor_comment": null,
        "survey_date": "2023-8-17"
      }
    },
    {
      "type": "Feature",
      "geometry": {
        "type": "Point",
        "coordinates": [
          118.421761,
          9.345969
        ]
      },
      "properties": {
        "id": 127,
        "name": "FLUME ACROSS CANAL-GOOD",
        "type": "Flume",
        "Structure_Category": "Parshall Flume",
        "canal_name": "LATERAL A-SOUTH",
        "station": "STA 0+627.9",
        "station_m": 627.87,
        "offset_m": 0,
        "ele": 2.15,
        "desc": "",
        "comment": "",
        "images": "1000GRMN/DSC00074.jpg",
        "elevation_m": 2.15,
        "photo_filename": "DSC00074.jpg",
        "photo_path": "1000GRMN/DSC00074.jpg",
        "surveyor_comment": null,
        "survey_date": "2023-8-17"
      }
    },
    {
      "type": "Feature",
      "geometry": {
        "type": "Point",
        "coordinates": [
          118.434985,
          9.341422
        ]
      },
      "properties": {
        "id": 92,
        "name": "DMTO #11-L/S- SMC",
        "type": "Turnout",
        "Structure_Category": "Turnout (TO)",
        "canal_name": "SOUTH MAIN CANAL",
        "station": "STA 6+820.9",
        "station_m": 6820.94,
        "offset_m": 0,
        "ele": -20.19,
        "desc": "",
        "comment": "",
        "images": "1000GRMN/DSC00017.jpg",
        "elevation_m": -20.19,
        "photo_filename": "DSC00017.jpg",
        "photo_path": "1000GRMN/DSC00017.jpg",
        "surveyor_comment": null,
        "survey_date": "2023-8-16"
      }
    },
    {
      "type": "Feature",
      "geometry": {
        "type": "Point",
        "coordinates": [
          118.435773,
          9.340753
        ]
      },
      "properties": {
        "id": 93,
        "name": "DMTO #12-R/S - SMC",
        "type": "Turnout",
        "Structure_Category": "Turnout (TO)",
        "canal_name": "SOUTH MAIN CANAL",
        "station": "STA 6+935.1",
        "station_m": 6935.12,
        "offset_m": 0,
        "ele": -20.18,
        "desc": "",
        "comment": "",
        "images": "1000GRMN/DSC00018.jpg",
        "elevation_m": -20.18,
        "photo_filename": "DSC00018.jpg",
        "photo_path": "1000GRMN/DSC00018.jpg",
        "surveyor_comment": null,
        "survey_date": "2023-8-16"
      }
    },
    {
      "type": "Feature",
      "geometry": {
        "type": "Point",
        "coordinates": [
          118.43872,
          9.338397
        ]
      },
      "properties": {
        "id": 97,
        "name": "DMTO #13 CONDEMNED",
        "type": "Turnout",
        "Structure_Category": "Turnout (TO)",
        "canal_name": "LATERAL B-SOUTH",
        "station": "STA 0+013.5",
        "station_m": 13.53,
        "offset_m": 2.13,
        "ele": -20.18,
        "desc": "",
        "comment": "",
        "images": "1000GRMN/DSC00022.jpg",
        "elevation_m": -20.18,
        "photo_filename": "DSC00022.jpg",
        "photo_path": "1000GRMN/DSC00022.jpg",
        "surveyor_comment": null,
        "survey_date": "2023-8-16"
      }
    },
    {
      "type": "Feature",
      "geometry": {
        "type": "Point",
        "coordinates": [
          118.440757,
          9.336778
        ]
      },
      "properties": {
        "id": 100,
        "name": "DMTO #14-R/S - SMC",
        "type": "Turnout",
        "Structure_Category": "Turnout (TO)",
        "canal_name": "SOUTH MAIN CANAL",
        "station": "STA 7+641.4",
        "station_m": 7641.38,
        "offset_m": 0,
        "ele": -20.19,
        "desc": "",
        "comment": "",
        "images": "1000GRMN/DSC00025.jpg",
        "elevation_m": -20.19,
        "photo_filename": "DSC00025.jpg",
        "photo_path": "1000GRMN/DSC00025.jpg",
        "surveyor_comment": null,
        "survey_date": "2023-8-16"
      }
    },
    {
      "type": "Feature",
      "geometry": {
        "type": "Point",
        "coordinates": [
          118.441612,
          9.33617
        ]
      },
      "properties": {
        "id": 101,
        "name": "DMTO #15 -L/S- SMC",
        "type": "Turnout",
        "Structure_Category": "Turnout (TO)",
        "canal_name": "SOUTH MAIN CANAL",
        "station": "STA 7+757.1",
        "station_m": 7757.14,
        "offset_m": 3.78,
        "ele": -20.19,
        "desc": "",
        "comment": "",
        "images": "1000GRMN/DSC00026.jpg",
        "elevation_m": -20.19,
        "photo_filename": "DSC00026.jpg",
        "photo_path": "1000GRMN/DSC00026.jpg",
        "surveyor_comment": null,
        "survey_date": "2023-8-16"
      }
    },
    {
      "type": "Feature",
      "geometry": {
        "type": "Point",
        "coordinates": [
          118.421551,
          9.345213
        ]
      },
      "properties": {
        "id": 129,
        "name": "MTO#1-LAT AS-L-DAMAGED",
        "type": "Turnout",
        "Structure_Category": "Turnout (TO)",
        "canal_name": "LATERAL A-SOUTH",
        "station": "STA 0+714.7",
        "station_m": 714.69,
        "offset_m": 3.68,
        "ele": 2.15,
        "desc": "",
        "comment": "",
        "images": "1000GRMN/DSC00076.jpg",
        "elevation_m": 2.15,
        "photo_filename": "DSC00076.jpg",
        "photo_path": "1000GRMN/DSC00076.jpg",
        "surveyor_comment": null,
        "survey_date": "2023-8-17"
      }
    },
    {
      "type": "Feature",
      "geometry": {
        "type": "Point",
        "coordinates": [
          118.445328,
          9.33323
        ]
      },
      "properties": {
        "id": 106,
        "name": "DMTO #17-L/S - SMC",
        "type": "Turnout",
        "Structure_Category": "Turnout (TO)",
        "canal_name": "SOUTH MAIN CANAL",
        "station": "STA 8+280.4",
        "station_m": 8280.35,
        "offset_m": 4,
        "ele": -20.98,
        "desc": "",
        "comment": "",
        "images": "1000GRMN/DSC00033.jpg",
        "elevation_m": -20.98,
        "photo_filename": "DSC00033.jpg",
        "photo_path": "1000GRMN/DSC00033.jpg",
        "surveyor_comment": null,
        "survey_date": "2023-8-16"
      }
    },
    {
      "type": "Feature",
      "geometry": {
        "type": "Point",
        "coordinates": [
          118.44534,
          9.333152
        ]
      },
      "properties": {
        "id": 107,
        "name": "DMTO #18-R/S - SMC",
        "type": "Turnout",
        "Structure_Category": "Turnout (TO)",
        "canal_name": "SOUTH MAIN CANAL",
        "station": "STA 8+286.9",
        "station_m": 8286.85,
        "offset_m": 1.85,
        "ele": -24.28,
        "desc": "",
        "comment": "",
        "images": "1000GRMN/DSC00034.jpg",
        "elevation_m": -24.28,
        "photo_filename": "DSC00034.jpg",
        "photo_path": "1000GRMN/DSC00034.jpg",
        "surveyor_comment": null,
        "survey_date": "2023-8-16"
      }
    },
    {
      "type": "Feature",
      "geometry": {
        "type": "Point",
        "coordinates": [
          118.450223,
          9.329357
        ]
      },
      "properties": {
        "id": 112,
        "name": "DMTO #21-R/S - SMC",
        "type": "Turnout",
        "Structure_Category": "Turnout (TO)",
        "canal_name": "SOUTH MAIN CANAL",
        "station": "STA 8+969.8",
        "station_m": 8969.77,
        "offset_m": 3.44,
        "ele": -22.55,
        "desc": "",
        "comment": "",
        "images": "1000GRMN/DSC00042.jpg",
        "elevation_m": -22.55,
        "photo_filename": "DSC00042.jpg",
        "photo_path": "1000GRMN/DSC00042.jpg",
        "surveyor_comment": null,
        "survey_date": "2023-8-16"
      }
    },
    {
      "type": "Feature",
      "geometry": {
        "type": "Point",
        "coordinates": [
          118.447372,
          9.331625
        ]
      },
      "properties": {
        "id": 110,
        "name": "DMTO #19-L/S - SMC",
        "type": "Turnout",
        "Structure_Category": "Turnout (TO)",
        "canal_name": "SOUTH MAIN CANAL",
        "station": "STA 8+567.4",
        "station_m": 8567.44,
        "offset_m": 3.38,
        "ele": -24.01,
        "desc": "",
        "comment": "",
        "images": "1000GRMN/DSC00039.jpg",
        "elevation_m": -24.01,
        "photo_filename": "DSC00039.jpg",
        "photo_path": "1000GRMN/DSC00039.jpg",
        "surveyor_comment": null,
        "survey_date": "2023-8-16"
      }
    },
    {
      "type": "Feature",
      "geometry": {
        "type": "Point",
        "coordinates": [
          118.453425,
          9.326571
        ]
      },
      "properties": {
        "id": 115,
        "name": "DMTO #22-R/S - SMC",
        "type": "Turnout",
        "Structure_Category": "Turnout (TO)",
        "canal_name": "SOUTH MAIN CANAL",
        "station": "STA 9+442.1",
        "station_m": 9442.08,
        "offset_m": 0,
        "ele": -21.96,
        "desc": "",
        "comment": "",
        "images": "1000GRMN/DSC00046.jpg",
        "elevation_m": -21.96,
        "photo_filename": "DSC00046.jpg",
        "photo_path": "1000GRMN/DSC00046.jpg",
        "surveyor_comment": null,
        "survey_date": "2023-8-16"
      }
    },
    {
      "type": "Feature",
      "geometry": {
        "type": "Point",
        "coordinates": [
          118.454315,
          9.325557
        ]
      },
      "properties": {
        "id": 116,
        "name": "DMTO #24-R/S - SMC",
        "type": "Turnout",
        "Structure_Category": "Turnout (TO)",
        "canal_name": "SOUTH MAIN CANAL",
        "station": "STA 9+597.1",
        "station_m": 9597.07,
        "offset_m": 3.32,
        "ele": -21.97,
        "desc": "",
        "comment": "",
        "images": "1000GRMN/DSC00047.jpg",
        "elevation_m": -21.97,
        "photo_filename": "DSC00047.jpg",
        "photo_path": "1000GRMN/DSC00047.jpg",
        "surveyor_comment": null,
        "survey_date": "2023-8-16"
      }
    },
    {
      "type": "Feature",
      "geometry": {
        "type": "Point",
        "coordinates": [
          118.454514,
          9.316808
        ]
      },
      "properties": {
        "id": 76,
        "name": "DMTO #26-L/S - SMC",
        "type": "Turnout",
        "Structure_Category": "Turnout (TO)",
        "canal_name": "SOUTH MAIN CANAL",
        "station": "STA 10+745.5",
        "station_m": 10745.49,
        "offset_m": 2.81,
        "ele": -26.7,
        "desc": "",
        "comment": "",
        "images": "1000GRMN/DSC00053.jpg",
        "elevation_m": -26.7,
        "photo_filename": "DSC00053.jpg",
        "photo_path": "1000GRMN/DSC00053.jpg",
        "surveyor_comment": null,
        "survey_date": "2023-8-16"
      }
    },
    {
      "type": "Feature",
      "geometry": {
        "type": "Point",
        "coordinates": [
          118.449738,
          9.310833
        ]
      },
      "properties": {
        "id": 84,
        "name": "DMTO #28-L/S - SMC",
        "type": "Turnout",
        "Structure_Category": "Turnout (TO)",
        "canal_name": "SOUTH MAIN CANAL",
        "station": "STA 11+591.9",
        "station_m": 11591.86,
        "offset_m": 2.11,
        "ele": -26.68,
        "desc": "",
        "comment": "",
        "images": "1000GRMN/DSC00061.jpg",
        "elevation_m": -26.68,
        "photo_filename": "DSC00061.jpg",
        "photo_path": "1000GRMN/DSC00061.jpg",
        "surveyor_comment": null,
        "survey_date": "2023-8-16"
      }
    },
    {
      "type": "Feature",
      "geometry": {
        "type": "Point",
        "coordinates": [
          118.451702,
          9.313298
        ]
      },
      "properties": {
        "id": 82,
        "name": "DMTO #27-L/S - SMC",
        "type": "Turnout",
        "Structure_Category": "Turnout (TO)",
        "canal_name": "SOUTH MAIN CANAL",
        "station": "STA 11+243.2",
        "station_m": 11243.25,
        "offset_m": 0.24,
        "ele": -26.69,
        "desc": "",
        "comment": "",
        "images": "1000GRMN/DSC00059.jpg",
        "elevation_m": -26.69,
        "photo_filename": "DSC00059.jpg",
        "photo_path": "1000GRMN/DSC00059.jpg",
        "surveyor_comment": null,
        "survey_date": "2023-8-16"
      }
    },
    {
      "type": "Feature",
      "geometry": {
        "type": "Point",
        "coordinates": [
          118.441571,
          9.336139
        ]
      },
      "properties": {
        "id": 102,
        "name": "DMTO #16-R/S - SMC",
        "type": "Turnout",
        "Structure_Category": "Turnout (TO)",
        "canal_name": "SOUTH MAIN CANAL",
        "station": "STA 7+755.6",
        "station_m": 7755.65,
        "offset_m": 1.7,
        "ele": -20.18,
        "desc": "",
        "comment": "",
        "images": "1000GRMN/DSC00027.jpg",
        "elevation_m": -20.18,
        "photo_filename": "DSC00027.jpg",
        "photo_path": "1000GRMN/DSC00027.jpg",
        "surveyor_comment": null,
        "survey_date": "2023-8-16"
      }
    },
    {
      "type": "Feature",
      "geometry": {
        "type": "Point",
        "coordinates": [
          118.420071,
          9.343017
        ]
      },
      "properties": {
        "id": 132,
        "name": "DRAINAGE INLET-GOOD",
        "type": "Drainage",
        "Structure_Category": "Drainage",
        "canal_name": "LATERAL A-SOUTH",
        "station": "STA 1+016.8",
        "station_m": 1016.82,
        "offset_m": 0.73,
        "ele": 2.15,
        "desc": "",
        "comment": "",
        "images": "1000GRMN/DSC00079.jpg",
        "elevation_m": 2.15,
        "photo_filename": "DSC00079.jpg",
        "photo_path": "1000GRMN/DSC00079.jpg",
        "surveyor_comment": null,
        "survey_date": "2023-8-17"
      }
    },
    {
      "type": "Feature",
      "geometry": {
        "type": "Point",
        "coordinates": [
          118.420115,
          9.343041
        ]
      },
      "properties": {
        "id": 131,
        "name": "RCP CROSSING-GOOD",
        "type": "Thresher Crossing",
        "Structure_Category": "Thresher Crossing",
        "canal_name": "LATERAL A-SOUTH",
        "station": "STA 1+011.3",
        "station_m": 1011.34,
        "offset_m": 0,
        "ele": 2.15,
        "desc": "",
        "comment": "",
        "images": "1000GRMN/DSC00078.jpg",
        "elevation_m": 2.15,
        "photo_filename": "DSC00078.jpg",
        "photo_path": "1000GRMN/DSC00078.jpg",
        "surveyor_comment": null,
        "survey_date": "2023-8-17"
      }
    },
    {
      "type": "Feature",
      "geometry": {
        "type": "Point",
        "coordinates": [
          118.419937,
          9.342911
        ]
      },
      "properties": {
        "id": 134,
        "name": "DRAINAGE INLET- NO STRUCTURE",
        "type": "Drainage",
        "Structure_Category": "Drainage",
        "canal_name": "LATERAL A-SOUTH",
        "station": "STA 1+035.7",
        "station_m": 1035.68,
        "offset_m": 0,
        "ele": 2.15,
        "desc": "",
        "comment": "",
        "images": "1000GRMN/DSC00081.jpg",
        "elevation_m": 2.15,
        "photo_filename": "DSC00081.jpg",
        "photo_path": "1000GRMN/DSC00081.jpg",
        "surveyor_comment": null,
        "survey_date": "2023-8-17"
      }
    },
    {
      "type": "Feature",
      "geometry": {
        "type": "Point",
        "coordinates": [
          118.419067,
          9.342111
        ]
      },
      "properties": {
        "id": 135,
        "name": "RCP CROSSING-GOOD",
        "type": "Thresher Crossing",
        "Structure_Category": "Thresher Crossing",
        "canal_name": "LATERAL A-SOUTH",
        "station": "STA 1+166.3",
        "station_m": 1166.28,
        "offset_m": 0,
        "ele": 2.15,
        "desc": "",
        "comment": "",
        "images": "1000GRMN/DSC00082.jpg",
        "elevation_m": 2.15,
        "photo_filename": "DSC00082.jpg",
        "photo_path": "1000GRMN/DSC00082.jpg",
        "surveyor_comment": null,
        "survey_date": "2023-8-17"
      }
    },
    {
      "type": "Feature",
      "geometry": {
        "type": "Point",
        "coordinates": [
          118.418799,
          9.341872
        ]
      },
      "properties": {
        "id": 141,
        "name": "START LINED CANAL-GOOD",
        "type": "Station",
        "Structure_Category": "Other Structures",
        "canal_name": "LATERAL A-SOUTH",
        "station": "STA 1+206.0",
        "station_m": 1205.95,
        "offset_m": 0,
        "ele": 0.08,
        "desc": "",
        "comment": "",
        "images": "1000GRMN/DSC00088.jpg",
        "elevation_m": 0.08,
        "photo_filename": "DSC00088.jpg",
        "photo_path": "1000GRMN/DSC00088.jpg",
        "surveyor_comment": null,
        "survey_date": "2023-8-17"
      }
    },
    {
      "type": "Feature",
      "geometry": {
        "type": "Point",
        "coordinates": [
          118.418696,
          9.341816
        ]
      },
      "properties": {
        "id": 138,
        "name": "DRAINAGE CROSSING-GOOD",
        "type": "Drainage",
        "Structure_Category": "Drainage",
        "canal_name": "LATERAL A-SOUTH",
        "station": "STA 1+221.3",
        "station_m": 1221.34,
        "offset_m": 6.11,
        "ele": 0.08,
        "desc": "",
        "comment": "",
        "images": "1000GRMN/DSC00085.jpg",
        "elevation_m": 0.08,
        "photo_filename": "DSC00085.jpg",
        "photo_path": "1000GRMN/DSC00085.jpg",
        "surveyor_comment": null,
        "survey_date": "2023-8-17"
      }
    },
    {
      "type": "Feature",
      "geometry": {
        "type": "Point",
        "coordinates": [
          118.418749,
          9.341779
        ]
      },
      "properties": {
        "id": 137,
        "name": "ELEVATED FLUME-GOOD",
        "type": "Flume",
        "Structure_Category": "Parshall Flume",
        "canal_name": "LATERAL A-SOUTH",
        "station": "STA 1+217.6",
        "station_m": 1217.64,
        "offset_m": 0,
        "ele": 2.15,
        "desc": "",
        "comment": "",
        "images": "1000GRMN/DSC00084.jpg",
        "elevation_m": 2.15,
        "photo_filename": "DSC00084.jpg",
        "photo_path": "1000GRMN/DSC00084.jpg",
        "surveyor_comment": null,
        "survey_date": "2023-8-17"
      }
    },
    {
      "type": "Feature",
      "geometry": {
        "type": "Point",
        "coordinates": [
          118.418678,
          9.341748
        ]
      },
      "properties": {
        "id": 139,
        "name": "CART CROSSING-GOOD",
        "type": "Thresher Crossing",
        "Structure_Category": "Thresher Crossing",
        "canal_name": "LATERAL A-SOUTH",
        "station": "STA 1+226.2",
        "station_m": 1226.19,
        "offset_m": 0,
        "ele": 0.08,
        "desc": "",
        "comment": "",
        "images": "1000GRMN/DSC00086.jpg",
        "elevation_m": 0.08,
        "photo_filename": "DSC00086.jpg",
        "photo_path": "1000GRMN/DSC00086.jpg",
        "surveyor_comment": null,
        "survey_date": "2023-8-17"
      }
    },
    {
      "type": "Feature",
      "geometry": {
        "type": "Point",
        "coordinates": [
          118.418653,
          9.341718
        ]
      },
      "properties": {
        "id": 142,
        "name": "END LINED CANAL AND START OF EARTH CANAL-GOOD",
        "type": "Station",
        "Structure_Category": "Other Structures",
        "canal_name": "LATERAL A-SOUTH",
        "station": "STA 1+230.5",
        "station_m": 1230.51,
        "offset_m": 0,
        "ele": 0.08,
        "desc": "",
        "comment": "",
        "images": "1000GRMN/DSC00089.jpg",
        "elevation_m": 0.08,
        "photo_filename": "DSC00089.jpg",
        "photo_path": "1000GRMN/DSC00089.jpg",
        "surveyor_comment": null,
        "survey_date": "2023-8-17"
      }
    },
    {
      "type": "Feature",
      "geometry": {
        "type": "Point",
        "coordinates": [
          118.417456,
          9.339589
        ]
      },
      "properties": {
        "id": 144,
        "name": "DRAINAGE CROSSING- NO HEAD WALL",
        "type": "Drainage",
        "Structure_Category": "Drainage",
        "canal_name": "LATERAL A-SOUTH",
        "station": "STA 1+503.5",
        "station_m": 1503.5,
        "offset_m": 6.53,
        "ele": 0.08,
        "desc": "",
        "comment": "",
        "images": "1000GRMN/DSC00091.jpg",
        "elevation_m": 0.08,
        "photo_filename": "DSC00091.jpg",
        "photo_path": "1000GRMN/DSC00091.jpg",
        "surveyor_comment": null,
        "survey_date": "2023-8-17"
      }
    },
    {
      "type": "Feature",
      "geometry": {
        "type": "Point",
        "coordinates": [
          118.417436,
          9.339306
        ]
      },
      "properties": {
        "id": 146,
        "name": "CART CROSSING",
        "type": "Thresher Crossing",
        "Structure_Category": "Thresher Crossing",
        "canal_name": "LATERAL A-SOUTH",
        "station": "STA 1+534.1",
        "station_m": 1534.08,
        "offset_m": 0,
        "ele": 0.08,
        "desc": "",
        "comment": "",
        "images": "1000GRMN/DSC00093.jpg",
        "elevation_m": 0.08,
        "photo_filename": "DSC00093.jpg",
        "photo_path": "1000GRMN/DSC00093.jpg",
        "surveyor_comment": null,
        "survey_date": "2023-8-17"
      }
    },
    {
      "type": "Feature",
      "geometry": {
        "type": "Point",
        "coordinates": [
          118.417079,
          9.33597
        ]
      },
      "properties": {
        "id": 152,
        "name": "DRAINAGE CROSSING",
        "type": "Drainage",
        "Structure_Category": "Drainage",
        "canal_name": "LATERAL A-SOUTH",
        "station": "STA 1+905.9",
        "station_m": 1905.9,
        "offset_m": 9.02,
        "ele": -1.72,
        "desc": "",
        "comment": "",
        "images": "1000GRMN/DSC00100.jpg",
        "elevation_m": -1.72,
        "photo_filename": "DSC00100.jpg",
        "photo_path": "1000GRMN/DSC00100.jpg",
        "surveyor_comment": null,
        "survey_date": "2023-8-17"
      }
    },
    {
      "type": "Feature",
      "geometry": {
        "type": "Point",
        "coordinates": [
          118.41726,
          9.335433
        ]
      },
      "properties": {
        "id": 150,
        "name": "START OF LINED CANAL AND END OF EARTH CANAL",
        "type": "Station",
        "Structure_Category": "Other Structures",
        "canal_name": "LATERAL A-SOUTH",
        "station": "STA 1+966.9",
        "station_m": 1966.87,
        "offset_m": 1.55,
        "ele": 0.08,
        "desc": "",
        "comment": "",
        "images": "1000GRMN/DSC00098.jpg",
        "elevation_m": 0.08,
        "photo_filename": "DSC00098.jpg",
        "photo_path": "1000GRMN/DSC00098.jpg",
        "surveyor_comment": null,
        "survey_date": "2023-8-17"
      }
    },
    {
      "type": "Feature",
      "geometry": {
        "type": "Point",
        "coordinates": [
          118.417392,
          9.335286
        ]
      },
      "properties": {
        "id": 154,
        "name": "CHUTE STR.\n",
        "type": "Overchute",
        "Structure_Category": "Other Structures",
        "canal_name": "LATERAL A-SOUTH",
        "station": "STA 1+989.9",
        "station_m": 1989.88,
        "offset_m": 0.71,
        "ele": -1.73,
        "desc": "",
        "comment": "",
        "images": "1000GRMN/DSC00102.jpg",
        "elevation_m": -1.73,
        "photo_filename": "DSC00102.jpg",
        "photo_path": "1000GRMN/DSC00102.jpg",
        "surveyor_comment": null,
        "survey_date": "2023-8-17"
      }
    },
    {
      "type": "Feature",
      "geometry": {
        "type": "Point",
        "coordinates": [
          118.417435,
          9.335251
        ]
      },
      "properties": {
        "id": 155,
        "name": "END LINED CANAL AND START OF EARTH CANAL",
        "type": "Station",
        "Structure_Category": "Other Structures",
        "canal_name": "LATERAL A-SOUTH",
        "station": "STA 1+996.0",
        "station_m": 1995.96,
        "offset_m": 0,
        "ele": -1.73,
        "desc": "",
        "comment": "",
        "images": "1000GRMN/DSC00103.jpg",
        "elevation_m": -1.73,
        "photo_filename": "DSC00103.jpg",
        "photo_path": "1000GRMN/DSC00103.jpg",
        "surveyor_comment": null,
        "survey_date": "2023-8-17"
      }
    },
    {
      "type": "Feature",
      "geometry": {
        "type": "Point",
        "coordinates": [
          118.418884,
          9.334235
        ]
      },
      "properties": {
        "id": 157,
        "name": "START OF LINED CANAL AND END OF EARTH CANAL",
        "type": "Station",
        "Structure_Category": "Other Structures",
        "canal_name": "LATERAL A-SOUTH",
        "station": "STA 2+191.5",
        "station_m": 2191.46,
        "offset_m": 0,
        "ele": -1.73,
        "desc": "",
        "comment": "",
        "images": "1000GRMN/DSC00105.jpg",
        "elevation_m": -1.73,
        "photo_filename": "DSC00105.jpg",
        "photo_path": "1000GRMN/DSC00105.jpg",
        "surveyor_comment": null,
        "survey_date": "2023-8-17"
      }
    },
    {
      "type": "Feature",
      "geometry": {
        "type": "Point",
        "coordinates": [
          118.418978,
          9.334079
        ]
      },
      "properties": {
        "id": 159,
        "name": "CART CROSSING",
        "type": "Thresher Crossing",
        "Structure_Category": "Thresher Crossing",
        "canal_name": "LATERAL A-SOUTH",
        "station": "STA 2+211.6",
        "station_m": 2211.62,
        "offset_m": 0,
        "ele": -4.5,
        "desc": "",
        "comment": "",
        "images": "1000GRMN/DSC00107.jpg",
        "elevation_m": -4.5,
        "photo_filename": "DSC00107.jpg",
        "photo_path": "1000GRMN/DSC00107.jpg",
        "surveyor_comment": null,
        "survey_date": "2023-8-17"
      }
    },
    {
      "type": "Feature",
      "geometry": {
        "type": "Point",
        "coordinates": [
          118.418926,
          9.33317
        ]
      },
      "properties": {
        "id": 160,
        "name": "CART CROSSING",
        "type": "Thresher Crossing",
        "Structure_Category": "Thresher Crossing",
        "canal_name": "LATERAL A-SOUTH",
        "station": "STA 2+313.2",
        "station_m": 2313.21,
        "offset_m": 0.86,
        "ele": -4.82,
        "desc": "",
        "comment": "",
        "images": "1000GRMN/DSC00108.jpg",
        "elevation_m": -4.82,
        "photo_filename": "DSC00108.jpg",
        "photo_path": "1000GRMN/DSC00108.jpg",
        "surveyor_comment": null,
        "survey_date": "2023-8-17"
      }
    },
    {
      "type": "Feature",
      "geometry": {
        "type": "Point",
        "coordinates": [
          118.418828,
          9.332683
        ]
      },
      "properties": {
        "id": 161,
        "name": "END LINED CANAL(ON-GOING CONST. CY 2023)",
        "type": "Station",
        "Structure_Category": "Other Structures",
        "canal_name": "LATERAL A-SOUTH",
        "station": "STA 2+368.3",
        "station_m": 2368.28,
        "offset_m": 0,
        "ele": -4.82,
        "desc": "",
        "comment": "",
        "images": "1000GRMN/DSC00109.jpg",
        "elevation_m": -4.82,
        "photo_filename": "DSC00109.jpg",
        "photo_path": "1000GRMN/DSC00109.jpg",
        "surveyor_comment": null,
        "survey_date": "2023-8-17"
      }
    },
    {
      "type": "Feature",
      "geometry": {
        "type": "Point",
        "coordinates": [
          118.418141,
          9.331559
        ]
      },
      "properties": {
        "id": 165,
        "name": "ROAD CROSSING COMB. CHECK STR.",
        "type": "Road Crossing",
        "Structure_Category": "Road Crossing",
        "canal_name": "LATERAL A-SOUTH",
        "station": "STA 2+516.2",
        "station_m": 2516.2,
        "offset_m": 0,
        "ele": -4.81,
        "desc": "",
        "comment": "",
        "images": "1000GRMN/DSC00113.jpg",
        "elevation_m": -4.81,
        "photo_filename": "DSC00113.jpg",
        "photo_path": "1000GRMN/DSC00113.jpg",
        "surveyor_comment": null,
        "survey_date": "2023-8-17"
      }
    },
    {
      "type": "Feature",
      "geometry": {
        "type": "Point",
        "coordinates": [
          118.418091,
          9.331515
        ]
      },
      "properties": {
        "id": 167,
        "name": "EXISTING LINED CANAL",
        "type": "Station",
        "Structure_Category": "Other Structures",
        "canal_name": "LATERAL A-SOUTH",
        "station": "STA 2+523.6",
        "station_m": 2523.56,
        "offset_m": 0,
        "ele": -4.81,
        "desc": "",
        "comment": "",
        "images": "1000GRMN/DSC00115.jpg",
        "elevation_m": -4.81,
        "photo_filename": "DSC00115.jpg",
        "photo_path": "1000GRMN/DSC00115.jpg",
        "surveyor_comment": null,
        "survey_date": "2023-8-17"
      }
    },
    {
      "type": "Feature",
      "geometry": {
        "type": "Point",
        "coordinates": [
          118.418082,
          9.331518
        ]
      },
      "properties": {
        "id": 166,
        "name": "DRAINAGE INLET",
        "type": "Drainage",
        "Structure_Category": "Drainage",
        "canal_name": "LATERAL A-SOUTH",
        "station": "STA 2+523.9",
        "station_m": 2523.94,
        "offset_m": 0.97,
        "ele": -4.81,
        "desc": "",
        "comment": "",
        "images": "1000GRMN/DSC00116.jpg",
        "elevation_m": -4.81,
        "photo_filename": "DSC00116.jpg",
        "photo_path": "1000GRMN/DSC00116.jpg",
        "surveyor_comment": null,
        "survey_date": "2023-8-17"
      }
    },
    {
      "type": "Feature",
      "geometry": {
        "type": "Point",
        "coordinates": [
          118.41772,
          9.331034
        ]
      },
      "properties": {
        "id": 168,
        "name": "DRAINAGE INLET",
        "type": "Drainage",
        "Structure_Category": "Drainage",
        "canal_name": "LATERAL A-SOUTH",
        "station": "STA 2+591.0",
        "station_m": 2590.97,
        "offset_m": 2.07,
        "ele": -6.81,
        "desc": "",
        "comment": "",
        "images": "1000GRMN/DSC00117.jpg",
        "elevation_m": -6.81,
        "photo_filename": "DSC00117.jpg",
        "photo_path": "1000GRMN/DSC00117.jpg",
        "surveyor_comment": null,
        "survey_date": "2023-8-17"
      }
    },
    {
      "type": "Feature",
      "geometry": {
        "type": "Point",
        "coordinates": [
          118.417436,
          9.330463
        ]
      },
      "properties": {
        "id": 169,
        "name": "DRAINAGE INLET",
        "type": "Drainage",
        "Structure_Category": "Drainage",
        "canal_name": "LATERAL A-SOUTH",
        "station": "STA 2+661.7",
        "station_m": 2661.74,
        "offset_m": 3.33,
        "ele": -6.81,
        "desc": "",
        "comment": "",
        "images": "1000GRMN/DSC00118.jpg",
        "elevation_m": -6.81,
        "photo_filename": "DSC00118.jpg",
        "photo_path": "1000GRMN/DSC00118.jpg",
        "surveyor_comment": null,
        "survey_date": "2023-8-17"
      }
    },
    {
      "type": "Feature",
      "geometry": {
        "type": "Point",
        "coordinates": [
          118.422835,
          9.349176
        ]
      },
      "properties": {
        "id": 122,
        "name": "CART CROSSING-GOOD",
        "type": "Thresher Crossing",
        "Structure_Category": "Thresher Crossing",
        "canal_name": "LATERAL A-SOUTH",
        "station": "STA 0+253.0",
        "station_m": 253.01,
        "offset_m": 0,
        "ele": 2.14,
        "desc": "",
        "comment": "",
        "images": "1000GRMN/DSC00069.jpg",
        "elevation_m": 2.14,
        "photo_filename": "DSC00069.jpg",
        "photo_path": "1000GRMN/DSC00069.jpg",
        "surveyor_comment": null,
        "survey_date": "2023-8-17"
      }
    },
    {
      "type": "Feature",
      "geometry": {
        "type": "Point",
        "coordinates": [
          118.417571,
          9.329402
        ]
      },
      "properties": {
        "id": 172,
        "name": "CART CROSSING",
        "type": "Thresher Crossing",
        "Structure_Category": "Thresher Crossing",
        "canal_name": "LATERAL A-SOUTH",
        "station": "STA 2+780.4",
        "station_m": 2780.43,
        "offset_m": 0,
        "ele": -6.81,
        "desc": "",
        "comment": "",
        "images": "1000GRMN/DSC00121.jpg",
        "elevation_m": -6.81,
        "photo_filename": "DSC00121.jpg",
        "photo_path": "1000GRMN/DSC00121.jpg",
        "surveyor_comment": null,
        "survey_date": "2023-8-17"
      }
    },
    {
      "type": "Feature",
      "geometry": {
        "type": "Point",
        "coordinates": [
          118.41779,
          9.328549
        ]
      },
      "properties": {
        "id": 173,
        "name": "CART CROSSING",
        "type": "Thresher Crossing",
        "Structure_Category": "Thresher Crossing",
        "canal_name": "LATERAL A-SOUTH",
        "station": "STA 2+878.1",
        "station_m": 2878.06,
        "offset_m": 0,
        "ele": -6.82,
        "desc": "",
        "comment": "",
        "images": "1000GRMN/DSC00122.jpg",
        "elevation_m": -6.82,
        "photo_filename": "DSC00122.jpg",
        "photo_path": "1000GRMN/DSC00122.jpg",
        "surveyor_comment": null,
        "survey_date": "2023-8-17"
      }
    },
    {
      "type": "Feature",
      "geometry": {
        "type": "Point",
        "coordinates": [
          118.41782,
          9.328398
        ]
      },
      "properties": {
        "id": 174,
        "name": "END LINED CANAL AND START OF EARTH CANAL",
        "type": "Station",
        "Structure_Category": "Other Structures",
        "canal_name": "LATERAL A-SOUTH",
        "station": "STA 2+895.1",
        "station_m": 2895.13,
        "offset_m": 0,
        "ele": -6.82,
        "desc": "",
        "comment": "",
        "images": "1000GRMN/DSC00123.jpg",
        "elevation_m": -6.82,
        "photo_filename": "DSC00123.jpg",
        "photo_path": "1000GRMN/DSC00123.jpg",
        "surveyor_comment": null,
        "survey_date": "2023-8-17"
      }
    },
    {
      "type": "Feature",
      "geometry": {
        "type": "Point",
        "coordinates": [
          118.418535,
          9.325625
        ]
      },
      "properties": {
        "id": 176,
        "name": "RD CROSSING COMB. CHECK STR.",
        "type": "Road Crossing",
        "Structure_Category": "Road Crossing",
        "canal_name": "LATERAL A-SOUTH",
        "station": "STA 3+212.6",
        "station_m": 3212.6,
        "offset_m": 0,
        "ele": -6.82,
        "desc": "",
        "comment": "",
        "images": "1000GRMN/DSC00125.jpg",
        "elevation_m": -6.82,
        "photo_filename": "DSC00125.jpg",
        "photo_path": "1000GRMN/DSC00125.jpg",
        "surveyor_comment": null,
        "survey_date": "2023-8-17"
      }
    },
    {
      "type": "Feature",
      "geometry": {
        "type": "Point",
        "coordinates": [
          118.418545,
          9.325606
        ]
      },
      "properties": {
        "id": 177,
        "name": "OUTLET RCP CROSSING(END CHECK)",
        "type": "Station",
        "Structure_Category": "Other Structures",
        "canal_name": "LATERAL A-SOUTH",
        "station": "STA 3+215.0",
        "station_m": 3214.98,
        "offset_m": 0,
        "ele": -6.82,
        "desc": "",
        "comment": "",
        "images": "1000GRMN/DSC00126.jpg",
        "elevation_m": -6.82,
        "photo_filename": "DSC00126.jpg",
        "photo_path": "1000GRMN/DSC00126.jpg",
        "surveyor_comment": null,
        "survey_date": "2023-8-17"
      }
    },
    {
      "type": "Feature",
      "geometry": {
        "type": "Point",
        "coordinates": [
          118.438737,
          9.338376
        ]
      },
      "properties": {
        "id": 194,
        "name": "RCP CROSSING",
        "type": "Thresher Crossing",
        "Structure_Category": "Thresher Crossing",
        "canal_name": "LATERAL B-SOUTH",
        "station": "STA 0+013.2",
        "station_m": 13.17,
        "offset_m": 0.83,
        "ele": 15.38,
        "desc": "",
        "comment": "",
        "images": "1000GRMN/DSC00143.jpg",
        "elevation_m": 15.38,
        "photo_filename": "DSC00143.jpg",
        "photo_path": "1000GRMN/DSC00143.jpg",
        "surveyor_comment": null,
        "survey_date": "2023-8-17"
      }
    },
    {
      "type": "Feature",
      "geometry": {
        "type": "Point",
        "coordinates": [
          118.438721,
          9.338375
        ]
      },
      "properties": {
        "id": 195,
        "name": "OUTLET RCP CROSSING/START OF LINED CANAL",
        "type": "Station",
        "Structure_Category": "Other Structures",
        "canal_name": "LATERAL B-SOUTH",
        "station": "STA 0+014.7",
        "station_m": 14.72,
        "offset_m": 0,
        "ele": 15.38,
        "desc": "",
        "comment": "",
        "images": "1000GRMN/DSC00144.jpg",
        "elevation_m": 15.38,
        "photo_filename": "DSC00144.jpg",
        "photo_path": "1000GRMN/DSC00144.jpg",
        "surveyor_comment": null,
        "survey_date": "2023-8-17"
      }
    },
    {
      "type": "Feature",
      "geometry": {
        "type": "Point",
        "coordinates": [
          118.43866,
          9.3383
        ]
      },
      "properties": {
        "id": 196,
        "name": "STAFF GAUGE",
        "type": "Water Gauge",
        "Structure_Category": "Parshall Flume",
        "canal_name": "LATERAL B-SOUTH",
        "station": "STA 0+025.4",
        "station_m": 25.42,
        "offset_m": 0,
        "ele": 15.38,
        "desc": "",
        "comment": "",
        "images": "1000GRMN/DSC00145.jpg",
        "elevation_m": 15.38,
        "photo_filename": "DSC00145.jpg",
        "photo_path": "1000GRMN/DSC00145.jpg",
        "surveyor_comment": null,
        "survey_date": "2023-8-17"
      }
    },
    {
      "type": "Feature",
      "geometry": {
        "type": "Point",
        "coordinates": [
          118.437812,
          9.337225
        ]
      },
      "properties": {
        "id": 197,
        "name": "CART CROSSING",
        "type": "Thresher Crossing",
        "Structure_Category": "Thresher Crossing",
        "canal_name": "LATERAL B-SOUTH",
        "station": "STA 0+176.9",
        "station_m": 176.87,
        "offset_m": 0,
        "ele": 15.38,
        "desc": "",
        "comment": "",
        "images": "1000GRMN/DSC00146.jpg",
        "elevation_m": 15.38,
        "photo_filename": "DSC00146.jpg",
        "photo_path": "1000GRMN/DSC00146.jpg",
        "surveyor_comment": null,
        "survey_date": "2023-8-17"
      }
    },
    {
      "type": "Feature",
      "geometry": {
        "type": "Point",
        "coordinates": [
          118.437146,
          9.336386
        ]
      },
      "properties": {
        "id": 198,
        "name": "DAMAGED LINING(WALL)",
        "type": "Station",
        "Structure_Category": "Other Structures",
        "canal_name": "LATERAL B-SOUTH",
        "station": "STA 0+295.4",
        "station_m": 295.36,
        "offset_m": 0,
        "ele": 15.39,
        "desc": "",
        "comment": "",
        "images": "1000GRMN/DSC00147.jpg",
        "elevation_m": 15.39,
        "photo_filename": "DSC00147.jpg",
        "photo_path": "1000GRMN/DSC00147.jpg",
        "surveyor_comment": null,
        "survey_date": "2023-8-17"
      }
    },
    {
      "type": "Feature",
      "geometry": {
        "type": "Point",
        "coordinates": [
          118.436985,
          9.336171
        ]
      },
      "properties": {
        "id": 199,
        "name": "DRAINAGE CROSSING",
        "type": "Drainage",
        "Structure_Category": "Drainage",
        "canal_name": "LATERAL B-SOUTH",
        "station": "STA 0+325.1",
        "station_m": 325.08,
        "offset_m": 0,
        "ele": 15.38,
        "desc": "",
        "comment": "",
        "images": "1000GRMN/DSC00148.jpg",
        "elevation_m": 15.38,
        "photo_filename": "DSC00148.jpg",
        "photo_path": "1000GRMN/DSC00148.jpg",
        "surveyor_comment": null,
        "survey_date": "2023-8-17"
      }
    },
    {
      "type": "Feature",
      "geometry": {
        "type": "Point",
        "coordinates": [
          118.436106,
          9.335088
        ]
      },
      "properties": {
        "id": 201,
        "name": "CART CROSSING",
        "type": "Thresher Crossing",
        "Structure_Category": "Thresher Crossing",
        "canal_name": "LATERAL B-SOUTH",
        "station": "STA 0+479.4",
        "station_m": 479.36,
        "offset_m": 0,
        "ele": 15.38,
        "desc": "",
        "comment": "",
        "images": "1000GRMN/DSC00150.jpg",
        "elevation_m": 15.38,
        "photo_filename": "DSC00150.jpg",
        "photo_path": "1000GRMN/DSC00150.jpg",
        "surveyor_comment": null,
        "survey_date": "2023-8-17"
      }
    },
    {
      "type": "Feature",
      "geometry": {
        "type": "Point",
        "coordinates": [
          118.435697,
          9.334556
        ]
      },
      "properties": {
        "id": 202,
        "name": "CART CROSSING",
        "type": "Thresher Crossing",
        "Structure_Category": "Thresher Crossing",
        "canal_name": "LATERAL B-SOUTH",
        "station": "STA 0+553.6",
        "station_m": 553.58,
        "offset_m": 1.41,
        "ele": 15.38,
        "desc": "",
        "comment": "",
        "images": "1000GRMN/DSC00151.jpg",
        "elevation_m": 15.38,
        "photo_filename": "DSC00151.jpg",
        "photo_path": "1000GRMN/DSC00151.jpg",
        "surveyor_comment": null,
        "survey_date": "2023-8-17"
      }
    },
    {
      "type": "Feature",
      "geometry": {
        "type": "Point",
        "coordinates": [
          118.421284,
          9.34455
        ]
      },
      "properties": {
        "id": 130,
        "name": "MTO#2-LAT AS-L- NEED STRUCTURE",
        "type": "Turnout",
        "Structure_Category": "Turnout (TO)",
        "canal_name": "LATERAL A-SOUTH",
        "station": "STA 0+793.8",
        "station_m": 793.8,
        "offset_m": 0,
        "ele": 2.15,
        "desc": "",
        "comment": "",
        "images": "1000GRMN/DSC00077.jpg",
        "elevation_m": 2.15,
        "photo_filename": "DSC00077.jpg",
        "photo_path": "1000GRMN/DSC00077.jpg",
        "surveyor_comment": null,
        "survey_date": "2023-8-17"
      }
    },
    {
      "type": "Feature",
      "geometry": {
        "type": "Point",
        "coordinates": [
          118.418666,
          9.341723
        ]
      },
      "properties": {
        "id": 140,
        "name": "MTO#6-LAT AS-L- NO STRUCTURE",
        "type": "Turnout",
        "Structure_Category": "Turnout (TO)",
        "canal_name": "LATERAL A-SOUTH",
        "station": "STA 1+229.2",
        "station_m": 1229.17,
        "offset_m": 0.75,
        "ele": 0.08,
        "desc": "",
        "comment": "",
        "images": "1000GRMN/DSC00087.jpg",
        "elevation_m": 0.08,
        "photo_filename": "DSC00087.jpg",
        "photo_path": "1000GRMN/DSC00087.jpg",
        "surveyor_comment": null,
        "survey_date": "2023-8-17"
      }
    },
    {
      "type": "Feature",
      "geometry": {
        "type": "Point",
        "coordinates": [
          118.417435,
          9.339383
        ]
      },
      "properties": {
        "id": 145,
        "name": "MTO#7-LAT AS-L- NO STRUCTURE",
        "type": "Turnout",
        "Structure_Category": "Turnout (TO)",
        "canal_name": "LATERAL A-SOUTH",
        "station": "STA 1+525.9",
        "station_m": 1525.9,
        "offset_m": 1.45,
        "ele": 0.08,
        "desc": "",
        "comment": "",
        "images": "1000GRMN/DSC00092.jpg",
        "elevation_m": 0.08,
        "photo_filename": "DSC00092.jpg",
        "photo_path": "1000GRMN/DSC00092.jpg",
        "surveyor_comment": null,
        "survey_date": "2023-8-17"
      }
    },
    {
      "type": "Feature",
      "geometry": {
        "type": "Point",
        "coordinates": [
          118.417366,
          9.338184
        ]
      },
      "properties": {
        "id": 147,
        "name": "MTO#8-LAT AS-L",
        "type": "Turnout",
        "Structure_Category": "Turnout (TO)",
        "canal_name": "LATERAL A-SOUTH",
        "station": "STA 1+658.7",
        "station_m": 1658.74,
        "offset_m": 2.03,
        "ele": 0.08,
        "desc": "",
        "comment": "",
        "images": "1000GRMN/DSC00094.jpg",
        "elevation_m": 0.08,
        "photo_filename": "DSC00094.jpg",
        "photo_path": "1000GRMN/DSC00094.jpg",
        "surveyor_comment": null,
        "survey_date": "2023-8-17"
      }
    },
    {
      "type": "Feature",
      "geometry": {
        "type": "Point",
        "coordinates": [
          118.417175,
          9.336563
        ]
      },
      "properties": {
        "id": 148,
        "name": "MTO#9-LAT AS-L",
        "type": "Turnout",
        "Structure_Category": "Turnout (TO)",
        "canal_name": "LATERAL A-SOUTH",
        "station": "STA 1+839.7",
        "station_m": 1839.65,
        "offset_m": 3.69,
        "ele": 0.08,
        "desc": "",
        "comment": "",
        "images": "1000GRMN/DSC00095.jpg",
        "elevation_m": 0.08,
        "photo_filename": "DSC00095.jpg",
        "photo_path": "1000GRMN/DSC00095.jpg",
        "surveyor_comment": null,
        "survey_date": "2023-8-17"
      }
    },
    {
      "type": "Feature",
      "geometry": {
        "type": "Point",
        "coordinates": [
          118.417203,
          9.336367
        ]
      },
      "properties": {
        "id": 149,
        "name": "MTO#10-LAT AS-L",
        "type": "Turnout",
        "Structure_Category": "Turnout (TO)",
        "canal_name": "LATERAL A-SOUTH",
        "station": "STA 1+861.0",
        "station_m": 1861.04,
        "offset_m": 1.27,
        "ele": 0.08,
        "desc": "",
        "comment": "",
        "images": "1000GRMN/DSC00096.jpg",
        "elevation_m": 0.08,
        "photo_filename": "DSC00096.jpg",
        "photo_path": "1000GRMN/DSC00096.jpg",
        "surveyor_comment": null,
        "survey_date": "2023-8-17"
      }
    },
    {
      "type": "Feature",
      "geometry": {
        "type": "Point",
        "coordinates": [
          118.417213,
          9.335472
        ]
      },
      "properties": {
        "id": 151,
        "name": "MTO#11-LAT AS-R",
        "type": "Turnout",
        "Structure_Category": "Turnout (TO)",
        "canal_name": "LATERAL A-SOUTH",
        "station": "STA 1+961.1",
        "station_m": 1961.08,
        "offset_m": 1.92,
        "ele": 0.08,
        "desc": "",
        "comment": "",
        "images": "1000GRMN/DSC00099.jpg",
        "elevation_m": 0.08,
        "photo_filename": "DSC00099.jpg",
        "photo_path": "1000GRMN/DSC00099.jpg",
        "surveyor_comment": null,
        "survey_date": "2023-8-17"
      }
    },
    {
      "type": "Feature",
      "geometry": {
        "type": "Point",
        "coordinates": [
          118.417437,
          9.335243
        ]
      },
      "properties": {
        "id": 156,
        "name": "MTO#12-LAT AS-L",
        "type": "Turnout",
        "Structure_Category": "Turnout (TO)",
        "canal_name": "LATERAL A-SOUTH",
        "station": "STA 1+996.7",
        "station_m": 1996.65,
        "offset_m": 0.6,
        "ele": -1.73,
        "desc": "",
        "comment": "",
        "images": "1000GRMN/DSC00104.jpg",
        "elevation_m": -1.73,
        "photo_filename": "DSC00104.jpg",
        "photo_path": "1000GRMN/DSC00104.jpg",
        "surveyor_comment": null,
        "survey_date": "2023-8-17"
      }
    },
    {
      "type": "Feature",
      "geometry": {
        "type": "Point",
        "coordinates": [
          118.418895,
          9.334267
        ]
      },
      "properties": {
        "id": 158,
        "name": "MTO#13-LAT AS-L",
        "type": "Turnout",
        "Structure_Category": "Turnout (TO)",
        "canal_name": "LATERAL A-SOUTH",
        "station": "STA 2+190.2",
        "station_m": 2190.19,
        "offset_m": 3.53,
        "ele": -4.85,
        "desc": "",
        "comment": "",
        "images": "1000GRMN/DSC00106.jpg",
        "elevation_m": -4.85,
        "photo_filename": "DSC00106.jpg",
        "photo_path": "1000GRMN/DSC00106.jpg",
        "surveyor_comment": null,
        "survey_date": "2023-8-17"
      }
    },
    {
      "type": "Feature",
      "geometry": {
        "type": "Point",
        "coordinates": [
          118.418838,
          9.332628
        ]
      },
      "properties": {
        "id": 162,
        "name": "MTO#14-LAT AS-L",
        "type": "Turnout",
        "Structure_Category": "Turnout (TO)",
        "canal_name": "LATERAL A-SOUTH",
        "station": "STA 2+373.9",
        "station_m": 2373.93,
        "offset_m": 2.55,
        "ele": -4.82,
        "desc": "",
        "comment": "",
        "images": "1000GRMN/DSC00110.jpg",
        "elevation_m": -4.82,
        "photo_filename": "DSC00110.jpg",
        "photo_path": "1000GRMN/DSC00110.jpg",
        "surveyor_comment": null,
        "survey_date": "2023-8-17"
      }
    },
    {
      "type": "Feature",
      "geometry": {
        "type": "Point",
        "coordinates": [
          118.418217,
          9.331624
        ]
      },
      "properties": {
        "id": 164,
        "name": "MTO#15-LAT AS-L",
        "type": "Turnout",
        "Structure_Category": "Turnout (TO)",
        "canal_name": "LATERAL A-SOUTH",
        "station": "STA 2+505.3",
        "station_m": 2505.34,
        "offset_m": 2.02,
        "ele": -4.81,
        "desc": "",
        "comment": "",
        "images": "1000GRMN/DSC00112.jpg",
        "elevation_m": -4.81,
        "photo_filename": "DSC00112.jpg",
        "photo_path": "1000GRMN/DSC00112.jpg",
        "surveyor_comment": null,
        "survey_date": "2023-8-17"
      }
    },
    {
      "type": "Feature",
      "geometry": {
        "type": "Point",
        "coordinates": [
          118.417577,
          9.329433
        ]
      },
      "properties": {
        "id": 170,
        "name": "MTO#16-LAT AS-L",
        "type": "Turnout",
        "Structure_Category": "Turnout (TO)",
        "canal_name": "LATERAL A-SOUTH",
        "station": "STA 2+777.1",
        "station_m": 2777.08,
        "offset_m": 1.03,
        "ele": -6.81,
        "desc": "",
        "comment": "",
        "images": "1000GRMN/DSC00119.jpg",
        "elevation_m": -6.81,
        "photo_filename": "DSC00119.jpg",
        "photo_path": "1000GRMN/DSC00119.jpg",
        "surveyor_comment": null,
        "survey_date": "2023-8-17"
      }
    },
    {
      "type": "Feature",
      "geometry": {
        "type": "Point",
        "coordinates": [
          118.417568,
          9.329434
        ]
      },
      "properties": {
        "id": 171,
        "name": "MTO#17-LAT AS-R",
        "type": "Turnout",
        "Structure_Category": "Turnout (TO)",
        "canal_name": "LATERAL A-SOUTH",
        "station": "STA 2+776.9",
        "station_m": 2776.86,
        "offset_m": 0.06,
        "ele": -6.81,
        "desc": "",
        "comment": "",
        "images": "1000GRMN/DSC00120.jpg",
        "elevation_m": -6.81,
        "photo_filename": "DSC00120.jpg",
        "photo_path": "1000GRMN/DSC00120.jpg",
        "surveyor_comment": null,
        "survey_date": "2023-8-17"
      }
    },
    {
      "type": "Feature",
      "geometry": {
        "type": "Point",
        "coordinates": [
          118.418534,
          9.325672
        ]
      },
      "properties": {
        "id": 175,
        "name": "MTO#18-LAT AS-L",
        "type": "Turnout",
        "Structure_Category": "Turnout (TO)",
        "canal_name": "LATERAL A-SOUTH",
        "station": "STA 3+207.5",
        "station_m": 3207.52,
        "offset_m": 1.19,
        "ele": -6.82,
        "desc": "",
        "comment": "",
        "images": "1000GRMN/DSC00124.jpg",
        "elevation_m": -6.82,
        "photo_filename": "DSC00124.jpg",
        "photo_path": "1000GRMN/DSC00124.jpg",
        "surveyor_comment": null,
        "survey_date": "2023-8-17"
      }
    },
    {
      "type": "Feature",
      "geometry": {
        "type": "Point",
        "coordinates": [
          118.435269,
          9.33403
        ]
      },
      "properties": {
        "id": 203,
        "name": "MTO#2-LAT BS-L",
        "type": "Turnout",
        "Structure_Category": "Turnout (TO)",
        "canal_name": "LATERAL B-SOUTH",
        "station": "STA 0+628.6",
        "station_m": 628.58,
        "offset_m": 0.76,
        "ele": 15.38,
        "desc": "",
        "comment": "",
        "images": "1000GRMN/DSC00152.jpg",
        "elevation_m": 15.38,
        "photo_filename": "DSC00152.jpg",
        "photo_path": "1000GRMN/DSC00152.jpg",
        "surveyor_comment": null,
        "survey_date": "2023-8-17"
      }
    },
    {
      "type": "Feature",
      "geometry": {
        "type": "Point",
        "coordinates": [
          118.43501,
          9.333717
        ]
      },
      "properties": {
        "id": 204,
        "name": "CART CROSSING",
        "type": "Thresher Crossing",
        "Structure_Category": "Thresher Crossing",
        "canal_name": "LATERAL B-SOUTH",
        "station": "STA 0+673.5",
        "station_m": 673.51,
        "offset_m": 0,
        "ele": 15.38,
        "desc": "",
        "comment": "",
        "images": "1000GRMN/DSC00153.jpg",
        "elevation_m": 15.38,
        "photo_filename": "DSC00153.jpg",
        "photo_path": "1000GRMN/DSC00153.jpg",
        "surveyor_comment": null,
        "survey_date": "2023-8-17"
      }
    },
    {
      "type": "Feature",
      "geometry": {
        "type": "Point",
        "coordinates": [
          118.434424,
          9.332987
        ]
      },
      "properties": {
        "id": 205,
        "name": "DRAINAGE CROSSING",
        "type": "Drainage",
        "Structure_Category": "Drainage",
        "canal_name": "LATERAL B-SOUTH",
        "station": "STA 0+777.0",
        "station_m": 777.05,
        "offset_m": 0,
        "ele": 15.38,
        "desc": "",
        "comment": "",
        "images": "1000GRMN/DSC00154.jpg",
        "elevation_m": 15.38,
        "photo_filename": "DSC00154.jpg",
        "photo_path": "1000GRMN/DSC00154.jpg",
        "surveyor_comment": null,
        "survey_date": "2023-8-17"
      }
    },
    {
      "type": "Feature",
      "geometry": {
        "type": "Point",
        "coordinates": [
          118.433985,
          9.332435
        ]
      },
      "properties": {
        "id": 207,
        "name": "CART CROSSING",
        "type": "Thresher Crossing",
        "Structure_Category": "Thresher Crossing",
        "canal_name": "LATERAL B-SOUTH",
        "station": "STA 0+855.1",
        "station_m": 855.06,
        "offset_m": 0,
        "ele": 22.84,
        "desc": "",
        "comment": "",
        "images": "1000GRMN/DSC00156.jpg",
        "elevation_m": 22.84,
        "photo_filename": "DSC00156.jpg",
        "photo_path": "1000GRMN/DSC00156.jpg",
        "surveyor_comment": null,
        "survey_date": "2023-8-17"
      }
    },
    {
      "type": "Feature",
      "geometry": {
        "type": "Point",
        "coordinates": [
          118.433295,
          9.33159
        ]
      },
      "properties": {
        "id": 209,
        "name": "CART CROSSING",
        "type": "Thresher Crossing",
        "Structure_Category": "Thresher Crossing",
        "canal_name": "LATERAL B-SOUTH",
        "station": "STA 0+975.7",
        "station_m": 975.73,
        "offset_m": 0,
        "ele": 22.84,
        "desc": "",
        "comment": "",
        "images": "1000GRMN/DSC00158.jpg",
        "elevation_m": 22.84,
        "photo_filename": "DSC00158.jpg",
        "photo_path": "1000GRMN/DSC00158.jpg",
        "surveyor_comment": null,
        "survey_date": "2023-8-17"
      }
    },
    {
      "type": "Feature",
      "geometry": {
        "type": "Point",
        "coordinates": [
          118.432689,
          9.330832
        ]
      },
      "properties": {
        "id": 211,
        "name": "CHECK STRUCTURE",
        "type": "Check Structure",
        "Structure_Category": "Check Gate",
        "canal_name": "LATERAL B-SOUTH",
        "station": "STA 1+083.1",
        "station_m": 1083.07,
        "offset_m": 0,
        "ele": 22.84,
        "desc": "",
        "comment": "",
        "images": "1000GRMN/DSC00160.jpg",
        "elevation_m": 22.84,
        "photo_filename": "DSC00160.jpg",
        "photo_path": "1000GRMN/DSC00160.jpg",
        "surveyor_comment": null,
        "survey_date": "2023-8-17"
      }
    },
    {
      "type": "Feature",
      "geometry": {
        "type": "Point",
        "coordinates": [
          118.431448,
          9.329288
        ]
      },
      "properties": {
        "id": 214,
        "name": "CART CROSSING",
        "type": "Thresher Crossing",
        "Structure_Category": "Thresher Crossing",
        "canal_name": "LATERAL B-SOUTH",
        "station": "STA 1+302.2",
        "station_m": 1302.18,
        "offset_m": 0,
        "ele": 22.85,
        "desc": "",
        "comment": "",
        "images": "1000GRMN/DSC00163.jpg",
        "elevation_m": 22.85,
        "photo_filename": "DSC00163.jpg",
        "photo_path": "1000GRMN/DSC00163.jpg",
        "surveyor_comment": null,
        "survey_date": "2023-8-17"
      }
    },
    {
      "type": "Feature",
      "geometry": {
        "type": "Point",
        "coordinates": [
          118.431048,
          9.328672
        ]
      },
      "properties": {
        "id": 215,
        "name": "ROAD CROSSING COMB. DROP STR.",
        "type": "Drop",
        "Structure_Category": "Drop",
        "canal_name": "LATERAL B-SOUTH",
        "station": "STA 1+384.4",
        "station_m": 1384.44,
        "offset_m": 0,
        "ele": 22.85,
        "desc": "",
        "comment": "",
        "images": "1000GRMN/DSC00164.jpg",
        "elevation_m": 22.85,
        "photo_filename": "DSC00164.jpg",
        "photo_path": "1000GRMN/DSC00164.jpg",
        "surveyor_comment": null,
        "survey_date": "2023-8-17"
      }
    },
    {
      "type": "Feature",
      "geometry": {
        "type": "Point",
        "coordinates": [
          118.431127,
          9.32867
        ]
      },
      "properties": {
        "id": 216,
        "name": "START OF GROUTED RIPRAP",
        "type": "Station",
        "Structure_Category": "Other Structures",
        "canal_name": "LATERAL B-SOUTH",
        "station": "STA 1+393.1",
        "station_m": 1393.14,
        "offset_m": 0,
        "ele": 22.85,
        "desc": "",
        "comment": "",
        "images": "1000GRMN/DSC00166.jpg",
        "elevation_m": 22.85,
        "photo_filename": "DSC00166.jpg",
        "photo_path": "1000GRMN/DSC00166.jpg",
        "surveyor_comment": null,
        "survey_date": "2023-8-17"
      }
    },
    {
      "type": "Feature",
      "geometry": {
        "type": "Point",
        "coordinates": [
          118.431503,
          9.328373
        ]
      },
      "properties": {
        "id": 218,
        "name": "DRAINAGE INLET",
        "type": "Drainage",
        "Structure_Category": "Drainage",
        "canal_name": "LATERAL B-SOUTH",
        "station": "STA 1+446.1",
        "station_m": 1446.14,
        "offset_m": 1.82,
        "ele": 22.84,
        "desc": "",
        "comment": "",
        "images": "1000GRMN/DSC00168.jpg",
        "elevation_m": 22.84,
        "photo_filename": "DSC00168.jpg",
        "photo_path": "1000GRMN/DSC00168.jpg",
        "surveyor_comment": null,
        "survey_date": "2023-8-17"
      }
    },
    {
      "type": "Feature",
      "geometry": {
        "type": "Point",
        "coordinates": [
          118.433188,
          9.327086
        ]
      },
      "properties": {
        "id": 220,
        "name": "CHECK STRUCTURE COMB. INCLINED DROP",
        "type": "Drop",
        "Structure_Category": "Drop",
        "canal_name": "LATERAL B-SOUTH",
        "station": "STA 1+680.3",
        "station_m": 1680.28,
        "offset_m": 0,
        "ele": 23.66,
        "desc": "",
        "comment": "",
        "images": "1000GRMN/DSC00170.jpg",
        "elevation_m": 23.66,
        "photo_filename": "DSC00170.jpg",
        "photo_path": "1000GRMN/DSC00170.jpg",
        "surveyor_comment": null,
        "survey_date": "2023-8-17"
      }
    },
    {
      "type": "Feature",
      "geometry": {
        "type": "Point",
        "coordinates": [
          118.433681,
          9.326313
        ]
      },
      "properties": {
        "id": 221,
        "name": "FLUME ACROSS CANAL",
        "type": "Flume",
        "Structure_Category": "Parshall Flume",
        "canal_name": "LATERAL B-SOUTH",
        "station": "STA 1+785.4",
        "station_m": 1785.41,
        "offset_m": 0,
        "ele": 23.66,
        "desc": "",
        "comment": "",
        "images": "1000GRMN/DSC00171.jpg",
        "elevation_m": 23.66,
        "photo_filename": "DSC00171.jpg",
        "photo_path": "1000GRMN/DSC00171.jpg",
        "surveyor_comment": null,
        "survey_date": "2023-8-17"
      }
    },
    {
      "type": "Feature",
      "geometry": {
        "type": "Point",
        "coordinates": [
          118.433633,
          9.324945
        ]
      },
      "properties": {
        "id": 223,
        "name": "CART CROSSING",
        "type": "Thresher Crossing",
        "Structure_Category": "Thresher Crossing",
        "canal_name": "LATERAL B-SOUTH",
        "station": "STA 1+937.2",
        "station_m": 1937.23,
        "offset_m": 0,
        "ele": 23.66,
        "desc": "",
        "comment": "",
        "images": "1000GRMN/DSC00173.jpg",
        "elevation_m": 23.66,
        "photo_filename": "DSC00173.jpg",
        "photo_path": "1000GRMN/DSC00173.jpg",
        "surveyor_comment": null,
        "survey_date": "2023-8-17"
      }
    },
    {
      "type": "Feature",
      "geometry": {
        "type": "Point",
        "coordinates": [
          118.433739,
          9.323468
        ]
      },
      "properties": {
        "id": 224,
        "name": "TRAPEZOIDAL CANAL",
        "type": "Station",
        "Structure_Category": "Other Structures",
        "canal_name": "LATERAL B-SOUTH",
        "station": "STA 2+101.5",
        "station_m": 2101.52,
        "offset_m": 0,
        "ele": 23.66,
        "desc": "",
        "comment": "",
        "images": "1000GRMN/DSC00174.jpg",
        "elevation_m": 23.66,
        "photo_filename": "DSC00174.jpg",
        "photo_path": "1000GRMN/DSC00174.jpg",
        "surveyor_comment": null,
        "survey_date": "2023-8-17"
      }
    },
    {
      "type": "Feature",
      "geometry": {
        "type": "Point",
        "coordinates": [
          118.433757,
          9.32306
        ]
      },
      "properties": {
        "id": 225,
        "name": "START OF CANAL LINING",
        "type": "Station",
        "Structure_Category": "Other Structures",
        "canal_name": "LATERAL B-SOUTH",
        "station": "STA 2+149.2",
        "station_m": 2149.23,
        "offset_m": 0,
        "ele": 23.66,
        "desc": "",
        "comment": "",
        "images": "1000GRMN/DSC00175.jpg",
        "elevation_m": 23.66,
        "photo_filename": "DSC00175.jpg",
        "photo_path": "1000GRMN/DSC00175.jpg",
        "surveyor_comment": null,
        "survey_date": "2023-8-17"
      }
    },
    {
      "type": "Feature",
      "geometry": {
        "type": "Point",
        "coordinates": [
          118.433445,
          9.322212
        ]
      },
      "properties": {
        "id": 226,
        "name": "CART CROSSING",
        "type": "Thresher Crossing",
        "Structure_Category": "Thresher Crossing",
        "canal_name": "LATERAL B-SOUTH",
        "station": "STA 2+250.3",
        "station_m": 2250.32,
        "offset_m": 0,
        "ele": 23.66,
        "desc": "",
        "comment": "",
        "images": "1000GRMN/DSC00176.jpg",
        "elevation_m": 23.66,
        "photo_filename": "DSC00176.jpg",
        "photo_path": "1000GRMN/DSC00176.jpg",
        "surveyor_comment": null,
        "survey_date": "2023-8-17"
      }
    },
    {
      "type": "Feature",
      "geometry": {
        "type": "Point",
        "coordinates": [
          118.438772,
          9.338479
        ]
      },
      "properties": {
        "id": 179,
        "name": "HD GATE LAT. BS 2",
        "type": "Head Gate",
        "Structure_Category": "Head Gate",
        "canal_name": "LATERAL B-SOUTH",
        "station": "STA 0+000.0",
        "station_m": 0,
        "offset_m": 0,
        "ele": 6.77,
        "desc": "",
        "comment": "",
        "images": "1000GRMN/DSC00128.jpg",
        "elevation_m": 6.77,
        "photo_filename": "DSC00128.jpg",
        "photo_path": "1000GRMN/DSC00128.jpg",
        "surveyor_comment": null,
        "survey_date": "2023-8-17"
      }
    },
    {
      "type": "Feature",
      "geometry": {
        "type": "Point",
        "coordinates": [
          118.438858,
          9.338547
        ]
      },
      "properties": {
        "id": 180,
        "name": "ROAD CROSSING",
        "type": "Road Crossing",
        "Structure_Category": "Road Crossing",
        "canal_name": "LATERAL B-SOUTH-2",
        "station": "STA 0+012.1",
        "station_m": 12.11,
        "offset_m": 0,
        "ele": 6.77,
        "desc": "",
        "comment": "",
        "images": "1000GRMN/DSC00129.jpg",
        "elevation_m": 6.77,
        "photo_filename": "DSC00129.jpg",
        "photo_path": "1000GRMN/DSC00129.jpg",
        "surveyor_comment": null,
        "survey_date": "2023-8-17"
      }
    },
    {
      "type": "Feature",
      "geometry": {
        "type": "Point",
        "coordinates": [
          118.4389,
          9.33862
        ]
      },
      "properties": {
        "id": 181,
        "name": "START OF LINED CANAL",
        "type": "Station",
        "Structure_Category": "Other Structures",
        "canal_name": "LATERAL B-SOUTH-2",
        "station": "STA 0+021.4",
        "station_m": 21.43,
        "offset_m": 0,
        "ele": 6.77,
        "desc": "",
        "comment": "",
        "images": "1000GRMN/DSC00130.jpg",
        "elevation_m": 6.77,
        "photo_filename": "DSC00130.jpg",
        "photo_path": "1000GRMN/DSC00130.jpg",
        "surveyor_comment": null,
        "survey_date": "2023-8-17"
      }
    },
    {
      "type": "Feature",
      "geometry": {
        "type": "Point",
        "coordinates": [
          118.440672,
          9.340889
        ]
      },
      "properties": {
        "id": 184,
        "name": "DRAINAGE INLET",
        "type": "Drainage",
        "Structure_Category": "Drainage",
        "canal_name": "LATERAL B-SOUTH-2",
        "station": "STA 0+339.9",
        "station_m": 339.89,
        "offset_m": 0.72,
        "ele": 6.77,
        "desc": "",
        "comment": "",
        "images": "1000GRMN/DSC00133.jpg",
        "elevation_m": 6.77,
        "photo_filename": "DSC00133.jpg",
        "photo_path": "1000GRMN/DSC00133.jpg",
        "surveyor_comment": null,
        "survey_date": "2023-8-17"
      }
    },
    {
      "type": "Feature",
      "geometry": {
        "type": "Point",
        "coordinates": [
          118.441,
          9.341279
        ]
      },
      "properties": {
        "id": 185,
        "name": "DRAINAGE INLET",
        "type": "Drainage",
        "Structure_Category": "Drainage",
        "canal_name": "LATERAL B-SOUTH-2",
        "station": "STA 0+396.2",
        "station_m": 396.24,
        "offset_m": 0.34,
        "ele": 6.77,
        "desc": "",
        "comment": "",
        "images": "1000GRMN/DSC00134.jpg",
        "elevation_m": 6.77,
        "photo_filename": "DSC00134.jpg",
        "photo_path": "1000GRMN/DSC00134.jpg",
        "surveyor_comment": null,
        "survey_date": "2023-8-17"
      }
    },
    {
      "type": "Feature",
      "geometry": {
        "type": "Point",
        "coordinates": [
          118.441149,
          9.341468
        ]
      },
      "properties": {
        "id": 186,
        "name": "THRESHER CROSSING",
        "type": "Thresher Crossing",
        "Structure_Category": "Thresher Crossing",
        "canal_name": "LATERAL B-SOUTH-2",
        "station": "STA 0+422.9",
        "station_m": 422.86,
        "offset_m": 0,
        "ele": 6.77,
        "desc": "",
        "comment": "",
        "images": "1000GRMN/DSC00135.jpg",
        "elevation_m": 6.77,
        "photo_filename": "DSC00135.jpg",
        "photo_path": "1000GRMN/DSC00135.jpg",
        "surveyor_comment": null,
        "survey_date": "2023-8-17"
      }
    },
    {
      "type": "Feature",
      "geometry": {
        "type": "Point",
        "coordinates": [
          118.441554,
          9.341967
        ]
      },
      "properties": {
        "id": 187,
        "name": "DRAINAGE INLET",
        "type": "Drainage",
        "Structure_Category": "Drainage",
        "canal_name": "LATERAL B-SOUTH-2",
        "station": "STA 0+493.9",
        "station_m": 493.94,
        "offset_m": 0,
        "ele": 6.77,
        "desc": "",
        "comment": "",
        "images": "1000GRMN/DSC00136.jpg",
        "elevation_m": 6.77,
        "photo_filename": "DSC00136.jpg",
        "photo_path": "1000GRMN/DSC00136.jpg",
        "surveyor_comment": null,
        "survey_date": "2023-8-17"
      }
    },
    {
      "type": "Feature",
      "geometry": {
        "type": "Point",
        "coordinates": [
          118.442407,
          9.342961
        ]
      },
      "properties": {
        "id": 188,
        "name": "ROAD CROSSING",
        "type": "Road Crossing",
        "Structure_Category": "Road Crossing",
        "canal_name": "LATERAL B-SOUTH-2",
        "station": "STA 0+638.8",
        "station_m": 638.79,
        "offset_m": 0,
        "ele": 6.77,
        "desc": "",
        "comment": "",
        "images": "1000GRMN/DSC00137.jpg",
        "elevation_m": 6.77,
        "photo_filename": "DSC00137.jpg",
        "photo_path": "1000GRMN/DSC00137.jpg",
        "surveyor_comment": null,
        "survey_date": "2023-8-17"
      }
    },
    {
      "type": "Feature",
      "geometry": {
        "type": "Point",
        "coordinates": [
          118.445258,
          9.340823
        ]
      },
      "properties": {
        "id": 192,
        "name": "END OF LINED CANAL (END CHECK)",
        "type": "Station",
        "Structure_Category": "Other Structures",
        "canal_name": "LATERAL B-SOUTH-2",
        "station": "STA 1+032.3",
        "station_m": 1032.29,
        "offset_m": 0,
        "ele": 9.37,
        "desc": "",
        "comment": "",
        "images": "1000GRMN/DSC00141.jpg",
        "elevation_m": 9.37,
        "photo_filename": "DSC00141.jpg",
        "photo_path": "1000GRMN/DSC00141.jpg",
        "surveyor_comment": null,
        "survey_date": "2023-8-17"
      }
    },
    {
      "type": "Feature",
      "geometry": {
        "type": "Point",
        "coordinates": [
          118.43216,
          9.320682
        ]
      },
      "properties": {
        "id": 232,
        "name": "RD CROSSING COMB. CHECK STR.",
        "type": "Road Crossing",
        "Structure_Category": "Road Crossing",
        "canal_name": "LATERAL B-SOUTH",
        "station": "STA 2+475.6",
        "station_m": 2475.6,
        "offset_m": 0,
        "ele": 0.34,
        "desc": "",
        "comment": "",
        "images": "1000GRMN/DSC00182.jpg",
        "elevation_m": 0.34,
        "photo_filename": "DSC00182.jpg",
        "photo_path": "1000GRMN/DSC00182.jpg",
        "surveyor_comment": null,
        "survey_date": "2023-8-18"
      }
    },
    {
      "type": "Feature",
      "geometry": {
        "type": "Point",
        "coordinates": [
          118.432111,
          9.320619
        ]
      },
      "properties": {
        "id": 233,
        "name": "EARTH CANAL",
        "type": "Station",
        "Structure_Category": "Other Structures",
        "canal_name": "LATERAL B-SOUTH",
        "station": "STA 2+484.4",
        "station_m": 2484.43,
        "offset_m": 0,
        "ele": 0.34,
        "desc": "",
        "comment": "",
        "images": "1000GRMN/DSC00183.jpg",
        "elevation_m": 0.34,
        "photo_filename": "DSC00183.jpg",
        "photo_path": "1000GRMN/DSC00183.jpg",
        "surveyor_comment": null,
        "survey_date": "2023-8-18"
      }
    },
    {
      "type": "Feature",
      "geometry": {
        "type": "Point",
        "coordinates": [
          118.431468,
          9.319004
        ]
      },
      "properties": {
        "id": 238,
        "name": "RCP CROSSING",
        "type": "Road Crossing",
        "Structure_Category": "Road Crossing",
        "canal_name": "LATERAL B-SOUTH",
        "station": "STA 2+677.0",
        "station_m": 2677.03,
        "offset_m": 0,
        "ele": 0.34,
        "desc": "",
        "comment": "",
        "images": "1000GRMN/DSC00188.jpg",
        "elevation_m": 0.34,
        "photo_filename": "DSC00188.jpg",
        "photo_path": "1000GRMN/DSC00188.jpg",
        "surveyor_comment": null,
        "survey_date": "2023-8-18"
      }
    },
    {
      "type": "Feature",
      "geometry": {
        "type": "Point",
        "coordinates": [
          118.427954,
          9.318218
        ]
      },
      "properties": {
        "id": 260,
        "name": "TURN OUT #-R",
        "type": "Turnout",
        "Structure_Category": "Turnout (TO)",
        "canal_name": "LATERAL B-SOUTH",
        "station": "STA 3+138.6",
        "station_m": 3138.58,
        "offset_m": 6.51,
        "ele": 5.05,
        "desc": "",
        "comment": "",
        "images": "1000GRMN/DSC00210.jpg",
        "elevation_m": 5.05,
        "photo_filename": "DSC00210.jpg",
        "photo_path": "1000GRMN/DSC00210.jpg",
        "surveyor_comment": null,
        "survey_date": "2023-8-18"
      }
    },
    {
      "type": "Feature",
      "geometry": {
        "type": "Point",
        "coordinates": [
          118.427658,
          9.318174
        ]
      },
      "properties": {
        "id": 241,
        "name": "RCP CROSSING",
        "type": "Road Crossing",
        "Structure_Category": "Road Crossing",
        "canal_name": "LATERAL B-SOUTH",
        "station": "STA 3+170.9",
        "station_m": 3170.9,
        "offset_m": 0,
        "ele": 0.34,
        "desc": "",
        "comment": "",
        "images": "1000GRMN/DSC00191.jpg",
        "elevation_m": 0.34,
        "photo_filename": "DSC00191.jpg",
        "photo_path": "1000GRMN/DSC00191.jpg",
        "surveyor_comment": null,
        "survey_date": "2023-8-18"
      }
    },
    {
      "type": "Feature",
      "geometry": {
        "type": "Point",
        "coordinates": [
          118.427577,
          9.31822
        ]
      },
      "properties": {
        "id": 242,
        "name": "START  TRAPEZOIDAL CANAL",
        "type": "Station",
        "Structure_Category": "Other Structures",
        "canal_name": "LATERAL B-SOUTH",
        "station": "STA 3+181.2",
        "station_m": 3181.18,
        "offset_m": 0,
        "ele": 0.34,
        "desc": "",
        "comment": "",
        "images": "1000GRMN/DSC00192.jpg",
        "elevation_m": 0.34,
        "photo_filename": "DSC00192.jpg",
        "photo_path": "1000GRMN/DSC00192.jpg",
        "surveyor_comment": null,
        "survey_date": "2023-8-18"
      }
    },
    {
      "type": "Feature",
      "geometry": {
        "type": "Point",
        "coordinates": [
          118.425866,
          9.317592
        ]
      },
      "properties": {
        "id": 243,
        "name": "CART CROSSING(RCP)",
        "type": "Thresher Crossing",
        "Structure_Category": "Thresher Crossing",
        "canal_name": "LATERAL B-SOUTH",
        "station": "STA 3+391.2",
        "station_m": 3391.17,
        "offset_m": 0,
        "ele": 0.35,
        "desc": "",
        "comment": "",
        "images": "1000GRMN/DSC00193.jpg",
        "elevation_m": 0.35,
        "photo_filename": "DSC00193.jpg",
        "photo_path": "1000GRMN/DSC00193.jpg",
        "surveyor_comment": null,
        "survey_date": "2023-8-18"
      }
    },
    {
      "type": "Feature",
      "geometry": {
        "type": "Point",
        "coordinates": [
          118.424938,
          9.316705
        ]
      },
      "properties": {
        "id": 247,
        "name": "CHECK STR. COMB. DROP",
        "type": "Check Structure",
        "Structure_Category": "Check Gate",
        "canal_name": "LATERAL B-SOUTH",
        "station": "STA 3+533.4",
        "station_m": 3533.4,
        "offset_m": 0,
        "ele": 0.34,
        "desc": "",
        "comment": "",
        "images": "1000GRMN/DSC00197.jpg",
        "elevation_m": 0.34,
        "photo_filename": "DSC00197.jpg",
        "photo_path": "1000GRMN/DSC00197.jpg",
        "surveyor_comment": null,
        "survey_date": "2023-8-18"
      }
    },
    {
      "type": "Feature",
      "geometry": {
        "type": "Point",
        "coordinates": [
          118.424939,
          9.316688
        ]
      },
      "properties": {
        "id": 248,
        "name": "CART CROSSING",
        "type": "Thresher Crossing",
        "Structure_Category": "Thresher Crossing",
        "canal_name": "LATERAL B-SOUTH",
        "station": "STA 3+534.9",
        "station_m": 3534.9,
        "offset_m": 1.16,
        "ele": 2.87,
        "desc": "",
        "comment": "",
        "images": "1000GRMN/DSC00198.jpg",
        "elevation_m": 2.87,
        "photo_filename": "DSC00198.jpg",
        "photo_path": "1000GRMN/DSC00198.jpg",
        "surveyor_comment": null,
        "survey_date": "2023-8-18"
      }
    },
    {
      "type": "Feature",
      "geometry": {
        "type": "Point",
        "coordinates": [
          118.42341,
          9.314496
        ]
      },
      "properties": {
        "id": 249,
        "name": "CART CROSSING(RCP)",
        "type": "Thresher Crossing",
        "Structure_Category": "Thresher Crossing",
        "canal_name": "LATERAL B-SOUTH",
        "station": "STA 3+830.7",
        "station_m": 3830.65,
        "offset_m": 0,
        "ele": 2.88,
        "desc": "",
        "comment": "",
        "images": "1000GRMN/DSC00199.jpg",
        "elevation_m": 2.88,
        "photo_filename": "DSC00199.jpg",
        "photo_path": "1000GRMN/DSC00199.jpg",
        "surveyor_comment": null,
        "survey_date": "2023-8-18"
      }
    },
    {
      "type": "Feature",
      "geometry": {
        "type": "Point",
        "coordinates": [
          118.423071,
          9.31404
        ]
      },
      "properties": {
        "id": 250,
        "name": "CART CROSSING(RCP)",
        "type": "Thresher Crossing",
        "Structure_Category": "Thresher Crossing",
        "canal_name": "LATERAL B-SOUTH",
        "station": "STA 3+893.5",
        "station_m": 3893.52,
        "offset_m": 0,
        "ele": 2.88,
        "desc": "",
        "comment": "",
        "images": "1000GRMN/DSC00200.jpg",
        "elevation_m": 2.88,
        "photo_filename": "DSC00200.jpg",
        "photo_path": "1000GRMN/DSC00200.jpg",
        "surveyor_comment": null,
        "survey_date": "2023-8-18"
      }
    },
    {
      "type": "Feature",
      "geometry": {
        "type": "Point",
        "coordinates": [
          118.433571,
          9.33191
        ]
      },
      "properties": {
        "id": 208,
        "name": "MTO#4-LAT BSL",
        "type": "Turnout",
        "Structure_Category": "Turnout (TO)",
        "canal_name": "LATERAL B-SOUTH",
        "station": "STA 0+929.0",
        "station_m": 929.01,
        "offset_m": 1.26,
        "ele": 22.84,
        "desc": "",
        "comment": "",
        "images": "1000GRMN/DSC00157.jpg",
        "elevation_m": 22.84,
        "photo_filename": "DSC00157.jpg",
        "photo_path": "1000GRMN/DSC00157.jpg",
        "surveyor_comment": null,
        "survey_date": "2023-8-17"
      }
    },
    {
      "type": "Feature",
      "geometry": {
        "type": "Point",
        "coordinates": [
          118.432694,
          9.330857
        ]
      },
      "properties": {
        "id": 210,
        "name": "MTO#5-LAT BS-R",
        "type": "Turnout",
        "Structure_Category": "Turnout (TO)",
        "canal_name": "LATERAL B-SOUTH",
        "station": "STA 1+080.6",
        "station_m": 1080.56,
        "offset_m": 1.29,
        "ele": 22.84,
        "desc": "",
        "comment": "",
        "images": "1000GRMN/DSC00159.jpg",
        "elevation_m": 22.84,
        "photo_filename": "DSC00159.jpg",
        "photo_path": "1000GRMN/DSC00159.jpg",
        "surveyor_comment": null,
        "survey_date": "2023-8-17"
      }
    },
    {
      "type": "Feature",
      "geometry": {
        "type": "Point",
        "coordinates": [
          118.431876,
          9.329789
        ]
      },
      "properties": {
        "id": 212,
        "name": "MTO#6-LAT BS-L",
        "type": "Turnout",
        "Structure_Category": "Turnout (TO)",
        "canal_name": "LATERAL B-SOUTH",
        "station": "STA 1+229.3",
        "station_m": 1229.34,
        "offset_m": 2.18,
        "ele": 22.84,
        "desc": "",
        "comment": "",
        "images": "1000GRMN/DSC00161.jpg",
        "elevation_m": 22.84,
        "photo_filename": "DSC00161.jpg",
        "photo_path": "1000GRMN/DSC00161.jpg",
        "surveyor_comment": null,
        "survey_date": "2023-8-17"
      }
    },
    {
      "type": "Feature",
      "geometry": {
        "type": "Point",
        "coordinates": [
          118.431398,
          9.329243
        ]
      },
      "properties": {
        "id": 213,
        "name": "MTO#7-LAT BS-R",
        "type": "Turnout",
        "Structure_Category": "Turnout (TO)",
        "canal_name": "LATERAL B-SOUTH",
        "station": "STA 1+309.4",
        "station_m": 1309.44,
        "offset_m": 1.59,
        "ele": 22.85,
        "desc": "",
        "comment": "",
        "images": "1000GRMN/DSC00162.jpg",
        "elevation_m": 22.85,
        "photo_filename": "DSC00162.jpg",
        "photo_path": "1000GRMN/DSC00162.jpg",
        "surveyor_comment": null,
        "survey_date": "2023-8-17"
      }
    },
    {
      "type": "Feature",
      "geometry": {
        "type": "Point",
        "coordinates": [
          118.433093,
          9.327127
        ]
      },
      "properties": {
        "id": 219,
        "name": "MTO#8-LAT BS-R",
        "type": "Turnout",
        "Structure_Category": "Turnout (TO)",
        "canal_name": "LATERAL B-SOUTH",
        "station": "STA 1+669.2",
        "station_m": 1669.19,
        "offset_m": 2.69,
        "ele": 22.83,
        "desc": "",
        "comment": "",
        "images": "1000GRMN/DSC00169.jpg",
        "elevation_m": 22.83,
        "photo_filename": "DSC00169.jpg",
        "photo_path": "1000GRMN/DSC00169.jpg",
        "surveyor_comment": null,
        "survey_date": "2023-8-17"
      }
    },
    {
      "type": "Feature",
      "geometry": {
        "type": "Point",
        "coordinates": [
          118.433657,
          9.325415
        ]
      },
      "properties": {
        "id": 222,
        "name": "MTO#9-LAT BS-L",
        "type": "Turnout",
        "Structure_Category": "Turnout (TO)",
        "canal_name": "LATERAL B-SOUTH",
        "station": "STA 1+885.0",
        "station_m": 1885.04,
        "offset_m": 0,
        "ele": 23.66,
        "desc": "",
        "comment": "",
        "images": "1000GRMN/DSC00172.jpg",
        "elevation_m": 23.66,
        "photo_filename": "DSC00172.jpg",
        "photo_path": "1000GRMN/DSC00172.jpg",
        "surveyor_comment": null,
        "survey_date": "2023-8-17"
      }
    },
    {
      "type": "Feature",
      "geometry": {
        "type": "Point",
        "coordinates": [
          118.433279,
          9.321806
        ]
      },
      "properties": {
        "id": 227,
        "name": "MTO#10-LAT BS-L",
        "type": "Turnout",
        "Structure_Category": "Turnout (TO)",
        "canal_name": "LATERAL B-SOUTH",
        "station": "STA 2+298.9",
        "station_m": 2298.92,
        "offset_m": 0,
        "ele": 23.66,
        "desc": "",
        "comment": "",
        "images": "1000GRMN/DSC00177.jpg",
        "elevation_m": 23.66,
        "photo_filename": "DSC00177.jpg",
        "photo_path": "1000GRMN/DSC00177.jpg",
        "surveyor_comment": null,
        "survey_date": "2023-8-17"
      }
    },
    {
      "type": "Feature",
      "geometry": {
        "type": "Point",
        "coordinates": [
          118.433005,
          9.321466
        ]
      },
      "properties": {
        "id": 229,
        "name": "MTO#11-LAT BS-R",
        "type": "Turnout",
        "Structure_Category": "Turnout (TO)",
        "canal_name": "LATERAL B-SOUTH",
        "station": "STA 2+347.8",
        "station_m": 2347.78,
        "offset_m": 2.31,
        "ele": 23.66,
        "desc": "",
        "comment": "",
        "images": "1000GRMN/DSC00179.jpg",
        "elevation_m": 23.66,
        "photo_filename": "DSC00179.jpg",
        "photo_path": "1000GRMN/DSC00179.jpg",
        "surveyor_comment": null,
        "survey_date": "2023-8-17"
      }
    },
    {
      "type": "Feature",
      "geometry": {
        "type": "Point",
        "coordinates": [
          118.432731,
          9.321145
        ]
      },
      "properties": {
        "id": 230,
        "name": "MTO#12-LAT BS-R",
        "type": "Turnout",
        "Structure_Category": "Turnout (TO)",
        "canal_name": "LATERAL B-SOUTH",
        "station": "STA 2+394.4",
        "station_m": 2394.4,
        "offset_m": 0,
        "ele": 23.66,
        "desc": "",
        "comment": "",
        "images": "1000GRMN/DSC00180.jpg",
        "elevation_m": 23.66,
        "photo_filename": "DSC00180.jpg",
        "photo_path": "1000GRMN/DSC00180.jpg",
        "surveyor_comment": null,
        "survey_date": "2023-8-17"
      }
    },
    {
      "type": "Feature",
      "geometry": {
        "type": "Point",
        "coordinates": [
          118.43222,
          9.320713
        ]
      },
      "properties": {
        "id": 231,
        "name": "MTO#13-LAT BS-L",
        "type": "Turnout",
        "Structure_Category": "Turnout (TO)",
        "canal_name": "LATERAL B-SOUTH",
        "station": "STA 2+468.3",
        "station_m": 2468.3,
        "offset_m": 1.52,
        "ele": 0.35,
        "desc": "",
        "comment": "",
        "images": "1000GRMN/DSC00181.jpg",
        "elevation_m": 0.35,
        "photo_filename": "DSC00181.jpg",
        "photo_path": "1000GRMN/DSC00181.jpg",
        "surveyor_comment": null,
        "survey_date": "2023-8-18"
      }
    },
    {
      "type": "Feature",
      "geometry": {
        "type": "Point",
        "coordinates": [
          118.431509,
          9.319137
        ]
      },
      "properties": {
        "id": 234,
        "name": "MTO#14-LAT BS-R",
        "type": "Turnout",
        "Structure_Category": "Turnout (TO)",
        "canal_name": "LATERAL B-SOUTH",
        "station": "STA 2+661.7",
        "station_m": 2661.66,
        "offset_m": 1.22,
        "ele": 0.34,
        "desc": "",
        "comment": "",
        "images": "1000GRMN/DSC00184.jpg",
        "elevation_m": 0.34,
        "photo_filename": "DSC00184.jpg",
        "photo_path": "1000GRMN/DSC00184.jpg",
        "surveyor_comment": null,
        "survey_date": "2023-8-18"
      }
    },
    {
      "type": "Feature",
      "geometry": {
        "type": "Point",
        "coordinates": [
          118.431457,
          9.319029
        ]
      },
      "properties": {
        "id": 237,
        "name": "MTO#15-LAT BS-L",
        "type": "Turnout",
        "Structure_Category": "Turnout (TO)",
        "canal_name": "LATERAL B-SOUTH",
        "station": "STA 2+674.9",
        "station_m": 2674.9,
        "offset_m": 2.15,
        "ele": 0.34,
        "desc": "",
        "comment": "",
        "images": "1000GRMN/DSC00187.jpg",
        "elevation_m": 0.34,
        "photo_filename": "DSC00187.jpg",
        "photo_path": "1000GRMN/DSC00187.jpg",
        "surveyor_comment": null,
        "survey_date": "2023-8-18"
      }
    },
    {
      "type": "Feature",
      "geometry": {
        "type": "Point",
        "coordinates": [
          118.427673,
          9.31824
        ]
      },
      "properties": {
        "id": 240,
        "name": "MTO#17-LAT BS-R",
        "type": "Turnout",
        "Structure_Category": "Turnout (TO)",
        "canal_name": "LATERAL B-SOUTH",
        "station": "STA 3+173.1",
        "station_m": 3173.1,
        "offset_m": 7.17,
        "ele": 0.34,
        "desc": "",
        "comment": "",
        "images": "1000GRMN/DSC00190.jpg",
        "elevation_m": 0.34,
        "photo_filename": "DSC00190.jpg",
        "photo_path": "1000GRMN/DSC00190.jpg",
        "surveyor_comment": null,
        "survey_date": "2023-8-18"
      }
    },
    {
      "type": "Feature",
      "geometry": {
        "type": "Point",
        "coordinates": [
          118.42495,
          9.316712
        ]
      },
      "properties": {
        "id": 246,
        "name": "MTO#19-LAT BS-L",
        "type": "Turnout",
        "Structure_Category": "Turnout (TO)",
        "canal_name": "LATERAL B-SOUTH",
        "station": "STA 3+531.9",
        "station_m": 3531.93,
        "offset_m": 0.43,
        "ele": 0.34,
        "desc": "",
        "comment": "",
        "images": "1000GRMN/DSC00196.jpg",
        "elevation_m": 0.34,
        "photo_filename": "DSC00196.jpg",
        "photo_path": "1000GRMN/DSC00196.jpg",
        "surveyor_comment": null,
        "survey_date": "2023-8-18"
      }
    },
    {
      "type": "Feature",
      "geometry": {
        "type": "Point",
        "coordinates": [
          118.424937,
          9.316716
        ]
      },
      "properties": {
        "id": 245,
        "name": "MTO#20-LAT BS-R",
        "type": "Turnout",
        "Structure_Category": "Turnout (TO)",
        "canal_name": "LATERAL B-SOUTH",
        "station": "STA 3+532.6",
        "station_m": 3532.59,
        "offset_m": 0.92,
        "ele": 0.34,
        "desc": "",
        "comment": "",
        "images": "1000GRMN/DSC00195.jpg",
        "elevation_m": 0.34,
        "photo_filename": "DSC00195.jpg",
        "photo_path": "1000GRMN/DSC00195.jpg",
        "surveyor_comment": null,
        "survey_date": "2023-8-18"
      }
    },
    {
      "type": "Feature",
      "geometry": {
        "type": "Point",
        "coordinates": [
          118.439844,
          9.339811
        ]
      },
      "properties": {
        "id": 182,
        "name": "MTO#1-LAT BS-2-R",
        "type": "Turnout",
        "Structure_Category": "Turnout (TO)",
        "canal_name": "LATERAL B-SOUTH-2",
        "station": "STA 0+189.5",
        "station_m": 189.54,
        "offset_m": 0,
        "ele": 6.77,
        "desc": "",
        "comment": "",
        "images": "1000GRMN/DSC00131.jpg",
        "elevation_m": 6.77,
        "photo_filename": "DSC00131.jpg",
        "photo_path": "1000GRMN/DSC00131.jpg",
        "surveyor_comment": null,
        "survey_date": "2023-8-17"
      }
    },
    {
      "type": "Feature",
      "geometry": {
        "type": "Point",
        "coordinates": [
          118.444975,
          9.341037
        ]
      },
      "properties": {
        "id": 189,
        "name": "MTO#4-LAT BS-2-L",
        "type": "Turnout",
        "Structure_Category": "Turnout (TO)",
        "canal_name": "LATERAL B-SOUTH-2",
        "station": "STA 0+993.1",
        "station_m": 993.11,
        "offset_m": 0.44,
        "ele": 6.76,
        "desc": "",
        "comment": "",
        "images": "1000GRMN/DSC00138.jpg",
        "elevation_m": 6.76,
        "photo_filename": "DSC00138.jpg",
        "photo_path": "1000GRMN/DSC00138.jpg",
        "surveyor_comment": null,
        "survey_date": "2023-8-17"
      }
    },
    {
      "type": "Feature",
      "geometry": {
        "type": "Point",
        "coordinates": [
          118.444987,
          9.341033
        ]
      },
      "properties": {
        "id": 190,
        "name": "MTO#5-LAT BS-2-R",
        "type": "Turnout",
        "Structure_Category": "Turnout (TO)",
        "canal_name": "LATERAL B-SOUTH-2",
        "station": "STA 0+994.4",
        "station_m": 994.43,
        "offset_m": 0,
        "ele": 6.77,
        "desc": "",
        "comment": "",
        "images": "1000GRMN/DSC00139.jpg",
        "elevation_m": 6.77,
        "photo_filename": "DSC00139.jpg",
        "photo_path": "1000GRMN/DSC00139.jpg",
        "surveyor_comment": null,
        "survey_date": "2023-8-17"
      }
    },
    {
      "type": "Feature",
      "geometry": {
        "type": "Point",
        "coordinates": [
          118.427645,
          9.318216
        ]
      },
      "properties": {
        "id": 239,
        "name": "MTO#18-LAT BS-L",
        "type": "Turnout",
        "Structure_Category": "Turnout (TO)",
        "canal_name": "LATERAL B-SOUTH",
        "station": "STA 3+174.5",
        "station_m": 3174.46,
        "offset_m": 3.33,
        "ele": 0.35,
        "desc": "",
        "comment": "",
        "images": "1000GRMN/DSC00189.jpg",
        "elevation_m": 0.35,
        "photo_filename": "DSC00189.jpg",
        "photo_path": "1000GRMN/DSC00189.jpg",
        "surveyor_comment": null,
        "survey_date": "2023-8-18"
      }
    },
    {
      "type": "Feature",
      "geometry": {
        "type": "Point",
        "coordinates": [
          118.422823,
          9.313658
        ]
      },
      "properties": {
        "id": 251,
        "name": "UNAUTHORIZED TURNOUT",
        "type": "Unauthorized Turnout",
        "Structure_Category": "Turnout (TO)",
        "canal_name": "LATERAL B-SOUTH",
        "station": "STA 3+943.9",
        "station_m": 3943.93,
        "offset_m": 0,
        "ele": 2.88,
        "desc": "",
        "comment": "",
        "images": "1000GRMN/DSC00201.jpg",
        "elevation_m": 2.88,
        "photo_filename": "DSC00201.jpg",
        "photo_path": "1000GRMN/DSC00201.jpg",
        "surveyor_comment": null,
        "survey_date": "2023-8-18"
      }
    },
    {
      "type": "Feature",
      "geometry": {
        "type": "Point",
        "coordinates": [
          118.422581,
          9.313351
        ]
      },
      "properties": {
        "id": 252,
        "name": "CART CROSSING",
        "type": "Thresher Crossing",
        "Structure_Category": "Thresher Crossing",
        "canal_name": "LATERAL B-SOUTH",
        "station": "STA 3+987.2",
        "station_m": 3987.17,
        "offset_m": 0,
        "ele": 2.88,
        "desc": "",
        "comment": "",
        "images": "1000GRMN/DSC00202.jpg",
        "elevation_m": 2.88,
        "photo_filename": "DSC00202.jpg",
        "photo_path": "1000GRMN/DSC00202.jpg",
        "surveyor_comment": null,
        "survey_date": "2023-8-18"
      }
    },
    {
      "type": "Feature",
      "geometry": {
        "type": "Point",
        "coordinates": [
          118.422005,
          9.312571
        ]
      },
      "properties": {
        "id": 253,
        "name": "ROAD CROSSING\n",
        "type": "Road Crossing",
        "Structure_Category": "Road Crossing",
        "canal_name": "LATERAL B-SOUTH",
        "station": "STA 4+094.5",
        "station_m": 4094.53,
        "offset_m": 0,
        "ele": 2.88,
        "desc": "",
        "comment": "",
        "images": "1000GRMN/DSC00203.jpg",
        "elevation_m": 2.88,
        "photo_filename": "DSC00203.jpg",
        "photo_path": "1000GRMN/DSC00203.jpg",
        "surveyor_comment": null,
        "survey_date": "2023-8-18"
      }
    },
    {
      "type": "Feature",
      "geometry": {
        "type": "Point",
        "coordinates": [
          118.421785,
          9.312291
        ]
      },
      "properties": {
        "id": 255,
        "name": "RCP CROSSING COMB. DROP STR.",
        "type": "Thresher Crossing",
        "Structure_Category": "Thresher Crossing",
        "canal_name": "LATERAL B-SOUTH",
        "station": "STA 4+133.9",
        "station_m": 4133.87,
        "offset_m": 2.06,
        "ele": 2.88,
        "desc": "",
        "comment": "",
        "images": "1000GRMN/DSC00205.jpg",
        "elevation_m": 2.88,
        "photo_filename": "DSC00205.jpg",
        "photo_path": "1000GRMN/DSC00205.jpg",
        "surveyor_comment": null,
        "survey_date": "2023-8-18"
      }
    },
    {
      "type": "Feature",
      "geometry": {
        "type": "Point",
        "coordinates": [
          118.421774,
          9.312243
        ]
      },
      "properties": {
        "id": 256,
        "name": "START EARTH CANAL",
        "type": "Station",
        "Structure_Category": "Other Structures",
        "canal_name": "LATERAL B-SOUTH",
        "station": "STA 4+138.9",
        "station_m": 4138.92,
        "offset_m": 0,
        "ele": 2.88,
        "desc": "",
        "comment": "",
        "images": "1000GRMN/DSC00206.jpg",
        "elevation_m": 2.88,
        "photo_filename": "DSC00206.jpg",
        "photo_path": "1000GRMN/DSC00206.jpg",
        "surveyor_comment": null,
        "survey_date": "2023-8-18"
      }
    },
    {
      "type": "Feature",
      "geometry": {
        "type": "Point",
        "coordinates": [
          118.420927,
          9.311096
        ]
      },
      "properties": {
        "id": 257,
        "name": "CART CROSSING",
        "type": "Thresher Crossing",
        "Structure_Category": "Thresher Crossing",
        "canal_name": "LATERAL B-SOUTH",
        "station": "STA 4+296.7",
        "station_m": 4296.69,
        "offset_m": 0,
        "ele": 2.88,
        "desc": "",
        "comment": "",
        "images": "1000GRMN/DSC00207.jpg",
        "elevation_m": 2.88,
        "photo_filename": "DSC00207.jpg",
        "photo_path": "1000GRMN/DSC00207.jpg",
        "surveyor_comment": null,
        "survey_date": "2023-8-18"
      }
    },
    {
      "type": "Feature",
      "geometry": {
        "type": "Point",
        "coordinates": [
          118.420426,
          9.310325
        ]
      },
      "properties": {
        "id": 258,
        "name": "RCP CROSSING (END CHECK)\n",
        "type": "Thresher Crossing",
        "Structure_Category": "Thresher Crossing",
        "canal_name": "LATERAL B-SOUTH",
        "station": "STA 4+398.5",
        "station_m": 4398.46,
        "offset_m": 0,
        "ele": 2.89,
        "desc": "",
        "comment": "",
        "images": "1000GRMN/DSC00208.jpg",
        "elevation_m": 2.89,
        "photo_filename": "DSC00208.jpg",
        "photo_path": "1000GRMN/DSC00208.jpg",
        "surveyor_comment": null,
        "survey_date": "2023-8-18"
      }
    },
    {
      "type": "Feature",
      "geometry": {
        "type": "Point",
        "coordinates": [
          118.491086,
          9.366515
        ]
      },
      "properties": {
        "id": 282,
        "name": "UNAUTHORIZED TURNOUT",
        "type": "Unauthorized Turnout",
        "Structure_Category": "Turnout (TO)",
        "canal_name": "LATERAL A-NORTH",
        "station": "STA 6+373.6",
        "station_m": 6373.65,
        "offset_m": 0,
        "ele": 11.01,
        "desc": "",
        "comment": "",
        "images": "1000GRMN/DSC00331.jpg",
        "elevation_m": 11.01,
        "photo_filename": "DSC00331.jpg",
        "photo_path": "1000GRMN/DSC00331.jpg",
        "surveyor_comment": null,
        "survey_date": "2023-8-30"
      }
    },
    {
      "type": "Feature",
      "geometry": {
        "type": "Point",
        "coordinates": [
          118.431745,
          9.31883
        ]
      },
      "properties": {
        "id": 263,
        "name": "PARSHALL FLUME",
        "type": "Water Gauge",
        "Structure_Category": "Parshall Flume",
        "canal_name": "LATERAL B-SOUTH-1",
        "station": "STA 0+036.5",
        "station_m": 36.45,
        "offset_m": 0,
        "ele": 5.06,
        "desc": "",
        "comment": "",
        "images": "1000GRMN/DSC00214.jpg",
        "elevation_m": 5.06,
        "photo_filename": "DSC00214.jpg",
        "photo_path": "1000GRMN/DSC00214.jpg",
        "surveyor_comment": null,
        "survey_date": "2023-8-18"
      }
    },
    {
      "type": "Feature",
      "geometry": {
        "type": "Point",
        "coordinates": [
          118.432119,
          9.315237
        ]
      },
      "properties": {
        "id": 266,
        "name": "END EARTH CANAL/ START LINED CANAL",
        "type": "Station",
        "Structure_Category": "Other Structures",
        "canal_name": "LATERAL B-SOUTH-1",
        "station": "STA 0+490.2",
        "station_m": 490.22,
        "offset_m": 0,
        "ele": 0.85,
        "desc": "",
        "comment": "",
        "images": "1000GRMN/DSC00217.jpg",
        "elevation_m": 0.85,
        "photo_filename": "DSC00217.jpg",
        "photo_path": "1000GRMN/DSC00217.jpg",
        "surveyor_comment": null,
        "survey_date": "2023-8-18"
      }
    },
    {
      "type": "Feature",
      "geometry": {
        "type": "Point",
        "coordinates": [
          118.432088,
          9.315171
        ]
      },
      "properties": {
        "id": 267,
        "name": "END LINED CANAL/ START EARTH CANAL",
        "type": "Station",
        "Structure_Category": "Other Structures",
        "canal_name": "LATERAL B-SOUTH-1",
        "station": "STA 0+498.3",
        "station_m": 498.29,
        "offset_m": 0,
        "ele": 0.85,
        "desc": "",
        "comment": "",
        "images": "1000GRMN/DSC00218.jpg",
        "elevation_m": 0.85,
        "photo_filename": "DSC00218.jpg",
        "photo_path": "1000GRMN/DSC00218.jpg",
        "surveyor_comment": null,
        "survey_date": "2023-8-18"
      }
    },
    {
      "type": "Feature",
      "geometry": {
        "type": "Point",
        "coordinates": [
          118.430619,
          9.3127
        ]
      },
      "properties": {
        "id": 271,
        "name": "CART CROSSING COMB. V-DROP",
        "type": "Drop",
        "Structure_Category": "Thresher Crossing",
        "canal_name": "LATERAL B-SOUTH-1",
        "station": "STA 0+816.6",
        "station_m": 816.59,
        "offset_m": 0,
        "ele": 3.18,
        "desc": "",
        "comment": "",
        "images": "1000GRMN/DSC00222.jpg",
        "elevation_m": 3.18,
        "photo_filename": "DSC00222.jpg",
        "photo_path": "1000GRMN/DSC00222.jpg",
        "surveyor_comment": null,
        "survey_date": "2023-8-18"
      }
    },
    {
      "type": "Feature",
      "geometry": {
        "type": "Point",
        "coordinates": [
          118.429298,
          9.31038
        ]
      },
      "properties": {
        "id": 273,
        "name": "DRAINAGE CROSSING",
        "type": "Drainage",
        "Structure_Category": "Drainage",
        "canal_name": "LATERAL B-SOUTH-1",
        "station": "STA 1+112.2",
        "station_m": 1112.2,
        "offset_m": 0,
        "ele": 3.18,
        "desc": "",
        "comment": "",
        "images": "1000GRMN/DSC00224.jpg",
        "elevation_m": 3.18,
        "photo_filename": "DSC00224.jpg",
        "photo_path": "1000GRMN/DSC00224.jpg",
        "surveyor_comment": null,
        "survey_date": "2023-8-18"
      }
    },
    {
      "type": "Feature",
      "geometry": {
        "type": "Point",
        "coordinates": [
          118.428948,
          9.309881
        ]
      },
      "properties": {
        "id": 276,
        "name": "CART CROSSING COMB. CHECK STR.",
        "type": "Thresher Crossing",
        "Structure_Category": "Thresher Crossing",
        "canal_name": "LATERAL B-SOUTH-1",
        "station": "STA 1+179.6",
        "station_m": 1179.64,
        "offset_m": 0,
        "ele": 3.49,
        "desc": "",
        "comment": "",
        "images": "1000GRMN/DSC00227.jpg",
        "elevation_m": 3.49,
        "photo_filename": "DSC00227.jpg",
        "photo_path": "1000GRMN/DSC00227.jpg",
        "surveyor_comment": null,
        "survey_date": "2023-8-18"
      }
    },
    {
      "type": "Feature",
      "geometry": {
        "type": "Point",
        "coordinates": [
          118.427847,
          9.30805
        ]
      },
      "properties": {
        "id": 279,
        "name": "INLET ROAD CROSSING",
        "type": "Road Crossing",
        "Structure_Category": "Road Crossing",
        "canal_name": "LATERAL B-SOUTH-1",
        "station": "STA 1+416.2",
        "station_m": 1416.19,
        "offset_m": 0,
        "ele": 3.08,
        "desc": "",
        "comment": "",
        "images": "1000GRMN/DSC00230.jpg",
        "elevation_m": 3.08,
        "photo_filename": "DSC00230.jpg",
        "photo_path": "1000GRMN/DSC00230.jpg",
        "surveyor_comment": null,
        "survey_date": "2023-8-18"
      }
    },
    {
      "type": "Feature",
      "geometry": {
        "type": "Point",
        "coordinates": [
          118.427783,
          9.307955
        ]
      },
      "properties": {
        "id": 280,
        "name": "OUTLET ROAD CROSSING",
        "type": "Road Crossing",
        "Structure_Category": "Road Crossing",
        "canal_name": "LATERAL B-SOUTH-1",
        "station": "STA 1+428.9",
        "station_m": 1428.87,
        "offset_m": 0,
        "ele": 3.08,
        "desc": "",
        "comment": "",
        "images": "1000GRMN/DSC00231.jpg",
        "elevation_m": 3.08,
        "photo_filename": "DSC00231.jpg",
        "photo_path": "1000GRMN/DSC00231.jpg",
        "surveyor_comment": null,
        "survey_date": "2023-8-18"
      }
    },
    {
      "type": "Feature",
      "geometry": {
        "type": "Point",
        "coordinates": [
          118.427454,
          9.307401
        ]
      },
      "properties": {
        "id": 281,
        "name": "CART CROSSING/ END CHECK",
        "type": "Thresher Crossing",
        "Structure_Category": "Thresher Crossing",
        "canal_name": "LATERAL B-SOUTH-1",
        "station": "STA 1+500.2",
        "station_m": 1500.21,
        "offset_m": 0,
        "ele": 3.08,
        "desc": "",
        "comment": "",
        "images": "1000GRMN/DSC00232.jpg",
        "elevation_m": 3.08,
        "photo_filename": "DSC00232.jpg",
        "photo_path": "1000GRMN/DSC00232.jpg",
        "surveyor_comment": null,
        "survey_date": "2023-8-18"
      }
    },
    {
      "type": "Feature",
      "geometry": {
        "type": "Point",
        "coordinates": [
          118.492335,
          9.365533
        ]
      },
      "properties": {
        "id": 283,
        "name": "INLET ROAD CROSSING",
        "type": "Road Crossing",
        "Structure_Category": "Road Crossing",
        "canal_name": "LATERAL A-NORTH",
        "station": "STA 6+549.5",
        "station_m": 6549.51,
        "offset_m": 0,
        "ele": 11.01,
        "desc": "",
        "comment": "",
        "images": "1000GRMN/DSC00332.jpg",
        "elevation_m": 11.01,
        "photo_filename": "DSC00332.jpg",
        "photo_path": "1000GRMN/DSC00332.jpg",
        "surveyor_comment": null,
        "survey_date": "2023-8-30"
      }
    },
    {
      "type": "Feature",
      "geometry": {
        "type": "Point",
        "coordinates": [
          118.49245,
          9.365459
        ]
      },
      "properties": {
        "id": 284,
        "name": "OUTLET ROAD CROSSING",
        "type": "Road Crossing",
        "Structure_Category": "Road Crossing",
        "canal_name": "LATERAL A-NORTH-2",
        "station": "STA 0+000.0",
        "station_m": 0,
        "offset_m": 0,
        "ele": 11.02,
        "desc": "",
        "comment": "",
        "images": "1000GRMN/DSC00333.jpg",
        "elevation_m": 11.02,
        "photo_filename": "DSC00333.jpg",
        "photo_path": "1000GRMN/DSC00333.jpg",
        "surveyor_comment": null,
        "survey_date": "2023-8-30"
      }
    },
    {
      "type": "Feature",
      "geometry": {
        "type": "Point",
        "coordinates": [
          118.49236,
          9.364641
        ]
      },
      "properties": {
        "id": 285,
        "name": "CART CROSSING",
        "type": "Thresher Crossing",
        "Structure_Category": "Thresher Crossing",
        "canal_name": "LATERAL A-NORTH",
        "station": "STA 6+656.8",
        "station_m": 6656.77,
        "offset_m": 0,
        "ele": 11.02,
        "desc": "",
        "comment": "",
        "images": "1000GRMN/DSC00334.jpg",
        "elevation_m": 11.02,
        "photo_filename": "DSC00334.jpg",
        "photo_path": "1000GRMN/DSC00334.jpg",
        "surveyor_comment": null,
        "survey_date": "2023-8-30"
      }
    },
    {
      "type": "Feature",
      "geometry": {
        "type": "Point",
        "coordinates": [
          118.491982,
          9.363031
        ]
      },
      "properties": {
        "id": 289,
        "name": "CART CROSSING",
        "type": "Thresher Crossing",
        "Structure_Category": "Thresher Crossing",
        "canal_name": "LATERAL A-NORTH",
        "station": "STA 6+840.1",
        "station_m": 6840.13,
        "offset_m": 0,
        "ele": 11.02,
        "desc": "",
        "comment": "",
        "images": "1000GRMN/DSC00338.jpg",
        "elevation_m": 11.02,
        "photo_filename": "DSC00338.jpg",
        "photo_path": "1000GRMN/DSC00338.jpg",
        "surveyor_comment": null,
        "survey_date": "2023-8-30"
      }
    },
    {
      "type": "Feature",
      "geometry": {
        "type": "Point",
        "coordinates": [
          118.491874,
          9.362612
        ]
      },
      "properties": {
        "id": 290,
        "name": "END VERTICAL LINING, STARTH EARTH CANAL",
        "type": "Station",
        "Structure_Category": "Other Structures",
        "canal_name": "LATERAL A-NORTH",
        "station": "STA 6+888.1",
        "station_m": 6888.09,
        "offset_m": 0,
        "ele": 11.02,
        "desc": "",
        "comment": "",
        "images": "1000GRMN/DSC00339.jpg",
        "elevation_m": 11.02,
        "photo_filename": "DSC00339.jpg",
        "photo_path": "1000GRMN/DSC00339.jpg",
        "surveyor_comment": null,
        "survey_date": "2023-8-30"
      }
    },
    {
      "type": "Feature",
      "geometry": {
        "type": "Point",
        "coordinates": [
          118.491662,
          9.361869
        ]
      },
      "properties": {
        "id": 291,
        "name": "DRAINAGE INLET",
        "type": "Drainage",
        "Structure_Category": "Drainage",
        "canal_name": "LATERAL A-NORTH",
        "station": "STA 6+973.7",
        "station_m": 6973.73,
        "offset_m": 0,
        "ele": 11.02,
        "desc": "",
        "comment": "",
        "images": "1000GRMN/DSC00340.jpg",
        "elevation_m": 11.02,
        "photo_filename": "DSC00340.jpg",
        "photo_path": "1000GRMN/DSC00340.jpg",
        "surveyor_comment": null,
        "survey_date": "2023-8-30"
      }
    },
    {
      "type": "Feature",
      "geometry": {
        "type": "Point",
        "coordinates": [
          118.491553,
          9.360405
        ]
      },
      "properties": {
        "id": 292,
        "name": "THRESHER CROSSING",
        "type": "Thresher Crossing",
        "Structure_Category": "Thresher Crossing",
        "canal_name": "LATERAL A-NORTH",
        "station": "STA 7+137.6",
        "station_m": 7137.65,
        "offset_m": 0,
        "ele": 11.02,
        "desc": "",
        "comment": "",
        "images": "1000GRMN/DSC00341.jpg",
        "elevation_m": 11.02,
        "photo_filename": "DSC00341.jpg",
        "photo_path": "1000GRMN/DSC00341.jpg",
        "surveyor_comment": null,
        "survey_date": "2023-8-30"
      }
    },
    {
      "type": "Feature",
      "geometry": {
        "type": "Point",
        "coordinates": [
          118.491627,
          9.357983
        ]
      },
      "properties": {
        "id": 294,
        "name": "END OF EARTH CANAL, START VERTICAL LINING",
        "type": "Station",
        "Structure_Category": "Other Structures",
        "canal_name": "LATERAL A-NORTH",
        "station": "STA 7+406.4",
        "station_m": 7406.37,
        "offset_m": 0,
        "ele": 11.02,
        "desc": "",
        "comment": "",
        "images": "1000GRMN/DSC00343.jpg",
        "elevation_m": 11.02,
        "photo_filename": "DSC00343.jpg",
        "photo_path": "1000GRMN/DSC00343.jpg",
        "surveyor_comment": null,
        "survey_date": "2023-8-30"
      }
    },
    {
      "type": "Feature",
      "geometry": {
        "type": "Point",
        "coordinates": [
          118.491661,
          9.35779
        ]
      },
      "properties": {
        "id": 296,
        "name": "ROAD CROSSING",
        "type": "Road Crossing",
        "Structure_Category": "Road Crossing",
        "canal_name": "LATERAL A-NORTH",
        "station": "STA 7+428.1",
        "station_m": 7428.1,
        "offset_m": 0,
        "ele": 11.02,
        "desc": "",
        "comment": "",
        "images": "1000GRMN/DSC00345.jpg",
        "elevation_m": 11.02,
        "photo_filename": "DSC00345.jpg",
        "photo_path": "1000GRMN/DSC00345.jpg",
        "surveyor_comment": null,
        "survey_date": "2023-8-30"
      }
    },
    {
      "type": "Feature",
      "geometry": {
        "type": "Point",
        "coordinates": [
          118.491675,
          9.357747
        ]
      },
      "properties": {
        "id": 297,
        "name": "END VERTICAL LINING, STARTH EARTH CANAL",
        "type": "Station",
        "Structure_Category": "Other Structures",
        "canal_name": "LATERAL A-NORTH",
        "station": "STA 7+433.1",
        "station_m": 7433.11,
        "offset_m": 0,
        "ele": 11.02,
        "desc": "",
        "comment": "",
        "images": "1000GRMN/DSC00346.jpg",
        "elevation_m": 11.02,
        "photo_filename": "DSC00346.jpg",
        "photo_path": "1000GRMN/DSC00346.jpg",
        "surveyor_comment": null,
        "survey_date": "2023-8-30"
      }
    },
    {
      "type": "Feature",
      "geometry": {
        "type": "Point",
        "coordinates": [
          118.491646,
          9.357353
        ]
      },
      "properties": {
        "id": 298,
        "name": "END EARTH CANAL, START TRAPEZOIDAL CANAL",
        "type": "Station",
        "Structure_Category": "Other Structures",
        "canal_name": "LATERAL A-NORTH",
        "station": "STA 7+476.9",
        "station_m": 7476.92,
        "offset_m": 0,
        "ele": 10.55,
        "desc": "",
        "comment": "",
        "images": "1000GRMN/DSC00347.jpg",
        "elevation_m": 10.55,
        "photo_filename": "DSC00347.jpg",
        "photo_path": "1000GRMN/DSC00347.jpg",
        "surveyor_comment": null,
        "survey_date": "2023-8-30"
      }
    },
    {
      "type": "Feature",
      "geometry": {
        "type": "Point",
        "coordinates": [
          118.49165,
          9.35703
        ]
      },
      "properties": {
        "id": 301,
        "name": "END OF TRAPEZOIDAL, START OF EARTH CANAL",
        "type": "Station",
        "Structure_Category": "Other Structures",
        "canal_name": "LATERAL A-NORTH",
        "station": "STA 7+513.1",
        "station_m": 7513.08,
        "offset_m": 0,
        "ele": 9.95,
        "desc": "",
        "comment": "",
        "images": "1000GRMN/DSC00350.jpg",
        "elevation_m": 9.95,
        "photo_filename": "DSC00350.jpg",
        "photo_path": "1000GRMN/DSC00350.jpg",
        "surveyor_comment": null,
        "survey_date": "2023-8-30"
      }
    },
    {
      "type": "Feature",
      "geometry": {
        "type": "Point",
        "coordinates": [
          118.493213,
          9.355143
        ]
      },
      "properties": {
        "id": 304,
        "name": "CHECK STR. COMB. V-DROP",
        "type": "Check Structure",
        "Structure_Category": "Check Gate",
        "canal_name": "LATERAL A-NORTH",
        "station": "STA 7+796.2",
        "station_m": 7796.25,
        "offset_m": 0,
        "ele": 6.72,
        "desc": "",
        "comment": "",
        "images": "1000GRMN/DSC00353.jpg",
        "elevation_m": 6.72,
        "photo_filename": "DSC00353.jpg",
        "photo_path": "1000GRMN/DSC00353.jpg",
        "surveyor_comment": null,
        "survey_date": "2023-8-30"
      }
    },
    {
      "type": "Feature",
      "geometry": {
        "type": "Point",
        "coordinates": [
          118.495455,
          9.354361
        ]
      },
      "properties": {
        "id": 305,
        "name": "RCP ROAD CROSSING",
        "type": "Road Crossing",
        "Structure_Category": "Road Crossing",
        "canal_name": "LATERAL A-NORTH",
        "station": "STA 8+060.1",
        "station_m": 8060.06,
        "offset_m": 0,
        "ele": 7.32,
        "desc": "",
        "comment": "",
        "images": "1000GRMN/DSC00354.jpg",
        "elevation_m": 7.32,
        "photo_filename": "DSC00354.jpg",
        "photo_path": "1000GRMN/DSC00354.jpg",
        "surveyor_comment": null,
        "survey_date": "2023-8-30"
      }
    },
    {
      "type": "Feature",
      "geometry": {
        "type": "Point",
        "coordinates": [
          118.498198,
          9.35268
        ]
      },
      "properties": {
        "id": 308,
        "name": "VERTICAL DROP",
        "type": "Drop",
        "Structure_Category": "Drop",
        "canal_name": "LATERAL A-NORTH",
        "station": "STA 8+416.9",
        "station_m": 8416.88,
        "offset_m": 0,
        "ele": 7.32,
        "desc": "",
        "comment": "",
        "images": "1000GRMN/DSC00357.jpg",
        "elevation_m": 7.32,
        "photo_filename": "DSC00357.jpg",
        "photo_path": "1000GRMN/DSC00357.jpg",
        "surveyor_comment": null,
        "survey_date": "2023-8-30"
      }
    },
    {
      "type": "Feature",
      "geometry": {
        "type": "Point",
        "coordinates": [
          118.49927,
          9.351847
        ]
      },
      "properties": {
        "id": 311,
        "name": "CHECK STR.",
        "type": "Check Structure",
        "Structure_Category": "Check Gate",
        "canal_name": "LATERAL A-NORTH",
        "station": "STA 8+566.8",
        "station_m": 8566.8,
        "offset_m": 0,
        "ele": 7.32,
        "desc": "",
        "comment": "",
        "images": "1000GRMN/DSC00360.jpg",
        "elevation_m": 7.32,
        "photo_filename": "DSC00360.jpg",
        "photo_path": "1000GRMN/DSC00360.jpg",
        "surveyor_comment": null,
        "survey_date": "2023-8-30"
      }
    },
    {
      "type": "Feature",
      "geometry": {
        "type": "Point",
        "coordinates": [
          118.499897,
          9.351485
        ]
      },
      "properties": {
        "id": 312,
        "name": "THRESHER CROSSING COMB.  V-DROP",
        "type": "Thresher Crossing",
        "Structure_Category": "Thresher Crossing",
        "canal_name": "LATERAL A-NORTH",
        "station": "STA 8+646.7",
        "station_m": 8646.67,
        "offset_m": 0,
        "ele": 7.32,
        "desc": "",
        "comment": "",
        "images": "1000GRMN/DSC00361.jpg",
        "elevation_m": 7.32,
        "photo_filename": "DSC00361.jpg",
        "photo_path": "1000GRMN/DSC00361.jpg",
        "surveyor_comment": null,
        "survey_date": "2023-8-30"
      }
    },
    {
      "type": "Feature",
      "geometry": {
        "type": "Point",
        "coordinates": [
          118.500859,
          9.350788
        ]
      },
      "properties": {
        "id": 314,
        "name": "UNAUTHORIZED TURNOUT",
        "type": "Unauthorized Turnout",
        "Structure_Category": "Turnout (TO)",
        "canal_name": "LATERAL A-NORTH",
        "station": "STA 8+778.2",
        "station_m": 8778.16,
        "offset_m": 0.05,
        "ele": 1.82,
        "desc": "",
        "comment": "",
        "images": "1000GRMN/DSC00363.jpg",
        "elevation_m": 1.82,
        "photo_filename": "DSC00363.jpg",
        "photo_path": "1000GRMN/DSC00363.jpg",
        "surveyor_comment": null,
        "survey_date": "2023-8-30"
      }
    },
    {
      "type": "Feature",
      "geometry": {
        "type": "Point",
        "coordinates": [
          118.432228,
          9.315426
        ]
      },
      "properties": {
        "id": 265,
        "name": "MTO#1-LAT BS-1-L",
        "type": "Turnout",
        "Structure_Category": "Turnout (TO)",
        "canal_name": "LATERAL B-SOUTH-1",
        "station": "STA 0+466.1",
        "station_m": 466.06,
        "offset_m": 0.26,
        "ele": 0.85,
        "desc": "",
        "comment": "",
        "images": "1000GRMN/DSC00216.jpg",
        "elevation_m": 0.85,
        "photo_filename": "DSC00216.jpg",
        "photo_path": "1000GRMN/DSC00216.jpg",
        "surveyor_comment": null,
        "survey_date": "2023-8-18"
      }
    },
    {
      "type": "Feature",
      "geometry": {
        "type": "Point",
        "coordinates": [
          118.431275,
          9.313762
        ]
      },
      "properties": {
        "id": 269,
        "name": "MTO#2-LAT BS-1-",
        "type": "Turnout",
        "Structure_Category": "Turnout (TO)",
        "canal_name": "LATERAL B-SOUTH-1",
        "station": "STA 0+678.4",
        "station_m": 678.4,
        "offset_m": 0,
        "ele": 0.86,
        "desc": "",
        "comment": "",
        "images": "1000GRMN/DSC00220.jpg",
        "elevation_m": 0.86,
        "photo_filename": "DSC00220.jpg",
        "photo_path": "1000GRMN/DSC00220.jpg",
        "surveyor_comment": null,
        "survey_date": "2023-8-18"
      }
    },
    {
      "type": "Feature",
      "geometry": {
        "type": "Point",
        "coordinates": [
          118.430636,
          9.31272
        ]
      },
      "properties": {
        "id": 270,
        "name": "MTO#3-LAT BS-1-",
        "type": "Turnout",
        "Structure_Category": "Turnout (TO)",
        "canal_name": "LATERAL B-SOUTH-1",
        "station": "STA 0+813.7",
        "station_m": 813.72,
        "offset_m": 0.44,
        "ele": 3.18,
        "desc": "",
        "comment": "",
        "images": "1000GRMN/DSC00221.jpg",
        "elevation_m": 3.18,
        "photo_filename": "DSC00221.jpg",
        "photo_path": "1000GRMN/DSC00221.jpg",
        "surveyor_comment": null,
        "survey_date": "2023-8-18"
      }
    },
    {
      "type": "Feature",
      "geometry": {
        "type": "Point",
        "coordinates": [
          118.429933,
          9.311516
        ]
      },
      "properties": {
        "id": 272,
        "name": "MTO#4-LAT BS-1-L",
        "type": "Turnout",
        "Structure_Category": "Turnout (TO)",
        "canal_name": "LATERAL B-SOUTH-1",
        "station": "STA 0+968.1",
        "station_m": 968.09,
        "offset_m": 0,
        "ele": 3.18,
        "desc": "",
        "comment": "",
        "images": "1000GRMN/DSC00223.jpg",
        "elevation_m": 3.18,
        "photo_filename": "DSC00223.jpg",
        "photo_path": "1000GRMN/DSC00223.jpg",
        "surveyor_comment": null,
        "survey_date": "2023-8-18"
      }
    },
    {
      "type": "Feature",
      "geometry": {
        "type": "Point",
        "coordinates": [
          118.42904,
          9.309991
        ]
      },
      "properties": {
        "id": 274,
        "name": "MTO#5-LAT BS-1-R",
        "type": "Turnout",
        "Structure_Category": "Turnout (TO)",
        "canal_name": "LATERAL B-SOUTH-1",
        "station": "STA 1+163.8",
        "station_m": 1163.84,
        "offset_m": 1.34,
        "ele": 3.8,
        "desc": "",
        "comment": "",
        "images": "1000GRMN/DSC00225.jpg",
        "elevation_m": 3.8,
        "photo_filename": "DSC00225.jpg",
        "photo_path": "1000GRMN/DSC00225.jpg",
        "surveyor_comment": null,
        "survey_date": "2023-8-18"
      }
    },
    {
      "type": "Feature",
      "geometry": {
        "type": "Point",
        "coordinates": [
          118.428985,
          9.309895
        ]
      },
      "properties": {
        "id": 275,
        "name": "MTO#6-LAT BS-1--L",
        "type": "Turnout",
        "Structure_Category": "Turnout (TO)",
        "canal_name": "LATERAL B-SOUTH-1",
        "station": "STA 1+176.0",
        "station_m": 1176.04,
        "offset_m": 2.46,
        "ele": 4.38,
        "desc": "",
        "comment": "",
        "images": "1000GRMN/DSC00226.jpg",
        "elevation_m": 4.38,
        "photo_filename": "DSC00226.jpg",
        "photo_path": "1000GRMN/DSC00226.jpg",
        "surveyor_comment": null,
        "survey_date": "2023-8-18"
      }
    },
    {
      "type": "Feature",
      "geometry": {
        "type": "Point",
        "coordinates": [
          118.428515,
          9.309186
        ]
      },
      "properties": {
        "id": 277,
        "name": "MTO#7-LAT BS-1--R",
        "type": "Turnout",
        "Structure_Category": "Turnout (TO)",
        "canal_name": "LATERAL B-SOUTH-1",
        "station": "STA 1+270.3",
        "station_m": 1270.29,
        "offset_m": 0,
        "ele": 3.07,
        "desc": "",
        "comment": "",
        "images": "1000GRMN/DSC00228.jpg",
        "elevation_m": 3.07,
        "photo_filename": "DSC00228.jpg",
        "photo_path": "1000GRMN/DSC00228.jpg",
        "surveyor_comment": null,
        "survey_date": "2023-8-18"
      }
    },
    {
      "type": "Feature",
      "geometry": {
        "type": "Point",
        "coordinates": [
          118.427863,
          9.308076
        ]
      },
      "properties": {
        "id": 278,
        "name": "MTO#8-LAT BS-1--L",
        "type": "Turnout",
        "Structure_Category": "Turnout (TO)",
        "canal_name": "LATERAL B-SOUTH-1",
        "station": "STA 1+412.8",
        "station_m": 1412.82,
        "offset_m": 0.07,
        "ele": 3.08,
        "desc": "",
        "comment": "",
        "images": "1000GRMN/DSC00229.jpg",
        "elevation_m": 3.08,
        "photo_filename": "DSC00229.jpg",
        "photo_path": "1000GRMN/DSC00229.jpg",
        "surveyor_comment": null,
        "survey_date": "2023-8-18"
      }
    },
    {
      "type": "Feature",
      "geometry": {
        "type": "Point",
        "coordinates": [
          118.492116,
          9.363665
        ]
      },
      "properties": {
        "id": 286,
        "name": "MTO#20-L/S-LAT AN",
        "type": "Turnout",
        "Structure_Category": "Turnout (TO)",
        "canal_name": "LATERAL A-NORTH",
        "station": "STA 6+768.3",
        "station_m": 6768.29,
        "offset_m": 0,
        "ele": 11.02,
        "desc": "",
        "comment": "",
        "images": "1000GRMN/DSC00335.jpg",
        "elevation_m": 11.02,
        "photo_filename": "DSC00335.jpg",
        "photo_path": "1000GRMN/DSC00335.jpg",
        "surveyor_comment": null,
        "survey_date": "2023-8-30"
      }
    },
    {
      "type": "Feature",
      "geometry": {
        "type": "Point",
        "coordinates": [
          118.491963,
          9.363024
        ]
      },
      "properties": {
        "id": 288,
        "name": "MTO#22-R/S-LAT AN",
        "type": "Turnout",
        "Structure_Category": "Turnout (TO)",
        "canal_name": "LATERAL A-NORTH",
        "station": "STA 6+841.4",
        "station_m": 6841.4,
        "offset_m": 1.83,
        "ele": 11.02,
        "desc": "",
        "comment": "",
        "images": "1000GRMN/DSC00337.jpg",
        "elevation_m": 11.02,
        "photo_filename": "DSC00337.jpg",
        "photo_path": "1000GRMN/DSC00337.jpg",
        "surveyor_comment": null,
        "survey_date": "2023-8-30"
      }
    },
    {
      "type": "Feature",
      "geometry": {
        "type": "Point",
        "coordinates": [
          118.491682,
          9.357881
        ]
      },
      "properties": {
        "id": 295,
        "name": "MTO#23-L/S-LAT AN",
        "type": "Turnout",
        "Structure_Category": "Turnout (TO)",
        "canal_name": "LATERAL A-NORTH",
        "station": "STA 7+418.6",
        "station_m": 7418.55,
        "offset_m": 4.02,
        "ele": 11.02,
        "desc": "",
        "comment": "",
        "images": "1000GRMN/DSC00344.jpg",
        "elevation_m": 11.02,
        "photo_filename": "DSC00344.jpg",
        "photo_path": "1000GRMN/DSC00344.jpg",
        "surveyor_comment": null,
        "survey_date": "2023-8-30"
      }
    },
    {
      "type": "Feature",
      "geometry": {
        "type": "Point",
        "coordinates": [
          118.491668,
          9.357292
        ]
      },
      "properties": {
        "id": 299,
        "name": "MTO#24-L/S-LAT AN",
        "type": "Turnout",
        "Structure_Category": "Turnout (TO)",
        "canal_name": "LATERAL A-NORTH",
        "station": "STA 7+483.5",
        "station_m": 7483.53,
        "offset_m": 2.81,
        "ele": 10.96,
        "desc": "",
        "comment": "",
        "images": "1000GRMN/DSC00348.jpg",
        "elevation_m": 10.96,
        "photo_filename": "DSC00348.jpg",
        "photo_path": "1000GRMN/DSC00348.jpg",
        "surveyor_comment": null,
        "survey_date": "2023-8-30"
      }
    },
    {
      "type": "Feature",
      "geometry": {
        "type": "Point",
        "coordinates": [
          118.493068,
          9.355197
        ]
      },
      "properties": {
        "id": 302,
        "name": "MTO#25-R/S-LAT AN",
        "type": "Turnout",
        "Structure_Category": "Turnout (TO)",
        "canal_name": "LATERAL A-NORTH",
        "station": "STA 7+779.4",
        "station_m": 7779.45,
        "offset_m": 2.92,
        "ele": 6.72,
        "desc": "",
        "comment": "",
        "images": "1000GRMN/DSC00351.jpg",
        "elevation_m": 6.72,
        "photo_filename": "DSC00351.jpg",
        "photo_path": "1000GRMN/DSC00351.jpg",
        "surveyor_comment": null,
        "survey_date": "2023-8-30"
      }
    },
    {
      "type": "Feature",
      "geometry": {
        "type": "Point",
        "coordinates": [
          118.49315,
          9.355202
        ]
      },
      "properties": {
        "id": 303,
        "name": "MTO#26-L/S-LAT AN",
        "type": "Turnout",
        "Structure_Category": "Turnout (TO)",
        "canal_name": "LATERAL A-NORTH",
        "station": "STA 7+786.9",
        "station_m": 7786.95,
        "offset_m": 2.13,
        "ele": 6.72,
        "desc": "",
        "comment": "",
        "images": "1000GRMN/DSC00352.jpg",
        "elevation_m": 6.72,
        "photo_filename": "DSC00352.jpg",
        "photo_path": "1000GRMN/DSC00352.jpg",
        "surveyor_comment": null,
        "survey_date": "2023-8-30"
      }
    },
    {
      "type": "Feature",
      "geometry": {
        "type": "Point",
        "coordinates": [
          118.498048,
          9.352796
        ]
      },
      "properties": {
        "id": 307,
        "name": "MTO#28-R/S-LAT AN",
        "type": "Turnout",
        "Structure_Category": "Turnout (TO)",
        "canal_name": "LATERAL A-NORTH",
        "station": "STA 8+396.0",
        "station_m": 8395.95,
        "offset_m": 0.47,
        "ele": 7.32,
        "desc": "",
        "comment": "",
        "images": "1000GRMN/DSC00356.jpg",
        "elevation_m": 7.32,
        "photo_filename": "DSC00356.jpg",
        "photo_path": "1000GRMN/DSC00356.jpg",
        "surveyor_comment": null,
        "survey_date": "2023-8-30"
      }
    },
    {
      "type": "Feature",
      "geometry": {
        "type": "Point",
        "coordinates": [
          118.499262,
          9.351852
        ]
      },
      "properties": {
        "id": 309,
        "name": "MTO#29-L/S-LAT AN",
        "type": "Turnout",
        "Structure_Category": "Turnout (TO)",
        "canal_name": "LATERAL A-NORTH",
        "station": "STA 8+565.8",
        "station_m": 8565.76,
        "offset_m": 0.11,
        "ele": 7.32,
        "desc": "",
        "comment": "",
        "images": "1000GRMN/DSC00358.jpg",
        "elevation_m": 7.32,
        "photo_filename": "DSC00358.jpg",
        "photo_path": "1000GRMN/DSC00358.jpg",
        "surveyor_comment": null,
        "survey_date": "2023-8-30"
      }
    },
    {
      "type": "Feature",
      "geometry": {
        "type": "Point",
        "coordinates": [
          118.499249,
          9.351827
        ]
      },
      "properties": {
        "id": 310,
        "name": "MTO#30-R/S-LAT AN",
        "type": "Turnout",
        "Structure_Category": "Turnout (TO)",
        "canal_name": "LATERAL A-NORTH",
        "station": "STA 8+566.3",
        "station_m": 8566.34,
        "offset_m": 3.17,
        "ele": 7.32,
        "desc": "",
        "comment": "",
        "images": "1000GRMN/DSC00359.jpg",
        "elevation_m": 7.32,
        "photo_filename": "DSC00359.jpg",
        "photo_path": "1000GRMN/DSC00359.jpg",
        "surveyor_comment": null,
        "survey_date": "2023-8-30"
      }
    },
    {
      "type": "Feature",
      "geometry": {
        "type": "Point",
        "coordinates": [
          118.498069,
          9.352806
        ]
      },
      "properties": {
        "id": 306,
        "name": "MTO#27-L/S-LAT AN",
        "type": "Turnout",
        "Structure_Category": "Turnout (TO)",
        "canal_name": "LATERAL A-NORTH",
        "station": "STA 8+397.0",
        "station_m": 8397.04,
        "offset_m": 1.86,
        "ele": 7.32,
        "desc": "",
        "comment": "",
        "images": "1000GRMN/DSC00355.jpg",
        "elevation_m": 7.32,
        "photo_filename": "DSC00355.jpg",
        "photo_path": "1000GRMN/DSC00355.jpg",
        "surveyor_comment": null,
        "survey_date": "2023-8-30"
      }
    },
    {
      "type": "Feature",
      "geometry": {
        "type": "Point",
        "coordinates": [
          118.501382,
          9.350335
        ]
      },
      "properties": {
        "id": 316,
        "name": "END VERTICAL LINING, STARTH EARTH CANAL",
        "type": "Station",
        "Structure_Category": "Other Structures",
        "canal_name": "LATERAL A-NORTH",
        "station": "STA 8+854.6",
        "station_m": 8854.6,
        "offset_m": 0,
        "ele": 1.82,
        "desc": "",
        "comment": "",
        "images": "1000GRMN/DSC00365.jpg",
        "elevation_m": 1.82,
        "photo_filename": "DSC00365.jpg",
        "photo_path": "1000GRMN/DSC00365.jpg",
        "surveyor_comment": null,
        "survey_date": "2023-8-30"
      }
    },
    {
      "type": "Feature",
      "geometry": {
        "type": "Point",
        "coordinates": [
          118.50214,
          9.349668
        ]
      },
      "properties": {
        "id": 317,
        "name": "END CHECK",
        "type": "Station",
        "Structure_Category": "Other Structures",
        "canal_name": "LATERAL A-NORTH",
        "station": "STA 8+966.1",
        "station_m": 8966.14,
        "offset_m": 0,
        "ele": 1.81,
        "desc": "",
        "comment": "",
        "images": "1000GRMN/DSC00366.jpg",
        "elevation_m": 1.81,
        "photo_filename": "DSC00366.jpg",
        "photo_path": "1000GRMN/DSC00366.jpg",
        "surveyor_comment": null,
        "survey_date": "2023-8-30"
      }
    },
    {
      "type": "Feature",
      "geometry": {
        "type": "Point",
        "coordinates": [
          118.49248,
          9.365471
        ]
      },
      "properties": {
        "id": 318,
        "name": "HEAD GATE OF LATERAL AN 2",
        "type": "Head Gate",
        "Structure_Category": "Head Gate",
        "canal_name": "LATERAL A-NORTH-2",
        "station": "STA 0+003.6",
        "station_m": 3.56,
        "offset_m": 0,
        "ele": 25.06,
        "desc": "",
        "comment": "",
        "images": "1000GRMN/DSC00367.jpg",
        "elevation_m": 25.06,
        "photo_filename": "DSC00367.jpg",
        "photo_path": "1000GRMN/DSC00367.jpg",
        "surveyor_comment": null,
        "survey_date": "2023-8-30"
      }
    },
    {
      "type": "Feature",
      "geometry": {
        "type": "Point",
        "coordinates": [
          118.492588,
          9.365482
        ]
      },
      "properties": {
        "id": 320,
        "name": "START TRAPEZOIDAL CANAL",
        "type": "Station",
        "Structure_Category": "Other Structures",
        "canal_name": "LATERAL A-NORTH-2",
        "station": "STA 0+015.7",
        "station_m": 15.67,
        "offset_m": 0,
        "ele": 28.23,
        "desc": "",
        "comment": "",
        "images": "1000GRMN/DSC00369.jpg",
        "elevation_m": 28.23,
        "photo_filename": "DSC00369.jpg",
        "photo_path": "1000GRMN/DSC00369.jpg",
        "surveyor_comment": null,
        "survey_date": "2023-8-30"
      }
    },
    {
      "type": "Feature",
      "geometry": {
        "type": "Point",
        "coordinates": [
          118.492778,
          9.36541
        ]
      },
      "properties": {
        "id": 321,
        "name": "PARSHALL FLUME",
        "type": "Water Gauge",
        "Structure_Category": "Parshall Flume",
        "canal_name": "LATERAL A-NORTH-2",
        "station": "STA 0+038.1",
        "station_m": 38.06,
        "offset_m": 0,
        "ele": 28.42,
        "desc": "",
        "comment": "",
        "images": "1000GRMN/DSC00370.jpg",
        "elevation_m": 28.42,
        "photo_filename": "DSC00370.jpg",
        "photo_path": "1000GRMN/DSC00370.jpg",
        "surveyor_comment": null,
        "survey_date": "2023-8-30"
      }
    },
    {
      "type": "Feature",
      "geometry": {
        "type": "Point",
        "coordinates": [
          118.496253,
          9.364573
        ]
      },
      "properties": {
        "id": 324,
        "name": "THRESHER COMB. V-DROP",
        "type": "Thresher Crossing",
        "Structure_Category": "Thresher Crossing",
        "canal_name": "LATERAL A-NORTH-2",
        "station": "STA 0+432.4",
        "station_m": 432.42,
        "offset_m": 2.77,
        "ele": 28.14,
        "desc": "",
        "comment": "",
        "images": "1000GRMN/DSC00373.jpg",
        "elevation_m": 28.14,
        "photo_filename": "DSC00373.jpg",
        "photo_path": "1000GRMN/DSC00373.jpg",
        "surveyor_comment": null,
        "survey_date": "2023-8-30"
      }
    },
    {
      "type": "Feature",
      "geometry": {
        "type": "Point",
        "coordinates": [
          118.497485,
          9.364254
        ]
      },
      "properties": {
        "id": 326,
        "name": "INCLINED DROP",
        "type": "Drop",
        "Structure_Category": "Drop",
        "canal_name": "LATERAL A-NORTH-2",
        "station": "STA 0+573.0",
        "station_m": 573.04,
        "offset_m": 0.89,
        "ele": 27.94,
        "desc": "",
        "comment": "",
        "images": "1000GRMN/DSC00375.jpg",
        "elevation_m": 27.94,
        "photo_filename": "DSC00375.jpg",
        "photo_path": "1000GRMN/DSC00375.jpg",
        "surveyor_comment": null,
        "survey_date": "2023-8-30"
      }
    },
    {
      "type": "Feature",
      "geometry": {
        "type": "Point",
        "coordinates": [
          118.497494,
          9.364243
        ]
      },
      "properties": {
        "id": 327,
        "name": "DRAINAGE INLET",
        "type": "Drainage",
        "Structure_Category": "Drainage",
        "canal_name": "LATERAL A-NORTH-2",
        "station": "STA 0+574.3",
        "station_m": 574.34,
        "offset_m": 0,
        "ele": 27.94,
        "desc": "",
        "comment": "",
        "images": "1000GRMN/DSC00376.jpg",
        "elevation_m": 27.94,
        "photo_filename": "DSC00376.jpg",
        "photo_path": "1000GRMN/DSC00376.jpg",
        "surveyor_comment": null,
        "survey_date": "2023-8-30"
      }
    },
    {
      "type": "Feature",
      "geometry": {
        "type": "Point",
        "coordinates": [
          118.498476,
          9.363933
        ]
      },
      "properties": {
        "id": 328,
        "name": "RCP ROAD CROSSING",
        "type": "Road Crossing",
        "Structure_Category": "Road Crossing",
        "canal_name": "LATERAL A-NORTH-2",
        "station": "STA 0+687.8",
        "station_m": 687.82,
        "offset_m": 0,
        "ele": 27.93,
        "desc": "",
        "comment": "",
        "images": "1000GRMN/DSC00377.jpg",
        "elevation_m": 27.93,
        "photo_filename": "DSC00377.jpg",
        "photo_path": "1000GRMN/DSC00377.jpg",
        "surveyor_comment": null,
        "survey_date": "2023-8-30"
      }
    },
    {
      "type": "Feature",
      "geometry": {
        "type": "Point",
        "coordinates": [
          118.50123,
          9.363177
        ]
      },
      "properties": {
        "id": 331,
        "name": "RCP ROAD CROSSING",
        "type": "Road Crossing",
        "Structure_Category": "Road Crossing",
        "canal_name": "LATERAL A-NORTH-2",
        "station": "STA 1+002.5",
        "station_m": 1002.51,
        "offset_m": 0,
        "ele": 27.93,
        "desc": "",
        "comment": "",
        "images": "1000GRMN/DSC00380.jpg",
        "elevation_m": 27.93,
        "photo_filename": "DSC00380.jpg",
        "photo_path": "1000GRMN/DSC00380.jpg",
        "surveyor_comment": null,
        "survey_date": "2023-8-30"
      }
    },
    {
      "type": "Feature",
      "geometry": {
        "type": "Point",
        "coordinates": [
          118.503995,
          9.362514
        ]
      },
      "properties": {
        "id": 332,
        "name": "RCP ROAD CROSSING",
        "type": "Road Crossing",
        "Structure_Category": "Road Crossing",
        "canal_name": "LATERAL A-NORTH-2",
        "station": "STA 1+315.8",
        "station_m": 1315.78,
        "offset_m": 0,
        "ele": 23.63,
        "desc": "",
        "comment": "",
        "images": "1000GRMN/DSC00381.jpg",
        "elevation_m": 23.63,
        "photo_filename": "DSC00381.jpg",
        "photo_path": "1000GRMN/DSC00381.jpg",
        "surveyor_comment": null,
        "survey_date": "2023-8-30"
      }
    },
    {
      "type": "Feature",
      "geometry": {
        "type": "Point",
        "coordinates": [
          118.505212,
          9.362112
        ]
      },
      "properties": {
        "id": 336,
        "name": "CART CROSSING",
        "type": "Thresher Crossing",
        "Structure_Category": "Thresher Crossing",
        "canal_name": "LATERAL A-NORTH-2",
        "station": "STA 1+457.0",
        "station_m": 1457.03,
        "offset_m": 0,
        "ele": 22.92,
        "desc": "",
        "comment": "",
        "images": "1000GRMN/DSC00385.jpg",
        "elevation_m": 22.92,
        "photo_filename": "DSC00385.jpg",
        "photo_path": "1000GRMN/DSC00385.jpg",
        "surveyor_comment": null,
        "survey_date": "2023-8-30"
      }
    },
    {
      "type": "Feature",
      "geometry": {
        "type": "Point",
        "coordinates": [
          118.505261,
          9.362087
        ]
      },
      "properties": {
        "id": 337,
        "name": "END V-LINING/ START EARTH CANAL",
        "type": "Station",
        "Structure_Category": "Other Structures",
        "canal_name": "LATERAL A-NORTH-2",
        "station": "STA 1+463.1",
        "station_m": 1463.1,
        "offset_m": 0,
        "ele": 22.93,
        "desc": "",
        "comment": "",
        "images": "1000GRMN/DSC00386.jpg",
        "elevation_m": 22.93,
        "photo_filename": "DSC00386.jpg",
        "photo_path": "1000GRMN/DSC00386.jpg",
        "surveyor_comment": null,
        "survey_date": "2023-8-30"
      }
    },
    {
      "type": "Feature",
      "geometry": {
        "type": "Point",
        "coordinates": [
          118.506649,
          9.36067
        ]
      },
      "properties": {
        "id": 338,
        "name": "RCP CROSSING",
        "type": "Thresher Crossing",
        "Structure_Category": "Thresher Crossing",
        "canal_name": "LATERAL A-NORTH-2",
        "station": "STA 1+688.6",
        "station_m": 1688.56,
        "offset_m": 0,
        "ele": 22.92,
        "desc": "",
        "comment": "",
        "images": "1000GRMN/DSC00387.jpg",
        "elevation_m": 22.92,
        "photo_filename": "DSC00387.jpg",
        "photo_path": "1000GRMN/DSC00387.jpg",
        "surveyor_comment": null,
        "survey_date": "2023-8-30"
      }
    },
    {
      "type": "Feature",
      "geometry": {
        "type": "Point",
        "coordinates": [
          118.508575,
          9.359197
        ]
      },
      "properties": {
        "id": 341,
        "name": "RCP CART CROSSING",
        "type": "Thresher Crossing",
        "Structure_Category": "Thresher Crossing",
        "canal_name": "LATERAL A-NORTH-2",
        "station": "STA 1+959.0",
        "station_m": 1959.01,
        "offset_m": 0,
        "ele": 20.32,
        "desc": "",
        "comment": "",
        "images": "1000GRMN/DSC00390.jpg",
        "elevation_m": 20.32,
        "photo_filename": "DSC00390.jpg",
        "photo_path": "1000GRMN/DSC00390.jpg",
        "surveyor_comment": null,
        "survey_date": "2023-8-30"
      }
    },
    {
      "type": "Feature",
      "geometry": {
        "type": "Point",
        "coordinates": [
          118.509301,
          9.359232
        ]
      },
      "properties": {
        "id": 343,
        "name": "THRESHER COMB. V-DROP",
        "type": "Thresher Crossing",
        "Structure_Category": "Thresher Crossing",
        "canal_name": "LATERAL A-NORTH-2",
        "station": "STA 2+040.1",
        "station_m": 2040.09,
        "offset_m": 0,
        "ele": 20.32,
        "desc": "",
        "comment": "",
        "images": "1000GRMN/DSC00392.jpg",
        "elevation_m": 20.32,
        "photo_filename": "DSC00392.jpg",
        "photo_path": "1000GRMN/DSC00392.jpg",
        "surveyor_comment": null,
        "survey_date": "2023-8-30"
      }
    },
    {
      "type": "Feature",
      "geometry": {
        "type": "Point",
        "coordinates": [
          118.453585,
          9.373524
        ]
      },
      "properties": {
        "id": 395,
        "name": "THRESHER CROSSING COMB. V-DROP",
        "type": "Thresher Crossing",
        "Structure_Category": "Thresher Crossing",
        "canal_name": "LATERAL B-NORTH",
        "station": "STA 0+007.7",
        "station_m": 7.71,
        "offset_m": 3.59,
        "ele": -3.06,
        "desc": "",
        "comment": "",
        "images": "1000GRMN/DSC00111.jpg",
        "elevation_m": -3.06,
        "photo_filename": "DSC00111.jpg",
        "photo_path": "1000GRMN/DSC00111.jpg",
        "surveyor_comment": null,
        "survey_date": "2023-9-1"
      }
    },
    {
      "type": "Feature",
      "geometry": {
        "type": "Point",
        "coordinates": [
          118.453641,
          9.373422
        ]
      },
      "properties": {
        "id": 396,
        "name": "START OF EARTH CANAL",
        "type": "Station",
        "Structure_Category": "Other Structures",
        "canal_name": "LATERAL B-NORTH",
        "station": "STA 0+020.1",
        "station_m": 20.09,
        "offset_m": 0,
        "ele": -3.06,
        "desc": "",
        "comment": "",
        "images": "1000GRMN/DSC00112.jpg",
        "elevation_m": -3.06,
        "photo_filename": "DSC00112.jpg",
        "photo_path": "1000GRMN/DSC00112.jpg",
        "surveyor_comment": null,
        "survey_date": "2023-9-1"
      }
    },
    {
      "type": "Feature",
      "geometry": {
        "type": "Point",
        "coordinates": [
          118.49503,
          9.364774
        ]
      },
      "properties": {
        "id": 350,
        "name": "DRAINAGE CROSSING",
        "type": "Drainage",
        "Structure_Category": "Drainage",
        "canal_name": "LATERAL A-NORTH-2",
        "station": "STA 0+295.9",
        "station_m": 295.92,
        "offset_m": 0,
        "ele": 29.19,
        "desc": "",
        "comment": "",
        "images": "1000GRMN/DSC00399.jpg",
        "elevation_m": 29.19,
        "photo_filename": "DSC00399.jpg",
        "photo_path": "1000GRMN/DSC00399.jpg",
        "surveyor_comment": null,
        "survey_date": "2023-8-30"
      }
    },
    {
      "type": "Feature",
      "geometry": {
        "type": "Point",
        "coordinates": [
          118.456117,
          9.370651
        ]
      },
      "properties": {
        "id": 400,
        "name": "CHECK STRUCTURE",
        "type": "Check Structure",
        "Structure_Category": "Check Gate",
        "canal_name": "LATERAL B-NORTH",
        "station": "STA 0+432.6",
        "station_m": 432.55,
        "offset_m": 0.58,
        "ele": -3.08,
        "desc": "",
        "comment": "",
        "images": "1000GRMN/DSC00116.jpg",
        "elevation_m": -3.08,
        "photo_filename": "DSC00116.jpg",
        "photo_path": "1000GRMN/DSC00116.jpg",
        "surveyor_comment": null,
        "survey_date": "2023-9-1"
      }
    },
    {
      "type": "Feature",
      "geometry": {
        "type": "Point",
        "coordinates": [
          118.456127,
          9.37063
        ]
      },
      "properties": {
        "id": 401,
        "name": "THRESHER CROSSING COMB. V-DROP",
        "type": "Thresher Crossing",
        "Structure_Category": "Thresher Crossing",
        "canal_name": "LATERAL B-NORTH",
        "station": "STA 0+435.1",
        "station_m": 435.06,
        "offset_m": 0,
        "ele": -3.08,
        "desc": "",
        "comment": "",
        "images": "1000GRMN/DSC00117.jpg",
        "elevation_m": -3.08,
        "photo_filename": "DSC00117.jpg",
        "photo_path": "1000GRMN/DSC00117.jpg",
        "surveyor_comment": null,
        "survey_date": "2023-9-1"
      }
    },
    {
      "type": "Feature",
      "geometry": {
        "type": "Point",
        "coordinates": [
          118.457067,
          9.369446
        ]
      },
      "properties": {
        "id": 402,
        "name": "DRAINAGE INLET",
        "type": "Drainage",
        "Structure_Category": "Drainage",
        "canal_name": "LATERAL B-NORTH",
        "station": "STA 0+602.3",
        "station_m": 602.27,
        "offset_m": 0,
        "ele": -3.08,
        "desc": "",
        "comment": "",
        "images": "1000GRMN/DSC00118.jpg",
        "elevation_m": -3.08,
        "photo_filename": "DSC00118.jpg",
        "photo_path": "1000GRMN/DSC00118.jpg",
        "surveyor_comment": null,
        "survey_date": "2023-9-1"
      }
    },
    {
      "type": "Feature",
      "geometry": {
        "type": "Point",
        "coordinates": [
          118.455354,
          9.371598
        ]
      },
      "properties": {
        "id": 398,
        "name": "UNAUTHORIZED TURNOUT",
        "type": "Unauthorized Turnout",
        "Structure_Category": "Turnout (TO)",
        "canal_name": "LATERAL B-NORTH",
        "station": "STA 0+298.1",
        "station_m": 298.05,
        "offset_m": 0,
        "ele": -3.07,
        "desc": "",
        "comment": "",
        "images": "1000GRMN/DSC00114.jpg",
        "elevation_m": -3.07,
        "photo_filename": "DSC00114.jpg",
        "photo_path": "1000GRMN/DSC00114.jpg",
        "surveyor_comment": null,
        "survey_date": "2023-9-1"
      }
    },
    {
      "type": "Feature",
      "geometry": {
        "type": "Point",
        "coordinates": [
          118.505973,
          9.361668
        ]
      },
      "properties": {
        "id": 349,
        "name": "RCP CROSSING",
        "type": "Thresher Crossing",
        "Structure_Category": "Thresher Crossing",
        "canal_name": "LATERAL A-NORTH-2",
        "station": "STA 1+554.9",
        "station_m": 1554.94,
        "offset_m": 0,
        "ele": 23.59,
        "desc": "",
        "comment": "",
        "images": "1000GRMN/DSC00398.jpg",
        "elevation_m": 23.59,
        "photo_filename": "DSC00398.jpg",
        "photo_path": "1000GRMN/DSC00398.jpg",
        "surveyor_comment": null,
        "survey_date": "2023-8-30"
      }
    },
    {
      "type": "Feature",
      "geometry": {
        "type": "Point",
        "coordinates": [
          118.506304,
          9.361243
        ]
      },
      "properties": {
        "id": 348,
        "name": "RCP CROSSING",
        "type": "Thresher Crossing",
        "Structure_Category": "Thresher Crossing",
        "canal_name": "LATERAL A-NORTH-2",
        "station": "STA 1+614.5",
        "station_m": 1614.53,
        "offset_m": 0,
        "ele": 20.35,
        "desc": "",
        "comment": "",
        "images": "1000GRMN/DSC00397.jpg",
        "elevation_m": 20.35,
        "photo_filename": "DSC00397.jpg",
        "photo_path": "1000GRMN/DSC00397.jpg",
        "surveyor_comment": null,
        "survey_date": "2023-8-30"
      }
    },
    {
      "type": "Feature",
      "geometry": {
        "type": "Point",
        "coordinates": [
          118.512313,
          9.35964
        ]
      },
      "properties": {
        "id": 345,
        "name": "RCP CART CROSSING",
        "type": "Thresher Crossing",
        "Structure_Category": "Thresher Crossing",
        "canal_name": "LATERAL A-NORTH-2",
        "station": "STA 2+378.6",
        "station_m": 2378.58,
        "offset_m": 0,
        "ele": 20.31,
        "desc": "",
        "comment": "",
        "images": "1000GRMN/DSC00394.jpg",
        "elevation_m": 20.31,
        "photo_filename": "DSC00394.jpg",
        "photo_path": "1000GRMN/DSC00394.jpg",
        "surveyor_comment": null,
        "survey_date": "2023-8-30"
      }
    },
    {
      "type": "Feature",
      "geometry": {
        "type": "Point",
        "coordinates": [
          118.462655,
          9.387535
        ]
      },
      "properties": {
        "id": 352,
        "name": "START TRAPEZOIDAL CANAL",
        "type": "Station",
        "Structure_Category": "Other Structures",
        "canal_name": "LATERAL A-NORTH-1",
        "station": "STA 0+004.6",
        "station_m": 4.59,
        "offset_m": 0,
        "ele": 55.29,
        "desc": "",
        "comment": "",
        "images": "1000GRMN/DSC00107.jpg",
        "elevation_m": 55.29,
        "photo_filename": "DSC00107.jpg",
        "photo_path": "1000GRMN/DSC00107.jpg",
        "surveyor_comment": null,
        "survey_date": "2023-8-31"
      }
    },
    {
      "type": "Feature",
      "geometry": {
        "type": "Point",
        "coordinates": [
          118.462881,
          9.387386
        ]
      },
      "properties": {
        "id": 353,
        "name": "PARSHALL FLUME",
        "type": "Water Gauge",
        "Structure_Category": "Parshall Flume",
        "canal_name": "LATERAL A-NORTH-1",
        "station": "STA 0+034.5",
        "station_m": 34.47,
        "offset_m": 0,
        "ele": 55.29,
        "desc": "",
        "comment": "",
        "images": "1000GRMN/DSC00108.jpg",
        "elevation_m": 55.29,
        "photo_filename": "DSC00108.jpg",
        "photo_path": "1000GRMN/DSC00108.jpg",
        "surveyor_comment": null,
        "survey_date": "2023-8-31"
      }
    },
    {
      "type": "Feature",
      "geometry": {
        "type": "Point",
        "coordinates": [
          118.463488,
          9.386748
        ]
      },
      "properties": {
        "id": 355,
        "name": "END TRAPEZOIDAL CANAL/ START V-LINING",
        "type": "Station",
        "Structure_Category": "Other Structures",
        "canal_name": "LATERAL A-NORTH-1",
        "station": "STA 0+134.2",
        "station_m": 134.15,
        "offset_m": 0,
        "ele": 55.29,
        "desc": "",
        "comment": "",
        "images": "1000GRMN/DSC00110.jpg",
        "elevation_m": 55.29,
        "photo_filename": "DSC00110.jpg",
        "photo_path": "1000GRMN/DSC00110.jpg",
        "surveyor_comment": null,
        "survey_date": "2023-8-31"
      }
    },
    {
      "type": "Feature",
      "geometry": {
        "type": "Point",
        "coordinates": [
          118.46348,
          9.386677
        ]
      },
      "properties": {
        "id": 357,
        "name": "INCLINED DROP",
        "type": "Drop",
        "Structure_Category": "Drop",
        "canal_name": "LATERAL A-NORTH-1",
        "station": "STA 0+142.1",
        "station_m": 142.08,
        "offset_m": 0,
        "ele": 55.29,
        "desc": "",
        "comment": "",
        "images": "1000GRMN/DSC00112.jpg",
        "elevation_m": 55.29,
        "photo_filename": "DSC00112.jpg",
        "photo_path": "1000GRMN/DSC00112.jpg",
        "surveyor_comment": null,
        "survey_date": "2023-8-31"
      }
    },
    {
      "type": "Feature",
      "geometry": {
        "type": "Point",
        "coordinates": [
          118.46345,
          9.386576
        ]
      },
      "properties": {
        "id": 358,
        "name": "END V-LINING/ START TRAPEZOIDAL CANAL",
        "type": "Station",
        "Structure_Category": "Other Structures",
        "canal_name": "LATERAL A-NORTH-1",
        "station": "STA 0+153.8",
        "station_m": 153.75,
        "offset_m": 0,
        "ele": 55.29,
        "desc": "",
        "comment": "",
        "images": "1000GRMN/DSC00113.jpg",
        "elevation_m": 55.29,
        "photo_filename": "DSC00113.jpg",
        "photo_path": "1000GRMN/DSC00113.jpg",
        "surveyor_comment": null,
        "survey_date": "2023-8-31"
      }
    },
    {
      "type": "Feature",
      "geometry": {
        "type": "Point",
        "coordinates": [
          118.463384,
          9.386227
        ]
      },
      "properties": {
        "id": 359,
        "name": "END TRAPEZOIDAL CANAL",
        "type": "Station",
        "Structure_Category": "Other Structures",
        "canal_name": "LATERAL A-NORTH-1",
        "station": "STA 0+193.1",
        "station_m": 193.14,
        "offset_m": 0,
        "ele": 55.29,
        "desc": "",
        "comment": "",
        "images": "1000GRMN/DSC00114.jpg",
        "elevation_m": 55.29,
        "photo_filename": "DSC00114.jpg",
        "photo_path": "1000GRMN/DSC00114.jpg",
        "surveyor_comment": null,
        "survey_date": "2023-8-31"
      }
    },
    {
      "type": "Feature",
      "geometry": {
        "type": "Point",
        "coordinates": [
          118.463339,
          9.386159
        ]
      },
      "properties": {
        "id": 361,
        "name": "DRAINAGE INLET",
        "type": "Drainage",
        "Structure_Category": "Drainage",
        "canal_name": "LATERAL A-NORTH-1",
        "station": "STA 0+202.7",
        "station_m": 202.68,
        "offset_m": 0,
        "ele": 55.29,
        "desc": "",
        "comment": "",
        "images": "1000GRMN/DSC00116.jpg",
        "elevation_m": 55.29,
        "photo_filename": "DSC00116.jpg",
        "photo_path": "1000GRMN/DSC00116.jpg",
        "surveyor_comment": null,
        "survey_date": "2023-8-31"
      }
    },
    {
      "type": "Feature",
      "geometry": {
        "type": "Point",
        "coordinates": [
          118.463348,
          9.386198
        ]
      },
      "properties": {
        "id": 360,
        "name": "START EARTH CANAL",
        "type": "Station",
        "Structure_Category": "Other Structures",
        "canal_name": "LATERAL A-NORTH-1",
        "station": "STA 0+198.2",
        "station_m": 198.24,
        "offset_m": 0,
        "ele": 55.29,
        "desc": "",
        "comment": "",
        "images": "1000GRMN/DSC00115.jpg",
        "elevation_m": 55.29,
        "photo_filename": "DSC00115.jpg",
        "photo_path": "1000GRMN/DSC00115.jpg",
        "surveyor_comment": null,
        "survey_date": "2023-8-31"
      }
    },
    {
      "type": "Feature",
      "geometry": {
        "type": "Point",
        "coordinates": [
          118.462565,
          9.382727
        ]
      },
      "properties": {
        "id": 363,
        "name": "THRESHER CROSSING",
        "type": "Thresher Crossing",
        "Structure_Category": "Thresher Crossing",
        "canal_name": "LATERAL A-NORTH-1",
        "station": "STA 0+592.7",
        "station_m": 592.72,
        "offset_m": 0,
        "ele": 55.29,
        "desc": "",
        "comment": "",
        "images": "1000GRMN/DSC00118.jpg",
        "elevation_m": 55.29,
        "photo_filename": "DSC00118.jpg",
        "photo_path": "1000GRMN/DSC00118.jpg",
        "surveyor_comment": null,
        "survey_date": "2023-8-31"
      }
    },
    {
      "type": "Feature",
      "geometry": {
        "type": "Point",
        "coordinates": [
          118.46254,
          9.382676
        ]
      },
      "properties": {
        "id": 364,
        "name": "DRAINAGE INLET",
        "type": "Drainage",
        "Structure_Category": "Drainage",
        "canal_name": "LATERAL A-NORTH-1",
        "station": "STA 0+598.9",
        "station_m": 598.87,
        "offset_m": 1.32,
        "ele": 55.29,
        "desc": "",
        "comment": "",
        "images": "1000GRMN/DSC00119.jpg",
        "elevation_m": 55.29,
        "photo_filename": "DSC00119.jpg",
        "photo_path": "1000GRMN/DSC00119.jpg",
        "surveyor_comment": null,
        "survey_date": "2023-8-31"
      }
    },
    {
      "type": "Feature",
      "geometry": {
        "type": "Point",
        "coordinates": [
          118.463954,
          9.379621
        ]
      },
      "properties": {
        "id": 367,
        "name": "UNAUTHORIZED TURNOUT",
        "type": "Unauthorized Turnout",
        "Structure_Category": "Turnout (TO)",
        "canal_name": "LATERAL A-NORTH-1",
        "station": "STA 1+008.8",
        "station_m": 1008.8,
        "offset_m": 4.73,
        "ele": 55.29,
        "desc": "",
        "comment": "",
        "images": "1000GRMN/DSC00122.jpg",
        "elevation_m": 55.29,
        "photo_filename": "DSC00122.jpg",
        "photo_path": "1000GRMN/DSC00122.jpg",
        "surveyor_comment": null,
        "survey_date": "2023-8-31"
      }
    },
    {
      "type": "Feature",
      "geometry": {
        "type": "Point",
        "coordinates": [
          118.501124,
          9.350568
        ]
      },
      "properties": {
        "id": 315,
        "name": "MTO#31-L/S-LAT AN",
        "type": "Turnout",
        "Structure_Category": "Turnout (TO)",
        "canal_name": "LATERAL A-NORTH",
        "station": "STA 8+816.2",
        "station_m": 8816.2,
        "offset_m": 0,
        "ele": 1.82,
        "desc": "",
        "comment": "",
        "images": "1000GRMN/DSC00364.jpg",
        "elevation_m": 1.82,
        "photo_filename": "DSC00364.jpg",
        "photo_path": "1000GRMN/DSC00364.jpg",
        "surveyor_comment": null,
        "survey_date": "2023-8-30"
      }
    },
    {
      "type": "Feature",
      "geometry": {
        "type": "Point",
        "coordinates": [
          118.463494,
          9.386686
        ]
      },
      "properties": {
        "id": 356,
        "name": "MTO#2-L/S-LAT AN-1",
        "type": "Turnout",
        "Structure_Category": "Turnout (TO)",
        "canal_name": "LATERAL A-NORTH-1",
        "station": "STA 0+140.9",
        "station_m": 140.91,
        "offset_m": 1.42,
        "ele": 55.29,
        "desc": "",
        "comment": "",
        "images": "1000GRMN/DSC00111.jpg",
        "elevation_m": 55.29,
        "photo_filename": "DSC00111.jpg",
        "photo_path": "1000GRMN/DSC00111.jpg",
        "surveyor_comment": null,
        "survey_date": "2023-8-31"
      }
    },
    {
      "type": "Feature",
      "geometry": {
        "type": "Point",
        "coordinates": [
          118.46259,
          9.38273
        ]
      },
      "properties": {
        "id": 362,
        "name": "MTO#3-L/S-LAT AN-1",
        "type": "Turnout",
        "Structure_Category": "Turnout (TO)",
        "canal_name": "LATERAL A-NORTH-1",
        "station": "STA 0+591.8",
        "station_m": 591.79,
        "offset_m": 2.61,
        "ele": 55.29,
        "desc": "",
        "comment": "",
        "images": "1000GRMN/DSC00117.jpg",
        "elevation_m": 55.29,
        "photo_filename": "DSC00117.jpg",
        "photo_path": "1000GRMN/DSC00117.jpg",
        "surveyor_comment": null,
        "survey_date": "2023-8-31"
      }
    },
    {
      "type": "Feature",
      "geometry": {
        "type": "Point",
        "coordinates": [
          118.463928,
          9.37959
        ]
      },
      "properties": {
        "id": 366,
        "name": "MTO#4-R/S-LAT AN-1",
        "type": "Turnout",
        "Structure_Category": "Turnout (TO)",
        "canal_name": "LATERAL A-NORTH-1",
        "station": "STA 1+009.6",
        "station_m": 1009.56,
        "offset_m": 0.32,
        "ele": 55.29,
        "desc": "",
        "comment": "",
        "images": "1000GRMN/DSC00121.jpg",
        "elevation_m": 55.29,
        "photo_filename": "DSC00121.jpg",
        "photo_path": "1000GRMN/DSC00121.jpg",
        "surveyor_comment": null,
        "survey_date": "2023-8-31"
      }
    },
    {
      "type": "Feature",
      "geometry": {
        "type": "Point",
        "coordinates": [
          118.456125,
          9.370664
        ]
      },
      "properties": {
        "id": 399,
        "name": "MTO#1-R/S-LAT BN",
        "type": "Turnout",
        "Structure_Category": "Turnout (TO)",
        "canal_name": "LATERAL B-NORTH",
        "station": "STA 0+432.0",
        "station_m": 431.97,
        "offset_m": 2.17,
        "ele": -3.08,
        "desc": "",
        "comment": "",
        "images": "1000GRMN/DSC00115.jpg",
        "elevation_m": -3.08,
        "photo_filename": "DSC00115.jpg",
        "photo_path": "1000GRMN/DSC00115.jpg",
        "surveyor_comment": null,
        "survey_date": "2023-9-1"
      }
    },
    {
      "type": "Feature",
      "geometry": {
        "type": "Point",
        "coordinates": [
          118.496119,
          9.364648
        ]
      },
      "properties": {
        "id": 322,
        "name": "MTO#1-L/S-LAT AN-2",
        "type": "Turnout",
        "Structure_Category": "Turnout (TO)",
        "canal_name": "LATERAL A-NORTH-2",
        "station": "STA 0+416.6",
        "station_m": 416.62,
        "offset_m": 3.35,
        "ele": 28.4,
        "desc": "",
        "comment": "",
        "images": "1000GRMN/DSC00371.jpg",
        "elevation_m": 28.4,
        "photo_filename": "DSC00371.jpg",
        "photo_path": "1000GRMN/DSC00371.jpg",
        "surveyor_comment": null,
        "survey_date": "2023-8-30"
      }
    },
    {
      "type": "Feature",
      "geometry": {
        "type": "Point",
        "coordinates": [
          118.49611,
          9.364591
        ]
      },
      "properties": {
        "id": 323,
        "name": "MTO#2-R/S-LAT AN-2",
        "type": "Turnout",
        "Structure_Category": "Turnout (TO)",
        "canal_name": "LATERAL A-NORTH-2",
        "station": "STA 0+416.6",
        "station_m": 416.55,
        "offset_m": 3.05,
        "ele": 28.41,
        "desc": "",
        "comment": "",
        "images": "1000GRMN/DSC00372.jpg",
        "elevation_m": 28.41,
        "photo_filename": "DSC00372.jpg",
        "photo_path": "1000GRMN/DSC00372.jpg",
        "surveyor_comment": null,
        "survey_date": "2023-8-30"
      }
    },
    {
      "type": "Feature",
      "geometry": {
        "type": "Point",
        "coordinates": [
          118.501185,
          9.363214
        ]
      },
      "properties": {
        "id": 329,
        "name": "MTO#3-L/S-LAT AN-2",
        "type": "Turnout",
        "Structure_Category": "Turnout (TO)",
        "canal_name": "LATERAL A-NORTH-2",
        "station": "STA 0+996.6",
        "station_m": 996.64,
        "offset_m": 2.63,
        "ele": 27.92,
        "desc": "",
        "comment": "",
        "images": "1000GRMN/DSC00378.jpg",
        "elevation_m": 27.92,
        "photo_filename": "DSC00378.jpg",
        "photo_path": "1000GRMN/DSC00378.jpg",
        "surveyor_comment": null,
        "survey_date": "2023-8-30"
      }
    },
    {
      "type": "Feature",
      "geometry": {
        "type": "Point",
        "coordinates": [
          118.501179,
          9.363186
        ]
      },
      "properties": {
        "id": 330,
        "name": "MTO#4-R/S-LAT AN-2",
        "type": "Turnout",
        "Structure_Category": "Turnout (TO)",
        "canal_name": "LATERAL A-NORTH-2",
        "station": "STA 0+996.8",
        "station_m": 996.83,
        "offset_m": 0.53,
        "ele": 27.93,
        "desc": "",
        "comment": "",
        "images": "1000GRMN/DSC00379.jpg",
        "elevation_m": 27.93,
        "photo_filename": "DSC00379.jpg",
        "photo_path": "1000GRMN/DSC00379.jpg",
        "surveyor_comment": null,
        "survey_date": "2023-8-30"
      }
    },
    {
      "type": "Feature",
      "geometry": {
        "type": "Point",
        "coordinates": [
          118.504056,
          9.362507
        ]
      },
      "properties": {
        "id": 333,
        "name": "MTO#5-L/S-LAT AN-2",
        "type": "Turnout",
        "Structure_Category": "Turnout (TO)",
        "canal_name": "LATERAL A-NORTH-2",
        "station": "STA 1+322.4",
        "station_m": 1322.4,
        "offset_m": 1.38,
        "ele": 22.92,
        "desc": "",
        "comment": "",
        "images": "1000GRMN/DSC00382.jpg",
        "elevation_m": 22.92,
        "photo_filename": "DSC00382.jpg",
        "photo_path": "1000GRMN/DSC00382.jpg",
        "surveyor_comment": null,
        "survey_date": "2023-8-30"
      }
    },
    {
      "type": "Feature",
      "geometry": {
        "type": "Point",
        "coordinates": [
          118.504907,
          9.362231
        ]
      },
      "properties": {
        "id": 334,
        "name": "MTO#6-L/S-LAT AN-2",
        "type": "Turnout",
        "Structure_Category": "Turnout (TO)",
        "canal_name": "LATERAL A-NORTH-2",
        "station": "STA 1+421.0",
        "station_m": 1420.99,
        "offset_m": 1.92,
        "ele": 22.93,
        "desc": "",
        "comment": "",
        "images": "1000GRMN/DSC00383.jpg",
        "elevation_m": 22.93,
        "photo_filename": "DSC00383.jpg",
        "photo_path": "1000GRMN/DSC00383.jpg",
        "surveyor_comment": null,
        "survey_date": "2023-8-30"
      }
    },
    {
      "type": "Feature",
      "geometry": {
        "type": "Point",
        "coordinates": [
          118.504891,
          9.362207
        ]
      },
      "properties": {
        "id": 335,
        "name": "MTO#7-R/S-LAT AN-2",
        "type": "Turnout",
        "Structure_Category": "Turnout (TO)",
        "canal_name": "LATERAL A-NORTH-2",
        "station": "STA 1+420.2",
        "station_m": 1420.16,
        "offset_m": 1.16,
        "ele": 22.93,
        "desc": "",
        "comment": "",
        "images": "1000GRMN/DSC00384.jpg",
        "elevation_m": 22.93,
        "photo_filename": "DSC00384.jpg",
        "photo_path": "1000GRMN/DSC00384.jpg",
        "surveyor_comment": null,
        "survey_date": "2023-8-30"
      }
    },
    {
      "type": "Feature",
      "geometry": {
        "type": "Point",
        "coordinates": [
          118.508565,
          9.359215
        ]
      },
      "properties": {
        "id": 340,
        "name": "MTO#8-L/S-LAT AN-2",
        "type": "Turnout",
        "Structure_Category": "Turnout (TO)",
        "canal_name": "LATERAL A-NORTH-2",
        "station": "STA 1+957.5",
        "station_m": 1957.53,
        "offset_m": 1.74,
        "ele": 20.32,
        "desc": "",
        "comment": "",
        "images": "1000GRMN/DSC00389.jpg",
        "elevation_m": 20.32,
        "photo_filename": "DSC00389.jpg",
        "photo_path": "1000GRMN/DSC00389.jpg",
        "surveyor_comment": null,
        "survey_date": "2023-8-30"
      }
    },
    {
      "type": "Feature",
      "geometry": {
        "type": "Point",
        "coordinates": [
          118.509273,
          9.359218
        ]
      },
      "properties": {
        "id": 342,
        "name": "MTO#9-R/S-LAT AN-2",
        "type": "Turnout",
        "Structure_Category": "Turnout (TO)",
        "canal_name": "LATERAL A-NORTH-2",
        "station": "STA 2+036.7",
        "station_m": 2036.73,
        "offset_m": 0.77,
        "ele": 20.32,
        "desc": "",
        "comment": "",
        "images": "1000GRMN/DSC00391.jpg",
        "elevation_m": 20.32,
        "photo_filename": "DSC00391.jpg",
        "photo_path": "1000GRMN/DSC00391.jpg",
        "surveyor_comment": null,
        "survey_date": "2023-8-30"
      }
    },
    {
      "type": "Feature",
      "geometry": {
        "type": "Point",
        "coordinates": [
          118.510695,
          9.359614
        ]
      },
      "properties": {
        "id": 344,
        "name": "MTO#10-R/S-LAT AN-2",
        "type": "Turnout",
        "Structure_Category": "Turnout (TO)",
        "canal_name": "LATERAL A-NORTH-2",
        "station": "STA 2+200.4",
        "station_m": 2200.36,
        "offset_m": 0,
        "ele": 20.31,
        "desc": "",
        "comment": "",
        "images": "1000GRMN/DSC00393.jpg",
        "elevation_m": 20.31,
        "photo_filename": "DSC00393.jpg",
        "photo_path": "1000GRMN/DSC00393.jpg",
        "surveyor_comment": null,
        "survey_date": "2023-8-30"
      }
    },
    {
      "type": "Feature",
      "geometry": {
        "type": "Point",
        "coordinates": [
          118.512432,
          9.359635
        ]
      },
      "properties": {
        "id": 346,
        "name": "MTO#11-R/S-LAT AN-2",
        "type": "Turnout",
        "Structure_Category": "Turnout (TO)",
        "canal_name": "LATERAL A-NORTH-2",
        "station": "STA 2+391.7",
        "station_m": 2391.7,
        "offset_m": 0.44,
        "ele": 20.32,
        "desc": "",
        "comment": "",
        "images": "1000GRMN/DSC00395.jpg",
        "elevation_m": 20.32,
        "photo_filename": "DSC00395.jpg",
        "photo_path": "1000GRMN/DSC00395.jpg",
        "surveyor_comment": null,
        "survey_date": "2023-8-30"
      }
    },
    {
      "type": "Feature",
      "geometry": {
        "type": "Point",
        "coordinates": [
          118.463931,
          9.379582
        ]
      },
      "properties": {
        "id": 368,
        "name": "THRESHER CROSSING",
        "type": "Thresher Crossing",
        "Structure_Category": "Thresher Crossing",
        "canal_name": "LATERAL A-NORTH-1",
        "station": "STA 1+010.5",
        "station_m": 1010.45,
        "offset_m": 0,
        "ele": 55.29,
        "desc": "",
        "comment": "",
        "images": "1000GRMN/DSC00123.jpg",
        "elevation_m": 55.29,
        "photo_filename": "DSC00123.jpg",
        "photo_path": "1000GRMN/DSC00123.jpg",
        "surveyor_comment": null,
        "survey_date": "2023-8-31"
      }
    },
    {
      "type": "Feature",
      "geometry": {
        "type": "Point",
        "coordinates": [
          118.464592,
          9.378823
        ]
      },
      "properties": {
        "id": 369,
        "name": "ROAD CROSSING",
        "type": "Road Crossing",
        "Structure_Category": "Road Crossing",
        "canal_name": "LATERAL A-NORTH-1",
        "station": "STA 1+121.7",
        "station_m": 1121.74,
        "offset_m": 0,
        "ele": 55.28,
        "desc": "",
        "comment": "",
        "images": "1000GRMN/DSC00124.jpg",
        "elevation_m": 55.28,
        "photo_filename": "DSC00124.jpg",
        "photo_path": "1000GRMN/DSC00124.jpg",
        "surveyor_comment": null,
        "survey_date": "2023-8-31"
      }
    },
    {
      "type": "Feature",
      "geometry": {
        "type": "Point",
        "coordinates": [
          118.465367,
          9.377767
        ]
      },
      "properties": {
        "id": 370,
        "name": "TURNOUT",
        "type": "Turnout",
        "Structure_Category": "Turnout (TO)",
        "canal_name": "LATERAL A-NORTH-1",
        "station": "STA 1+266.7",
        "station_m": 1266.65,
        "offset_m": 0,
        "ele": 55.29,
        "desc": "",
        "comment": "",
        "images": "1000GRMN/DSC00125.jpg",
        "elevation_m": 55.29,
        "photo_filename": "DSC00125.jpg",
        "photo_path": "1000GRMN/DSC00125.jpg",
        "surveyor_comment": null,
        "survey_date": "2023-8-31"
      }
    },
    {
      "type": "Feature",
      "geometry": {
        "type": "Point",
        "coordinates": [
          118.466558,
          9.37604
        ]
      },
      "properties": {
        "id": 371,
        "name": "END EARTH CANAL/ START V-LINING",
        "type": "Station",
        "Structure_Category": "Other Structures",
        "canal_name": "LATERAL A-NORTH-1",
        "station": "STA 1+498.8",
        "station_m": 1498.79,
        "offset_m": 0,
        "ele": 55.28,
        "desc": "",
        "comment": "",
        "images": "1000GRMN/DSC00127.jpg",
        "elevation_m": 55.28,
        "photo_filename": "DSC00127.jpg",
        "photo_path": "1000GRMN/DSC00127.jpg",
        "surveyor_comment": null,
        "survey_date": "2023-8-31"
      }
    },
    {
      "type": "Feature",
      "geometry": {
        "type": "Point",
        "coordinates": [
          118.46679,
          9.375723
        ]
      },
      "properties": {
        "id": 372,
        "name": "DRAINAGE CROSSING",
        "type": "Drainage",
        "Structure_Category": "Drainage",
        "canal_name": "LATERAL A-NORTH-1",
        "station": "STA 1+542.2",
        "station_m": 1542.25,
        "offset_m": 0,
        "ele": 47.77,
        "desc": "",
        "comment": "",
        "images": "1000GRMN/DSC00128.jpg",
        "elevation_m": 47.77,
        "photo_filename": "DSC00128.jpg",
        "photo_path": "1000GRMN/DSC00128.jpg",
        "surveyor_comment": null,
        "survey_date": "2023-8-31"
      }
    },
    {
      "type": "Feature",
      "geometry": {
        "type": "Point",
        "coordinates": [
          118.466984,
          9.375464
        ]
      },
      "properties": {
        "id": 376,
        "name": "END V-LINING/ START EARTH CANAL",
        "type": "Station",
        "Structure_Category": "Other Structures",
        "canal_name": "LATERAL A-NORTH-1",
        "station": "STA 1+578.1",
        "station_m": 1578.08,
        "offset_m": 0,
        "ele": 47.76,
        "desc": "",
        "comment": "",
        "images": "1000GRMN/DSC00132.jpg",
        "elevation_m": 47.76,
        "photo_filename": "DSC00132.jpg",
        "photo_path": "1000GRMN/DSC00132.jpg",
        "surveyor_comment": null,
        "survey_date": "2023-8-31"
      }
    },
    {
      "type": "Feature",
      "geometry": {
        "type": "Point",
        "coordinates": [
          118.466959,
          9.375505
        ]
      },
      "properties": {
        "id": 375,
        "name": "VERTICAL DROP",
        "type": "Drop",
        "Structure_Category": "Drop",
        "canal_name": "LATERAL A-NORTH-1",
        "station": "STA 1+572.8",
        "station_m": 1572.76,
        "offset_m": 0,
        "ele": 47.76,
        "desc": "",
        "comment": "",
        "images": "1000GRMN/DSC00131.jpg",
        "elevation_m": 47.76,
        "photo_filename": "DSC00131.jpg",
        "photo_path": "1000GRMN/DSC00131.jpg",
        "surveyor_comment": null,
        "survey_date": "2023-8-31"
      }
    },
    {
      "type": "Feature",
      "geometry": {
        "type": "Point",
        "coordinates": [
          118.468852,
          9.372801
        ]
      },
      "properties": {
        "id": 379,
        "name": "ROAD CROSSING COMB. VERTICAL DROP",
        "type": "Road Crossing",
        "Structure_Category": "Road Crossing",
        "canal_name": "LATERAL A-NORTH-1",
        "station": "STA 1+938.1",
        "station_m": 1938.09,
        "offset_m": 0,
        "ele": 47.76,
        "desc": "",
        "comment": "",
        "images": "1000GRMN/DSC00135.jpg",
        "elevation_m": 47.76,
        "photo_filename": "DSC00135.jpg",
        "photo_path": "1000GRMN/DSC00135.jpg",
        "surveyor_comment": null,
        "survey_date": "2023-8-31"
      }
    },
    {
      "type": "Feature",
      "geometry": {
        "type": "Point",
        "coordinates": [
          118.471095,
          9.369292
        ]
      },
      "properties": {
        "id": 383,
        "name": "THRESHER CROSSING COMB. VERTICAL DROP",
        "type": "Thresher Crossing",
        "Structure_Category": "Thresher Crossing",
        "canal_name": "LATERAL A-NORTH-1",
        "station": "STA 2+399.6",
        "station_m": 2399.57,
        "offset_m": 0,
        "ele": 47.76,
        "desc": "",
        "comment": "",
        "images": "1000GRMN/DSC00139.jpg",
        "elevation_m": 47.76,
        "photo_filename": "DSC00139.jpg",
        "photo_path": "1000GRMN/DSC00139.jpg",
        "surveyor_comment": null,
        "survey_date": "2023-8-31"
      }
    },
    {
      "type": "Feature",
      "geometry": {
        "type": "Point",
        "coordinates": [
          118.47263,
          9.366678
        ]
      },
      "properties": {
        "id": 384,
        "name": "END EARTH CANAL/ START V-LINING",
        "type": "Station",
        "Structure_Category": "Other Structures",
        "canal_name": "LATERAL A-NORTH-1",
        "station": "STA 2+735.2",
        "station_m": 2735.16,
        "offset_m": 0,
        "ele": 47.75,
        "desc": "",
        "comment": "",
        "images": "1000GRMN/DSC00140.jpg",
        "elevation_m": 47.75,
        "photo_filename": "DSC00140.jpg",
        "photo_path": "1000GRMN/DSC00140.jpg",
        "surveyor_comment": null,
        "survey_date": "2023-8-31"
      }
    },
    {
      "type": "Feature",
      "geometry": {
        "type": "Point",
        "coordinates": [
          118.472639,
          9.36665
        ]
      },
      "properties": {
        "id": 385,
        "name": "UNAUTHORIZED TURNOUT",
        "type": "Unauthorized Turnout",
        "Structure_Category": "Turnout (TO)",
        "canal_name": "LATERAL A-NORTH-1",
        "station": "STA 2+738.4",
        "station_m": 2738.39,
        "offset_m": 0.46,
        "ele": 47.76,
        "desc": "",
        "comment": "",
        "images": "1000GRMN/DSC00141.jpg",
        "elevation_m": 47.76,
        "photo_filename": "DSC00141.jpg",
        "photo_path": "1000GRMN/DSC00141.jpg",
        "surveyor_comment": null,
        "survey_date": "2023-8-31"
      }
    },
    {
      "type": "Feature",
      "geometry": {
        "type": "Point",
        "coordinates": [
          118.4727,
          9.366568
        ]
      },
      "properties": {
        "id": 386,
        "name": "ROAD CROSSING COMB. VERTICAL DROP",
        "type": "Road Crossing",
        "Structure_Category": "Road Crossing",
        "canal_name": "LATERAL A-NORTH-1",
        "station": "STA 2+749.5",
        "station_m": 2749.5,
        "offset_m": 1.64,
        "ele": 47.76,
        "desc": "",
        "comment": "",
        "images": "1000GRMN/DSC00142.jpg",
        "elevation_m": 47.76,
        "photo_filename": "DSC00142.jpg",
        "photo_path": "1000GRMN/DSC00142.jpg",
        "surveyor_comment": null,
        "survey_date": "2023-8-31"
      }
    },
    {
      "type": "Feature",
      "geometry": {
        "type": "Point",
        "coordinates": [
          118.472716,
          9.366471
        ]
      },
      "properties": {
        "id": 387,
        "name": "END V-LINING/ START EARTH CANAL",
        "type": "Station",
        "Structure_Category": "Other Structures",
        "canal_name": "LATERAL A-NORTH-1",
        "station": "STA 2+760.1",
        "station_m": 2760.05,
        "offset_m": 0,
        "ele": 47.76,
        "desc": "",
        "comment": "",
        "images": "1000GRMN/DSC00143.jpg",
        "elevation_m": 47.76,
        "photo_filename": "DSC00143.jpg",
        "photo_path": "1000GRMN/DSC00143.jpg",
        "surveyor_comment": null,
        "survey_date": "2023-8-31"
      }
    },
    {
      "type": "Feature",
      "geometry": {
        "type": "Point",
        "coordinates": [
          118.47358,
          9.364857
        ]
      },
      "properties": {
        "id": 389,
        "name": "DRAINAGE CROSSING",
        "type": "Drainage",
        "Structure_Category": "Drainage",
        "canal_name": "LATERAL A-NORTH-1",
        "station": "STA 2+963.6",
        "station_m": 2963.56,
        "offset_m": 0,
        "ele": 42.15,
        "desc": "",
        "comment": "",
        "images": "1000GRMN/DSC00145.jpg",
        "elevation_m": 42.15,
        "photo_filename": "DSC00145.jpg",
        "photo_path": "1000GRMN/DSC00145.jpg",
        "surveyor_comment": null,
        "survey_date": "2023-8-31"
      }
    },
    {
      "type": "Feature",
      "geometry": {
        "type": "Point",
        "coordinates": [
          118.474662,
          9.365033
        ]
      },
      "properties": {
        "id": 390,
        "name": "UNAUTHORIZED TURNOUT",
        "type": "Unauthorized Turnout",
        "Structure_Category": "Turnout (TO)",
        "canal_name": "LATERAL A-NORTH-1",
        "station": "STA 3+099.9",
        "station_m": 3099.91,
        "offset_m": 0,
        "ele": 42.14,
        "desc": "",
        "comment": "",
        "images": "1000GRMN/DSC00146.jpg",
        "elevation_m": 42.14,
        "photo_filename": "DSC00146.jpg",
        "photo_path": "1000GRMN/DSC00146.jpg",
        "surveyor_comment": null,
        "survey_date": "2023-8-31"
      }
    },
    {
      "type": "Feature",
      "geometry": {
        "type": "Point",
        "coordinates": [
          118.475555,
          9.364219
        ]
      },
      "properties": {
        "id": 391,
        "name": "CART CROSSING",
        "type": "Thresher Crossing",
        "Structure_Category": "Thresher Crossing",
        "canal_name": "LATERAL A-NORTH-1",
        "station": "STA 3+233.4",
        "station_m": 3233.41,
        "offset_m": 0,
        "ele": 42.14,
        "desc": "",
        "comment": "",
        "images": "1000GRMN/DSC00147.jpg",
        "elevation_m": 42.14,
        "photo_filename": "DSC00147.jpg",
        "photo_path": "1000GRMN/DSC00147.jpg",
        "surveyor_comment": null,
        "survey_date": "2023-8-31"
      }
    },
    {
      "type": "Feature",
      "geometry": {
        "type": "Point",
        "coordinates": [
          118.476167,
          9.363705
        ]
      },
      "properties": {
        "id": 392,
        "name": "CART CROSSING",
        "type": "Thresher Crossing",
        "Structure_Category": "Thresher Crossing",
        "canal_name": "LATERAL A-NORTH-1",
        "station": "STA 3+321.7",
        "station_m": 3321.69,
        "offset_m": 0,
        "ele": 42.13,
        "desc": "",
        "comment": "",
        "images": "1000GRMN/DSC00148.jpg",
        "elevation_m": 42.13,
        "photo_filename": "DSC00148.jpg",
        "photo_path": "1000GRMN/DSC00148.jpg",
        "surveyor_comment": null,
        "survey_date": "2023-8-31"
      }
    },
    {
      "type": "Feature",
      "geometry": {
        "type": "Point",
        "coordinates": [
          118.476929,
          9.363016
        ]
      },
      "properties": {
        "id": 394,
        "name": "END VERTICAL LINING/ END CHECK",
        "type": "Station",
        "Structure_Category": "Other Structures",
        "canal_name": "LATERAL A-NORTH-1",
        "station": "STA 3+435.2",
        "station_m": 3435.19,
        "offset_m": 0,
        "ele": 42.14,
        "desc": "",
        "comment": "",
        "images": "1000GRMN/DSC00150.jpg",
        "elevation_m": 42.14,
        "photo_filename": "DSC00150.jpg",
        "photo_path": "1000GRMN/DSC00150.jpg",
        "surveyor_comment": null,
        "survey_date": "2023-8-31"
      }
    },
    {
      "type": "Feature",
      "geometry": {
        "type": "Point",
        "coordinates": [
          118.427014,
          9.419796
        ]
      },
      "properties": {
        "id": 422,
        "name": "BULLCART CROSSING STA. 0+359.82",
        "type": "Thresher Crossing",
        "Structure_Category": "Thresher Crossing",
        "canal_name": "MANAILE MAIN CANAL",
        "station": "STA 0+354.2",
        "station_m": 354.18,
        "offset_m": 1.21,
        "ele": 58.14,
        "desc": "",
        "comment": "",
        "images": "1000GRMN/DSC00139.jpg",
        "elevation_m": 58.14,
        "photo_filename": "DSC00139.jpg",
        "photo_path": "1000GRMN/DSC00139.jpg",
        "surveyor_comment": null,
        "survey_date": "2023-9-4"
      }
    },
    {
      "type": "Feature",
      "geometry": {
        "type": "Point",
        "coordinates": [
          118.427083,
          9.419735
        ]
      },
      "properties": {
        "id": 426,
        "name": "CHECK STR. COMB. V-DROP STA. 0+369.96",
        "type": "Check Structure",
        "Structure_Category": "Check Gate",
        "canal_name": "MANAILE MAIN CANAL",
        "station": "STA 0+363.6",
        "station_m": 363.6,
        "offset_m": 4.18,
        "ele": 56.54,
        "desc": "",
        "comment": "",
        "images": "1000GRMN/DSC00143.jpg",
        "elevation_m": 56.54,
        "photo_filename": "DSC00143.jpg",
        "photo_path": "1000GRMN/DSC00143.jpg",
        "surveyor_comment": null,
        "survey_date": "2023-9-4"
      }
    },
    {
      "type": "Feature",
      "geometry": {
        "type": "Point",
        "coordinates": [
          118.427078,
          9.419662
        ]
      },
      "properties": {
        "id": 427,
        "name": "END TRAPEZOIDAL & START RECTANGULAR CANAL STA.0+376.24",
        "type": "Other Structures",
        "Structure_Category": "Other Structures",
        "canal_name": "MANAILE MAIN CANAL",
        "station": "STA 0+370.6",
        "station_m": 370.55,
        "offset_m": 0,
        "ele": 56.54,
        "desc": "",
        "comment": "",
        "images": "1000GRMN/DSC00144.jpg",
        "elevation_m": 56.54,
        "photo_filename": "DSC00144.jpg",
        "photo_path": "1000GRMN/DSC00144.jpg",
        "surveyor_comment": null,
        "survey_date": "2023-9-4"
      }
    },
    {
      "type": "Feature",
      "geometry": {
        "type": "Point",
        "coordinates": [
          118.427889,
          9.41868
        ]
      },
      "properties": {
        "id": 428,
        "name": "THRESHER CROSSING COMB. DROP STA.0+516.71",
        "type": "Thresher Crossing",
        "Structure_Category": "Thresher Crossing",
        "canal_name": "MANAILE MAIN CANAL",
        "station": "STA 0+511.5",
        "station_m": 511.47,
        "offset_m": 0,
        "ele": 56.54,
        "desc": "",
        "comment": "",
        "images": "1000GRMN/DSC00145.jpg",
        "elevation_m": 56.54,
        "photo_filename": "DSC00145.jpg",
        "photo_path": "1000GRMN/DSC00145.jpg",
        "surveyor_comment": null,
        "survey_date": "2023-9-4"
      }
    },
    {
      "type": "Feature",
      "geometry": {
        "type": "Point",
        "coordinates": [
          118.427079,
          9.419786
        ]
      },
      "properties": {
        "id": 423,
        "name": "HD. GATE LAT.-A STA. 0+365.38",
        "type": "Head Gate",
        "Structure_Category": "Head Gate",
        "canal_name": "MANAILE LATERAL A",
        "station": "STA 0+006.9",
        "station_m": 6.91,
        "offset_m": 0,
        "ele": 56.57,
        "desc": "",
        "comment": "",
        "images": "1000GRMN/DSC00140.jpg",
        "elevation_m": 56.57,
        "photo_filename": "DSC00140.jpg",
        "photo_path": "1000GRMN/DSC00140.jpg",
        "surveyor_comment": null,
        "survey_date": "2023-9-4"
      }
    },
    {
      "type": "Feature",
      "geometry": {
        "type": "Point",
        "coordinates": [
          118.429084,
          9.416511
        ]
      },
      "properties": {
        "id": 430,
        "name": "CART CROSSING STA.0+793.16",
        "type": "Thresher Crossing",
        "Structure_Category": "Thresher Crossing",
        "canal_name": "MANAILE MAIN CANAL",
        "station": "STA 0+789.5",
        "station_m": 789.55,
        "offset_m": 0,
        "ele": 49.6,
        "desc": "",
        "comment": "",
        "images": "1000GRMN/DSC00147.jpg",
        "elevation_m": 49.6,
        "photo_filename": "DSC00147.jpg",
        "photo_path": "1000GRMN/DSC00147.jpg",
        "surveyor_comment": null,
        "survey_date": "2023-9-4"
      }
    },
    {
      "type": "Feature",
      "geometry": {
        "type": "Point",
        "coordinates": [
          118.429148,
          9.416383
        ]
      },
      "properties": {
        "id": 431,
        "name": "V-DROP STA. 0+808.97",
        "type": "Drop",
        "Structure_Category": "Drop",
        "canal_name": "MANAILE MAIN CANAL",
        "station": "STA 0+805.4",
        "station_m": 805.4,
        "offset_m": 0,
        "ele": 47.22,
        "desc": "",
        "comment": "",
        "images": "1000GRMN/DSC00148.jpg",
        "elevation_m": 47.22,
        "photo_filename": "DSC00148.jpg",
        "photo_path": "1000GRMN/DSC00148.jpg",
        "surveyor_comment": null,
        "survey_date": "2023-9-4"
      }
    },
    {
      "type": "Feature",
      "geometry": {
        "type": "Point",
        "coordinates": [
          118.429683,
          9.415268
        ]
      },
      "properties": {
        "id": 433,
        "name": "INCLINED DROP STA. 0+945.96",
        "type": "Drop",
        "Structure_Category": "Drop",
        "canal_name": "MANAILE MAIN CANAL",
        "station": "STA 0+942.9",
        "station_m": 942.88,
        "offset_m": 0,
        "ele": 45.45,
        "desc": "",
        "comment": "",
        "images": "1000GRMN/DSC00150.jpg",
        "elevation_m": 45.45,
        "photo_filename": "DSC00150.jpg",
        "photo_path": "1000GRMN/DSC00150.jpg",
        "surveyor_comment": null,
        "survey_date": "2023-9-4"
      }
    },
    {
      "type": "Feature",
      "geometry": {
        "type": "Point",
        "coordinates": [
          118.42971,
          9.413016
        ]
      },
      "properties": {
        "id": 434,
        "name": "UNAUTHORIZED TURNOUT STA. 1+216.83",
        "type": "Unauthorized Turnout",
        "Structure_Category": "Turnout (TO)",
        "canal_name": "MANAILE MAIN CANAL",
        "station": "STA 1+213.8",
        "station_m": 1213.78,
        "offset_m": 0,
        "ele": 41.07,
        "desc": "",
        "comment": "",
        "images": "1000GRMN/DSC00151.jpg",
        "elevation_m": 41.07,
        "photo_filename": "DSC00151.jpg",
        "photo_path": "1000GRMN/DSC00151.jpg",
        "surveyor_comment": null,
        "survey_date": "2023-9-4"
      }
    },
    {
      "type": "Feature",
      "geometry": {
        "type": "Point",
        "coordinates": [
          118.429731,
          9.412774
        ]
      },
      "properties": {
        "id": 436,
        "name": "CART CROSSNG STA. 1+243.71",
        "type": "Thresher Crossing",
        "Structure_Category": "Thresher Crossing",
        "canal_name": "MANAILE MAIN CANAL",
        "station": "STA 1+240.8",
        "station_m": 1240.79,
        "offset_m": 0,
        "ele": 40.95,
        "desc": "",
        "comment": "",
        "images": "1000GRMN/DSC00153.jpg",
        "elevation_m": 40.95,
        "photo_filename": "DSC00153.jpg",
        "photo_path": "1000GRMN/DSC00153.jpg",
        "surveyor_comment": null,
        "survey_date": "2023-9-4"
      }
    },
    {
      "type": "Feature",
      "geometry": {
        "type": "Point",
        "coordinates": [
          118.429736,
          9.412736
        ]
      },
      "properties": {
        "id": 437,
        "name": "INCLINED DROP STA. 1+247.95",
        "type": "Drop",
        "Structure_Category": "Drop",
        "canal_name": "MANAILE MAIN CANAL",
        "station": "STA 1+245.0",
        "station_m": 1245.04,
        "offset_m": 0,
        "ele": 40.95,
        "desc": "",
        "comment": "",
        "images": "1000GRMN/DSC00154.jpg",
        "elevation_m": 40.95,
        "photo_filename": "DSC00154.jpg",
        "photo_path": "1000GRMN/DSC00154.jpg",
        "surveyor_comment": null,
        "survey_date": "2023-9-4"
      }
    },
    {
      "type": "Feature",
      "geometry": {
        "type": "Point",
        "coordinates": [
          118.431318,
          9.411629
        ]
      },
      "properties": {
        "id": 438,
        "name": "INCLINED DROP STA. 1+470.93",
        "type": "Drop",
        "Structure_Category": "Drop",
        "canal_name": "MANAILE MAIN CANAL",
        "station": "STA 1+468.6",
        "station_m": 1468.64,
        "offset_m": 0,
        "ele": 40.94,
        "desc": "",
        "comment": "",
        "images": "1000GRMN/DSC00155.jpg",
        "elevation_m": 40.94,
        "photo_filename": "DSC00155.jpg",
        "photo_path": "1000GRMN/DSC00155.jpg",
        "surveyor_comment": null,
        "survey_date": "2023-9-4"
      }
    },
    {
      "type": "Feature",
      "geometry": {
        "type": "Point",
        "coordinates": [
          118.432875,
          9.410772
        ]
      },
      "properties": {
        "id": 441,
        "name": "Drainage Inlet STA. 1+666.91",
        "type": "Drainage",
        "Structure_Category": "Drainage",
        "canal_name": "MANAILE MAIN CANAL",
        "station": "STA 1+665.2",
        "station_m": 1665.18,
        "offset_m": 0,
        "ele": 34.21,
        "desc": "",
        "comment": "",
        "images": "1000GRMN/DSC00158.jpg",
        "elevation_m": 34.21,
        "photo_filename": "DSC00158.jpg",
        "photo_path": "1000GRMN/DSC00158.jpg",
        "surveyor_comment": null,
        "survey_date": "2023-9-4"
      }
    },
    {
      "type": "Feature",
      "geometry": {
        "type": "Point",
        "coordinates": [
          118.435073,
          9.409592
        ]
      },
      "properties": {
        "id": 443,
        "name": "THRESHER CROSSING COMB. V-DROP STA. 1+941.38",
        "type": "Thresher Crossing",
        "Structure_Category": "Thresher Crossing",
        "canal_name": "MANAILE MAIN CANAL",
        "station": "STA 1+940.4",
        "station_m": 1940.43,
        "offset_m": 0,
        "ele": 30.88,
        "desc": "",
        "comment": "",
        "images": "1000GRMN/DSC00160.jpg",
        "elevation_m": 30.88,
        "photo_filename": "DSC00160.jpg",
        "photo_path": "1000GRMN/DSC00160.jpg",
        "surveyor_comment": null,
        "survey_date": "2023-9-4"
      }
    },
    {
      "type": "Feature",
      "geometry": {
        "type": "Point",
        "coordinates": [
          118.437223,
          9.408225
        ]
      },
      "properties": {
        "id": 444,
        "name": "BULLCART CROSSING STA. 2+224.13",
        "type": "Thresher Crossing",
        "Structure_Category": "Thresher Crossing",
        "canal_name": "MANAILE MAIN CANAL",
        "station": "STA 2+224.7",
        "station_m": 2224.74,
        "offset_m": 0,
        "ele": 27.39,
        "desc": "",
        "comment": "",
        "images": "1000GRMN/DSC00161.jpg",
        "elevation_m": 27.39,
        "photo_filename": "DSC00161.jpg",
        "photo_path": "1000GRMN/DSC00161.jpg",
        "surveyor_comment": null,
        "survey_date": "2023-9-4"
      }
    },
    {
      "type": "Feature",
      "geometry": {
        "type": "Point",
        "coordinates": [
          118.437388,
          9.408047
        ]
      },
      "properties": {
        "id": 446,
        "name": "RCP CROSSING COMB. V-DROP STA. 2+250.89",
        "type": "Road Crossing",
        "Structure_Category": "Road Crossing",
        "canal_name": "MANAILE MAIN CANAL",
        "station": "STA 2+251.6",
        "station_m": 2251.57,
        "offset_m": 0,
        "ele": 26.96,
        "desc": "",
        "comment": "",
        "images": "1000GRMN/DSC00163.jpg",
        "elevation_m": 26.96,
        "photo_filename": "DSC00163.jpg",
        "photo_path": "1000GRMN/DSC00163.jpg",
        "surveyor_comment": null,
        "survey_date": "2023-9-4"
      }
    },
    {
      "type": "Feature",
      "geometry": {
        "type": "Point",
        "coordinates": [
          118.438883,
          9.406271
        ]
      },
      "properties": {
        "id": 448,
        "name": "BGY. RD CROSSING COMB. V-DROP STA. 2+510.27",
        "type": "Road Crossing",
        "Structure_Category": "Road Crossing",
        "canal_name": "MANAILE MAIN CANAL",
        "station": "STA 2+510.8",
        "station_m": 2510.81,
        "offset_m": 0,
        "ele": 25.25,
        "desc": "",
        "comment": "",
        "images": "1000GRMN/DSC00165.jpg",
        "elevation_m": 25.25,
        "photo_filename": "DSC00165.jpg",
        "photo_path": "1000GRMN/DSC00165.jpg",
        "surveyor_comment": null,
        "survey_date": "2023-9-4"
      }
    },
    {
      "type": "Feature",
      "geometry": {
        "type": "Point",
        "coordinates": [
          118.442366,
          9.404507
        ]
      },
      "properties": {
        "id": 450,
        "name": "BULLCART CROSSING STA. 2+944.53",
        "type": "Thresher Crossing",
        "Structure_Category": "Thresher Crossing",
        "canal_name": "MANAILE MAIN CANAL",
        "station": "STA 2+945.8",
        "station_m": 2945.76,
        "offset_m": 0,
        "ele": 30.42,
        "desc": "",
        "comment": "",
        "images": "1000GRMN/DSC00167.jpg",
        "elevation_m": 30.42,
        "photo_filename": "DSC00167.jpg",
        "photo_path": "1000GRMN/DSC00167.jpg",
        "surveyor_comment": null,
        "survey_date": "2023-9-4"
      }
    },
    {
      "type": "Feature",
      "geometry": {
        "type": "Point",
        "coordinates": [
          118.442541,
          9.404449
        ]
      },
      "properties": {
        "id": 451,
        "name": "INCLINED DROP STA. 2+964.79",
        "type": "Drop",
        "Structure_Category": "Drop",
        "canal_name": "MANAILE MAIN CANAL",
        "station": "STA 2+966.1",
        "station_m": 2966.07,
        "offset_m": 0,
        "ele": 30.42,
        "desc": "",
        "comment": "",
        "images": "1000GRMN/DSC00168.jpg",
        "elevation_m": 30.42,
        "photo_filename": "DSC00168.jpg",
        "photo_path": "1000GRMN/DSC00168.jpg",
        "surveyor_comment": null,
        "survey_date": "2023-9-4"
      }
    },
    {
      "type": "Feature",
      "geometry": {
        "type": "Point",
        "coordinates": [
          118.445665,
          9.402788
        ]
      },
      "properties": {
        "id": 453,
        "name": "ROAD CROSSING COMB. V-DROP STA. 3+357.58",
        "type": "Road Crossing",
        "Structure_Category": "Road Crossing",
        "canal_name": "MANAILE MAIN CANAL",
        "station": "STA 3+360.5",
        "station_m": 3360.5,
        "offset_m": 0,
        "ele": 30.42,
        "desc": "",
        "comment": "",
        "images": "1000GRMN/DSC00170.jpg",
        "elevation_m": 30.42,
        "photo_filename": "DSC00170.jpg",
        "photo_path": "1000GRMN/DSC00170.jpg",
        "surveyor_comment": null,
        "survey_date": "2023-9-4"
      }
    },
    {
      "type": "Feature",
      "geometry": {
        "type": "Point",
        "coordinates": [
          118.46693,
          9.375503
        ]
      },
      "properties": {
        "id": 374,
        "name": "MTO#6-R/S-LAT AN-1",
        "type": "Turnout",
        "Structure_Category": "Turnout (TO)",
        "canal_name": "LATERAL A-NORTH-1",
        "station": "STA 1+571.0",
        "station_m": 1570.99,
        "offset_m": 2.67,
        "ele": 47.76,
        "desc": "",
        "comment": "",
        "images": "1000GRMN/DSC00130.jpg",
        "elevation_m": 47.76,
        "photo_filename": "DSC00130.jpg",
        "photo_path": "1000GRMN/DSC00130.jpg",
        "surveyor_comment": null,
        "survey_date": "2023-8-31"
      }
    },
    {
      "type": "Feature",
      "geometry": {
        "type": "Point",
        "coordinates": [
          118.46884,
          9.372838
        ]
      },
      "properties": {
        "id": 377,
        "name": "MTO#7-L/S-LAT AN-1",
        "type": "Turnout",
        "Structure_Category": "Turnout (TO)",
        "canal_name": "LATERAL A-NORTH-1",
        "station": "STA 1+934.0",
        "station_m": 1933.98,
        "offset_m": 1.31,
        "ele": 47.75,
        "desc": "",
        "comment": "",
        "images": "1000GRMN/DSC00133.jpg",
        "elevation_m": 47.75,
        "photo_filename": "DSC00133.jpg",
        "photo_path": "1000GRMN/DSC00133.jpg",
        "surveyor_comment": null,
        "survey_date": "2023-8-31"
      }
    },
    {
      "type": "Feature",
      "geometry": {
        "type": "Point",
        "coordinates": [
          118.468808,
          9.372819
        ]
      },
      "properties": {
        "id": 378,
        "name": "MTO#8-R/S-LAT AN-1",
        "type": "Turnout",
        "Structure_Category": "Turnout (TO)",
        "canal_name": "LATERAL A-NORTH-1",
        "station": "STA 1+933.7",
        "station_m": 1933.65,
        "offset_m": 2.79,
        "ele": 47.76,
        "desc": "",
        "comment": "",
        "images": "1000GRMN/DSC00134.jpg",
        "elevation_m": 47.76,
        "photo_filename": "DSC00134.jpg",
        "photo_path": "1000GRMN/DSC00134.jpg",
        "surveyor_comment": null,
        "survey_date": "2023-8-31"
      }
    },
    {
      "type": "Feature",
      "geometry": {
        "type": "Point",
        "coordinates": [
          118.470813,
          9.369782
        ]
      },
      "properties": {
        "id": 382,
        "name": "MTO-10-R/S",
        "type": "Turnout",
        "Structure_Category": "Turnout (TO)",
        "canal_name": "LATERAL A-NORTH-1",
        "station": "STA 2+337.0",
        "station_m": 2336.99,
        "offset_m": 0.58,
        "ele": 47.76,
        "desc": "",
        "comment": "",
        "images": "1000GRMN/DSC00138.jpg",
        "elevation_m": 47.76,
        "photo_filename": "DSC00138.jpg",
        "photo_path": "1000GRMN/DSC00138.jpg",
        "surveyor_comment": null,
        "survey_date": "2023-8-31"
      }
    },
    {
      "type": "Feature",
      "geometry": {
        "type": "Point",
        "coordinates": [
          118.427046,
          9.419724
        ]
      },
      "properties": {
        "id": 425,
        "name": "DMTO#2-R/S-MANAILE MC",
        "type": "Turnout",
        "Structure_Category": "Turnout (TO)",
        "canal_name": "MANAILE MAIN CANAL",
        "station": "STA 0+362.8",
        "station_m": 362.83,
        "offset_m": 0,
        "ele": 56.54,
        "desc": "",
        "comment": "",
        "images": "1000GRMN/DSC00142.jpg",
        "elevation_m": 56.54,
        "photo_filename": "DSC00142.jpg",
        "photo_path": "1000GRMN/DSC00142.jpg",
        "surveyor_comment": null,
        "survey_date": "2023-9-4"
      }
    },
    {
      "type": "Feature",
      "geometry": {
        "type": "Point",
        "coordinates": [
          118.42967,
          9.415291
        ]
      },
      "properties": {
        "id": 432,
        "name": "DMTO#3-L/S-MANAILE MC-STA. 0+943.04",
        "type": "Turnout",
        "Structure_Category": "Turnout (TO)",
        "canal_name": "MANAILE MAIN CANAL",
        "station": "STA 0+940.0",
        "station_m": 939.96,
        "offset_m": 0,
        "ele": 46.24,
        "desc": "",
        "comment": "",
        "images": "1000GRMN/DSC00149.jpg",
        "elevation_m": 46.24,
        "photo_filename": "DSC00149.jpg",
        "photo_path": "1000GRMN/DSC00149.jpg",
        "surveyor_comment": null,
        "survey_date": "2023-9-4"
      }
    },
    {
      "type": "Feature",
      "geometry": {
        "type": "Point",
        "coordinates": [
          118.43504,
          9.409604
        ]
      },
      "properties": {
        "id": 442,
        "name": "DMTO#6-R/S-MANAILE MC-STA. 1+937.52",
        "type": "Turnout",
        "Structure_Category": "Turnout (TO)",
        "canal_name": "MANAILE MAIN CANAL",
        "station": "STA 1+936.6",
        "station_m": 1936.56,
        "offset_m": 0,
        "ele": 31.4,
        "desc": "",
        "comment": "",
        "images": "1000GRMN/DSC00159.jpg",
        "elevation_m": 31.4,
        "photo_filename": "DSC00159.jpg",
        "photo_path": "1000GRMN/DSC00159.jpg",
        "surveyor_comment": null,
        "survey_date": "2023-9-4"
      }
    },
    {
      "type": "Feature",
      "geometry": {
        "type": "Point",
        "coordinates": [
          118.437328,
          9.408115
        ]
      },
      "properties": {
        "id": 445,
        "name": "DMTO#7-R/S-MANAILE MC-STA. 2+240.89",
        "type": "Turnout",
        "Structure_Category": "Turnout (TO)",
        "canal_name": "MANAILE MAIN CANAL",
        "station": "STA 2+241.6",
        "station_m": 2241.55,
        "offset_m": 0,
        "ele": 27.26,
        "desc": "",
        "comment": "",
        "images": "1000GRMN/DSC00162.jpg",
        "elevation_m": 27.26,
        "photo_filename": "DSC00162.jpg",
        "photo_path": "1000GRMN/DSC00162.jpg",
        "surveyor_comment": null,
        "survey_date": "2023-9-4"
      }
    },
    {
      "type": "Feature",
      "geometry": {
        "type": "Point",
        "coordinates": [
          118.442295,
          9.404525
        ]
      },
      "properties": {
        "id": 449,
        "name": "DMTO#9-R/S-MANAILE MC-STA. 2+936.48",
        "type": "Turnout",
        "Structure_Category": "Turnout (TO)",
        "canal_name": "MANAILE MAIN CANAL",
        "station": "STA 2+937.7",
        "station_m": 2937.69,
        "offset_m": 0,
        "ele": 30.41,
        "desc": "",
        "comment": "",
        "images": "1000GRMN/DSC00166.jpg",
        "elevation_m": 30.41,
        "photo_filename": "DSC00166.jpg",
        "photo_path": "1000GRMN/DSC00166.jpg",
        "surveyor_comment": null,
        "survey_date": "2023-9-4"
      }
    },
    {
      "type": "Feature",
      "geometry": {
        "type": "Point",
        "coordinates": [
          118.446741,
          9.401048
        ]
      },
      "properties": {
        "id": 454,
        "name": "DMTO#11-L/S-MANAILE MC-STA. 3+590.48",
        "type": "Turnout",
        "Structure_Category": "Turnout (TO)",
        "canal_name": "MANAILE MAIN CANAL",
        "station": "STA 3+598.2",
        "station_m": 3598.15,
        "offset_m": 0,
        "ele": 30.41,
        "desc": "",
        "comment": "",
        "images": "1000GRMN/DSC00171.jpg",
        "elevation_m": 30.41,
        "photo_filename": "DSC00171.jpg",
        "photo_path": "1000GRMN/DSC00171.jpg",
        "surveyor_comment": null,
        "survey_date": "2023-9-4"
      }
    },
    {
      "type": "Feature",
      "geometry": {
        "type": "Point",
        "coordinates": [
          118.470863,
          9.369789
        ]
      },
      "properties": {
        "id": 381,
        "name": "MTO#9-L/S",
        "type": "Turnout",
        "Structure_Category": "Turnout (TO)",
        "canal_name": "LATERAL A-NORTH-1",
        "station": "STA 2+339.0",
        "station_m": 2339,
        "offset_m": 4.61,
        "ele": 47.76,
        "desc": "",
        "comment": "",
        "images": "1000GRMN/DSC00137.jpg",
        "elevation_m": 47.76,
        "photo_filename": "DSC00137.jpg",
        "photo_path": "1000GRMN/DSC00137.jpg",
        "surveyor_comment": null,
        "survey_date": "2023-8-31"
      }
    },
    {
      "type": "Feature",
      "geometry": {
        "type": "Point",
        "coordinates": [
          118.476787,
          9.363138
        ]
      },
      "properties": {
        "id": 393,
        "name": "MTO#11-R/S-LAT AN-1",
        "type": "Turnout",
        "Structure_Category": "Turnout (TO)",
        "canal_name": "LATERAL A-NORTH-1",
        "station": "STA 3+414.5",
        "station_m": 3414.51,
        "offset_m": 0,
        "ele": 42.14,
        "desc": "",
        "comment": "",
        "images": "1000GRMN/DSC00149.jpg",
        "elevation_m": 42.14,
        "photo_filename": "DSC00149.jpg",
        "photo_path": "1000GRMN/DSC00149.jpg",
        "surveyor_comment": null,
        "survey_date": "2023-8-31"
      }
    },
    {
      "type": "Feature",
      "geometry": {
        "type": "Point",
        "coordinates": [
          118.447006,
          9.400327
        ]
      },
      "properties": {
        "id": 455,
        "name": "THRESHER CROSSING STA. 3+675.37",
        "type": "Thresher Crossing",
        "Structure_Category": "Thresher Crossing",
        "canal_name": "MANAILE MAIN CANAL",
        "station": "STA 3+683.3",
        "station_m": 3683.27,
        "offset_m": 0,
        "ele": 30.42,
        "desc": "",
        "comment": "",
        "images": "1000GRMN/DSC00172.jpg",
        "elevation_m": 30.42,
        "photo_filename": "DSC00172.jpg",
        "photo_path": "1000GRMN/DSC00172.jpg",
        "surveyor_comment": null,
        "survey_date": "2023-9-4"
      }
    },
    {
      "type": "Feature",
      "geometry": {
        "type": "Point",
        "coordinates": [
          118.447009,
          9.400284
        ]
      },
      "properties": {
        "id": 458,
        "name": "CHECK COMB. DROP STA. 3+679.96",
        "type": "Drop",
        "Structure_Category": "Drop",
        "canal_name": "MANAILE MAIN CANAL",
        "station": "STA 3+688.1",
        "station_m": 3688.05,
        "offset_m": 0,
        "ele": 30.42,
        "desc": "",
        "comment": "",
        "images": "1000GRMN/DSC00175.jpg",
        "elevation_m": 30.42,
        "photo_filename": "DSC00175.jpg",
        "photo_path": "1000GRMN/DSC00175.jpg",
        "surveyor_comment": null,
        "survey_date": "2023-9-4"
      }
    },
    {
      "type": "Feature",
      "geometry": {
        "type": "Point",
        "coordinates": [
          118.44805,
          9.397271
        ]
      },
      "properties": {
        "id": 460,
        "name": "UNAUTHORIZED TURNOUT STA. 4+032.89",
        "type": "Unauthorized Turnout",
        "Structure_Category": "Turnout (TO)",
        "canal_name": "MANAILE MAIN CANAL",
        "station": "STA 4+042.1",
        "station_m": 4042.05,
        "offset_m": 0,
        "ele": 30.42,
        "desc": "",
        "comment": "",
        "images": "1000GRMN/DSC00177.jpg",
        "elevation_m": 30.42,
        "photo_filename": "DSC00177.jpg",
        "photo_path": "1000GRMN/DSC00177.jpg",
        "surveyor_comment": null,
        "survey_date": "2023-9-4"
      }
    },
    {
      "type": "Feature",
      "geometry": {
        "type": "Point",
        "coordinates": [
          118.45863,
          9.367515
        ]
      },
      "properties": {
        "id": 404,
        "name": "CHECK STRUCTURE",
        "type": "Check Structure",
        "Structure_Category": "Check Gate",
        "canal_name": "LATERAL B-NORTH",
        "station": "STA 0+877.0",
        "station_m": 877.04,
        "offset_m": 0.32,
        "ele": -3.08,
        "desc": "",
        "comment": "",
        "images": "1000GRMN/DSC00120.jpg",
        "elevation_m": -3.08,
        "photo_filename": "DSC00120.jpg",
        "photo_path": "1000GRMN/DSC00120.jpg",
        "surveyor_comment": null,
        "survey_date": "2023-9-1"
      }
    },
    {
      "type": "Feature",
      "geometry": {
        "type": "Point",
        "coordinates": [
          118.45864,
          9.367498
        ]
      },
      "properties": {
        "id": 405,
        "name": "THRESHER CROSSING COMB. V-DROP",
        "type": "Thresher Crossing",
        "Structure_Category": "Thresher Crossing",
        "canal_name": "LATERAL B-NORTH",
        "station": "STA 0+879.2",
        "station_m": 879.2,
        "offset_m": 0,
        "ele": -3.08,
        "desc": "",
        "comment": "",
        "images": "1000GRMN/DSC00121.jpg",
        "elevation_m": -3.08,
        "photo_filename": "DSC00121.jpg",
        "photo_path": "1000GRMN/DSC00121.jpg",
        "surveyor_comment": null,
        "survey_date": "2023-9-1"
      }
    },
    {
      "type": "Feature",
      "geometry": {
        "type": "Point",
        "coordinates": [
          118.458889,
          9.367207
        ]
      },
      "properties": {
        "id": 406,
        "name": "DRAINAGE INLET",
        "type": "Drainage",
        "Structure_Category": "Drainage",
        "canal_name": "LATERAL B-NORTH",
        "station": "STA 0+921.5",
        "station_m": 921.55,
        "offset_m": 0,
        "ele": -3.08,
        "desc": "",
        "comment": "",
        "images": "1000GRMN/DSC00122.jpg",
        "elevation_m": -3.08,
        "photo_filename": "DSC00122.jpg",
        "photo_path": "1000GRMN/DSC00122.jpg",
        "surveyor_comment": null,
        "survey_date": "2023-9-1"
      }
    },
    {
      "type": "Feature",
      "geometry": {
        "type": "Point",
        "coordinates": [
          118.460187,
          9.366141
        ]
      },
      "properties": {
        "id": 407,
        "name": "END EARTH CANAL, START V-CANAL LINING",
        "type": "Station",
        "Structure_Category": "Other Structures",
        "canal_name": "LATERAL B-NORTH",
        "station": "STA 1+107.1",
        "station_m": 1107.06,
        "offset_m": 0,
        "ele": -3.09,
        "desc": "",
        "comment": "",
        "images": "1000GRMN/DSC00123.jpg",
        "elevation_m": -3.09,
        "photo_filename": "DSC00123.jpg",
        "photo_path": "1000GRMN/DSC00123.jpg",
        "surveyor_comment": null,
        "survey_date": "2023-9-1"
      }
    },
    {
      "type": "Feature",
      "geometry": {
        "type": "Point",
        "coordinates": [
          118.424799,
          9.42183
        ]
      },
      "properties": {
        "id": 420,
        "name": "TRAPEZOIDAL CANAL",
        "type": "Other Structures",
        "Structure_Category": "Other Structures",
        "canal_name": "MANAILE MAIN CANAL",
        "station": "STA 0+019.0",
        "station_m": 19.03,
        "offset_m": 0,
        "ele": 64.93,
        "desc": "",
        "comment": "",
        "images": "1000GRMN/DSC00137.jpg",
        "elevation_m": 64.93,
        "photo_filename": "DSC00137.jpg",
        "photo_path": "1000GRMN/DSC00137.jpg",
        "surveyor_comment": null,
        "survey_date": "2023-9-4"
      }
    },
    {
      "type": "Feature",
      "geometry": {
        "type": "Point",
        "coordinates": [
          118.425896,
          9.420795
        ]
      },
      "properties": {
        "id": 421,
        "name": "INCLINE DROP STA. 0+193.94",
        "type": "Drop",
        "Structure_Category": "Drop",
        "canal_name": "MANAILE MAIN CANAL",
        "station": "STA 0+187.8",
        "station_m": 187.82,
        "offset_m": 0,
        "ele": 58.65,
        "desc": "",
        "comment": "",
        "images": "1000GRMN/DSC00138.jpg",
        "elevation_m": 58.65,
        "photo_filename": "DSC00138.jpg",
        "photo_path": "1000GRMN/DSC00138.jpg",
        "surveyor_comment": null,
        "survey_date": "2023-9-4"
      }
    },
    {
      "type": "Feature",
      "geometry": {
        "type": "Point",
        "coordinates": [
          118.461676,
          9.365076
        ]
      },
      "properties": {
        "id": 409,
        "name": "RCP ROAD CROSSING",
        "type": "Road Crossing",
        "Structure_Category": "Road Crossing",
        "canal_name": "LATERAL B-NORTH",
        "station": "STA 1+309.2",
        "station_m": 1309.16,
        "offset_m": 0,
        "ele": -3.08,
        "desc": "",
        "comment": "",
        "images": "1000GRMN/DSC00125.jpg",
        "elevation_m": -3.08,
        "photo_filename": "DSC00125.jpg",
        "photo_path": "1000GRMN/DSC00125.jpg",
        "surveyor_comment": null,
        "survey_date": "2023-9-1"
      }
    },
    {
      "type": "Feature",
      "geometry": {
        "type": "Point",
        "coordinates": [
          118.461901,
          9.364873
        ]
      },
      "properties": {
        "id": 410,
        "name": "UNAUTHORIZED TURNOUT",
        "type": "Unauthorized Turnout",
        "Structure_Category": "Turnout (TO)",
        "canal_name": "LATERAL B-NORTH",
        "station": "STA 1+342.6",
        "station_m": 1342.64,
        "offset_m": 0,
        "ele": -3.08,
        "desc": "",
        "comment": "",
        "images": "1000GRMN/DSC00126.jpg",
        "elevation_m": -3.08,
        "photo_filename": "DSC00126.jpg",
        "photo_path": "1000GRMN/DSC00126.jpg",
        "surveyor_comment": null,
        "survey_date": "2023-9-1"
      }
    },
    {
      "type": "Feature",
      "geometry": {
        "type": "Point",
        "coordinates": [
          118.462902,
          9.363488
        ]
      },
      "properties": {
        "id": 413,
        "name": "CART CROSSING",
        "type": "Thresher Crossing",
        "Structure_Category": "Thresher Crossing",
        "canal_name": "LATERAL B-NORTH",
        "station": "STA 1+538.1",
        "station_m": 1538.09,
        "offset_m": 0,
        "ele": -3.08,
        "desc": "",
        "comment": "",
        "images": "1000GRMN/DSC00129.jpg",
        "elevation_m": -3.08,
        "photo_filename": "DSC00129.jpg",
        "photo_path": "1000GRMN/DSC00129.jpg",
        "surveyor_comment": null,
        "survey_date": "2023-9-1"
      }
    },
    {
      "type": "Feature",
      "geometry": {
        "type": "Point",
        "coordinates": [
          118.466341,
          9.35962
        ]
      },
      "properties": {
        "id": 418,
        "name": "RCP ROAD CROSSING (END CHECK)",
        "type": "Road Crossing",
        "Structure_Category": "Road Crossing",
        "canal_name": "LATERAL B-NORTH",
        "station": "STA 2+122.8",
        "station_m": 2122.82,
        "offset_m": 0,
        "ele": -7.91,
        "desc": "",
        "comment": "",
        "images": "1000GRMN/DSC00134.jpg",
        "elevation_m": -7.91,
        "photo_filename": "DSC00134.jpg",
        "photo_path": "1000GRMN/DSC00134.jpg",
        "surveyor_comment": null,
        "survey_date": "2023-9-1"
      }
    },
    {
      "type": "Feature",
      "geometry": {
        "type": "Point",
        "coordinates": [
          118.463465,
          9.362245
        ]
      },
      "properties": {
        "id": 416,
        "name": "END VERTICAL LINING/ START OF EARTH CANAL",
        "type": "Station",
        "Structure_Category": "Other Structures",
        "canal_name": "LATERAL B-NORTH",
        "station": "STA 1+692.3",
        "station_m": 1692.26,
        "offset_m": 0,
        "ele": -7.92,
        "desc": "",
        "comment": "",
        "images": "1000GRMN/DSC00132.jpg",
        "elevation_m": -7.92,
        "photo_filename": "DSC00132.jpg",
        "photo_path": "1000GRMN/DSC00132.jpg",
        "surveyor_comment": null,
        "survey_date": "2023-9-1"
      }
    },
    {
      "type": "Feature",
      "geometry": {
        "type": "Point",
        "coordinates": [
          118.466325,
          9.359643
        ]
      },
      "properties": {
        "id": 417,
        "name": "END OF EARTH CANAL",
        "type": "Station",
        "Structure_Category": "Other Structures",
        "canal_name": "LATERAL B-NORTH",
        "station": "STA 2+119.7",
        "station_m": 2119.72,
        "offset_m": 0,
        "ele": -7.91,
        "desc": "",
        "comment": "",
        "images": "1000GRMN/DSC00133.jpg",
        "elevation_m": -7.91,
        "photo_filename": "DSC00133.jpg",
        "photo_path": "1000GRMN/DSC00133.jpg",
        "surveyor_comment": null,
        "survey_date": "2023-9-1"
      }
    },
    {
      "type": "Feature",
      "geometry": {
        "type": "Point",
        "coordinates": [
          118.462992,
          9.363156
        ]
      },
      "properties": {
        "id": 414,
        "name": "UNAUTHORIZED TURNOUT",
        "type": "Unauthorized Turnout",
        "Structure_Category": "Turnout (TO)",
        "canal_name": "LATERAL B-NORTH",
        "station": "STA 1+576.2",
        "station_m": 1576.22,
        "offset_m": 0,
        "ele": -3.08,
        "desc": "",
        "comment": "",
        "images": "1000GRMN/DSC00130.jpg",
        "elevation_m": -3.08,
        "photo_filename": "DSC00130.jpg",
        "photo_path": "1000GRMN/DSC00130.jpg",
        "surveyor_comment": null,
        "survey_date": "2023-9-1"
      }
    },
    {
      "type": "Feature",
      "geometry": {
        "type": "Point",
        "coordinates": [
          118.448524,
          9.396157
        ]
      },
      "properties": {
        "id": 462,
        "name": "DRAINAGE CROSSING STA. 4+167.80",
        "type": "Drainage",
        "Structure_Category": "Drainage",
        "canal_name": "MANAILE MAIN CANAL",
        "station": "STA 4+177.6",
        "station_m": 4177.56,
        "offset_m": 0,
        "ele": 21.12,
        "desc": "",
        "comment": "",
        "images": "1000GRMN/DSC00179.jpg",
        "elevation_m": 21.12,
        "photo_filename": "DSC00179.jpg",
        "photo_path": "1000GRMN/DSC00179.jpg",
        "surveyor_comment": null,
        "survey_date": "2023-9-4"
      }
    },
    {
      "type": "Feature",
      "geometry": {
        "type": "Point",
        "coordinates": [
          118.448712,
          9.395964
        ]
      },
      "properties": {
        "id": 463,
        "name": "UNAUTHORIZED TURNOUT STA. 4+197.50",
        "type": "Unauthorized Turnout",
        "Structure_Category": "Turnout (TO)",
        "canal_name": "MANAILE MAIN CANAL",
        "station": "STA 4+207.3",
        "station_m": 4207.34,
        "offset_m": 0,
        "ele": 21.12,
        "desc": "",
        "comment": "",
        "images": "1000GRMN/DSC00180.jpg",
        "elevation_m": 21.12,
        "photo_filename": "DSC00180.jpg",
        "photo_path": "1000GRMN/DSC00180.jpg",
        "surveyor_comment": null,
        "survey_date": "2023-9-4"
      }
    },
    {
      "type": "Feature",
      "geometry": {
        "type": "Point",
        "coordinates": [
          118.449005,
          9.395627
        ]
      },
      "properties": {
        "id": 464,
        "name": "THRESHER CROSSING STA.4+246.74",
        "type": "Thresher Crossing",
        "Structure_Category": "Thresher Crossing",
        "canal_name": "MANAILE MAIN CANAL",
        "station": "STA 4+256.7",
        "station_m": 4256.71,
        "offset_m": 0,
        "ele": 21.12,
        "desc": "",
        "comment": "",
        "images": "1000GRMN/DSC00181.jpg",
        "elevation_m": 21.12,
        "photo_filename": "DSC00181.jpg",
        "photo_path": "1000GRMN/DSC00181.jpg",
        "surveyor_comment": null,
        "survey_date": "2023-9-4"
      }
    },
    {
      "type": "Feature",
      "geometry": {
        "type": "Point",
        "coordinates": [
          118.427118,
          9.419914
        ]
      },
      "properties": {
        "id": 466,
        "name": "START OF EARTH CANAL",
        "type": "Other Structures",
        "Structure_Category": "Other Structures",
        "canal_name": "MANAILE LATERAL A",
        "station": "STA 0+021.8",
        "station_m": 21.75,
        "offset_m": 0,
        "ele": 77.16,
        "desc": "",
        "comment": "",
        "images": "1000GRMN/DSC00153.jpg",
        "elevation_m": 77.16,
        "photo_filename": "DSC00153.jpg",
        "photo_path": "1000GRMN/DSC00153.jpg",
        "surveyor_comment": null,
        "survey_date": "2023-9-5"
      }
    },
    {
      "type": "Feature",
      "geometry": {
        "type": "Point",
        "coordinates": [
          118.427574,
          9.420023
        ]
      },
      "properties": {
        "id": 467,
        "name": "PARSHALL FLUME",
        "type": "Water Gauge",
        "Structure_Category": "Parshall Flume",
        "canal_name": "MANAILE LATERAL A",
        "station": "STA 0+073.7",
        "station_m": 73.71,
        "offset_m": 0,
        "ele": 77.16,
        "desc": "",
        "comment": "",
        "images": "1000GRMN/DSC00154.jpg",
        "elevation_m": 77.16,
        "photo_filename": "DSC00154.jpg",
        "photo_path": "1000GRMN/DSC00154.jpg",
        "surveyor_comment": null,
        "survey_date": "2023-9-5"
      }
    },
    {
      "type": "Feature",
      "geometry": {
        "type": "Point",
        "coordinates": [
          118.429917,
          9.42062
        ]
      },
      "properties": {
        "id": 469,
        "name": "ROAD CROSSING COMB. V-DROP",
        "type": "Road Crossing",
        "Structure_Category": "Road Crossing",
        "canal_name": "MANAILE LATERAL A",
        "station": "STA 0+362.0",
        "station_m": 362.04,
        "offset_m": 0,
        "ele": 77.16,
        "desc": "",
        "comment": "",
        "images": "1000GRMN/DSC00156.jpg",
        "elevation_m": 77.16,
        "photo_filename": "DSC00156.jpg",
        "photo_path": "1000GRMN/DSC00156.jpg",
        "surveyor_comment": null,
        "survey_date": "2023-9-5"
      }
    },
    {
      "type": "Feature",
      "geometry": {
        "type": "Point",
        "coordinates": [
          118.429903,
          9.420683
        ]
      },
      "properties": {
        "id": 470,
        "name": "DRAINAGE INELET",
        "type": "Drainage",
        "Structure_Category": "Drainage",
        "canal_name": "MANAILE LATERAL A",
        "station": "STA 0+369.2",
        "station_m": 369.2,
        "offset_m": 0,
        "ele": 77.16,
        "desc": "",
        "comment": "",
        "images": "1000GRMN/DSC00157.jpg",
        "elevation_m": 77.16,
        "photo_filename": "DSC00157.jpg",
        "photo_path": "1000GRMN/DSC00157.jpg",
        "surveyor_comment": null,
        "survey_date": "2023-9-5"
      }
    },
    {
      "type": "Feature",
      "geometry": {
        "type": "Point",
        "coordinates": [
          118.431254,
          9.423515
        ]
      },
      "properties": {
        "id": 471,
        "name": "BULLCART CROSSING",
        "type": "Thresher Crossing",
        "Structure_Category": "Thresher Crossing",
        "canal_name": "MANAILE LATERAL A",
        "station": "STA 0+720.0",
        "station_m": 720,
        "offset_m": 0,
        "ele": 77.16,
        "desc": "",
        "comment": "",
        "images": "1000GRMN/DSC00158.jpg",
        "elevation_m": 77.16,
        "photo_filename": "DSC00158.jpg",
        "photo_path": "1000GRMN/DSC00158.jpg",
        "surveyor_comment": null,
        "survey_date": "2023-9-5"
      }
    },
    {
      "type": "Feature",
      "geometry": {
        "type": "Point",
        "coordinates": [
          118.432041,
          9.423339
        ]
      },
      "properties": {
        "id": 474,
        "name": "VERTICAL DROP",
        "type": "Drop",
        "Structure_Category": "Drop",
        "canal_name": "MANAILE LATERAL A",
        "station": "STA 0+812.4",
        "station_m": 812.42,
        "offset_m": 0,
        "ele": 77.15,
        "desc": "",
        "comment": "",
        "images": "1000GRMN/DSC00161.jpg",
        "elevation_m": 77.15,
        "photo_filename": "DSC00161.jpg",
        "photo_path": "1000GRMN/DSC00161.jpg",
        "surveyor_comment": null,
        "survey_date": "2023-9-5"
      }
    },
    {
      "type": "Feature",
      "geometry": {
        "type": "Point",
        "coordinates": [
          118.433909,
          9.42261
        ]
      },
      "properties": {
        "id": 475,
        "name": "RCP CROSSING COMB. INCLINED DROP",
        "type": "Thresher Crossing",
        "Structure_Category": "Thresher Crossing",
        "canal_name": "MANAILE LATERAL A",
        "station": "STA 1+033.5",
        "station_m": 1033.54,
        "offset_m": 0,
        "ele": 73.68,
        "desc": "",
        "comment": "",
        "images": "1000GRMN/DSC00162.jpg",
        "elevation_m": 73.68,
        "photo_filename": "DSC00162.jpg",
        "photo_path": "1000GRMN/DSC00162.jpg",
        "surveyor_comment": null,
        "survey_date": "2023-9-5"
      }
    },
    {
      "type": "Feature",
      "geometry": {
        "type": "Point",
        "coordinates": [
          118.434583,
          9.422347
        ]
      },
      "properties": {
        "id": 476,
        "name": "RCP ROAD CROSSING",
        "type": "Road Crossing",
        "Structure_Category": "Road Crossing",
        "canal_name": "MANAILE LATERAL A",
        "station": "STA 1+113.6",
        "station_m": 1113.62,
        "offset_m": 0,
        "ele": 70.53,
        "desc": "",
        "comment": "",
        "images": "1000GRMN/DSC00163.jpg",
        "elevation_m": 70.53,
        "photo_filename": "DSC00163.jpg",
        "photo_path": "1000GRMN/DSC00163.jpg",
        "surveyor_comment": null,
        "survey_date": "2023-9-5"
      }
    },
    {
      "type": "Feature",
      "geometry": {
        "type": "Point",
        "coordinates": [
          118.436287,
          9.421158
        ]
      },
      "properties": {
        "id": 478,
        "name": "RCP CROSSING COMB. INCLINED DROP",
        "type": "Thresher Crossing",
        "Structure_Category": "Thresher Crossing",
        "canal_name": "MANAILE LATERAL A",
        "station": "STA 1+344.0",
        "station_m": 1344.03,
        "offset_m": 0,
        "ele": 70.27,
        "desc": "",
        "comment": "",
        "images": "1000GRMN/DSC00165.jpg",
        "elevation_m": 70.27,
        "photo_filename": "DSC00165.jpg",
        "photo_path": "1000GRMN/DSC00165.jpg",
        "surveyor_comment": null,
        "survey_date": "2023-9-5"
      }
    },
    {
      "type": "Feature",
      "geometry": {
        "type": "Point",
        "coordinates": [
          118.438566,
          9.41928
        ]
      },
      "properties": {
        "id": 479,
        "name": "CART CROSSING COMB. INCLINED DROP",
        "type": "Thresher Crossing",
        "Structure_Category": "Thresher Crossing",
        "canal_name": "MANAILE LATERAL A",
        "station": "STA 1+670.2",
        "station_m": 1670.17,
        "offset_m": 0,
        "ele": 65.98,
        "desc": "",
        "comment": "",
        "images": "1000GRMN/DSC00166.jpg",
        "elevation_m": 65.98,
        "photo_filename": "DSC00166.jpg",
        "photo_path": "1000GRMN/DSC00166.jpg",
        "surveyor_comment": null,
        "survey_date": "2023-9-5"
      }
    },
    {
      "type": "Feature",
      "geometry": {
        "type": "Point",
        "coordinates": [
          118.439399,
          9.418611
        ]
      },
      "properties": {
        "id": 481,
        "name": "CART CROSSING",
        "type": "Thresher Crossing",
        "Structure_Category": "Thresher Crossing",
        "canal_name": "MANAILE LATERAL A",
        "station": "STA 1+788.2",
        "station_m": 1788.19,
        "offset_m": 0,
        "ele": 64.85,
        "desc": "",
        "comment": "",
        "images": "1000GRMN/DSC00168.jpg",
        "elevation_m": 64.85,
        "photo_filename": "DSC00168.jpg",
        "photo_path": "1000GRMN/DSC00168.jpg",
        "surveyor_comment": null,
        "survey_date": "2023-9-5"
      }
    },
    {
      "type": "Feature",
      "geometry": {
        "type": "Point",
        "coordinates": [
          118.439593,
          9.418457
        ]
      },
      "properties": {
        "id": 482,
        "name": "CART CROSSING STA.",
        "type": "Thresher Crossing",
        "Structure_Category": "Thresher Crossing",
        "canal_name": "MANAILE LATERAL A",
        "station": "STA 1+815.5",
        "station_m": 1815.54,
        "offset_m": 0,
        "ele": 64.85,
        "desc": "",
        "comment": "",
        "images": "1000GRMN/DSC00169.jpg",
        "elevation_m": 64.85,
        "photo_filename": "DSC00169.jpg",
        "photo_path": "1000GRMN/DSC00169.jpg",
        "surveyor_comment": null,
        "survey_date": "2023-9-5"
      }
    },
    {
      "type": "Feature",
      "geometry": {
        "type": "Point",
        "coordinates": [
          118.440441,
          9.417947
        ]
      },
      "properties": {
        "id": 485,
        "name": "CART CROSSING COMB. INCLINED DROP STA.",
        "type": "Drop",
        "Structure_Category": "Thresher Crossing",
        "canal_name": "MANAILE LATERAL A",
        "station": "STA 1+924.9",
        "station_m": 1924.9,
        "offset_m": 0,
        "ele": 64.85,
        "desc": "",
        "comment": "",
        "images": "1000GRMN/DSC00172.jpg",
        "elevation_m": 64.85,
        "photo_filename": "DSC00172.jpg",
        "photo_path": "1000GRMN/DSC00172.jpg",
        "surveyor_comment": null,
        "survey_date": "2023-9-5"
      }
    },
    {
      "type": "Feature",
      "geometry": {
        "type": "Point",
        "coordinates": [
          118.440544,
          9.417924
        ]
      },
      "properties": {
        "id": 486,
        "name": "END V-LINING ,STAR E-CANAL STA.",
        "type": "Station",
        "Structure_Category": "Other Structures",
        "canal_name": "MANAILE LATERAL A",
        "station": "STA 1+936.5",
        "station_m": 1936.53,
        "offset_m": 0,
        "ele": 64.85,
        "desc": "",
        "comment": "",
        "images": "1000GRMN/DSC00173.jpg",
        "elevation_m": 64.85,
        "photo_filename": "DSC00173.jpg",
        "photo_path": "1000GRMN/DSC00173.jpg",
        "surveyor_comment": null,
        "survey_date": "2023-9-5"
      }
    },
    {
      "type": "Feature",
      "geometry": {
        "type": "Point",
        "coordinates": [
          118.444701,
          9.41564
        ]
      },
      "properties": {
        "id": 490,
        "name": "RCP CROSSING COMB. INCLINED DROP STA.",
        "type": "Thresher Crossing",
        "Structure_Category": "Thresher Crossing",
        "canal_name": "MANAILE LATERAL A",
        "station": "STA 2+462.4",
        "station_m": 2462.38,
        "offset_m": 0,
        "ele": 56.77,
        "desc": "",
        "comment": "",
        "images": "1000GRMN/DSC00177.jpg",
        "elevation_m": 56.77,
        "photo_filename": "DSC00177.jpg",
        "photo_path": "1000GRMN/DSC00177.jpg",
        "surveyor_comment": null,
        "survey_date": "2023-9-5"
      }
    },
    {
      "type": "Feature",
      "geometry": {
        "type": "Point",
        "coordinates": [
          118.44738,
          9.414697
        ]
      },
      "properties": {
        "id": 492,
        "name": "ROAD CROSSING COMB. INCLINED DROP",
        "type": "Road Crossing",
        "Structure_Category": "Road Crossing",
        "canal_name": "MANAILE LATERAL A",
        "station": "STA 2+775.6",
        "station_m": 2775.55,
        "offset_m": 0,
        "ele": 54.07,
        "desc": "",
        "comment": "",
        "images": "1000GRMN/DSC00179.jpg",
        "elevation_m": 54.07,
        "photo_filename": "DSC00179.jpg",
        "photo_path": "1000GRMN/DSC00179.jpg",
        "surveyor_comment": null,
        "survey_date": "2023-9-5"
      }
    },
    {
      "type": "Feature",
      "geometry": {
        "type": "Point",
        "coordinates": [
          118.450109,
          9.414627
        ]
      },
      "properties": {
        "id": 494,
        "name": "RCP CROSSING COMB. V-DROP STA.",
        "type": "Thresher Crossing",
        "Structure_Category": "Thresher Crossing",
        "canal_name": "MANAILE LATERAL A",
        "station": "STA 3+085.2",
        "station_m": 3085.18,
        "offset_m": 0,
        "ele": 52.63,
        "desc": "",
        "comment": "",
        "images": "1000GRMN/DSC00181.jpg",
        "elevation_m": 52.63,
        "photo_filename": "DSC00181.jpg",
        "photo_path": "1000GRMN/DSC00181.jpg",
        "surveyor_comment": null,
        "survey_date": "2023-9-5"
      }
    },
    {
      "type": "Feature",
      "geometry": {
        "type": "Point",
        "coordinates": [
          118.451472,
          9.41439
        ]
      },
      "properties": {
        "id": 496,
        "name": "TURNOUT # \"NO STRUCTURE\" STA.",
        "type": "Turnout",
        "Structure_Category": "Turnout (TO)",
        "canal_name": "MANAILE LATERAL A",
        "station": "STA 3+237.6",
        "station_m": 3237.61,
        "offset_m": 0.05,
        "ele": 52.63,
        "desc": "",
        "comment": "",
        "images": "1000GRMN/DSC00183.jpg",
        "elevation_m": 52.63,
        "photo_filename": "DSC00183.jpg",
        "photo_path": "1000GRMN/DSC00183.jpg",
        "surveyor_comment": null,
        "survey_date": "2023-9-5"
      }
    },
    {
      "type": "Feature",
      "geometry": {
        "type": "Point",
        "coordinates": [
          118.458628,
          9.367509
        ]
      },
      "properties": {
        "id": 403,
        "name": "MTO#2-R/S-LAT BN",
        "type": "Turnout",
        "Structure_Category": "Turnout (TO)",
        "canal_name": "LATERAL B-NORTH",
        "station": "STA 0+877.4",
        "station_m": 877.42,
        "offset_m": 0.27,
        "ele": -3.09,
        "desc": "",
        "comment": "",
        "images": "1000GRMN/DSC00119.jpg",
        "elevation_m": -3.09,
        "photo_filename": "DSC00119.jpg",
        "photo_path": "1000GRMN/DSC00119.jpg",
        "surveyor_comment": null,
        "survey_date": "2023-9-1"
      }
    },
    {
      "type": "Feature",
      "geometry": {
        "type": "Point",
        "coordinates": [
          118.46165,
          9.365104
        ]
      },
      "properties": {
        "id": 408,
        "name": "MTO#3-L/S-LAT BN",
        "type": "Turnout",
        "Structure_Category": "Turnout (TO)",
        "canal_name": "LATERAL B-NORTH",
        "station": "STA 1+305.0",
        "station_m": 1305.02,
        "offset_m": 0.85,
        "ele": -3.09,
        "desc": "",
        "comment": "",
        "images": "1000GRMN/DSC00124.jpg",
        "elevation_m": -3.09,
        "photo_filename": "DSC00124.jpg",
        "photo_path": "1000GRMN/DSC00124.jpg",
        "surveyor_comment": null,
        "survey_date": "2023-9-1"
      }
    },
    {
      "type": "Feature",
      "geometry": {
        "type": "Point",
        "coordinates": [
          118.463146,
          9.36263
        ]
      },
      "properties": {
        "id": 415,
        "name": "MTO#6-R/S-LAT BN",
        "type": "Turnout",
        "Structure_Category": "Turnout (TO)",
        "canal_name": "LATERAL B-NORTH",
        "station": "STA 1+637.0",
        "station_m": 1636.97,
        "offset_m": 0,
        "ele": -3.08,
        "desc": "",
        "comment": "",
        "images": "1000GRMN/DSC00131.jpg",
        "elevation_m": -3.08,
        "photo_filename": "DSC00131.jpg",
        "photo_path": "1000GRMN/DSC00131.jpg",
        "surveyor_comment": null,
        "survey_date": "2023-9-1"
      }
    },
    {
      "type": "Feature",
      "geometry": {
        "type": "Point",
        "coordinates": [
          118.447023,
          9.4003
        ]
      },
      "properties": {
        "id": 456,
        "name": "DMTO#12-L/S-MANAILE MC-STA. 3+678.82",
        "type": "Turnout",
        "Structure_Category": "Turnout (TO)",
        "canal_name": "MANAILE MAIN CANAL",
        "station": "STA 3+686.4",
        "station_m": 3686.39,
        "offset_m": 1.66,
        "ele": 30.42,
        "desc": "",
        "comment": "",
        "images": "1000GRMN/DSC00173.jpg",
        "elevation_m": 30.42,
        "photo_filename": "DSC00173.jpg",
        "photo_path": "1000GRMN/DSC00173.jpg",
        "surveyor_comment": null,
        "survey_date": "2023-9-4"
      }
    },
    {
      "type": "Feature",
      "geometry": {
        "type": "Point",
        "coordinates": [
          118.447005,
          9.400286
        ]
      },
      "properties": {
        "id": 457,
        "name": "DMTO#13-R/S-MANAILE MC-STA. 3+679.96",
        "type": "Turnout",
        "Structure_Category": "Turnout (TO)",
        "canal_name": "MANAILE MAIN CANAL",
        "station": "STA 3+687.8",
        "station_m": 3687.8,
        "offset_m": 0.42,
        "ele": 30.42,
        "desc": "",
        "comment": "",
        "images": "1000GRMN/DSC00174.jpg",
        "elevation_m": 30.42,
        "photo_filename": "DSC00174.jpg",
        "photo_path": "1000GRMN/DSC00174.jpg",
        "surveyor_comment": null,
        "survey_date": "2023-9-4"
      }
    },
    {
      "type": "Feature",
      "geometry": {
        "type": "Point",
        "coordinates": [
          118.429925,
          9.420562
        ]
      },
      "properties": {
        "id": 468,
        "name": "MTO#1-L/S-MANAILE LAT A",
        "type": "Turnout",
        "Structure_Category": "Turnout (TO)",
        "canal_name": "MANAILE LATERAL A",
        "station": "STA 0+355.6",
        "station_m": 355.55,
        "offset_m": 0,
        "ele": 77.16,
        "desc": "",
        "comment": "",
        "images": "1000GRMN/DSC00155.jpg",
        "elevation_m": 77.16,
        "photo_filename": "DSC00155.jpg",
        "photo_path": "1000GRMN/DSC00155.jpg",
        "surveyor_comment": null,
        "survey_date": "2023-9-5"
      }
    },
    {
      "type": "Feature",
      "geometry": {
        "type": "Point",
        "coordinates": [
          118.431349,
          9.423568
        ]
      },
      "properties": {
        "id": 473,
        "name": "MTO#3-L/S-MANAILE LAT A",
        "type": "Turnout",
        "Structure_Category": "Turnout (TO)",
        "canal_name": "MANAILE LATERAL A",
        "station": "STA 0+731.5",
        "station_m": 731.52,
        "offset_m": 1.63,
        "ele": 77.16,
        "desc": "",
        "comment": "",
        "images": "1000GRMN/DSC00160.jpg",
        "elevation_m": 77.16,
        "photo_filename": "DSC00160.jpg",
        "photo_path": "1000GRMN/DSC00160.jpg",
        "surveyor_comment": null,
        "survey_date": "2023-9-5"
      }
    },
    {
      "type": "Feature",
      "geometry": {
        "type": "Point",
        "coordinates": [
          118.435204,
          9.422026
        ]
      },
      "properties": {
        "id": 477,
        "name": "MTO#4-L/S-MANAILE LAT A",
        "type": "Turnout",
        "Structure_Category": "Turnout (TO)",
        "canal_name": "MANAILE LATERAL A",
        "station": "STA 1+190.8",
        "station_m": 1190.76,
        "offset_m": 0,
        "ele": 70.28,
        "desc": "",
        "comment": "",
        "images": "1000GRMN/DSC00164.jpg",
        "elevation_m": 70.28,
        "photo_filename": "DSC00164.jpg",
        "photo_path": "1000GRMN/DSC00164.jpg",
        "surveyor_comment": null,
        "survey_date": "2023-9-5"
      }
    },
    {
      "type": "Feature",
      "geometry": {
        "type": "Point",
        "coordinates": [
          118.440358,
          9.417978
        ]
      },
      "properties": {
        "id": 483,
        "name": "MTO#5-L/S-MANAILE LAT A",
        "type": "Turnout",
        "Structure_Category": "Turnout (TO)",
        "canal_name": "MANAILE LATERAL A",
        "station": "STA 1+915.3",
        "station_m": 1915.27,
        "offset_m": 1.61,
        "ele": 64.84,
        "desc": "",
        "comment": "",
        "images": "1000GRMN/DSC00170.jpg",
        "elevation_m": 64.84,
        "photo_filename": "DSC00170.jpg",
        "photo_path": "1000GRMN/DSC00170.jpg",
        "surveyor_comment": null,
        "survey_date": "2023-9-5"
      }
    },
    {
      "type": "Feature",
      "geometry": {
        "type": "Point",
        "coordinates": [
          118.440384,
          9.418006
        ]
      },
      "properties": {
        "id": 484,
        "name": "MTO#6-L/S-MANAILE LAT A",
        "type": "Turnout",
        "Structure_Category": "Turnout (TO)",
        "canal_name": "MANAILE LATERAL A",
        "station": "STA 1+916.2",
        "station_m": 1916.19,
        "offset_m": 2.51,
        "ele": 64.85,
        "desc": "",
        "comment": "",
        "images": "1000GRMN/DSC00171.jpg",
        "elevation_m": 64.85,
        "photo_filename": "DSC00171.jpg",
        "photo_path": "1000GRMN/DSC00171.jpg",
        "surveyor_comment": null,
        "survey_date": "2023-9-5"
      }
    },
    {
      "type": "Feature",
      "geometry": {
        "type": "Point",
        "coordinates": [
          118.442846,
          9.416508
        ]
      },
      "properties": {
        "id": 487,
        "name": "MTO#8-R/S-MANAILE LAT A",
        "type": "Turnout",
        "Structure_Category": "Turnout (TO)",
        "canal_name": "MANAILE LATERAL A",
        "station": "STA 2+234.7",
        "station_m": 2234.65,
        "offset_m": 1.61,
        "ele": 60.06,
        "desc": "",
        "comment": "",
        "images": "1000GRMN/DSC00174.jpg",
        "elevation_m": 60.06,
        "photo_filename": "DSC00174.jpg",
        "photo_path": "1000GRMN/DSC00174.jpg",
        "surveyor_comment": null,
        "survey_date": "2023-9-5"
      }
    },
    {
      "type": "Feature",
      "geometry": {
        "type": "Point",
        "coordinates": [
          118.446264,
          9.415109
        ]
      },
      "properties": {
        "id": 491,
        "name": "MTO#9-R/S-MANAILE LAT A",
        "type": "Turnout",
        "Structure_Category": "Turnout (TO)",
        "canal_name": "MANAILE LATERAL A",
        "station": "STA 2+644.3",
        "station_m": 2644.34,
        "offset_m": 0,
        "ele": 53.94,
        "desc": "",
        "comment": "",
        "images": "1000GRMN/DSC00178.jpg",
        "elevation_m": 53.94,
        "photo_filename": "DSC00178.jpg",
        "photo_path": "1000GRMN/DSC00178.jpg",
        "surveyor_comment": null,
        "survey_date": "2023-9-5"
      }
    },
    {
      "type": "Feature",
      "geometry": {
        "type": "Point",
        "coordinates": [
          118.450049,
          9.414618
        ]
      },
      "properties": {
        "id": 493,
        "name": "MTO#10-R/S-MANAILE LAT A",
        "type": "Turnout",
        "Structure_Category": "Turnout (TO)",
        "canal_name": "MANAILE LATERAL A",
        "station": "STA 3+078.5",
        "station_m": 3078.5,
        "offset_m": 0,
        "ele": 52.63,
        "desc": "",
        "comment": "",
        "images": "1000GRMN/DSC00180.jpg",
        "elevation_m": 52.63,
        "photo_filename": "DSC00180.jpg",
        "photo_path": "1000GRMN/DSC00180.jpg",
        "surveyor_comment": null,
        "survey_date": "2023-9-5"
      }
    },
    {
      "type": "Feature",
      "geometry": {
        "type": "Point",
        "coordinates": [
          118.442858,
          9.41654
        ]
      },
      "properties": {
        "id": 488,
        "name": "MTO#7-L/S-MANAILE LAT A",
        "type": "Turnout",
        "Structure_Category": "Turnout (TO)",
        "canal_name": "MANAILE LATERAL A",
        "station": "STA 2+234.4",
        "station_m": 2234.44,
        "offset_m": 2.17,
        "ele": 60.57,
        "desc": "",
        "comment": "",
        "images": "1000GRMN/DSC00175.jpg",
        "elevation_m": 60.57,
        "photo_filename": "DSC00175.jpg",
        "photo_path": "1000GRMN/DSC00175.jpg",
        "surveyor_comment": null,
        "survey_date": "2023-9-5"
      }
    },
    {
      "type": "Feature",
      "geometry": {
        "type": "Point",
        "coordinates": [
          118.451476,
          9.414389
        ]
      },
      "properties": {
        "id": 495,
        "name": "END E-CANAL, START V-LINING",
        "type": "Station",
        "Structure_Category": "Other Structures",
        "canal_name": "MANAILE LATERAL A",
        "station": "STA 3+238.1",
        "station_m": 3238.06,
        "offset_m": 0,
        "ele": 52.63,
        "desc": "",
        "comment": "",
        "images": "1000GRMN/DSC00182.jpg",
        "elevation_m": 52.63,
        "photo_filename": "DSC00182.jpg",
        "photo_path": "1000GRMN/DSC00182.jpg",
        "surveyor_comment": null,
        "survey_date": "2023-9-5"
      }
    },
    {
      "type": "Feature",
      "geometry": {
        "type": "Point",
        "coordinates": [
          118.452874,
          9.414174
        ]
      },
      "properties": {
        "id": 498,
        "name": "CART CROSSING STA.",
        "type": "Thresher Crossing",
        "Structure_Category": "Thresher Crossing",
        "canal_name": "MANAILE LATERAL A",
        "station": "STA 3+393.9",
        "station_m": 3393.86,
        "offset_m": 0,
        "ele": 52.63,
        "desc": "",
        "comment": "",
        "images": "1000GRMN/DSC00185.jpg",
        "elevation_m": 52.63,
        "photo_filename": "DSC00185.jpg",
        "photo_path": "1000GRMN/DSC00185.jpg",
        "surveyor_comment": null,
        "survey_date": "2023-9-5"
      }
    },
    {
      "type": "Feature",
      "geometry": {
        "type": "Point",
        "coordinates": [
          118.45325,
          9.413982
        ]
      },
      "properties": {
        "id": 499,
        "name": "END V-LINING, START E-CANAL STA.",
        "type": "Station",
        "Structure_Category": "Other Structures",
        "canal_name": "MANAILE LATERAL A",
        "station": "STA 3+441.3",
        "station_m": 3441.33,
        "offset_m": 0,
        "ele": 52.63,
        "desc": "",
        "comment": "",
        "images": "1000GRMN/DSC00186.jpg",
        "elevation_m": 52.63,
        "photo_filename": "DSC00186.jpg",
        "photo_path": "1000GRMN/DSC00186.jpg",
        "surveyor_comment": null,
        "survey_date": "2023-9-5"
      }
    },
    {
      "type": "Feature",
      "geometry": {
        "type": "Point",
        "coordinates": [
          118.45472,
          9.41145
        ]
      },
      "properties": {
        "id": 500,
        "name": "RCP CROSSING COMB. V-DROP",
        "type": "Road Crossing",
        "Structure_Category": "Road Crossing",
        "canal_name": "MANAILE LATERAL A",
        "station": "STA 3+766.2",
        "station_m": 3766.21,
        "offset_m": 0,
        "ele": 52.63,
        "desc": "",
        "comment": "",
        "images": "1000GRMN/DSC00187.jpg",
        "elevation_m": 52.63,
        "photo_filename": "DSC00187.jpg",
        "photo_path": "1000GRMN/DSC00187.jpg",
        "surveyor_comment": null,
        "survey_date": "2023-9-5"
      }
    },
    {
      "type": "Feature",
      "geometry": {
        "type": "Point",
        "coordinates": [
          118.456839,
          9.40728
        ]
      },
      "properties": {
        "id": 501,
        "name": "RCP CROSSING AND END CHECK STA.",
        "type": "Road Crossing",
        "Structure_Category": "Road Crossing",
        "canal_name": "MANAILE LATERAL A",
        "station": "STA 4+307.9",
        "station_m": 4307.87,
        "offset_m": 0,
        "ele": 52.63,
        "desc": "",
        "comment": "",
        "images": "1000GRMN/DSC00188.jpg",
        "elevation_m": 52.63,
        "photo_filename": "DSC00188.jpg",
        "photo_path": "1000GRMN/DSC00188.jpg",
        "surveyor_comment": null,
        "survey_date": "2023-9-5"
      }
    },
    {
      "type": "Feature",
      "geometry": {
        "type": "Point",
        "coordinates": [
          118.465688,
          9.405351
        ]
      },
      "properties": {
        "id": 502,
        "name": "INTAKE STRUCTURE",
        "type": "Intake",
        "Structure_Category": "Inlet",
        "canal_name": "TIGMAN MAIN CANAL",
        "station": "STA 0+000.0",
        "station_m": 0,
        "offset_m": 0,
        "ele": -22.84,
        "desc": "",
        "comment": "",
        "images": "1000GRMN/DSC00049.jpg",
        "elevation_m": -22.84,
        "photo_filename": "DSC00049.jpg",
        "photo_path": "1000GRMN/DSC00049.jpg",
        "surveyor_comment": null,
        "survey_date": "2023-9-6"
      }
    },
    {
      "type": "Feature",
      "geometry": {
        "type": "Point",
        "coordinates": [
          118.465907,
          9.405523
        ]
      },
      "properties": {
        "id": 503,
        "name": "THRESHER CROSSING",
        "type": "Thresher Crossing",
        "Structure_Category": "Thresher Crossing",
        "canal_name": "TIGMAN MAIN CANAL",
        "station": "STA 0+030.8",
        "station_m": 30.75,
        "offset_m": 0,
        "ele": -22.83,
        "desc": "",
        "comment": "",
        "images": "1000GRMN/DSC00050.jpg",
        "elevation_m": -22.83,
        "photo_filename": "DSC00050.jpg",
        "photo_path": "1000GRMN/DSC00050.jpg",
        "surveyor_comment": null,
        "survey_date": "2023-9-6"
      }
    },
    {
      "type": "Feature",
      "geometry": {
        "type": "Point",
        "coordinates": [
          118.466022,
          9.405557
        ]
      },
      "properties": {
        "id": 504,
        "name": "START TRAPEZOIDAL CANAL",
        "type": "Station",
        "Structure_Category": "Other Structures",
        "canal_name": "TIGMAN MAIN CANAL",
        "station": "STA 0+044.0",
        "station_m": 43.96,
        "offset_m": 0,
        "ele": -24.42,
        "desc": "",
        "comment": "",
        "images": "1000GRMN/DSC00051.jpg",
        "elevation_m": -24.42,
        "photo_filename": "DSC00051.jpg",
        "photo_path": "1000GRMN/DSC00051.jpg",
        "surveyor_comment": null,
        "survey_date": "2023-9-6"
      }
    },
    {
      "type": "Feature",
      "geometry": {
        "type": "Point",
        "coordinates": [
          118.466507,
          9.405691
        ]
      },
      "properties": {
        "id": 505,
        "name": "PARSHALL FLUME",
        "type": "Water Gauge",
        "Structure_Category": "Parshall Flume",
        "canal_name": "TIGMAN MAIN CANAL",
        "station": "STA 0+101.4",
        "station_m": 101.4,
        "offset_m": 0,
        "ele": -23.88,
        "desc": "",
        "comment": "",
        "images": "1000GRMN/DSC00052.jpg",
        "elevation_m": -23.88,
        "photo_filename": "DSC00052.jpg",
        "photo_path": "1000GRMN/DSC00052.jpg",
        "surveyor_comment": null,
        "survey_date": "2023-9-6"
      }
    },
    {
      "type": "Feature",
      "geometry": {
        "type": "Point",
        "coordinates": [
          118.472491,
          9.403005
        ]
      },
      "properties": {
        "id": 509,
        "name": "THRESHER CROSSING",
        "type": "Thresher Crossing",
        "Structure_Category": "Thresher Crossing",
        "canal_name": "TIGMAN MAIN CANAL",
        "station": "STA 0+896.2",
        "station_m": 896.24,
        "offset_m": 0,
        "ele": -16.33,
        "desc": "",
        "comment": "",
        "images": "1000GRMN/DSC00056.jpg",
        "elevation_m": -16.33,
        "photo_filename": "DSC00056.jpg",
        "photo_path": "1000GRMN/DSC00056.jpg",
        "surveyor_comment": null,
        "survey_date": "2023-9-6"
      }
    },
    {
      "type": "Feature",
      "geometry": {
        "type": "Point",
        "coordinates": [
          118.472437,
          9.402989
        ]
      },
      "properties": {
        "id": 508,
        "name": "DRAINAGE CROSSING",
        "type": "Drainage",
        "Structure_Category": "Drainage",
        "canal_name": "TIGMAN MAIN CANAL",
        "station": "STA 0+895.0",
        "station_m": 894.95,
        "offset_m": 6.07,
        "ele": -16.33,
        "desc": "",
        "comment": "",
        "images": "1000GRMN/DSC00055.jpg",
        "elevation_m": -16.33,
        "photo_filename": "DSC00055.jpg",
        "photo_path": "1000GRMN/DSC00055.jpg",
        "surveyor_comment": null,
        "survey_date": "2023-9-6"
      }
    },
    {
      "type": "Feature",
      "geometry": {
        "type": "Point",
        "coordinates": [
          118.473759,
          9.400791
        ]
      },
      "properties": {
        "id": 510,
        "name": "END TRAPEZOIDAL CANAL/ START OF V-LINING",
        "type": "Station",
        "Structure_Category": "Other Structures",
        "canal_name": "TIGMAN MAIN CANAL",
        "station": "STA 1+178.8",
        "station_m": 1178.84,
        "offset_m": 0,
        "ele": -16.34,
        "desc": "",
        "comment": "",
        "images": "1000GRMN/DSC00057.jpg",
        "elevation_m": -16.34,
        "photo_filename": "DSC00057.jpg",
        "photo_path": "1000GRMN/DSC00057.jpg",
        "surveyor_comment": null,
        "survey_date": "2023-9-6"
      }
    },
    {
      "type": "Feature",
      "geometry": {
        "type": "Point",
        "coordinates": [
          118.474022,
          9.400432
        ]
      },
      "properties": {
        "id": 512,
        "name": "THRESHER CROSSING",
        "type": "Thresher Crossing",
        "Structure_Category": "Thresher Crossing",
        "canal_name": "TIGMAN MAIN CANAL",
        "station": "STA 1+228.1",
        "station_m": 1228.1,
        "offset_m": 0,
        "ele": -16.33,
        "desc": "",
        "comment": "",
        "images": "1000GRMN/DSC00059.jpg",
        "elevation_m": -16.33,
        "photo_filename": "DSC00059.jpg",
        "photo_path": "1000GRMN/DSC00059.jpg",
        "surveyor_comment": null,
        "survey_date": "2023-9-6"
      }
    },
    {
      "type": "Feature",
      "geometry": {
        "type": "Point",
        "coordinates": [
          118.475104,
          9.396302
        ]
      },
      "properties": {
        "id": 513,
        "name": "THRESHER CROSSING",
        "type": "Thresher Crossing",
        "Structure_Category": "Thresher Crossing",
        "canal_name": "TIGMAN MAIN CANAL",
        "station": "STA 1+801.3",
        "station_m": 1801.35,
        "offset_m": 0,
        "ele": -16.34,
        "desc": "",
        "comment": "",
        "images": "1000GRMN/DSC00060.jpg",
        "elevation_m": -16.34,
        "photo_filename": "DSC00060.jpg",
        "photo_path": "1000GRMN/DSC00060.jpg",
        "surveyor_comment": null,
        "survey_date": "2023-9-6"
      }
    },
    {
      "type": "Feature",
      "geometry": {
        "type": "Point",
        "coordinates": [
          118.47557,
          9.394487
        ]
      },
      "properties": {
        "id": 514,
        "name": "DRAINAGE CROSSING",
        "type": "Drainage",
        "Structure_Category": "Drainage",
        "canal_name": "TIGMAN MAIN CANAL",
        "station": "STA 2+058.8",
        "station_m": 2058.78,
        "offset_m": 7.84,
        "ele": -16.33,
        "desc": "",
        "comment": "",
        "images": "1000GRMN/DSC00061.jpg",
        "elevation_m": -16.33,
        "photo_filename": "DSC00061.jpg",
        "photo_path": "1000GRMN/DSC00061.jpg",
        "surveyor_comment": null,
        "survey_date": "2023-9-6"
      }
    },
    {
      "type": "Feature",
      "geometry": {
        "type": "Point",
        "coordinates": [
          118.476121,
          9.393988
        ]
      },
      "properties": {
        "id": 515,
        "name": "UNAUTHORIZED TURNOUT",
        "type": "Unauthorized Turnout",
        "Structure_Category": "Turnout (TO)",
        "canal_name": "TIGMAN MAIN CANAL",
        "station": "STA 2+140.5",
        "station_m": 2140.53,
        "offset_m": 0,
        "ele": -15.82,
        "desc": "",
        "comment": "",
        "images": "1000GRMN/DSC00062.jpg",
        "elevation_m": -15.82,
        "photo_filename": "DSC00062.jpg",
        "photo_path": "1000GRMN/DSC00062.jpg",
        "surveyor_comment": null,
        "survey_date": "2023-9-6"
      }
    },
    {
      "type": "Feature",
      "geometry": {
        "type": "Point",
        "coordinates": [
          118.479923,
          9.393164
        ]
      },
      "properties": {
        "id": 517,
        "name": "DRAINAGE INLET",
        "type": "Drainage",
        "Structure_Category": "Drainage",
        "canal_name": "TIGMAN MAIN CANAL",
        "station": "STA 2+726.2",
        "station_m": 2726.23,
        "offset_m": 8.33,
        "ele": -15.83,
        "desc": "",
        "comment": "",
        "images": "1000GRMN/DSC00064.jpg",
        "elevation_m": -15.83,
        "photo_filename": "DSC00064.jpg",
        "photo_path": "1000GRMN/DSC00064.jpg",
        "surveyor_comment": null,
        "survey_date": "2023-9-6"
      }
    },
    {
      "type": "Feature",
      "geometry": {
        "type": "Point",
        "coordinates": [
          118.481059,
          9.391458
        ]
      },
      "properties": {
        "id": 518,
        "name": "THRESHER CROSSING",
        "type": "Thresher Crossing",
        "Structure_Category": "Thresher Crossing",
        "canal_name": "TIGMAN MAIN CANAL",
        "station": "STA 2+995.0",
        "station_m": 2995.03,
        "offset_m": 0,
        "ele": -15.83,
        "desc": "",
        "comment": "",
        "images": "1000GRMN/DSC00065.jpg",
        "elevation_m": -15.83,
        "photo_filename": "DSC00065.jpg",
        "photo_path": "1000GRMN/DSC00065.jpg",
        "surveyor_comment": null,
        "survey_date": "2023-9-6"
      }
    },
    {
      "type": "Feature",
      "geometry": {
        "type": "Point",
        "coordinates": [
          118.483033,
          9.386882
        ]
      },
      "properties": {
        "id": 520,
        "name": "THRESHER CROSSING",
        "type": "Thresher Crossing",
        "Structure_Category": "Thresher Crossing",
        "canal_name": "TIGMAN MAIN CANAL",
        "station": "STA 3+600.9",
        "station_m": 3600.92,
        "offset_m": 0,
        "ele": -15.82,
        "desc": "",
        "comment": "",
        "images": "1000GRMN/DSC00067.jpg",
        "elevation_m": -15.82,
        "photo_filename": "DSC00067.jpg",
        "photo_path": "1000GRMN/DSC00067.jpg",
        "surveyor_comment": null,
        "survey_date": "2023-9-6"
      }
    },
    {
      "type": "Feature",
      "geometry": {
        "type": "Point",
        "coordinates": [
          118.485543,
          9.387198
        ]
      },
      "properties": {
        "id": 521,
        "name": "CART CROSSING",
        "type": "Thresher Crossing",
        "Structure_Category": "Thresher Crossing",
        "canal_name": "TIGMAN MAIN CANAL",
        "station": "STA 3+897.6",
        "station_m": 3897.61,
        "offset_m": 0,
        "ele": -15.83,
        "desc": "",
        "comment": "",
        "images": "1000GRMN/DSC00068.jpg",
        "elevation_m": -15.83,
        "photo_filename": "DSC00068.jpg",
        "photo_path": "1000GRMN/DSC00068.jpg",
        "surveyor_comment": null,
        "survey_date": "2023-9-6"
      }
    },
    {
      "type": "Feature",
      "geometry": {
        "type": "Point",
        "coordinates": [
          118.486574,
          9.388752
        ]
      },
      "properties": {
        "id": 554,
        "name": "ROAD CROSSING",
        "type": "Road Crossing",
        "Structure_Category": "Road Crossing",
        "canal_name": "TIGMAN MAIN CANAL",
        "station": "STA 4+106.0",
        "station_m": 4106.04,
        "offset_m": 0,
        "ele": 26.99,
        "desc": "",
        "comment": "",
        "images": "1000GRMN/DSC00189.jpg",
        "elevation_m": 26.99,
        "photo_filename": "DSC00189.jpg",
        "photo_path": "1000GRMN/DSC00189.jpg",
        "surveyor_comment": null,
        "survey_date": "2023-9-12"
      }
    },
    {
      "type": "Feature",
      "geometry": {
        "type": "Point",
        "coordinates": [
          118.487911,
          9.391413
        ]
      },
      "properties": {
        "id": 557,
        "name": "CHECK STR. COMB. ROAD CROSSING",
        "type": "Check Gate",
        "Structure_Category": "Check Gate",
        "canal_name": "TIGMAN MAIN CANAL",
        "station": "STA 4+435.9",
        "station_m": 4435.85,
        "offset_m": 1.94,
        "ele": 27,
        "desc": "",
        "comment": "",
        "images": "1000GRMN/DSC00192.jpg",
        "elevation_m": 27,
        "photo_filename": "DSC00192.jpg",
        "photo_path": "1000GRMN/DSC00192.jpg",
        "surveyor_comment": null,
        "survey_date": "2023-9-12"
      }
    },
    {
      "type": "Feature",
      "geometry": {
        "type": "Point",
        "coordinates": [
          118.49073,
          9.394134
        ]
      },
      "properties": {
        "id": 560,
        "name": "THRESHER CROSSING",
        "type": "Thresher Crossing",
        "Structure_Category": "Thresher Crossing",
        "canal_name": "TIGMAN MAIN CANAL",
        "station": "STA 4+878.9",
        "station_m": 4878.94,
        "offset_m": 0,
        "ele": 27,
        "desc": "",
        "comment": "",
        "images": "1000GRMN/DSC00195.jpg",
        "elevation_m": 27,
        "photo_filename": "DSC00195.jpg",
        "photo_path": "1000GRMN/DSC00195.jpg",
        "surveyor_comment": null,
        "survey_date": "2023-9-12"
      }
    },
    {
      "type": "Feature",
      "geometry": {
        "type": "Point",
        "coordinates": [
          118.487983,
          9.391458
        ]
      },
      "properties": {
        "id": 558,
        "name": "END V-LINING/ START OF EARTH CANAL",
        "type": "Station",
        "Structure_Category": "Other Structures",
        "canal_name": "TIGMAN MAIN CANAL",
        "station": "STA 4+445.0",
        "station_m": 4445.02,
        "offset_m": 0,
        "ele": 27,
        "desc": "",
        "comment": "",
        "images": "1000GRMN/DSC00193.jpg",
        "elevation_m": 27,
        "photo_filename": "DSC00193.jpg",
        "photo_path": "1000GRMN/DSC00193.jpg",
        "surveyor_comment": null,
        "survey_date": "2023-9-12"
      }
    },
    {
      "type": "Feature",
      "geometry": {
        "type": "Point",
        "coordinates": [
          118.487936,
          9.391322
        ]
      },
      "properties": {
        "id": 564,
        "name": "ROAD CROSSING COMB.V-DROP",
        "type": "Road Crossing",
        "Structure_Category": "Road Crossing",
        "canal_name": "TIGMAN LATERAL B",
        "station": "STA 0+007.4",
        "station_m": 7.4,
        "offset_m": 0,
        "ele": 29.06,
        "desc": "",
        "comment": "",
        "images": "1000GRMN/DSC00200.jpg",
        "elevation_m": 29.06,
        "photo_filename": "DSC00200.jpg",
        "photo_path": "1000GRMN/DSC00200.jpg",
        "surveyor_comment": null,
        "survey_date": "2023-9-12"
      }
    },
    {
      "type": "Feature",
      "geometry": {
        "type": "Point",
        "coordinates": [
          118.488048,
          9.391313
        ]
      },
      "properties": {
        "id": 565,
        "name": "START EARTH CANAL",
        "type": "Station",
        "Structure_Category": "Other Structures",
        "canal_name": "TIGMAN LATERAL B",
        "station": "STA 0+019.8",
        "station_m": 19.77,
        "offset_m": 0,
        "ele": 29.06,
        "desc": "",
        "comment": "",
        "images": "1000GRMN/DSC00201.jpg",
        "elevation_m": 29.06,
        "photo_filename": "DSC00201.jpg",
        "photo_path": "1000GRMN/DSC00201.jpg",
        "surveyor_comment": null,
        "survey_date": "2023-9-12"
      }
    },
    {
      "type": "Feature",
      "geometry": {
        "type": "Point",
        "coordinates": [
          118.492989,
          9.388519
        ]
      },
      "properties": {
        "id": 568,
        "name": "END EARTH CANAL/ START V-LINING",
        "type": "Station",
        "Structure_Category": "Other Structures",
        "canal_name": "TIGMAN LATERAL B",
        "station": "STA 0+661.8",
        "station_m": 661.81,
        "offset_m": 0,
        "ele": 29.04,
        "desc": "",
        "comment": "",
        "images": "1000GRMN/DSC00204.jpg",
        "elevation_m": 29.04,
        "photo_filename": "DSC00204.jpg",
        "photo_path": "1000GRMN/DSC00204.jpg",
        "surveyor_comment": null,
        "survey_date": "2023-9-12"
      }
    },
    {
      "type": "Feature",
      "geometry": {
        "type": "Point",
        "coordinates": [
          118.49329,
          9.388446
        ]
      },
      "properties": {
        "id": 570,
        "name": "ROAD CROSSING COMB.V-DROP",
        "type": "Road Crossing",
        "Structure_Category": "Road Crossing",
        "canal_name": "TIGMAN LATERAL B",
        "station": "STA 0+695.9",
        "station_m": 695.93,
        "offset_m": 0,
        "ele": 29.05,
        "desc": "",
        "comment": "",
        "images": "1000GRMN/DSC00206.jpg",
        "elevation_m": 29.05,
        "photo_filename": "DSC00206.jpg",
        "photo_path": "1000GRMN/DSC00206.jpg",
        "surveyor_comment": null,
        "survey_date": "2023-9-12"
      }
    },
    {
      "type": "Feature",
      "geometry": {
        "type": "Point",
        "coordinates": [
          118.496754,
          9.387803
        ]
      },
      "properties": {
        "id": 571,
        "name": "CART CROSSING",
        "type": "Thresher Crossing",
        "Structure_Category": "Thresher Crossing",
        "canal_name": "TIGMAN LATERAL B",
        "station": "STA 1+084.0",
        "station_m": 1084.02,
        "offset_m": 0,
        "ele": 29.04,
        "desc": "",
        "comment": "",
        "images": "1000GRMN/DSC00207.jpg",
        "elevation_m": 29.04,
        "photo_filename": "DSC00207.jpg",
        "photo_path": "1000GRMN/DSC00207.jpg",
        "surveyor_comment": null,
        "survey_date": "2023-9-12"
      }
    },
    {
      "type": "Feature",
      "geometry": {
        "type": "Point",
        "coordinates": [
          118.497569,
          9.387678
        ]
      },
      "properties": {
        "id": 573,
        "name": "CART CROSSING",
        "type": "Thresher Crossing",
        "Structure_Category": "Thresher Crossing",
        "canal_name": "TIGMAN LATERAL B",
        "station": "STA 1+174.8",
        "station_m": 1174.84,
        "offset_m": 0,
        "ele": 29.04,
        "desc": "",
        "comment": "",
        "images": "1000GRMN/DSC00209.jpg",
        "elevation_m": 29.04,
        "photo_filename": "DSC00209.jpg",
        "photo_path": "1000GRMN/DSC00209.jpg",
        "surveyor_comment": null,
        "survey_date": "2023-9-12"
      }
    },
    {
      "type": "Feature",
      "geometry": {
        "type": "Point",
        "coordinates": [
          118.498665,
          9.387584
        ]
      },
      "properties": {
        "id": 574,
        "name": "INCLINED DROP",
        "type": "Drop",
        "Structure_Category": "Drop",
        "canal_name": "TIGMAN LATERAL B",
        "station": "STA 1+297.2",
        "station_m": 1297.25,
        "offset_m": 0,
        "ele": 29.05,
        "desc": "",
        "comment": "",
        "images": "1000GRMN/DSC00210.jpg",
        "elevation_m": 29.05,
        "photo_filename": "DSC00210.jpg",
        "photo_path": "1000GRMN/DSC00210.jpg",
        "surveyor_comment": null,
        "survey_date": "2023-9-12"
      }
    },
    {
      "type": "Feature",
      "geometry": {
        "type": "Point",
        "coordinates": [
          118.502503,
          9.387679
        ]
      },
      "properties": {
        "id": 576,
        "name": "END CHECK. ROAD CROSSING",
        "type": "Station",
        "Structure_Category": "Other Structures",
        "canal_name": "TIGMAN LATERAL B",
        "station": "STA 1+733.6",
        "station_m": 1733.63,
        "offset_m": 0,
        "ele": 25.42,
        "desc": "",
        "comment": "",
        "images": "1000GRMN/DSC00212.jpg",
        "elevation_m": 25.42,
        "photo_filename": "DSC00212.jpg",
        "photo_path": "1000GRMN/DSC00212.jpg",
        "surveyor_comment": null,
        "survey_date": "2023-9-12"
      }
    },
    {
      "type": "Feature",
      "geometry": {
        "type": "Point",
        "coordinates": [
          118.45554,
          9.392042
        ]
      },
      "properties": {
        "id": 524,
        "name": "THRESHER CROSSING",
        "type": "Thresher Crossing",
        "Structure_Category": "Thresher Crossing",
        "canal_name": "TIGMAN SUPP.CANAL",
        "station": "STA 2+503.4",
        "station_m": 2503.37,
        "offset_m": 0,
        "ele": -13.45,
        "desc": "",
        "comment": "",
        "images": "1000GRMN/DSC00400.jpg",
        "elevation_m": -13.45,
        "photo_filename": "DSC00400.jpg",
        "photo_path": "1000GRMN/DSC00400.jpg",
        "surveyor_comment": null,
        "survey_date": "2023-9-6"
      }
    },
    {
      "type": "Feature",
      "geometry": {
        "type": "Point",
        "coordinates": [
          118.455525,
          9.392096
        ]
      },
      "properties": {
        "id": 525,
        "name": "START OF VERTICAL LINING",
        "type": "Station",
        "Structure_Category": "Other Structures",
        "canal_name": "TIGMAN SUPP.CANAL",
        "station": "STA 2+497.2",
        "station_m": 2497.15,
        "offset_m": 0,
        "ele": -13.44,
        "desc": "",
        "comment": "",
        "images": "1000GRMN/DSC00401.jpg",
        "elevation_m": -13.44,
        "photo_filename": "DSC00401.jpg",
        "photo_path": "1000GRMN/DSC00401.jpg",
        "surveyor_comment": null,
        "survey_date": "2023-9-6"
      }
    },
    {
      "type": "Feature",
      "geometry": {
        "type": "Point",
        "coordinates": [
          118.455419,
          9.393385
        ]
      },
      "properties": {
        "id": 528,
        "name": "END EARTH CANAL/ START OF TRAPEZOIDAL CANAL",
        "type": "Station",
        "Structure_Category": "Other Structures",
        "canal_name": "TIGMAN SUPP.CANAL",
        "station": "STA 2+353.7",
        "station_m": 2353.7,
        "offset_m": 0,
        "ele": -13.43,
        "desc": "",
        "comment": "",
        "images": "1000GRMN/DSC00404.jpg",
        "elevation_m": -13.43,
        "photo_filename": "DSC00404.jpg",
        "photo_path": "1000GRMN/DSC00404.jpg",
        "surveyor_comment": null,
        "survey_date": "2023-9-6"
      }
    },
    {
      "type": "Feature",
      "geometry": {
        "type": "Point",
        "coordinates": [
          118.455523,
          9.392187
        ]
      },
      "properties": {
        "id": 526,
        "name": "DRAINAGE INLET",
        "type": "Drainage",
        "Structure_Category": "Drainage",
        "canal_name": "TIGMAN SUPP.CANAL",
        "station": "STA 2+487.1",
        "station_m": 2487.06,
        "offset_m": 0,
        "ele": -13.44,
        "desc": "",
        "comment": "",
        "images": "1000GRMN/DSC00402.jpg",
        "elevation_m": -13.44,
        "photo_filename": "DSC00402.jpg",
        "photo_path": "1000GRMN/DSC00402.jpg",
        "surveyor_comment": null,
        "survey_date": "2023-9-6"
      }
    },
    {
      "type": "Feature",
      "geometry": {
        "type": "Point",
        "coordinates": [
          118.4554,
          9.393532
        ]
      },
      "properties": {
        "id": 529,
        "name": "END TRAPEZOIDAL CANAL/ START OF V-LINING",
        "type": "Station",
        "Structure_Category": "Other Structures",
        "canal_name": "TIGMAN SUPP.CANAL",
        "station": "STA 2+337.3",
        "station_m": 2337.26,
        "offset_m": 0,
        "ele": -13.43,
        "desc": "",
        "comment": "",
        "images": "1000GRMN/DSC00405.jpg",
        "elevation_m": -13.43,
        "photo_filename": "DSC00405.jpg",
        "photo_path": "1000GRMN/DSC00405.jpg",
        "surveyor_comment": null,
        "survey_date": "2023-9-6"
      }
    },
    {
      "type": "Feature",
      "geometry": {
        "type": "Point",
        "coordinates": [
          118.455349,
          9.394439
        ]
      },
      "properties": {
        "id": 530,
        "name": "TURN OUT # 1 (R/S)",
        "type": "Turnout",
        "Structure_Category": "Turnout (TO)",
        "canal_name": "TIGMAN SUPP.CANAL",
        "station": "STA 2+236.5",
        "station_m": 2236.52,
        "offset_m": 0,
        "ele": -13.43,
        "desc": "",
        "comment": "",
        "images": "1000GRMN/DSC00406.jpg",
        "elevation_m": -13.43,
        "photo_filename": "DSC00406.jpg",
        "photo_path": "1000GRMN/DSC00406.jpg",
        "surveyor_comment": null,
        "survey_date": "2023-9-6"
      }
    },
    {
      "type": "Feature",
      "geometry": {
        "type": "Point",
        "coordinates": [
          118.455201,
          9.395797
        ]
      },
      "properties": {
        "id": 531,
        "name": "DRAINAGE CROSSING",
        "type": "Drainage",
        "Structure_Category": "Drainage",
        "canal_name": "TIGMAN SUPP.CANAL",
        "station": "STA 2+085.0",
        "station_m": 2085.03,
        "offset_m": 0,
        "ele": -13.43,
        "desc": "",
        "comment": "",
        "images": "1000GRMN/DSC00407.jpg",
        "elevation_m": -13.43,
        "photo_filename": "DSC00407.jpg",
        "photo_path": "1000GRMN/DSC00407.jpg",
        "surveyor_comment": null,
        "survey_date": "2023-9-6"
      }
    },
    {
      "type": "Feature",
      "geometry": {
        "type": "Point",
        "coordinates": [
          118.45519,
          9.395835
        ]
      },
      "properties": {
        "id": 532,
        "name": "END V-LINING/ START OF TRAPEZOIDAL CANAL",
        "type": "Station",
        "Structure_Category": "Other Structures",
        "canal_name": "TIGMAN SUPP.CANAL",
        "station": "STA 2+080.6",
        "station_m": 2080.64,
        "offset_m": 0,
        "ele": -13.43,
        "desc": "",
        "comment": "",
        "images": "1000GRMN/DSC00408.jpg",
        "elevation_m": -13.43,
        "photo_filename": "DSC00408.jpg",
        "photo_path": "1000GRMN/DSC00408.jpg",
        "surveyor_comment": null,
        "survey_date": "2023-9-6"
      }
    },
    {
      "type": "Feature",
      "geometry": {
        "type": "Point",
        "coordinates": [
          118.455366,
          9.396893
        ]
      },
      "properties": {
        "id": 533,
        "name": "ROAD CROSSING COMB. V-DROP",
        "type": "Station",
        "Structure_Category": "Drop",
        "canal_name": "TIGMAN SUPP.CANAL",
        "station": "STA 1+959.2",
        "station_m": 1959.18,
        "offset_m": 0,
        "ele": -13.43,
        "desc": "",
        "comment": "",
        "images": "1000GRMN/DSC00409.jpg",
        "elevation_m": -13.43,
        "photo_filename": "DSC00409.jpg",
        "photo_path": "1000GRMN/DSC00409.jpg",
        "surveyor_comment": null,
        "survey_date": "2023-9-6"
      }
    },
    {
      "type": "Feature",
      "geometry": {
        "type": "Point",
        "coordinates": [
          118.473953,
          9.400515
        ]
      },
      "properties": {
        "id": 511,
        "name": "DMTO#2-R/S-TIGMAN MC",
        "type": "Turnout",
        "Structure_Category": "Turnout (TO)",
        "canal_name": "TIGMAN MAIN CANAL",
        "station": "STA 1+216.2",
        "station_m": 1216.16,
        "offset_m": 0,
        "ele": -16.33,
        "desc": "",
        "comment": "",
        "images": "1000GRMN/DSC00058.jpg",
        "elevation_m": -16.33,
        "photo_filename": "DSC00058.jpg",
        "photo_path": "1000GRMN/DSC00058.jpg",
        "surveyor_comment": null,
        "survey_date": "2023-9-6"
      }
    },
    {
      "type": "Feature",
      "geometry": {
        "type": "Point",
        "coordinates": [
          118.485606,
          9.38722
        ]
      },
      "properties": {
        "id": 522,
        "name": "DMTO#4-R/S-TIGMAN MC",
        "type": "Turnout",
        "Structure_Category": "Turnout (TO)",
        "canal_name": "TIGMAN MAIN CANAL",
        "station": "STA 3+903.8",
        "station_m": 3903.84,
        "offset_m": 3.9,
        "ele": -15.82,
        "desc": "",
        "comment": "",
        "images": "1000GRMN/DSC00069.jpg",
        "elevation_m": -15.82,
        "photo_filename": "DSC00069.jpg",
        "photo_path": "1000GRMN/DSC00069.jpg",
        "surveyor_comment": null,
        "survey_date": "2023-9-6"
      }
    },
    {
      "type": "Feature",
      "geometry": {
        "type": "Point",
        "coordinates": [
          118.486548,
          9.388535
        ]
      },
      "properties": {
        "id": 523,
        "name": "DMTO#5-R/S-TIGMAN MC",
        "type": "Turnout",
        "Structure_Category": "Turnout (TO)",
        "canal_name": "TIGMAN MAIN CANAL",
        "station": "STA 4+082.2",
        "station_m": 4082.21,
        "offset_m": 4.4,
        "ele": -13.24,
        "desc": "",
        "comment": "",
        "images": "1000GRMN/DSC00071.jpg",
        "elevation_m": -13.24,
        "photo_filename": "DSC00071.jpg",
        "photo_path": "1000GRMN/DSC00071.jpg",
        "surveyor_comment": null,
        "survey_date": "2023-9-6"
      }
    },
    {
      "type": "Feature",
      "geometry": {
        "type": "Point",
        "coordinates": [
          118.487033,
          9.389699
        ]
      },
      "properties": {
        "id": 555,
        "name": "DMTO#6-L/S-TIGMAN MC",
        "type": "Turnout",
        "Structure_Category": "Turnout (TO)",
        "canal_name": "TIGMAN MAIN CANAL",
        "station": "STA 4+222.6",
        "station_m": 4222.59,
        "offset_m": 0,
        "ele": 27,
        "desc": "",
        "comment": "",
        "images": "1000GRMN/DSC00190.jpg",
        "elevation_m": 27,
        "photo_filename": "DSC00190.jpg",
        "photo_path": "1000GRMN/DSC00190.jpg",
        "surveyor_comment": null,
        "survey_date": "2023-9-12"
      }
    },
    {
      "type": "Feature",
      "geometry": {
        "type": "Point",
        "coordinates": [
          118.48791,
          9.391349
        ]
      },
      "properties": {
        "id": 556,
        "name": "DMTO#7-R/S-TIGMAN MC",
        "type": "Turnout",
        "Structure_Category": "Turnout (TO)",
        "canal_name": "TIGMAN LATERAL B",
        "station": "STA 0+003.2",
        "station_m": 3.25,
        "offset_m": 0,
        "ele": 27,
        "desc": "",
        "comment": "",
        "images": "1000GRMN/DSC00191.jpg",
        "elevation_m": 27,
        "photo_filename": "DSC00191.jpg",
        "photo_path": "1000GRMN/DSC00191.jpg",
        "surveyor_comment": null,
        "survey_date": "2023-9-12"
      }
    },
    {
      "type": "Feature",
      "geometry": {
        "type": "Point",
        "coordinates": [
          118.490698,
          9.394108
        ]
      },
      "properties": {
        "id": 559,
        "name": "DMTO#8-R/S-TIGMAN MC",
        "type": "Turnout",
        "Structure_Category": "Turnout (TO)",
        "canal_name": "TIGMAN MAIN CANAL",
        "station": "STA 4+874.4",
        "station_m": 4874.42,
        "offset_m": 0.54,
        "ele": 26.99,
        "desc": "",
        "comment": "",
        "images": "1000GRMN/DSC00194.jpg",
        "elevation_m": 26.99,
        "photo_filename": "DSC00194.jpg",
        "photo_path": "1000GRMN/DSC00194.jpg",
        "surveyor_comment": null,
        "survey_date": "2023-9-12"
      }
    },
    {
      "type": "Feature",
      "geometry": {
        "type": "Point",
        "coordinates": [
          118.491575,
          9.394753
        ]
      },
      "properties": {
        "id": 561,
        "name": "DMTO # 9 (NO STRUCTURE)",
        "type": "Turnout",
        "Structure_Category": "Turnout (TO)",
        "canal_name": "TIGMAN MAIN CANAL",
        "station": "STA 4+994.6",
        "station_m": 4994.58,
        "offset_m": 0,
        "ele": 26.99,
        "desc": "",
        "comment": "",
        "images": "1000GRMN/DSC00197.jpg",
        "elevation_m": 26.99,
        "photo_filename": "DSC00197.jpg",
        "photo_path": "1000GRMN/DSC00197.jpg",
        "surveyor_comment": null,
        "survey_date": "2023-9-12"
      }
    },
    {
      "type": "Feature",
      "geometry": {
        "type": "Point",
        "coordinates": [
          118.491001,
          9.389067
        ]
      },
      "properties": {
        "id": 566,
        "name": "MTO#1-R/S-TIGMAN LAT B",
        "type": "Turnout",
        "Structure_Category": "Turnout (TO)",
        "canal_name": "TIGMAN LATERAL B",
        "station": "STA 0+434.6",
        "station_m": 434.61,
        "offset_m": 2.38,
        "ele": 29.04,
        "desc": "",
        "comment": "",
        "images": "1000GRMN/DSC00202.jpg",
        "elevation_m": 29.04,
        "photo_filename": "DSC00202.jpg",
        "photo_path": "1000GRMN/DSC00202.jpg",
        "surveyor_comment": null,
        "survey_date": "2023-9-12"
      }
    },
    {
      "type": "Feature",
      "geometry": {
        "type": "Point",
        "coordinates": [
          118.497463,
          9.387693
        ]
      },
      "properties": {
        "id": 572,
        "name": "MTO#3-R/S-TIGMAN LAT B",
        "type": "Turnout",
        "Structure_Category": "Turnout (TO)",
        "canal_name": "TIGMAN LATERAL B",
        "station": "STA 1+163.0",
        "station_m": 1163.05,
        "offset_m": 0.14,
        "ele": 29.05,
        "desc": "",
        "comment": "",
        "images": "1000GRMN/DSC00208.jpg",
        "elevation_m": 29.05,
        "photo_filename": "DSC00208.jpg",
        "photo_path": "1000GRMN/DSC00208.jpg",
        "surveyor_comment": null,
        "survey_date": "2023-9-12"
      }
    },
    {
      "type": "Feature",
      "geometry": {
        "type": "Point",
        "coordinates": [
          118.502148,
          9.38795
        ]
      },
      "properties": {
        "id": 575,
        "name": "MTO#4-L/S-TIGMAN LAT B",
        "type": "Turnout",
        "Structure_Category": "Turnout (TO)",
        "canal_name": "TIGMAN LATERAL B",
        "station": "STA 1+684.0",
        "station_m": 1683.99,
        "offset_m": 0,
        "ele": 25.42,
        "desc": "",
        "comment": "",
        "images": "1000GRMN/DSC00211.jpg",
        "elevation_m": 25.42,
        "photo_filename": "DSC00211.jpg",
        "photo_path": "1000GRMN/DSC00211.jpg",
        "surveyor_comment": null,
        "survey_date": "2023-9-12"
      }
    },
    {
      "type": "Feature",
      "geometry": {
        "type": "Point",
        "coordinates": [
          118.494535,
          9.397133
        ]
      },
      "properties": {
        "id": 562,
        "name": "RCP CROSSING(END CHECK)",
        "type": "Station",
        "Structure_Category": "Other Structures",
        "canal_name": "TIGMAN MAIN CANAL",
        "station": "STA 5+418.4",
        "station_m": 5418.36,
        "offset_m": 0,
        "ele": 26.99,
        "desc": "",
        "comment": "",
        "images": "1000GRMN/DSC00198.jpg",
        "elevation_m": 26.99,
        "photo_filename": "DSC00198.jpg",
        "photo_path": "1000GRMN/DSC00198.jpg",
        "surveyor_comment": null,
        "survey_date": "2023-9-12"
      }
    },
    {
      "type": "Feature",
      "geometry": {
        "type": "Point",
        "coordinates": [
          118.456311,
          9.397657
        ]
      },
      "properties": {
        "id": 535,
        "name": "END EARTH CANAL/ START OF TRAPEZOIDAL CANAL",
        "type": "Station",
        "Structure_Category": "Other Structures",
        "canal_name": "TIGMAN SUPP.CANAL",
        "station": "STA 1+824.0",
        "station_m": 1824.05,
        "offset_m": 0,
        "ele": -13.43,
        "desc": "",
        "comment": "",
        "images": "1000GRMN/DSC00411.jpg",
        "elevation_m": -13.43,
        "photo_filename": "DSC00411.jpg",
        "photo_path": "1000GRMN/DSC00411.jpg",
        "surveyor_comment": null,
        "survey_date": "2023-9-6"
      }
    },
    {
      "type": "Feature",
      "geometry": {
        "type": "Point",
        "coordinates": [
          118.457337,
          9.398509
        ]
      },
      "properties": {
        "id": 536,
        "name": "THRESHER CROSSING COMB. DROP",
        "type": "Thresher Crossing",
        "Structure_Category": "Thresher Crossing",
        "canal_name": "TIGMAN SUPP.CANAL",
        "station": "STA 1+675.8",
        "station_m": 1675.79,
        "offset_m": 0,
        "ele": -13.44,
        "desc": "",
        "comment": "",
        "images": "1000GRMN/DSC00412.jpg",
        "elevation_m": -13.44,
        "photo_filename": "DSC00412.jpg",
        "photo_path": "1000GRMN/DSC00412.jpg",
        "surveyor_comment": null,
        "survey_date": "2023-9-6"
      }
    },
    {
      "type": "Feature",
      "geometry": {
        "type": "Point",
        "coordinates": [
          118.457365,
          9.39859
        ]
      },
      "properties": {
        "id": 537,
        "name": "END TRAPEZOIDAL CANAL/ START OF EARTH CANAL",
        "type": "Station",
        "Structure_Category": "Other Structures",
        "canal_name": "TIGMAN SUPP.CANAL",
        "station": "STA 1+666.3",
        "station_m": 1666.3,
        "offset_m": 0,
        "ele": -13.44,
        "desc": "",
        "comment": "",
        "images": "1000GRMN/DSC00413.jpg",
        "elevation_m": -13.44,
        "photo_filename": "DSC00413.jpg",
        "photo_path": "1000GRMN/DSC00413.jpg",
        "surveyor_comment": null,
        "survey_date": "2023-9-6"
      }
    },
    {
      "type": "Feature",
      "geometry": {
        "type": "Point",
        "coordinates": [
          118.45795,
          9.398967
        ]
      },
      "properties": {
        "id": 538,
        "name": "END EARTH CANAL/ START OF TRAPEZOIDAL CANAL",
        "type": "Station",
        "Structure_Category": "Other Structures",
        "canal_name": "TIGMAN SUPP.CANAL",
        "station": "STA 1+588.4",
        "station_m": 1588.39,
        "offset_m": 0,
        "ele": -17.39,
        "desc": "",
        "comment": "",
        "images": "1000GRMN/DSC00414.jpg",
        "elevation_m": -17.39,
        "photo_filename": "DSC00414.jpg",
        "photo_path": "1000GRMN/DSC00414.jpg",
        "surveyor_comment": null,
        "survey_date": "2023-9-6"
      }
    },
    {
      "type": "Feature",
      "geometry": {
        "type": "Point",
        "coordinates": [
          118.458287,
          9.399107
        ]
      },
      "properties": {
        "id": 539,
        "name": "UNAUTHORIZED TURNOUT",
        "type": "Unauthorized Turnout",
        "Structure_Category": "Turnout (TO)",
        "canal_name": "TIGMAN SUPP.CANAL",
        "station": "STA 1+548.2",
        "station_m": 1548.17,
        "offset_m": 0.71,
        "ele": -17.31,
        "desc": "",
        "comment": "",
        "images": "1000GRMN/DSC00415.jpg",
        "elevation_m": -17.31,
        "photo_filename": "DSC00415.jpg",
        "photo_path": "1000GRMN/DSC00415.jpg",
        "surveyor_comment": null,
        "survey_date": "2023-9-6"
      }
    },
    {
      "type": "Feature",
      "geometry": {
        "type": "Point",
        "coordinates": [
          118.458707,
          9.399255
        ]
      },
      "properties": {
        "id": 541,
        "name": "TURN OUT # 2 (R/S)",
        "type": "Turnout",
        "Structure_Category": "Turnout (TO)",
        "canal_name": "TIGMAN SUPP.CANAL",
        "station": "STA 1+499.0",
        "station_m": 1499.01,
        "offset_m": 2.06,
        "ele": -16.7,
        "desc": "",
        "comment": "",
        "images": "1000GRMN/DSC00417.jpg",
        "elevation_m": -16.7,
        "photo_filename": "DSC00417.jpg",
        "photo_path": "1000GRMN/DSC00417.jpg",
        "surveyor_comment": null,
        "survey_date": "2023-9-6"
      }
    },
    {
      "type": "Feature",
      "geometry": {
        "type": "Point",
        "coordinates": [
          118.458983,
          9.399374
        ]
      },
      "properties": {
        "id": 542,
        "name": "CART CROSSING",
        "type": "Thresher Crossing",
        "Structure_Category": "Thresher Crossing",
        "canal_name": "TIGMAN SUPP.CANAL",
        "station": "STA 1+465.9",
        "station_m": 1465.93,
        "offset_m": 0,
        "ele": -16.7,
        "desc": "",
        "comment": "",
        "images": "1000GRMN/DSC00418.jpg",
        "elevation_m": -16.7,
        "photo_filename": "DSC00418.jpg",
        "photo_path": "1000GRMN/DSC00418.jpg",
        "surveyor_comment": null,
        "survey_date": "2023-9-6"
      }
    },
    {
      "type": "Feature",
      "geometry": {
        "type": "Point",
        "coordinates": [
          118.46084,
          9.400242
        ]
      },
      "properties": {
        "id": 543,
        "name": "INLET WATERWAY",
        "type": "Wasteway",
        "Structure_Category": "Drainage",
        "canal_name": "TIGMAN SUPP.CANAL",
        "station": "STA 1+239.9",
        "station_m": 1239.9,
        "offset_m": 0,
        "ele": -16.71,
        "desc": "",
        "comment": "",
        "images": "1000GRMN/DSC00419.jpg",
        "elevation_m": -16.71,
        "photo_filename": "DSC00419.jpg",
        "photo_path": "1000GRMN/DSC00419.jpg",
        "surveyor_comment": null,
        "survey_date": "2023-9-6"
      }
    },
    {
      "type": "Feature",
      "geometry": {
        "type": "Point",
        "coordinates": [
          118.461061,
          9.400294
        ]
      },
      "properties": {
        "id": 544,
        "name": "OUTLET WATERWAY",
        "type": "Wasteway",
        "Structure_Category": "Drainage",
        "canal_name": "TIGMAN SUPP.CANAL",
        "station": "STA 1+214.9",
        "station_m": 1214.89,
        "offset_m": 0,
        "ele": -16.71,
        "desc": "",
        "comment": "",
        "images": "1000GRMN/DSC00420.jpg",
        "elevation_m": -16.71,
        "photo_filename": "DSC00420.jpg",
        "photo_path": "1000GRMN/DSC00420.jpg",
        "surveyor_comment": null,
        "survey_date": "2023-9-6"
      }
    },
    {
      "type": "Feature",
      "geometry": {
        "type": "Point",
        "coordinates": [
          118.461086,
          9.400323
        ]
      },
      "properties": {
        "id": 545,
        "name": "DRAIANGE INLET",
        "type": "Drainage",
        "Structure_Category": "Drainage",
        "canal_name": "TIGMAN SUPP.CANAL",
        "station": "STA 1+211.0",
        "station_m": 1210.96,
        "offset_m": 1.58,
        "ele": -16.71,
        "desc": "",
        "comment": "",
        "images": "1000GRMN/DSC00421.jpg",
        "elevation_m": -16.71,
        "photo_filename": "DSC00421.jpg",
        "photo_path": "1000GRMN/DSC00421.jpg",
        "surveyor_comment": null,
        "survey_date": "2023-9-6"
      }
    },
    {
      "type": "Feature",
      "geometry": {
        "type": "Point",
        "coordinates": [
          118.461175,
          9.400353
        ]
      },
      "properties": {
        "id": 546,
        "name": "END V-LINING/ START OF TRAPEZOIDAL CANAL",
        "type": "Station",
        "Structure_Category": "Other Structures",
        "canal_name": "TIGMAN SUPP.CANAL",
        "station": "STA 1+200.7",
        "station_m": 1200.73,
        "offset_m": 0,
        "ele": -16.71,
        "desc": "",
        "comment": "",
        "images": "1000GRMN/DSC00422.jpg",
        "elevation_m": -16.71,
        "photo_filename": "DSC00422.jpg",
        "photo_path": "1000GRMN/DSC00422.jpg",
        "surveyor_comment": null,
        "survey_date": "2023-9-6"
      }
    },
    {
      "type": "Feature",
      "geometry": {
        "type": "Point",
        "coordinates": [
          118.464486,
          9.401796
        ]
      },
      "properties": {
        "id": 547,
        "name": "ROAD CROSSING",
        "type": "Road Crossing",
        "Structure_Category": "Road Crossing",
        "canal_name": "TIGMAN SUPP.CANAL",
        "station": "STA 0+802.0",
        "station_m": 801.95,
        "offset_m": 0,
        "ele": -16.72,
        "desc": "",
        "comment": "",
        "images": "1000GRMN/DSC00423.jpg",
        "elevation_m": -16.72,
        "photo_filename": "DSC00423.jpg",
        "photo_path": "1000GRMN/DSC00423.jpg",
        "surveyor_comment": null,
        "survey_date": "2023-9-6"
      }
    },
    {
      "type": "Feature",
      "geometry": {
        "type": "Point",
        "coordinates": [
          118.464525,
          9.401923
        ]
      },
      "properties": {
        "id": 548,
        "name": "END TRAPEZOIDAL CANAL/ START OF EARTH CANAL",
        "type": "Station",
        "Structure_Category": "Other Structures",
        "canal_name": "TIGMAN SUPP.CANAL",
        "station": "STA 0+787.2",
        "station_m": 787.22,
        "offset_m": 0,
        "ele": -16.71,
        "desc": "",
        "comment": "",
        "images": "1000GRMN/DSC00424.jpg",
        "elevation_m": -16.71,
        "photo_filename": "DSC00424.jpg",
        "photo_path": "1000GRMN/DSC00424.jpg",
        "surveyor_comment": null,
        "survey_date": "2023-9-6"
      }
    },
    {
      "type": "Feature",
      "geometry": {
        "type": "Point",
        "coordinates": [
          118.463756,
          9.405662
        ]
      },
      "properties": {
        "id": 550,
        "name": "THRESHER CROSSING",
        "type": "Thresher Crossing",
        "Structure_Category": "Thresher Crossing",
        "canal_name": "TIGMAN SUPP.CANAL",
        "station": "STA 0+317.4",
        "station_m": 317.4,
        "offset_m": 0,
        "ele": -16.7,
        "desc": "",
        "comment": "",
        "images": "1000GRMN/DSC00426.jpg",
        "elevation_m": -16.7,
        "photo_filename": "DSC00426.jpg",
        "photo_path": "1000GRMN/DSC00426.jpg",
        "surveyor_comment": null,
        "survey_date": "2023-9-6"
      }
    },
    {
      "type": "Feature",
      "geometry": {
        "type": "Point",
        "coordinates": [
          118.465425,
          9.406873
        ]
      },
      "properties": {
        "id": 551,
        "name": "END TRAPEZOIDAL CANAL/ START OF V-LINING",
        "type": "Station",
        "Structure_Category": "Other Structures",
        "canal_name": "TIGMAN SUPP.CANAL",
        "station": "STA 0+026.9",
        "station_m": 26.87,
        "offset_m": 0,
        "ele": -20.43,
        "desc": "",
        "comment": "",
        "images": "1000GRMN/DSC00427.jpg",
        "elevation_m": -20.43,
        "photo_filename": "DSC00427.jpg",
        "photo_path": "1000GRMN/DSC00427.jpg",
        "surveyor_comment": null,
        "survey_date": "2023-9-6"
      }
    },
    {
      "type": "Feature",
      "geometry": {
        "type": "Point",
        "coordinates": [
          118.465531,
          9.40691
        ]
      },
      "properties": {
        "id": 552,
        "name": "DRAINAGE CROSSING",
        "type": "Drainage",
        "Structure_Category": "Drainage",
        "canal_name": "TIGMAN SUPP.CANAL",
        "station": "STA 0+014.5",
        "station_m": 14.5,
        "offset_m": 0,
        "ele": -20.43,
        "desc": "",
        "comment": "",
        "images": "1000GRMN/DSC00428.jpg",
        "elevation_m": -20.43,
        "photo_filename": "DSC00428.jpg",
        "photo_path": "1000GRMN/DSC00428.jpg",
        "surveyor_comment": null,
        "survey_date": "2023-9-6"
      }
    },
    {
      "type": "Feature",
      "geometry": {
        "type": "Point",
        "coordinates": [
          118.465631,
          9.406825
        ]
      },
      "properties": {
        "id": 553,
        "name": "THRESHER CROSSING COMB. DROP/ END CHECK",
        "type": "Drop",
        "Structure_Category": "Thresher Crossing",
        "canal_name": "TIGMAN SUPP.CANAL",
        "station": "STA 0+000.0",
        "station_m": 0,
        "offset_m": 0,
        "ele": -20.43,
        "desc": "",
        "comment": "",
        "images": "1000GRMN/DSC00429.jpg",
        "elevation_m": -20.43,
        "photo_filename": "DSC00429.jpg",
        "photo_path": "1000GRMN/DSC00429.jpg",
        "surveyor_comment": null,
        "survey_date": "2023-9-6"
      }
    },
    {
      "type": "Feature",
      "geometry": {
        "type": "Point",
        "coordinates": [
          118.486618,
          9.388696
        ]
      },
      "properties": {
        "id": 578,
        "name": "THRESHER CROSSING COMB. INCLINED DROP",
        "type": "Thresher Crossing",
        "Structure_Category": "Thresher Crossing",
        "canal_name": "TIGMAN LATERAL A",
        "station": "STA 0+006.5",
        "station_m": 6.53,
        "offset_m": 0,
        "ele": -19.86,
        "desc": "",
        "comment": "",
        "images": "1000GRMN/DSC00431.jpg",
        "elevation_m": -19.86,
        "photo_filename": "DSC00431.jpg",
        "photo_path": "1000GRMN/DSC00431.jpg",
        "surveyor_comment": null,
        "survey_date": "2023-9-14"
      }
    },
    {
      "type": "Feature",
      "geometry": {
        "type": "Point",
        "coordinates": [
          118.486791,
          9.388694
        ]
      },
      "properties": {
        "id": 579,
        "name": "START OF EARTH CANAL",
        "type": "Station",
        "Structure_Category": "Other Structures",
        "canal_name": "TIGMAN LATERAL A",
        "station": "STA 0+025.6",
        "station_m": 25.58,
        "offset_m": 0,
        "ele": -19.86,
        "desc": "",
        "comment": "",
        "images": "1000GRMN/DSC00432.jpg",
        "elevation_m": -19.86,
        "photo_filename": "DSC00432.jpg",
        "photo_path": "1000GRMN/DSC00432.jpg",
        "surveyor_comment": null,
        "survey_date": "2023-9-14"
      }
    },
    {
      "type": "Feature",
      "geometry": {
        "type": "Point",
        "coordinates": [
          118.489349,
          9.386569
        ]
      },
      "properties": {
        "id": 581,
        "name": "RCP CROSSING",
        "type": "Thresher Crossing",
        "Structure_Category": "Thresher Crossing",
        "canal_name": "TIGMAN LATERAL A",
        "station": "STA 0+410.1",
        "station_m": 410.1,
        "offset_m": 0,
        "ele": -19.86,
        "desc": "",
        "comment": "",
        "images": "1000GRMN/DSC00434.jpg",
        "elevation_m": -19.86,
        "photo_filename": "DSC00434.jpg",
        "photo_path": "1000GRMN/DSC00434.jpg",
        "surveyor_comment": null,
        "survey_date": "2023-9-14"
      }
    },
    {
      "type": "Feature",
      "geometry": {
        "type": "Point",
        "coordinates": [
          118.490581,
          9.384437
        ]
      },
      "properties": {
        "id": 582,
        "name": "UNAUTHORIZED TURNOUT",
        "type": "Unauthorized Turnout",
        "Structure_Category": "Turnout (TO)",
        "canal_name": "TIGMAN LATERAL A",
        "station": "STA 0+682.7",
        "station_m": 682.7,
        "offset_m": 0,
        "ele": -19.87,
        "desc": "",
        "comment": "",
        "images": "1000GRMN/DSC00435.jpg",
        "elevation_m": -19.87,
        "photo_filename": "DSC00435.jpg",
        "photo_path": "1000GRMN/DSC00435.jpg",
        "surveyor_comment": null,
        "survey_date": "2023-9-14"
      }
    },
    {
      "type": "Feature",
      "geometry": {
        "type": "Point",
        "coordinates": [
          118.492692,
          9.383509
        ]
      },
      "properties": {
        "id": 584,
        "name": "ROAD CROSSING COMB. INCLINED DROP",
        "type": "Road Crossing",
        "Structure_Category": "Road Crossing",
        "canal_name": "TIGMAN LATERAL A",
        "station": "STA 0+952.6",
        "station_m": 952.57,
        "offset_m": 0,
        "ele": -19.86,
        "desc": "",
        "comment": "",
        "images": "1000GRMN/DSC00437.jpg",
        "elevation_m": -19.86,
        "photo_filename": "DSC00437.jpg",
        "photo_path": "1000GRMN/DSC00437.jpg",
        "surveyor_comment": null,
        "survey_date": "2023-9-14"
      }
    },
    {
      "type": "Feature",
      "geometry": {
        "type": "Point",
        "coordinates": [
          118.49666,
          9.383618
        ]
      },
      "properties": {
        "id": 586,
        "name": "TRESHER CROSSING COMB. INCLINED DROP",
        "type": "Thresher Crossing",
        "Structure_Category": "Thresher Crossing",
        "canal_name": "TIGMAN LATERAL A",
        "station": "STA 1+416.0",
        "station_m": 1416.04,
        "offset_m": 0,
        "ele": -19.86,
        "desc": "",
        "comment": "",
        "images": "1000GRMN/DSC00439.jpg",
        "elevation_m": -19.86,
        "photo_filename": "DSC00439.jpg",
        "photo_path": "1000GRMN/DSC00439.jpg",
        "surveyor_comment": null,
        "survey_date": "2023-9-14"
      }
    },
    {
      "type": "Feature",
      "geometry": {
        "type": "Point",
        "coordinates": [
          118.498233,
          9.382224
        ]
      },
      "properties": {
        "id": 587,
        "name": "VERTICAL DROP",
        "type": "Drop",
        "Structure_Category": "Drop",
        "canal_name": "TIGMAN LATERAL A",
        "station": "STA 1+648.2",
        "station_m": 1648.22,
        "offset_m": 0,
        "ele": -19.87,
        "desc": "",
        "comment": "",
        "images": "1000GRMN/DSC00440.jpg",
        "elevation_m": -19.87,
        "photo_filename": "DSC00440.jpg",
        "photo_path": "1000GRMN/DSC00440.jpg",
        "surveyor_comment": null,
        "survey_date": "2023-9-14"
      }
    },
    {
      "type": "Feature",
      "geometry": {
        "type": "Point",
        "coordinates": [
          118.49966,
          9.380935
        ]
      },
      "properties": {
        "id": 588,
        "name": "RCP CROSSING COMB. V-DROP",
        "type": "Drop",
        "Structure_Category": "Drop",
        "canal_name": "TIGMAN LATERAL A",
        "station": "STA 1+860.7",
        "station_m": 1860.66,
        "offset_m": 0,
        "ele": -19.86,
        "desc": "",
        "comment": "",
        "images": "1000GRMN/DSC00441.jpg",
        "elevation_m": -19.86,
        "photo_filename": "DSC00441.jpg",
        "photo_path": "1000GRMN/DSC00441.jpg",
        "surveyor_comment": null,
        "survey_date": "2023-9-14"
      }
    },
    {
      "type": "Feature",
      "geometry": {
        "type": "Point",
        "coordinates": [
          118.500107,
          9.380545
        ]
      },
      "properties": {
        "id": 590,
        "name": "CART CROSSING",
        "type": "Thresher Crossing",
        "Structure_Category": "Thresher Crossing",
        "canal_name": "TIGMAN LATERAL A",
        "station": "STA 1+926.2",
        "station_m": 1926.19,
        "offset_m": 0,
        "ele": -27.58,
        "desc": "",
        "comment": "",
        "images": "1000GRMN/DSC00443.jpg",
        "elevation_m": -27.58,
        "photo_filename": "DSC00443.jpg",
        "photo_path": "1000GRMN/DSC00443.jpg",
        "surveyor_comment": null,
        "survey_date": "2023-9-14"
      }
    },
    {
      "type": "Feature",
      "geometry": {
        "type": "Point",
        "coordinates": [
          118.50047,
          9.379709
        ]
      },
      "properties": {
        "id": 591,
        "name": "ROAD CROSSING",
        "type": "Road Crossing",
        "Structure_Category": "Road Crossing",
        "canal_name": "TIGMAN LATERAL A",
        "station": "STA 2+027.2",
        "station_m": 2027.15,
        "offset_m": 0,
        "ele": -27.58,
        "desc": "",
        "comment": "",
        "images": "1000GRMN/DSC00445.jpg",
        "elevation_m": -27.58,
        "photo_filename": "DSC00445.jpg",
        "photo_path": "1000GRMN/DSC00445.jpg",
        "surveyor_comment": null,
        "survey_date": "2023-9-14"
      }
    },
    {
      "type": "Feature",
      "geometry": {
        "type": "Point",
        "coordinates": [
          118.500689,
          9.379364
        ]
      },
      "properties": {
        "id": 592,
        "name": "CART CROSSING",
        "type": "Thresher Crossing",
        "Structure_Category": "Thresher Crossing",
        "canal_name": "TIGMAN LATERAL A",
        "station": "STA 2+072.4",
        "station_m": 2072.38,
        "offset_m": 0,
        "ele": -27.58,
        "desc": "",
        "comment": "",
        "images": "1000GRMN/DSC00446.jpg",
        "elevation_m": -27.58,
        "photo_filename": "DSC00446.jpg",
        "photo_path": "1000GRMN/DSC00446.jpg",
        "surveyor_comment": null,
        "survey_date": "2023-9-14"
      }
    },
    {
      "type": "Feature",
      "geometry": {
        "type": "Point",
        "coordinates": [
          118.500929,
          9.379097
        ]
      },
      "properties": {
        "id": 593,
        "name": "BULLCART CROSSING",
        "type": "Thresher Crossing",
        "Structure_Category": "Thresher Crossing",
        "canal_name": "TIGMAN LATERAL A",
        "station": "STA 2+112.1",
        "station_m": 2112.07,
        "offset_m": 0,
        "ele": -27.58,
        "desc": "",
        "comment": "",
        "images": "1000GRMN/DSC00447.jpg",
        "elevation_m": -27.58,
        "photo_filename": "DSC00447.jpg",
        "photo_path": "1000GRMN/DSC00447.jpg",
        "surveyor_comment": null,
        "survey_date": "2023-9-14"
      }
    },
    {
      "type": "Feature",
      "geometry": {
        "type": "Point",
        "coordinates": [
          118.501141,
          9.378923
        ]
      },
      "properties": {
        "id": 594,
        "name": "CART CROSSING",
        "type": "Thresher Crossing",
        "Structure_Category": "Thresher Crossing",
        "canal_name": "TIGMAN LATERAL A",
        "station": "STA 2+142.3",
        "station_m": 2142.35,
        "offset_m": 0,
        "ele": -27.58,
        "desc": "",
        "comment": "",
        "images": "1000GRMN/DSC00448.jpg",
        "elevation_m": -27.58,
        "photo_filename": "DSC00448.jpg",
        "photo_path": "1000GRMN/DSC00448.jpg",
        "surveyor_comment": null,
        "survey_date": "2023-9-14"
      }
    },
    {
      "type": "Feature",
      "geometry": {
        "type": "Point",
        "coordinates": [
          118.501373,
          9.378701
        ]
      },
      "properties": {
        "id": 595,
        "name": "ROAD CROSSING",
        "type": "Road Crossing",
        "Structure_Category": "Road Crossing",
        "canal_name": "TIGMAN LATERAL A",
        "station": "STA 2+177.8",
        "station_m": 2177.84,
        "offset_m": 0,
        "ele": -27.59,
        "desc": "",
        "comment": "",
        "images": "1000GRMN/DSC00449.jpg",
        "elevation_m": -27.59,
        "photo_filename": "DSC00449.jpg",
        "photo_path": "1000GRMN/DSC00449.jpg",
        "surveyor_comment": null,
        "survey_date": "2023-9-14"
      }
    },
    {
      "type": "Feature",
      "geometry": {
        "type": "Point",
        "coordinates": [
          118.501588,
          9.378509
        ]
      },
      "properties": {
        "id": 596,
        "name": "CART CROSSING",
        "type": "Thresher Crossing",
        "Structure_Category": "Thresher Crossing",
        "canal_name": "TIGMAN LATERAL A",
        "station": "STA 2+209.7",
        "station_m": 2209.68,
        "offset_m": 0,
        "ele": -27.58,
        "desc": "",
        "comment": "",
        "images": "1000GRMN/DSC00450.jpg",
        "elevation_m": -27.58,
        "photo_filename": "DSC00450.jpg",
        "photo_path": "1000GRMN/DSC00450.jpg",
        "surveyor_comment": null,
        "survey_date": "2023-9-14"
      }
    },
    {
      "type": "Feature",
      "geometry": {
        "type": "Point",
        "coordinates": [
          118.502338,
          9.377722
        ]
      },
      "properties": {
        "id": 597,
        "name": "ROAD CROSSING",
        "type": "Road Crossing",
        "Structure_Category": "Road Crossing",
        "canal_name": "TIGMAN LATERAL A",
        "station": "STA 2+329.8",
        "station_m": 2329.84,
        "offset_m": 0,
        "ele": -27.58,
        "desc": "",
        "comment": "",
        "images": "1000GRMN/DSC00451.jpg",
        "elevation_m": -27.58,
        "photo_filename": "DSC00451.jpg",
        "photo_path": "1000GRMN/DSC00451.jpg",
        "surveyor_comment": null,
        "survey_date": "2023-9-14"
      }
    },
    {
      "type": "Feature",
      "geometry": {
        "type": "Point",
        "coordinates": [
          118.50238,
          9.377709
        ]
      },
      "properties": {
        "id": 598,
        "name": "END V-LINING/ START OF TRAPEZOIDAL CANAL",
        "type": "Station",
        "Structure_Category": "Other Structures",
        "canal_name": "TIGMAN LATERAL A",
        "station": "STA 2+334.7",
        "station_m": 2334.69,
        "offset_m": 0,
        "ele": -27.58,
        "desc": "",
        "comment": "",
        "images": "1000GRMN/DSC00452.jpg",
        "elevation_m": -27.58,
        "photo_filename": "DSC00452.jpg",
        "photo_path": "1000GRMN/DSC00452.jpg",
        "surveyor_comment": null,
        "survey_date": "2023-9-14"
      }
    },
    {
      "type": "Feature",
      "geometry": {
        "type": "Point",
        "coordinates": [
          118.503054,
          9.377059
        ]
      },
      "properties": {
        "id": 600,
        "name": "CL ROAD CROSSING",
        "type": "Road Crossing",
        "Structure_Category": "Road Crossing",
        "canal_name": "TIGMAN LATERAL A",
        "station": "STA 2+438.2",
        "station_m": 2438.15,
        "offset_m": 0,
        "ele": -27.12,
        "desc": "",
        "comment": "",
        "images": "1000GRMN/DSC00454.jpg",
        "elevation_m": -27.12,
        "photo_filename": "DSC00454.jpg",
        "photo_path": "1000GRMN/DSC00454.jpg",
        "surveyor_comment": null,
        "survey_date": "2023-9-14"
      }
    },
    {
      "type": "Feature",
      "geometry": {
        "type": "Point",
        "coordinates": [
          118.503053,
          9.377031
        ]
      },
      "properties": {
        "id": 602,
        "name": "END TRAPEZOIDAL/ START OF VERTICAL LINING",
        "type": "Station",
        "Structure_Category": "Other Structures",
        "canal_name": "TIGMAN LATERAL A",
        "station": "STA 2+440.2",
        "station_m": 2440.23,
        "offset_m": 2.31,
        "ele": -48.95,
        "desc": "",
        "comment": "",
        "images": "1000GRMN/DSC00182.jpg",
        "elevation_m": -48.95,
        "photo_filename": "DSC00182.jpg",
        "photo_path": "1000GRMN/DSC00182.jpg",
        "surveyor_comment": null,
        "survey_date": "2023-9-15"
      }
    },
    {
      "type": "Feature",
      "geometry": {
        "type": "Point",
        "coordinates": [
          118.503077,
          9.377037
        ]
      },
      "properties": {
        "id": 601,
        "name": "OUTLET ROAD CROSSING",
        "type": "Road Crossing",
        "Structure_Category": "Road Crossing",
        "canal_name": "TIGMAN LATERAL A",
        "station": "STA 2+441.7",
        "station_m": 2441.67,
        "offset_m": 0,
        "ele": -27.12,
        "desc": "",
        "comment": "",
        "images": "1000GRMN/DSC00455.jpg",
        "elevation_m": -27.12,
        "photo_filename": "DSC00455.jpg",
        "photo_path": "1000GRMN/DSC00455.jpg",
        "surveyor_comment": null,
        "survey_date": "2023-9-14"
      }
    },
    {
      "type": "Feature",
      "geometry": {
        "type": "Point",
        "coordinates": [
          118.504194,
          9.375957
        ]
      },
      "properties": {
        "id": 605,
        "name": "CHECK STRUCTURE",
        "type": "Check Gate",
        "Structure_Category": "Check Gate",
        "canal_name": "TIGMAN LATERAL A",
        "station": "STA 2+613.4",
        "station_m": 2613.36,
        "offset_m": 0,
        "ele": -48.94,
        "desc": "",
        "comment": "",
        "images": "1000GRMN/DSC00185.jpg",
        "elevation_m": -48.94,
        "photo_filename": "DSC00185.jpg",
        "photo_path": "1000GRMN/DSC00185.jpg",
        "surveyor_comment": null,
        "survey_date": "2023-9-15"
      }
    },
    {
      "type": "Feature",
      "geometry": {
        "type": "Point",
        "coordinates": [
          118.504219,
          9.375921
        ]
      },
      "properties": {
        "id": 606,
        "name": "TRESHER CROSSING COMB. INCLINED DROP",
        "type": "Thresher Crossing",
        "Structure_Category": "Thresher Crossing",
        "canal_name": "TIGMAN LATERAL A",
        "station": "STA 2+618.2",
        "station_m": 2618.21,
        "offset_m": 0,
        "ele": -48.94,
        "desc": "",
        "comment": "",
        "images": "1000GRMN/DSC00186.jpg",
        "elevation_m": -48.94,
        "photo_filename": "DSC00186.jpg",
        "photo_path": "1000GRMN/DSC00186.jpg",
        "surveyor_comment": null,
        "survey_date": "2023-9-15"
      }
    },
    {
      "type": "Feature",
      "geometry": {
        "type": "Point",
        "coordinates": [
          118.504925,
          9.375059
        ]
      },
      "properties": {
        "id": 608,
        "name": "END OF EARTH CANAL/ START TRAPEZOIDAL CANAL",
        "type": "Station",
        "Structure_Category": "Other Structures",
        "canal_name": "TIGMAN LATERAL A",
        "station": "STA 2+743.9",
        "station_m": 2743.89,
        "offset_m": 0,
        "ele": -51.02,
        "desc": "",
        "comment": "",
        "images": "1000GRMN/DSC00188.jpg",
        "elevation_m": -51.02,
        "photo_filename": "DSC00188.jpg",
        "photo_path": "1000GRMN/DSC00188.jpg",
        "surveyor_comment": null,
        "survey_date": "2023-9-15"
      }
    },
    {
      "type": "Feature",
      "geometry": {
        "type": "Point",
        "coordinates": [
          118.505534,
          9.374823
        ]
      },
      "properties": {
        "id": 609,
        "name": "CHECK STRUCTURE",
        "type": "Check Gate",
        "Structure_Category": "Check Gate",
        "canal_name": "TIGMAN LATERAL A",
        "station": "STA 2+815.9",
        "station_m": 2815.88,
        "offset_m": 0,
        "ele": -51.02,
        "desc": "",
        "comment": "",
        "images": "1000GRMN/DSC00189.jpg",
        "elevation_m": -51.02,
        "photo_filename": "DSC00189.jpg",
        "photo_path": "1000GRMN/DSC00189.jpg",
        "surveyor_comment": null,
        "survey_date": "2023-9-15"
      }
    },
    {
      "type": "Feature",
      "geometry": {
        "type": "Point",
        "coordinates": [
          118.505943,
          9.374871
        ]
      },
      "properties": {
        "id": 611,
        "name": "ROAD CROSSING",
        "type": "Road Crossing",
        "Structure_Category": "Road Crossing",
        "canal_name": "TIGMAN LATERAL A",
        "station": "STA 2+863.0",
        "station_m": 2862.96,
        "offset_m": 0,
        "ele": -51.02,
        "desc": "",
        "comment": "",
        "images": "1000GRMN/DSC00191.jpg",
        "elevation_m": -51.02,
        "photo_filename": "DSC00191.jpg",
        "photo_path": "1000GRMN/DSC00191.jpg",
        "surveyor_comment": null,
        "survey_date": "2023-9-15"
      }
    },
    {
      "type": "Feature",
      "geometry": {
        "type": "Point",
        "coordinates": [
          118.505881,
          9.37482
        ]
      },
      "properties": {
        "id": 610,
        "name": "CHECK STRUCTURE",
        "type": "Check Gate",
        "Structure_Category": "Check Gate",
        "canal_name": "TIGMAN LATERAL A",
        "station": "STA 2+854.1",
        "station_m": 2854.1,
        "offset_m": 0,
        "ele": -51.02,
        "desc": "",
        "comment": "",
        "images": "1000GRMN/DSC00190.jpg",
        "elevation_m": -51.02,
        "photo_filename": "DSC00190.jpg",
        "photo_path": "1000GRMN/DSC00190.jpg",
        "surveyor_comment": null,
        "survey_date": "2023-9-15"
      }
    },
    {
      "type": "Feature",
      "geometry": {
        "type": "Point",
        "coordinates": [
          118.50811,
          9.376179
        ]
      },
      "properties": {
        "id": 612,
        "name": "UNAUTHORIZED TURNOUT",
        "type": "Unauthorized Turnout",
        "Structure_Category": "Turnout (TO)",
        "canal_name": "TIGMAN LATERAL A",
        "station": "STA 3+146.3",
        "station_m": 3146.28,
        "offset_m": 0,
        "ele": -51.03,
        "desc": "",
        "comment": "",
        "images": "1000GRMN/DSC00192.jpg",
        "elevation_m": -51.03,
        "photo_filename": "DSC00192.jpg",
        "photo_path": "1000GRMN/DSC00192.jpg",
        "surveyor_comment": null,
        "survey_date": "2023-9-15"
      }
    },
    {
      "type": "Feature",
      "geometry": {
        "type": "Point",
        "coordinates": [
          118.50969,
          9.377116
        ]
      },
      "properties": {
        "id": 615,
        "name": "CHECK STRUCTURE",
        "type": "Check Gate",
        "Structure_Category": "Check Gate",
        "canal_name": "TIGMAN LATERAL A",
        "station": "STA 3+349.0",
        "station_m": 3349.02,
        "offset_m": 0,
        "ele": -51.03,
        "desc": "",
        "comment": "",
        "images": "1000GRMN/DSC00195.jpg",
        "elevation_m": -51.03,
        "photo_filename": "DSC00195.jpg",
        "photo_path": "1000GRMN/DSC00195.jpg",
        "surveyor_comment": null,
        "survey_date": "2023-9-15"
      }
    },
    {
      "type": "Feature",
      "geometry": {
        "type": "Point",
        "coordinates": [
          118.509703,
          9.377121
        ]
      },
      "properties": {
        "id": 616,
        "name": "INCLINED DROP",
        "type": "Drop",
        "Structure_Category": "Drop",
        "canal_name": "TIGMAN LATERAL A",
        "station": "STA 3+350.6",
        "station_m": 3350.56,
        "offset_m": 0,
        "ele": -51.03,
        "desc": "",
        "comment": "",
        "images": "1000GRMN/DSC00196.jpg",
        "elevation_m": -51.03,
        "photo_filename": "DSC00196.jpg",
        "photo_path": "1000GRMN/DSC00196.jpg",
        "surveyor_comment": null,
        "survey_date": "2023-9-15"
      }
    },
    {
      "type": "Feature",
      "geometry": {
        "type": "Point",
        "coordinates": [
          118.514021,
          9.375967
        ]
      },
      "properties": {
        "id": 618,
        "name": "END TRAPEZOIDAL/ START OF VERTICAL LINING",
        "type": "Station",
        "Structure_Category": "Other Structures",
        "canal_name": "TIGMAN LATERAL A",
        "station": "STA 3+872.9",
        "station_m": 3872.94,
        "offset_m": 0,
        "ele": -51.03,
        "desc": "",
        "comment": "",
        "images": "1000GRMN/DSC00198.jpg",
        "elevation_m": -51.03,
        "photo_filename": "DSC00198.jpg",
        "photo_path": "1000GRMN/DSC00198.jpg",
        "surveyor_comment": null,
        "survey_date": "2023-9-15"
      }
    },
    {
      "type": "Feature",
      "geometry": {
        "type": "Point",
        "coordinates": [
          118.496655,
          9.383663
        ]
      },
      "properties": {
        "id": 585,
        "name": "MTO#2-L/S-TIGMAN LAT A",
        "type": "Turnout",
        "Structure_Category": "Turnout (TO)",
        "canal_name": "TIGMAN LATERAL A",
        "station": "STA 1+412.4",
        "station_m": 1412.36,
        "offset_m": 3.41,
        "ele": -19.87,
        "desc": "",
        "comment": "",
        "images": "1000GRMN/DSC00438.jpg",
        "elevation_m": -19.87,
        "photo_filename": "DSC00438.jpg",
        "photo_path": "1000GRMN/DSC00438.jpg",
        "surveyor_comment": null,
        "survey_date": "2023-9-14"
      }
    },
    {
      "type": "Feature",
      "geometry": {
        "type": "Point",
        "coordinates": [
          118.504164,
          9.375986
        ]
      },
      "properties": {
        "id": 603,
        "name": "MTO#3-L/S-TIGMAN LAT A",
        "type": "Turnout",
        "Structure_Category": "Turnout (TO)",
        "canal_name": "TIGMAN LATERAL A",
        "station": "STA 2+608.8",
        "station_m": 2608.75,
        "offset_m": 0,
        "ele": -48.94,
        "desc": "",
        "comment": "",
        "images": "1000GRMN/DSC00183.jpg",
        "elevation_m": -48.94,
        "photo_filename": "DSC00183.jpg",
        "photo_path": "1000GRMN/DSC00183.jpg",
        "surveyor_comment": null,
        "survey_date": "2023-9-15"
      }
    },
    {
      "type": "Feature",
      "geometry": {
        "type": "Point",
        "coordinates": [
          118.504143,
          9.375955
        ]
      },
      "properties": {
        "id": 604,
        "name": "MTO#4-R/S-TIGMAN LAT A",
        "type": "Turnout",
        "Structure_Category": "Turnout (TO)",
        "canal_name": "TIGMAN LATERAL A",
        "station": "STA 2+609.5",
        "station_m": 2609.49,
        "offset_m": 4.08,
        "ele": -48.94,
        "desc": "",
        "comment": "",
        "images": "1000GRMN/DSC00184.jpg",
        "elevation_m": -48.94,
        "photo_filename": "DSC00184.jpg",
        "photo_path": "1000GRMN/DSC00184.jpg",
        "surveyor_comment": null,
        "survey_date": "2023-9-15"
      }
    },
    {
      "type": "Feature",
      "geometry": {
        "type": "Point",
        "coordinates": [
          118.509674,
          9.377126
        ]
      },
      "properties": {
        "id": 613,
        "name": "MTO#5-L/S-TIGMAN LAT A",
        "type": "Turnout",
        "Structure_Category": "Turnout (TO)",
        "canal_name": "TIGMAN LATERAL A",
        "station": "STA 3+348.0",
        "station_m": 3348.02,
        "offset_m": 1.83,
        "ele": -51.04,
        "desc": "",
        "comment": "",
        "images": "1000GRMN/DSC00193.jpg",
        "elevation_m": -51.04,
        "photo_filename": "DSC00193.jpg",
        "photo_path": "1000GRMN/DSC00193.jpg",
        "surveyor_comment": null,
        "survey_date": "2023-9-15"
      }
    },
    {
      "type": "Feature",
      "geometry": {
        "type": "Point",
        "coordinates": [
          118.509705,
          9.377101
        ]
      },
      "properties": {
        "id": 614,
        "name": "MTO#6-R/S-TIGMAN LAT A",
        "type": "Turnout",
        "Structure_Category": "Turnout (TO)",
        "canal_name": "TIGMAN LATERAL A",
        "station": "STA 3+350.0",
        "station_m": 3349.96,
        "offset_m": 2.15,
        "ele": -51.03,
        "desc": "",
        "comment": "",
        "images": "1000GRMN/DSC00194.jpg",
        "elevation_m": -51.03,
        "photo_filename": "DSC00194.jpg",
        "photo_path": "1000GRMN/DSC00194.jpg",
        "surveyor_comment": null,
        "survey_date": "2023-9-15"
      }
    },
    {
      "type": "Feature",
      "geometry": {
        "type": "Point",
        "coordinates": [
          118.514322,
          9.375869
        ]
      },
      "properties": {
        "id": 619,
        "name": "CART CROSSING",
        "type": "Thresher Crossing",
        "Structure_Category": "Thresher Crossing",
        "canal_name": "TIGMAN LATERAL A",
        "station": "STA 3+907.8",
        "station_m": 3907.82,
        "offset_m": 0,
        "ele": -51.04,
        "desc": "",
        "comment": "",
        "images": "1000GRMN/DSC00199.jpg",
        "elevation_m": -51.04,
        "photo_filename": "DSC00199.jpg",
        "photo_path": "1000GRMN/DSC00199.jpg",
        "surveyor_comment": null,
        "survey_date": "2023-9-15"
      }
    },
    {
      "type": "Feature",
      "geometry": {
        "type": "Point",
        "coordinates": [
          118.515732,
          9.375457
        ]
      },
      "properties": {
        "id": 620,
        "name": "UNAUTHORIZED TURNOUT",
        "type": "Unauthorized Turnout",
        "Structure_Category": "Turnout (TO)",
        "canal_name": "TIGMAN LATERAL A",
        "station": "STA 4+069.7",
        "station_m": 4069.68,
        "offset_m": 0,
        "ele": -52.21,
        "desc": "",
        "comment": "",
        "images": "1000GRMN/DSC00200.jpg",
        "elevation_m": -52.21,
        "photo_filename": "DSC00200.jpg",
        "photo_path": "1000GRMN/DSC00200.jpg",
        "surveyor_comment": null,
        "survey_date": "2023-9-15"
      }
    },
    {
      "type": "Feature",
      "geometry": {
        "type": "Point",
        "coordinates": [
          118.516236,
          9.375298
        ]
      },
      "properties": {
        "id": 621,
        "name": "RCP CROSSING",
        "type": "Thresher Crossing",
        "Structure_Category": "Thresher Crossing",
        "canal_name": "TIGMAN LATERAL A",
        "station": "STA 4+127.9",
        "station_m": 4127.92,
        "offset_m": 0,
        "ele": -52.22,
        "desc": "",
        "comment": "",
        "images": "1000GRMN/DSC00201.jpg",
        "elevation_m": -52.22,
        "photo_filename": "DSC00201.jpg",
        "photo_path": "1000GRMN/DSC00201.jpg",
        "surveyor_comment": null,
        "survey_date": "2023-9-15"
      }
    },
    {
      "type": "Feature",
      "geometry": {
        "type": "Point",
        "coordinates": [
          118.517631,
          9.375043
        ]
      },
      "properties": {
        "id": 622,
        "name": "CART CROSSING",
        "type": "Thresher Crossing",
        "Structure_Category": "Thresher Crossing",
        "canal_name": "TIGMAN LATERAL A",
        "station": "STA 4+284.1",
        "station_m": 4284.13,
        "offset_m": 0,
        "ele": -52.21,
        "desc": "",
        "comment": "",
        "images": "1000GRMN/DSC00202.jpg",
        "elevation_m": -52.21,
        "photo_filename": "DSC00202.jpg",
        "photo_path": "1000GRMN/DSC00202.jpg",
        "surveyor_comment": null,
        "survey_date": "2023-9-15"
      }
    },
    {
      "type": "Feature",
      "geometry": {
        "type": "Point",
        "coordinates": [
          118.517729,
          9.375059
        ]
      },
      "properties": {
        "id": 623,
        "name": "END V-LINING/ START OF TRAPEZOIDAL CANAL",
        "type": "Station",
        "Structure_Category": "Other Structures",
        "canal_name": "TIGMAN LATERAL A",
        "station": "STA 4+295.1",
        "station_m": 4295.07,
        "offset_m": 0,
        "ele": -52.21,
        "desc": "",
        "comment": "",
        "images": "1000GRMN/DSC00203.jpg",
        "elevation_m": -52.21,
        "photo_filename": "DSC00203.jpg",
        "photo_path": "1000GRMN/DSC00203.jpg",
        "surveyor_comment": null,
        "survey_date": "2023-9-15"
      }
    },
    {
      "type": "Feature",
      "geometry": {
        "type": "Point",
        "coordinates": [
          118.519476,
          9.374682
        ]
      },
      "properties": {
        "id": 626,
        "name": "CHECK STRUCTURE",
        "type": "Check Gate",
        "Structure_Category": "Check Gate",
        "canal_name": "TIGMAN LATERAL A",
        "station": "STA 4+491.9",
        "station_m": 4491.95,
        "offset_m": 0,
        "ele": -52.21,
        "desc": "",
        "comment": "",
        "images": "1000GRMN/DSC00207.jpg",
        "elevation_m": -52.21,
        "photo_filename": "DSC00207.jpg",
        "photo_path": "1000GRMN/DSC00207.jpg",
        "surveyor_comment": null,
        "survey_date": "2023-9-15"
      }
    },
    {
      "type": "Feature",
      "geometry": {
        "type": "Point",
        "coordinates": [
          118.519503,
          9.374678
        ]
      },
      "properties": {
        "id": 627,
        "name": "ROAD CROSSING",
        "type": "Road Crossing",
        "Structure_Category": "Road Crossing",
        "canal_name": "TIGMAN LATERAL A",
        "station": "STA 4+495.0",
        "station_m": 4494.96,
        "offset_m": 0,
        "ele": -52.21,
        "desc": "",
        "comment": "",
        "images": "1000GRMN/DSC00208.jpg",
        "elevation_m": -52.21,
        "photo_filename": "DSC00208.jpg",
        "photo_path": "1000GRMN/DSC00208.jpg",
        "surveyor_comment": null,
        "survey_date": "2023-9-15"
      }
    },
    {
      "type": "Feature",
      "geometry": {
        "type": "Point",
        "coordinates": [
          118.473919,
          9.372596
        ]
      },
      "properties": {
        "id": 629,
        "name": "HEAD GATE",
        "type": "Check Gate",
        "Structure_Category": "Check Gate",
        "canal_name": "AGKAKARUBA BRASS DAM",
        "station": "STA 0+000.0",
        "station_m": 0,
        "offset_m": 3.07,
        "ele": 45.87,
        "desc": "",
        "comment": "",
        "images": "1000GRMN/DSC00010.jpg",
        "elevation_m": 45.87,
        "photo_filename": "DSC00010.jpg",
        "photo_path": "1000GRMN/DSC00010.jpg",
        "surveyor_comment": null,
        "survey_date": "2023-9-19"
      }
    },
    {
      "type": "Feature",
      "geometry": {
        "type": "Point",
        "coordinates": [
          118.473941,
          9.372613
        ]
      },
      "properties": {
        "id": 630,
        "name": "START OF VERTICAL LINING",
        "type": "Station",
        "Structure_Category": "Other Structures",
        "canal_name": "AGKAKARUBA BRASS DAM",
        "station": "STA 0+000.0",
        "station_m": 0,
        "offset_m": 0,
        "ele": 45.86,
        "desc": "",
        "comment": "",
        "images": "1000GRMN/DSC00011.jpg",
        "elevation_m": 45.86,
        "photo_filename": "DSC00011.jpg",
        "photo_path": "1000GRMN/DSC00011.jpg",
        "surveyor_comment": null,
        "survey_date": "2023-9-19"
      }
    },
    {
      "type": "Feature",
      "geometry": {
        "type": "Point",
        "coordinates": [
          118.474303,
          9.372294
        ]
      },
      "properties": {
        "id": 631,
        "name": "UNAUTHORIZED TURNOUT",
        "type": "Unauthorized Turnout",
        "Structure_Category": "Turnout (TO)",
        "canal_name": "AGKAKARUBA BRASS DAM",
        "station": "STA 0+053.3",
        "station_m": 53.3,
        "offset_m": 0,
        "ele": 45.85,
        "desc": "",
        "comment": "",
        "images": "1000GRMN/DSC00012.jpg",
        "elevation_m": 45.85,
        "photo_filename": "DSC00012.jpg",
        "photo_path": "1000GRMN/DSC00012.jpg",
        "surveyor_comment": null,
        "survey_date": "2023-9-19"
      }
    },
    {
      "type": "Feature",
      "geometry": {
        "type": "Point",
        "coordinates": [
          118.474589,
          9.372007
        ]
      },
      "properties": {
        "id": 632,
        "name": "TURN OUT # 1 (R/S)",
        "type": "Turnout",
        "Structure_Category": "Turnout (TO)",
        "canal_name": "AGKAKARUBA BRASS DAM",
        "station": "STA 0+098.1",
        "station_m": 98.08,
        "offset_m": 0,
        "ele": 45.85,
        "desc": "",
        "comment": "",
        "images": "1000GRMN/DSC00013.jpg",
        "elevation_m": 45.85,
        "photo_filename": "DSC00013.jpg",
        "photo_path": "1000GRMN/DSC00013.jpg",
        "surveyor_comment": null,
        "survey_date": "2023-9-19"
      }
    },
    {
      "type": "Feature",
      "geometry": {
        "type": "Point",
        "coordinates": [
          118.47554,
          9.37124
        ]
      },
      "properties": {
        "id": 633,
        "name": "END V-LINING/ START OF EARTH CANAL",
        "type": "Station",
        "Structure_Category": "Other Structures",
        "canal_name": "AGKAKARUBA BRASS DAM",
        "station": "STA 0+233.0",
        "station_m": 233.01,
        "offset_m": 0,
        "ele": 45.85,
        "desc": "",
        "comment": "",
        "images": "1000GRMN/DSC00014.jpg",
        "elevation_m": 45.85,
        "photo_filename": "DSC00014.jpg",
        "photo_path": "1000GRMN/DSC00014.jpg",
        "surveyor_comment": null,
        "survey_date": "2023-9-19"
      }
    },
    {
      "type": "Feature",
      "geometry": {
        "type": "Point",
        "coordinates": [
          118.476198,
          9.370456
        ]
      },
      "properties": {
        "id": 634,
        "name": "END CHECK",
        "type": "Station",
        "Structure_Category": "Other Structures",
        "canal_name": "AGKAKARUBA BRASS DAM",
        "station": "STA 0+346.2",
        "station_m": 346.19,
        "offset_m": 0,
        "ele": 45.84,
        "desc": "",
        "comment": "",
        "images": "1000GRMN/DSC00015.jpg",
        "elevation_m": 45.84,
        "photo_filename": "DSC00015.jpg",
        "photo_path": "1000GRMN/DSC00015.jpg",
        "surveyor_comment": null,
        "survey_date": "2023-9-19"
      }
    },
    {
      "type": "Feature",
      "geometry": {
        "type": "Point",
        "coordinates": [
          118.434956,
          9.395781
        ]
      },
      "properties": {
        "id": 636,
        "name": "DRAINAGE INLET",
        "type": "Drainage",
        "Structure_Category": "Drainage",
        "canal_name": "NORTH MAIN CANAL",
        "station": "STA 0+032.6",
        "station_m": 32.63,
        "offset_m": 0,
        "ele": -23.5,
        "desc": "",
        "comment": "",
        "images": "1000GRMN/DSC00458.jpg",
        "elevation_m": -23.5,
        "photo_filename": "DSC00458.jpg",
        "photo_path": "1000GRMN/DSC00458.jpg",
        "surveyor_comment": null,
        "survey_date": "2023-9-21"
      }
    },
    {
      "type": "Feature",
      "geometry": {
        "type": "Point",
        "coordinates": [
          118.435011,
          9.395789
        ]
      },
      "properties": {
        "id": 637,
        "name": "START OF TRAPEZOIDAL LINING",
        "type": "Station",
        "Structure_Category": "Other Structures",
        "canal_name": "NORTH MAIN CANAL",
        "station": "STA 0+038.8",
        "station_m": 38.75,
        "offset_m": 0,
        "ele": -23.5,
        "desc": "",
        "comment": "",
        "images": "1000GRMN/DSC00459.jpg",
        "elevation_m": -23.5,
        "photo_filename": "DSC00459.jpg",
        "photo_path": "1000GRMN/DSC00459.jpg",
        "surveyor_comment": null,
        "survey_date": "2023-9-21"
      }
    },
    {
      "type": "Feature",
      "geometry": {
        "type": "Point",
        "coordinates": [
          118.435299,
          9.39595
        ]
      },
      "properties": {
        "id": 638,
        "name": "PARSHALL FLUME",
        "type": "Water Gauge",
        "Structure_Category": "Parshall Flume",
        "canal_name": "NORTH MAIN CANAL",
        "station": "STA 0+075.2",
        "station_m": 75.15,
        "offset_m": 0,
        "ele": -23.5,
        "desc": "",
        "comment": "",
        "images": "1000GRMN/DSC00460.jpg",
        "elevation_m": -23.5,
        "photo_filename": "DSC00460.jpg",
        "photo_path": "1000GRMN/DSC00460.jpg",
        "surveyor_comment": null,
        "survey_date": "2023-9-21"
      }
    },
    {
      "type": "Feature",
      "geometry": {
        "type": "Point",
        "coordinates": [
          118.439142,
          9.395347
        ]
      },
      "properties": {
        "id": 640,
        "name": "CART CROSSING",
        "type": "Thresher Crossing",
        "Structure_Category": "Thresher Crossing",
        "canal_name": "NORTH MAIN CANAL",
        "station": "STA 0+516.1",
        "station_m": 516.15,
        "offset_m": 0,
        "ele": -23.52,
        "desc": "",
        "comment": "",
        "images": "1000GRMN/DSC00462.jpg",
        "elevation_m": -23.52,
        "photo_filename": "DSC00462.jpg",
        "photo_path": "1000GRMN/DSC00462.jpg",
        "surveyor_comment": null,
        "survey_date": "2023-9-21"
      }
    },
    {
      "type": "Feature",
      "geometry": {
        "type": "Point",
        "coordinates": [
          118.441512,
          9.394487
        ]
      },
      "properties": {
        "id": 641,
        "name": "DRAINAGE CROSSING AND OVERFLOW STR.",
        "type": "Drainage",
        "Structure_Category": "Drainage",
        "canal_name": "NORTH MAIN CANAL",
        "station": "STA 0+794.9",
        "station_m": 794.85,
        "offset_m": 0,
        "ele": -23.53,
        "desc": "",
        "comment": "",
        "images": "1000GRMN/DSC00463.jpg",
        "elevation_m": -23.53,
        "photo_filename": "DSC00463.jpg",
        "photo_path": "1000GRMN/DSC00463.jpg",
        "surveyor_comment": null,
        "survey_date": "2023-9-21"
      }
    },
    {
      "type": "Feature",
      "geometry": {
        "type": "Point",
        "coordinates": [
          118.444076,
          9.392439
        ]
      },
      "properties": {
        "id": 642,
        "name": "CART CROSSING",
        "type": "Thresher Crossing",
        "Structure_Category": "Thresher Crossing",
        "canal_name": "NORTH MAIN CANAL",
        "station": "STA 1+157.2",
        "station_m": 1157.24,
        "offset_m": 0,
        "ele": -23.53,
        "desc": "",
        "comment": "",
        "images": "1000GRMN/DSC00464.jpg",
        "elevation_m": -23.53,
        "photo_filename": "DSC00464.jpg",
        "photo_path": "1000GRMN/DSC00464.jpg",
        "surveyor_comment": null,
        "survey_date": "2023-9-21"
      }
    },
    {
      "type": "Feature",
      "geometry": {
        "type": "Point",
        "coordinates": [
          118.445056,
          9.391572
        ]
      },
      "properties": {
        "id": 643,
        "name": "DRAINAGE INLET",
        "type": "Drainage",
        "Structure_Category": "Drainage",
        "canal_name": "NORTH MAIN CANAL",
        "station": "STA 1+301.8",
        "station_m": 1301.79,
        "offset_m": 0,
        "ele": -23.54,
        "desc": "",
        "comment": "",
        "images": "1000GRMN/DSC00465.jpg",
        "elevation_m": -23.54,
        "photo_filename": "DSC00465.jpg",
        "photo_path": "1000GRMN/DSC00465.jpg",
        "surveyor_comment": null,
        "survey_date": "2023-9-21"
      }
    },
    {
      "type": "Feature",
      "geometry": {
        "type": "Point",
        "coordinates": [
          118.44647,
          9.389098
        ]
      },
      "properties": {
        "id": 646,
        "name": "CHECK STRUCTURE",
        "type": "Check Structure",
        "Structure_Category": "Check Gate",
        "canal_name": "NORTH MAIN CANAL",
        "station": "STA 1+622.4",
        "station_m": 1622.36,
        "offset_m": 0,
        "ele": -23.79,
        "desc": "",
        "comment": "",
        "images": "1000GRMN/DSC00468.jpg",
        "elevation_m": -23.79,
        "photo_filename": "DSC00468.jpg",
        "photo_path": "1000GRMN/DSC00468.jpg",
        "surveyor_comment": null,
        "survey_date": "2023-9-21"
      }
    },
    {
      "type": "Feature",
      "geometry": {
        "type": "Point",
        "coordinates": [
          118.446472,
          9.389071
        ]
      },
      "properties": {
        "id": 647,
        "name": "THRESHER CROSSING",
        "type": "Thresher Crossing",
        "Structure_Category": "Thresher Crossing",
        "canal_name": "NORTH MAIN CANAL",
        "station": "STA 1+624.7",
        "station_m": 1624.72,
        "offset_m": 1.85,
        "ele": -23.79,
        "desc": "",
        "comment": "",
        "images": "1000GRMN/DSC00469.jpg",
        "elevation_m": -23.79,
        "photo_filename": "DSC00469.jpg",
        "photo_path": "1000GRMN/DSC00469.jpg",
        "surveyor_comment": null,
        "survey_date": "2023-9-21"
      }
    },
    {
      "type": "Feature",
      "geometry": {
        "type": "Point",
        "coordinates": [
          118.446544,
          9.389017
        ]
      },
      "properties": {
        "id": 648,
        "name": "END EARTH CANAL, START OF TRAPEZOIDAL CANAL",
        "type": "Station",
        "Structure_Category": "Other Structures",
        "canal_name": "NORTH MAIN CANAL",
        "station": "STA 1+634.5",
        "station_m": 1634.49,
        "offset_m": 0,
        "ele": -23.79,
        "desc": "",
        "comment": "",
        "images": "1000GRMN/DSC00470.jpg",
        "elevation_m": -23.79,
        "photo_filename": "DSC00470.jpg",
        "photo_path": "1000GRMN/DSC00470.jpg",
        "surveyor_comment": null,
        "survey_date": "2023-9-21"
      }
    },
    {
      "type": "Feature",
      "geometry": {
        "type": "Point",
        "coordinates": [
          118.446602,
          9.388848
        ]
      },
      "properties": {
        "id": 649,
        "name": "STAFF GAUGE",
        "type": "Water Gauge",
        "Structure_Category": "Parshall Flume",
        "canal_name": "NORTH MAIN CANAL",
        "station": "STA 1+654.3",
        "station_m": 1654.29,
        "offset_m": 0,
        "ele": -23.79,
        "desc": "",
        "comment": "",
        "images": "1000GRMN/DSC00471.jpg",
        "elevation_m": -23.79,
        "photo_filename": "DSC00471.jpg",
        "photo_path": "1000GRMN/DSC00471.jpg",
        "surveyor_comment": null,
        "survey_date": "2023-9-21"
      }
    },
    {
      "type": "Feature",
      "geometry": {
        "type": "Point",
        "coordinates": [
          118.448452,
          9.384296
        ]
      },
      "properties": {
        "id": 652,
        "name": "CART CROSSING",
        "type": "Thresher Crossing",
        "Structure_Category": "Thresher Crossing",
        "canal_name": "NORTH MAIN CANAL",
        "station": "STA 2+198.8",
        "station_m": 2198.76,
        "offset_m": 0,
        "ele": -23.8,
        "desc": "",
        "comment": "",
        "images": "1000GRMN/DSC00474.jpg",
        "elevation_m": -23.8,
        "photo_filename": "DSC00474.jpg",
        "photo_path": "1000GRMN/DSC00474.jpg",
        "surveyor_comment": null,
        "survey_date": "2023-9-21"
      }
    },
    {
      "type": "Feature",
      "geometry": {
        "type": "Point",
        "coordinates": [
          118.44849,
          9.384309
        ]
      },
      "properties": {
        "id": 653,
        "name": "DRAINAGE INLET",
        "type": "Drainage",
        "Structure_Category": "Drainage",
        "canal_name": "NORTH MAIN CANAL",
        "station": "STA 2+200.8",
        "station_m": 2200.8,
        "offset_m": 3.93,
        "ele": -23.79,
        "desc": "",
        "comment": "",
        "images": "1000GRMN/DSC00475.jpg",
        "elevation_m": -23.79,
        "photo_filename": "DSC00475.jpg",
        "photo_path": "1000GRMN/DSC00475.jpg",
        "surveyor_comment": null,
        "survey_date": "2023-9-21"
      }
    },
    {
      "type": "Feature",
      "geometry": {
        "type": "Point",
        "coordinates": [
          118.448488,
          9.384262
        ]
      },
      "properties": {
        "id": 654,
        "name": "ROAD CROSSING",
        "type": "Road Crossing",
        "Structure_Category": "Road Crossing",
        "canal_name": "NORTH MAIN CANAL",
        "station": "STA 2+204.2",
        "station_m": 2204.23,
        "offset_m": 0,
        "ele": -23.79,
        "desc": "",
        "comment": "",
        "images": "1000GRMN/DSC00476.jpg",
        "elevation_m": -23.79,
        "photo_filename": "DSC00476.jpg",
        "photo_path": "1000GRMN/DSC00476.jpg",
        "surveyor_comment": null,
        "survey_date": "2023-9-21"
      }
    },
    {
      "type": "Feature",
      "geometry": {
        "type": "Point",
        "coordinates": [
          118.448931,
          9.382983
        ]
      },
      "properties": {
        "id": 656,
        "name": "THRESHER CROSSING COMB. DROP",
        "type": "Drop",
        "Structure_Category": "Thresher Crossing",
        "canal_name": "NORTH MAIN CANAL",
        "station": "STA 2+354.2",
        "station_m": 2354.23,
        "offset_m": 0,
        "ele": -26.8,
        "desc": "",
        "comment": "",
        "images": "1000GRMN/DSC00478.jpg",
        "elevation_m": -26.8,
        "photo_filename": "DSC00478.jpg",
        "photo_path": "1000GRMN/DSC00478.jpg",
        "surveyor_comment": null,
        "survey_date": "2023-9-21"
      }
    },
    {
      "type": "Feature",
      "geometry": {
        "type": "Point",
        "coordinates": [
          118.449165,
          9.382397
        ]
      },
      "properties": {
        "id": 657,
        "name": "DRAINAGE INLET",
        "type": "Drainage",
        "Structure_Category": "Drainage",
        "canal_name": "NORTH MAIN CANAL",
        "station": "STA 2+424.1",
        "station_m": 2424.14,
        "offset_m": 0,
        "ele": -26.81,
        "desc": "",
        "comment": "",
        "images": "1000GRMN/DSC00479.jpg",
        "elevation_m": -26.81,
        "photo_filename": "DSC00479.jpg",
        "photo_path": "1000GRMN/DSC00479.jpg",
        "surveyor_comment": null,
        "survey_date": "2023-9-21"
      }
    },
    {
      "type": "Feature",
      "geometry": {
        "type": "Point",
        "coordinates": [
          118.451493,
          9.379272
        ]
      },
      "properties": {
        "id": 659,
        "name": "THRESHER CROSSING COMB. DROP",
        "type": "Thresher Crossing",
        "Structure_Category": "Thresher Crossing",
        "canal_name": "NORTH MAIN CANAL",
        "station": "STA 2+864.1",
        "station_m": 2864.06,
        "offset_m": 0,
        "ele": -27.92,
        "desc": "",
        "comment": "",
        "images": "1000GRMN/DSC00481.jpg",
        "elevation_m": -27.92,
        "photo_filename": "DSC00481.jpg",
        "photo_path": "1000GRMN/DSC00481.jpg",
        "surveyor_comment": null,
        "survey_date": "2023-9-21"
      }
    },
    {
      "type": "Feature",
      "geometry": {
        "type": "Point",
        "coordinates": [
          118.453181,
          9.37726
        ]
      },
      "properties": {
        "id": 660,
        "name": "ROAD CROSSING COMB. V-DROP",
        "type": "Road Crossing",
        "Structure_Category": "Road Crossing",
        "canal_name": "NORTH MAIN CANAL",
        "station": "STA 3+155.4",
        "station_m": 3155.41,
        "offset_m": 0,
        "ele": -28.26,
        "desc": "",
        "comment": "",
        "images": "1000GRMN/DSC00482.jpg",
        "elevation_m": -28.26,
        "photo_filename": "DSC00482.jpg",
        "photo_path": "1000GRMN/DSC00482.jpg",
        "surveyor_comment": null,
        "survey_date": "2023-9-21"
      }
    },
    {
      "type": "Feature",
      "geometry": {
        "type": "Point",
        "coordinates": [
          118.454261,
          9.375823
        ]
      },
      "properties": {
        "id": 662,
        "name": "DRAINAGE CROSSING",
        "type": "Drainage",
        "Structure_Category": "Drainage",
        "canal_name": "NORTH MAIN CANAL",
        "station": "STA 3+357.3",
        "station_m": 3357.26,
        "offset_m": 0,
        "ele": -28.26,
        "desc": "",
        "comment": "",
        "images": "1000GRMN/DSC00484.jpg",
        "elevation_m": -28.26,
        "photo_filename": "DSC00484.jpg",
        "photo_path": "1000GRMN/DSC00484.jpg",
        "surveyor_comment": null,
        "survey_date": "2023-9-21"
      }
    },
    {
      "type": "Feature",
      "geometry": {
        "type": "Point",
        "coordinates": [
          118.454414,
          9.374952
        ]
      },
      "properties": {
        "id": 663,
        "name": "CART CROSSING",
        "type": "Thresher Crossing",
        "Structure_Category": "Thresher Crossing",
        "canal_name": "NORTH MAIN CANAL",
        "station": "STA 3+456.5",
        "station_m": 3456.54,
        "offset_m": 0,
        "ele": -28.26,
        "desc": "",
        "comment": "",
        "images": "1000GRMN/DSC00485.jpg",
        "elevation_m": -28.26,
        "photo_filename": "DSC00485.jpg",
        "photo_path": "1000GRMN/DSC00485.jpg",
        "surveyor_comment": null,
        "survey_date": "2023-9-21"
      }
    },
    {
      "type": "Feature",
      "geometry": {
        "type": "Point",
        "coordinates": [
          118.454453,
          9.374905
        ]
      },
      "properties": {
        "id": 664,
        "name": "DRAINAGE CROSSING",
        "type": "Drainage",
        "Structure_Category": "Drainage",
        "canal_name": "NORTH MAIN CANAL",
        "station": "STA 3+460.9",
        "station_m": 3460.87,
        "offset_m": 5.19,
        "ele": -28.26,
        "desc": "",
        "comment": "",
        "images": "1000GRMN/DSC00486.jpg",
        "elevation_m": -28.26,
        "photo_filename": "DSC00486.jpg",
        "photo_path": "1000GRMN/DSC00486.jpg",
        "surveyor_comment": null,
        "survey_date": "2023-9-21"
      }
    },
    {
      "type": "Feature",
      "geometry": {
        "type": "Point",
        "coordinates": [
          118.453677,
          9.37374
        ]
      },
      "properties": {
        "id": 667,
        "name": "CART CROSSING",
        "type": "Thresher Crossing",
        "Structure_Category": "Thresher Crossing",
        "canal_name": "NORTH MAIN CANAL",
        "station": "STA 3+617.4",
        "station_m": 3617.4,
        "offset_m": 0,
        "ele": -28.15,
        "desc": "",
        "comment": "",
        "images": "1000GRMN/DSC00489.jpg",
        "elevation_m": -28.15,
        "photo_filename": "DSC00489.jpg",
        "photo_path": "1000GRMN/DSC00489.jpg",
        "surveyor_comment": null,
        "survey_date": "2023-9-22"
      }
    },
    {
      "type": "Feature",
      "geometry": {
        "type": "Point",
        "coordinates": [
          118.453498,
          9.37355
        ]
      },
      "properties": {
        "id": 669,
        "name": "CHECK STRUCTURE",
        "type": "Check Structure",
        "Structure_Category": "Check Gate",
        "canal_name": "NORTH MAIN CANAL",
        "station": "STA 3+646.2",
        "station_m": 3646.23,
        "offset_m": 1.18,
        "ele": -28.15,
        "desc": "",
        "comment": "",
        "images": "1000GRMN/DSC00491.jpg",
        "elevation_m": -28.15,
        "photo_filename": "DSC00491.jpg",
        "photo_path": "1000GRMN/DSC00491.jpg",
        "surveyor_comment": null,
        "survey_date": "2023-10-22"
      }
    },
    {
      "type": "Feature",
      "geometry": {
        "type": "Point",
        "coordinates": [
          118.453527,
          9.373536
        ]
      },
      "properties": {
        "id": 668,
        "name": "HEAD GATE OF LAT-BN",
        "type": "Head Gate",
        "Structure_Category": "Head Gate",
        "canal_name": "LATERAL B-NORTH",
        "station": "STA 0+002.3",
        "station_m": 2.27,
        "offset_m": 0,
        "ele": -28.15,
        "desc": "",
        "comment": "",
        "images": "1000GRMN/DSC00490.jpg",
        "elevation_m": -28.15,
        "photo_filename": "DSC00490.jpg",
        "photo_path": "1000GRMN/DSC00490.jpg",
        "surveyor_comment": null,
        "survey_date": "2023-9-22"
      }
    },
    {
      "type": "Feature",
      "geometry": {
        "type": "Point",
        "coordinates": [
          118.453487,
          9.373521
        ]
      },
      "properties": {
        "id": 670,
        "name": "THRESHER CROSSING",
        "type": "Thresher Crossing",
        "Structure_Category": "Thresher Crossing",
        "canal_name": "NORTH MAIN CANAL",
        "station": "STA 3+649.5",
        "station_m": 3649.46,
        "offset_m": 0,
        "ele": -28.15,
        "desc": "",
        "comment": "",
        "images": "1000GRMN/DSC00492.jpg",
        "elevation_m": -28.15,
        "photo_filename": "DSC00492.jpg",
        "photo_path": "1000GRMN/DSC00492.jpg",
        "surveyor_comment": null,
        "survey_date": "2023-9-22"
      }
    },
    {
      "type": "Feature",
      "geometry": {
        "type": "Point",
        "coordinates": [
          118.452729,
          9.371361
        ]
      },
      "properties": {
        "id": 671,
        "name": "RCP CROSSING",
        "type": "Road Crossing",
        "Structure_Category": "Road Crossing",
        "canal_name": "NORTH MAIN CANAL",
        "station": "STA 3+909.2",
        "station_m": 3909.24,
        "offset_m": 0,
        "ele": -28.15,
        "desc": "",
        "comment": "",
        "images": "1000GRMN/DSC00493.jpg",
        "elevation_m": -28.15,
        "photo_filename": "DSC00493.jpg",
        "photo_path": "1000GRMN/DSC00493.jpg",
        "surveyor_comment": null,
        "survey_date": "2023-9-22"
      }
    },
    {
      "type": "Feature",
      "geometry": {
        "type": "Point",
        "coordinates": [
          118.452548,
          9.369143
        ]
      },
      "properties": {
        "id": 672,
        "name": "CART CROSSING",
        "type": "Thresher Crossing",
        "Structure_Category": "Thresher Crossing",
        "canal_name": "NORTH MAIN CANAL",
        "station": "STA 4+156.0",
        "station_m": 4156.02,
        "offset_m": 0,
        "ele": -28.15,
        "desc": "",
        "comment": "",
        "images": "1000GRMN/DSC00494.jpg",
        "elevation_m": -28.15,
        "photo_filename": "DSC00494.jpg",
        "photo_path": "1000GRMN/DSC00494.jpg",
        "surveyor_comment": null,
        "survey_date": "2023-9-22"
      }
    },
    {
      "type": "Feature",
      "geometry": {
        "type": "Point",
        "coordinates": [
          118.45249,
          9.368842
        ]
      },
      "properties": {
        "id": 674,
        "name": "THRESHER CROSSING",
        "type": "Thresher Crossing",
        "Structure_Category": "Thresher Crossing",
        "canal_name": "NORTH MAIN CANAL",
        "station": "STA 4+190.0",
        "station_m": 4190.01,
        "offset_m": 0,
        "ele": -28.15,
        "desc": "",
        "comment": "",
        "images": "1000GRMN/DSC00496.jpg",
        "elevation_m": -28.15,
        "photo_filename": "DSC00496.jpg",
        "photo_path": "1000GRMN/DSC00496.jpg",
        "surveyor_comment": null,
        "survey_date": "2023-9-22"
      }
    },
    {
      "type": "Feature",
      "geometry": {
        "type": "Point",
        "coordinates": [
          118.452324,
          9.367076
        ]
      },
      "properties": {
        "id": 676,
        "name": "VERTICAL DROP",
        "type": "Drop",
        "Structure_Category": "Drop",
        "canal_name": "NORTH MAIN CANAL",
        "station": "STA 4+386.7",
        "station_m": 4386.71,
        "offset_m": 0,
        "ele": -28.15,
        "desc": "",
        "comment": "",
        "images": "1000GRMN/DSC00498.jpg",
        "elevation_m": -28.15,
        "photo_filename": "DSC00498.jpg",
        "photo_path": "1000GRMN/DSC00498.jpg",
        "surveyor_comment": null,
        "survey_date": "2023-9-22"
      }
    },
    {
      "type": "Feature",
      "geometry": {
        "type": "Point",
        "coordinates": [
          118.452248,
          9.365499
        ]
      },
      "properties": {
        "id": 678,
        "name": "UNAUTHORIZED TURNOUT",
        "type": "Unauthorized Turnout",
        "Structure_Category": "Turnout (TO)",
        "canal_name": "NORTH MAIN CANAL",
        "station": "STA 4+561.8",
        "station_m": 4561.8,
        "offset_m": 0.5,
        "ele": -28.15,
        "desc": "",
        "comment": "",
        "images": "1000GRMN/DSC00500.jpg",
        "elevation_m": -28.15,
        "photo_filename": "DSC00500.jpg",
        "photo_path": "1000GRMN/DSC00500.jpg",
        "surveyor_comment": null,
        "survey_date": "2023-9-22"
      }
    },
    {
      "type": "Feature",
      "geometry": {
        "type": "Point",
        "coordinates": [
          118.45224,
          9.365432
        ]
      },
      "properties": {
        "id": 677,
        "name": "THRESHER CROSSING",
        "type": "Thresher Crossing",
        "Structure_Category": "Thresher Crossing",
        "canal_name": "NORTH MAIN CANAL",
        "station": "STA 4+569.3",
        "station_m": 4569.27,
        "offset_m": 0,
        "ele": -28.15,
        "desc": "",
        "comment": "",
        "images": "1000GRMN/DSC00499.jpg",
        "elevation_m": -28.15,
        "photo_filename": "DSC00499.jpg",
        "photo_path": "1000GRMN/DSC00499.jpg",
        "surveyor_comment": null,
        "survey_date": "2023-9-22"
      }
    },
    {
      "type": "Feature",
      "geometry": {
        "type": "Point",
        "coordinates": [
          118.446498,
          9.389137
        ]
      },
      "properties": {
        "id": 645,
        "name": "DMTO#2-L/S-NMC",
        "type": "Turnout",
        "Structure_Category": "Turnout (TO)",
        "canal_name": "LATERAL A-NORTH",
        "station": "STA 0+005.0",
        "station_m": 5,
        "offset_m": 3.22,
        "ele": -23.79,
        "desc": "",
        "comment": "",
        "images": "1000GRMN/DSC00467.jpg",
        "elevation_m": -23.79,
        "photo_filename": "DSC00467.jpg",
        "photo_path": "1000GRMN/DSC00467.jpg",
        "surveyor_comment": null,
        "survey_date": "2023-9-21"
      }
    },
    {
      "type": "Feature",
      "geometry": {
        "type": "Point",
        "coordinates": [
          118.447199,
          9.387463
        ]
      },
      "properties": {
        "id": 650,
        "name": "DMTO#3-L/S-NMC",
        "type": "Turnout",
        "Structure_Category": "Turnout (TO)",
        "canal_name": "NORTH MAIN CANAL",
        "station": "STA 1+821.4",
        "station_m": 1821.37,
        "offset_m": 0,
        "ele": -23.8,
        "desc": "",
        "comment": "",
        "images": "1000GRMN/DSC00472.jpg",
        "elevation_m": -23.8,
        "photo_filename": "DSC00472.jpg",
        "photo_path": "1000GRMN/DSC00472.jpg",
        "surveyor_comment": null,
        "survey_date": "2023-9-21"
      }
    },
    {
      "type": "Feature",
      "geometry": {
        "type": "Point",
        "coordinates": [
          118.448939,
          9.38302
        ]
      },
      "properties": {
        "id": 655,
        "name": "DMTO#4-L/S-NMC",
        "type": "Turnout",
        "Structure_Category": "Turnout (TO)",
        "canal_name": "NORTH MAIN CANAL",
        "station": "STA 2+350.6",
        "station_m": 2350.64,
        "offset_m": 2.17,
        "ele": -23.79,
        "desc": "",
        "comment": "",
        "images": "1000GRMN/DSC00477.jpg",
        "elevation_m": -23.79,
        "photo_filename": "DSC00477.jpg",
        "photo_path": "1000GRMN/DSC00477.jpg",
        "surveyor_comment": null,
        "survey_date": "2023-9-21"
      }
    },
    {
      "type": "Feature",
      "geometry": {
        "type": "Point",
        "coordinates": [
          118.450886,
          9.379957
        ]
      },
      "properties": {
        "id": 658,
        "name": "DMTO#5-L/S-NMC",
        "type": "Turnout",
        "Structure_Category": "Turnout (TO)",
        "canal_name": "NORTH MAIN CANAL",
        "station": "STA 2+762.9",
        "station_m": 2762.86,
        "offset_m": 0,
        "ele": -26.82,
        "desc": "",
        "comment": "",
        "images": "1000GRMN/DSC00480.jpg",
        "elevation_m": -26.82,
        "photo_filename": "DSC00480.jpg",
        "photo_path": "1000GRMN/DSC00480.jpg",
        "surveyor_comment": null,
        "survey_date": "2023-9-21"
      }
    },
    {
      "type": "Feature",
      "geometry": {
        "type": "Point",
        "coordinates": [
          118.453974,
          9.376458
        ]
      },
      "properties": {
        "id": 661,
        "name": "DMTO#6-L/S-NMC",
        "type": "Turnout",
        "Structure_Category": "Turnout (TO)",
        "canal_name": "NORTH MAIN CANAL",
        "station": "STA 3+280.1",
        "station_m": 3280.07,
        "offset_m": 0,
        "ele": -28.27,
        "desc": "",
        "comment": "",
        "images": "1000GRMN/DSC00483.jpg",
        "elevation_m": -28.27,
        "photo_filename": "DSC00483.jpg",
        "photo_path": "1000GRMN/DSC00483.jpg",
        "surveyor_comment": null,
        "survey_date": "2023-9-21"
      }
    },
    {
      "type": "Feature",
      "geometry": {
        "type": "Point",
        "coordinates": [
          118.45434,
          9.374563
        ]
      },
      "properties": {
        "id": 665,
        "name": "DMTO#7-L/S-NMC",
        "type": "Turnout",
        "Structure_Category": "Turnout (TO)",
        "canal_name": "NORTH MAIN CANAL",
        "station": "STA 3+500.4",
        "station_m": 3500.45,
        "offset_m": 0,
        "ele": -28.26,
        "desc": "",
        "comment": "",
        "images": "1000GRMN/DSC00487.jpg",
        "elevation_m": -28.26,
        "photo_filename": "DSC00487.jpg",
        "photo_path": "1000GRMN/DSC00487.jpg",
        "surveyor_comment": null,
        "survey_date": "2023-9-21"
      }
    },
    {
      "type": "Feature",
      "geometry": {
        "type": "Point",
        "coordinates": [
          118.452471,
          9.368878
        ]
      },
      "properties": {
        "id": 673,
        "name": "DMTO#9-R/S-NMC",
        "type": "Turnout",
        "Structure_Category": "Turnout (TO)",
        "canal_name": "NORTH MAIN CANAL",
        "station": "STA 4+186.5",
        "station_m": 4186.48,
        "offset_m": 2.81,
        "ele": -28.15,
        "desc": "",
        "comment": "",
        "images": "1000GRMN/DSC00495.jpg",
        "elevation_m": -28.15,
        "photo_filename": "DSC00495.jpg",
        "photo_path": "1000GRMN/DSC00495.jpg",
        "surveyor_comment": null,
        "survey_date": "2023-9-22"
      }
    },
    {
      "type": "Feature",
      "geometry": {
        "type": "Point",
        "coordinates": [
          118.519486,
          9.374703
        ]
      },
      "properties": {
        "id": 624,
        "name": "MTO#7-L/S-TIGMAN LAT A",
        "type": "Turnout",
        "Structure_Category": "Turnout (TO)",
        "canal_name": "TIGMAN LATERAL A",
        "station": "STA 4+492.7",
        "station_m": 4492.7,
        "offset_m": 2.47,
        "ele": -52.22,
        "desc": "",
        "comment": "",
        "images": "1000GRMN/DSC00204.jpg",
        "elevation_m": -52.22,
        "photo_filename": "DSC00204.jpg",
        "photo_path": "1000GRMN/DSC00204.jpg",
        "surveyor_comment": null,
        "survey_date": "2023-9-15"
      }
    },
    {
      "type": "Feature",
      "geometry": {
        "type": "Point",
        "coordinates": [
          118.519463,
          9.374675
        ]
      },
      "properties": {
        "id": 625,
        "name": "MTO#8-R/S-TIGMAN LAT A",
        "type": "Turnout",
        "Structure_Category": "Turnout (TO)",
        "canal_name": "TIGMAN LATERAL A",
        "station": "STA 4+490.7",
        "station_m": 4490.72,
        "offset_m": 1.06,
        "ele": -52.21,
        "desc": "",
        "comment": "",
        "images": "1000GRMN/DSC00205.jpg",
        "elevation_m": -52.21,
        "photo_filename": "DSC00205.jpg",
        "photo_path": "1000GRMN/DSC00205.jpg",
        "surveyor_comment": null,
        "survey_date": "2023-9-15"
      }
    },
    {
      "type": "Feature",
      "geometry": {
        "type": "Point",
        "coordinates": [
          118.453092,
          9.362597
        ]
      },
      "properties": {
        "id": 681,
        "name": "THRESHER CROSSING COMB. DROP",
        "type": "Thresher Crossing",
        "Structure_Category": "Thresher Crossing",
        "canal_name": "NORTH MAIN CANAL",
        "station": "STA 4+897.8",
        "station_m": 4897.75,
        "offset_m": 0,
        "ele": -28.16,
        "desc": "",
        "comment": "",
        "images": "1000GRMN/DSC00503.jpg",
        "elevation_m": -28.16,
        "photo_filename": "DSC00503.jpg",
        "photo_path": "1000GRMN/DSC00503.jpg",
        "surveyor_comment": null,
        "survey_date": "2023-9-22"
      }
    },
    {
      "type": "Feature",
      "geometry": {
        "type": "Point",
        "coordinates": [
          118.453873,
          9.359338
        ]
      },
      "properties": {
        "id": 682,
        "name": "THRESHER CROSSING COMB. DROP",
        "type": "Thresher Crossing",
        "Structure_Category": "Thresher Crossing",
        "canal_name": "NORTH MAIN CANAL",
        "station": "STA 5+270.2",
        "station_m": 5270.23,
        "offset_m": 0,
        "ele": -28.17,
        "desc": "",
        "comment": "",
        "images": "1000GRMN/DSC00504.jpg",
        "elevation_m": -28.17,
        "photo_filename": "DSC00504.jpg",
        "photo_path": "1000GRMN/DSC00504.jpg",
        "surveyor_comment": null,
        "survey_date": "2023-9-22"
      }
    },
    {
      "type": "Feature",
      "geometry": {
        "type": "Point",
        "coordinates": [
          118.454636,
          9.357513
        ]
      },
      "properties": {
        "id": 683,
        "name": "UNAUTHORIZED TURNOUT",
        "type": "Unauthorized Turnout",
        "Structure_Category": "Turnout (TO)",
        "canal_name": "NORTH MAIN CANAL",
        "station": "STA 5+491.1",
        "station_m": 5491.08,
        "offset_m": 1.23,
        "ele": -28.17,
        "desc": "",
        "comment": "",
        "images": "1000GRMN/DSC00505.jpg",
        "elevation_m": -28.17,
        "photo_filename": "DSC00505.jpg",
        "photo_path": "1000GRMN/DSC00505.jpg",
        "surveyor_comment": null,
        "survey_date": "2023-9-22"
      }
    },
    {
      "type": "Feature",
      "geometry": {
        "type": "Point",
        "coordinates": [
          118.454665,
          9.357434
        ]
      },
      "properties": {
        "id": 684,
        "name": "THRESHER CROSSING",
        "type": "Thresher Crossing",
        "Structure_Category": "Thresher Crossing",
        "canal_name": "NORTH MAIN CANAL",
        "station": "STA 5+500.3",
        "station_m": 5500.33,
        "offset_m": 0,
        "ele": -28.16,
        "desc": "",
        "comment": "",
        "images": "1000GRMN/DSC00506.jpg",
        "elevation_m": -28.16,
        "photo_filename": "DSC00506.jpg",
        "photo_path": "1000GRMN/DSC00506.jpg",
        "surveyor_comment": null,
        "survey_date": "2023-9-22"
      }
    },
    {
      "type": "Feature",
      "geometry": {
        "type": "Point",
        "coordinates": [
          118.454683,
          9.357373
        ]
      },
      "properties": {
        "id": 685,
        "name": "DRAINAGE INLET",
        "type": "Drainage",
        "Structure_Category": "Drainage",
        "canal_name": "NORTH MAIN CANAL",
        "station": "STA 5+507.2",
        "station_m": 5507.22,
        "offset_m": 1.46,
        "ele": -28.16,
        "desc": "",
        "comment": "",
        "images": "1000GRMN/DSC00507.jpg",
        "elevation_m": -28.16,
        "photo_filename": "DSC00507.jpg",
        "photo_path": "1000GRMN/DSC00507.jpg",
        "surveyor_comment": null,
        "survey_date": "2023-9-22"
      }
    },
    {
      "type": "Feature",
      "geometry": {
        "type": "Point",
        "coordinates": [
          118.456536,
          9.354003
        ]
      },
      "properties": {
        "id": 690,
        "name": "DRAINAGE INLET",
        "type": "Drainage",
        "Structure_Category": "Drainage",
        "canal_name": "NORTH MAIN CANAL",
        "station": "STA 5+933.0",
        "station_m": 5932.98,
        "offset_m": 4.71,
        "ele": -30.49,
        "desc": "",
        "comment": "",
        "images": "1000GRMN/DSC00512.jpg",
        "elevation_m": -30.49,
        "photo_filename": "DSC00512.jpg",
        "photo_path": "1000GRMN/DSC00512.jpg",
        "surveyor_comment": null,
        "survey_date": "2023-9-22"
      }
    },
    {
      "type": "Feature",
      "geometry": {
        "type": "Point",
        "coordinates": [
          118.457649,
          9.352209
        ]
      },
      "properties": {
        "id": 692,
        "name": "INCLINE DROP STRUCUTRE",
        "type": "Drop",
        "Structure_Category": "Drop",
        "canal_name": "NORTH MAIN CANAL",
        "station": "STA 6+166.6",
        "station_m": 6166.63,
        "offset_m": 0,
        "ele": -30.49,
        "desc": "",
        "comment": "",
        "images": "1000GRMN/DSC00514.jpg",
        "elevation_m": -30.49,
        "photo_filename": "DSC00514.jpg",
        "photo_path": "1000GRMN/DSC00514.jpg",
        "surveyor_comment": null,
        "survey_date": "2023-9-22"
      }
    },
    {
      "type": "Feature",
      "geometry": {
        "type": "Point",
        "coordinates": [
          118.424628,
          9.421855
        ]
      },
      "properties": {
        "id": 419,
        "name": "INTAKE STRUCTURE STA. 0+000",
        "type": "Intake",
        "Structure_Category": "Inlet",
        "canal_name": "MANAILE MAIN CANAL",
        "station": "STA 0+000.0",
        "station_m": 0,
        "offset_m": 0,
        "ele": 64.94,
        "desc": "",
        "comment": "",
        "images": "1000GRMN/DSC00135.jpg",
        "elevation_m": 64.94,
        "photo_filename": "DSC00135.jpg",
        "photo_path": "1000GRMN/DSC00135.jpg",
        "surveyor_comment": null,
        "survey_date": "2023-9-4"
      }
    },
    {
      "type": "Feature",
      "geometry": {
        "type": "Point",
        "coordinates": [
          118.42876,
          9.4174
        ]
      },
      "properties": {
        "id": 429,
        "name": "INCLINED DROP STA.0+0+688.59",
        "type": "Drop",
        "Structure_Category": "Drop",
        "canal_name": "MANAILE MAIN CANAL",
        "station": "STA 0+684.6",
        "station_m": 684.62,
        "offset_m": 0,
        "ele": 50.86,
        "desc": "",
        "comment": "",
        "images": "1000GRMN/DSC00146.jpg",
        "elevation_m": 50.86,
        "photo_filename": "DSC00146.jpg",
        "photo_path": "1000GRMN/DSC00146.jpg",
        "surveyor_comment": null,
        "survey_date": "2023-9-4"
      }
    },
    {
      "type": "Feature",
      "geometry": {
        "type": "Point",
        "coordinates": [
          118.432813,
          9.410834
        ]
      },
      "properties": {
        "id": 440,
        "name": "ROAD CROSSING COMB. INCLINED DROP STA.1+657.25",
        "type": "Road Crossing",
        "Structure_Category": "Road Crossing",
        "canal_name": "MANAILE MAIN CANAL",
        "station": "STA 1+655.5",
        "station_m": 1655.49,
        "offset_m": 0,
        "ele": 35.08,
        "desc": "",
        "comment": "",
        "images": "1000GRMN/DSC00157.jpg",
        "elevation_m": 35.08,
        "photo_filename": "DSC00157.jpg",
        "photo_path": "1000GRMN/DSC00157.jpg",
        "surveyor_comment": null,
        "survey_date": "2023-9-4"
      }
    },
    {
      "type": "Feature",
      "geometry": {
        "type": "Point",
        "coordinates": [
          118.447387,
          9.399167
        ]
      },
      "properties": {
        "id": 459,
        "name": "DRAINAGE INLET STA. 3+810.29",
        "type": "Drainage",
        "Structure_Category": "Drainage",
        "canal_name": "MANAILE MAIN CANAL",
        "station": "STA 3+818.7",
        "station_m": 3818.74,
        "offset_m": 0,
        "ele": 30.41,
        "desc": "",
        "comment": "",
        "images": "1000GRMN/DSC00176.jpg",
        "elevation_m": 30.41,
        "photo_filename": "DSC00176.jpg",
        "photo_path": "1000GRMN/DSC00176.jpg",
        "surveyor_comment": null,
        "survey_date": "2023-9-4"
      }
    },
    {
      "type": "Feature",
      "geometry": {
        "type": "Point",
        "coordinates": [
          118.44825,
          9.396627
        ]
      },
      "properties": {
        "id": 461,
        "name": "UNAUTHORIZED TURNOUT STA. 4+107.43",
        "type": "Unauthorized Turnout",
        "Structure_Category": "Turnout (TO)",
        "canal_name": "MANAILE MAIN CANAL",
        "station": "STA 4+116.8",
        "station_m": 4116.79,
        "offset_m": 0,
        "ele": 21.12,
        "desc": "",
        "comment": "",
        "images": "1000GRMN/DSC00178.jpg",
        "elevation_m": 21.12,
        "photo_filename": "DSC00178.jpg",
        "photo_path": "1000GRMN/DSC00178.jpg",
        "surveyor_comment": null,
        "survey_date": "2023-9-4"
      }
    },
    {
      "type": "Feature",
      "geometry": {
        "type": "Point",
        "coordinates": [
          118.439169,
          9.418792
        ]
      },
      "properties": {
        "id": 480,
        "name": "EARTH CANAL END, START OF LINING",
        "type": "Station",
        "Structure_Category": "Other Structures",
        "canal_name": "MANAILE LATERAL A",
        "station": "STA 1+755.8",
        "station_m": 1755.84,
        "offset_m": 0,
        "ele": 64.84,
        "desc": "",
        "comment": "",
        "images": "1000GRMN/DSC00167.jpg",
        "elevation_m": 64.84,
        "photo_filename": "DSC00167.jpg",
        "photo_path": "1000GRMN/DSC00167.jpg",
        "surveyor_comment": null,
        "survey_date": "2023-9-5"
      }
    },
    {
      "type": "Feature",
      "geometry": {
        "type": "Point",
        "coordinates": [
          118.427082,
          9.419802
        ]
      },
      "properties": {
        "id": 465,
        "name": "THRESHER CROSSING COMB. V-DROP STA. 0+001.80",
        "type": "Thresher Crossing",
        "Structure_Category": "Thresher Crossing",
        "canal_name": "MANAILE LATERAL A",
        "station": "STA 0+008.7",
        "station_m": 8.71,
        "offset_m": 0,
        "ele": 77.17,
        "desc": "",
        "comment": "",
        "images": "1000GRMN/DSC00152.jpg",
        "elevation_m": 77.17,
        "photo_filename": "DSC00152.jpg",
        "photo_path": "1000GRMN/DSC00152.jpg",
        "surveyor_comment": null,
        "survey_date": "2023-9-5"
      }
    },
    {
      "type": "Feature",
      "geometry": {
        "type": "Point",
        "coordinates": [
          118.45847,
          9.350799
        ]
      },
      "properties": {
        "id": 694,
        "name": "ROAD CROSSING",
        "type": "Road Crossing",
        "Structure_Category": "Road Crossing",
        "canal_name": "NORTH MAIN CANAL",
        "station": "STA 6+347.3",
        "station_m": 6347.26,
        "offset_m": 0,
        "ele": -30.49,
        "desc": "",
        "comment": "",
        "images": "1000GRMN/DSC00516.jpg",
        "elevation_m": -30.49,
        "photo_filename": "DSC00516.jpg",
        "photo_path": "1000GRMN/DSC00516.jpg",
        "surveyor_comment": null,
        "survey_date": "2023-9-22"
      }
    },
    {
      "type": "Feature",
      "geometry": {
        "type": "Point",
        "coordinates": [
          118.458612,
          9.350521
        ]
      },
      "properties": {
        "id": 697,
        "name": "THRESHER CROSSING COMB. V-DROP",
        "type": "Thresher Crossing",
        "Structure_Category": "Thresher Crossing",
        "canal_name": "NORTH MAIN CANAL",
        "station": "STA 6+381.8",
        "station_m": 6381.83,
        "offset_m": 0,
        "ele": -30.48,
        "desc": "",
        "comment": "",
        "images": "1000GRMN/DSC00519.jpg",
        "elevation_m": -30.48,
        "photo_filename": "DSC00519.jpg",
        "photo_path": "1000GRMN/DSC00519.jpg",
        "surveyor_comment": null,
        "survey_date": "2023-9-22"
      }
    },
    {
      "type": "Feature",
      "geometry": {
        "type": "Point",
        "coordinates": [
          118.458628,
          9.35046
        ]
      },
      "properties": {
        "id": 698,
        "name": "DRAINAGE INLET",
        "type": "Drainage",
        "Structure_Category": "Drainage",
        "canal_name": "NORTH MAIN CANAL",
        "station": "STA 6+388.6",
        "station_m": 6388.57,
        "offset_m": 1.85,
        "ele": -30.49,
        "desc": "",
        "comment": "",
        "images": "1000GRMN/DSC00520.jpg",
        "elevation_m": -30.49,
        "photo_filename": "DSC00520.jpg",
        "photo_path": "1000GRMN/DSC00520.jpg",
        "surveyor_comment": null,
        "survey_date": "2023-9-22"
      }
    },
    {
      "type": "Feature",
      "geometry": {
        "type": "Point",
        "coordinates": [
          118.460851,
          9.347032
        ]
      },
      "properties": {
        "id": 700,
        "name": "THRESHER CROSSING COMB. V-DROP",
        "type": "Thresher Crossing",
        "Structure_Category": "Thresher Crossing",
        "canal_name": "NORTH MAIN CANAL",
        "station": "STA 6+841.6",
        "station_m": 6841.61,
        "offset_m": 0,
        "ele": -30.49,
        "desc": "",
        "comment": "",
        "images": "1000GRMN/DSC00522.jpg",
        "elevation_m": -30.49,
        "photo_filename": "DSC00522.jpg",
        "photo_path": "1000GRMN/DSC00522.jpg",
        "surveyor_comment": null,
        "survey_date": "2023-9-22"
      }
    },
    {
      "type": "Feature",
      "geometry": {
        "type": "Point",
        "coordinates": [
          118.472209,
          9.341447
        ]
      },
      "properties": {
        "id": 706,
        "name": "INLET ROAD CROSSING NAT'L HI-WAY",
        "type": "Road Crossing",
        "Structure_Category": "Road Crossing",
        "canal_name": "NORTH MAIN CANAL",
        "station": "STA 8+282.4",
        "station_m": 8282.44,
        "offset_m": 0,
        "ele": -33.92,
        "desc": "",
        "comment": "",
        "images": "1000GRMN/DSC00528.jpg",
        "elevation_m": -33.92,
        "photo_filename": "DSC00528.jpg",
        "photo_path": "1000GRMN/DSC00528.jpg",
        "surveyor_comment": null,
        "survey_date": "2023-9-22"
      }
    },
    {
      "type": "Feature",
      "geometry": {
        "type": "Point",
        "coordinates": [
          118.472302,
          9.341412
        ]
      },
      "properties": {
        "id": 707,
        "name": "CL ROAD CROASSING NAT'L HI-WAY",
        "type": "Road Crossing",
        "Structure_Category": "Road Crossing",
        "canal_name": "NORTH MAIN CANAL",
        "station": "STA 8+293.2",
        "station_m": 8293.19,
        "offset_m": 2.14,
        "ele": -33.92,
        "desc": "",
        "comment": "",
        "images": "1000GRMN/DSC00529.jpg",
        "elevation_m": -33.92,
        "photo_filename": "DSC00529.jpg",
        "photo_path": "1000GRMN/DSC00529.jpg",
        "surveyor_comment": null,
        "survey_date": "2023-9-22"
      }
    },
    {
      "type": "Feature",
      "geometry": {
        "type": "Point",
        "coordinates": [
          118.472346,
          9.341362
        ]
      },
      "properties": {
        "id": 708,
        "name": "OUTLET ROAD CROSSING NAT'L HI-WAY",
        "type": "Road Crossing",
        "Structure_Category": "Road Crossing",
        "canal_name": "NORTH MAIN CANAL",
        "station": "STA 8+300.2",
        "station_m": 8300.23,
        "offset_m": 0,
        "ele": -33.92,
        "desc": "",
        "comment": "",
        "images": "1000GRMN/DSC00530.jpg",
        "elevation_m": -33.92,
        "photo_filename": "DSC00530.jpg",
        "photo_path": "1000GRMN/DSC00530.jpg",
        "surveyor_comment": null,
        "survey_date": "2023-9-22"
      }
    },
    {
      "type": "Feature",
      "geometry": {
        "type": "Point",
        "coordinates": [
          118.474024,
          9.341522
        ]
      },
      "properties": {
        "id": 711,
        "name": "THRESHER CROSSING COMB. V-DROP",
        "type": "Thresher Crossing",
        "Structure_Category": "Thresher Crossing",
        "canal_name": "NORTH MAIN CANAL",
        "station": "STA 8+502.3",
        "station_m": 8502.3,
        "offset_m": 0.53,
        "ele": -33.92,
        "desc": "",
        "comment": "",
        "images": "1000GRMN/DSC00533.jpg",
        "elevation_m": -33.92,
        "photo_filename": "DSC00533.jpg",
        "photo_path": "1000GRMN/DSC00533.jpg",
        "surveyor_comment": null,
        "survey_date": "2023-9-22"
      }
    },
    {
      "type": "Feature",
      "geometry": {
        "type": "Point",
        "coordinates": [
          118.474204,
          9.341469
        ]
      },
      "properties": {
        "id": 712,
        "name": "END TRAPEZOIDAL LINING, START EARTH CANAL",
        "type": "Station",
        "Structure_Category": "Other Structures",
        "canal_name": "NORTH MAIN CANAL",
        "station": "STA 8+523.0",
        "station_m": 8522.98,
        "offset_m": 0,
        "ele": -33.93,
        "desc": "",
        "comment": "",
        "images": "1000GRMN/DSC00534.jpg",
        "elevation_m": -33.93,
        "photo_filename": "DSC00534.jpg",
        "photo_path": "1000GRMN/DSC00534.jpg",
        "surveyor_comment": null,
        "survey_date": "2023-9-22"
      }
    },
    {
      "type": "Feature",
      "geometry": {
        "type": "Point",
        "coordinates": [
          118.476065,
          9.340481
        ]
      },
      "properties": {
        "id": 715,
        "name": "DRAINAGE CROSSING",
        "type": "Drainage",
        "Structure_Category": "Drainage",
        "canal_name": "NORTH MAIN CANAL",
        "station": "STA 8+755.2",
        "station_m": 8755.18,
        "offset_m": 10.08,
        "ele": -38.99,
        "desc": "",
        "comment": "",
        "images": "1000GRMN/DSC00537.jpg",
        "elevation_m": -38.99,
        "photo_filename": "DSC00537.jpg",
        "photo_path": "1000GRMN/DSC00537.jpg",
        "surveyor_comment": null,
        "survey_date": "2023-9-22"
      }
    },
    {
      "type": "Feature",
      "geometry": {
        "type": "Point",
        "coordinates": [
          118.476064,
          9.340376
        ]
      },
      "properties": {
        "id": 714,
        "name": "INCLINED DROP",
        "type": "Drop",
        "Structure_Category": "Drop",
        "canal_name": "NORTH MAIN CANAL",
        "station": "STA 8+761.0",
        "station_m": 8761.02,
        "offset_m": 0,
        "ele": -39,
        "desc": "",
        "comment": "",
        "images": "1000GRMN/DSC00536.jpg",
        "elevation_m": -39,
        "photo_filename": "DSC00536.jpg",
        "photo_path": "1000GRMN/DSC00536.jpg",
        "surveyor_comment": null,
        "survey_date": "2023-9-22"
      }
    },
    {
      "type": "Feature",
      "geometry": {
        "type": "Point",
        "coordinates": [
          118.478467,
          9.339203
        ]
      },
      "properties": {
        "id": 718,
        "name": "BULLCART CROSSING",
        "type": "Thresher Crossing",
        "Structure_Category": "Thresher Crossing",
        "canal_name": "NORTH MAIN CANAL",
        "station": "STA 9+060.6",
        "station_m": 9060.6,
        "offset_m": 0,
        "ele": -38.99,
        "desc": "",
        "comment": "",
        "images": "1000GRMN/DSC00540.jpg",
        "elevation_m": -38.99,
        "photo_filename": "DSC00540.jpg",
        "photo_path": "1000GRMN/DSC00540.jpg",
        "surveyor_comment": null,
        "survey_date": "2023-9-22"
      }
    },
    {
      "type": "Feature",
      "geometry": {
        "type": "Point",
        "coordinates": [
          118.478649,
          9.339044
        ]
      },
      "properties": {
        "id": 719,
        "name": "BULLCART CROSSING",
        "type": "Thresher Crossing",
        "Structure_Category": "Thresher Crossing",
        "canal_name": "NORTH MAIN CANAL",
        "station": "STA 9+087.3",
        "station_m": 9087.3,
        "offset_m": 0,
        "ele": -38.99,
        "desc": "",
        "comment": "",
        "images": "1000GRMN/DSC00541.jpg",
        "elevation_m": -38.99,
        "photo_filename": "DSC00541.jpg",
        "photo_path": "1000GRMN/DSC00541.jpg",
        "surveyor_comment": null,
        "survey_date": "2023-9-22"
      }
    },
    {
      "type": "Feature",
      "geometry": {
        "type": "Point",
        "coordinates": [
          118.479304,
          9.338634
        ]
      },
      "properties": {
        "id": 720,
        "name": "DRAINAGE CROSSING",
        "type": "Drainage",
        "Structure_Category": "Drainage",
        "canal_name": "NORTH MAIN CANAL",
        "station": "STA 9+172.6",
        "station_m": 9172.58,
        "offset_m": 0,
        "ele": -39,
        "desc": "",
        "comment": "",
        "images": "1000GRMN/DSC00542.jpg",
        "elevation_m": -39,
        "photo_filename": "DSC00542.jpg",
        "photo_path": "1000GRMN/DSC00542.jpg",
        "surveyor_comment": null,
        "survey_date": "2023-9-22"
      }
    },
    {
      "type": "Feature",
      "geometry": {
        "type": "Point",
        "coordinates": [
          118.480802,
          9.337733
        ]
      },
      "properties": {
        "id": 723,
        "name": "THRESHER CROSSING COMB. V-DROP",
        "type": "Thresher Crossing",
        "Structure_Category": "Thresher Crossing",
        "canal_name": "NORTH MAIN CANAL",
        "station": "STA 9+365.4",
        "station_m": 9365.44,
        "offset_m": 3.49,
        "ele": -38.99,
        "desc": "",
        "comment": "",
        "images": "1000GRMN/DSC00545.jpg",
        "elevation_m": -38.99,
        "photo_filename": "DSC00545.jpg",
        "photo_path": "1000GRMN/DSC00545.jpg",
        "surveyor_comment": null,
        "survey_date": "2023-9-22"
      }
    },
    {
      "type": "Feature",
      "geometry": {
        "type": "Point",
        "coordinates": [
          118.480865,
          9.337733
        ]
      },
      "properties": {
        "id": 724,
        "name": "END V-LINING, START OF EARTH CANAL",
        "type": "Station",
        "Structure_Category": "Other Structures",
        "canal_name": "NORTH MAIN CANAL",
        "station": "STA 9+371.4",
        "station_m": 9371.44,
        "offset_m": 0,
        "ele": -38.99,
        "desc": "",
        "comment": "",
        "images": "1000GRMN/DSC00546.jpg",
        "elevation_m": -38.99,
        "photo_filename": "DSC00546.jpg",
        "photo_path": "1000GRMN/DSC00546.jpg",
        "surveyor_comment": null,
        "survey_date": "2023-9-22"
      }
    },
    {
      "type": "Feature",
      "geometry": {
        "type": "Point",
        "coordinates": [
          118.483483,
          9.336192
        ]
      },
      "properties": {
        "id": 725,
        "name": "END CHECK",
        "type": "Station",
        "Structure_Category": "Other Structures",
        "canal_name": "NORTH MAIN CANAL",
        "station": "STA 9+706.6",
        "station_m": 9706.63,
        "offset_m": 0,
        "ele": -44.02,
        "desc": "",
        "comment": "",
        "images": "1000GRMN/DSC00547.jpg",
        "elevation_m": -44.02,
        "photo_filename": "DSC00547.jpg",
        "photo_path": "1000GRMN/DSC00547.jpg",
        "surveyor_comment": null,
        "survey_date": "2023-9-22"
      }
    },
    {
      "type": "Feature",
      "geometry": {
        "type": "Point",
        "coordinates": [
          118.464341,
          9.389414
        ]
      },
      "properties": {
        "id": 727,
        "name": "ROAD CROSSING",
        "type": "Road Crossing",
        "Structure_Category": "Road Crossing",
        "canal_name": "LATERAL A-NORTH",
        "station": "STA 2+268.7",
        "station_m": 2268.67,
        "offset_m": 0,
        "ele": -12.53,
        "desc": "",
        "comment": "",
        "images": "1000GRMN/DSC00211.jpg",
        "elevation_m": -12.53,
        "photo_filename": "DSC00211.jpg",
        "photo_path": "1000GRMN/DSC00211.jpg",
        "surveyor_comment": null,
        "survey_date": "2023-9-27"
      }
    },
    {
      "type": "Feature",
      "geometry": {
        "type": "Point",
        "coordinates": [
          118.467098,
          9.388564
        ]
      },
      "properties": {
        "id": 732,
        "name": "CHECK STRUCTURE",
        "type": "Check Structure",
        "Structure_Category": "Check Gate",
        "canal_name": "LATERAL A-NORTH",
        "station": "STA 2+694.6",
        "station_m": 2694.61,
        "offset_m": 0,
        "ele": -12.55,
        "desc": "",
        "comment": "",
        "images": "1000GRMN/DSC00216.jpg",
        "elevation_m": -12.55,
        "photo_filename": "DSC00216.jpg",
        "photo_path": "1000GRMN/DSC00216.jpg",
        "surveyor_comment": null,
        "survey_date": "2023-9-27"
      }
    },
    {
      "type": "Feature",
      "geometry": {
        "type": "Point",
        "coordinates": [
          118.465571,
          9.390081
        ]
      },
      "properties": {
        "id": 729,
        "name": "END OF TRAPEZOIDAL, START OF EARTH CANAL",
        "type": "Station",
        "Structure_Category": "Other Structures",
        "canal_name": "LATERAL A-NORTH",
        "station": "STA 2+425.0",
        "station_m": 2425,
        "offset_m": 0,
        "ele": -12.54,
        "desc": "",
        "comment": "",
        "images": "1000GRMN/DSC00213.jpg",
        "elevation_m": -12.54,
        "photo_filename": "DSC00213.jpg",
        "photo_path": "1000GRMN/DSC00213.jpg",
        "surveyor_comment": null,
        "survey_date": "2023-9-27"
      }
    },
    {
      "type": "Feature",
      "geometry": {
        "type": "Point",
        "coordinates": [
          118.455373,
          9.35615
        ]
      },
      "properties": {
        "id": 686,
        "name": "DMTO#13-R/S-NMC",
        "type": "Turnout",
        "Structure_Category": "Turnout (TO)",
        "canal_name": "NORTH MAIN CANAL",
        "station": "STA 5+662.7",
        "station_m": 5662.67,
        "offset_m": 1.21,
        "ele": -28.16,
        "desc": "",
        "comment": "",
        "images": "1000GRMN/DSC00508.jpg",
        "elevation_m": -28.16,
        "photo_filename": "DSC00508.jpg",
        "photo_path": "1000GRMN/DSC00508.jpg",
        "surveyor_comment": null,
        "survey_date": "2023-9-22"
      }
    },
    {
      "type": "Feature",
      "geometry": {
        "type": "Point",
        "coordinates": [
          118.455824,
          9.355251
        ]
      },
      "properties": {
        "id": 688,
        "name": "DMTO#15-R/S-NMC",
        "type": "Turnout",
        "Structure_Category": "Turnout (TO)",
        "canal_name": "NORTH MAIN CANAL",
        "station": "STA 5+774.0",
        "station_m": 5774.01,
        "offset_m": 2.29,
        "ele": -30.48,
        "desc": "",
        "comment": "",
        "images": "1000GRMN/DSC00510.jpg",
        "elevation_m": -30.48,
        "photo_filename": "DSC00510.jpg",
        "photo_path": "1000GRMN/DSC00510.jpg",
        "surveyor_comment": null,
        "survey_date": "2023-9-22"
      }
    },
    {
      "type": "Feature",
      "geometry": {
        "type": "Point",
        "coordinates": [
          118.45586,
          9.355265
        ]
      },
      "properties": {
        "id": 687,
        "name": "DMTO#15-L/S-NMC",
        "type": "Turnout",
        "Structure_Category": "Turnout (TO)",
        "canal_name": "NORTH MAIN CANAL",
        "station": "STA 5+774.5",
        "station_m": 5774.52,
        "offset_m": 1.94,
        "ele": -28.17,
        "desc": "",
        "comment": "",
        "images": "1000GRMN/DSC00509.jpg",
        "elevation_m": -28.17,
        "photo_filename": "DSC00509.jpg",
        "photo_path": "1000GRMN/DSC00509.jpg",
        "surveyor_comment": null,
        "survey_date": "2023-9-22"
      }
    },
    {
      "type": "Feature",
      "geometry": {
        "type": "Point",
        "coordinates": [
          118.457631,
          9.352295
        ]
      },
      "properties": {
        "id": 691,
        "name": "DMTO#16-L/S-NMC",
        "type": "Turnout",
        "Structure_Category": "Turnout (TO)",
        "canal_name": "NORTH MAIN CANAL",
        "station": "STA 6+157.4",
        "station_m": 6157.4,
        "offset_m": 3.13,
        "ele": -30.5,
        "desc": "",
        "comment": "",
        "images": "1000GRMN/DSC00513.jpg",
        "elevation_m": -30.5,
        "photo_filename": "DSC00513.jpg",
        "photo_path": "1000GRMN/DSC00513.jpg",
        "surveyor_comment": null,
        "survey_date": "2023-9-22"
      }
    },
    {
      "type": "Feature",
      "geometry": {
        "type": "Point",
        "coordinates": [
          118.458609,
          9.350546
        ]
      },
      "properties": {
        "id": 695,
        "name": "DMTO#17-L/S-NMC",
        "type": "Turnout",
        "Structure_Category": "Turnout (TO)",
        "canal_name": "NORTH MAIN CANAL",
        "station": "STA 6+379.2",
        "station_m": 6379.21,
        "offset_m": 0.96,
        "ele": -30.49,
        "desc": "",
        "comment": "",
        "images": "1000GRMN/DSC00517.jpg",
        "elevation_m": -30.49,
        "photo_filename": "DSC00517.jpg",
        "photo_path": "1000GRMN/DSC00517.jpg",
        "surveyor_comment": null,
        "survey_date": "2023-9-22"
      }
    },
    {
      "type": "Feature",
      "geometry": {
        "type": "Point",
        "coordinates": [
          118.458581,
          9.350534
        ]
      },
      "properties": {
        "id": 696,
        "name": "DMTO#18-R/S-NMC",
        "type": "Turnout",
        "Structure_Category": "Turnout (TO)",
        "canal_name": "NORTH MAIN CANAL",
        "station": "STA 6+379.0",
        "station_m": 6379,
        "offset_m": 2.39,
        "ele": -30.48,
        "desc": "",
        "comment": "",
        "images": "1000GRMN/DSC00518.jpg",
        "elevation_m": -30.48,
        "photo_filename": "DSC00518.jpg",
        "photo_path": "1000GRMN/DSC00518.jpg",
        "surveyor_comment": null,
        "survey_date": "2023-9-22"
      }
    },
    {
      "type": "Feature",
      "geometry": {
        "type": "Point",
        "coordinates": [
          118.457726,
          9.352124
        ]
      },
      "properties": {
        "id": 693,
        "name": "VERTICAL DROP STRUCTURE",
        "type": "Drop",
        "Structure_Category": "Drop",
        "canal_name": "NORTH MAIN CANAL",
        "station": "STA 6+179.0",
        "station_m": 6179.03,
        "offset_m": 2.62,
        "ele": -30.49,
        "desc": "",
        "comment": "",
        "images": "1000GRMN/DSC00515.jpg",
        "elevation_m": -30.49,
        "photo_filename": "DSC00515.jpg",
        "photo_path": "1000GRMN/DSC00515.jpg",
        "surveyor_comment": null,
        "survey_date": "2023-9-22"
      }
    },
    {
      "type": "Feature",
      "geometry": {
        "type": "Point",
        "coordinates": [
          118.478321,
          9.339326
        ]
      },
      "properties": {
        "id": 717,
        "name": "DMTO#25-R/S-NMC",
        "type": "Turnout",
        "Structure_Category": "Turnout (TO)",
        "canal_name": "NORTH MAIN CANAL",
        "station": "STA 9+039.5",
        "station_m": 9039.55,
        "offset_m": 1.25,
        "ele": -39,
        "desc": "",
        "comment": "",
        "images": "1000GRMN/DSC00539.jpg",
        "elevation_m": -39,
        "photo_filename": "DSC00539.jpg",
        "photo_path": "1000GRMN/DSC00539.jpg",
        "surveyor_comment": null,
        "survey_date": "2023-9-22"
      }
    },
    {
      "type": "Feature",
      "geometry": {
        "type": "Point",
        "coordinates": [
          118.479771,
          9.33834
        ]
      },
      "properties": {
        "id": 721,
        "name": "DMTO#26-R/S-NMC",
        "type": "Turnout",
        "Structure_Category": "Turnout (TO)",
        "canal_name": "NORTH MAIN CANAL",
        "station": "STA 9+233.4",
        "station_m": 9233.43,
        "offset_m": 2.34,
        "ele": -38.99,
        "desc": "",
        "comment": "",
        "images": "1000GRMN/DSC00543.jpg",
        "elevation_m": -38.99,
        "photo_filename": "DSC00543.jpg",
        "photo_path": "1000GRMN/DSC00543.jpg",
        "surveyor_comment": null,
        "survey_date": "2023-9-22"
      }
    },
    {
      "type": "Feature",
      "geometry": {
        "type": "Point",
        "coordinates": [
          118.480773,
          9.337736
        ]
      },
      "properties": {
        "id": 722,
        "name": "DMTO#27-R/S-NMC",
        "type": "Turnout",
        "Structure_Category": "Turnout (TO)",
        "canal_name": "NORTH MAIN CANAL",
        "station": "STA 9+362.5",
        "station_m": 9362.51,
        "offset_m": 4.8,
        "ele": -38.99,
        "desc": "",
        "comment": "",
        "images": "1000GRMN/DSC00544.jpg",
        "elevation_m": -38.99,
        "photo_filename": "DSC00544.jpg",
        "photo_path": "1000GRMN/DSC00544.jpg",
        "surveyor_comment": null,
        "survey_date": "2023-9-22"
      }
    },
    {
      "type": "Feature",
      "geometry": {
        "type": "Point",
        "coordinates": [
          118.46342,
          9.388376
        ]
      },
      "properties": {
        "id": 726,
        "name": "MTO#4-R/S-LAT AN",
        "type": "Turnout",
        "Structure_Category": "Turnout (TO)",
        "canal_name": "LATERAL A-NORTH",
        "station": "STA 2+115.2",
        "station_m": 2115.24,
        "offset_m": 0,
        "ele": -12.52,
        "desc": "",
        "comment": "",
        "images": "1000GRMN/DSC00210.jpg",
        "elevation_m": -12.52,
        "photo_filename": "DSC00210.jpg",
        "photo_path": "1000GRMN/DSC00210.jpg",
        "surveyor_comment": null,
        "survey_date": "2023-9-27"
      }
    },
    {
      "type": "Feature",
      "geometry": {
        "type": "Point",
        "coordinates": [
          118.465522,
          9.390069
        ]
      },
      "properties": {
        "id": 728,
        "name": "MTO#5-L/S-LAT AN",
        "type": "Turnout",
        "Structure_Category": "Turnout (TO)",
        "canal_name": "LATERAL A-NORTH",
        "station": "STA 2+419.4",
        "station_m": 2419.45,
        "offset_m": 0.21,
        "ele": -12.54,
        "desc": "",
        "comment": "",
        "images": "1000GRMN/DSC00212.jpg",
        "elevation_m": -12.54,
        "photo_filename": "DSC00212.jpg",
        "photo_path": "1000GRMN/DSC00212.jpg",
        "surveyor_comment": null,
        "survey_date": "2023-9-27"
      }
    },
    {
      "type": "Feature",
      "geometry": {
        "type": "Point",
        "coordinates": [
          118.427093,
          9.419765
        ]
      },
      "properties": {
        "id": 424,
        "name": "DMTO#1-L/S-MANAILE MC",
        "type": "Turnout",
        "Structure_Category": "Turnout (TO)",
        "canal_name": "MANAILE LATERAL A",
        "station": "STA 0+006.6",
        "station_m": 6.64,
        "offset_m": 2.78,
        "ele": 56.29,
        "desc": "",
        "comment": "",
        "images": "1000GRMN/DSC00141.jpg",
        "elevation_m": 56.29,
        "photo_filename": "DSC00141.jpg",
        "photo_path": "1000GRMN/DSC00141.jpg",
        "surveyor_comment": null,
        "survey_date": "2023-9-4"
      }
    },
    {
      "type": "Feature",
      "geometry": {
        "type": "Point",
        "coordinates": [
          118.429729,
          9.412826
        ]
      },
      "properties": {
        "id": 435,
        "name": "DMTO#4-R/S-MANAILE MC-STA. 1+237.95",
        "type": "Turnout",
        "Structure_Category": "Turnout (TO)",
        "canal_name": "MANAILE MAIN CANAL",
        "station": "STA 1+235.0",
        "station_m": 1235.02,
        "offset_m": 0,
        "ele": 40.95,
        "desc": "",
        "comment": "",
        "images": "1000GRMN/DSC00152.jpg",
        "elevation_m": 40.95,
        "photo_filename": "DSC00152.jpg",
        "photo_path": "1000GRMN/DSC00152.jpg",
        "surveyor_comment": null,
        "survey_date": "2023-9-4"
      }
    },
    {
      "type": "Feature",
      "geometry": {
        "type": "Point",
        "coordinates": [
          118.438845,
          9.40631
        ]
      },
      "properties": {
        "id": 447,
        "name": "DMTO#8-L/S-MANAILE MC-STA. 2+504.27",
        "type": "Turnout",
        "Structure_Category": "Turnout (TO)",
        "canal_name": "MANAILE MAIN CANAL",
        "station": "STA 2+504.8",
        "station_m": 2504.79,
        "offset_m": 0,
        "ele": 25.25,
        "desc": "",
        "comment": "",
        "images": "1000GRMN/DSC00164.jpg",
        "elevation_m": 25.25,
        "photo_filename": "DSC00164.jpg",
        "photo_path": "1000GRMN/DSC00164.jpg",
        "surveyor_comment": null,
        "survey_date": "2023-9-4"
      }
    },
    {
      "type": "Feature",
      "geometry": {
        "type": "Point",
        "coordinates": [
          118.445647,
          9.402816
        ]
      },
      "properties": {
        "id": 452,
        "name": "DMTO#10-L/S-MANAILE MC-STA. 3+353.91",
        "type": "Turnout",
        "Structure_Category": "Turnout (TO)",
        "canal_name": "MANAILE MAIN CANAL",
        "station": "STA 3+356.8",
        "station_m": 3356.82,
        "offset_m": 0,
        "ele": 30.41,
        "desc": "",
        "comment": "",
        "images": "1000GRMN/DSC00169.jpg",
        "elevation_m": 30.41,
        "photo_filename": "DSC00169.jpg",
        "photo_path": "1000GRMN/DSC00169.jpg",
        "surveyor_comment": null,
        "survey_date": "2023-9-4"
      }
    },
    {
      "type": "Feature",
      "geometry": {
        "type": "Point",
        "coordinates": [
          118.431333,
          9.423535
        ]
      },
      "properties": {
        "id": 472,
        "name": "MTO#2-R/S-MANAILE LAT A",
        "type": "Turnout",
        "Structure_Category": "Turnout (TO)",
        "canal_name": "MANAILE LATERAL A",
        "station": "STA 0+729.2",
        "station_m": 729.16,
        "offset_m": 1.63,
        "ele": 77.16,
        "desc": "",
        "comment": "",
        "images": "1000GRMN/DSC00159.jpg",
        "elevation_m": 77.16,
        "photo_filename": "DSC00159.jpg",
        "photo_path": "1000GRMN/DSC00159.jpg",
        "surveyor_comment": null,
        "survey_date": "2023-9-5"
      }
    },
    {
      "type": "Feature",
      "geometry": {
        "type": "Point",
        "coordinates": [
          118.474006,
          9.341544
        ]
      },
      "properties": {
        "id": 709,
        "name": "DMTO#23-L/S-NMC",
        "type": "Turnout",
        "Structure_Category": "Turnout (TO)",
        "canal_name": "NORTH MAIN CANAL",
        "station": "STA 8+499.4",
        "station_m": 8499.36,
        "offset_m": 0,
        "ele": -33.92,
        "desc": "",
        "comment": "",
        "images": "1000GRMN/DSC00531.jpg",
        "elevation_m": -33.92,
        "photo_filename": "DSC00531.jpg",
        "photo_path": "1000GRMN/DSC00531.jpg",
        "surveyor_comment": null,
        "survey_date": "2023-9-22"
      }
    },
    {
      "type": "Feature",
      "geometry": {
        "type": "Point",
        "coordinates": [
          118.329304,
          9.222481
        ]
      },
      "properties": {
        "id": 782,
        "name": "089",
        "type": "Other Structures",
        "Structure_Category": "Other Structures",
        "canal_name": "Off-Canal",
        "station": "N/A",
        "station_m": null,
        "offset_m": 13990.44,
        "ele": 47.99,
        "desc": "",
        "comment": "Centro malinao dam",
        "images": "1000GRMN/DSC00039.jpg",
        "elevation_m": 47.99,
        "photo_filename": "DSC00039.jpg",
        "photo_path": "1000GRMN/DSC00039.jpg",
        "surveyor_comment": "Centro malinao dam",
        "survey_date": "2023-9-4"
      }
    },
    {
      "type": "Feature",
      "geometry": {
        "type": "Point",
        "coordinates": [
          118.348157,
          9.254883
        ]
      },
      "properties": {
        "id": 783,
        "name": "090",
        "type": "Other Structures",
        "Structure_Category": "Thresher Crossing",
        "canal_name": "Off-Canal",
        "station": "N/A",
        "station_m": null,
        "offset_m": 10060.44,
        "ele": 47.92,
        "desc": "",
        "comment": "Cart crossing str.",
        "images": "1000GRMN/DSC00040.jpg",
        "elevation_m": 47.92,
        "photo_filename": "DSC00040.jpg",
        "photo_path": "1000GRMN/DSC00040.jpg",
        "surveyor_comment": "Cart crossing str.",
        "survey_date": "2023-9-4"
      }
    },
    {
      "type": "Feature",
      "geometry": {
        "type": "Point",
        "coordinates": [
          118.34981,
          9.253426
        ]
      },
      "properties": {
        "id": 784,
        "name": "091",
        "type": "Other Structures",
        "Structure_Category": "Thresher Crossing",
        "canal_name": "Off-Canal",
        "station": "N/A",
        "station_m": null,
        "offset_m": 10017.93,
        "ele": 47.07,
        "desc": "",
        "comment": "Cart crossing",
        "images": "1000GRMN/DSC00041.jpg",
        "elevation_m": 47.07,
        "photo_filename": "DSC00041.jpg",
        "photo_path": "1000GRMN/DSC00041.jpg",
        "surveyor_comment": "Cart crossing",
        "survey_date": "2023-9-4"
      }
    },
    {
      "type": "Feature",
      "geometry": {
        "type": "Point",
        "coordinates": [
          118.350447,
          9.252492
        ]
      },
      "properties": {
        "id": 785,
        "name": "092",
        "type": "Other Structures",
        "Structure_Category": "Thresher Crossing",
        "canal_name": "Off-Canal",
        "station": "N/A",
        "station_m": null,
        "offset_m": 10029.45,
        "ele": 44.12,
        "desc": "",
        "comment": "Cart crossing",
        "images": "1000GRMN/DSC00042.jpg",
        "elevation_m": 44.12,
        "photo_filename": "DSC00042.jpg",
        "photo_path": "1000GRMN/DSC00042.jpg",
        "surveyor_comment": "Cart crossing",
        "survey_date": "2023-9-4"
      }
    },
    {
      "type": "Feature",
      "geometry": {
        "type": "Point",
        "coordinates": [
          118.351222,
          9.251352
        ]
      },
      "properties": {
        "id": 786,
        "name": "093",
        "type": "Other Structures",
        "Structure_Category": "Thresher Crossing",
        "canal_name": "Off-Canal",
        "station": "N/A",
        "station_m": null,
        "offset_m": 10045.83,
        "ele": 44.12,
        "desc": "",
        "comment": "Cart crossing",
        "images": "1000GRMN/DSC00043.jpg",
        "elevation_m": 44.12,
        "photo_filename": "DSC00043.jpg",
        "photo_path": "1000GRMN/DSC00043.jpg",
        "surveyor_comment": "Cart crossing",
        "survey_date": "2023-9-4"
      }
    },
    {
      "type": "Feature",
      "geometry": {
        "type": "Point",
        "coordinates": [
          118.35225,
          9.250126
        ]
      },
      "properties": {
        "id": 787,
        "name": "094",
        "type": "Other Structures",
        "Structure_Category": "Thresher Crossing",
        "canal_name": "Off-Canal",
        "station": "N/A",
        "station_m": null,
        "offset_m": 10049.95,
        "ele": 45.68,
        "desc": "",
        "comment": "Cart crossing",
        "images": "1000GRMN/DSC00044.jpg",
        "elevation_m": 45.68,
        "photo_filename": "DSC00044.jpg",
        "photo_path": "1000GRMN/DSC00044.jpg",
        "surveyor_comment": "Cart crossing",
        "survey_date": "2023-9-4"
      }
    },
    {
      "type": "Feature",
      "geometry": {
        "type": "Point",
        "coordinates": [
          118.352482,
          9.250037
        ]
      },
      "properties": {
        "id": 788,
        "name": "095",
        "type": "Other Structures",
        "Structure_Category": "Thresher Crossing",
        "canal_name": "Off-Canal",
        "station": "N/A",
        "station_m": null,
        "offset_m": 10037.44,
        "ele": 45.68,
        "desc": "",
        "comment": "Cart crossing",
        "images": "1000GRMN/DSC00046.jpg",
        "elevation_m": 45.68,
        "photo_filename": "DSC00046.jpg",
        "photo_path": "1000GRMN/DSC00046.jpg",
        "surveyor_comment": "Cart crossing",
        "survey_date": "2023-9-4"
      }
    },
    {
      "type": "Feature",
      "geometry": {
        "type": "Point",
        "coordinates": [
          118.353443,
          9.249668
        ]
      },
      "properties": {
        "id": 789,
        "name": "096",
        "type": "Other Structures",
        "Structure_Category": "Thresher Crossing",
        "canal_name": "Off-Canal",
        "station": "N/A",
        "station_m": null,
        "offset_m": 9986.24,
        "ele": 45.68,
        "desc": "",
        "comment": "Cart crossing",
        "images": "1000GRMN/DSC00047.jpg",
        "elevation_m": 45.68,
        "photo_filename": "DSC00047.jpg",
        "photo_path": "1000GRMN/DSC00047.jpg",
        "surveyor_comment": "Cart crossing",
        "survey_date": "2023-9-4"
      }
    },
    {
      "type": "Feature",
      "geometry": {
        "type": "Point",
        "coordinates": [
          118.355088,
          9.249576
        ]
      },
      "properties": {
        "id": 790,
        "name": "097",
        "type": "Other Structures",
        "Structure_Category": "Other Structures",
        "canal_name": "Off-Canal",
        "station": "N/A",
        "station_m": null,
        "offset_m": 9860.01,
        "ele": 45.67,
        "desc": "",
        "comment": "Tur out #3 (R/S)",
        "images": "1000GRMN/DSC00048.jpg",
        "elevation_m": 45.67,
        "photo_filename": "DSC00048.jpg",
        "photo_path": "1000GRMN/DSC00048.jpg",
        "surveyor_comment": "Tur out #3 (R/S)",
        "survey_date": "2023-9-4"
      }
    },
    {
      "type": "Feature",
      "geometry": {
        "type": "Point",
        "coordinates": [
          118.470964,
          9.38581
        ]
      },
      "properties": {
        "id": 735,
        "name": "ROAD CROSSING",
        "type": "Road Crossing",
        "Structure_Category": "Road Crossing",
        "canal_name": "LATERAL A-NORTH",
        "station": "STA 3+223.8",
        "station_m": 3223.78,
        "offset_m": 0,
        "ele": -12.55,
        "desc": "",
        "comment": "",
        "images": "1000GRMN/DSC00219.jpg",
        "elevation_m": -12.55,
        "photo_filename": "DSC00219.jpg",
        "photo_path": "1000GRMN/DSC00219.jpg",
        "surveyor_comment": null,
        "survey_date": "2023-9-27"
      }
    },
    {
      "type": "Feature",
      "geometry": {
        "type": "Point",
        "coordinates": [
          118.471114,
          9.385657
        ]
      },
      "properties": {
        "id": 736,
        "name": "THRESHER CROSSING",
        "type": "Thresher Crossing",
        "Structure_Category": "Thresher Crossing",
        "canal_name": "LATERAL A-NORTH",
        "station": "STA 3+247.5",
        "station_m": 3247.46,
        "offset_m": 0,
        "ele": -12.55,
        "desc": "",
        "comment": "",
        "images": "1000GRMN/DSC00220.jpg",
        "elevation_m": -12.55,
        "photo_filename": "DSC00220.jpg",
        "photo_path": "1000GRMN/DSC00220.jpg",
        "surveyor_comment": null,
        "survey_date": "2023-9-27"
      }
    },
    {
      "type": "Feature",
      "geometry": {
        "type": "Point",
        "coordinates": [
          118.473217,
          9.382193
        ]
      },
      "properties": {
        "id": 740,
        "name": "THRESHER CROSSING COMB.  V-DROP",
        "type": "Drop",
        "Structure_Category": "Thresher Crossing",
        "canal_name": "LATERAL A-NORTH",
        "station": "STA 3+711.6",
        "station_m": 3711.6,
        "offset_m": 3.85,
        "ele": -12.55,
        "desc": "",
        "comment": "",
        "images": "1000GRMN/DSC00224.jpg",
        "elevation_m": -12.55,
        "photo_filename": "DSC00224.jpg",
        "photo_path": "1000GRMN/DSC00224.jpg",
        "surveyor_comment": null,
        "survey_date": "2023-9-27"
      }
    },
    {
      "type": "Feature",
      "geometry": {
        "type": "Point",
        "coordinates": [
          118.473201,
          9.382113
        ]
      },
      "properties": {
        "id": 741,
        "name": "END EARTH CANAL, START OF TRAPEZOIDAL CANAL",
        "type": "Station",
        "Structure_Category": "Other Structures",
        "canal_name": "LATERAL A-NORTH",
        "station": "STA 3+719.8",
        "station_m": 3719.78,
        "offset_m": 0,
        "ele": -12.77,
        "desc": "",
        "comment": "",
        "images": "1000GRMN/DSC00225.jpg",
        "elevation_m": -12.77,
        "photo_filename": "DSC00225.jpg",
        "photo_path": "1000GRMN/DSC00225.jpg",
        "surveyor_comment": null,
        "survey_date": "2023-9-27"
      }
    },
    {
      "type": "Feature",
      "geometry": {
        "type": "Point",
        "coordinates": [
          118.47331,
          9.381749
        ]
      },
      "properties": {
        "id": 742,
        "name": "END OF TRAPEZOIDAL, START OF EARTH CANAL",
        "type": "Station",
        "Structure_Category": "Other Structures",
        "canal_name": "LATERAL A-NORTH",
        "station": "STA 3+761.9",
        "station_m": 3761.9,
        "offset_m": 0,
        "ele": -12.75,
        "desc": "",
        "comment": "",
        "images": "1000GRMN/DSC00226.jpg",
        "elevation_m": -12.75,
        "photo_filename": "DSC00226.jpg",
        "photo_path": "1000GRMN/DSC00226.jpg",
        "surveyor_comment": null,
        "survey_date": "2023-9-27"
      }
    },
    {
      "type": "Feature",
      "geometry": {
        "type": "Point",
        "coordinates": [
          118.474535,
          9.38065
        ]
      },
      "properties": {
        "id": 744,
        "name": "CHECK STRUCTURE",
        "type": "Check Structure",
        "Structure_Category": "Check Gate",
        "canal_name": "LATERAL A-NORTH",
        "station": "STA 3+948.3",
        "station_m": 3948.27,
        "offset_m": 0.53,
        "ele": -13.14,
        "desc": "",
        "comment": "",
        "images": "1000GRMN/DSC00228.jpg",
        "elevation_m": -13.14,
        "photo_filename": "DSC00228.jpg",
        "photo_path": "1000GRMN/DSC00228.jpg",
        "surveyor_comment": null,
        "survey_date": "2023-9-27"
      }
    },
    {
      "type": "Feature",
      "geometry": {
        "type": "Point",
        "coordinates": [
          118.474807,
          9.380526
        ]
      },
      "properties": {
        "id": 746,
        "name": "END VERTICAL LINING, STARTH EARTH CANAL",
        "type": "Station",
        "Structure_Category": "Other Structures",
        "canal_name": "LATERAL A-NORTH",
        "station": "STA 3+981.2",
        "station_m": 3981.17,
        "offset_m": 0,
        "ele": -13.14,
        "desc": "",
        "comment": "",
        "images": "1000GRMN/DSC00230.jpg",
        "elevation_m": -13.14,
        "photo_filename": "DSC00230.jpg",
        "photo_path": "1000GRMN/DSC00230.jpg",
        "surveyor_comment": null,
        "survey_date": "2023-9-27"
      }
    },
    {
      "type": "Feature",
      "geometry": {
        "type": "Point",
        "coordinates": [
          118.475758,
          9.380016
        ]
      },
      "properties": {
        "id": 748,
        "name": "CHECK STRUCTURE",
        "type": "Check Structure",
        "Structure_Category": "Check Gate",
        "canal_name": "LATERAL A-NORTH",
        "station": "STA 4+100.4",
        "station_m": 4100.39,
        "offset_m": 0,
        "ele": -13.14,
        "desc": "",
        "comment": "",
        "images": "1000GRMN/DSC00232.jpg",
        "elevation_m": -13.14,
        "photo_filename": "DSC00232.jpg",
        "photo_path": "1000GRMN/DSC00232.jpg",
        "surveyor_comment": null,
        "survey_date": "2023-9-27"
      }
    },
    {
      "type": "Feature",
      "geometry": {
        "type": "Point",
        "coordinates": [
          118.475765,
          9.380007
        ]
      },
      "properties": {
        "id": 749,
        "name": "THRESHER CROSSING COMB.  V-DROP",
        "type": "Thresher Crossing",
        "Structure_Category": "Thresher Crossing",
        "canal_name": "LATERAL A-NORTH",
        "station": "STA 4+101.6",
        "station_m": 4101.65,
        "offset_m": 0,
        "ele": -13.14,
        "desc": "",
        "comment": "",
        "images": "1000GRMN/DSC00233.jpg",
        "elevation_m": -13.14,
        "photo_filename": "DSC00233.jpg",
        "photo_path": "1000GRMN/DSC00233.jpg",
        "surveyor_comment": null,
        "survey_date": "2023-9-27"
      }
    },
    {
      "type": "Feature",
      "geometry": {
        "type": "Point",
        "coordinates": [
          118.475829,
          9.379975
        ]
      },
      "properties": {
        "id": 750,
        "name": "END EARTH CANAL, START OF TRAPEZOIDAL CANAL",
        "type": "Station",
        "Structure_Category": "Other Structures",
        "canal_name": "LATERAL A-NORTH",
        "station": "STA 4+109.5",
        "station_m": 4109.54,
        "offset_m": 0,
        "ele": -13.14,
        "desc": "",
        "comment": "",
        "images": "1000GRMN/DSC00234.jpg",
        "elevation_m": -13.14,
        "photo_filename": "DSC00234.jpg",
        "photo_path": "1000GRMN/DSC00234.jpg",
        "surveyor_comment": null,
        "survey_date": "2023-9-27"
      }
    },
    {
      "type": "Feature",
      "geometry": {
        "type": "Point",
        "coordinates": [
          118.476095,
          9.379711
        ]
      },
      "properties": {
        "id": 751,
        "name": "END OF TRAPEZOIDAL, START OF EARTH CANAL",
        "type": "Station",
        "Structure_Category": "Other Structures",
        "canal_name": "LATERAL A-NORTH",
        "station": "STA 4+150.9",
        "station_m": 4150.95,
        "offset_m": 0,
        "ele": -13.15,
        "desc": "",
        "comment": "",
        "images": "1000GRMN/DSC00235.jpg",
        "elevation_m": -13.15,
        "photo_filename": "DSC00235.jpg",
        "photo_path": "1000GRMN/DSC00235.jpg",
        "surveyor_comment": null,
        "survey_date": "2023-9-27"
      }
    },
    {
      "type": "Feature",
      "geometry": {
        "type": "Point",
        "coordinates": [
          118.476569,
          9.379212
        ]
      },
      "properties": {
        "id": 752,
        "name": "UNAUTHORIZED TURNOUT",
        "type": "Unauthorized Turnout",
        "Structure_Category": "Turnout (TO)",
        "canal_name": "LATERAL A-NORTH",
        "station": "STA 4+227.0",
        "station_m": 4227.03,
        "offset_m": 0,
        "ele": -13.14,
        "desc": "",
        "comment": "",
        "images": "1000GRMN/DSC00236.jpg",
        "elevation_m": -13.14,
        "photo_filename": "DSC00236.jpg",
        "photo_path": "1000GRMN/DSC00236.jpg",
        "surveyor_comment": null,
        "survey_date": "2023-9-27"
      }
    },
    {
      "type": "Feature",
      "geometry": {
        "type": "Point",
        "coordinates": [
          118.478106,
          9.377115
        ]
      },
      "properties": {
        "id": 755,
        "name": "THRESHER CROSSING COMB.  V-DROP",
        "type": "Thresher Crossing",
        "Structure_Category": "Thresher Crossing",
        "canal_name": "LATERAL A-NORTH",
        "station": "STA 4+514.7",
        "station_m": 4514.69,
        "offset_m": 7.27,
        "ele": -13.15,
        "desc": "",
        "comment": "",
        "images": "1000GRMN/DSC00239.jpg",
        "elevation_m": -13.15,
        "photo_filename": "DSC00239.jpg",
        "photo_path": "1000GRMN/DSC00239.jpg",
        "surveyor_comment": null,
        "survey_date": "2023-9-27"
      }
    },
    {
      "type": "Feature",
      "geometry": {
        "type": "Point",
        "coordinates": [
          118.478197,
          9.377104
        ]
      },
      "properties": {
        "id": 756,
        "name": "END EARTH CANAL, START OF TRAPEZOIDAL CANAL",
        "type": "Station",
        "Structure_Category": "Other Structures",
        "canal_name": "LATERAL A-NORTH",
        "station": "STA 4+521.7",
        "station_m": 4521.7,
        "offset_m": 0,
        "ele": -13.14,
        "desc": "",
        "comment": "",
        "images": "1000GRMN/DSC00240.jpg",
        "elevation_m": -13.14,
        "photo_filename": "DSC00240.jpg",
        "photo_path": "1000GRMN/DSC00240.jpg",
        "surveyor_comment": null,
        "survey_date": "2023-9-27"
      }
    },
    {
      "type": "Feature",
      "geometry": {
        "type": "Point",
        "coordinates": [
          118.478438,
          9.376768
        ]
      },
      "properties": {
        "id": 757,
        "name": "END OF TRAPEZOIDAL, START OF EARTH CANAL",
        "type": "Station",
        "Structure_Category": "Other Structures",
        "canal_name": "LATERAL A-NORTH",
        "station": "STA 4+567.4",
        "station_m": 4567.44,
        "offset_m": 0,
        "ele": -13.14,
        "desc": "",
        "comment": "",
        "images": "1000GRMN/DSC00241.jpg",
        "elevation_m": -13.14,
        "photo_filename": "DSC00241.jpg",
        "photo_path": "1000GRMN/DSC00241.jpg",
        "surveyor_comment": null,
        "survey_date": "2023-9-27"
      }
    },
    {
      "type": "Feature",
      "geometry": {
        "type": "Point",
        "coordinates": [
          118.479585,
          9.375769
        ]
      },
      "properties": {
        "id": 760,
        "name": "THRESHER CROSSING",
        "type": "Thresher Crossing",
        "Structure_Category": "Thresher Crossing",
        "canal_name": "LATERAL A-NORTH",
        "station": "STA 4+735.5",
        "station_m": 4735.51,
        "offset_m": 0,
        "ele": -18.27,
        "desc": "",
        "comment": "",
        "images": "1000GRMN/DSC00244.jpg",
        "elevation_m": -18.27,
        "photo_filename": "DSC00244.jpg",
        "photo_path": "1000GRMN/DSC00244.jpg",
        "surveyor_comment": null,
        "survey_date": "2023-9-27"
      }
    },
    {
      "type": "Feature",
      "geometry": {
        "type": "Point",
        "coordinates": [
          118.479785,
          9.375545
        ]
      },
      "properties": {
        "id": 762,
        "name": "END OF TRAPEZOIDAL, START OF EARTH CANAL",
        "type": "Station",
        "Structure_Category": "Other Structures",
        "canal_name": "LATERAL A-NORTH",
        "station": "STA 4+769.0",
        "station_m": 4769.02,
        "offset_m": 0,
        "ele": -18.82,
        "desc": "",
        "comment": "",
        "images": "1000GRMN/DSC00246.jpg",
        "elevation_m": -18.82,
        "photo_filename": "DSC00246.jpg",
        "photo_path": "1000GRMN/DSC00246.jpg",
        "surveyor_comment": null,
        "survey_date": "2023-9-27"
      }
    },
    {
      "type": "Feature",
      "geometry": {
        "type": "Point",
        "coordinates": [
          118.480232,
          9.375195
        ]
      },
      "properties": {
        "id": 763,
        "name": "END OF EARTH CANAL, START VERTICAL LINING",
        "type": "Station",
        "Structure_Category": "Other Structures",
        "canal_name": "LATERAL A-NORTH",
        "station": "STA 4+831.7",
        "station_m": 4831.71,
        "offset_m": 0,
        "ele": -18.82,
        "desc": "",
        "comment": "",
        "images": "1000GRMN/DSC00247.jpg",
        "elevation_m": -18.82,
        "photo_filename": "DSC00247.jpg",
        "photo_path": "1000GRMN/DSC00247.jpg",
        "surveyor_comment": null,
        "survey_date": "2023-9-27"
      }
    },
    {
      "type": "Feature",
      "geometry": {
        "type": "Point",
        "coordinates": [
          118.48036,
          9.375042
        ]
      },
      "properties": {
        "id": 764,
        "name": "END VERTICAL LINING, STARTH EARTH CANAL",
        "type": "Station",
        "Structure_Category": "Other Structures",
        "canal_name": "LATERAL A-NORTH",
        "station": "STA 4+853.8",
        "station_m": 4853.77,
        "offset_m": 0,
        "ele": -18.82,
        "desc": "",
        "comment": "",
        "images": "1000GRMN/DSC00248.jpg",
        "elevation_m": -18.82,
        "photo_filename": "DSC00248.jpg",
        "photo_path": "1000GRMN/DSC00248.jpg",
        "surveyor_comment": null,
        "survey_date": "2023-9-27"
      }
    },
    {
      "type": "Feature",
      "geometry": {
        "type": "Point",
        "coordinates": [
          118.481661,
          9.373903
        ]
      },
      "properties": {
        "id": 765,
        "name": "RCP CROSSING",
        "type": "Thresher Crossing",
        "Structure_Category": "Thresher Crossing",
        "canal_name": "LATERAL A-NORTH",
        "station": "STA 5+044.8",
        "station_m": 5044.78,
        "offset_m": 0,
        "ele": -18.83,
        "desc": "",
        "comment": "",
        "images": "1000GRMN/DSC00249.jpg",
        "elevation_m": -18.83,
        "photo_filename": "DSC00249.jpg",
        "photo_path": "1000GRMN/DSC00249.jpg",
        "surveyor_comment": null,
        "survey_date": "2023-9-27"
      }
    },
    {
      "type": "Feature",
      "geometry": {
        "type": "Point",
        "coordinates": [
          118.48264,
          9.37302
        ]
      },
      "properties": {
        "id": 767,
        "name": "CHECK STRUCTURE",
        "type": "Check Structure",
        "Structure_Category": "Check Gate",
        "canal_name": "LATERAL A-NORTH",
        "station": "STA 5+190.4",
        "station_m": 5190.43,
        "offset_m": 0,
        "ele": -18.83,
        "desc": "",
        "comment": "",
        "images": "1000GRMN/DSC00251.jpg",
        "elevation_m": -18.83,
        "photo_filename": "DSC00251.jpg",
        "photo_path": "1000GRMN/DSC00251.jpg",
        "surveyor_comment": null,
        "survey_date": "2023-9-27"
      }
    },
    {
      "type": "Feature",
      "geometry": {
        "type": "Point",
        "coordinates": [
          118.482944,
          9.372734
        ]
      },
      "properties": {
        "id": 769,
        "name": "THRESHER CROSSING COMB.  V-DROP",
        "type": "Thresher Crossing",
        "Structure_Category": "Thresher Crossing",
        "canal_name": "LATERAL A-NORTH",
        "station": "STA 5+236.6",
        "station_m": 5236.55,
        "offset_m": 0,
        "ele": -18.83,
        "desc": "",
        "comment": "",
        "images": "1000GRMN/DSC00253.jpg",
        "elevation_m": -18.83,
        "photo_filename": "DSC00253.jpg",
        "photo_path": "1000GRMN/DSC00253.jpg",
        "surveyor_comment": null,
        "survey_date": "2023-9-27"
      }
    },
    {
      "type": "Feature",
      "geometry": {
        "type": "Point",
        "coordinates": [
          118.485522,
          9.370582
        ]
      },
      "properties": {
        "id": 773,
        "name": "END OF EARTH CANAL, START VERTICAL LINING",
        "type": "Station",
        "Structure_Category": "Other Structures",
        "canal_name": "LATERAL A-NORTH",
        "station": "STA 5+607.5",
        "station_m": 5607.46,
        "offset_m": 0,
        "ele": -20.89,
        "desc": "",
        "comment": "",
        "images": "1000GRMN/DSC00257.jpg",
        "elevation_m": -20.89,
        "photo_filename": "DSC00257.jpg",
        "photo_path": "1000GRMN/DSC00257.jpg",
        "surveyor_comment": null,
        "survey_date": "2023-9-27"
      }
    },
    {
      "type": "Feature",
      "geometry": {
        "type": "Point",
        "coordinates": [
          118.484348,
          9.371544
        ]
      },
      "properties": {
        "id": 772,
        "name": "VERTICAL DROP",
        "type": "Drop",
        "Structure_Category": "Drop",
        "canal_name": "LATERAL A-NORTH",
        "station": "STA 5+439.8",
        "station_m": 5439.84,
        "offset_m": 0,
        "ele": -20.88,
        "desc": "",
        "comment": "",
        "images": "1000GRMN/DSC00256.jpg",
        "elevation_m": -20.88,
        "photo_filename": "DSC00256.jpg",
        "photo_path": "1000GRMN/DSC00256.jpg",
        "surveyor_comment": null,
        "survey_date": "2023-9-27"
      }
    },
    {
      "type": "Feature",
      "geometry": {
        "type": "Point",
        "coordinates": [
          118.485728,
          9.370405
        ]
      },
      "properties": {
        "id": 775,
        "name": "THRESHER CROSSING COMB.  V-DROP",
        "type": "Thresher Crossing",
        "Structure_Category": "Thresher Crossing",
        "canal_name": "LATERAL A-NORTH",
        "station": "STA 5+637.5",
        "station_m": 5637.46,
        "offset_m": 0,
        "ele": -20.88,
        "desc": "",
        "comment": "",
        "images": "1000GRMN/DSC00259.jpg",
        "elevation_m": -20.88,
        "photo_filename": "DSC00259.jpg",
        "photo_path": "1000GRMN/DSC00259.jpg",
        "surveyor_comment": null,
        "survey_date": "2023-9-27"
      }
    },
    {
      "type": "Feature",
      "geometry": {
        "type": "Point",
        "coordinates": [
          118.485742,
          9.370312
        ]
      },
      "properties": {
        "id": 776,
        "name": "END VERTICAL LINING, STARTH EARTH CANAL",
        "type": "Station",
        "Structure_Category": "Other Structures",
        "canal_name": "LATERAL A-NORTH",
        "station": "STA 5+647.9",
        "station_m": 5647.89,
        "offset_m": 0,
        "ele": -20.88,
        "desc": "",
        "comment": "",
        "images": "1000GRMN/DSC00260.jpg",
        "elevation_m": -20.88,
        "photo_filename": "DSC00260.jpg",
        "photo_path": "1000GRMN/DSC00260.jpg",
        "surveyor_comment": null,
        "survey_date": "2023-9-27"
      }
    },
    {
      "type": "Feature",
      "geometry": {
        "type": "Point",
        "coordinates": [
          118.485884,
          9.370215
        ]
      },
      "properties": {
        "id": 777,
        "name": "END OF TRAPEZOIDAL, START OF EARTH CANAL",
        "type": "Station",
        "Structure_Category": "Other Structures",
        "canal_name": "LATERAL A-NORTH",
        "station": "STA 5+666.9",
        "station_m": 5666.87,
        "offset_m": 0,
        "ele": -20.88,
        "desc": "",
        "comment": "",
        "images": "1000GRMN/DSC00261.jpg",
        "elevation_m": -20.88,
        "photo_filename": "DSC00261.jpg",
        "photo_path": "1000GRMN/DSC00261.jpg",
        "surveyor_comment": null,
        "survey_date": "2023-9-27"
      }
    },
    {
      "type": "Feature",
      "geometry": {
        "type": "Point",
        "coordinates": [
          118.489549,
          9.367403
        ]
      },
      "properties": {
        "id": 780,
        "name": "END OF EARTH CANAL, START VERTICAL LINING",
        "type": "Station",
        "Structure_Category": "Other Structures",
        "canal_name": "LATERAL A-NORTH",
        "station": "STA 6+177.1",
        "station_m": 6177.08,
        "offset_m": 0,
        "ele": -20.89,
        "desc": "",
        "comment": "",
        "images": "1000GRMN/DSC00264.jpg",
        "elevation_m": -20.89,
        "photo_filename": "DSC00264.jpg",
        "photo_path": "1000GRMN/DSC00264.jpg",
        "surveyor_comment": null,
        "survey_date": "2023-9-27"
      }
    },
    {
      "type": "Feature",
      "geometry": {
        "type": "Point",
        "coordinates": [
          118.478989,
          9.376264
        ]
      },
      "properties": {
        "id": 759,
        "name": "\"CONDEMNED\"",
        "type": "Turnout",
        "Structure_Category": "Turnout (TO)",
        "canal_name": "LATERAL A-NORTH",
        "station": "STA 4+649.9",
        "station_m": 4649.95,
        "offset_m": 0,
        "ele": -17.92,
        "desc": "",
        "comment": "",
        "images": "1000GRMN/DSC00243.jpg",
        "elevation_m": -17.92,
        "photo_filename": "DSC00243.jpg",
        "photo_path": "1000GRMN/DSC00243.jpg",
        "surveyor_comment": null,
        "survey_date": "2023-9-27"
      }
    },
    {
      "type": "Feature",
      "geometry": {
        "type": "Point",
        "coordinates": [
          118.489596,
          9.36734
        ]
      },
      "properties": {
        "id": 781,
        "name": "DRAINAGE CROSSING",
        "type": "Drainage",
        "Structure_Category": "Drainage",
        "canal_name": "LATERAL A-NORTH",
        "station": "STA 6+185.8",
        "station_m": 6185.77,
        "offset_m": 0,
        "ele": -26.14,
        "desc": "",
        "comment": "",
        "images": "1000GRMN/DSC00265.jpg",
        "elevation_m": -26.14,
        "photo_filename": "DSC00265.jpg",
        "photo_path": "1000GRMN/DSC00265.jpg",
        "surveyor_comment": null,
        "survey_date": "2023-9-27"
      }
    },
    {
      "type": "Feature",
      "geometry": {
        "type": "Point",
        "coordinates": [
          118.355764,
          9.250013
        ]
      },
      "properties": {
        "id": 791,
        "name": "098",
        "type": "Other Structures",
        "Structure_Category": "Thresher Crossing",
        "canal_name": "Off-Canal",
        "station": "N/A",
        "station_m": null,
        "offset_m": 9772.52,
        "ele": 42.6,
        "desc": "",
        "comment": "Cart crossing",
        "images": "1000GRMN/DSC00049.jpg",
        "elevation_m": 42.6,
        "photo_filename": "DSC00049.jpg",
        "photo_path": "1000GRMN/DSC00049.jpg",
        "surveyor_comment": "Cart crossing",
        "survey_date": "2023-9-4"
      }
    },
    {
      "type": "Feature",
      "geometry": {
        "type": "Point",
        "coordinates": [
          118.467066,
          9.388587
        ]
      },
      "properties": {
        "id": 731,
        "name": "MTO#7-R/S-LAT AN",
        "type": "Turnout",
        "Structure_Category": "Turnout (TO)",
        "canal_name": "LATERAL A-NORTH",
        "station": "STA 2+691.0",
        "station_m": 2690.98,
        "offset_m": 2.4,
        "ele": -12.55,
        "desc": "",
        "comment": "",
        "images": "1000GRMN/DSC00215.jpg",
        "elevation_m": -12.55,
        "photo_filename": "DSC00215.jpg",
        "photo_path": "1000GRMN/DSC00215.jpg",
        "surveyor_comment": null,
        "survey_date": "2023-9-27"
      }
    },
    {
      "type": "Feature",
      "geometry": {
        "type": "Point",
        "coordinates": [
          118.473173,
          9.382247
        ]
      },
      "properties": {
        "id": 739,
        "name": "MTO#9-R/S-LAT AN",
        "type": "Turnout",
        "Structure_Category": "Turnout (TO)",
        "canal_name": "LATERAL A-NORTH",
        "station": "STA 3+704.6",
        "station_m": 3704.62,
        "offset_m": 0.59,
        "ele": -12.56,
        "desc": "",
        "comment": "",
        "images": "1000GRMN/DSC00223.jpg",
        "elevation_m": -12.56,
        "photo_filename": "DSC00223.jpg",
        "photo_path": "1000GRMN/DSC00223.jpg",
        "surveyor_comment": null,
        "survey_date": "2023-9-27"
      }
    },
    {
      "type": "Feature",
      "geometry": {
        "type": "Point",
        "coordinates": [
          118.474527,
          9.38063
        ]
      },
      "properties": {
        "id": 743,
        "name": "MTO#10-R/S-LAT AN",
        "type": "Turnout",
        "Structure_Category": "Turnout (TO)",
        "canal_name": "LATERAL A-NORTH",
        "station": "STA 3+948.1",
        "station_m": 3948.07,
        "offset_m": 1.85,
        "ele": -13.14,
        "desc": "",
        "comment": "",
        "images": "1000GRMN/DSC00227.jpg",
        "elevation_m": -13.14,
        "photo_filename": "DSC00227.jpg",
        "photo_path": "1000GRMN/DSC00227.jpg",
        "surveyor_comment": null,
        "survey_date": "2023-9-27"
      }
    },
    {
      "type": "Feature",
      "geometry": {
        "type": "Point",
        "coordinates": [
          118.475726,
          9.380023
        ]
      },
      "properties": {
        "id": 747,
        "name": "MTO#11-R/S-LAT AN",
        "type": "Turnout",
        "Structure_Category": "Turnout (TO)",
        "canal_name": "LATERAL A-NORTH",
        "station": "STA 4+097.0",
        "station_m": 4097.02,
        "offset_m": 1.31,
        "ele": -13.14,
        "desc": "",
        "comment": "",
        "images": "1000GRMN/DSC00231.jpg",
        "elevation_m": -13.14,
        "photo_filename": "DSC00231.jpg",
        "photo_path": "1000GRMN/DSC00231.jpg",
        "surveyor_comment": null,
        "survey_date": "2023-9-27"
      }
    },
    {
      "type": "Feature",
      "geometry": {
        "type": "Point",
        "coordinates": [
          118.477056,
          9.378622
        ]
      },
      "properties": {
        "id": 753,
        "name": "MTO#12-L/S-LAT AN",
        "type": "Turnout",
        "Structure_Category": "Turnout (TO)",
        "canal_name": "LATERAL A-NORTH",
        "station": "STA 4+311.7",
        "station_m": 4311.68,
        "offset_m": 1.1,
        "ele": -13.14,
        "desc": "",
        "comment": "",
        "images": "1000GRMN/DSC00237.jpg",
        "elevation_m": -13.14,
        "photo_filename": "DSC00237.jpg",
        "photo_path": "1000GRMN/DSC00237.jpg",
        "surveyor_comment": null,
        "survey_date": "2023-9-27"
      }
    },
    {
      "type": "Feature",
      "geometry": {
        "type": "Point",
        "coordinates": [
          118.479002,
          9.376279
        ]
      },
      "properties": {
        "id": 758,
        "name": "MTO#13-L/S-LAT AN",
        "type": "Turnout",
        "Structure_Category": "Turnout (TO)",
        "canal_name": "LATERAL A-NORTH",
        "station": "STA 4+649.9",
        "station_m": 4649.87,
        "offset_m": 2.19,
        "ele": -17.92,
        "desc": "",
        "comment": "",
        "images": "1000GRMN/DSC00242.jpg",
        "elevation_m": -17.92,
        "photo_filename": "DSC00242.jpg",
        "photo_path": "1000GRMN/DSC00242.jpg",
        "surveyor_comment": null,
        "survey_date": "2023-9-27"
      }
    },
    {
      "type": "Feature",
      "geometry": {
        "type": "Point",
        "coordinates": [
          118.482621,
          9.373009
        ]
      },
      "properties": {
        "id": 766,
        "name": "MTO#14-R/S-LAT AN",
        "type": "Turnout",
        "Structure_Category": "Turnout (TO)",
        "canal_name": "LATERAL A-NORTH",
        "station": "STA 5+189.7",
        "station_m": 5189.7,
        "offset_m": 2.31,
        "ele": -18.84,
        "desc": "",
        "comment": "",
        "images": "1000GRMN/DSC00250.jpg",
        "elevation_m": -18.84,
        "photo_filename": "DSC00250.jpg",
        "photo_path": "1000GRMN/DSC00250.jpg",
        "surveyor_comment": null,
        "survey_date": "2023-9-27"
      }
    },
    {
      "type": "Feature",
      "geometry": {
        "type": "Point",
        "coordinates": [
          118.482846,
          9.372799
        ]
      },
      "properties": {
        "id": 768,
        "name": "MTO#15-L/S-LAT AN",
        "type": "Turnout",
        "Structure_Category": "Turnout (TO)",
        "canal_name": "LATERAL A-NORTH",
        "station": "STA 5+223.8",
        "station_m": 5223.75,
        "offset_m": 2.19,
        "ele": -18.83,
        "desc": "",
        "comment": "",
        "images": "1000GRMN/DSC00252.jpg",
        "elevation_m": -18.83,
        "photo_filename": "DSC00252.jpg",
        "photo_path": "1000GRMN/DSC00252.jpg",
        "surveyor_comment": null,
        "survey_date": "2023-9-27"
      }
    },
    {
      "type": "Feature",
      "geometry": {
        "type": "Point",
        "coordinates": [
          118.484254,
          9.371601
        ]
      },
      "properties": {
        "id": 771,
        "name": "MTO#16-R/S-LAT AN",
        "type": "Turnout",
        "Structure_Category": "Turnout (TO)",
        "canal_name": "LATERAL A-NORTH",
        "station": "STA 5+427.9",
        "station_m": 5427.85,
        "offset_m": 1.85,
        "ele": -20.88,
        "desc": "",
        "comment": "",
        "images": "1000GRMN/DSC00255.jpg",
        "elevation_m": -20.88,
        "photo_filename": "DSC00255.jpg",
        "photo_path": "1000GRMN/DSC00255.jpg",
        "surveyor_comment": null,
        "survey_date": "2023-9-27"
      }
    },
    {
      "type": "Feature",
      "geometry": {
        "type": "Point",
        "coordinates": [
          118.485573,
          9.370563
        ]
      },
      "properties": {
        "id": 774,
        "name": "MTO#17-L/S-LAT AN",
        "type": "Turnout",
        "Structure_Category": "Turnout (TO)",
        "canal_name": "LATERAL A-NORTH",
        "station": "STA 5+613.1",
        "station_m": 5613.09,
        "offset_m": 2.08,
        "ele": -20.88,
        "desc": "",
        "comment": "",
        "images": "1000GRMN/DSC00258.jpg",
        "elevation_m": -20.88,
        "photo_filename": "DSC00258.jpg",
        "photo_path": "1000GRMN/DSC00258.jpg",
        "surveyor_comment": null,
        "survey_date": "2023-9-27"
      }
    },
    {
      "type": "Feature",
      "geometry": {
        "type": "Point",
        "coordinates": [
          118.487749,
          9.368685
        ]
      },
      "properties": {
        "id": 778,
        "name": "MTO#18-R/S-LAT AN",
        "type": "Turnout",
        "Structure_Category": "Turnout (TO)",
        "canal_name": "LATERAL A-NORTH",
        "station": "STA 5+933.3",
        "station_m": 5933.27,
        "offset_m": 3.13,
        "ele": -20.89,
        "desc": "",
        "comment": "",
        "images": "1000GRMN/DSC00262.jpg",
        "elevation_m": -20.89,
        "photo_filename": "DSC00262.jpg",
        "photo_path": "1000GRMN/DSC00262.jpg",
        "surveyor_comment": null,
        "survey_date": "2023-9-27"
      }
    },
    {
      "type": "Feature",
      "geometry": {
        "type": "Point",
        "coordinates": [
          118.442919,
          9.416492
        ]
      },
      "properties": {
        "id": 489,
        "name": "RCP CROSSING COMB. INCLINED DROP",
        "type": "Thresher Crossing",
        "Structure_Category": "Thresher Crossing",
        "canal_name": "MANAILE LATERAL A",
        "station": "STA 2+242.7",
        "station_m": 2242.73,
        "offset_m": 0,
        "ele": 60.57,
        "desc": "",
        "comment": "",
        "images": "1000GRMN/DSC00176.jpg",
        "elevation_m": 60.57,
        "photo_filename": "DSC00176.jpg",
        "photo_path": "1000GRMN/DSC00176.jpg",
        "surveyor_comment": null,
        "survey_date": "2023-9-5"
      }
    },
    {
      "type": "Feature",
      "geometry": {
        "type": "Point",
        "coordinates": [
          118.452084,
          9.414297
        ]
      },
      "properties": {
        "id": 497,
        "name": "UNAUTHORIZED TURNOUT STA.",
        "type": "Unauthorized Turnout",
        "Structure_Category": "Turnout (TO)",
        "canal_name": "MANAILE LATERAL A",
        "station": "STA 3+305.8",
        "station_m": 3305.79,
        "offset_m": 0,
        "ele": 52.63,
        "desc": "",
        "comment": "",
        "images": "1000GRMN/DSC00184.jpg",
        "elevation_m": 52.63,
        "photo_filename": "DSC00184.jpg",
        "photo_path": "1000GRMN/DSC00184.jpg",
        "surveyor_comment": null,
        "survey_date": "2023-9-5"
      }
    },
    {
      "type": "Feature",
      "geometry": {
        "type": "Point",
        "coordinates": [
          118.420214,
          9.275717
        ]
      },
      "properties": {
        "id": 832,
        "name": "052",
        "type": "Other Structures",
        "Structure_Category": "Other Structures",
        "canal_name": "Off-Canal",
        "station": "N/A",
        "station_m": null,
        "offset_m": 3603.32,
        "ele": -1.93,
        "desc": "",
        "comment": "",
        "images": "1000GRMN/",
        "elevation_m": -1.93,
        "photo_filename": "",
        "photo_path": "1000GRMN/",
        "surveyor_comment": null,
        "survey_date": "2023-8-21"
      }
    },
    {
      "type": "Feature",
      "geometry": {
        "type": "Point",
        "coordinates": [
          118.420214,
          9.275717
        ]
      },
      "properties": {
        "id": 833,
        "name": "053",
        "type": "Other Structures",
        "Structure_Category": "Other Structures",
        "canal_name": "Off-Canal",
        "station": "N/A",
        "station_m": null,
        "offset_m": 3603.32,
        "ele": -1.93,
        "desc": "",
        "comment": "",
        "images": "1000GRMN/",
        "elevation_m": -1.93,
        "photo_filename": "",
        "photo_path": "1000GRMN/",
        "surveyor_comment": null,
        "survey_date": "2023-8-21"
      }
    },
    {
      "type": "Feature",
      "geometry": {
        "type": "Point",
        "coordinates": [
          118.45029,
          9.329274
        ]
      },
      "properties": {
        "id": 835,
        "name": "RCP CROSSING",
        "type": "Thresher Crossing",
        "Structure_Category": "Thresher Crossing",
        "canal_name": "LATERAL C-SOUTH",
        "station": "STA 0+003.4",
        "station_m": 3.39,
        "offset_m": 0,
        "ele": 21.03,
        "desc": "",
        "comment": "",
        "images": "1000GRMN/DSC00006.jpg",
        "elevation_m": 21.03,
        "photo_filename": "DSC00006.jpg",
        "photo_path": "1000GRMN/DSC00006.jpg",
        "surveyor_comment": null,
        "survey_date": "2023-8-22"
      }
    },
    {
      "type": "Feature",
      "geometry": {
        "type": "Point",
        "coordinates": [
          118.456622,
          9.324804
        ]
      },
      "properties": {
        "id": 796,
        "name": "RCP CROSSING COMB DROP STR.",
        "type": "Drop",
        "Structure_Category": "Drop",
        "canal_name": "LATERAL D-SOUTH",
        "station": "STA 0+279.8",
        "station_m": 279.78,
        "offset_m": 0,
        "ele": -46.4,
        "desc": "",
        "comment": "Rcp crossing & Drop Str",
        "images": "1000GRMN/DSC00078.jpg",
        "elevation_m": -46.4,
        "photo_filename": "DSC00078.jpg",
        "photo_path": "1000GRMN/DSC00078.jpg",
        "surveyor_comment": "Rcp crossing & Drop Str",
        "survey_date": "2023-10-19"
      }
    },
    {
      "type": "Feature",
      "geometry": {
        "type": "Point",
        "coordinates": [
          118.450265,
          9.329221
        ]
      },
      "properties": {
        "id": 836,
        "name": "START LINED CANAL",
        "type": "Station",
        "Structure_Category": "Other Structures",
        "canal_name": "LATERAL C-SOUTH",
        "station": "STA 0+009.9",
        "station_m": 9.89,
        "offset_m": 0,
        "ele": 21.04,
        "desc": "",
        "comment": "",
        "images": "1000GRMN/DSC00007.jpg",
        "elevation_m": 21.04,
        "photo_filename": "DSC00007.jpg",
        "photo_path": "1000GRMN/DSC00007.jpg",
        "surveyor_comment": null,
        "survey_date": "2023-8-22"
      }
    },
    {
      "type": "Feature",
      "geometry": {
        "type": "Point",
        "coordinates": [
          118.450103,
          9.329005
        ]
      },
      "properties": {
        "id": 837,
        "name": "PARSHALL FLUME",
        "type": "Water Gauge",
        "Structure_Category": "Parshall Flume",
        "canal_name": "LATERAL C-SOUTH",
        "station": "STA 0+039.8",
        "station_m": 39.76,
        "offset_m": 0,
        "ele": 21.04,
        "desc": "",
        "comment": "",
        "images": "1000GRMN/DSC00008.jpg",
        "elevation_m": 21.04,
        "photo_filename": "DSC00008.jpg",
        "photo_path": "1000GRMN/DSC00008.jpg",
        "surveyor_comment": null,
        "survey_date": "2023-8-22"
      }
    },
    {
      "type": "Feature",
      "geometry": {
        "type": "Point",
        "coordinates": [
          118.449295,
          9.327993
        ]
      },
      "properties": {
        "id": 838,
        "name": "CART CROSSING",
        "type": "Thresher Crossing",
        "Structure_Category": "Thresher Crossing",
        "canal_name": "LATERAL C-SOUTH",
        "station": "STA 0+183.0",
        "station_m": 183,
        "offset_m": 0,
        "ele": 21.04,
        "desc": "",
        "comment": "",
        "images": "1000GRMN/DSC00009.jpg",
        "elevation_m": 21.04,
        "photo_filename": "DSC00009.jpg",
        "photo_path": "1000GRMN/DSC00009.jpg",
        "surveyor_comment": null,
        "survey_date": "2023-8-22"
      }
    },
    {
      "type": "Feature",
      "geometry": {
        "type": "Point",
        "coordinates": [
          118.454358,
          9.325571
        ]
      },
      "properties": {
        "id": 792,
        "name": "HD GATE LATERAL DS COMB. INLET RD CROSSING",
        "type": "Head Gate",
        "Structure_Category": "Head Gate",
        "canal_name": "SOUTH MAIN CANAL",
        "station": "STA 9+593.4",
        "station_m": 9593.36,
        "offset_m": 0,
        "ele": -46.39,
        "desc": "",
        "comment": "Headgate of Lateral Ds",
        "images": "1000GRMN/DSC00072.jpg",
        "elevation_m": -46.39,
        "photo_filename": "DSC00072.jpg",
        "photo_path": "1000GRMN/DSC00072.jpg",
        "surveyor_comment": "Headgate of Lateral Ds",
        "survey_date": "2023-10-19"
      }
    },
    {
      "type": "Feature",
      "geometry": {
        "type": "Point",
        "coordinates": [
          118.464155,
          9.323911
        ]
      },
      "properties": {
        "id": 803,
        "name": "CHECK STR. COMB DROP",
        "type": "Check Structure",
        "Structure_Category": "Check Gate",
        "canal_name": "LATERAL D-SOUTH",
        "station": "STA 1+179.5",
        "station_m": 1179.48,
        "offset_m": 0,
        "ele": -45.69,
        "desc": "",
        "comment": "Check & Drop str",
        "images": "1000GRMN/DSC00086.jpg",
        "elevation_m": -45.69,
        "photo_filename": "DSC00086.jpg",
        "photo_path": "1000GRMN/DSC00086.jpg",
        "surveyor_comment": "Check & Drop str",
        "survey_date": "2023-10-19"
      }
    },
    {
      "type": "Feature",
      "geometry": {
        "type": "Point",
        "coordinates": [
          118.466466,
          9.322814
        ]
      },
      "properties": {
        "id": 804,
        "name": "END EARTH CANAL/ START LINING",
        "type": "Station",
        "Structure_Category": "Other Structures",
        "canal_name": "LATERAL D-SOUTH",
        "station": "STA 1+480.8",
        "station_m": 1480.82,
        "offset_m": 0,
        "ele": -45.7,
        "desc": "",
        "comment": "",
        "images": "1000GRMN/DSC00088.jpg",
        "elevation_m": -45.7,
        "photo_filename": "DSC00088.jpg",
        "photo_path": "1000GRMN/DSC00088.jpg",
        "surveyor_comment": null,
        "survey_date": "2023-10-19"
      }
    },
    {
      "type": "Feature",
      "geometry": {
        "type": "Point",
        "coordinates": [
          118.466879,
          9.320919
        ]
      },
      "properties": {
        "id": 814,
        "name": "START OF SUB-LAT DS",
        "type": "Station",
        "Structure_Category": "Other Structures",
        "canal_name": "LATERAL D-SOUTH",
        "station": "STA 1+734.8",
        "station_m": 1734.75,
        "offset_m": 0,
        "ele": -31.74,
        "desc": "",
        "comment": "Inle structure of Sub Lateral DS",
        "images": "1000GRMN/DSC00099.jpg",
        "elevation_m": -31.74,
        "photo_filename": "DSC00099.jpg",
        "photo_path": "1000GRMN/DSC00099.jpg",
        "surveyor_comment": "Inle structure of Sub Lateral DS",
        "survey_date": "2023-10-19"
      }
    },
    {
      "type": "Feature",
      "geometry": {
        "type": "Point",
        "coordinates": [
          118.467369,
          9.32058
        ]
      },
      "properties": {
        "id": 810,
        "name": "START OF SUB-LAT DS",
        "type": "Thresher Crossing",
        "Structure_Category": "Thresher Crossing",
        "canal_name": "LATERAL D-SOUTH",
        "station": "STA 1+800.5",
        "station_m": 1800.52,
        "offset_m": 0,
        "ele": -37.48,
        "desc": "",
        "comment": "Cart Crossing Str",
        "images": "1000GRMN/DSC00095.jpg",
        "elevation_m": -37.48,
        "photo_filename": "DSC00095.jpg",
        "photo_path": "1000GRMN/DSC00095.jpg",
        "surveyor_comment": "Cart Crossing Str",
        "survey_date": "2023-10-19"
      }
    },
    {
      "type": "Feature",
      "geometry": {
        "type": "Point",
        "coordinates": [
          118.467916,
          9.320099
        ]
      },
      "properties": {
        "id": 816,
        "name": "UNAUTHORIZED TURN OUT L $ R",
        "type": "Unauthorized Turnout",
        "Structure_Category": "Turnout (TO)",
        "canal_name": "LATERAL D-SOUTH",
        "station": "STA 1+881.1",
        "station_m": 1881.06,
        "offset_m": 0,
        "ele": -31.75,
        "desc": "",
        "comment": "Turn out (L&R/S)",
        "images": "1000GRMN/DSC00102.jpg",
        "elevation_m": -31.75,
        "photo_filename": "DSC00102.jpg",
        "photo_path": "1000GRMN/DSC00102.jpg",
        "surveyor_comment": "Turn out (L&R/S)",
        "survey_date": "2023-10-19"
      }
    },
    {
      "type": "Feature",
      "geometry": {
        "type": "Point",
        "coordinates": [
          118.46823,
          9.319809
        ]
      },
      "properties": {
        "id": 809,
        "name": "CART CROSSING",
        "type": "Thresher Crossing",
        "Structure_Category": "Thresher Crossing",
        "canal_name": "LATERAL D-SOUTH",
        "station": "STA 1+928.3",
        "station_m": 1928.33,
        "offset_m": 0,
        "ele": -37.47,
        "desc": "",
        "comment": "Cart crossing str",
        "images": "1000GRMN/DSC00094.jpg",
        "elevation_m": -37.47,
        "photo_filename": "DSC00094.jpg",
        "photo_path": "1000GRMN/DSC00094.jpg",
        "surveyor_comment": "Cart crossing str",
        "survey_date": "2023-10-19"
      }
    },
    {
      "type": "Feature",
      "geometry": {
        "type": "Point",
        "coordinates": [
          118.46906,
          9.320528
        ]
      },
      "properties": {
        "id": 808,
        "name": "DIVISION BOX STR.",
        "type": "Settling Basin",
        "Structure_Category": "Other Structures",
        "canal_name": "LATERAL D-SOUTH",
        "station": "STA 2+073.9",
        "station_m": 2073.89,
        "offset_m": 0,
        "ele": -37.48,
        "desc": "",
        "comment": "Division Box",
        "images": "1000GRMN/DSC00093.jpg",
        "elevation_m": -37.48,
        "photo_filename": "DSC00093.jpg",
        "photo_path": "1000GRMN/DSC00093.jpg",
        "surveyor_comment": "Division Box",
        "survey_date": "2023-10-19"
      }
    },
    {
      "type": "Feature",
      "geometry": {
        "type": "Point",
        "coordinates": [
          118.469744,
          9.320109
        ]
      },
      "properties": {
        "id": 807,
        "name": "CART CROSSING",
        "type": "Thresher Crossing",
        "Structure_Category": "Thresher Crossing",
        "canal_name": "LATERAL D-SOUTH",
        "station": "STA 2+162.5",
        "station_m": 2162.48,
        "offset_m": 0,
        "ele": -37.48,
        "desc": "",
        "comment": "Cart Crossing Str",
        "images": "1000GRMN/DSC00091.jpg",
        "elevation_m": -37.48,
        "photo_filename": "DSC00091.jpg",
        "photo_path": "1000GRMN/DSC00091.jpg",
        "surveyor_comment": "Cart Crossing Str",
        "survey_date": "2023-10-19"
      }
    },
    {
      "type": "Feature",
      "geometry": {
        "type": "Point",
        "coordinates": [
          118.470908,
          9.319033
        ]
      },
      "properties": {
        "id": 806,
        "name": "CART CROSSING",
        "type": "Thresher Crossing",
        "Structure_Category": "Thresher Crossing",
        "canal_name": "LATERAL D-SOUTH",
        "station": "STA 2+338.1",
        "station_m": 2338.13,
        "offset_m": 0,
        "ele": -37.49,
        "desc": "",
        "comment": "Cart Crossing Str",
        "images": "1000GRMN/DSC00090.jpg",
        "elevation_m": -37.49,
        "photo_filename": "DSC00090.jpg",
        "photo_path": "1000GRMN/DSC00090.jpg",
        "surveyor_comment": "Cart Crossing Str",
        "survey_date": "2023-10-19"
      }
    },
    {
      "type": "Feature",
      "geometry": {
        "type": "Point",
        "coordinates": [
          118.471123,
          9.318789
        ]
      },
      "properties": {
        "id": 805,
        "name": "ROAD CROSSING",
        "type": "Road Crossing",
        "Structure_Category": "Road Crossing",
        "canal_name": "LATERAL D-SOUTH",
        "station": "STA 2+374.1",
        "station_m": 2374.09,
        "offset_m": 0,
        "ele": -37.49,
        "desc": "",
        "comment": "Road Crossing Str",
        "images": "1000GRMN/DSC00112.jpg",
        "elevation_m": -37.49,
        "photo_filename": "DSC00112.jpg",
        "photo_path": "1000GRMN/DSC00112.jpg",
        "surveyor_comment": "Road Crossing Str",
        "survey_date": "2023-10-19"
      }
    },
    {
      "type": "Feature",
      "geometry": {
        "type": "Point",
        "coordinates": [
          118.471634,
          9.318357
        ]
      },
      "properties": {
        "id": 827,
        "name": "DROP STRUCTURE",
        "type": "Drop",
        "Structure_Category": "Drop",
        "canal_name": "LATERAL D-SOUTH",
        "station": "STA 2+448.0",
        "station_m": 2448.01,
        "offset_m": 0,
        "ele": -35.34,
        "desc": "",
        "comment": "Drop structure",
        "images": "1000GRMN/DSC00114.jpg",
        "elevation_m": -35.34,
        "photo_filename": "DSC00114.jpg",
        "photo_path": "1000GRMN/DSC00114.jpg",
        "surveyor_comment": "Drop structure",
        "survey_date": "2023-10-19"
      }
    },
    {
      "type": "Feature",
      "geometry": {
        "type": "Point",
        "coordinates": [
          118.472845,
          9.317415
        ]
      },
      "properties": {
        "id": 831,
        "name": "END CHECK SUB LATERAL DS",
        "type": "Station",
        "Structure_Category": "Other Structures",
        "canal_name": "LATERAL D-SOUTH",
        "station": "STA 2+617.4",
        "station_m": 2617.44,
        "offset_m": 0,
        "ele": -35.34,
        "desc": "",
        "comment": "End Check Str",
        "images": "1000GRMN/DSC00118.jpg",
        "elevation_m": -35.34,
        "photo_filename": "DSC00118.jpg",
        "photo_path": "1000GRMN/DSC00118.jpg",
        "surveyor_comment": "End Check Str",
        "survey_date": "2023-10-19"
      }
    },
    {
      "type": "Feature",
      "geometry": {
        "type": "Point",
        "coordinates": [
          118.447669,
          9.325949
        ]
      },
      "properties": {
        "id": 840,
        "name": "CART CROSSING",
        "type": "Thresher Crossing",
        "Structure_Category": "Thresher Crossing",
        "canal_name": "LATERAL C-SOUTH",
        "station": "STA 0+471.9",
        "station_m": 471.91,
        "offset_m": 0,
        "ele": 21.05,
        "desc": "",
        "comment": "",
        "images": "1000GRMN/DSC00011.jpg",
        "elevation_m": 21.05,
        "photo_filename": "DSC00011.jpg",
        "photo_path": "1000GRMN/DSC00011.jpg",
        "surveyor_comment": null,
        "survey_date": "2023-8-22"
      }
    },
    {
      "type": "Feature",
      "geometry": {
        "type": "Point",
        "coordinates": [
          118.446849,
          9.324913
        ]
      },
      "properties": {
        "id": 841,
        "name": "CART CROSSING",
        "type": "Thresher Crossing",
        "Structure_Category": "Thresher Crossing",
        "canal_name": "LATERAL C-SOUTH",
        "station": "STA 0+618.1",
        "station_m": 618.06,
        "offset_m": 0,
        "ele": 21.05,
        "desc": "",
        "comment": "",
        "images": "1000GRMN/DSC00012.jpg",
        "elevation_m": 21.05,
        "photo_filename": "DSC00012.jpg",
        "photo_path": "1000GRMN/DSC00012.jpg",
        "surveyor_comment": null,
        "survey_date": "2023-8-22"
      }
    },
    {
      "type": "Feature",
      "geometry": {
        "type": "Point",
        "coordinates": [
          118.446276,
          9.324204
        ]
      },
      "properties": {
        "id": 842,
        "name": "CART CROSSING",
        "type": "Thresher Crossing",
        "Structure_Category": "Thresher Crossing",
        "canal_name": "LATERAL C-SOUTH",
        "station": "STA 0+718.9",
        "station_m": 718.89,
        "offset_m": 0,
        "ele": 21.05,
        "desc": "",
        "comment": "",
        "images": "1000GRMN/DSC00013.jpg",
        "elevation_m": 21.05,
        "photo_filename": "DSC00013.jpg",
        "photo_path": "1000GRMN/DSC00013.jpg",
        "surveyor_comment": null,
        "survey_date": "2023-8-22"
      }
    },
    {
      "type": "Feature",
      "geometry": {
        "type": "Point",
        "coordinates": [
          118.446215,
          9.324195
        ]
      },
      "properties": {
        "id": 845,
        "name": "RCP CROSSING",
        "type": "Road Crossing",
        "Structure_Category": "Road Crossing",
        "canal_name": "LATERAL C-SOUTH",
        "station": "STA 0+723.0",
        "station_m": 722.99,
        "offset_m": 5.42,
        "ele": 21.05,
        "desc": "",
        "comment": "",
        "images": "1000GRMN/DSC00016.jpg",
        "elevation_m": 21.05,
        "photo_filename": "DSC00016.jpg",
        "photo_path": "1000GRMN/DSC00016.jpg",
        "surveyor_comment": null,
        "survey_date": "2023-8-22"
      }
    },
    {
      "type": "Feature",
      "geometry": {
        "type": "Point",
        "coordinates": [
          118.446235,
          9.324132
        ]
      },
      "properties": {
        "id": 846,
        "name": "VERTICAL DROP STR.",
        "type": "Drop",
        "Structure_Category": "Drop",
        "canal_name": "LATERAL C-SOUTH",
        "station": "STA 0+728.1",
        "station_m": 728.06,
        "offset_m": 0.14,
        "ele": 21.05,
        "desc": "",
        "comment": "",
        "images": "1000GRMN/DSC00017.jpg",
        "elevation_m": 21.05,
        "photo_filename": "DSC00017.jpg",
        "photo_path": "1000GRMN/DSC00017.jpg",
        "surveyor_comment": null,
        "survey_date": "2023-8-22"
      }
    },
    {
      "type": "Feature",
      "geometry": {
        "type": "Point",
        "coordinates": [
          118.446001,
          9.323853
        ]
      },
      "properties": {
        "id": 847,
        "name": "END LINED CANAL/ START EARTH CANAL",
        "type": "Station",
        "Structure_Category": "Other Structures",
        "canal_name": "LATERAL C-SOUTH",
        "station": "STA 0+768.4",
        "station_m": 768.4,
        "offset_m": 0,
        "ele": 21.05,
        "desc": "",
        "comment": "",
        "images": "1000GRMN/DSC00018.jpg",
        "elevation_m": 21.05,
        "photo_filename": "DSC00018.jpg",
        "photo_path": "1000GRMN/DSC00018.jpg",
        "surveyor_comment": null,
        "survey_date": "2023-8-22"
      }
    },
    {
      "type": "Feature",
      "geometry": {
        "type": "Point",
        "coordinates": [
          118.44511,
          9.322787
        ]
      },
      "properties": {
        "id": 849,
        "name": "V-DROP STR. COMB. RCP CROSSING",
        "type": "Drop",
        "Structure_Category": "Drop",
        "canal_name": "LATERAL C-SOUTH",
        "station": "STA 0+922.0",
        "station_m": 922.05,
        "offset_m": 0,
        "ele": 21.06,
        "desc": "",
        "comment": "",
        "images": "1000GRMN/DSC00020.jpg",
        "elevation_m": 21.06,
        "photo_filename": "DSC00020.jpg",
        "photo_path": "1000GRMN/DSC00020.jpg",
        "surveyor_comment": null,
        "survey_date": "2023-8-22"
      }
    },
    {
      "type": "Feature",
      "geometry": {
        "type": "Point",
        "coordinates": [
          118.443909,
          9.321258
        ]
      },
      "properties": {
        "id": 850,
        "name": "DRAINAGE INLET",
        "type": "Drainage",
        "Structure_Category": "Drainage",
        "canal_name": "LATERAL C-SOUTH",
        "station": "STA 1+137.1",
        "station_m": 1137.13,
        "offset_m": 0,
        "ele": 21.06,
        "desc": "",
        "comment": "",
        "images": "1000GRMN/DSC00021.jpg",
        "elevation_m": 21.06,
        "photo_filename": "DSC00021.jpg",
        "photo_path": "1000GRMN/DSC00021.jpg",
        "surveyor_comment": null,
        "survey_date": "2023-8-22"
      }
    },
    {
      "type": "Feature",
      "geometry": {
        "type": "Point",
        "coordinates": [
          118.423875,
          9.35139
        ]
      },
      "properties": {
        "id": 59,
        "name": "ROAD CROSSING",
        "type": "Road Crossing",
        "Structure_Category": "Road Crossing",
        "canal_name": "SOUTH MAIN CANAL",
        "station": "STA 5+150.1",
        "station_m": 5150.14,
        "offset_m": 0,
        "ele": 20.78,
        "desc": "",
        "comment": "",
        "images": "1000GRMN/DSC00034.jpg",
        "elevation_m": 20.78,
        "photo_filename": "DSC00034.jpg",
        "photo_path": "1000GRMN/DSC00034.jpg",
        "surveyor_comment": null,
        "survey_date": "2023-8-15"
      }
    },
    {
      "type": "Feature",
      "geometry": {
        "type": "Point",
        "coordinates": [
          118.447321,
          9.331614
        ]
      },
      "properties": {
        "id": 834,
        "name": "DMTO #19-R/S - SMC",
        "type": "Turnout",
        "Structure_Category": "Turnout (TO)",
        "canal_name": "SOUTH MAIN CANAL",
        "station": "STA 8+563.8",
        "station_m": 8563.78,
        "offset_m": 1.05,
        "ele": 21.03,
        "desc": "",
        "comment": "",
        "images": "1000GRMN/DSC00005.jpg",
        "elevation_m": 21.03,
        "photo_filename": "DSC00005.jpg",
        "photo_path": "1000GRMN/DSC00005.jpg",
        "surveyor_comment": null,
        "survey_date": "2023-8-22"
      }
    },
    {
      "type": "Feature",
      "geometry": {
        "type": "Point",
        "coordinates": [
          118.446221,
          9.324183
        ]
      },
      "properties": {
        "id": 844,
        "name": "MTO #2-R/S-LAT CS",
        "type": "Turnout",
        "Structure_Category": "Turnout (TO)",
        "canal_name": "LATERAL C-SOUTH",
        "station": "STA 0+723.8",
        "station_m": 723.84,
        "offset_m": 4.2,
        "ele": 21.05,
        "desc": "",
        "comment": "",
        "images": "1000GRMN/DSC00015.jpg",
        "elevation_m": 21.05,
        "photo_filename": "DSC00015.jpg",
        "photo_path": "1000GRMN/DSC00015.jpg",
        "surveyor_comment": null,
        "survey_date": "2023-8-22"
      }
    },
    {
      "type": "Feature",
      "geometry": {
        "type": "Point",
        "coordinates": [
          118.44514,
          9.322766
        ]
      },
      "properties": {
        "id": 848,
        "name": "MTO #3-L/S-LAT CS",
        "type": "Turnout",
        "Structure_Category": "Turnout (TO)",
        "canal_name": "LATERAL C-SOUTH",
        "station": "STA 0+921.7",
        "station_m": 921.73,
        "offset_m": 4.03,
        "ele": 21.06,
        "desc": "",
        "comment": "",
        "images": "1000GRMN/DSC00019.jpg",
        "elevation_m": 21.06,
        "photo_filename": "DSC00019.jpg",
        "photo_path": "1000GRMN/DSC00019.jpg",
        "surveyor_comment": null,
        "survey_date": "2023-8-22"
      }
    },
    {
      "type": "Feature",
      "geometry": {
        "type": "Point",
        "coordinates": [
          118.46731,
          9.321624
        ]
      },
      "properties": {
        "id": 812,
        "name": "MTO #7-L/S - LAT DS",
        "type": "Turnout",
        "Structure_Category": "Turnout (TO)",
        "canal_name": "LATERAL D-SOUTH",
        "station": "STA 1+643.3",
        "station_m": 1643.28,
        "offset_m": 0,
        "ele": -37.49,
        "desc": "",
        "comment": "Turn out #7 (L/S)",
        "images": "1000GRMN/DSC00097.jpg",
        "elevation_m": -37.49,
        "photo_filename": "DSC00097.jpg",
        "photo_path": "1000GRMN/DSC00097.jpg",
        "surveyor_comment": "Turn out #7 (L/S)",
        "survey_date": "2023-10-19"
      }
    },
    {
      "type": "Feature",
      "geometry": {
        "type": "Point",
        "coordinates": [
          118.468035,
          9.319978
        ]
      },
      "properties": {
        "id": 817,
        "name": "MTO #10-L/S - LAT DS",
        "type": "Turnout",
        "Structure_Category": "Turnout (TO)",
        "canal_name": "LATERAL D-SOUTH",
        "station": "STA 1+899.8",
        "station_m": 1899.82,
        "offset_m": 0,
        "ele": -31.75,
        "desc": "",
        "comment": "Turn Out #10 (L/S)",
        "images": "1000GRMN/DSC00103.jpg",
        "elevation_m": -31.75,
        "photo_filename": "DSC00103.jpg",
        "photo_path": "1000GRMN/DSC00103.jpg",
        "surveyor_comment": "Turn Out #10 (L/S)",
        "survey_date": "2023-10-19"
      }
    },
    {
      "type": "Feature",
      "geometry": {
        "type": "Point",
        "coordinates": [
          118.466878,
          9.320924
        ]
      },
      "properties": {
        "id": 813,
        "name": "MTO #8-R/S -LAT DS",
        "type": "Turnout",
        "Structure_Category": "Turnout (TO)",
        "canal_name": "LATERAL D-SOUTH",
        "station": "STA 1+734.3",
        "station_m": 1734.33,
        "offset_m": 0.38,
        "ele": -37.48,
        "desc": "",
        "comment": "Turn out #8 & End of Lateral DS",
        "images": "1000GRMN/DSC00098.jpg",
        "elevation_m": -37.48,
        "photo_filename": "DSC00098.jpg",
        "photo_path": "1000GRMN/DSC00098.jpg",
        "surveyor_comment": "Turn out #8 & End of Lateral DS",
        "survey_date": "2023-10-19"
      }
    },
    {
      "type": "Feature",
      "geometry": {
        "type": "Point",
        "coordinates": [
          118.468025,
          9.319988
        ]
      },
      "properties": {
        "id": 818,
        "name": "MTO #11-R/S - LAT DS",
        "type": "Turnout",
        "Structure_Category": "Turnout (TO)",
        "canal_name": "LATERAL D-SOUTH",
        "station": "STA 1+898.3",
        "station_m": 1898.26,
        "offset_m": 0.01,
        "ele": -31.75,
        "desc": "",
        "comment": "Turn out #11 (R/S)",
        "images": "1000GRMN/DSC00104.jpg",
        "elevation_m": -31.75,
        "photo_filename": "DSC00104.jpg",
        "photo_path": "1000GRMN/DSC00104.jpg",
        "surveyor_comment": "Turn out #11 (R/S)",
        "survey_date": "2023-10-19"
      }
    },
    {
      "type": "Feature",
      "geometry": {
        "type": "Point",
        "coordinates": [
          118.468334,
          9.319656
        ]
      },
      "properties": {
        "id": 819,
        "name": "MTO #12-R/S - LAT DS",
        "type": "Turnout",
        "Structure_Category": "Turnout (TO)",
        "canal_name": "LATERAL D-SOUTH",
        "station": "STA 1+948.6",
        "station_m": 1948.62,
        "offset_m": 2.7,
        "ele": -31.75,
        "desc": "",
        "comment": "Turn out #12 (R/S)",
        "images": "1000GRMN/DSC00105.jpg",
        "elevation_m": -31.75,
        "photo_filename": "DSC00105.jpg",
        "photo_path": "1000GRMN/DSC00105.jpg",
        "surveyor_comment": "Turn out #12 (R/S)",
        "survey_date": "2023-10-19"
      }
    },
    {
      "type": "Feature",
      "geometry": {
        "type": "Point",
        "coordinates": [
          118.468365,
          9.319658
        ]
      },
      "properties": {
        "id": 820,
        "name": "MTO #13-l/S - LAT DS COMB. DIV. BOX",
        "type": "Turnout",
        "Structure_Category": "Turnout (TO)",
        "canal_name": "LATERAL D-SOUTH",
        "station": "STA 1+950.7",
        "station_m": 1950.72,
        "offset_m": 0,
        "ele": -31.75,
        "desc": "",
        "comment": "Combination of division Box & turn out#13 (R/S)",
        "images": "1000GRMN/DSC00106.jpg",
        "elevation_m": -31.75,
        "photo_filename": "DSC00106.jpg",
        "photo_path": "1000GRMN/DSC00106.jpg",
        "surveyor_comment": "Combination of division Box & turn out#13 (R/S)",
        "survey_date": "2023-10-19"
      }
    },
    {
      "type": "Feature",
      "geometry": {
        "type": "Point",
        "coordinates": [
          118.468381,
          9.319673
        ]
      },
      "properties": {
        "id": 821,
        "name": "MTO #14-R/S - LAT DS",
        "type": "Turnout",
        "Structure_Category": "Turnout (TO)",
        "canal_name": "LATERAL D-SOUTH",
        "station": "STA 1+953.1",
        "station_m": 1953.12,
        "offset_m": 0.35,
        "ele": -31.75,
        "desc": "",
        "comment": "Turn out #14 (R/S)",
        "images": "1000GRMN/DSC00107.jpg",
        "elevation_m": -31.75,
        "photo_filename": "DSC00107.jpg",
        "photo_path": "1000GRMN/DSC00107.jpg",
        "surveyor_comment": "Turn out #14 (R/S)",
        "survey_date": "2023-10-19"
      }
    },
    {
      "type": "Feature",
      "geometry": {
        "type": "Point",
        "coordinates": [
          118.469418,
          9.32029
        ]
      },
      "properties": {
        "id": 822,
        "name": "MTO #15-L/S - LAT DS",
        "type": "Turnout",
        "Structure_Category": "Turnout (TO)",
        "canal_name": "LATERAL D-SOUTH",
        "station": "STA 2+121.3",
        "station_m": 2121.34,
        "offset_m": 0,
        "ele": -31.76,
        "desc": "",
        "comment": "Turn out #15 (R/S)",
        "images": "1000GRMN/DSC00108.jpg",
        "elevation_m": -31.76,
        "photo_filename": "DSC00108.jpg",
        "photo_path": "1000GRMN/DSC00108.jpg",
        "surveyor_comment": "Turn out #15 (R/S)",
        "survey_date": "2023-10-19"
      }
    },
    {
      "type": "Feature",
      "geometry": {
        "type": "Point",
        "coordinates": [
          118.470016,
          9.319916
        ]
      },
      "properties": {
        "id": 823,
        "name": "MTO #16-L/S - LAT DS",
        "type": "Turnout",
        "Structure_Category": "Turnout (TO)",
        "canal_name": "LATERAL D-SOUTH",
        "station": "STA 2+199.3",
        "station_m": 2199.3,
        "offset_m": 0.59,
        "ele": -31.75,
        "desc": "",
        "comment": "Turn out #16 (L/S)",
        "images": "1000GRMN/DSC00109.jpg",
        "elevation_m": -31.75,
        "photo_filename": "DSC00109.jpg",
        "photo_path": "1000GRMN/DSC00109.jpg",
        "surveyor_comment": "Turn out #16 (L/S)",
        "survey_date": "2023-10-19"
      }
    },
    {
      "type": "Feature",
      "geometry": {
        "type": "Point",
        "coordinates": [
          118.470037,
          9.319915
        ]
      },
      "properties": {
        "id": 824,
        "name": "MTO #17-R/S - LAT DS",
        "type": "Turnout",
        "Structure_Category": "Turnout (TO)",
        "canal_name": "LATERAL D-SOUTH",
        "station": "STA 2+201.1",
        "station_m": 2201.12,
        "offset_m": 0.87,
        "ele": -35.34,
        "desc": "",
        "comment": "Turn out #17 (R/S)",
        "images": "1000GRMN/DSC00110.jpg",
        "elevation_m": -35.34,
        "photo_filename": "DSC00110.jpg",
        "photo_path": "1000GRMN/DSC00110.jpg",
        "surveyor_comment": "Turn out #17 (R/S)",
        "survey_date": "2023-10-19"
      }
    },
    {
      "type": "Feature",
      "geometry": {
        "type": "Point",
        "coordinates": [
          118.471094,
          9.318795
        ]
      },
      "properties": {
        "id": 825,
        "name": "MTO #18-L/S - LAT DS",
        "type": "Turnout",
        "Structure_Category": "Turnout (TO)",
        "canal_name": "LATERAL D-SOUTH",
        "station": "STA 2+371.5",
        "station_m": 2371.49,
        "offset_m": 1.97,
        "ele": -35.34,
        "desc": "",
        "comment": "Turn out #18 (L/S)",
        "images": "1000GRMN/DSC00111.jpg",
        "elevation_m": -35.34,
        "photo_filename": "DSC00111.jpg",
        "photo_path": "1000GRMN/DSC00111.jpg",
        "surveyor_comment": "Turn out #18 (L/S)",
        "survey_date": "2023-10-19"
      }
    },
    {
      "type": "Feature",
      "geometry": {
        "type": "Point",
        "coordinates": [
          118.471158,
          9.31874
        ]
      },
      "properties": {
        "id": 826,
        "name": "MTO #19-R/S - LAT DS",
        "type": "Turnout",
        "Structure_Category": "Turnout (TO)",
        "canal_name": "LATERAL D-SOUTH",
        "station": "STA 2+380.6",
        "station_m": 2380.55,
        "offset_m": 1.64,
        "ele": -35.34,
        "desc": "",
        "comment": "Turn out #19 (R/S)",
        "images": "1000GRMN/DSC00113.jpg",
        "elevation_m": -35.34,
        "photo_filename": "DSC00113.jpg",
        "photo_path": "1000GRMN/DSC00113.jpg",
        "surveyor_comment": "Turn out #19 (R/S)",
        "survey_date": "2023-10-19"
      }
    },
    {
      "type": "Feature",
      "geometry": {
        "type": "Point",
        "coordinates": [
          118.471935,
          9.318118
        ]
      },
      "properties": {
        "id": 828,
        "name": "MTO #20-R/S - LAT DS",
        "type": "Turnout",
        "Structure_Category": "Turnout (TO)",
        "canal_name": "LATERAL D-SOUTH",
        "station": "STA 2+490.4",
        "station_m": 2490.45,
        "offset_m": 0.5,
        "ele": -35.34,
        "desc": "",
        "comment": "Turn out #20 (R/S)",
        "images": "1000GRMN/DSC00115.jpg",
        "elevation_m": -35.34,
        "photo_filename": "DSC00115.jpg",
        "photo_path": "1000GRMN/DSC00115.jpg",
        "surveyor_comment": "Turn out #20 (R/S)",
        "survey_date": "2023-10-19"
      }
    },
    {
      "type": "Feature",
      "geometry": {
        "type": "Point",
        "coordinates": [
          118.471973,
          9.318134
        ]
      },
      "properties": {
        "id": 829,
        "name": "MTO #21-L/S - LAT DS",
        "type": "Turnout",
        "Structure_Category": "Turnout (TO)",
        "canal_name": "LATERAL D-SOUTH",
        "station": "STA 2+492.7",
        "station_m": 2492.66,
        "offset_m": 3.48,
        "ele": -35.34,
        "desc": "",
        "comment": "Turn out #21 (L/S)",
        "images": "1000GRMN/DSC00116.jpg",
        "elevation_m": -35.34,
        "photo_filename": "DSC00116.jpg",
        "photo_path": "1000GRMN/DSC00116.jpg",
        "surveyor_comment": "Turn out #21 (L/S)",
        "survey_date": "2023-10-19"
      }
    },
    {
      "type": "Feature",
      "geometry": {
        "type": "Point",
        "coordinates": [
          118.472617,
          9.317595
        ]
      },
      "properties": {
        "id": 830,
        "name": "MTO #22-L/S - LAT DS",
        "type": "Turnout",
        "Structure_Category": "Turnout (TO)",
        "canal_name": "LATERAL D-SOUTH",
        "station": "STA 2+585.4",
        "station_m": 2585.36,
        "offset_m": 0,
        "ele": -35.35,
        "desc": "",
        "comment": "Turn out #22 (L/S)",
        "images": "1000GRMN/DSC00117.jpg",
        "elevation_m": -35.35,
        "photo_filename": "DSC00117.jpg",
        "photo_path": "1000GRMN/DSC00117.jpg",
        "surveyor_comment": "Turn out #22 (L/S)",
        "survey_date": "2023-10-19"
      }
    },
    {
      "type": "Feature",
      "geometry": {
        "type": "Point",
        "coordinates": [
          118.443626,
          9.320867
        ]
      },
      "properties": {
        "id": 852,
        "name": "END EARTH CANAL/ START LINED CANAL",
        "type": "Station",
        "Structure_Category": "Other Structures",
        "canal_name": "LATERAL C-SOUTH",
        "station": "STA 1+190.5",
        "station_m": 1190.53,
        "offset_m": 0,
        "ele": 21.06,
        "desc": "",
        "comment": "",
        "images": "1000GRMN/DSC00023.jpg",
        "elevation_m": 21.06,
        "photo_filename": "DSC00023.jpg",
        "photo_path": "1000GRMN/DSC00023.jpg",
        "surveyor_comment": null,
        "survey_date": "2023-8-22"
      }
    },
    {
      "type": "Feature",
      "geometry": {
        "type": "Point",
        "coordinates": [
          118.443625,
          9.320846
        ]
      },
      "properties": {
        "id": 853,
        "name": "CART CROSSING",
        "type": "Thresher Crossing",
        "Structure_Category": "Thresher Crossing",
        "canal_name": "LATERAL C-SOUTH",
        "station": "STA 1+192.4",
        "station_m": 1192.43,
        "offset_m": 1.36,
        "ele": 21.06,
        "desc": "",
        "comment": "",
        "images": "1000GRMN/DSC00024.jpg",
        "elevation_m": 21.06,
        "photo_filename": "DSC00024.jpg",
        "photo_path": "1000GRMN/DSC00024.jpg",
        "surveyor_comment": null,
        "survey_date": "2023-8-22"
      }
    },
    {
      "type": "Feature",
      "geometry": {
        "type": "Point",
        "coordinates": [
          118.442531,
          9.31948
        ]
      },
      "properties": {
        "id": 858,
        "name": "THRESHER CROSSING",
        "type": "Thresher Crossing",
        "Structure_Category": "Thresher Crossing",
        "canal_name": "LATERAL C-SOUTH",
        "station": "STA 1+386.0",
        "station_m": 1386.01,
        "offset_m": 0,
        "ele": 21.03,
        "desc": "",
        "comment": "",
        "images": "1000GRMN/DSC00029.jpg",
        "elevation_m": 21.03,
        "photo_filename": "DSC00029.jpg",
        "photo_path": "1000GRMN/DSC00029.jpg",
        "surveyor_comment": null,
        "survey_date": "2023-8-22"
      }
    },
    {
      "type": "Feature",
      "geometry": {
        "type": "Point",
        "coordinates": [
          118.442511,
          9.319432
        ]
      },
      "properties": {
        "id": 859,
        "name": "END EARTH CANAL/ START LINED CANAL",
        "type": "Station",
        "Structure_Category": "Other Structures",
        "canal_name": "LATERAL C-SOUTH",
        "station": "STA 1+391.8",
        "station_m": 1391.77,
        "offset_m": 0,
        "ele": 21.03,
        "desc": "",
        "comment": "",
        "images": "1000GRMN/DSC00030.jpg",
        "elevation_m": 21.03,
        "photo_filename": "DSC00030.jpg",
        "photo_path": "1000GRMN/DSC00030.jpg",
        "surveyor_comment": null,
        "survey_date": "2023-8-22"
      }
    },
    {
      "type": "Feature",
      "geometry": {
        "type": "Point",
        "coordinates": [
          118.441935,
          9.318752
        ]
      },
      "properties": {
        "id": 860,
        "name": "DRAINAGE INLET",
        "type": "Drainage",
        "Structure_Category": "Drainage",
        "canal_name": "LATERAL C-SOUTH",
        "station": "STA 1+490.3",
        "station_m": 1490.29,
        "offset_m": 2.73,
        "ele": 21.03,
        "desc": "",
        "comment": "",
        "images": "1000GRMN/DSC00031.jpg",
        "elevation_m": 21.03,
        "photo_filename": "DSC00031.jpg",
        "photo_path": "1000GRMN/DSC00031.jpg",
        "surveyor_comment": null,
        "survey_date": "2023-8-22"
      }
    },
    {
      "type": "Feature",
      "geometry": {
        "type": "Point",
        "coordinates": [
          118.441897,
          9.318665
        ]
      },
      "properties": {
        "id": 861,
        "name": "END LINED CANAL/ START EARTH CANAL",
        "type": "Station",
        "Structure_Category": "Other Structures",
        "canal_name": "LATERAL C-SOUTH",
        "station": "STA 1+500.5",
        "station_m": 1500.45,
        "offset_m": 0,
        "ele": 21.03,
        "desc": "",
        "comment": "",
        "images": "1000GRMN/DSC00032.jpg",
        "elevation_m": 21.03,
        "photo_filename": "DSC00032.jpg",
        "photo_path": "1000GRMN/DSC00032.jpg",
        "surveyor_comment": null,
        "survey_date": "2023-8-22"
      }
    },
    {
      "type": "Feature",
      "geometry": {
        "type": "Point",
        "coordinates": [
          118.441108,
          9.317675
        ]
      },
      "properties": {
        "id": 862,
        "name": "THRESHER CROSSING",
        "type": "Thresher Crossing",
        "Structure_Category": "Thresher Crossing",
        "canal_name": "LATERAL C-SOUTH",
        "station": "STA 1+640.5",
        "station_m": 1640.48,
        "offset_m": 0,
        "ele": 21.03,
        "desc": "",
        "comment": "",
        "images": "1000GRMN/DSC00033.jpg",
        "elevation_m": 21.03,
        "photo_filename": "DSC00033.jpg",
        "photo_path": "1000GRMN/DSC00033.jpg",
        "surveyor_comment": null,
        "survey_date": "2023-8-22"
      }
    },
    {
      "type": "Feature",
      "geometry": {
        "type": "Point",
        "coordinates": [
          118.441,
          9.317548
        ]
      },
      "properties": {
        "id": 864,
        "name": "END EARTH CANAL/ START LINED CANAL",
        "type": "Station",
        "Structure_Category": "Other Structures",
        "canal_name": "LATERAL C-SOUTH",
        "station": "STA 1+658.9",
        "station_m": 1658.92,
        "offset_m": 0,
        "ele": 21.03,
        "desc": "",
        "comment": "",
        "images": "1000GRMN/DSC00035.jpg",
        "elevation_m": 21.03,
        "photo_filename": "DSC00035.jpg",
        "photo_path": "1000GRMN/DSC00035.jpg",
        "surveyor_comment": null,
        "survey_date": "2023-8-22"
      }
    },
    {
      "type": "Feature",
      "geometry": {
        "type": "Point",
        "coordinates": [
          118.440902,
          9.317481
        ]
      },
      "properties": {
        "id": 867,
        "name": "RCP CROSSING",
        "type": "Thresher Crossing",
        "Structure_Category": "Thresher Crossing",
        "canal_name": "LATERAL C-SOUTH",
        "station": "STA 1+671.3",
        "station_m": 1671.31,
        "offset_m": 4.25,
        "ele": 21.03,
        "desc": "",
        "comment": "",
        "images": "1000GRMN/DSC00038.jpg",
        "elevation_m": 21.03,
        "photo_filename": "DSC00038.jpg",
        "photo_path": "1000GRMN/DSC00038.jpg",
        "surveyor_comment": null,
        "survey_date": "2023-8-22"
      }
    },
    {
      "type": "Feature",
      "geometry": {
        "type": "Point",
        "coordinates": [
          118.440744,
          9.317184
        ]
      },
      "properties": {
        "id": 869,
        "name": "END LINED CANAL/ START EARTH CANAL",
        "type": "Station",
        "Structure_Category": "Other Structures",
        "canal_name": "LATERAL C-SOUTH",
        "station": "STA 1+708.2",
        "station_m": 1708.23,
        "offset_m": 0,
        "ele": 21.03,
        "desc": "",
        "comment": "",
        "images": "1000GRMN/DSC00040.jpg",
        "elevation_m": 21.03,
        "photo_filename": "DSC00040.jpg",
        "photo_path": "1000GRMN/DSC00040.jpg",
        "surveyor_comment": null,
        "survey_date": "2023-8-22"
      }
    },
    {
      "type": "Feature",
      "geometry": {
        "type": "Point",
        "coordinates": [
          118.440681,
          9.3171
        ]
      },
      "properties": {
        "id": 870,
        "name": "RCP CROSSING",
        "type": "Thresher Crossing",
        "Structure_Category": "Thresher Crossing",
        "canal_name": "LATERAL C-SOUTH",
        "station": "STA 1+719.8",
        "station_m": 1719.84,
        "offset_m": 0,
        "ele": 21.03,
        "desc": "",
        "comment": "",
        "images": "1000GRMN/DSC00041.jpg",
        "elevation_m": 21.03,
        "photo_filename": "DSC00041.jpg",
        "photo_path": "1000GRMN/DSC00041.jpg",
        "surveyor_comment": null,
        "survey_date": "2023-8-22"
      }
    },
    {
      "type": "Feature",
      "geometry": {
        "type": "Point",
        "coordinates": [
          118.440216,
          9.316553
        ]
      },
      "properties": {
        "id": 873,
        "name": "END EARTH CANAL/ START LINED CANAL",
        "type": "Station",
        "Structure_Category": "Other Structures",
        "canal_name": "LATERAL C-SOUTH",
        "station": "STA 1+799.2",
        "station_m": 1799.24,
        "offset_m": 0,
        "ele": 21.03,
        "desc": "",
        "comment": "",
        "images": "1000GRMN/DSC00044.jpg",
        "elevation_m": 21.03,
        "photo_filename": "DSC00044.jpg",
        "photo_path": "1000GRMN/DSC00044.jpg",
        "surveyor_comment": null,
        "survey_date": "2023-8-22"
      }
    },
    {
      "type": "Feature",
      "geometry": {
        "type": "Point",
        "coordinates": [
          118.44019,
          9.316513
        ]
      },
      "properties": {
        "id": 874,
        "name": "INCLINED DROP",
        "type": "Drop",
        "Structure_Category": "Drop",
        "canal_name": "LATERAL C-SOUTH",
        "station": "STA 1+803.9",
        "station_m": 1803.86,
        "offset_m": 2.56,
        "ele": 21.03,
        "desc": "",
        "comment": "",
        "images": "1000GRMN/DSC00045.jpg",
        "elevation_m": 21.03,
        "photo_filename": "DSC00045.jpg",
        "photo_path": "1000GRMN/DSC00045.jpg",
        "surveyor_comment": null,
        "survey_date": "2023-8-22"
      }
    },
    {
      "type": "Feature",
      "geometry": {
        "type": "Point",
        "coordinates": [
          118.44012,
          9.316502
        ]
      },
      "properties": {
        "id": 875,
        "name": "GROUTED RIPRAP",
        "type": "Station",
        "Structure_Category": "Other Structures",
        "canal_name": "LATERAL C-SOUTH",
        "station": "STA 1+811.2",
        "station_m": 1811.23,
        "offset_m": 0,
        "ele": 19,
        "desc": "",
        "comment": "",
        "images": "1000GRMN/DSC00047.jpg",
        "elevation_m": 19,
        "photo_filename": "DSC00047.jpg",
        "photo_path": "1000GRMN/DSC00047.jpg",
        "surveyor_comment": null,
        "survey_date": "2023-8-22"
      }
    },
    {
      "type": "Feature",
      "geometry": {
        "type": "Point",
        "coordinates": [
          118.439756,
          9.315489
        ]
      },
      "properties": {
        "id": 876,
        "name": "END GROUTED RIPRAP",
        "type": "Station",
        "Structure_Category": "Other Structures",
        "canal_name": "LATERAL C-SOUTH",
        "station": "STA 1+932.2",
        "station_m": 1932.25,
        "offset_m": 0,
        "ele": 19.01,
        "desc": "",
        "comment": "",
        "images": "1000GRMN/DSC00048.jpg",
        "elevation_m": 19.01,
        "photo_filename": "DSC00048.jpg",
        "photo_path": "1000GRMN/DSC00048.jpg",
        "surveyor_comment": null,
        "survey_date": "2023-8-22"
      }
    },
    {
      "type": "Feature",
      "geometry": {
        "type": "Point",
        "coordinates": [
          118.439577,
          9.314524
        ]
      },
      "properties": {
        "id": 878,
        "name": "INLET ROAD CROSSING",
        "type": "Road Crossing",
        "Structure_Category": "Road Crossing",
        "canal_name": "LATERAL C-SOUTH",
        "station": "STA 2+042.3",
        "station_m": 2042.33,
        "offset_m": 0,
        "ele": 19,
        "desc": "",
        "comment": "",
        "images": "1000GRMN/DSC00050.jpg",
        "elevation_m": 19,
        "photo_filename": "DSC00050.jpg",
        "photo_path": "1000GRMN/DSC00050.jpg",
        "surveyor_comment": null,
        "survey_date": "2023-8-22"
      }
    },
    {
      "type": "Feature",
      "geometry": {
        "type": "Point",
        "coordinates": [
          118.439535,
          9.314455
        ]
      },
      "properties": {
        "id": 879,
        "name": "OUTLET ROAD CROSSING",
        "type": "Road Crossing",
        "Structure_Category": "Road Crossing",
        "canal_name": "LATERAL C-SOUTH",
        "station": "STA 2+051.3",
        "station_m": 2051.27,
        "offset_m": 0,
        "ele": 19.01,
        "desc": "",
        "comment": "",
        "images": "1000GRMN/DSC00051.jpg",
        "elevation_m": 19.01,
        "photo_filename": "DSC00051.jpg",
        "photo_path": "1000GRMN/DSC00051.jpg",
        "surveyor_comment": null,
        "survey_date": "2023-8-22"
      }
    },
    {
      "type": "Feature",
      "geometry": {
        "type": "Point",
        "coordinates": [
          118.44174,
          9.311711
        ]
      },
      "properties": {
        "id": 883,
        "name": "RCP CROSSING/ END CHECK",
        "type": "Thresher Crossing",
        "Structure_Category": "Thresher Crossing",
        "canal_name": "LATERAL C-SOUTH",
        "station": "STA 2+477.4",
        "station_m": 2477.43,
        "offset_m": 0,
        "ele": 18.99,
        "desc": "",
        "comment": "",
        "images": "1000GRMN/DSC00055.jpg",
        "elevation_m": 18.99,
        "photo_filename": "DSC00055.jpg",
        "photo_path": "1000GRMN/DSC00055.jpg",
        "surveyor_comment": null,
        "survey_date": "2023-8-22"
      }
    },
    {
      "type": "Feature",
      "geometry": {
        "type": "Point",
        "coordinates": [
          118.454534,
          9.325721
        ]
      },
      "properties": {
        "id": 885,
        "name": "OUTLET RD CROSSING COMB. V-DROP",
        "type": "Road Crossing",
        "Structure_Category": "Road Crossing",
        "canal_name": "LATERAL D-SOUTH",
        "station": "STA 0+025.6",
        "station_m": 25.55,
        "offset_m": 0,
        "ele": 33.67,
        "desc": "",
        "comment": "",
        "images": "1000GRMN/DSC00057.jpg",
        "elevation_m": 33.67,
        "photo_filename": "DSC00057.jpg",
        "photo_path": "1000GRMN/DSC00057.jpg",
        "surveyor_comment": null,
        "survey_date": "2023-8-22"
      }
    },
    {
      "type": "Feature",
      "geometry": {
        "type": "Point",
        "coordinates": [
          118.454607,
          9.325721
        ]
      },
      "properties": {
        "id": 886,
        "name": "START EARTH CANAL",
        "type": "Station",
        "Structure_Category": "Other Structures",
        "canal_name": "LATERAL D-SOUTH",
        "station": "STA 0+033.6",
        "station_m": 33.59,
        "offset_m": 0,
        "ele": 33.91,
        "desc": "",
        "comment": "",
        "images": "1000GRMN/DSC00058.jpg",
        "elevation_m": 33.91,
        "photo_filename": "DSC00058.jpg",
        "photo_path": "1000GRMN/DSC00058.jpg",
        "surveyor_comment": null,
        "survey_date": "2023-8-22"
      }
    },
    {
      "type": "Feature",
      "geometry": {
        "type": "Point",
        "coordinates": [
          118.454637,
          9.325702
        ]
      },
      "properties": {
        "id": 887,
        "name": "END EARTH CANAL",
        "type": "Station",
        "Structure_Category": "Other Structures",
        "canal_name": "LATERAL D-SOUTH",
        "station": "STA 0+037.5",
        "station_m": 37.51,
        "offset_m": 0,
        "ele": 33.91,
        "desc": "",
        "comment": "",
        "images": "1000GRMN/DSC00059.jpg",
        "elevation_m": 33.91,
        "photo_filename": "DSC00059.jpg",
        "photo_path": "1000GRMN/DSC00059.jpg",
        "surveyor_comment": null,
        "survey_date": "2023-8-22"
      }
    },
    {
      "type": "Feature",
      "geometry": {
        "type": "Point",
        "coordinates": [
          118.454656,
          9.325676
        ]
      },
      "properties": {
        "id": 888,
        "name": "PARSHALL FLUME",
        "type": "Water Gauge",
        "Structure_Category": "Parshall Flume",
        "canal_name": "LATERAL D-SOUTH",
        "station": "STA 0+041.1",
        "station_m": 41.07,
        "offset_m": 0,
        "ele": 33.91,
        "desc": "",
        "comment": "",
        "images": "1000GRMN/DSC00060.jpg",
        "elevation_m": 33.91,
        "photo_filename": "DSC00060.jpg",
        "photo_path": "1000GRMN/DSC00060.jpg",
        "surveyor_comment": null,
        "survey_date": "2023-8-22"
      }
    },
    {
      "type": "Feature",
      "geometry": {
        "type": "Point",
        "coordinates": [
          118.454706,
          9.325673
        ]
      },
      "properties": {
        "id": 889,
        "name": "START EARTH CANAL",
        "type": "Station",
        "Structure_Category": "Other Structures",
        "canal_name": "LATERAL D-SOUTH",
        "station": "STA 0+046.6",
        "station_m": 46.59,
        "offset_m": 0,
        "ele": 33.91,
        "desc": "",
        "comment": "",
        "images": "1000GRMN/DSC00061.jpg",
        "elevation_m": 33.91,
        "photo_filename": "DSC00061.jpg",
        "photo_path": "1000GRMN/DSC00061.jpg",
        "surveyor_comment": null,
        "survey_date": "2023-8-22"
      }
    },
    {
      "type": "Feature",
      "geometry": {
        "type": "Point",
        "coordinates": [
          118.456797,
          9.324763
        ]
      },
      "properties": {
        "id": 891,
        "name": "START EARTH CANAL",
        "type": "Station",
        "Structure_Category": "Other Structures",
        "canal_name": "LATERAL D-SOUTH",
        "station": "STA 0+299.6",
        "station_m": 299.59,
        "offset_m": 0,
        "ele": 33.9,
        "desc": "",
        "comment": "",
        "images": "1000GRMN/DSC00063.jpg",
        "elevation_m": 33.9,
        "photo_filename": "DSC00063.jpg",
        "photo_path": "1000GRMN/DSC00063.jpg",
        "surveyor_comment": null,
        "survey_date": "2023-8-22"
      }
    },
    {
      "type": "Feature",
      "geometry": {
        "type": "Point",
        "coordinates": [
          118.458948,
          9.324098
        ]
      },
      "properties": {
        "id": 894,
        "name": "V-DROP STR. COMB. INLET ROAD CROSSING",
        "type": "Road Crossing",
        "Structure_Category": "Road Crossing",
        "canal_name": "LATERAL D-SOUTH",
        "station": "STA 0+550.5",
        "station_m": 550.5,
        "offset_m": 0,
        "ele": 31.26,
        "desc": "",
        "comment": "",
        "images": "1000GRMN/DSC00066.jpg",
        "elevation_m": 31.26,
        "photo_filename": "DSC00066.jpg",
        "photo_path": "1000GRMN/DSC00066.jpg",
        "surveyor_comment": null,
        "survey_date": "2023-8-22"
      }
    },
    {
      "type": "Feature",
      "geometry": {
        "type": "Point",
        "coordinates": [
          118.45913,
          9.323952
        ]
      },
      "properties": {
        "id": 895,
        "name": "OUTLET ROAD CROSSING\"NAT'L H-WAY\"",
        "type": "Road Crossing",
        "Structure_Category": "Road Crossing",
        "canal_name": "LATERAL D-SOUTH",
        "station": "STA 0+576.3",
        "station_m": 576.26,
        "offset_m": 0.36,
        "ele": 31.26,
        "desc": "",
        "comment": "",
        "images": "1000GRMN/DSC00067.jpg",
        "elevation_m": 31.26,
        "photo_filename": "DSC00067.jpg",
        "photo_path": "1000GRMN/DSC00067.jpg",
        "surveyor_comment": null,
        "survey_date": "2023-8-22"
      }
    },
    {
      "type": "Feature",
      "geometry": {
        "type": "Point",
        "coordinates": [
          118.459131,
          9.323947
        ]
      },
      "properties": {
        "id": 896,
        "name": "START EARTH CANAL",
        "type": "Station",
        "Structure_Category": "Other Structures",
        "canal_name": "LATERAL D-SOUTH",
        "station": "STA 0+576.7",
        "station_m": 576.7,
        "offset_m": 0,
        "ele": 31.26,
        "desc": "",
        "comment": "",
        "images": "1000GRMN/DSC00068.jpg",
        "elevation_m": 31.26,
        "photo_filename": "DSC00068.jpg",
        "photo_path": "1000GRMN/DSC00068.jpg",
        "surveyor_comment": null,
        "survey_date": "2023-8-22"
      }
    },
    {
      "type": "Feature",
      "geometry": {
        "type": "Point",
        "coordinates": [
          118.461715,
          9.32337
        ]
      },
      "properties": {
        "id": 898,
        "name": "RCP CROSSING",
        "type": "Thresher Crossing",
        "Structure_Category": "Thresher Crossing",
        "canal_name": "LATERAL D-SOUTH",
        "station": "STA 0+904.0",
        "station_m": 904.03,
        "offset_m": 2.35,
        "ele": 31.26,
        "desc": "",
        "comment": "",
        "images": "1000GRMN/DSC00070.jpg",
        "elevation_m": 31.26,
        "photo_filename": "DSC00070.jpg",
        "photo_path": "1000GRMN/DSC00070.jpg",
        "surveyor_comment": null,
        "survey_date": "2023-8-22"
      }
    },
    {
      "type": "Feature",
      "geometry": {
        "type": "Point",
        "coordinates": [
          118.461745,
          9.323355
        ]
      },
      "properties": {
        "id": 899,
        "name": "START EARTH CANAL",
        "type": "Station",
        "Structure_Category": "Other Structures",
        "canal_name": "LATERAL D-SOUTH",
        "station": "STA 0+906.9",
        "station_m": 906.89,
        "offset_m": 0,
        "ele": 31.26,
        "desc": "",
        "comment": "",
        "images": "1000GRMN/DSC00071.jpg",
        "elevation_m": 31.26,
        "photo_filename": "DSC00071.jpg",
        "photo_path": "1000GRMN/DSC00071.jpg",
        "surveyor_comment": null,
        "survey_date": "2023-8-22"
      }
    },
    {
      "type": "Feature",
      "geometry": {
        "type": "Point",
        "coordinates": [
          118.456828,
          9.35347
        ]
      },
      "properties": {
        "id": 906,
        "name": "DRAINAGE INLET",
        "type": "Drainage",
        "Structure_Category": "Drainage",
        "canal_name": "NORTH MAIN CANAL",
        "station": "STA 6+000.2",
        "station_m": 6000.24,
        "offset_m": 6.98,
        "ele": -3.39,
        "desc": "",
        "comment": "",
        "images": "1000GRMN/DSC00040.jpg",
        "elevation_m": -3.39,
        "photo_filename": "DSC00040.jpg",
        "photo_path": "1000GRMN/DSC00040.jpg",
        "surveyor_comment": null,
        "survey_date": "2023-8-24"
      }
    },
    {
      "type": "Feature",
      "geometry": {
        "type": "Point",
        "coordinates": [
          118.46001,
          9.348253
        ]
      },
      "properties": {
        "id": 915,
        "name": "UNAUTHORIZED TURNOUT",
        "type": "Unauthorized Turnout",
        "Structure_Category": "Turnout (TO)",
        "canal_name": "NORTH MAIN CANAL",
        "station": "STA 6+676.6",
        "station_m": 6676.64,
        "offset_m": 7.73,
        "ele": -3.41,
        "desc": "",
        "comment": "",
        "images": "1000GRMN/DSC00049.jpg",
        "elevation_m": -3.41,
        "photo_filename": "DSC00049.jpg",
        "photo_path": "1000GRMN/DSC00049.jpg",
        "surveyor_comment": null,
        "survey_date": "2023-8-24"
      }
    },
    {
      "type": "Feature",
      "geometry": {
        "type": "Point",
        "coordinates": [
          118.460278,
          9.34785
        ]
      },
      "properties": {
        "id": 916,
        "name": "UNAUTHORIZED TURNOUT",
        "type": "Unauthorized Turnout",
        "Structure_Category": "Turnout (TO)",
        "canal_name": "NORTH MAIN CANAL",
        "station": "STA 6+731.2",
        "station_m": 6731.24,
        "offset_m": 5.69,
        "ele": -3.4,
        "desc": "",
        "comment": "",
        "images": "1000GRMN/DSC00050.jpg",
        "elevation_m": -3.4,
        "photo_filename": "DSC00050.jpg",
        "photo_path": "1000GRMN/DSC00050.jpg",
        "surveyor_comment": null,
        "survey_date": "2023-8-24"
      }
    },
    {
      "type": "Feature",
      "geometry": {
        "type": "Point",
        "coordinates": [
          118.460492,
          9.347563
        ]
      },
      "properties": {
        "id": 917,
        "name": "UNAUTHORIZED TURNOUT",
        "type": "Unauthorized Turnout",
        "Structure_Category": "Turnout (TO)",
        "canal_name": "NORTH MAIN CANAL",
        "station": "STA 6+770.8",
        "station_m": 6770.84,
        "offset_m": 4.82,
        "ele": -3.4,
        "desc": "",
        "comment": "",
        "images": "1000GRMN/DSC00051.jpg",
        "elevation_m": -3.4,
        "photo_filename": "DSC00051.jpg",
        "photo_path": "1000GRMN/DSC00051.jpg",
        "surveyor_comment": null,
        "survey_date": "2023-8-24"
      }
    },
    {
      "type": "Feature",
      "geometry": {
        "type": "Point",
        "coordinates": [
          118.464584,
          9.344465
        ]
      },
      "properties": {
        "id": 920,
        "name": "UNAUTHORIZED TURNOUT",
        "type": "Unauthorized Turnout",
        "Structure_Category": "Turnout (TO)",
        "canal_name": "NORTH MAIN CANAL",
        "station": "STA 7+365.2",
        "station_m": 7365.23,
        "offset_m": 0,
        "ele": 0.61,
        "desc": "",
        "comment": "",
        "images": "1000GRMN/DSC00054.jpg",
        "elevation_m": 0.61,
        "photo_filename": "DSC00054.jpg",
        "photo_path": "1000GRMN/DSC00054.jpg",
        "surveyor_comment": null,
        "survey_date": "2023-8-24"
      }
    },
    {
      "type": "Feature",
      "geometry": {
        "type": "Point",
        "coordinates": [
          118.465388,
          9.344324
        ]
      },
      "properties": {
        "id": 921,
        "name": "DRAINAGE CROSSING",
        "type": "Drainage",
        "Structure_Category": "Drainage",
        "canal_name": "NORTH MAIN CANAL",
        "station": "STA 7+455.2",
        "station_m": 7455.16,
        "offset_m": 0,
        "ele": -0.81,
        "desc": "",
        "comment": "",
        "images": "1000GRMN/DSC00055.jpg",
        "elevation_m": -0.81,
        "photo_filename": "DSC00055.jpg",
        "photo_path": "1000GRMN/DSC00055.jpg",
        "surveyor_comment": null,
        "survey_date": "2023-8-24"
      }
    },
    {
      "type": "Feature",
      "geometry": {
        "type": "Point",
        "coordinates": [
          118.467202,
          9.343983
        ]
      },
      "properties": {
        "id": 922,
        "name": "UNAUTHORIZED TURNOUT",
        "type": "Unauthorized Turnout",
        "Structure_Category": "Turnout (TO)",
        "canal_name": "NORTH MAIN CANAL",
        "station": "STA 7+658.5",
        "station_m": 7658.51,
        "offset_m": 0.71,
        "ele": -0.82,
        "desc": "",
        "comment": "",
        "images": "1000GRMN/DSC00056.jpg",
        "elevation_m": -0.82,
        "photo_filename": "DSC00056.jpg",
        "photo_path": "1000GRMN/DSC00056.jpg",
        "surveyor_comment": null,
        "survey_date": "2023-8-24"
      }
    },
    {
      "type": "Feature",
      "geometry": {
        "type": "Point",
        "coordinates": [
          118.443469,
          9.320643
        ]
      },
      "properties": {
        "id": 854,
        "name": "MTO #5-L/S-LAT CS",
        "type": "Turnout",
        "Structure_Category": "Turnout (TO)",
        "canal_name": "LATERAL C-SOUTH",
        "station": "STA 1+220.7",
        "station_m": 1220.74,
        "offset_m": 1.9,
        "ele": 21.61,
        "desc": "",
        "comment": "",
        "images": "1000GRMN/DSC00025.jpg",
        "elevation_m": 21.61,
        "photo_filename": "DSC00025.jpg",
        "photo_path": "1000GRMN/DSC00025.jpg",
        "surveyor_comment": null,
        "survey_date": "2023-8-22"
      }
    },
    {
      "type": "Feature",
      "geometry": {
        "type": "Point",
        "coordinates": [
          118.442898,
          9.319903
        ]
      },
      "properties": {
        "id": 856,
        "name": "MTO #6-L/S-LAT CS",
        "type": "Turnout",
        "Structure_Category": "Turnout (TO)",
        "canal_name": "LATERAL C-SOUTH",
        "station": "STA 1+324.2",
        "station_m": 1324.15,
        "offset_m": 3,
        "ele": 21.03,
        "desc": "",
        "comment": "",
        "images": "1000GRMN/DSC00027.jpg",
        "elevation_m": 21.03,
        "photo_filename": "DSC00027.jpg",
        "photo_path": "1000GRMN/DSC00027.jpg",
        "surveyor_comment": null,
        "survey_date": "2023-8-22"
      }
    },
    {
      "type": "Feature",
      "geometry": {
        "type": "Point",
        "coordinates": [
          118.442593,
          9.319612
        ]
      },
      "properties": {
        "id": 857,
        "name": "MTO #7-L/S-LAT CS",
        "type": "Turnout",
        "Structure_Category": "Turnout (TO)",
        "canal_name": "LATERAL C-SOUTH",
        "station": "STA 1+370.3",
        "station_m": 1370.27,
        "offset_m": 3.62,
        "ele": 21.03,
        "desc": "",
        "comment": "",
        "images": "1000GRMN/DSC00028.jpg",
        "elevation_m": 21.03,
        "photo_filename": "DSC00028.jpg",
        "photo_path": "1000GRMN/DSC00028.jpg",
        "surveyor_comment": null,
        "survey_date": "2023-8-22"
      }
    },
    {
      "type": "Feature",
      "geometry": {
        "type": "Point",
        "coordinates": [
          118.441004,
          9.317564
        ]
      },
      "properties": {
        "id": 863,
        "name": "MTO #8-L/S-LAT CS",
        "type": "Turnout",
        "Structure_Category": "Turnout (TO)",
        "canal_name": "LATERAL C-SOUTH",
        "station": "STA 1+657.3",
        "station_m": 1657.28,
        "offset_m": 0.81,
        "ele": 21.03,
        "desc": "",
        "comment": "",
        "images": "1000GRMN/DSC00034.jpg",
        "elevation_m": 21.03,
        "photo_filename": "DSC00034.jpg",
        "photo_path": "1000GRMN/DSC00034.jpg",
        "surveyor_comment": null,
        "survey_date": "2023-8-22"
      }
    },
    {
      "type": "Feature",
      "geometry": {
        "type": "Point",
        "coordinates": [
          118.440925,
          9.317445
        ]
      },
      "properties": {
        "id": 865,
        "name": "MTO #9-L/S-LAT CS",
        "type": "Turnout",
        "Structure_Category": "Turnout (TO)",
        "canal_name": "LATERAL C-SOUTH",
        "station": "STA 1+673.0",
        "station_m": 1673.01,
        "offset_m": 0.16,
        "ele": 21.03,
        "desc": "",
        "comment": "",
        "images": "1000GRMN/DSC00036.jpg",
        "elevation_m": 21.03,
        "photo_filename": "DSC00036.jpg",
        "photo_path": "1000GRMN/DSC00036.jpg",
        "surveyor_comment": null,
        "survey_date": "2023-8-22"
      }
    },
    {
      "type": "Feature",
      "geometry": {
        "type": "Point",
        "coordinates": [
          118.440915,
          9.317449
        ]
      },
      "properties": {
        "id": 866,
        "name": "MTO #10-L/S-LAT CS",
        "type": "Turnout",
        "Structure_Category": "Turnout (TO)",
        "canal_name": "LATERAL C-SOUTH",
        "station": "STA 1+673.3",
        "station_m": 1673.31,
        "offset_m": 0.99,
        "ele": 21.03,
        "desc": "",
        "comment": "",
        "images": "1000GRMN/DSC00037.jpg",
        "elevation_m": 21.03,
        "photo_filename": "DSC00037.jpg",
        "photo_path": "1000GRMN/DSC00037.jpg",
        "surveyor_comment": null,
        "survey_date": "2023-8-22"
      }
    },
    {
      "type": "Feature",
      "geometry": {
        "type": "Point",
        "coordinates": [
          118.44019,
          9.316503
        ]
      },
      "properties": {
        "id": 872,
        "name": "MTO #12-R/S-LAT CS",
        "type": "Turnout",
        "Structure_Category": "Turnout (TO)",
        "canal_name": "LATERAL C-SOUTH",
        "station": "STA 1+804.4",
        "station_m": 1804.38,
        "offset_m": 3.54,
        "ele": 21.03,
        "desc": "",
        "comment": "",
        "images": "1000GRMN/DSC00043.jpg",
        "elevation_m": 21.03,
        "photo_filename": "DSC00043.jpg",
        "photo_path": "1000GRMN/DSC00043.jpg",
        "surveyor_comment": null,
        "survey_date": "2023-8-22"
      }
    },
    {
      "type": "Feature",
      "geometry": {
        "type": "Point",
        "coordinates": [
          118.439609,
          9.314646
        ]
      },
      "properties": {
        "id": 877,
        "name": "MTO #13-L/S-LAT CS",
        "type": "Turnout",
        "Structure_Category": "Turnout (TO)",
        "canal_name": "LATERAL C-SOUTH",
        "station": "STA 2+028.4",
        "station_m": 2028.42,
        "offset_m": 3.67,
        "ele": 19.01,
        "desc": "",
        "comment": "",
        "images": "1000GRMN/DSC00049.jpg",
        "elevation_m": 19.01,
        "photo_filename": "DSC00049.jpg",
        "photo_path": "1000GRMN/DSC00049.jpg",
        "surveyor_comment": null,
        "survey_date": "2023-8-22"
      }
    },
    {
      "type": "Feature",
      "geometry": {
        "type": "Point",
        "coordinates": [
          118.439395,
          9.31431
        ]
      },
      "properties": {
        "id": 880,
        "name": "MTO #14-R/S-LAT CS",
        "type": "Turnout",
        "Structure_Category": "Turnout (TO)",
        "canal_name": "LATERAL C-SOUTH",
        "station": "STA 2+073.1",
        "station_m": 2073.12,
        "offset_m": 3,
        "ele": 19.01,
        "desc": "",
        "comment": "",
        "images": "1000GRMN/DSC00052.jpg",
        "elevation_m": 19.01,
        "photo_filename": "DSC00052.jpg",
        "photo_path": "1000GRMN/DSC00052.jpg",
        "surveyor_comment": null,
        "survey_date": "2023-8-22"
      }
    },
    {
      "type": "Feature",
      "geometry": {
        "type": "Point",
        "coordinates": [
          118.441019,
          9.312572
        ]
      },
      "properties": {
        "id": 882,
        "name": "MTO #16-R/S-LAT CS",
        "type": "Turnout",
        "Structure_Category": "Turnout (TO)",
        "canal_name": "LATERAL C-SOUTH",
        "station": "STA 2+346.4",
        "station_m": 2346.45,
        "offset_m": 4.14,
        "ele": 19,
        "desc": "",
        "comment": "",
        "images": "1000GRMN/DSC00054.jpg",
        "elevation_m": 19,
        "photo_filename": "DSC00054.jpg",
        "photo_path": "1000GRMN/DSC00054.jpg",
        "surveyor_comment": null,
        "survey_date": "2023-8-22"
      }
    },
    {
      "type": "Feature",
      "geometry": {
        "type": "Point",
        "coordinates": [
          118.460779,
          9.347078
        ]
      },
      "properties": {
        "id": 918,
        "name": "DMTO#19-R/S-NMC",
        "type": "Turnout",
        "Structure_Category": "Turnout (TO)",
        "canal_name": "NORTH MAIN CANAL",
        "station": "STA 6+832.7",
        "station_m": 6832.72,
        "offset_m": 3.14,
        "ele": 0.63,
        "desc": "",
        "comment": "",
        "images": "1000GRMN/DSC00052.jpg",
        "elevation_m": 0.63,
        "photo_filename": "DSC00052.jpg",
        "photo_path": "1000GRMN/DSC00052.jpg",
        "surveyor_comment": null,
        "survey_date": "2023-8-24"
      }
    },
    {
      "type": "Feature",
      "geometry": {
        "type": "Point",
        "coordinates": [
          118.467541,
          9.343927
        ]
      },
      "properties": {
        "id": 923,
        "name": "DMTO#20-L/S-NMC",
        "type": "Turnout",
        "Structure_Category": "Turnout (TO)",
        "canal_name": "NORTH MAIN CANAL",
        "station": "STA 7+696.4",
        "station_m": 7696.36,
        "offset_m": 0,
        "ele": -0.82,
        "desc": "",
        "comment": "",
        "images": "1000GRMN/DSC00057.jpg",
        "elevation_m": -0.82,
        "photo_filename": "DSC00057.jpg",
        "photo_path": "1000GRMN/DSC00057.jpg",
        "surveyor_comment": null,
        "survey_date": "2023-8-24"
      }
    },
    {
      "type": "Feature",
      "geometry": {
        "type": "Point",
        "coordinates": [
          118.468222,
          9.343601
        ]
      },
      "properties": {
        "id": 924,
        "name": "DMTO#21-R/S-NMC",
        "type": "Turnout",
        "Structure_Category": "Turnout (TO)",
        "canal_name": "NORTH MAIN CANAL",
        "station": "STA 7+779.5",
        "station_m": 7779.54,
        "offset_m": 3.7,
        "ele": -0.82,
        "desc": "",
        "comment": "",
        "images": "1000GRMN/DSC00058.jpg",
        "elevation_m": -0.82,
        "photo_filename": "DSC00058.jpg",
        "photo_path": "1000GRMN/DSC00058.jpg",
        "surveyor_comment": null,
        "survey_date": "2023-8-24"
      }
    },
    {
      "type": "Feature",
      "geometry": {
        "type": "Point",
        "coordinates": [
          118.458962,
          9.324155
        ]
      },
      "properties": {
        "id": 892,
        "name": "MTO #1-L/S - LAT DS",
        "type": "Turnout",
        "Structure_Category": "Turnout (TO)",
        "canal_name": "LATERAL D-SOUTH",
        "station": "STA 0+547.6",
        "station_m": 547.6,
        "offset_m": 5.83,
        "ele": 31.26,
        "desc": "",
        "comment": "",
        "images": "1000GRMN/DSC00064.jpg",
        "elevation_m": 31.26,
        "photo_filename": "DSC00064.jpg",
        "photo_path": "1000GRMN/DSC00064.jpg",
        "surveyor_comment": null,
        "survey_date": "2023-8-22"
      }
    },
    {
      "type": "Feature",
      "geometry": {
        "type": "Point",
        "coordinates": [
          118.458943,
          9.324108
        ]
      },
      "properties": {
        "id": 893,
        "name": "MTO #2-R/S - LAT DS",
        "type": "Turnout",
        "Structure_Category": "Turnout (TO)",
        "canal_name": "LATERAL D-SOUTH",
        "station": "STA 0+549.4",
        "station_m": 549.36,
        "offset_m": 0.49,
        "ele": 31.26,
        "desc": "",
        "comment": "",
        "images": "1000GRMN/DSC00065.jpg",
        "elevation_m": 31.26,
        "photo_filename": "DSC00065.jpg",
        "photo_path": "1000GRMN/DSC00065.jpg",
        "surveyor_comment": null,
        "survey_date": "2023-8-22"
      }
    },
    {
      "type": "Feature",
      "geometry": {
        "type": "Point",
        "coordinates": [
          118.462661,
          9.323592
        ]
      },
      "properties": {
        "id": 900,
        "name": "MTO #4-R/S - LAT DS",
        "type": "Turnout",
        "Structure_Category": "Turnout (TO)",
        "canal_name": "LATERAL D-SOUTH",
        "station": "STA 1+011.1",
        "station_m": 1011.15,
        "offset_m": 0,
        "ele": 31.26,
        "desc": "",
        "comment": "",
        "images": "1000GRMN/DSC00072.jpg",
        "elevation_m": 31.26,
        "photo_filename": "DSC00072.jpg",
        "photo_path": "1000GRMN/DSC00072.jpg",
        "surveyor_comment": null,
        "survey_date": "2023-8-22"
      }
    },
    {
      "type": "Feature",
      "geometry": {
        "type": "Point",
        "coordinates": [
          118.464166,
          9.323924
        ]
      },
      "properties": {
        "id": 901,
        "name": "MTO #5-L/S - LAT DS",
        "type": "Turnout",
        "Structure_Category": "Turnout (TO)",
        "canal_name": "LATERAL D-SOUTH",
        "station": "STA 1+180.9",
        "station_m": 1180.91,
        "offset_m": 1.23,
        "ele": 31.25,
        "desc": "",
        "comment": "",
        "images": "1000GRMN/DSC00073.jpg",
        "elevation_m": 31.25,
        "photo_filename": "DSC00073.jpg",
        "photo_path": "1000GRMN/DSC00073.jpg",
        "surveyor_comment": null,
        "survey_date": "2023-8-22"
      }
    },
    {
      "type": "Feature",
      "geometry": {
        "type": "Point",
        "coordinates": [
          118.468258,
          9.343622
        ]
      },
      "properties": {
        "id": 925,
        "name": "THRESHER CROSSING COMB. V-DROP",
        "type": "Thresher Crossing",
        "Structure_Category": "Thresher Crossing",
        "canal_name": "NORTH MAIN CANAL",
        "station": "STA 7+782.3",
        "station_m": 7782.27,
        "offset_m": 0,
        "ele": -0.82,
        "desc": "",
        "comment": "",
        "images": "1000GRMN/DSC00059.jpg",
        "elevation_m": -0.82,
        "photo_filename": "DSC00059.jpg",
        "photo_path": "1000GRMN/DSC00059.jpg",
        "surveyor_comment": null,
        "survey_date": "2023-8-24"
      }
    },
    {
      "type": "Feature",
      "geometry": {
        "type": "Point",
        "coordinates": [
          118.468358,
          9.343594
        ]
      },
      "properties": {
        "id": 926,
        "name": "DRAINAGE INLET",
        "type": "Drainage",
        "Structure_Category": "Drainage",
        "canal_name": "NORTH MAIN CANAL",
        "station": "STA 7+793.7",
        "station_m": 7793.71,
        "offset_m": 0,
        "ele": -0.82,
        "desc": "",
        "comment": "",
        "images": "1000GRMN/DSC00060.jpg",
        "elevation_m": -0.82,
        "photo_filename": "DSC00060.jpg",
        "photo_path": "1000GRMN/DSC00060.jpg",
        "surveyor_comment": null,
        "survey_date": "2023-8-24"
      }
    },
    {
      "type": "Feature",
      "geometry": {
        "type": "Point",
        "coordinates": [
          118.470977,
          9.342367
        ]
      },
      "properties": {
        "id": 927,
        "name": "UNAUTHORIZED TURNOUT",
        "type": "Unauthorized Turnout",
        "Structure_Category": "Turnout (TO)",
        "canal_name": "NORTH MAIN CANAL",
        "station": "STA 8+112.7",
        "station_m": 8112.67,
        "offset_m": 0,
        "ele": 8.75,
        "desc": "",
        "comment": "",
        "images": "1000GRMN/DSC00061.jpg",
        "elevation_m": 8.75,
        "photo_filename": "DSC00061.jpg",
        "photo_path": "1000GRMN/DSC00061.jpg",
        "surveyor_comment": null,
        "survey_date": "2023-8-24"
      }
    },
    {
      "type": "Feature",
      "geometry": {
        "type": "Point",
        "coordinates": [
          118.474021,
          9.341528
        ]
      },
      "properties": {
        "id": 932,
        "name": "CHECK STRUCTURE",
        "type": "Check Structure",
        "Structure_Category": "Check Gate",
        "canal_name": "NORTH MAIN CANAL",
        "station": "STA 8+501.8",
        "station_m": 8501.78,
        "offset_m": 0,
        "ele": 8.75,
        "desc": "",
        "comment": "",
        "images": "1000GRMN/DSC00066.jpg",
        "elevation_m": 8.75,
        "photo_filename": "DSC00066.jpg",
        "photo_path": "1000GRMN/DSC00066.jpg",
        "surveyor_comment": null,
        "survey_date": "2023-8-24"
      }
    },
    {
      "type": "Feature",
      "geometry": {
        "type": "Point",
        "coordinates": [
          118.474026,
          9.341547
        ]
      },
      "properties": {
        "id": 930,
        "name": "HEAD GATE LAT-CN",
        "type": "Head Gate",
        "Structure_Category": "Head Gate",
        "canal_name": "LATERAL C-NORTH",
        "station": "STA 0+000.0",
        "station_m": 0,
        "offset_m": 0,
        "ele": 8.75,
        "desc": "",
        "comment": "",
        "images": "1000GRMN/DSC00064.jpg",
        "elevation_m": 8.75,
        "photo_filename": "DSC00064.jpg",
        "photo_path": "1000GRMN/DSC00064.jpg",
        "surveyor_comment": null,
        "survey_date": "2023-8-24"
      }
    },
    {
      "type": "Feature",
      "geometry": {
        "type": "Point",
        "coordinates": [
          118.474042,
          9.34162
        ]
      },
      "properties": {
        "id": 944,
        "name": "ROAD CROSSING",
        "type": "Road Crossing",
        "Structure_Category": "Road Crossing",
        "canal_name": "LATERAL C-NORTH",
        "station": "STA 0+008.3",
        "station_m": 8.29,
        "offset_m": 0,
        "ele": 6.77,
        "desc": "",
        "comment": "",
        "images": "1000GRMN/DSC00078.jpg",
        "elevation_m": 6.77,
        "photo_filename": "DSC00078.jpg",
        "photo_path": "1000GRMN/DSC00078.jpg",
        "surveyor_comment": null,
        "survey_date": "2023-8-24"
      }
    },
    {
      "type": "Feature",
      "geometry": {
        "type": "Point",
        "coordinates": [
          118.474182,
          9.341814
        ]
      },
      "properties": {
        "id": 945,
        "name": "PARSHALL FLUME",
        "type": "Water Gauge",
        "Structure_Category": "Parshall Flume",
        "canal_name": "LATERAL C-NORTH",
        "station": "STA 0+034.8",
        "station_m": 34.75,
        "offset_m": 0,
        "ele": 7.15,
        "desc": "",
        "comment": "",
        "images": "1000GRMN/DSC00079.jpg",
        "elevation_m": 7.15,
        "photo_filename": "DSC00079.jpg",
        "photo_path": "1000GRMN/DSC00079.jpg",
        "surveyor_comment": null,
        "survey_date": "2023-8-24"
      }
    },
    {
      "type": "Feature",
      "geometry": {
        "type": "Point",
        "coordinates": [
          118.474674,
          9.34242
        ]
      },
      "properties": {
        "id": 946,
        "name": "DRAINAGE CROSSING",
        "type": "Drainage",
        "Structure_Category": "Drainage",
        "canal_name": "LATERAL C-NORTH",
        "station": "STA 0+121.1",
        "station_m": 121.09,
        "offset_m": 0,
        "ele": 7.15,
        "desc": "",
        "comment": "",
        "images": "1000GRMN/DSC00080.jpg",
        "elevation_m": 7.15,
        "photo_filename": "DSC00080.jpg",
        "photo_path": "1000GRMN/DSC00080.jpg",
        "surveyor_comment": null,
        "survey_date": "2023-8-24"
      }
    },
    {
      "type": "Feature",
      "geometry": {
        "type": "Point",
        "coordinates": [
          118.475572,
          9.343559
        ]
      },
      "properties": {
        "id": 947,
        "name": "BULLCART CROSSING",
        "type": "Thresher Crossing",
        "Structure_Category": "Thresher Crossing",
        "canal_name": "LATERAL C-NORTH",
        "station": "STA 0+281.5",
        "station_m": 281.52,
        "offset_m": 0,
        "ele": 5.88,
        "desc": "",
        "comment": "",
        "images": "1000GRMN/DSC00081.jpg",
        "elevation_m": 5.88,
        "photo_filename": "DSC00081.jpg",
        "photo_path": "1000GRMN/DSC00081.jpg",
        "surveyor_comment": null,
        "survey_date": "2023-8-24"
      }
    },
    {
      "type": "Feature",
      "geometry": {
        "type": "Point",
        "coordinates": [
          118.476479,
          9.34012
        ]
      },
      "properties": {
        "id": 935,
        "name": "BULLCART CROSSING",
        "type": "Thresher Crossing",
        "Structure_Category": "Thresher Crossing",
        "canal_name": "NORTH MAIN CANAL",
        "station": "STA 8+814.8",
        "station_m": 8814.83,
        "offset_m": 0,
        "ele": 5.6,
        "desc": "",
        "comment": "",
        "images": "1000GRMN/DSC00069.jpg",
        "elevation_m": 5.6,
        "photo_filename": "DSC00069.jpg",
        "photo_path": "1000GRMN/DSC00069.jpg",
        "surveyor_comment": null,
        "survey_date": "2023-8-24"
      }
    },
    {
      "type": "Feature",
      "geometry": {
        "type": "Point",
        "coordinates": [
          118.477411,
          9.344519
        ]
      },
      "properties": {
        "id": 950,
        "name": "UNAUTHORIZED TURNOUT",
        "type": "Unauthorized Turnout",
        "Structure_Category": "Turnout (TO)",
        "canal_name": "LATERAL C-NORTH",
        "station": "STA 0+524.2",
        "station_m": 524.19,
        "offset_m": 1.32,
        "ele": 5.87,
        "desc": "",
        "comment": "",
        "images": "1000GRMN/DSC00084.jpg",
        "elevation_m": 5.87,
        "photo_filename": "DSC00084.jpg",
        "photo_path": "1000GRMN/DSC00084.jpg",
        "surveyor_comment": null,
        "survey_date": "2023-8-24"
      }
    },
    {
      "type": "Feature",
      "geometry": {
        "type": "Point",
        "coordinates": [
          118.477484,
          9.344535
        ]
      },
      "properties": {
        "id": 951,
        "name": "RCP CROSSING COMB. V-DROP",
        "type": "Thresher Crossing",
        "Structure_Category": "Thresher Crossing",
        "canal_name": "LATERAL C-NORTH",
        "station": "STA 0+532.3",
        "station_m": 532.32,
        "offset_m": 0,
        "ele": 5.87,
        "desc": "",
        "comment": "",
        "images": "1000GRMN/DSC00085.jpg",
        "elevation_m": 5.87,
        "photo_filename": "DSC00085.jpg",
        "photo_path": "1000GRMN/DSC00085.jpg",
        "surveyor_comment": null,
        "survey_date": "2023-8-24"
      }
    },
    {
      "type": "Feature",
      "geometry": {
        "type": "Point",
        "coordinates": [
          118.478936,
          9.344557
        ]
      },
      "properties": {
        "id": 952,
        "name": "BULLCART CROSSING",
        "type": "Thresher Crossing",
        "Structure_Category": "Thresher Crossing",
        "canal_name": "LATERAL C-NORTH",
        "station": "STA 0+692.3",
        "station_m": 692.27,
        "offset_m": 0,
        "ele": 5.86,
        "desc": "",
        "comment": "",
        "images": "1000GRMN/DSC00086.jpg",
        "elevation_m": 5.86,
        "photo_filename": "DSC00086.jpg",
        "photo_path": "1000GRMN/DSC00086.jpg",
        "surveyor_comment": null,
        "survey_date": "2023-8-24"
      }
    },
    {
      "type": "Feature",
      "geometry": {
        "type": "Point",
        "coordinates": [
          118.480609,
          9.344177
        ]
      },
      "properties": {
        "id": 953,
        "name": "RCP ROAD CROSSING",
        "type": "Thresher Crossing",
        "Structure_Category": "Thresher Crossing",
        "canal_name": "LATERAL C-NORTH",
        "station": "STA 0+881.3",
        "station_m": 881.29,
        "offset_m": 0,
        "ele": 5.87,
        "desc": "",
        "comment": "",
        "images": "1000GRMN/DSC00088.jpg",
        "elevation_m": 5.87,
        "photo_filename": "DSC00088.jpg",
        "photo_path": "1000GRMN/DSC00088.jpg",
        "surveyor_comment": null,
        "survey_date": "2023-8-24"
      }
    },
    {
      "type": "Feature",
      "geometry": {
        "type": "Point",
        "coordinates": [
          118.481287,
          9.343995
        ]
      },
      "properties": {
        "id": 954,
        "name": "DRAINAGE CROSSING",
        "type": "Drainage",
        "Structure_Category": "Drainage",
        "canal_name": "LATERAL C-NORTH",
        "station": "STA 0+958.5",
        "station_m": 958.51,
        "offset_m": 4.74,
        "ele": 5.86,
        "desc": "",
        "comment": "",
        "images": "1000GRMN/DSC00089.jpg",
        "elevation_m": 5.86,
        "photo_filename": "DSC00089.jpg",
        "photo_path": "1000GRMN/DSC00089.jpg",
        "surveyor_comment": null,
        "survey_date": "2023-8-24"
      }
    },
    {
      "type": "Feature",
      "geometry": {
        "type": "Point",
        "coordinates": [
          118.446504,
          9.389168
        ]
      },
      "properties": {
        "id": 975,
        "name": "HEAD GATE LAT-AN",
        "type": "Head Gate",
        "Structure_Category": "Head Gate",
        "canal_name": "LATERAL A-NORTH",
        "station": "STA 0+006.4",
        "station_m": 6.38,
        "offset_m": 0,
        "ele": 49.08,
        "desc": "",
        "comment": "Headgate of Lat An1",
        "images": "1000GRMN/DSC00216.jpg",
        "elevation_m": 49.08,
        "photo_filename": "DSC00216.jpg",
        "photo_path": "1000GRMN/DSC00216.jpg",
        "surveyor_comment": "Headgate of Lat An1",
        "survey_date": "2023-11-7"
      }
    },
    {
      "type": "Feature",
      "geometry": {
        "type": "Point",
        "coordinates": [
          118.446534,
          9.389167
        ]
      },
      "properties": {
        "id": 976,
        "name": "ROAD CROSSING",
        "type": "Road Crossing",
        "Structure_Category": "Road Crossing",
        "canal_name": "LATERAL A-NORTH",
        "station": "STA 0+009.7",
        "station_m": 9.68,
        "offset_m": 0,
        "ele": 49.08,
        "desc": "",
        "comment": "Road crossing str",
        "images": "1000GRMN/DSC00217.jpg",
        "elevation_m": 49.08,
        "photo_filename": "DSC00217.jpg",
        "photo_path": "1000GRMN/DSC00217.jpg",
        "surveyor_comment": "Road crossing str",
        "survey_date": "2023-11-7"
      }
    },
    {
      "type": "Feature",
      "geometry": {
        "type": "Point",
        "coordinates": [
          118.446737,
          9.389296
        ]
      },
      "properties": {
        "id": 977,
        "name": "DRAINAGE INLET",
        "type": "Drainage",
        "Structure_Category": "Drainage",
        "canal_name": "LATERAL A-NORTH",
        "station": "STA 0+034.3",
        "station_m": 34.32,
        "offset_m": 9.88,
        "ele": 49.08,
        "desc": "",
        "comment": "Drainage inlet",
        "images": "1000GRMN/DSC00218.jpg",
        "elevation_m": 49.08,
        "photo_filename": "DSC00218.jpg",
        "photo_path": "1000GRMN/DSC00218.jpg",
        "surveyor_comment": "Drainage inlet",
        "survey_date": "2023-11-7"
      }
    },
    {
      "type": "Feature",
      "geometry": {
        "type": "Point",
        "coordinates": [
          118.428987,
          9.368597
        ]
      },
      "properties": {
        "id": 974,
        "name": "020",
        "type": "Other Structures",
        "Structure_Category": "Other Structures",
        "canal_name": "SOUTH MAIN CANAL",
        "station": "STA 2+994.4",
        "station_m": 2994.36,
        "offset_m": 0,
        "ele": 10.71,
        "desc": "",
        "comment": "",
        "images": "1000GRMN/",
        "elevation_m": 10.71,
        "photo_filename": "",
        "photo_path": "1000GRMN/",
        "surveyor_comment": null,
        "survey_date": "2023-8-15"
      }
    },
    {
      "type": "Feature",
      "geometry": {
        "type": "Point",
        "coordinates": [
          118.438731,
          9.338401
        ]
      },
      "properties": {
        "id": 193,
        "name": "HD. GATE LAT. BS",
        "type": "Head Gate",
        "Structure_Category": "Head Gate",
        "canal_name": "LATERAL B-SOUTH",
        "station": "STA 0+012.3",
        "station_m": 12.27,
        "offset_m": 1.87,
        "ele": 15.39,
        "desc": "",
        "comment": "",
        "images": "1000GRMN/DSC00142.jpg",
        "elevation_m": 15.39,
        "photo_filename": "DSC00142.jpg",
        "photo_path": "1000GRMN/DSC00142.jpg",
        "surveyor_comment": null,
        "survey_date": "2023-8-17"
      }
    },
    {
      "type": "Feature",
      "geometry": {
        "type": "Point",
        "coordinates": [
          118.45032,
          9.329281
        ]
      },
      "properties": {
        "id": 113,
        "name": "HD GATE OF LAT. -CS",
        "type": "Head Gate",
        "Structure_Category": "Head Gate",
        "canal_name": "SOUTH MAIN CANAL",
        "station": "STA 8+984.3",
        "station_m": 8984.26,
        "offset_m": 0,
        "ele": -22.51,
        "desc": "",
        "comment": "",
        "images": "1000GRMN/DSC00044.jpg",
        "elevation_m": -22.51,
        "photo_filename": "DSC00044.jpg",
        "photo_path": "1000GRMN/DSC00044.jpg",
        "surveyor_comment": null,
        "survey_date": "2023-8-16"
      }
    },
    {
      "type": "Feature",
      "geometry": {
        "type": "Point",
        "coordinates": [
          118.455877,
          9.319925
        ]
      },
      "properties": {
        "id": 71,
        "name": "OUTLET NAT'L ROAD CROSSING",
        "type": "Road Crossing",
        "Structure_Category": "Road Crossing",
        "canal_name": "SOUTH MAIN CANAL",
        "station": "STA 10+309.8",
        "station_m": 10309.82,
        "offset_m": 0,
        "ele": -26.7,
        "desc": "",
        "comment": "",
        "images": "1000GRMN/DSC00048.jpg",
        "elevation_m": -26.7,
        "photo_filename": "DSC00048.jpg",
        "photo_path": "1000GRMN/DSC00048.jpg",
        "surveyor_comment": null,
        "survey_date": "2023-8-16"
      }
    },
    {
      "type": "Feature",
      "geometry": {
        "type": "Point",
        "coordinates": [
          118.452288,
          9.314049
        ]
      },
      "properties": {
        "id": 80,
        "name": "UNAUTHORIZED TURNOUT",
        "type": "Unauthorized Turnout",
        "Structure_Category": "Turnout (TO)",
        "canal_name": "SOUTH MAIN CANAL",
        "station": "STA 11+137.7",
        "station_m": 11137.68,
        "offset_m": 0,
        "ele": -26.69,
        "desc": "",
        "comment": "",
        "images": "1000GRMN/DSC00057.jpg",
        "elevation_m": -26.69,
        "photo_filename": "DSC00057.jpg",
        "photo_path": "1000GRMN/DSC00057.jpg",
        "surveyor_comment": null,
        "survey_date": "2023-8-16"
      }
    },
    {
      "type": "Feature",
      "geometry": {
        "type": "Point",
        "coordinates": [
          118.417358,
          9.3353
        ]
      },
      "properties": {
        "id": 153,
        "name": "CART CROSSING",
        "type": "Thresher Crossing",
        "Structure_Category": "Thresher Crossing",
        "canal_name": "LATERAL A-SOUTH",
        "station": "STA 1+985.9",
        "station_m": 1985.88,
        "offset_m": 0,
        "ele": -1.73,
        "desc": "",
        "comment": "",
        "images": "1000GRMN/DSC00101.jpg",
        "elevation_m": -1.73,
        "photo_filename": "DSC00101.jpg",
        "photo_path": "1000GRMN/DSC00101.jpg",
        "surveyor_comment": null,
        "survey_date": "2023-8-17"
      }
    },
    {
      "type": "Feature",
      "geometry": {
        "type": "Point",
        "coordinates": [
          118.418551,
          9.332067
        ]
      },
      "properties": {
        "id": 163,
        "name": "CART CROSSING",
        "type": "Thresher Crossing",
        "Structure_Category": "Thresher Crossing",
        "canal_name": "LATERAL A-SOUTH",
        "station": "STA 2+444.0",
        "station_m": 2443.99,
        "offset_m": 0,
        "ele": -4.82,
        "desc": "",
        "comment": "",
        "images": "1000GRMN/DSC00111.jpg",
        "elevation_m": -4.82,
        "photo_filename": "DSC00111.jpg",
        "photo_path": "1000GRMN/DSC00111.jpg",
        "surveyor_comment": null,
        "survey_date": "2023-8-17"
      }
    },
    {
      "type": "Feature",
      "geometry": {
        "type": "Point",
        "coordinates": [
          118.431469,
          9.328378
        ]
      },
      "properties": {
        "id": 217,
        "name": "END OF GROUTED RIPRAP/ START OF EARTH CANAL",
        "type": "Station",
        "Structure_Category": "Other Structures",
        "canal_name": "LATERAL B-SOUTH",
        "station": "STA 1+442.8",
        "station_m": 1442.82,
        "offset_m": 0,
        "ele": 22.84,
        "desc": "",
        "comment": "",
        "images": "1000GRMN/DSC00167.jpg",
        "elevation_m": 22.84,
        "photo_filename": "DSC00167.jpg",
        "photo_path": "1000GRMN/DSC00167.jpg",
        "surveyor_comment": null,
        "survey_date": "2023-8-17"
      }
    },
    {
      "type": "Feature",
      "geometry": {
        "type": "Point",
        "coordinates": [
          118.433029,
          9.321461
        ]
      },
      "properties": {
        "id": 228,
        "name": "END LINED CANAL/ START OF EARTH CANAL\n",
        "type": "Station",
        "Structure_Category": "Other Structures",
        "canal_name": "LATERAL B-SOUTH",
        "station": "STA 2+346.4",
        "station_m": 2346.38,
        "offset_m": 0,
        "ele": 23.66,
        "desc": "",
        "comment": "",
        "images": "1000GRMN/DSC00178.jpg",
        "elevation_m": 23.66,
        "photo_filename": "DSC00178.jpg",
        "photo_path": "1000GRMN/DSC00178.jpg",
        "surveyor_comment": null,
        "survey_date": "2023-8-17"
      }
    },
    {
      "type": "Feature",
      "geometry": {
        "type": "Point",
        "coordinates": [
          118.431445,
          9.319007
        ]
      },
      "properties": {
        "id": 236,
        "name": "CHECK STRUCTURE",
        "type": "Check Structure",
        "Structure_Category": "Check Gate",
        "canal_name": "LATERAL B-SOUTH",
        "station": "STA 2+677.6",
        "station_m": 2677.59,
        "offset_m": 2.49,
        "ele": 0.34,
        "desc": "",
        "comment": "",
        "images": "1000GRMN/DSC00186.jpg",
        "elevation_m": 0.34,
        "photo_filename": "DSC00186.jpg",
        "photo_path": "1000GRMN/DSC00186.jpg",
        "surveyor_comment": null,
        "survey_date": "2023-8-18"
      }
    },
    {
      "type": "Feature",
      "geometry": {
        "type": "Point",
        "coordinates": [
          118.425527,
          9.317328
        ]
      },
      "properties": {
        "id": 244,
        "name": "CART CROSSING(RCP)",
        "type": "Thresher Crossing",
        "Structure_Category": "Thresher Crossing",
        "canal_name": "LATERAL B-SOUTH",
        "station": "STA 3+438.6",
        "station_m": 3438.62,
        "offset_m": 0,
        "ele": 0.34,
        "desc": "",
        "comment": "",
        "images": "1000GRMN/DSC00194.jpg",
        "elevation_m": 0.34,
        "photo_filename": "DSC00194.jpg",
        "photo_path": "1000GRMN/DSC00194.jpg",
        "surveyor_comment": null,
        "survey_date": "2023-8-18"
      }
    },
    {
      "type": "Feature",
      "geometry": {
        "type": "Point",
        "coordinates": [
          118.422037,
          9.31263
        ]
      },
      "properties": {
        "id": 259,
        "name": "END  TRAPEZOIDAL CANAL",
        "type": "Station",
        "Structure_Category": "Other Structures",
        "canal_name": "LATERAL B-SOUTH",
        "station": "STA 4+087.1",
        "station_m": 4087.1,
        "offset_m": 0,
        "ele": 2.87,
        "desc": "",
        "comment": "",
        "images": "1000GRMN/DSC00209.jpg",
        "elevation_m": 2.87,
        "photo_filename": "DSC00209.jpg",
        "photo_path": "1000GRMN/DSC00209.jpg",
        "surveyor_comment": null,
        "survey_date": "2023-8-18"
      }
    },
    {
      "type": "Feature",
      "geometry": {
        "type": "Point",
        "coordinates": [
          118.432332,
          9.318331
        ]
      },
      "properties": {
        "id": 264,
        "name": "RCP CROSSING AND V-DROP",
        "type": "Thresher Crossing",
        "Structure_Category": "Thresher Crossing",
        "canal_name": "LATERAL B-SOUTH-1",
        "station": "STA 0+121.6",
        "station_m": 121.56,
        "offset_m": 0,
        "ele": 5.06,
        "desc": "",
        "comment": "",
        "images": "1000GRMN/DSC00215.jpg",
        "elevation_m": 5.06,
        "photo_filename": "DSC00215.jpg",
        "photo_path": "1000GRMN/DSC00215.jpg",
        "surveyor_comment": null,
        "survey_date": "2023-8-18"
      }
    },
    {
      "type": "Feature",
      "geometry": {
        "type": "Point",
        "coordinates": [
          118.440652,
          9.340854
        ]
      },
      "properties": {
        "id": 183,
        "name": "CART CROSSING",
        "type": "Thresher Crossing",
        "Structure_Category": "Thresher Crossing",
        "canal_name": "LATERAL B-SOUTH-2",
        "station": "STA 0+335.5",
        "station_m": 335.49,
        "offset_m": 0,
        "ele": 6.76,
        "desc": "",
        "comment": "",
        "images": "1000GRMN/DSC00132.jpg",
        "elevation_m": 6.76,
        "photo_filename": "DSC00132.jpg",
        "photo_path": "1000GRMN/DSC00132.jpg",
        "surveyor_comment": null,
        "survey_date": "2023-8-17"
      }
    },
    {
      "type": "Feature",
      "geometry": {
        "type": "Point",
        "coordinates": [
          118.448788,
          9.327372
        ]
      },
      "properties": {
        "id": 839,
        "name": "DRAINAGE INLET",
        "type": "Drainage",
        "Structure_Category": "Drainage",
        "canal_name": "LATERAL C-SOUTH",
        "station": "STA 0+271.7",
        "station_m": 271.67,
        "offset_m": 0,
        "ele": 21.05,
        "desc": "",
        "comment": "",
        "images": "1000GRMN/DSC00010.jpg",
        "elevation_m": 21.05,
        "photo_filename": "DSC00010.jpg",
        "photo_path": "1000GRMN/DSC00010.jpg",
        "surveyor_comment": null,
        "survey_date": "2023-8-22"
      }
    },
    {
      "type": "Feature",
      "geometry": {
        "type": "Point",
        "coordinates": [
          118.443335,
          9.320503
        ]
      },
      "properties": {
        "id": 855,
        "name": "END LINED CANAL/ START EARTH CANAL",
        "type": "Station",
        "Structure_Category": "Other Structures",
        "canal_name": "LATERAL C-SOUTH",
        "station": "STA 1+242.1",
        "station_m": 1242.08,
        "offset_m": 0,
        "ele": 21.02,
        "desc": "",
        "comment": "",
        "images": "1000GRMN/DSC00026.jpg",
        "elevation_m": 21.02,
        "photo_filename": "DSC00026.jpg",
        "photo_path": "1000GRMN/DSC00026.jpg",
        "surveyor_comment": null,
        "survey_date": "2023-8-22"
      }
    },
    {
      "type": "Feature",
      "geometry": {
        "type": "Point",
        "coordinates": [
          118.440792,
          9.317269
        ]
      },
      "properties": {
        "id": 868,
        "name": "CART CROSSING",
        "type": "Thresher Crossing",
        "Structure_Category": "Thresher Crossing",
        "canal_name": "LATERAL C-SOUTH",
        "station": "STA 1+697.4",
        "station_m": 1697.42,
        "offset_m": 0,
        "ele": 21.03,
        "desc": "",
        "comment": "",
        "images": "1000GRMN/DSC00039.jpg",
        "elevation_m": 21.03,
        "photo_filename": "DSC00039.jpg",
        "photo_path": "1000GRMN/DSC00039.jpg",
        "surveyor_comment": null,
        "survey_date": "2023-8-22"
      }
    },
    {
      "type": "Feature",
      "geometry": {
        "type": "Point",
        "coordinates": [
          118.446799,
          9.389217
        ]
      },
      "properties": {
        "id": 978,
        "name": "PARSHALL FLUME",
        "type": "Water Gauge",
        "Structure_Category": "Parshall Flume",
        "canal_name": "LATERAL A-NORTH",
        "station": "STA 0+039.4",
        "station_m": 39.39,
        "offset_m": 0,
        "ele": 49.07,
        "desc": "",
        "comment": "Parshall plume",
        "images": "1000GRMN/DSC00220.jpg",
        "elevation_m": 49.07,
        "photo_filename": "DSC00220.jpg",
        "photo_path": "1000GRMN/DSC00220.jpg",
        "surveyor_comment": "Parshall plume",
        "survey_date": "2023-11-7"
      }
    },
    {
      "type": "Feature",
      "geometry": {
        "type": "Point",
        "coordinates": [
          118.447047,
          9.389293
        ]
      },
      "properties": {
        "id": 979,
        "name": "START EARTH CANAL",
        "type": "Station",
        "Structure_Category": "Other Structures",
        "canal_name": "LATERAL A-NORTH",
        "station": "STA 0+068.0",
        "station_m": 67.98,
        "offset_m": 0,
        "ele": 49.08,
        "desc": "",
        "comment": "Earth canal (start)",
        "images": "1000GRMN/DSC00221.jpg",
        "elevation_m": 49.08,
        "photo_filename": "DSC00221.jpg",
        "photo_path": "1000GRMN/DSC00221.jpg",
        "surveyor_comment": "Earth canal (start)",
        "survey_date": "2023-11-7"
      }
    },
    {
      "type": "Feature",
      "geometry": {
        "type": "Point",
        "coordinates": [
          118.44932,
          9.39024
        ]
      },
      "properties": {
        "id": 980,
        "name": "PUMPING STATION",
        "type": "Pumping Station",
        "Structure_Category": "Other Structures",
        "canal_name": "LATERAL A-NORTH",
        "station": "STA 0+339.4",
        "station_m": 339.45,
        "offset_m": 0,
        "ele": 48.04,
        "desc": "",
        "comment": "Pump station",
        "images": "1000GRMN/DSC00222.jpg",
        "elevation_m": 48.04,
        "photo_filename": "DSC00222.jpg",
        "photo_path": "1000GRMN/DSC00222.jpg",
        "surveyor_comment": "Pump station",
        "survey_date": "2023-11-7"
      }
    },
    {
      "type": "Feature",
      "geometry": {
        "type": "Point",
        "coordinates": [
          118.451665,
          9.391146
        ]
      },
      "properties": {
        "id": 981,
        "name": "CART CROSSING",
        "type": "Thresher Crossing",
        "Structure_Category": "Thresher Crossing",
        "canal_name": "LATERAL A-NORTH",
        "station": "STA 0+616.6",
        "station_m": 616.57,
        "offset_m": 0,
        "ele": 49.17,
        "desc": "",
        "comment": "Cart crossing str",
        "images": "1000GRMN/DSC00223.jpg",
        "elevation_m": 49.17,
        "photo_filename": "DSC00223.jpg",
        "photo_path": "1000GRMN/DSC00223.jpg",
        "surveyor_comment": "Cart crossing str",
        "survey_date": "2023-11-7"
      }
    },
    {
      "type": "Feature",
      "geometry": {
        "type": "Point",
        "coordinates": [
          118.481486,
          9.343998
        ]
      },
      "properties": {
        "id": 956,
        "name": "THRESHER CROSSING",
        "type": "Thresher Crossing",
        "Structure_Category": "Thresher Crossing",
        "canal_name": "LATERAL C-NORTH",
        "station": "STA 0+979.9",
        "station_m": 979.91,
        "offset_m": 0,
        "ele": 3.55,
        "desc": "",
        "comment": "",
        "images": "1000GRMN/DSC00092.jpg",
        "elevation_m": 3.55,
        "photo_filename": "DSC00092.jpg",
        "photo_path": "1000GRMN/DSC00092.jpg",
        "surveyor_comment": null,
        "survey_date": "2023-8-24"
      }
    },
    {
      "type": "Feature",
      "geometry": {
        "type": "Point",
        "coordinates": [
          118.484193,
          9.342736
        ]
      },
      "properties": {
        "id": 958,
        "name": "BULLCART CROSSING",
        "type": "Thresher Crossing",
        "Structure_Category": "Thresher Crossing",
        "canal_name": "LATERAL C-NORTH",
        "station": "STA 1+309.6",
        "station_m": 1309.58,
        "offset_m": 0,
        "ele": 3.17,
        "desc": "",
        "comment": "",
        "images": "1000GRMN/DSC00094.jpg",
        "elevation_m": 3.17,
        "photo_filename": "DSC00094.jpg",
        "photo_path": "1000GRMN/DSC00094.jpg",
        "surveyor_comment": null,
        "survey_date": "2023-8-24"
      }
    },
    {
      "type": "Feature",
      "geometry": {
        "type": "Point",
        "coordinates": [
          118.43614,
          9.335101
        ]
      },
      "properties": {
        "id": 200,
        "name": "MTO#1-LAT BS-L",
        "type": "Turnout",
        "Structure_Category": "Turnout (TO)",
        "canal_name": "LATERAL B-SOUTH",
        "station": "STA 0+475.9",
        "station_m": 475.88,
        "offset_m": 2.01,
        "ele": 15.38,
        "desc": "",
        "comment": "",
        "images": "1000GRMN/DSC00149.jpg",
        "elevation_m": 15.38,
        "photo_filename": "DSC00149.jpg",
        "photo_path": "1000GRMN/DSC00149.jpg",
        "surveyor_comment": null,
        "survey_date": "2023-8-17"
      }
    },
    {
      "type": "Feature",
      "geometry": {
        "type": "Point",
        "coordinates": [
          118.450264,
          9.329383
        ]
      },
      "properties": {
        "id": 111,
        "name": "DMTO #20-L/S - SMC",
        "type": "Turnout",
        "Structure_Category": "Turnout (TO)",
        "canal_name": "SOUTH MAIN CANAL",
        "station": "STA 8+971.6",
        "station_m": 8971.57,
        "offset_m": 1.6,
        "ele": -23.18,
        "desc": "",
        "comment": "",
        "images": "1000GRMN/DSC00043.jpg",
        "elevation_m": -23.18,
        "photo_filename": "DSC00043.jpg",
        "photo_path": "1000GRMN/DSC00043.jpg",
        "surveyor_comment": null,
        "survey_date": "2023-8-16"
      }
    },
    {
      "type": "Feature",
      "geometry": {
        "type": "Point",
        "coordinates": [
          118.446258,
          9.324162
        ]
      },
      "properties": {
        "id": 843,
        "name": "MTO #1-L/S-LAT CS",
        "type": "Turnout",
        "Structure_Category": "Turnout (TO)",
        "canal_name": "LATERAL C-SOUTH",
        "station": "STA 0+723.9",
        "station_m": 723.93,
        "offset_m": 0.49,
        "ele": 21.05,
        "desc": "",
        "comment": "",
        "images": "1000GRMN/DSC00014.jpg",
        "elevation_m": 21.05,
        "photo_filename": "DSC00014.jpg",
        "photo_path": "1000GRMN/DSC00014.jpg",
        "surveyor_comment": null,
        "survey_date": "2023-8-22"
      }
    },
    {
      "type": "Feature",
      "geometry": {
        "type": "Point",
        "coordinates": [
          118.440576,
          9.312966
        ]
      },
      "properties": {
        "id": 881,
        "name": "MTO #15-R/S-LAT CS",
        "type": "Turnout",
        "Structure_Category": "Turnout (TO)",
        "canal_name": "LATERAL C-SOUTH",
        "station": "STA 2+281.0",
        "station_m": 2281.04,
        "offset_m": 2.66,
        "ele": 19,
        "desc": "",
        "comment": "",
        "images": "1000GRMN/DSC00053.jpg",
        "elevation_m": 19,
        "photo_filename": "DSC00053.jpg",
        "photo_path": "1000GRMN/DSC00053.jpg",
        "surveyor_comment": null,
        "survey_date": "2023-8-22"
      }
    },
    {
      "type": "Feature",
      "geometry": {
        "type": "Point",
        "coordinates": [
          118.47604,
          9.340364
        ]
      },
      "properties": {
        "id": 933,
        "name": "DMTO#24-L/S-NMC",
        "type": "Turnout",
        "Structure_Category": "Turnout (TO)",
        "canal_name": "NORTH MAIN CANAL",
        "station": "STA 8+759.4",
        "station_m": 8759.42,
        "offset_m": 2.49,
        "ele": 5.5,
        "desc": "",
        "comment": "",
        "images": "1000GRMN/DSC00067.jpg",
        "elevation_m": 5.5,
        "photo_filename": "DSC00067.jpg",
        "photo_path": "1000GRMN/DSC00067.jpg",
        "surveyor_comment": null,
        "survey_date": "2023-8-24"
      }
    },
    {
      "type": "Feature",
      "geometry": {
        "type": "Point",
        "coordinates": [
          118.461623,
          9.32334
        ]
      },
      "properties": {
        "id": 897,
        "name": "MTO #3-R/S - LAT DS",
        "type": "Turnout",
        "Structure_Category": "Turnout (TO)",
        "canal_name": "LATERAL D-SOUTH",
        "station": "STA 0+893.4",
        "station_m": 893.41,
        "offset_m": 1.33,
        "ele": 31.25,
        "desc": "",
        "comment": "",
        "images": "1000GRMN/DSC00069.jpg",
        "elevation_m": 31.25,
        "photo_filename": "DSC00069.jpg",
        "photo_path": "1000GRMN/DSC00069.jpg",
        "surveyor_comment": null,
        "survey_date": "2023-8-22"
      }
    },
    {
      "type": "Feature",
      "geometry": {
        "type": "Point",
        "coordinates": [
          118.476089,
          9.344101
        ]
      },
      "properties": {
        "id": 948,
        "name": "MTO#1-R/S-LAT CN",
        "type": "Turnout",
        "Structure_Category": "Turnout (TO)",
        "canal_name": "LATERAL C-NORTH",
        "station": "STA 0+364.3",
        "station_m": 364.32,
        "offset_m": 0,
        "ele": 5.88,
        "desc": "",
        "comment": "",
        "images": "1000GRMN/DSC00082.jpg",
        "elevation_m": 5.88,
        "photo_filename": "DSC00082.jpg",
        "photo_path": "1000GRMN/DSC00082.jpg",
        "surveyor_comment": null,
        "survey_date": "2023-8-24"
      }
    },
    {
      "type": "Feature",
      "geometry": {
        "type": "Point",
        "coordinates": [
          118.476664,
          9.344489
        ]
      },
      "properties": {
        "id": 949,
        "name": "MTO#2-R/S-LAT CN",
        "type": "Turnout",
        "Structure_Category": "Turnout (TO)",
        "canal_name": "LATERAL C-NORTH",
        "station": "STA 0+441.9",
        "station_m": 441.86,
        "offset_m": 0,
        "ele": 5.88,
        "desc": "",
        "comment": "",
        "images": "1000GRMN/DSC00083.jpg",
        "elevation_m": 5.88,
        "photo_filename": "DSC00083.jpg",
        "photo_path": "1000GRMN/DSC00083.jpg",
        "surveyor_comment": null,
        "survey_date": "2023-8-24"
      }
    },
    {
      "type": "Feature",
      "geometry": {
        "type": "Point",
        "coordinates": [
          118.481458,
          9.343982
        ]
      },
      "properties": {
        "id": 955,
        "name": "MTO#3-R/S-LAT CN",
        "type": "Turnout",
        "Structure_Category": "Turnout (TO)",
        "canal_name": "LATERAL C-NORTH",
        "station": "STA 0+977.2",
        "station_m": 977.24,
        "offset_m": 2.36,
        "ele": 2.98,
        "desc": "",
        "comment": "",
        "images": "1000GRMN/DSC00090.jpg",
        "elevation_m": 2.98,
        "photo_filename": "DSC00090.jpg",
        "photo_path": "1000GRMN/DSC00090.jpg",
        "surveyor_comment": null,
        "survey_date": "2023-8-24"
      }
    },
    {
      "type": "Feature",
      "geometry": {
        "type": "Point",
        "coordinates": [
          118.482566,
          9.343563
        ]
      },
      "properties": {
        "id": 957,
        "name": "MTO#4-R/S-LAT CN",
        "type": "Turnout",
        "Structure_Category": "Turnout (TO)",
        "canal_name": "LATERAL C-NORTH",
        "station": "STA 1+108.3",
        "station_m": 1108.27,
        "offset_m": 0,
        "ele": 3.17,
        "desc": "",
        "comment": "",
        "images": "1000GRMN/DSC00093.jpg",
        "elevation_m": 3.17,
        "photo_filename": "DSC00093.jpg",
        "photo_path": "1000GRMN/DSC00093.jpg",
        "surveyor_comment": null,
        "survey_date": "2023-8-24"
      }
    },
    {
      "type": "Feature",
      "geometry": {
        "type": "Point",
        "coordinates": [
          118.484214,
          9.342747
        ]
      },
      "properties": {
        "id": 959,
        "name": "MTO#5-L/S-LAT CN",
        "type": "Turnout",
        "Structure_Category": "Turnout (TO)",
        "canal_name": "LATERAL C-NORTH",
        "station": "STA 1+311.2",
        "station_m": 1311.23,
        "offset_m": 2.03,
        "ele": 3.17,
        "desc": "",
        "comment": "",
        "images": "1000GRMN/DSC00095.jpg",
        "elevation_m": 3.17,
        "photo_filename": "DSC00095.jpg",
        "photo_path": "1000GRMN/DSC00095.jpg",
        "surveyor_comment": null,
        "survey_date": "2023-8-24"
      }
    },
    {
      "type": "Feature",
      "geometry": {
        "type": "Point",
        "coordinates": [
          118.488768,
          9.340436
        ]
      },
      "properties": {
        "id": 967,
        "name": "RCP ROAD CROSSING",
        "type": "Road Crossing",
        "Structure_Category": "Road Crossing",
        "canal_name": "LATERAL C-NORTH",
        "station": "STA 1+874.5",
        "station_m": 1874.47,
        "offset_m": 0,
        "ele": 3.17,
        "desc": "",
        "comment": "",
        "images": "1000GRMN/DSC00103.jpg",
        "elevation_m": 3.17,
        "photo_filename": "DSC00103.jpg",
        "photo_path": "1000GRMN/DSC00103.jpg",
        "surveyor_comment": null,
        "survey_date": "2023-8-24"
      }
    },
    {
      "type": "Feature",
      "geometry": {
        "type": "Point",
        "coordinates": [
          118.418274,
          9.341326
        ]
      },
      "properties": {
        "id": 143,
        "name": "RCP CROSSING-GOOD",
        "type": "Thresher Crossing",
        "Structure_Category": "Thresher Crossing",
        "canal_name": "LATERAL A-SOUTH",
        "station": "STA 1+291.4",
        "station_m": 1291.39,
        "offset_m": 0,
        "ele": 0.08,
        "desc": "",
        "comment": "",
        "images": "1000GRMN/DSC00090.jpg",
        "elevation_m": 0.08,
        "photo_filename": "DSC00090.jpg",
        "photo_path": "1000GRMN/DSC00090.jpg",
        "surveyor_comment": null,
        "survey_date": "2023-8-17"
      }
    },
    {
      "type": "Feature",
      "geometry": {
        "type": "Point",
        "coordinates": [
          118.43477,
          9.395552
        ]
      },
      "properties": {
        "id": 635,
        "name": "INTAKE STRUCTURE",
        "type": "Intake",
        "Structure_Category": "Inlet",
        "canal_name": "NORTH MAIN CANAL",
        "station": "STA 0+000.0",
        "station_m": 0,
        "offset_m": 0,
        "ele": -23.49,
        "desc": "",
        "comment": "",
        "images": "1000GRMN/DSC00457.jpg",
        "elevation_m": -23.49,
        "photo_filename": "DSC00457.jpg",
        "photo_path": "1000GRMN/DSC00457.jpg",
        "surveyor_comment": null,
        "survey_date": "2023-9-21"
      }
    },
    {
      "type": "Feature",
      "geometry": {
        "type": "Point",
        "coordinates": [
          118.435417,
          9.396019
        ]
      },
      "properties": {
        "id": 639,
        "name": "END TRAPEZOIDAL LINING, START EARTH CANAL",
        "type": "Station",
        "Structure_Category": "Other Structures",
        "canal_name": "NORTH MAIN CANAL",
        "station": "STA 0+090.2",
        "station_m": 90.23,
        "offset_m": 0,
        "ele": -23.5,
        "desc": "",
        "comment": "",
        "images": "1000GRMN/DSC00461.jpg",
        "elevation_m": -23.5,
        "photo_filename": "DSC00461.jpg",
        "photo_path": "1000GRMN/DSC00461.jpg",
        "surveyor_comment": null,
        "survey_date": "2023-9-21"
      }
    },
    {
      "type": "Feature",
      "geometry": {
        "type": "Point",
        "coordinates": [
          118.447628,
          9.386326
        ]
      },
      "properties": {
        "id": 651,
        "name": "THRESHER CROSSING COMB. DROP",
        "type": "Thresher Crossing",
        "Structure_Category": "Thresher Crossing",
        "canal_name": "NORTH MAIN CANAL",
        "station": "STA 1+956.0",
        "station_m": 1956.02,
        "offset_m": 0,
        "ele": -23.79,
        "desc": "",
        "comment": "",
        "images": "1000GRMN/DSC00473.jpg",
        "elevation_m": -23.79,
        "photo_filename": "DSC00473.jpg",
        "photo_path": "1000GRMN/DSC00473.jpg",
        "surveyor_comment": null,
        "survey_date": "2023-9-21"
      }
    },
    {
      "type": "Feature",
      "geometry": {
        "type": "Point",
        "coordinates": [
          118.454126,
          9.374271
        ]
      },
      "properties": {
        "id": 666,
        "name": "ROAD CROSSING",
        "type": "Road Crossing",
        "Structure_Category": "Road Crossing",
        "canal_name": "NORTH MAIN CANAL",
        "station": "STA 3+540.5",
        "station_m": 3540.5,
        "offset_m": 0,
        "ele": -28.26,
        "desc": "",
        "comment": "",
        "images": "1000GRMN/DSC00488.jpg",
        "elevation_m": -28.26,
        "photo_filename": "DSC00488.jpg",
        "photo_path": "1000GRMN/DSC00488.jpg",
        "surveyor_comment": null,
        "survey_date": "2023-9-21"
      }
    },
    {
      "type": "Feature",
      "geometry": {
        "type": "Point",
        "coordinates": [
          118.455866,
          9.355217
        ]
      },
      "properties": {
        "id": 689,
        "name": "THRESHER CROSSING INCLINED DROP",
        "type": "Thresher Crossing",
        "Structure_Category": "Thresher Crossing",
        "canal_name": "NORTH MAIN CANAL",
        "station": "STA 5+779.5",
        "station_m": 5779.52,
        "offset_m": 0,
        "ele": -30.49,
        "desc": "",
        "comment": "",
        "images": "1000GRMN/DSC00511.jpg",
        "elevation_m": -30.49,
        "photo_filename": "DSC00511.jpg",
        "photo_path": "1000GRMN/DSC00511.jpg",
        "surveyor_comment": null,
        "survey_date": "2023-9-22"
      }
    },
    {
      "type": "Feature",
      "geometry": {
        "type": "Point",
        "coordinates": [
          118.495828,
          9.366149
        ]
      },
      "properties": {
        "id": 990,
        "name": "START OF EARTH CANAL",
        "type": "Station",
        "Structure_Category": "Other Structures",
        "canal_name": "LAT-AN3 SUPPLY CANAL",
        "station": "STA 0+011.0",
        "station_m": 11.03,
        "offset_m": 0,
        "ele": 12.17,
        "desc": "",
        "comment": "start earth canal",
        "images": "1000GRMN/DSC00026.jpg",
        "elevation_m": 12.17,
        "photo_filename": "DSC00026.jpg",
        "photo_path": "1000GRMN/DSC00026.jpg",
        "surveyor_comment": "start earth canal",
        "survey_date": "2023-11-17"
      }
    },
    {
      "type": "Feature",
      "geometry": {
        "type": "Point",
        "coordinates": [
          118.455973,
          9.391834
        ]
      },
      "properties": {
        "id": 986,
        "name": "SEND EARTH CANAL, START OF TRAPEZOIDAL CANAL",
        "type": "Station",
        "Structure_Category": "Other Structures",
        "canal_name": "LATERAL A-NORTH",
        "station": "STA 1+104.1",
        "station_m": 1104.14,
        "offset_m": 0,
        "ele": 48.83,
        "desc": "",
        "comment": "Trapezoidal canal (Start)",
        "images": "1000GRMN/DSC00228.jpg",
        "elevation_m": 48.83,
        "photo_filename": "DSC00228.jpg",
        "photo_path": "1000GRMN/DSC00228.jpg",
        "surveyor_comment": "Trapezoidal canal (Start)",
        "survey_date": "2023-11-7"
      }
    },
    {
      "type": "Feature",
      "geometry": {
        "type": "Point",
        "coordinates": [
          118.459017,
          9.389938
        ]
      },
      "properties": {
        "id": 987,
        "name": "THRESHER CROSSING COMB.  DROP",
        "type": "Thresher Crossing",
        "Structure_Category": "Thresher Crossing",
        "canal_name": "LATERAL A-NORTH",
        "station": "STA 1+512.0",
        "station_m": 1511.96,
        "offset_m": 0,
        "ele": 46.35,
        "desc": "",
        "comment": "Thresher crossing & drop str",
        "images": "1000GRMN/DSC00230.jpg",
        "elevation_m": 46.35,
        "photo_filename": "DSC00230.jpg",
        "photo_path": "1000GRMN/DSC00230.jpg",
        "surveyor_comment": "Thresher crossing & drop str",
        "survey_date": "2023-11-7"
      }
    },
    {
      "type": "Feature",
      "geometry": {
        "type": "Point",
        "coordinates": [
          118.462601,
          9.387629
        ]
      },
      "properties": {
        "id": 988,
        "name": "ROAD CROSSING",
        "type": "Road Crossing",
        "Structure_Category": "Road Crossing",
        "canal_name": "LATERAL A-NORTH",
        "station": "STA 1+983.7",
        "station_m": 1983.7,
        "offset_m": 0,
        "ele": 46.35,
        "desc": "",
        "comment": "Road crossing str",
        "images": "1000GRMN/DSC00231.jpg",
        "elevation_m": 46.35,
        "photo_filename": "DSC00231.jpg",
        "photo_path": "1000GRMN/DSC00231.jpg",
        "surveyor_comment": "Road crossing str",
        "survey_date": "2023-11-7"
      }
    },
    {
      "type": "Feature",
      "geometry": {
        "type": "Point",
        "coordinates": [
          118.497354,
          9.367103
        ]
      },
      "properties": {
        "id": 991,
        "name": "ROAD CROSSING",
        "type": "Road Crossing",
        "Structure_Category": "Road Crossing",
        "canal_name": "LAT-AN3 SUPPLY CANAL",
        "station": "STA 0+226.1",
        "station_m": 226.11,
        "offset_m": 0,
        "ele": 12.6,
        "desc": "",
        "comment": "Road crossing str",
        "images": "1000GRMN/DSC00027.jpg",
        "elevation_m": 12.6,
        "photo_filename": "DSC00027.jpg",
        "photo_path": "1000GRMN/DSC00027.jpg",
        "surveyor_comment": "Road crossing str",
        "survey_date": "2023-11-17"
      }
    },
    {
      "type": "Feature",
      "geometry": {
        "type": "Point",
        "coordinates": [
          118.467114,
          9.388533
        ]
      },
      "properties": {
        "id": 733,
        "name": "THRESHER CROSSING",
        "type": "Thresher Crossing",
        "Structure_Category": "Thresher Crossing",
        "canal_name": "LATERAL A-NORTH",
        "station": "STA 2+698.5",
        "station_m": 2698.47,
        "offset_m": 0,
        "ele": -12.55,
        "desc": "",
        "comment": "",
        "images": "1000GRMN/DSC00217.jpg",
        "elevation_m": -12.55,
        "photo_filename": "DSC00217.jpg",
        "photo_path": "1000GRMN/DSC00217.jpg",
        "surveyor_comment": null,
        "survey_date": "2023-9-27"
      }
    },
    {
      "type": "Feature",
      "geometry": {
        "type": "Point",
        "coordinates": [
          118.470023,
          9.386445
        ]
      },
      "properties": {
        "id": 734,
        "name": "DRAINAGE INLET",
        "type": "Drainage",
        "Structure_Category": "Drainage",
        "canal_name": "LATERAL A-NORTH",
        "station": "STA 3+097.9",
        "station_m": 3097.86,
        "offset_m": 0,
        "ele": -12.56,
        "desc": "",
        "comment": "",
        "images": "1000GRMN/DSC00218.jpg",
        "elevation_m": -12.56,
        "photo_filename": "DSC00218.jpg",
        "photo_path": "1000GRMN/DSC00218.jpg",
        "surveyor_comment": null,
        "survey_date": "2023-9-27"
      }
    },
    {
      "type": "Feature",
      "geometry": {
        "type": "Point",
        "coordinates": [
          118.47263,
          9.384174
        ]
      },
      "properties": {
        "id": 738,
        "name": "CHECK STRUCTURE",
        "type": "Check Structure",
        "Structure_Category": "Check Gate",
        "canal_name": "LATERAL A-NORTH",
        "station": "STA 3+482.3",
        "station_m": 3482.31,
        "offset_m": 0,
        "ele": -12.55,
        "desc": "",
        "comment": "",
        "images": "1000GRMN/DSC00222.jpg",
        "elevation_m": -12.55,
        "photo_filename": "DSC00222.jpg",
        "photo_path": "1000GRMN/DSC00222.jpg",
        "surveyor_comment": null,
        "survey_date": "2023-9-27"
      }
    },
    {
      "type": "Feature",
      "geometry": {
        "type": "Point",
        "coordinates": [
          118.474545,
          9.380642
        ]
      },
      "properties": {
        "id": 745,
        "name": "END OF EARTH CANAL, START VERTICAL LINING",
        "type": "Station",
        "Structure_Category": "Other Structures",
        "canal_name": "LATERAL A-NORTH",
        "station": "STA 3+949.6",
        "station_m": 3949.58,
        "offset_m": 0,
        "ele": -13.14,
        "desc": "",
        "comment": "",
        "images": "1000GRMN/DSC00229.jpg",
        "elevation_m": -13.14,
        "photo_filename": "DSC00229.jpg",
        "photo_path": "1000GRMN/DSC00229.jpg",
        "surveyor_comment": null,
        "survey_date": "2023-9-27"
      }
    },
    {
      "type": "Feature",
      "geometry": {
        "type": "Point",
        "coordinates": [
          118.477053,
          9.37861
        ]
      },
      "properties": {
        "id": 754,
        "name": "CHECK STRUCTURE",
        "type": "Check Structure",
        "Structure_Category": "Check Gate",
        "canal_name": "LATERAL A-NORTH",
        "station": "STA 4+312.5",
        "station_m": 4312.49,
        "offset_m": 0,
        "ele": -13.14,
        "desc": "",
        "comment": "",
        "images": "1000GRMN/DSC00238.jpg",
        "elevation_m": -13.14,
        "photo_filename": "DSC00238.jpg",
        "photo_path": "1000GRMN/DSC00238.jpg",
        "surveyor_comment": null,
        "survey_date": "2023-9-27"
      }
    },
    {
      "type": "Feature",
      "geometry": {
        "type": "Point",
        "coordinates": [
          118.479637,
          9.375682
        ]
      },
      "properties": {
        "id": 761,
        "name": "END EARTH CANAL, START OF TRAPEZOIDAL CANAL",
        "type": "Station",
        "Structure_Category": "Other Structures",
        "canal_name": "LATERAL A-NORTH",
        "station": "STA 4+746.7",
        "station_m": 4746.73,
        "offset_m": 0,
        "ele": -18.23,
        "desc": "",
        "comment": "",
        "images": "1000GRMN/DSC00245.jpg",
        "elevation_m": -18.23,
        "photo_filename": "DSC00245.jpg",
        "photo_path": "1000GRMN/DSC00245.jpg",
        "surveyor_comment": null,
        "survey_date": "2023-9-27"
      }
    },
    {
      "type": "Feature",
      "geometry": {
        "type": "Point",
        "coordinates": [
          118.48382,
          9.371987
        ]
      },
      "properties": {
        "id": 770,
        "name": "CART CROSSING",
        "type": "Thresher Crossing",
        "Structure_Category": "Thresher Crossing",
        "canal_name": "LATERAL A-NORTH",
        "station": "STA 5+363.7",
        "station_m": 5363.71,
        "offset_m": 0,
        "ele": -18.84,
        "desc": "",
        "comment": "",
        "images": "1000GRMN/DSC00254.jpg",
        "elevation_m": -18.84,
        "photo_filename": "DSC00254.jpg",
        "photo_path": "1000GRMN/DSC00254.jpg",
        "surveyor_comment": null,
        "survey_date": "2023-9-27"
      }
    },
    {
      "type": "Feature",
      "geometry": {
        "type": "Point",
        "coordinates": [
          118.487833,
          9.368654
        ]
      },
      "properties": {
        "id": 779,
        "name": "THRESHER CROSSING COMB.  V-DROP",
        "type": "Thresher Crossing",
        "Structure_Category": "Thresher Crossing",
        "canal_name": "LATERAL A-NORTH",
        "station": "STA 5+942.6",
        "station_m": 5942.63,
        "offset_m": 0,
        "ele": -20.88,
        "desc": "",
        "comment": "",
        "images": "1000GRMN/DSC00263.jpg",
        "elevation_m": -20.88,
        "photo_filename": "DSC00263.jpg",
        "photo_path": "1000GRMN/DSC00263.jpg",
        "surveyor_comment": null,
        "survey_date": "2023-9-27"
      }
    },
    {
      "type": "Feature",
      "geometry": {
        "type": "Point",
        "coordinates": [
          118.491541,
          9.360461
        ]
      },
      "properties": {
        "id": 293,
        "name": "DRAINAGE INLET",
        "type": "Drainage",
        "Structure_Category": "Drainage",
        "canal_name": "LATERAL A-NORTH",
        "station": "STA 7+131.4",
        "station_m": 7131.41,
        "offset_m": 1.15,
        "ele": 11.02,
        "desc": "",
        "comment": "",
        "images": "1000GRMN/DSC00342.jpg",
        "elevation_m": 11.02,
        "photo_filename": "DSC00342.jpg",
        "photo_path": "1000GRMN/DSC00342.jpg",
        "surveyor_comment": null,
        "survey_date": "2023-8-30"
      }
    },
    {
      "type": "Feature",
      "geometry": {
        "type": "Point",
        "coordinates": [
          118.491631,
          9.357095
        ]
      },
      "properties": {
        "id": 300,
        "name": "V-DROP COMB. THRESHER CROSSING",
        "type": "Drop",
        "Structure_Category": "Thresher Crossing",
        "canal_name": "LATERAL A-NORTH",
        "station": "STA 7+505.6",
        "station_m": 7505.58,
        "offset_m": 0,
        "ele": 10.96,
        "desc": "",
        "comment": "",
        "images": "1000GRMN/DSC00349.jpg",
        "elevation_m": 10.96,
        "photo_filename": "DSC00349.jpg",
        "photo_path": "1000GRMN/DSC00349.jpg",
        "surveyor_comment": null,
        "survey_date": "2023-8-30"
      }
    },
    {
      "type": "Feature",
      "geometry": {
        "type": "Point",
        "coordinates": [
          118.500379,
          9.351188
        ]
      },
      "properties": {
        "id": 313,
        "name": "END OF EARTH CANAL, START VERTICAL LINING",
        "type": "Station",
        "Structure_Category": "Other Structures",
        "canal_name": "LATERAL A-NORTH",
        "station": "STA 8+709.1",
        "station_m": 8709.15,
        "offset_m": 0,
        "ele": 2.28,
        "desc": "",
        "comment": "",
        "images": "1000GRMN/DSC00362.jpg",
        "elevation_m": 2.28,
        "photo_filename": "DSC00362.jpg",
        "photo_path": "1000GRMN/DSC00362.jpg",
        "surveyor_comment": null,
        "survey_date": "2023-8-30"
      }
    },
    {
      "type": "Feature",
      "geometry": {
        "type": "Point",
        "coordinates": [
          118.453886,
          9.373256
        ]
      },
      "properties": {
        "id": 397,
        "name": "PARSHALL FLUME",
        "type": "Water Gauge",
        "Structure_Category": "Parshall Flume",
        "canal_name": "LATERAL B-NORTH",
        "station": "STA 0+052.8",
        "station_m": 52.75,
        "offset_m": 0,
        "ele": -3.06,
        "desc": "",
        "comment": "",
        "images": "1000GRMN/DSC00113.jpg",
        "elevation_m": -3.06,
        "photo_filename": "DSC00113.jpg",
        "photo_path": "1000GRMN/DSC00113.jpg",
        "surveyor_comment": null,
        "survey_date": "2023-9-1"
      }
    },
    {
      "type": "Feature",
      "geometry": {
        "type": "Point",
        "coordinates": [
          118.470004,
          9.40306
        ]
      },
      "properties": {
        "id": 507,
        "name": "THRESHER CROSSING",
        "type": "Thresher Crossing",
        "Structure_Category": "Thresher Crossing",
        "canal_name": "TIGMAN MAIN CANAL",
        "station": "STA 0+597.7",
        "station_m": 597.66,
        "offset_m": 0,
        "ele": -23.89,
        "desc": "",
        "comment": "",
        "images": "1000GRMN/DSC00054.jpg",
        "elevation_m": -23.89,
        "photo_filename": "DSC00054.jpg",
        "photo_path": "1000GRMN/DSC00054.jpg",
        "surveyor_comment": null,
        "survey_date": "2023-9-6"
      }
    },
    {
      "type": "Feature",
      "geometry": {
        "type": "Point",
        "coordinates": [
          118.4779,
          9.392505
        ]
      },
      "properties": {
        "id": 516,
        "name": "THRESHER CROSSING",
        "type": "Thresher Crossing",
        "Structure_Category": "Thresher Crossing",
        "canal_name": "TIGMAN MAIN CANAL",
        "station": "STA 2+396.8",
        "station_m": 2396.84,
        "offset_m": 0,
        "ele": -15.82,
        "desc": "",
        "comment": "",
        "images": "1000GRMN/DSC00063.jpg",
        "elevation_m": -15.82,
        "photo_filename": "DSC00063.jpg",
        "photo_path": "1000GRMN/DSC00063.jpg",
        "surveyor_comment": null,
        "survey_date": "2023-9-6"
      }
    },
    {
      "type": "Feature",
      "geometry": {
        "type": "Point",
        "coordinates": [
          118.486584,
          9.388708
        ]
      },
      "properties": {
        "id": 577,
        "name": "HEAD GATE OF LATERAL A",
        "type": "Head Gate",
        "Structure_Category": "Head Gate",
        "canal_name": "TIGMAN LATERAL A",
        "station": "STA 0+002.6",
        "station_m": 2.56,
        "offset_m": 0,
        "ele": -19.87,
        "desc": "",
        "comment": "",
        "images": "1000GRMN/DSC00430.jpg",
        "elevation_m": -19.87,
        "photo_filename": "DSC00430.jpg",
        "photo_path": "1000GRMN/DSC00430.jpg",
        "surveyor_comment": null,
        "survey_date": "2023-9-14"
      }
    },
    {
      "type": "Feature",
      "geometry": {
        "type": "Point",
        "coordinates": [
          118.487848,
          9.391328
        ]
      },
      "properties": {
        "id": 563,
        "name": "HEAD GATE OF LATERAL B",
        "type": "Head Gate",
        "Structure_Category": "Head Gate",
        "canal_name": "TIGMAN MAIN CANAL",
        "station": "STA 4+424.3",
        "station_m": 4424.31,
        "offset_m": 0,
        "ele": 27.03,
        "desc": "",
        "comment": "",
        "images": "1000GRMN/DSC00199.jpg",
        "elevation_m": 27.03,
        "photo_filename": "DSC00199.jpg",
        "photo_path": "1000GRMN/DSC00199.jpg",
        "surveyor_comment": null,
        "survey_date": "2023-9-12"
      }
    },
    {
      "type": "Feature",
      "geometry": {
        "type": "Point",
        "coordinates": [
          118.488995,
          9.38727
        ]
      },
      "properties": {
        "id": 580,
        "name": "END OF EARTH CANAL/ START TRAPEZOIDAL CANAL",
        "type": "Station",
        "Structure_Category": "Other Structures",
        "canal_name": "TIGMAN LATERAL A",
        "station": "STA 0+323.1",
        "station_m": 323.14,
        "offset_m": 0,
        "ele": -19.87,
        "desc": "",
        "comment": "",
        "images": "1000GRMN/DSC00433.jpg",
        "elevation_m": -19.87,
        "photo_filename": "DSC00433.jpg",
        "photo_path": "1000GRMN/DSC00433.jpg",
        "surveyor_comment": null,
        "survey_date": "2023-9-14"
      }
    },
    {
      "type": "Feature",
      "geometry": {
        "type": "Point",
        "coordinates": [
          118.500089,
          9.380534
        ]
      },
      "properties": {
        "id": 589,
        "name": "END TRAPEZOIDAL/ START OF VERTICAL LINING",
        "type": "Station",
        "Structure_Category": "Other Structures",
        "canal_name": "TIGMAN LATERAL A",
        "station": "STA 1+925.5",
        "station_m": 1925.51,
        "offset_m": 2.22,
        "ele": -27.58,
        "desc": "",
        "comment": "",
        "images": "1000GRMN/DSC00444.jpg",
        "elevation_m": -27.58,
        "photo_filename": "DSC00444.jpg",
        "photo_path": "1000GRMN/DSC00444.jpg",
        "surveyor_comment": null,
        "survey_date": "2023-9-14"
      }
    },
    {
      "type": "Feature",
      "geometry": {
        "type": "Point",
        "coordinates": [
          118.503008,
          9.377103
        ]
      },
      "properties": {
        "id": 599,
        "name": "INLET ROAD CROSSING",
        "type": "Road Crossing",
        "Structure_Category": "Road Crossing",
        "canal_name": "TIGMAN LATERAL A",
        "station": "STA 2+431.1",
        "station_m": 2431.12,
        "offset_m": 0,
        "ele": -27.12,
        "desc": "",
        "comment": "",
        "images": "1000GRMN/DSC00453.jpg",
        "elevation_m": -27.12,
        "photo_filename": "DSC00453.jpg",
        "photo_path": "1000GRMN/DSC00453.jpg",
        "surveyor_comment": null,
        "survey_date": "2023-9-14"
      }
    },
    {
      "type": "Feature",
      "geometry": {
        "type": "Point",
        "coordinates": [
          118.504277,
          9.375921
        ]
      },
      "properties": {
        "id": 607,
        "name": "END V-LINING/ START OF EARTH CANAL",
        "type": "Station",
        "Structure_Category": "Other Structures",
        "canal_name": "TIGMAN LATERAL A",
        "station": "STA 2+624.6",
        "station_m": 2624.59,
        "offset_m": 0,
        "ele": -48.94,
        "desc": "",
        "comment": "",
        "images": "1000GRMN/DSC00187.jpg",
        "elevation_m": -48.94,
        "photo_filename": "DSC00187.jpg",
        "photo_path": "1000GRMN/DSC00187.jpg",
        "surveyor_comment": null,
        "survey_date": "2023-9-15"
      }
    },
    {
      "type": "Feature",
      "geometry": {
        "type": "Point",
        "coordinates": [
          118.512852,
          9.376549
        ]
      },
      "properties": {
        "id": 617,
        "name": "TRESHER CROSSING COMB. V- DROP",
        "type": "Thresher Crossing",
        "Structure_Category": "Thresher Crossing",
        "canal_name": "TIGMAN LATERAL A",
        "station": "STA 3+728.9",
        "station_m": 3728.92,
        "offset_m": 0,
        "ele": -51.04,
        "desc": "",
        "comment": "",
        "images": "1000GRMN/DSC00197.jpg",
        "elevation_m": -51.04,
        "photo_filename": "DSC00197.jpg",
        "photo_path": "1000GRMN/DSC00197.jpg",
        "surveyor_comment": null,
        "survey_date": "2023-9-15"
      }
    },
    {
      "type": "Feature",
      "geometry": {
        "type": "Point",
        "coordinates": [
          118.520878,
          9.374175
        ]
      },
      "properties": {
        "id": 628,
        "name": "RCP CROSSING/ END CHECK",
        "type": "Station",
        "Structure_Category": "Other Structures",
        "canal_name": "TIGMAN LATERAL A",
        "station": "STA 4+656.3",
        "station_m": 4656.33,
        "offset_m": 0,
        "ele": -52.22,
        "desc": "",
        "comment": "",
        "images": "1000GRMN/DSC00209.jpg",
        "elevation_m": -52.22,
        "photo_filename": "DSC00209.jpg",
        "photo_path": "1000GRMN/DSC00209.jpg",
        "surveyor_comment": null,
        "survey_date": "2023-9-15"
      }
    },
    {
      "type": "Feature",
      "geometry": {
        "type": "Point",
        "coordinates": [
          118.455722,
          9.391925
        ]
      },
      "properties": {
        "id": 983,
        "name": "MTO#2-L/S-LAT AN",
        "type": "Turnout",
        "Structure_Category": "Turnout (TO)",
        "canal_name": "TIGMAN SUPP.CANAL",
        "station": "STA 2+527.2",
        "station_m": 2527.24,
        "offset_m": 0,
        "ele": 48.82,
        "desc": "",
        "comment": "Turn out #2 (L/S)",
        "images": "1000GRMN/DSC00225.jpg",
        "elevation_m": 48.82,
        "photo_filename": "DSC00225.jpg",
        "photo_path": "1000GRMN/DSC00225.jpg",
        "surveyor_comment": "Turn out #2 (L/S)",
        "survey_date": "2023-11-7"
      }
    },
    {
      "type": "Feature",
      "geometry": {
        "type": "Point",
        "coordinates": [
          118.455727,
          9.39185
        ]
      },
      "properties": {
        "id": 984,
        "name": "MTO#3-R/S-LAT AN",
        "type": "Turnout",
        "Structure_Category": "Turnout (TO)",
        "canal_name": "LATERAL A-NORTH",
        "station": "STA 1+075.6",
        "station_m": 1075.58,
        "offset_m": 3.39,
        "ele": 48.83,
        "desc": "",
        "comment": "Turn out #3 (R/S)",
        "images": "1000GRMN/DSC00226.jpg",
        "elevation_m": 48.83,
        "photo_filename": "DSC00226.jpg",
        "photo_path": "1000GRMN/DSC00226.jpg",
        "surveyor_comment": "Turn out #3 (R/S)",
        "survey_date": "2023-11-7"
      }
    },
    {
      "type": "Feature",
      "geometry": {
        "type": "Point",
        "coordinates": [
          118.492009,
          9.363094
        ]
      },
      "properties": {
        "id": 287,
        "name": "MTO#21-L/S-LAT AN",
        "type": "Turnout",
        "Structure_Category": "Turnout (TO)",
        "canal_name": "LATERAL A-NORTH",
        "station": "STA 6+832.7",
        "station_m": 6832.68,
        "offset_m": 1.48,
        "ele": 11.02,
        "desc": "",
        "comment": "",
        "images": "1000GRMN/DSC00336.jpg",
        "elevation_m": 11.02,
        "photo_filename": "DSC00336.jpg",
        "photo_path": "1000GRMN/DSC00336.jpg",
        "surveyor_comment": null,
        "survey_date": "2023-8-30"
      }
    },
    {
      "type": "Feature",
      "geometry": {
        "type": "Point",
        "coordinates": [
          118.462796,
          9.363878
        ]
      },
      "properties": {
        "id": 412,
        "name": "MTO#5-L/S-LAT BN",
        "type": "Turnout",
        "Structure_Category": "Turnout (TO)",
        "canal_name": "LATERAL B-NORTH",
        "station": "STA 1+493.3",
        "station_m": 1493.29,
        "offset_m": 0,
        "ele": -3.08,
        "desc": "",
        "comment": "",
        "images": "1000GRMN/DSC00128.jpg",
        "elevation_m": -3.08,
        "photo_filename": "DSC00128.jpg",
        "photo_path": "1000GRMN/DSC00128.jpg",
        "surveyor_comment": null,
        "survey_date": "2023-9-1"
      }
    },
    {
      "type": "Feature",
      "geometry": {
        "type": "Point",
        "coordinates": [
          118.484203,
          9.342721
        ]
      },
      "properties": {
        "id": 960,
        "name": "MTO#6-R/S-LAT CN",
        "type": "Turnout",
        "Structure_Category": "Turnout (TO)",
        "canal_name": "LATERAL C-NORTH",
        "station": "STA 1+311.2",
        "station_m": 1311.25,
        "offset_m": 1.1,
        "ele": 3.17,
        "desc": "",
        "comment": "",
        "images": "1000GRMN/DSC00096.jpg",
        "elevation_m": 3.17,
        "photo_filename": "DSC00096.jpg",
        "photo_path": "1000GRMN/DSC00096.jpg",
        "surveyor_comment": null,
        "survey_date": "2023-8-24"
      }
    },
    {
      "type": "Feature",
      "geometry": {
        "type": "Point",
        "coordinates": [
          118.484576,
          9.342573
        ]
      },
      "properties": {
        "id": 961,
        "name": "MTO#7-R/S-LAT CN",
        "type": "Turnout",
        "Structure_Category": "Turnout (TO)",
        "canal_name": "LATERAL C-NORTH",
        "station": "STA 1+355.5",
        "station_m": 1355.48,
        "offset_m": 0,
        "ele": 3.16,
        "desc": "",
        "comment": "",
        "images": "1000GRMN/DSC00097.jpg",
        "elevation_m": 3.16,
        "photo_filename": "DSC00097.jpg",
        "photo_path": "1000GRMN/DSC00097.jpg",
        "surveyor_comment": null,
        "survey_date": "2023-8-24"
      }
    },
    {
      "type": "Feature",
      "geometry": {
        "type": "Point",
        "coordinates": [
          118.485001,
          9.342349
        ]
      },
      "properties": {
        "id": 962,
        "name": "MTO#8-L/S-LAT CN",
        "type": "Turnout",
        "Structure_Category": "Turnout (TO)",
        "canal_name": "LATERAL C-NORTH",
        "station": "STA 1+408.5",
        "station_m": 1408.46,
        "offset_m": 0.72,
        "ele": 3.17,
        "desc": "",
        "comment": "",
        "images": "1000GRMN/DSC00098.jpg",
        "elevation_m": 3.17,
        "photo_filename": "DSC00098.jpg",
        "photo_path": "1000GRMN/DSC00098.jpg",
        "surveyor_comment": null,
        "survey_date": "2023-8-24"
      }
    },
    {
      "type": "Feature",
      "geometry": {
        "type": "Point",
        "coordinates": [
          118.484976,
          9.342322
        ]
      },
      "properties": {
        "id": 963,
        "name": "MTO#9-R/S-LAT CN",
        "type": "Turnout",
        "Structure_Category": "Turnout (TO)",
        "canal_name": "LATERAL C-NORTH",
        "station": "STA 1+407.4",
        "station_m": 1407.38,
        "offset_m": 4.65,
        "ele": 3.17,
        "desc": "",
        "comment": "",
        "images": "1000GRMN/DSC00099.jpg",
        "elevation_m": 3.17,
        "photo_filename": "DSC00099.jpg",
        "photo_path": "1000GRMN/DSC00099.jpg",
        "surveyor_comment": null,
        "survey_date": "2023-8-24"
      }
    },
    {
      "type": "Feature",
      "geometry": {
        "type": "Point",
        "coordinates": [
          118.487503,
          9.341066
        ]
      },
      "properties": {
        "id": 964,
        "name": "MTO#10-L/S-LAT CN",
        "type": "Turnout",
        "Structure_Category": "Turnout (TO)",
        "canal_name": "LATERAL C-NORTH",
        "station": "STA 1+718.6",
        "station_m": 1718.61,
        "offset_m": 1.47,
        "ele": 3.16,
        "desc": "",
        "comment": "",
        "images": "1000GRMN/DSC00100.jpg",
        "elevation_m": 3.16,
        "photo_filename": "DSC00100.jpg",
        "photo_path": "1000GRMN/DSC00100.jpg",
        "surveyor_comment": null,
        "survey_date": "2023-8-24"
      }
    },
    {
      "type": "Feature",
      "geometry": {
        "type": "Point",
        "coordinates": [
          118.487993,
          9.340802
        ]
      },
      "properties": {
        "id": 966,
        "name": "MTO#12-R/S-LAT CN",
        "type": "Turnout",
        "Structure_Category": "Turnout (TO)",
        "canal_name": "LATERAL C-NORTH",
        "station": "STA 1+780.0",
        "station_m": 1779.99,
        "offset_m": 2.87,
        "ele": 3.17,
        "desc": "",
        "comment": "",
        "images": "1000GRMN/DSC00102.jpg",
        "elevation_m": 3.17,
        "photo_filename": "DSC00102.jpg",
        "photo_path": "1000GRMN/DSC00102.jpg",
        "surveyor_comment": null,
        "survey_date": "2023-8-24"
      }
    },
    {
      "type": "Feature",
      "geometry": {
        "type": "Point",
        "coordinates": [
          118.488006,
          9.340812
        ]
      },
      "properties": {
        "id": 965,
        "name": "MTO#11-L/S-LAT CN",
        "type": "Turnout",
        "Structure_Category": "Turnout (TO)",
        "canal_name": "LATERAL C-NORTH",
        "station": "STA 1+780.8",
        "station_m": 1780.76,
        "offset_m": 1.23,
        "ele": 3.16,
        "desc": "",
        "comment": "",
        "images": "1000GRMN/DSC00101.jpg",
        "elevation_m": 3.16,
        "photo_filename": "DSC00101.jpg",
        "photo_path": "1000GRMN/DSC00101.jpg",
        "surveyor_comment": null,
        "survey_date": "2023-8-24"
      }
    },
    {
      "type": "Feature",
      "geometry": {
        "type": "Point",
        "coordinates": [
          118.488906,
          9.340361
        ]
      },
      "properties": {
        "id": 968,
        "name": "MTO#13-L/S-LAT CN",
        "type": "Turnout",
        "Structure_Category": "Turnout (TO)",
        "canal_name": "LATERAL C-NORTH",
        "station": "STA 1+890.2",
        "station_m": 1890.2,
        "offset_m": 7.26,
        "ele": 0.08,
        "desc": "",
        "comment": "",
        "images": "1000GRMN/DSC00104.jpg",
        "elevation_m": 0.08,
        "photo_filename": "DSC00104.jpg",
        "photo_path": "1000GRMN/DSC00104.jpg",
        "surveyor_comment": null,
        "survey_date": "2023-8-24"
      }
    },
    {
      "type": "Feature",
      "geometry": {
        "type": "Point",
        "coordinates": [
          118.489147,
          9.339974
        ]
      },
      "properties": {
        "id": 969,
        "name": "MTO#14-L/S-LAT CN",
        "type": "Turnout",
        "Structure_Category": "Turnout (TO)",
        "canal_name": "LATERAL C-NORTH",
        "station": "STA 1+940.5",
        "station_m": 1940.48,
        "offset_m": 3.02,
        "ele": 0.08,
        "desc": "",
        "comment": "",
        "images": "1000GRMN/DSC00105.jpg",
        "elevation_m": 0.08,
        "photo_filename": "DSC00105.jpg",
        "photo_path": "1000GRMN/DSC00105.jpg",
        "surveyor_comment": null,
        "survey_date": "2023-8-24"
      }
    },
    {
      "type": "Feature",
      "geometry": {
        "type": "Point",
        "coordinates": [
          118.489329,
          9.339681
        ]
      },
      "properties": {
        "id": 970,
        "name": "MTO#15-R/S-LAT CN",
        "type": "Turnout",
        "Structure_Category": "Turnout (TO)",
        "canal_name": "LATERAL C-NORTH",
        "station": "STA 1+978.5",
        "station_m": 1978.52,
        "offset_m": 0.23,
        "ele": 0.08,
        "desc": "",
        "comment": "",
        "images": "1000GRMN/DSC00106.jpg",
        "elevation_m": 0.08,
        "photo_filename": "DSC00106.jpg",
        "photo_path": "1000GRMN/DSC00106.jpg",
        "surveyor_comment": null,
        "survey_date": "2023-8-24"
      }
    },
    {
      "type": "Feature",
      "geometry": {
        "type": "Point",
        "coordinates": [
          118.489463,
          9.339533
        ]
      },
      "properties": {
        "id": 971,
        "name": "MTO#16-R/S-LAT CN",
        "type": "Turnout",
        "Structure_Category": "Turnout (TO)",
        "canal_name": "LATERAL C-NORTH",
        "station": "STA 2+000.7",
        "station_m": 2000.67,
        "offset_m": 0.49,
        "ele": 0.07,
        "desc": "",
        "comment": "",
        "images": "1000GRMN/DSC00107.jpg",
        "elevation_m": 0.07,
        "photo_filename": "DSC00107.jpg",
        "photo_path": "1000GRMN/DSC00107.jpg",
        "surveyor_comment": null,
        "survey_date": "2023-8-24"
      }
    },
    {
      "type": "Feature",
      "geometry": {
        "type": "Point",
        "coordinates": [
          118.482383,
          9.387359
        ]
      },
      "properties": {
        "id": 519,
        "name": "DMTO#3-R/S-TIGMAN MC",
        "type": "Turnout",
        "Structure_Category": "Turnout (TO)",
        "canal_name": "TIGMAN MAIN CANAL",
        "station": "STA 3+511.9",
        "station_m": 3511.92,
        "offset_m": 0,
        "ele": -15.83,
        "desc": "",
        "comment": "",
        "images": "1000GRMN/DSC00066.jpg",
        "elevation_m": -15.83,
        "photo_filename": "DSC00066.jpg",
        "photo_path": "1000GRMN/DSC00066.jpg",
        "surveyor_comment": null,
        "survey_date": "2023-9-6"
      }
    },
    {
      "type": "Feature",
      "geometry": {
        "type": "Point",
        "coordinates": [
          118.489895,
          9.3394
        ]
      },
      "properties": {
        "id": 972,
        "name": "ENCD CHECK-LAT-CN-CY 2023",
        "type": "Station",
        "Structure_Category": "Other Structures",
        "canal_name": "LATERAL C-NORTH",
        "station": "STA 2+051.4",
        "station_m": 2051.4,
        "offset_m": 0,
        "ele": 0.08,
        "desc": "",
        "comment": "",
        "images": "1000GRMN/DSC00108.jpg",
        "elevation_m": 0.08,
        "photo_filename": "DSC00108.jpg",
        "photo_path": "1000GRMN/DSC00108.jpg",
        "surveyor_comment": null,
        "survey_date": "2023-8-24"
      }
    },
    {
      "type": "Feature",
      "geometry": {
        "type": "Point",
        "coordinates": [
          118.491039,
          9.389074
        ]
      },
      "properties": {
        "id": 567,
        "name": "THRESHER CROSSING COMB. DROP",
        "type": "Thresher Crossing",
        "Structure_Category": "Thresher Crossing",
        "canal_name": "TIGMAN LATERAL B",
        "station": "STA 0+438.1",
        "station_m": 438.14,
        "offset_m": 0,
        "ele": 29.05,
        "desc": "",
        "comment": "",
        "images": "1000GRMN/DSC00203.jpg",
        "elevation_m": 29.05,
        "photo_filename": "DSC00203.jpg",
        "photo_path": "1000GRMN/DSC00203.jpg",
        "surveyor_comment": null,
        "survey_date": "2023-9-12"
      }
    },
    {
      "type": "Feature",
      "geometry": {
        "type": "Point",
        "coordinates": [
          118.45551,
          9.392389
        ]
      },
      "properties": {
        "id": 527,
        "name": "END V- LINING/ START OF EARTH CANAL",
        "type": "Station",
        "Structure_Category": "Other Structures",
        "canal_name": "TIGMAN SUPP.CANAL",
        "station": "STA 2+464.6",
        "station_m": 2464.61,
        "offset_m": 0,
        "ele": -13.44,
        "desc": "",
        "comment": "",
        "images": "1000GRMN/DSC00403.jpg",
        "elevation_m": -13.44,
        "photo_filename": "DSC00403.jpg",
        "photo_path": "1000GRMN/DSC00403.jpg",
        "surveyor_comment": null,
        "survey_date": "2023-9-6"
      }
    },
    {
      "type": "Feature",
      "geometry": {
        "type": "Point",
        "coordinates": [
          118.455446,
          9.397015
        ]
      },
      "properties": {
        "id": 534,
        "name": "END TRAPEZOIDAL CANAL/ START OF EARTH CANAL",
        "type": "Station",
        "Structure_Category": "Other Structures",
        "canal_name": "TIGMAN SUPP.CANAL",
        "station": "STA 1+943.0",
        "station_m": 1943.03,
        "offset_m": 0,
        "ele": -13.43,
        "desc": "",
        "comment": "",
        "images": "1000GRMN/DSC00410.jpg",
        "elevation_m": -13.43,
        "photo_filename": "DSC00410.jpg",
        "photo_path": "1000GRMN/DSC00410.jpg",
        "surveyor_comment": null,
        "survey_date": "2023-9-6"
      }
    },
    {
      "type": "Feature",
      "geometry": {
        "type": "Point",
        "coordinates": [
          118.458413,
          9.399169
        ]
      },
      "properties": {
        "id": 540,
        "name": "END TRAPEZOIDAL CANAL/ START OF V-LINING",
        "type": "Station",
        "Structure_Category": "Other Structures",
        "canal_name": "TIGMAN SUPP.CANAL",
        "station": "STA 1+532.7",
        "station_m": 1532.7,
        "offset_m": 0,
        "ele": -16.7,
        "desc": "",
        "comment": "",
        "images": "1000GRMN/DSC00416.jpg",
        "elevation_m": -16.7,
        "photo_filename": "DSC00416.jpg",
        "photo_path": "1000GRMN/DSC00416.jpg",
        "surveyor_comment": null,
        "survey_date": "2023-9-6"
      }
    },
    {
      "type": "Feature",
      "geometry": {
        "type": "Point",
        "coordinates": [
          118.463893,
          9.40481
        ]
      },
      "properties": {
        "id": 549,
        "name": "END EARTH CANAL/ START OF TRAPEZOIDAL CANAL",
        "type": "Station",
        "Structure_Category": "Other Structures",
        "canal_name": "TIGMAN SUPP.CANAL",
        "station": "STA 0+413.1",
        "station_m": 413.08,
        "offset_m": 0,
        "ele": -16.7,
        "desc": "",
        "comment": "",
        "images": "1000GRMN/DSC00425.jpg",
        "elevation_m": -16.7,
        "photo_filename": "DSC00425.jpg",
        "photo_path": "1000GRMN/DSC00425.jpg",
        "surveyor_comment": null,
        "survey_date": "2023-9-6"
      }
    },
    {
      "type": "Feature",
      "geometry": {
        "type": "Point",
        "coordinates": [
          118.496324,
          9.364588
        ]
      },
      "properties": {
        "id": 325,
        "name": "END TRAPEZOIDAL CANAL/ START OF V-LINING",
        "type": "Station",
        "Structure_Category": "Other Structures",
        "canal_name": "LATERAL A-NORTH-2",
        "station": "STA 0+439.9",
        "station_m": 439.92,
        "offset_m": 0,
        "ele": 27.51,
        "desc": "",
        "comment": "",
        "images": "1000GRMN/DSC00374.jpg",
        "elevation_m": 27.51,
        "photo_filename": "DSC00374.jpg",
        "photo_path": "1000GRMN/DSC00374.jpg",
        "surveyor_comment": null,
        "survey_date": "2023-8-30"
      }
    },
    {
      "type": "Feature",
      "geometry": {
        "type": "Point",
        "coordinates": [
          118.50773,
          9.359766
        ]
      },
      "properties": {
        "id": 339,
        "name": "RCP CART CROSSING",
        "type": "Thresher Crossing",
        "Structure_Category": "Thresher Crossing",
        "canal_name": "LATERAL A-NORTH-2",
        "station": "STA 1+845.8",
        "station_m": 1845.77,
        "offset_m": 0,
        "ele": 22.93,
        "desc": "",
        "comment": "",
        "images": "1000GRMN/DSC00388.jpg",
        "elevation_m": 22.93,
        "photo_filename": "DSC00388.jpg",
        "photo_path": "1000GRMN/DSC00388.jpg",
        "surveyor_comment": null,
        "survey_date": "2023-8-30"
      }
    },
    {
      "type": "Feature",
      "geometry": {
        "type": "Point",
        "coordinates": [
          118.513786,
          9.359627
        ]
      },
      "properties": {
        "id": 347,
        "name": "THRESHER CROSSING/ END CHECK",
        "type": "Station",
        "Structure_Category": "Thresher Crossing",
        "canal_name": "LATERAL A-NORTH-2",
        "station": "STA 2+540.8",
        "station_m": 2540.82,
        "offset_m": 0,
        "ele": 20.32,
        "desc": "",
        "comment": "",
        "images": "1000GRMN/DSC00396.jpg",
        "elevation_m": 20.32,
        "photo_filename": "DSC00396.jpg",
        "photo_path": "1000GRMN/DSC00396.jpg",
        "surveyor_comment": null,
        "survey_date": "2023-8-30"
      }
    },
    {
      "type": "Feature",
      "geometry": {
        "type": "Point",
        "coordinates": [
          118.462654,
          9.387574
        ]
      },
      "properties": {
        "id": 351,
        "name": "INCLINED DROP",
        "type": "Drop",
        "Structure_Category": "Drop",
        "canal_name": "LATERAL A-NORTH",
        "station": "STA 1+992.7",
        "station_m": 1992.65,
        "offset_m": 0,
        "ele": 55.28,
        "desc": "",
        "comment": "",
        "images": "1000GRMN/DSC00106.jpg",
        "elevation_m": 55.28,
        "photo_filename": "DSC00106.jpg",
        "photo_path": "1000GRMN/DSC00106.jpg",
        "surveyor_comment": null,
        "survey_date": "2023-8-31"
      }
    },
    {
      "type": "Feature",
      "geometry": {
        "type": "Point",
        "coordinates": [
          118.511253,
          9.366257
        ]
      },
      "properties": {
        "id": 1017,
        "name": "073",
        "type": "Other Structures",
        "Structure_Category": "Other Structures",
        "canal_name": "LAT-AN3 SUPPLY CANAL",
        "station": "STA 2+194.8",
        "station_m": 2194.77,
        "offset_m": 1.39,
        "ele": 11.02,
        "desc": "",
        "comment": "End check",
        "images": "1000GRMN/DSC00055.jpg",
        "elevation_m": 11.02,
        "photo_filename": "DSC00055.jpg",
        "photo_path": "1000GRMN/DSC00055.jpg",
        "surveyor_comment": "End check",
        "survey_date": "2023-11-17"
      }
    },
    {
      "type": "Feature",
      "geometry": {
        "type": "Point",
        "coordinates": [
          118.495728,
          9.366144
        ]
      },
      "properties": {
        "id": 989,
        "name": "CHECK GATE",
        "type": "Check Gate",
        "Structure_Category": "Check Gate",
        "canal_name": "LAT-AN3 SUPPLY CANAL",
        "station": "STA 0+000.0",
        "station_m": 0,
        "offset_m": 0,
        "ele": 12.16,
        "desc": "",
        "comment": "Suppy canal paradise telleng",
        "images": "1000GRMN/DSC00025.jpg",
        "elevation_m": 12.16,
        "photo_filename": "DSC00025.jpg",
        "photo_path": "1000GRMN/DSC00025.jpg",
        "surveyor_comment": "Suppy canal paradise telleng",
        "survey_date": "2023-11-17"
      }
    },
    {
      "type": "Feature",
      "geometry": {
        "type": "Point",
        "coordinates": [
          118.462641,
          9.387574
        ]
      },
      "properties": {
        "id": 1018,
        "name": "HEAD GATE LAT-AN-1",
        "type": "Head Gate",
        "Structure_Category": "Head Gate",
        "canal_name": "LATERAL A-NORTH",
        "station": "STA 1+991.2",
        "station_m": 1991.22,
        "offset_m": 0,
        "ele": 8.53,
        "desc": "",
        "comment": "Hdgt of AN1",
        "images": "1000GRMN/DSC00051.jpg",
        "elevation_m": 8.53,
        "photo_filename": "DSC00051.jpg",
        "photo_path": "1000GRMN/DSC00051.jpg",
        "surveyor_comment": "Hdgt of AN1",
        "survey_date": "2023-11-17"
      }
    },
    {
      "type": "Feature",
      "geometry": {
        "type": "Point",
        "coordinates": [
          118.462618,
          9.381111
        ]
      },
      "properties": {
        "id": 365,
        "name": "UNAUTHORIZED TURNOUT",
        "type": "Unauthorized Turnout",
        "Structure_Category": "Turnout (TO)",
        "canal_name": "LATERAL A-NORTH-1",
        "station": "STA 0+787.6",
        "station_m": 787.6,
        "offset_m": 0,
        "ele": 55.28,
        "desc": "",
        "comment": "",
        "images": "1000GRMN/DSC00120.jpg",
        "elevation_m": 55.28,
        "photo_filename": "DSC00120.jpg",
        "photo_path": "1000GRMN/DSC00120.jpg",
        "surveyor_comment": null,
        "survey_date": "2023-8-31"
      }
    },
    {
      "type": "Feature",
      "geometry": {
        "type": "Point",
        "coordinates": [
          118.470298,
          9.370707
        ]
      },
      "properties": {
        "id": 380,
        "name": "RCP CART CROSSING",
        "type": "Thresher Crossing",
        "Structure_Category": "Thresher Crossing",
        "canal_name": "LATERAL A-NORTH-1",
        "station": "STA 2+219.8",
        "station_m": 2219.77,
        "offset_m": 0,
        "ele": 47.75,
        "desc": "",
        "comment": "",
        "images": "1000GRMN/DSC00136.jpg",
        "elevation_m": 47.75,
        "photo_filename": "DSC00136.jpg",
        "photo_path": "1000GRMN/DSC00136.jpg",
        "surveyor_comment": null,
        "survey_date": "2023-8-31"
      }
    },
    {
      "type": "Feature",
      "geometry": {
        "type": "Point",
        "coordinates": [
          118.473459,
          9.365019
        ]
      },
      "properties": {
        "id": 388,
        "name": "END EARTH CANAL/ START V-LINING",
        "type": "Station",
        "Structure_Category": "Other Structures",
        "canal_name": "LATERAL A-NORTH-1",
        "station": "STA 2+941.2",
        "station_m": 2941.19,
        "offset_m": 0,
        "ele": 42.15,
        "desc": "",
        "comment": "",
        "images": "1000GRMN/DSC00144.jpg",
        "elevation_m": 42.15,
        "photo_filename": "DSC00144.jpg",
        "photo_path": "1000GRMN/DSC00144.jpg",
        "surveyor_comment": null,
        "survey_date": "2023-8-31"
      }
    },
    {
      "type": "Feature",
      "geometry": {
        "type": "Point",
        "coordinates": [
          118.455834,
          9.391889
        ]
      },
      "properties": {
        "id": 985,
        "name": "THRESHER CROSSING COMB. VERTICAL DROP",
        "type": "Thresher Crossing",
        "Structure_Category": "Thresher Crossing",
        "canal_name": "LATERAL A-NORTH",
        "station": "STA 1+087.7",
        "station_m": 1087.66,
        "offset_m": 0,
        "ele": 48.83,
        "desc": "",
        "comment": "Thresher crossing & inclined drop str",
        "images": "1000GRMN/DSC00227.jpg",
        "elevation_m": 48.83,
        "photo_filename": "DSC00227.jpg",
        "photo_path": "1000GRMN/DSC00227.jpg",
        "surveyor_comment": "Thresher crossing & inclined drop str",
        "survey_date": "2023-11-7"
      }
    },
    {
      "type": "Feature",
      "geometry": {
        "type": "Point",
        "coordinates": [
          118.49742,
          9.367177
        ]
      },
      "properties": {
        "id": 993,
        "name": "END EARTH CANAL AND START CANAL LINING",
        "type": "Station",
        "Structure_Category": "Other Structures",
        "canal_name": "LAT-AN3 SUPPLY CANAL",
        "station": "STA 0+237.1",
        "station_m": 237.07,
        "offset_m": 0,
        "ele": 12.6,
        "desc": "",
        "comment": "Canal lining (start)",
        "images": "1000GRMN/DSC00029.jpg",
        "elevation_m": 12.6,
        "photo_filename": "DSC00029.jpg",
        "photo_path": "1000GRMN/DSC00029.jpg",
        "surveyor_comment": "Canal lining (start)",
        "survey_date": "2023-11-17"
      }
    },
    {
      "type": "Feature",
      "geometry": {
        "type": "Point",
        "coordinates": [
          118.49815,
          9.368727
        ]
      },
      "properties": {
        "id": 995,
        "name": "UNAUTHORIZED TURNOUT",
        "type": "Unauthorized Turnout",
        "Structure_Category": "Turnout (TO)",
        "canal_name": "LAT-AN3 SUPPLY CANAL",
        "station": "STA 0+430.6",
        "station_m": 430.55,
        "offset_m": 0,
        "ele": 12.49,
        "desc": "",
        "comment": "Turn out (R/S)",
        "images": "1000GRMN/DSC00031.jpg",
        "elevation_m": 12.49,
        "photo_filename": "DSC00031.jpg",
        "photo_path": "1000GRMN/DSC00031.jpg",
        "surveyor_comment": "Turn out (R/S)",
        "survey_date": "2023-11-17"
      }
    },
    {
      "type": "Feature",
      "geometry": {
        "type": "Point",
        "coordinates": [
          118.498449,
          9.368987
        ]
      },
      "properties": {
        "id": 996,
        "name": "END V- LINING, START OF EART CANAL",
        "type": "Station",
        "Structure_Category": "Other Structures",
        "canal_name": "LAT-AN3 SUPPLY CANAL",
        "station": "STA 0+474.7",
        "station_m": 474.7,
        "offset_m": 0,
        "ele": 12.33,
        "desc": "",
        "comment": "Vertical lining (end) & earth canal (start)",
        "images": "1000GRMN/DSC00032.jpg",
        "elevation_m": 12.33,
        "photo_filename": "DSC00032.jpg",
        "photo_path": "1000GRMN/DSC00032.jpg",
        "surveyor_comment": "Vertical lining (end) & earth canal (start)",
        "survey_date": "2023-11-17"
      }
    },
    {
      "type": "Feature",
      "geometry": {
        "type": "Point",
        "coordinates": [
          118.499875,
          9.36931
        ]
      },
      "properties": {
        "id": 998,
        "name": "RCP CROSSING",
        "type": "Road Crossing",
        "Structure_Category": "Road Crossing",
        "canal_name": "LAT-AN3 SUPPLY CANAL",
        "station": "STA 0+635.8",
        "station_m": 635.81,
        "offset_m": 0.32,
        "ele": 12.39,
        "desc": "",
        "comment": "Rcp crossing str",
        "images": "1000GRMN/DSC00034.jpg",
        "elevation_m": 12.39,
        "photo_filename": "DSC00034.jpg",
        "photo_path": "1000GRMN/DSC00034.jpg",
        "surveyor_comment": "Rcp crossing str",
        "survey_date": "2023-11-17"
      }
    },
    {
      "type": "Feature",
      "geometry": {
        "type": "Point",
        "coordinates": [
          118.504234,
          9.369233
        ]
      },
      "properties": {
        "id": 1001,
        "name": "RCP CROSSING",
        "type": "Road Crossing",
        "Structure_Category": "Road Crossing",
        "canal_name": "LAT-AN3 SUPPLY CANAL",
        "station": "STA 1+197.8",
        "station_m": 1197.79,
        "offset_m": 0,
        "ele": 12.39,
        "desc": "",
        "comment": "Rcp crossing str",
        "images": "1000GRMN/DSC00037.jpg",
        "elevation_m": 12.39,
        "photo_filename": "DSC00037.jpg",
        "photo_path": "1000GRMN/DSC00037.jpg",
        "surveyor_comment": "Rcp crossing str",
        "survey_date": "2023-11-17"
      }
    },
    {
      "type": "Feature",
      "geometry": {
        "type": "Point",
        "coordinates": [
          118.506476,
          9.369722
        ]
      },
      "properties": {
        "id": 1006,
        "name": "END OF V-LINING, START OF EARTH CANAL",
        "type": "Station",
        "Structure_Category": "Other Structures",
        "canal_name": "LAT-AN3 SUPPLY CANAL",
        "station": "STA 1+536.3",
        "station_m": 1536.35,
        "offset_m": 0,
        "ele": 12.06,
        "desc": "",
        "comment": "Vertical lining (end)",
        "images": "1000GRMN/DSC00042.jpg",
        "elevation_m": 12.06,
        "photo_filename": "DSC00042.jpg",
        "photo_path": "1000GRMN/DSC00042.jpg",
        "surveyor_comment": "Vertical lining (end)",
        "survey_date": "2023-11-17"
      }
    },
    {
      "type": "Feature",
      "geometry": {
        "type": "Point",
        "coordinates": [
          118.504909,
          9.369863
        ]
      },
      "properties": {
        "id": 1002,
        "name": "RCP CROSSING",
        "type": "Road Crossing",
        "Structure_Category": "Road Crossing",
        "canal_name": "LAT-AN3 SUPPLY CANAL",
        "station": "STA 1+299.8",
        "station_m": 1299.8,
        "offset_m": 0,
        "ele": 12.38,
        "desc": "",
        "comment": "Rcp crossing str",
        "images": "1000GRMN/DSC00038.jpg",
        "elevation_m": 12.38,
        "photo_filename": "DSC00038.jpg",
        "photo_path": "1000GRMN/DSC00038.jpg",
        "surveyor_comment": "Rcp crossing str",
        "survey_date": "2023-11-17"
      }
    },
    {
      "type": "Feature",
      "geometry": {
        "type": "Point",
        "coordinates": [
          118.505157,
          9.370216
        ]
      },
      "properties": {
        "id": 1003,
        "name": "RCP CROSSING",
        "type": "Road Crossing",
        "Structure_Category": "Road Crossing",
        "canal_name": "LAT-AN3 SUPPLY CANAL",
        "station": "STA 1+347.5",
        "station_m": 1347.53,
        "offset_m": 0,
        "ele": 11.92,
        "desc": "",
        "comment": "Rcp crossing str",
        "images": "1000GRMN/DSC00039.jpg",
        "elevation_m": 11.92,
        "photo_filename": "DSC00039.jpg",
        "photo_path": "1000GRMN/DSC00039.jpg",
        "surveyor_comment": "Rcp crossing str",
        "survey_date": "2023-11-17"
      }
    },
    {
      "type": "Feature",
      "geometry": {
        "type": "Point",
        "coordinates": [
          118.505185,
          9.370262
        ]
      },
      "properties": {
        "id": 1004,
        "name": "END EARTH CANAL, START OF V-LINING",
        "type": "Station",
        "Structure_Category": "Other Structures",
        "canal_name": "LAT-AN3 SUPPLY CANAL",
        "station": "STA 1+353.5",
        "station_m": 1353.5,
        "offset_m": 0,
        "ele": 11.92,
        "desc": "",
        "comment": "Earth canal (end) vertical lining (start)",
        "images": "1000GRMN/DSC00040.jpg",
        "elevation_m": 11.92,
        "photo_filename": "DSC00040.jpg",
        "photo_path": "1000GRMN/DSC00040.jpg",
        "surveyor_comment": "Earth canal (end) vertical lining (start)",
        "survey_date": "2023-11-17"
      }
    },
    {
      "type": "Feature",
      "geometry": {
        "type": "Point",
        "coordinates": [
          118.508694,
          9.367654
        ]
      },
      "properties": {
        "id": 1007,
        "name": "RCP RD CROSSING",
        "type": "Road Crossing",
        "Structure_Category": "Road Crossing",
        "canal_name": "LAT-AN3 SUPPLY CANAL",
        "station": "STA 1+871.4",
        "station_m": 1871.4,
        "offset_m": 0,
        "ele": 12.05,
        "desc": "",
        "comment": "Rcp crossing str",
        "images": "1000GRMN/DSC00043.jpg",
        "elevation_m": 12.05,
        "photo_filename": "DSC00043.jpg",
        "photo_path": "1000GRMN/DSC00043.jpg",
        "surveyor_comment": "Rcp crossing str",
        "survey_date": "2023-11-17"
      }
    },
    {
      "type": "Feature",
      "geometry": {
        "type": "Point",
        "coordinates": [
          118.508714,
          9.367599
        ]
      },
      "properties": {
        "id": 1008,
        "name": "END OF EARTH CANAL, START V-LINING",
        "type": "Station",
        "Structure_Category": "Other Structures",
        "canal_name": "LAT-AN3 SUPPLY CANAL",
        "station": "STA 1+877.9",
        "station_m": 1877.89,
        "offset_m": 0,
        "ele": 12.06,
        "desc": "",
        "comment": "Earth canal (end) & vertical lining (start)",
        "images": "1000GRMN/DSC00044.jpg",
        "elevation_m": 12.06,
        "photo_filename": "DSC00044.jpg",
        "photo_path": "1000GRMN/DSC00044.jpg",
        "surveyor_comment": "Earth canal (end) & vertical lining (start)",
        "survey_date": "2023-11-17"
      }
    },
    {
      "type": "Feature",
      "geometry": {
        "type": "Point",
        "coordinates": [
          118.420043,
          9.342996
        ]
      },
      "properties": {
        "id": 133,
        "name": "DRAINAGE INLET-GOOD",
        "type": "Drainage",
        "Structure_Category": "Drainage",
        "canal_name": "LATERAL A-SOUTH",
        "station": "STA 1+020.7",
        "station_m": 1020.68,
        "offset_m": 0.68,
        "ele": 2.15,
        "desc": "",
        "comment": "",
        "images": "1000GRMN/DSC00080.jpg",
        "elevation_m": 2.15,
        "photo_filename": "DSC00080.jpg",
        "photo_path": "1000GRMN/DSC00080.jpg",
        "surveyor_comment": null,
        "survey_date": "2023-8-17"
      }
    },
    {
      "type": "Feature",
      "geometry": {
        "type": "Point",
        "coordinates": [
          118.509839,
          9.367029
        ]
      },
      "properties": {
        "id": 1011,
        "name": "CART CROSSING",
        "type": "Thresher Crossing",
        "Structure_Category": "Thresher Crossing",
        "canal_name": "LAT-AN3 SUPPLY CANAL",
        "station": "STA 2+017.0",
        "station_m": 2017.04,
        "offset_m": 0,
        "ele": 12.06,
        "desc": "",
        "comment": "Cart x-ing",
        "images": "1000GRMN/DSC00047.jpg",
        "elevation_m": 12.06,
        "photo_filename": "DSC00047.jpg",
        "photo_path": "1000GRMN/DSC00047.jpg",
        "surveyor_comment": "Cart x-ing",
        "survey_date": "2023-11-17"
      }
    },
    {
      "type": "Feature",
      "geometry": {
        "type": "Point",
        "coordinates": [
          118.510569,
          9.366615
        ]
      },
      "properties": {
        "id": 1014,
        "name": "CART CROSSING",
        "type": "Thresher Crossing",
        "Structure_Category": "Thresher Crossing",
        "canal_name": "LAT-AN3 SUPPLY CANAL",
        "station": "STA 2+109.6",
        "station_m": 2109.63,
        "offset_m": 0,
        "ele": 11.02,
        "desc": "",
        "comment": "",
        "images": "1000GRMN/DSC00052.jpg",
        "elevation_m": 11.02,
        "photo_filename": "DSC00052.jpg",
        "photo_path": "1000GRMN/DSC00052.jpg",
        "surveyor_comment": null,
        "survey_date": "2023-11-17"
      }
    },
    {
      "type": "Feature",
      "geometry": {
        "type": "Point",
        "coordinates": [
          118.511265,
          9.366265
        ]
      },
      "properties": {
        "id": 1016,
        "name": "END V- LINING, START OF EARTH CANAL",
        "type": "Station",
        "Structure_Category": "Other Structures",
        "canal_name": "LAT-AN3 SUPPLY CANAL",
        "station": "STA 2+195.6",
        "station_m": 2195.55,
        "offset_m": 0,
        "ele": 11.02,
        "desc": "",
        "comment": "Lining end &earth canal start",
        "images": "1000GRMN/DSC00054.jpg",
        "elevation_m": 11.02,
        "photo_filename": "DSC00054.jpg",
        "photo_path": "1000GRMN/DSC00054.jpg",
        "surveyor_comment": "Lining end &earth canal start",
        "survey_date": "2023-11-17"
      }
    },
    {
      "type": "Feature",
      "geometry": {
        "type": "Point",
        "coordinates": [
          118.50928,
          9.367309
        ]
      },
      "properties": {
        "id": 1009,
        "name": "RCP RD CROSSING",
        "type": "Thresher Crossing",
        "Structure_Category": "Thresher Crossing",
        "canal_name": "LAT-AN3 SUPPLY CANAL",
        "station": "STA 1+948.0",
        "station_m": 1948.03,
        "offset_m": 0,
        "ele": 12.06,
        "desc": "",
        "comment": "Rcp crossing str",
        "images": "1000GRMN/DSC00046.jpg",
        "elevation_m": 12.06,
        "photo_filename": "DSC00046.jpg",
        "photo_path": "1000GRMN/DSC00046.jpg",
        "surveyor_comment": "Rcp crossing str",
        "survey_date": "2023-11-17"
      }
    },
    {
      "type": "Feature",
      "geometry": {
        "type": "Point",
        "coordinates": [
          118.497352,
          9.367061
        ]
      },
      "properties": {
        "id": 992,
        "name": "MTO#1-R/S-LAT AN-3",
        "type": "Turnout",
        "Structure_Category": "Turnout (TO)",
        "canal_name": "LAT-AN3 SUPPLY CANAL",
        "station": "STA 0+222.6",
        "station_m": 222.56,
        "offset_m": 3.02,
        "ele": 12.6,
        "desc": "",
        "comment": "Turn out #1 (R/S)",
        "images": "1000GRMN/DSC00028.jpg",
        "elevation_m": 12.6,
        "photo_filename": "DSC00028.jpg",
        "photo_path": "1000GRMN/DSC00028.jpg",
        "surveyor_comment": "Turn out #1 (R/S)",
        "survey_date": "2023-11-17"
      }
    },
    {
      "type": "Feature",
      "geometry": {
        "type": "Point",
        "coordinates": [
          118.43245,
          9.392534
        ]
      },
      "properties": {
        "id": 31,
        "name": "DMTO #1 (L/S)-STA. 0+244.57",
        "type": "Turnout",
        "Structure_Category": "Turnout (TO)",
        "canal_name": "SOUTH MAIN CANAL",
        "station": "STA 0+255.9",
        "station_m": 255.91,
        "offset_m": 0,
        "ele": 9.32,
        "desc": "",
        "comment": "",
        "images": "1000GRMN/DSC00004.jpg",
        "elevation_m": 9.32,
        "photo_filename": "DSC00004.jpg",
        "photo_path": "1000GRMN/DSC00004.jpg",
        "surveyor_comment": null,
        "survey_date": "2023-8-15"
      }
    },
    {
      "type": "Feature",
      "geometry": {
        "type": "Point",
        "coordinates": [
          118.430921,
          9.382955
        ]
      },
      "properties": {
        "id": 37,
        "name": "SIPHON #1-OUTLET",
        "type": "Siphon",
        "Structure_Category": "Siphon",
        "canal_name": "SOUTH MAIN CANAL",
        "station": "STA 1+369.8",
        "station_m": 1369.81,
        "offset_m": 0,
        "ele": 9.43,
        "desc": "",
        "comment": "",
        "images": "1000GRMN/DSC00010.jpg",
        "elevation_m": 9.43,
        "photo_filename": "DSC00010.jpg",
        "photo_path": "1000GRMN/DSC00010.jpg",
        "surveyor_comment": null,
        "survey_date": "2023-8-15"
      }
    },
    {
      "type": "Feature",
      "geometry": {
        "type": "Point",
        "coordinates": [
          118.429002,
          9.368613
        ]
      },
      "properties": {
        "id": 47,
        "name": "DMTO #7- L/S",
        "type": "Turnout",
        "Structure_Category": "Turnout (TO)",
        "canal_name": "SOUTH MAIN CANAL",
        "station": "STA 2+991.9",
        "station_m": 2991.93,
        "offset_m": 0,
        "ele": 20.78,
        "desc": "",
        "comment": "",
        "images": "1000GRMN/DSC00021.jpg",
        "elevation_m": 20.78,
        "photo_filename": "DSC00021.jpg",
        "photo_path": "1000GRMN/DSC00021.jpg",
        "surveyor_comment": null,
        "survey_date": "2023-8-15"
      }
    },
    {
      "type": "Feature",
      "geometry": {
        "type": "Point",
        "coordinates": [
          118.425342,
          9.36018
        ]
      },
      "properties": {
        "id": 54,
        "name": "SIPHON #4- INLET",
        "type": "Siphon",
        "Structure_Category": "Siphon",
        "canal_name": "SOUTH MAIN CANAL",
        "station": "STA 4+090.2",
        "station_m": 4090.19,
        "offset_m": 0,
        "ele": 20.79,
        "desc": "",
        "comment": "",
        "images": "1000GRMN/DSC00029.jpg",
        "elevation_m": 20.79,
        "photo_filename": "DSC00029.jpg",
        "photo_path": "1000GRMN/DSC00029.jpg",
        "surveyor_comment": null,
        "survey_date": "2023-8-15"
      }
    },
    {
      "type": "Feature",
      "geometry": {
        "type": "Point",
        "coordinates": [
          118.425818,
          9.354386
        ]
      },
      "properties": {
        "id": 58,
        "name": "THRESHER CROSSING",
        "type": "Thresher Crossing",
        "Structure_Category": "Thresher Crossing",
        "canal_name": "SOUTH MAIN CANAL",
        "station": "STA 4+743.5",
        "station_m": 4743.46,
        "offset_m": 0,
        "ele": 20.78,
        "desc": "",
        "comment": "",
        "images": "1000GRMN/DSC00033.jpg",
        "elevation_m": 20.78,
        "photo_filename": "DSC00033.jpg",
        "photo_path": "1000GRMN/DSC00033.jpg",
        "surveyor_comment": null,
        "survey_date": "2023-8-15"
      }
    },
    {
      "type": "Feature",
      "geometry": {
        "type": "Point",
        "coordinates": [
          118.430114,
          9.345505
        ]
      },
      "properties": {
        "id": 64,
        "name": "DMTO #9-R STA.  -SMC",
        "type": "Turnout",
        "Structure_Category": "Turnout (TO)",
        "canal_name": "SOUTH MAIN CANAL",
        "station": "STA 6+118.3",
        "station_m": 6118.32,
        "offset_m": 0,
        "ele": 18.64,
        "desc": "",
        "comment": "",
        "images": "1000GRMN/DSC00041.jpg",
        "elevation_m": 18.64,
        "photo_filename": "DSC00041.jpg",
        "photo_path": "1000GRMN/DSC00041.jpg",
        "surveyor_comment": null,
        "survey_date": "2023-8-15"
      }
    },
    {
      "type": "Feature",
      "geometry": {
        "type": "Point",
        "coordinates": [
          118.467666,
          9.320338
        ]
      },
      "properties": {
        "id": 815,
        "name": "MTO #9-R/S - LAT DS",
        "type": "Turnout",
        "Structure_Category": "Turnout (TO)",
        "canal_name": "LATERAL D-SOUTH",
        "station": "STA 1+842.8",
        "station_m": 1842.84,
        "offset_m": 0,
        "ele": -31.75,
        "desc": "",
        "comment": "Turn out #9 (R/S)",
        "images": "1000GRMN/DSC00101.jpg",
        "elevation_m": -31.75,
        "photo_filename": "DSC00101.jpg",
        "photo_path": "1000GRMN/DSC00101.jpg",
        "surveyor_comment": "Turn out #9 (R/S)",
        "survey_date": "2023-10-19"
      }
    },
    {
      "type": "Feature",
      "geometry": {
        "type": "Point",
        "coordinates": [
          118.497422,
          9.367186
        ]
      },
      "properties": {
        "id": 994,
        "name": "MTO#2-R/S-LAT AN-3",
        "type": "Turnout",
        "Structure_Category": "Turnout (TO)",
        "canal_name": "LAT-AN3 SUPPLY CANAL",
        "station": "STA 0+237.9",
        "station_m": 237.95,
        "offset_m": 0.51,
        "ele": 12.6,
        "desc": "",
        "comment": "Turn out #2 (R/S)",
        "images": "1000GRMN/DSC00030.jpg",
        "elevation_m": 12.6,
        "photo_filename": "DSC00030.jpg",
        "photo_path": "1000GRMN/DSC00030.jpg",
        "surveyor_comment": "Turn out #2 (R/S)",
        "survey_date": "2023-11-17"
      }
    },
    {
      "type": "Feature",
      "geometry": {
        "type": "Point",
        "coordinates": [
          118.499875,
          9.369313
        ]
      },
      "properties": {
        "id": 997,
        "name": "MTO#3-R/S-LAT AN-3",
        "type": "Turnout",
        "Structure_Category": "Turnout (TO)",
        "canal_name": "LAT-AN3 SUPPLY CANAL",
        "station": "STA 0+635.9",
        "station_m": 635.88,
        "offset_m": 0,
        "ele": 12.39,
        "desc": "",
        "comment": "Turn out #3 (R/S)",
        "images": "1000GRMN/DSC00033.jpg",
        "elevation_m": 12.39,
        "photo_filename": "DSC00033.jpg",
        "photo_path": "1000GRMN/DSC00033.jpg",
        "surveyor_comment": "Turn out #3 (R/S)",
        "survey_date": "2023-11-17"
      }
    },
    {
      "type": "Feature",
      "geometry": {
        "type": "Point",
        "coordinates": [
          118.50004,
          9.369344
        ]
      },
      "properties": {
        "id": 999,
        "name": "MTO#4-L/S-LAT AN-3",
        "type": "Turnout",
        "Structure_Category": "Turnout (TO)",
        "canal_name": "LAT-AN3 SUPPLY CANAL",
        "station": "STA 0+654.4",
        "station_m": 654.37,
        "offset_m": 0,
        "ele": 12.39,
        "desc": "",
        "comment": "Turn out #4 (L/S)",
        "images": "1000GRMN/DSC00035.jpg",
        "elevation_m": 12.39,
        "photo_filename": "DSC00035.jpg",
        "photo_path": "1000GRMN/DSC00035.jpg",
        "surveyor_comment": "Turn out #4 (L/S)",
        "survey_date": "2023-11-17"
      }
    },
    {
      "type": "Feature",
      "geometry": {
        "type": "Point",
        "coordinates": [
          118.509725,
          9.367098
        ]
      },
      "properties": {
        "id": 1010,
        "name": "MTO#7-R/S-LAT AN-3",
        "type": "Turnout",
        "Structure_Category": "Turnout (TO)",
        "canal_name": "LAT-AN3 SUPPLY CANAL",
        "station": "STA 2+002.3",
        "station_m": 2002.34,
        "offset_m": 0,
        "ele": 12.06,
        "desc": "",
        "comment": "TO #7",
        "images": "1000GRMN/DSC00046.jpg",
        "elevation_m": 12.06,
        "photo_filename": "DSC00046.jpg",
        "photo_path": "1000GRMN/DSC00046.jpg",
        "surveyor_comment": "TO #7",
        "survey_date": "2023-11-17"
      }
    },
    {
      "type": "Feature",
      "geometry": {
        "type": "Point",
        "coordinates": [
          118.510076,
          9.3669
        ]
      },
      "properties": {
        "id": 1012,
        "name": "MTO#8-R/S-LAT AN-3",
        "type": "Turnout",
        "Structure_Category": "Turnout (TO)",
        "canal_name": "LAT-AN3 SUPPLY CANAL",
        "station": "STA 2+046.8",
        "station_m": 2046.8,
        "offset_m": 0,
        "ele": 12.05,
        "desc": "",
        "comment": "To #8",
        "images": "1000GRMN/DSC00049.jpg",
        "elevation_m": 12.05,
        "photo_filename": "DSC00049.jpg",
        "photo_path": "1000GRMN/DSC00049.jpg",
        "surveyor_comment": "To #8",
        "survey_date": "2023-11-17"
      }
    },
    {
      "type": "Feature",
      "geometry": {
        "type": "Point",
        "coordinates": [
          118.510522,
          9.366656
        ]
      },
      "properties": {
        "id": 1013,
        "name": "MTO#9-L/S-LAT AN-3",
        "type": "Turnout",
        "Structure_Category": "Turnout (TO)",
        "canal_name": "LAT-AN3 SUPPLY CANAL",
        "station": "STA 2+102.9",
        "station_m": 2102.87,
        "offset_m": 1.33,
        "ele": 12.06,
        "desc": "",
        "comment": "TO#9",
        "images": "1000GRMN/DSC00050.jpg",
        "elevation_m": 12.06,
        "photo_filename": "DSC00050.jpg",
        "photo_path": "1000GRMN/DSC00050.jpg",
        "surveyor_comment": "TO#9",
        "survey_date": "2023-11-17"
      }
    },
    {
      "type": "Feature",
      "geometry": {
        "type": "Point",
        "coordinates": [
          118.511264,
          9.366248
        ]
      },
      "properties": {
        "id": 1015,
        "name": "MTO#10-L/S-LAT AN-3",
        "type": "Turnout",
        "Structure_Category": "Turnout (TO)",
        "canal_name": "LAT-AN3 SUPPLY CANAL",
        "station": "STA 2+195.6",
        "station_m": 2195.55,
        "offset_m": 1.89,
        "ele": 11.02,
        "desc": "",
        "comment": "To#9",
        "images": "1000GRMN/DSC00053.jpg",
        "elevation_m": 11.02,
        "photo_filename": "DSC00053.jpg",
        "photo_path": "1000GRMN/DSC00053.jpg",
        "surveyor_comment": "To#9",
        "survey_date": "2023-11-17"
      }
    },
    {
      "type": "Feature",
      "geometry": {
        "type": "Point",
        "coordinates": [
          118.50643,
          9.369754
        ]
      },
      "properties": {
        "id": 1005,
        "name": "MTO#6-L/S-LAT AN-3",
        "type": "Turnout",
        "Structure_Category": "Turnout (TO)",
        "canal_name": "LAT-AN3 SUPPLY CANAL",
        "station": "STA 1+530.2",
        "station_m": 1530.22,
        "offset_m": 0.81,
        "ele": 12.06,
        "desc": "",
        "comment": "Turn out #6 R/S)",
        "images": "1000GRMN/DSC00041.jpg",
        "elevation_m": 12.06,
        "photo_filename": "DSC00041.jpg",
        "photo_path": "1000GRMN/DSC00041.jpg",
        "surveyor_comment": "Turn out #6 R/S)",
        "survey_date": "2023-11-17"
      }
    },
    {
      "type": "Feature",
      "geometry": {
        "type": "Point",
        "coordinates": [
          118.418813,
          9.341859
        ]
      },
      "properties": {
        "id": 136,
        "name": "MTO#5-LAT AS-L- NOT FUNCTIONAL",
        "type": "Turnout",
        "Structure_Category": "Turnout (TO)",
        "canal_name": "LATERAL A-SOUTH",
        "station": "STA 1+206.5",
        "station_m": 1206.5,
        "offset_m": 2.04,
        "ele": 2.16,
        "desc": "",
        "comment": "",
        "images": "1000GRMN/DSC00083.jpg",
        "elevation_m": 2.16,
        "photo_filename": "DSC00083.jpg",
        "photo_path": "1000GRMN/DSC00083.jpg",
        "surveyor_comment": null,
        "survey_date": "2023-8-17"
      }
    },
    {
      "type": "Feature",
      "geometry": {
        "type": "Point",
        "coordinates": [
          118.404741,
          9.359169
        ]
      },
      "properties": {
        "id": 1019,
        "name": "INTAKE STRUCTURE",
        "type": "Intake",
        "Structure_Category": "Inlet",
        "canal_name": "MC OF ESTRELLA DAM",
        "station": "STA 0+000.0",
        "station_m": 0,
        "offset_m": 0,
        "ele": 95.55,
        "desc": "",
        "comment": "Intake",
        "images": "1000GRMN/DSC00142.jpg",
        "elevation_m": 95.55,
        "photo_filename": "DSC00142.jpg",
        "photo_path": "1000GRMN/DSC00142.jpg",
        "surveyor_comment": "Intake",
        "survey_date": "2025-10-9"
      }
    },
    {
      "type": "Feature",
      "geometry": {
        "type": "Point",
        "coordinates": [
          118.430905,
          9.318012
        ]
      },
      "properties": {
        "id": 261,
        "name": "MTO#16-LAT BS-R",
        "type": "Turnout",
        "Structure_Category": "Turnout (TO)",
        "canal_name": "LATERAL B-SOUTH",
        "station": "STA 2+812.8",
        "station_m": 2812.76,
        "offset_m": 0,
        "ele": 5.05,
        "desc": "",
        "comment": "",
        "images": "1000GRMN/DSC00211.jpg",
        "elevation_m": 5.05,
        "photo_filename": "DSC00211.jpg",
        "photo_path": "1000GRMN/DSC00211.jpg",
        "surveyor_comment": null,
        "survey_date": "2023-8-18"
      }
    },
    {
      "type": "Feature",
      "geometry": {
        "type": "Point",
        "coordinates": [
          118.421868,
          9.312355
        ]
      },
      "properties": {
        "id": 254,
        "name": "MTO#21-LAT BS-L",
        "type": "Turnout",
        "Structure_Category": "Turnout (TO)",
        "canal_name": "LATERAL B-SOUTH",
        "station": "STA 4+122.8",
        "station_m": 4122.81,
        "offset_m": 1.37,
        "ele": 2.88,
        "desc": "",
        "comment": "",
        "images": "1000GRMN/DSC00204.jpg",
        "elevation_m": 2.88,
        "photo_filename": "DSC00204.jpg",
        "photo_path": "1000GRMN/DSC00204.jpg",
        "surveyor_comment": null,
        "survey_date": "2023-8-18"
      }
    },
    {
      "type": "Feature",
      "geometry": {
        "type": "Point",
        "coordinates": [
          118.454354,
          9.325538
        ]
      },
      "properties": {
        "id": 66,
        "name": "DMTO #25-R/S - SMC",
        "type": "Turnout",
        "Structure_Category": "Turnout (TO)",
        "canal_name": "SOUTH MAIN CANAL",
        "station": "STA 9+596.7",
        "station_m": 9596.74,
        "offset_m": 1.45,
        "ele": -17.61,
        "desc": "",
        "comment": "",
        "images": "1000GRMN/DSC00043.jpg",
        "elevation_m": -17.61,
        "photo_filename": "DSC00043.jpg",
        "photo_path": "1000GRMN/DSC00043.jpg",
        "surveyor_comment": null,
        "survey_date": "2023-8-16"
      }
    },
    {
      "type": "Feature",
      "geometry": {
        "type": "Point",
        "coordinates": [
          118.443727,
          9.321036
        ]
      },
      "properties": {
        "id": 851,
        "name": "MTO #4-L/S-LAT CS",
        "type": "Turnout",
        "Structure_Category": "Turnout (TO)",
        "canal_name": "LATERAL C-SOUTH",
        "station": "STA 1+168.8",
        "station_m": 1168.82,
        "offset_m": 1.91,
        "ele": 21.06,
        "desc": "",
        "comment": "",
        "images": "1000GRMN/DSC00022.jpg",
        "elevation_m": 21.06,
        "photo_filename": "DSC00022.jpg",
        "photo_path": "1000GRMN/DSC00022.jpg",
        "surveyor_comment": null,
        "survey_date": "2023-8-22"
      }
    },
    {
      "type": "Feature",
      "geometry": {
        "type": "Point",
        "coordinates": [
          118.440403,
          9.316835
        ]
      },
      "properties": {
        "id": 871,
        "name": "MTO #11-L/S-LAT CS",
        "type": "Turnout",
        "Structure_Category": "Turnout (TO)",
        "canal_name": "LATERAL C-SOUTH",
        "station": "STA 1+762.0",
        "station_m": 1762.05,
        "offset_m": 4.44,
        "ele": 21.03,
        "desc": "",
        "comment": "",
        "images": "1000GRMN/DSC00042.jpg",
        "elevation_m": 21.03,
        "photo_filename": "DSC00042.jpg",
        "photo_path": "1000GRMN/DSC00042.jpg",
        "surveyor_comment": null,
        "survey_date": "2023-8-22"
      }
    },
    {
      "type": "Feature",
      "geometry": {
        "type": "Point",
        "coordinates": [
          118.446382,
          9.389181
        ]
      },
      "properties": {
        "id": 644,
        "name": "DMTO#1-R/S-NMC",
        "type": "Turnout",
        "Structure_Category": "Turnout (TO)",
        "canal_name": "NORTH MAIN CANAL",
        "station": "STA 1+610.3",
        "station_m": 1610.27,
        "offset_m": 5.71,
        "ele": -23.79,
        "desc": "",
        "comment": "",
        "images": "1000GRMN/DSC00466.jpg",
        "elevation_m": -23.79,
        "photo_filename": "DSC00466.jpg",
        "photo_path": "1000GRMN/DSC00466.jpg",
        "surveyor_comment": null,
        "survey_date": "2023-9-21"
      }
    },
    {
      "type": "Feature",
      "geometry": {
        "type": "Point",
        "coordinates": [
          118.452312,
          9.367111
        ]
      },
      "properties": {
        "id": 675,
        "name": "DMTO#10-R/S-NMC",
        "type": "Turnout",
        "Structure_Category": "Turnout (TO)",
        "canal_name": "NORTH MAIN CANAL",
        "station": "STA 4+383.0",
        "station_m": 4382.97,
        "offset_m": 1.68,
        "ele": -28.15,
        "desc": "",
        "comment": "",
        "images": "1000GRMN/DSC00497.jpg",
        "elevation_m": -28.15,
        "photo_filename": "DSC00497.jpg",
        "photo_path": "1000GRMN/DSC00497.jpg",
        "surveyor_comment": null,
        "survey_date": "2023-9-22"
      }
    },
    {
      "type": "Feature",
      "geometry": {
        "type": "Point",
        "coordinates": [
          118.453091,
          9.362634
        ]
      },
      "properties": {
        "id": 679,
        "name": "DMTO#11-L/S-NMC",
        "type": "Turnout",
        "Structure_Category": "Turnout (TO)",
        "canal_name": "NORTH MAIN CANAL",
        "station": "STA 4+893.8",
        "station_m": 4893.81,
        "offset_m": 1.16,
        "ele": -28.16,
        "desc": "",
        "comment": "",
        "images": "1000GRMN/DSC00501.jpg",
        "elevation_m": -28.16,
        "photo_filename": "DSC00501.jpg",
        "photo_path": "1000GRMN/DSC00501.jpg",
        "surveyor_comment": null,
        "survey_date": "2023-9-22"
      }
    },
    {
      "type": "Feature",
      "geometry": {
        "type": "Point",
        "coordinates": [
          118.453065,
          9.362619
        ]
      },
      "properties": {
        "id": 680,
        "name": "DMTO#12-R/S-NMC",
        "type": "Turnout",
        "Structure_Category": "Turnout (TO)",
        "canal_name": "NORTH MAIN CANAL",
        "station": "STA 4+894.5",
        "station_m": 4894.51,
        "offset_m": 2.07,
        "ele": -28.16,
        "desc": "",
        "comment": "",
        "images": "1000GRMN/DSC00502.jpg",
        "elevation_m": -28.16,
        "photo_filename": "DSC00502.jpg",
        "photo_path": "1000GRMN/DSC00502.jpg",
        "surveyor_comment": null,
        "survey_date": "2023-9-22"
      }
    },
    {
      "type": "Feature",
      "geometry": {
        "type": "Point",
        "coordinates": [
          118.472191,
          9.341458
        ]
      },
      "properties": {
        "id": 928,
        "name": "DMTO#22-R/S-NMC",
        "type": "Turnout",
        "Structure_Category": "Turnout (TO)",
        "canal_name": "NORTH MAIN CANAL",
        "station": "STA 8+280.1",
        "station_m": 8280.12,
        "offset_m": 0.22,
        "ele": 8.74,
        "desc": "",
        "comment": "",
        "images": "1000GRMN/DSC00062.jpg",
        "elevation_m": 8.74,
        "photo_filename": "DSC00062.jpg",
        "photo_path": "1000GRMN/DSC00062.jpg",
        "surveyor_comment": null,
        "survey_date": "2023-8-24"
      }
    },
    {
      "type": "Feature",
      "geometry": {
        "type": "Point",
        "coordinates": [
          118.451772,
          9.391119
        ]
      },
      "properties": {
        "id": 982,
        "name": "MTO#1-R/S-LAT AN",
        "type": "Turnout",
        "Structure_Category": "Turnout (TO)",
        "canal_name": "LATERAL A-NORTH",
        "station": "STA 0+626.3",
        "station_m": 626.27,
        "offset_m": 7.33,
        "ele": 48.84,
        "desc": "",
        "comment": "Turn out #1 (R/S)",
        "images": "1000GRMN/DSC00224.jpg",
        "elevation_m": 48.84,
        "photo_filename": "DSC00224.jpg",
        "photo_path": "1000GRMN/DSC00224.jpg",
        "surveyor_comment": "Turn out #1 (R/S)",
        "survey_date": "2023-11-7"
      }
    },
    {
      "type": "Feature",
      "geometry": {
        "type": "Point",
        "coordinates": [
          118.466747,
          9.389493
        ]
      },
      "properties": {
        "id": 730,
        "name": "MTO#6-L/S-LAT AN",
        "type": "Turnout",
        "Structure_Category": "Turnout (TO)",
        "canal_name": "LATERAL A-NORTH",
        "station": "STA 2+584.6",
        "station_m": 2584.57,
        "offset_m": 0,
        "ele": -12.55,
        "desc": "",
        "comment": "",
        "images": "1000GRMN/DSC00214.jpg",
        "elevation_m": -12.55,
        "photo_filename": "DSC00214.jpg",
        "photo_path": "1000GRMN/DSC00214.jpg",
        "surveyor_comment": null,
        "survey_date": "2023-9-27"
      }
    },
    {
      "type": "Feature",
      "geometry": {
        "type": "Point",
        "coordinates": [
          118.46701,
          9.322126
        ]
      },
      "properties": {
        "id": 811,
        "name": "MTO #6-R/S - LAT DS",
        "type": "Turnout",
        "Structure_Category": "Turnout (TO)",
        "canal_name": "LATERAL D-SOUTH",
        "station": "STA 1+577.8",
        "station_m": 1577.83,
        "offset_m": 0,
        "ele": -37.47,
        "desc": "",
        "comment": "Tur out #6 (R/S)",
        "images": "1000GRMN/DSC00096.jpg",
        "elevation_m": -37.47,
        "photo_filename": "DSC00096.jpg",
        "photo_path": "1000GRMN/DSC00096.jpg",
        "surveyor_comment": "Tur out #6 (R/S)",
        "survey_date": "2023-10-19"
      }
    },
    {
      "type": "Feature",
      "geometry": {
        "type": "Point",
        "coordinates": [
          118.47264,
          9.384189
        ]
      },
      "properties": {
        "id": 737,
        "name": "MTO#8-L/S-LAT AN",
        "type": "Turnout",
        "Structure_Category": "Turnout (TO)",
        "canal_name": "LATERAL A-NORTH",
        "station": "STA 3+481.4",
        "station_m": 3481.41,
        "offset_m": 1.78,
        "ele": -12.56,
        "desc": "",
        "comment": "",
        "images": "1000GRMN/DSC00221.jpg",
        "elevation_m": -12.56,
        "photo_filename": "DSC00221.jpg",
        "photo_path": "1000GRMN/DSC00221.jpg",
        "surveyor_comment": null,
        "survey_date": "2023-9-27"
      }
    },
    {
      "type": "Feature",
      "geometry": {
        "type": "Point",
        "coordinates": [
          118.492484,
          9.365475
        ]
      },
      "properties": {
        "id": 319,
        "name": "MTO#19-L/S-LAT AN",
        "type": "Turnout",
        "Structure_Category": "Turnout (TO)",
        "canal_name": "LATERAL A-NORTH-2",
        "station": "STA 0+004.2",
        "station_m": 4.19,
        "offset_m": 0,
        "ele": 25.05,
        "desc": "",
        "comment": "",
        "images": "1000GRMN/DSC00368.jpg",
        "elevation_m": 25.05,
        "photo_filename": "DSC00368.jpg",
        "photo_path": "1000GRMN/DSC00368.jpg",
        "surveyor_comment": null,
        "survey_date": "2023-8-30"
      }
    },
    {
      "type": "Feature",
      "geometry": {
        "type": "Point",
        "coordinates": [
          118.463167,
          9.387149
        ]
      },
      "properties": {
        "id": 354,
        "name": "MTO#1-R/S-LAT AN-1",
        "type": "Turnout",
        "Structure_Category": "Turnout (TO)",
        "canal_name": "LATERAL A-NORTH-1",
        "station": "STA 0+075.5",
        "station_m": 75.49,
        "offset_m": 0,
        "ele": 55.29,
        "desc": "",
        "comment": "",
        "images": "1000GRMN/DSC00109.jpg",
        "elevation_m": 55.29,
        "photo_filename": "DSC00109.jpg",
        "photo_path": "1000GRMN/DSC00109.jpg",
        "surveyor_comment": null,
        "survey_date": "2023-8-31"
      }
    },
    {
      "type": "Feature",
      "geometry": {
        "type": "Point",
        "coordinates": [
          118.46697,
          9.375528
        ]
      },
      "properties": {
        "id": 373,
        "name": "MTO#5-L/S-LAT AN-1",
        "type": "Turnout",
        "Structure_Category": "Turnout (TO)",
        "canal_name": "LATERAL A-NORTH-1",
        "station": "STA 1+571.5",
        "station_m": 1571.48,
        "offset_m": 2.52,
        "ele": 47.76,
        "desc": "",
        "comment": "",
        "images": "1000GRMN/DSC00129.jpg",
        "elevation_m": 47.76,
        "photo_filename": "DSC00129.jpg",
        "photo_path": "1000GRMN/DSC00129.jpg",
        "surveyor_comment": null,
        "survey_date": "2023-8-31"
      }
    },
    {
      "type": "Feature",
      "geometry": {
        "type": "Point",
        "coordinates": [
          118.462316,
          9.364574
        ]
      },
      "properties": {
        "id": 411,
        "name": "MTO#4-R/S-LAT BN",
        "type": "Turnout",
        "Structure_Category": "Turnout (TO)",
        "canal_name": "LATERAL B-NORTH",
        "station": "STA 1+399.1",
        "station_m": 1399.11,
        "offset_m": 0,
        "ele": -3.09,
        "desc": "",
        "comment": "",
        "images": "1000GRMN/DSC00127.jpg",
        "elevation_m": -3.09,
        "photo_filename": "DSC00127.jpg",
        "photo_path": "1000GRMN/DSC00127.jpg",
        "surveyor_comment": null,
        "survey_date": "2023-9-1"
      }
    },
    {
      "type": "Feature",
      "geometry": {
        "type": "Point",
        "coordinates": [
          118.432774,
          9.410863
        ]
      },
      "properties": {
        "id": 439,
        "name": "DMTO#5-L/S-MANAILE MC-STA. 1+651.90",
        "type": "Turnout",
        "Structure_Category": "Turnout (TO)",
        "canal_name": "MANAILE MAIN CANAL",
        "station": "STA 1+650.1",
        "station_m": 1650.13,
        "offset_m": 0,
        "ele": 35.29,
        "desc": "",
        "comment": "",
        "images": "1000GRMN/DSC00156.jpg",
        "elevation_m": 35.29,
        "photo_filename": "DSC00156.jpg",
        "photo_path": "1000GRMN/DSC00156.jpg",
        "surveyor_comment": null,
        "survey_date": "2023-9-4"
      }
    },
    {
      "type": "Feature",
      "geometry": {
        "type": "Point",
        "coordinates": [
          118.469963,
          9.403042
        ]
      },
      "properties": {
        "id": 506,
        "name": "DMTO#1-R/S-TIGMAN MC",
        "type": "Turnout",
        "Structure_Category": "Turnout (TO)",
        "canal_name": "TIGMAN MAIN CANAL",
        "station": "STA 0+593.9",
        "station_m": 593.86,
        "offset_m": 3.15,
        "ele": -23.9,
        "desc": "",
        "comment": "",
        "images": "1000GRMN/DSC00053.jpg",
        "elevation_m": -23.9,
        "photo_filename": "DSC00053.jpg",
        "photo_path": "1000GRMN/DSC00053.jpg",
        "surveyor_comment": null,
        "survey_date": "2023-9-6"
      }
    },
    {
      "type": "Feature",
      "geometry": {
        "type": "Point",
        "coordinates": [
          118.492647,
          9.383458
        ]
      },
      "properties": {
        "id": 583,
        "name": "MTO#1-R/S-TIGMAN LAT A",
        "type": "Turnout",
        "Structure_Category": "Turnout (TO)",
        "canal_name": "TIGMAN LATERAL A",
        "station": "STA 0+946.5",
        "station_m": 946.5,
        "offset_m": 4.44,
        "ele": -19.87,
        "desc": "",
        "comment": "",
        "images": "1000GRMN/DSC00436.jpg",
        "elevation_m": -19.87,
        "photo_filename": "DSC00436.jpg",
        "photo_path": "1000GRMN/DSC00436.jpg",
        "surveyor_comment": null,
        "survey_date": "2023-9-14"
      }
    },
    {
      "type": "Feature",
      "geometry": {
        "type": "Point",
        "coordinates": [
          118.493227,
          9.388439
        ]
      },
      "properties": {
        "id": 569,
        "name": "MTO#2-L/S-TIGMAN LAT B",
        "type": "Turnout",
        "Structure_Category": "Turnout (TO)",
        "canal_name": "TIGMAN LATERAL B",
        "station": "STA 0+689.4",
        "station_m": 689.38,
        "offset_m": 2.4,
        "ele": 29.05,
        "desc": "",
        "comment": "",
        "images": "1000GRMN/DSC00205.jpg",
        "elevation_m": 29.05,
        "photo_filename": "DSC00205.jpg",
        "photo_path": "1000GRMN/DSC00205.jpg",
        "surveyor_comment": null,
        "survey_date": "2023-9-12"
      }
    },
    {
      "type": "Feature",
      "geometry": {
        "type": "Point",
        "coordinates": [
          118.504225,
          9.369264
        ]
      },
      "properties": {
        "id": 1000,
        "name": "MTO#5-L/S-LAT AN-3",
        "type": "Turnout",
        "Structure_Category": "Turnout (TO)",
        "canal_name": "LAT-AN3 SUPPLY CANAL",
        "station": "STA 1+199.4",
        "station_m": 1199.42,
        "offset_m": 3.18,
        "ele": 12.38,
        "desc": "",
        "comment": "Turn out #5 (L/S)",
        "images": "1000GRMN/DSC00036.jpg",
        "elevation_m": 12.38,
        "photo_filename": "DSC00036.jpg",
        "photo_path": "1000GRMN/DSC00036.jpg",
        "surveyor_comment": "Turn out #5 (L/S)",
        "survey_date": "2023-11-17"
      }
    },
    {
      "type": "Feature",
      "geometry": {
        "type": "Point",
        "coordinates": [
          118.434399,
          9.332965
        ]
      },
      "properties": {
        "id": 206,
        "name": "MTO#3-LAT BS-R",
        "type": "Turnout",
        "Structure_Category": "Turnout (TO)",
        "canal_name": "LATERAL B-SOUTH",
        "station": "STA 0+780.7",
        "station_m": 780.67,
        "offset_m": 0.65,
        "ele": 22.84,
        "desc": "",
        "comment": "",
        "images": "1000GRMN/DSC00155.jpg",
        "elevation_m": 22.84,
        "photo_filename": "DSC00155.jpg",
        "photo_path": "1000GRMN/DSC00155.jpg",
        "surveyor_comment": null,
        "survey_date": "2023-8-17"
      }
    },
    {
      "type": "Feature",
      "geometry": {
        "type": "Point",
        "coordinates": [
          118.405026,
          9.358861
        ]
      },
      "properties": {
        "id": 1020,
        "name": "SILT EJECTOR",
        "type": "Outtake",
        "Structure_Category": "Drainage",
        "canal_name": "MC OF ESTRELLA DAM",
        "station": "STA 0+048.1",
        "station_m": 48.15,
        "offset_m": 2.06,
        "ele": 95.54,
        "desc": "",
        "comment": "Silt ejector",
        "images": "1000GRMN/DSC00143.jpg",
        "elevation_m": 95.54,
        "photo_filename": "DSC00143.jpg",
        "photo_path": "1000GRMN/DSC00143.jpg",
        "surveyor_comment": "Silt ejector",
        "survey_date": "2025-10-9"
      }
    },
    {
      "type": "Feature",
      "geometry": {
        "type": "Point",
        "coordinates": [
          118.405017,
          9.358834
        ]
      },
      "properties": {
        "id": 1021,
        "name": "CHECK GATE",
        "type": "Check Gate",
        "Structure_Category": "Check Gate",
        "canal_name": "MC OF ESTRELLA DAM",
        "station": "STA 0+050.6",
        "station_m": 50.64,
        "offset_m": 0.12,
        "ele": 95.54,
        "desc": "",
        "comment": "Check gate",
        "images": "1000GRMN/DSC00144.jpg",
        "elevation_m": 95.54,
        "photo_filename": "DSC00144.jpg",
        "photo_path": "1000GRMN/DSC00144.jpg",
        "surveyor_comment": "Check gate",
        "survey_date": "2025-10-9"
      }
    },
    {
      "type": "Feature",
      "geometry": {
        "type": "Point",
        "coordinates": [
          118.405077,
          9.358538
        ]
      },
      "properties": {
        "id": 1022,
        "name": "MANHOLE #1",
        "type": "Settling Basin",
        "Structure_Category": "Other Structures",
        "canal_name": "MC OF ESTRELLA DAM",
        "station": "STA 0+083.8",
        "station_m": 83.78,
        "offset_m": 4.66,
        "ele": 95.54,
        "desc": "",
        "comment": "Manhole 1",
        "images": "1000GRMN/DSC00145.jpg",
        "elevation_m": 95.54,
        "photo_filename": "DSC00145.jpg",
        "photo_path": "1000GRMN/DSC00145.jpg",
        "surveyor_comment": "Manhole 1",
        "survey_date": "2025-10-9"
      }
    },
    {
      "type": "Feature",
      "geometry": {
        "type": "Point",
        "coordinates": [
          118.405254,
          9.358231
        ]
      },
      "properties": {
        "id": 1023,
        "name": "MANHOLE #2",
        "type": "Settling Basin",
        "Structure_Category": "Other Structures",
        "canal_name": "MC OF ESTRELLA DAM",
        "station": "STA 0+122.4",
        "station_m": 122.4,
        "offset_m": 2.29,
        "ele": 95.54,
        "desc": "",
        "comment": "Mh2",
        "images": "1000GRMN/DSC00146.jpg",
        "elevation_m": 95.54,
        "photo_filename": "DSC00146.jpg",
        "photo_path": "1000GRMN/DSC00146.jpg",
        "surveyor_comment": "Mh2",
        "survey_date": "2025-10-9"
      }
    },
    {
      "type": "Feature",
      "geometry": {
        "type": "Point",
        "coordinates": [
          118.405212,
          9.358214
        ]
      },
      "properties": {
        "id": 1024,
        "name": "MANHOLE #3",
        "type": "Settling Basin",
        "Structure_Category": "Other Structures",
        "canal_name": "MC OF ESTRELLA DAM",
        "station": "STA 0+122.6",
        "station_m": 122.63,
        "offset_m": 2.7,
        "ele": 95.54,
        "desc": "",
        "comment": "Mh3",
        "images": "1000GRMN/DSC00147.jpg",
        "elevation_m": 95.54,
        "photo_filename": "DSC00147.jpg",
        "photo_path": "1000GRMN/DSC00147.jpg",
        "surveyor_comment": "Mh3",
        "survey_date": "2025-10-9"
      }
    },
    {
      "type": "Feature",
      "geometry": {
        "type": "Point",
        "coordinates": [
          118.405536,
          9.358011
        ]
      },
      "properties": {
        "id": 1025,
        "name": "MANHOLE #4",
        "type": "Settling Basin",
        "Structure_Category": "Other Structures",
        "canal_name": "MC OF ESTRELLA DAM",
        "station": "STA 0+171.0",
        "station_m": 171.03,
        "offset_m": 1.62,
        "ele": 95.53,
        "desc": "",
        "comment": "Mh4",
        "images": "1000GRMN/DSC00148.jpg",
        "elevation_m": 95.53,
        "photo_filename": "DSC00148.jpg",
        "photo_path": "1000GRMN/DSC00148.jpg",
        "surveyor_comment": "Mh4",
        "survey_date": "2025-10-9"
      }
    },
    {
      "type": "Feature",
      "geometry": {
        "type": "Point",
        "coordinates": [
          118.405932,
          9.357943
        ]
      },
      "properties": {
        "id": 1026,
        "name": "MANHOLE #5",
        "type": "Settling Basin",
        "Structure_Category": "Other Structures",
        "canal_name": "MC OF ESTRELLA DAM",
        "station": "STA 0+215.3",
        "station_m": 215.27,
        "offset_m": 0,
        "ele": 95.53,
        "desc": "",
        "comment": "Mh5",
        "images": "1000GRMN/DSC00149.jpg",
        "elevation_m": 95.53,
        "photo_filename": "DSC00149.jpg",
        "photo_path": "1000GRMN/DSC00149.jpg",
        "surveyor_comment": "Mh5",
        "survey_date": "2025-10-9"
      }
    },
    {
      "type": "Feature",
      "geometry": {
        "type": "Point",
        "coordinates": [
          118.406429,
          9.357951
        ]
      },
      "properties": {
        "id": 1027,
        "name": "END BARREL, START OF LINING",
        "type": "Other Structures",
        "Structure_Category": "Other Structures",
        "canal_name": "MC OF ESTRELLA DAM",
        "station": "STA 0+270.8",
        "station_m": 270.84,
        "offset_m": 7.76,
        "ele": 95.53,
        "desc": "",
        "comment": "Eng barrel start lining",
        "images": "1000GRMN/DSC00150.jpg",
        "elevation_m": 95.53,
        "photo_filename": "DSC00150.jpg",
        "photo_path": "1000GRMN/DSC00150.jpg",
        "surveyor_comment": "Eng barrel start lining",
        "survey_date": "2025-10-9"
      }
    },
    {
      "type": "Feature",
      "geometry": {
        "type": "Point",
        "coordinates": [
          118.40657,
          9.357894
        ]
      },
      "properties": {
        "id": 1028,
        "name": "HEADGATE-LAT-A",
        "type": "Head Gate",
        "Structure_Category": "Head Gate",
        "canal_name": "ESTRELLA DAM",
        "station": "STA 0+001.9",
        "station_m": 1.85,
        "offset_m": 0.96,
        "ele": 95.53,
        "desc": "",
        "comment": "Hd gt lat a",
        "images": "1000GRMN/DSC00151.jpg",
        "elevation_m": 95.53,
        "photo_filename": "DSC00151.jpg",
        "photo_path": "1000GRMN/DSC00151.jpg",
        "surveyor_comment": "Hd gt lat a",
        "survey_date": "2025-10-9"
      }
    },
    {
      "type": "Feature",
      "geometry": {
        "type": "Point",
        "coordinates": [
          118.406554,
          9.357884
        ]
      },
      "properties": {
        "id": 1029,
        "name": "CHECK GATE",
        "type": "Check Gate",
        "Structure_Category": "Check Gate",
        "canal_name": "MC OF ESTRELLA DAM",
        "station": "STA 0+284.4",
        "station_m": 284.43,
        "offset_m": 0,
        "ele": 95.53,
        "desc": "",
        "comment": "Check gt",
        "images": "1000GRMN/DSC00154.jpg",
        "elevation_m": 95.53,
        "photo_filename": "DSC00154.jpg",
        "photo_path": "1000GRMN/DSC00154.jpg",
        "surveyor_comment": "Check gt",
        "survey_date": "2025-10-9"
      }
    },
    {
      "type": "Feature",
      "geometry": {
        "type": "Point",
        "coordinates": [
          118.406895,
          9.357688
        ]
      },
      "properties": {
        "id": 1030,
        "name": "INCLINED DROP #1",
        "type": "Drop",
        "Structure_Category": "Drop",
        "canal_name": "MC OF ESTRELLA DAM",
        "station": "STA 0+327.8",
        "station_m": 327.83,
        "offset_m": 0.34,
        "ele": 95.53,
        "desc": "",
        "comment": "Inclined drp",
        "images": "1000GRMN/DSC00155.jpg",
        "elevation_m": 95.53,
        "photo_filename": "DSC00155.jpg",
        "photo_path": "1000GRMN/DSC00155.jpg",
        "surveyor_comment": "Inclined drp",
        "survey_date": "2025-10-9"
      }
    },
    {
      "type": "Feature",
      "geometry": {
        "type": "Point",
        "coordinates": [
          118.408294,
          9.356686
        ]
      },
      "properties": {
        "id": 1032,
        "name": "INCLINED DROP #3",
        "type": "Drop",
        "Structure_Category": "Drop",
        "canal_name": "MC OF ESTRELLA DAM",
        "station": "STA 0+518.1",
        "station_m": 518.14,
        "offset_m": 0,
        "ele": 95.52,
        "desc": "",
        "comment": "Inclined drp 3",
        "images": "1000GRMN/DSC00157.jpg",
        "elevation_m": 95.52,
        "photo_filename": "DSC00157.jpg",
        "photo_path": "1000GRMN/DSC00157.jpg",
        "surveyor_comment": "Inclined drp 3",
        "survey_date": "2025-10-9"
      }
    },
    {
      "type": "Feature",
      "geometry": {
        "type": "Point",
        "coordinates": [
          118.407983,
          9.356949
        ]
      },
      "properties": {
        "id": 1031,
        "name": "INCLINED DROP #2",
        "type": "Drop",
        "Structure_Category": "Drop",
        "canal_name": "MC OF ESTRELLA DAM",
        "station": "STA 0+473.1",
        "station_m": 473.11,
        "offset_m": 0.01,
        "ele": 95.52,
        "desc": "",
        "comment": "Inclined drp 2",
        "images": "1000GRMN/DSC00156.jpg",
        "elevation_m": 95.52,
        "photo_filename": "DSC00156.jpg",
        "photo_path": "1000GRMN/DSC00156.jpg",
        "surveyor_comment": "Inclined drp 2",
        "survey_date": "2025-10-9"
      }
    },
    {
      "type": "Feature",
      "geometry": {
        "type": "Point",
        "coordinates": [
          118.408809,
          9.356191
        ]
      },
      "properties": {
        "id": 1033,
        "name": "INCLINED DROP #4",
        "type": "Drop",
        "Structure_Category": "Drop",
        "canal_name": "MC OF ESTRELLA DAM",
        "station": "STA 0+597.1",
        "station_m": 597.08,
        "offset_m": 0,
        "ele": 95.51,
        "desc": "",
        "comment": "Inclined drp 4",
        "images": "1000GRMN/DSC00158.jpg",
        "elevation_m": 95.51,
        "photo_filename": "DSC00158.jpg",
        "photo_path": "1000GRMN/DSC00158.jpg",
        "surveyor_comment": "Inclined drp 4",
        "survey_date": "2025-10-9"
      }
    },
    {
      "type": "Feature",
      "geometry": {
        "type": "Point",
        "coordinates": [
          118.409035,
          9.356007
        ]
      },
      "properties": {
        "id": 1034,
        "name": "EXTNG ROAD CROSSING",
        "type": "Road Crossing",
        "Structure_Category": "Road Crossing",
        "canal_name": "MC OF ESTRELLA DAM",
        "station": "STA 0+629.3",
        "station_m": 629.27,
        "offset_m": 0,
        "ele": 92.6,
        "desc": "",
        "comment": "Extng rd x-ing",
        "images": "1000GRMN/DSC00159.jpg",
        "elevation_m": 92.6,
        "photo_filename": "DSC00159.jpg",
        "photo_path": "1000GRMN/DSC00159.jpg",
        "surveyor_comment": "Extng rd x-ing",
        "survey_date": "2025-10-9"
      }
    },
    {
      "type": "Feature",
      "geometry": {
        "type": "Point",
        "coordinates": [
          118.409093,
          9.355943
        ]
      },
      "properties": {
        "id": 1035,
        "name": "INCLINED DROP #5",
        "type": "Drop",
        "Structure_Category": "Drop",
        "canal_name": "MC OF ESTRELLA DAM",
        "station": "STA 0+638.8",
        "station_m": 638.82,
        "offset_m": 0,
        "ele": 92.94,
        "desc": "",
        "comment": "Inclined",
        "images": "1000GRMN/DSC00160.jpg",
        "elevation_m": 92.94,
        "photo_filename": "DSC00160.jpg",
        "photo_path": "1000GRMN/DSC00160.jpg",
        "surveyor_comment": "Inclined",
        "survey_date": "2025-10-9"
      }
    },
    {
      "type": "Feature",
      "geometry": {
        "type": "Point",
        "coordinates": [
          118.409752,
          9.355259
        ]
      },
      "properties": {
        "id": 1036,
        "name": "INCLINED DROP #6",
        "type": "Drop",
        "Structure_Category": "Drop",
        "canal_name": "MC OF ESTRELLA DAM",
        "station": "STA 0+743.8",
        "station_m": 743.82,
        "offset_m": 0,
        "ele": 88.08,
        "desc": "",
        "comment": "Inclined drp 6",
        "images": "1000GRMN/DSC00161.jpg",
        "elevation_m": 88.08,
        "photo_filename": "DSC00161.jpg",
        "photo_path": "1000GRMN/DSC00161.jpg",
        "surveyor_comment": "Inclined drp 6",
        "survey_date": "2025-10-9"
      }
    },
    {
      "type": "Feature",
      "geometry": {
        "type": "Point",
        "coordinates": [
          118.410585,
          9.354364
        ]
      },
      "properties": {
        "id": 1039,
        "name": "VERTICAL DROP #2",
        "type": "Drop",
        "Structure_Category": "Drop",
        "canal_name": "MC OF ESTRELLA DAM",
        "station": "STA 0+879.1",
        "station_m": 879.13,
        "offset_m": 0,
        "ele": 88.5,
        "desc": "",
        "comment": "V- drop2",
        "images": "1000GRMN/DSC00164.jpg",
        "elevation_m": 88.5,
        "photo_filename": "DSC00164.jpg",
        "photo_path": "1000GRMN/DSC00164.jpg",
        "surveyor_comment": "V- drop2",
        "survey_date": "2025-10-9"
      }
    },
    {
      "type": "Feature",
      "geometry": {
        "type": "Point",
        "coordinates": [
          118.410157,
          9.354805
        ]
      },
      "properties": {
        "id": 1037,
        "name": "DMTO#1-L",
        "type": "Turnout",
        "Structure_Category": "Turnout (TO)",
        "canal_name": "MC OF ESTRELLA DAM",
        "station": "STA 0+811.1",
        "station_m": 811.09,
        "offset_m": 0,
        "ele": 88.51,
        "desc": "",
        "comment": "Dmto 1-L",
        "images": "1000GRMN/DSC00162.jpg",
        "elevation_m": 88.51,
        "photo_filename": "DSC00162.jpg",
        "photo_path": "1000GRMN/DSC00162.jpg",
        "surveyor_comment": "Dmto 1-L",
        "survey_date": "2025-10-9"
      }
    },
    {
      "type": "Feature",
      "geometry": {
        "type": "Point",
        "coordinates": [
          118.410321,
          9.354612
        ]
      },
      "properties": {
        "id": 1038,
        "name": "VERTICAL DROP #1",
        "type": "Drop",
        "Structure_Category": "Drop",
        "canal_name": "MC OF ESTRELLA DAM",
        "station": "STA 0+839.1",
        "station_m": 839.1,
        "offset_m": 0,
        "ele": 88.51,
        "desc": "",
        "comment": "V-drop",
        "images": "1000GRMN/DSC00163.jpg",
        "elevation_m": 88.51,
        "photo_filename": "DSC00163.jpg",
        "photo_path": "1000GRMN/DSC00163.jpg",
        "surveyor_comment": "V-drop",
        "survey_date": "2025-10-9"
      }
    },
    {
      "type": "Feature",
      "geometry": {
        "type": "Point",
        "coordinates": [
          118.410813,
          9.354101
        ]
      },
      "properties": {
        "id": 1040,
        "name": "VERTICAL DROP #3",
        "type": "Drop",
        "Structure_Category": "Drop",
        "canal_name": "MC OF ESTRELLA DAM",
        "station": "STA 0+917.6",
        "station_m": 917.61,
        "offset_m": 0.47,
        "ele": 88.5,
        "desc": "",
        "comment": "V-drop3",
        "images": "1000GRMN/DSC00165.jpg",
        "elevation_m": 88.5,
        "photo_filename": "DSC00165.jpg",
        "photo_path": "1000GRMN/DSC00165.jpg",
        "surveyor_comment": "V-drop3",
        "survey_date": "2025-10-9"
      }
    },
    {
      "type": "Feature",
      "geometry": {
        "type": "Point",
        "coordinates": [
          118.411185,
          9.353689
        ]
      },
      "properties": {
        "id": 1041,
        "name": "VERTICAL DROP #4",
        "type": "Drop",
        "Structure_Category": "Drop",
        "canal_name": "MC OF ESTRELLA DAM",
        "station": "STA 0+979.0",
        "station_m": 979.01,
        "offset_m": 0.09,
        "ele": 84.63,
        "desc": "",
        "comment": "V-drop4",
        "images": "1000GRMN/DSC00166.jpg",
        "elevation_m": 84.63,
        "photo_filename": "DSC00166.jpg",
        "photo_path": "1000GRMN/DSC00166.jpg",
        "surveyor_comment": "V-drop4",
        "survey_date": "2025-10-9"
      }
    },
    {
      "type": "Feature",
      "geometry": {
        "type": "Point",
        "coordinates": [
          118.411438,
          9.353415
        ]
      },
      "properties": {
        "id": 1042,
        "name": "DMTO#2-R",
        "type": "Turnout",
        "Structure_Category": "Turnout (TO)",
        "canal_name": "MC OF ESTRELLA DAM",
        "station": "STA 1+020.2",
        "station_m": 1020.24,
        "offset_m": 0.2,
        "ele": 82.27,
        "desc": "",
        "comment": "Dmto2-r",
        "images": "1000GRMN/DSC00167.jpg",
        "elevation_m": 82.27,
        "photo_filename": "DSC00167.jpg",
        "photo_path": "1000GRMN/DSC00167.jpg",
        "surveyor_comment": "Dmto2-r",
        "survey_date": "2025-10-9"
      }
    },
    {
      "type": "Feature",
      "geometry": {
        "type": "Point",
        "coordinates": [
          118.411673,
          9.353157
        ]
      },
      "properties": {
        "id": 1043,
        "name": "VERTICAL DROP #5",
        "type": "Drop",
        "Structure_Category": "Drop",
        "canal_name": "MC OF ESTRELLA DAM",
        "station": "STA 1+058.8",
        "station_m": 1058.83,
        "offset_m": 0.04,
        "ele": 82.35,
        "desc": "",
        "comment": "V-drop5",
        "images": "1000GRMN/DSC00168.jpg",
        "elevation_m": 82.35,
        "photo_filename": "DSC00168.jpg",
        "photo_path": "1000GRMN/DSC00168.jpg",
        "surveyor_comment": "V-drop5",
        "survey_date": "2025-10-9"
      }
    },
    {
      "type": "Feature",
      "geometry": {
        "type": "Point",
        "coordinates": [
          118.412286,
          9.352489
        ]
      },
      "properties": {
        "id": 1044,
        "name": "VERTICAL DROP #6",
        "type": "Drop",
        "Structure_Category": "Drop",
        "canal_name": "MC OF ESTRELLA DAM",
        "station": "STA 1+159.1",
        "station_m": 1159.07,
        "offset_m": 0,
        "ele": 82.34,
        "desc": "",
        "comment": "V-drop6",
        "images": "1000GRMN/DSC00169.jpg",
        "elevation_m": 82.34,
        "photo_filename": "DSC00169.jpg",
        "photo_path": "1000GRMN/DSC00169.jpg",
        "surveyor_comment": "V-drop6",
        "survey_date": "2025-10-9"
      }
    },
    {
      "type": "Feature",
      "geometry": {
        "type": "Point",
        "coordinates": [
          118.412642,
          9.35209
        ]
      },
      "properties": {
        "id": 1045,
        "name": "END LINING-CY2025",
        "type": "Other Structures",
        "Structure_Category": "Other Structures",
        "canal_name": "MC OF ESTRELLA DAM",
        "station": "STA 1+218.2",
        "station_m": 1218.19,
        "offset_m": 0,
        "ele": 82.34,
        "desc": "",
        "comment": "End lining cy2025",
        "images": "1000GRMN/DSC00170.jpg",
        "elevation_m": 82.34,
        "photo_filename": "DSC00170.jpg",
        "photo_path": "1000GRMN/DSC00170.jpg",
        "surveyor_comment": "End lining cy2025",
        "survey_date": "2025-10-9"
      }
    }
  ]
}