{
  "type": "FeatureCollection",
  "name": "Amnay_structures",
  "crs": {
    "type": "name",
    "properties": {
      "name": "urn:ogc:def:crs:OGC:1.3:CRS84"
    }
  },
  "features": [
    {
      "type": "Feature",
      "properties": {
        "id": 52,
        "name": "523",
        "type": "Other Structures",
        "Structure_Category": "Other Structures",
        "canal_name": "Off-Canal",
        "station": "",
        "station_m": null,
        "offset_m": 167.87,
        "desc": "",
        "comment": "",
        "elevation_m": 31.92,
        "photo_filename": "",
        "photo_path": "../DCIM/1000GRMN/",
        "surveyor_comment": null,
        "survey_date": "2024-4-10"
      },
      "geometry": {
        "type": "Point",
        "coordinates": [
          120.833863,
          12.884241
        ]
      }
    },
    {
      "type": "Feature",
      "properties": {
        "id": 20,
        "name": "583",
        "type": "Turnout",
        "Structure_Category": "Turnout (TO)",
        "canal_name": "PULONG CATMON MAIN CANAL",
        "station": "STA 2+179.9",
        "station_m": 2179.88,
        "offset_m": 5.32,
        "desc": "",
        "comment": "Tsag/IA Name: Pulong Catmon IA, Canal Name: Main Canal, SN : 2+174",
        "elevation_m": 45.11,
        "photo_filename": "DSC00671.jpg",
        "photo_path": "../DCIM/1000GRMN/DSC00671.jpg",
        "surveyor_comment": "Tsag/IA Name: Pulong Catmon IA, Canal Name: Main Canal, SN : 2+174",
        "survey_date": "2024-4-12"
      },
      "geometry": {
        "type": "Point",
        "coordinates": [
          120.872724,
          12.910262
        ]
      }
    },
    {
      "type": "Feature",
      "properties": {
        "id": 24,
        "name": "587",
        "type": "Turnout",
        "Structure_Category": "Turnout (TO)",
        "canal_name": "PULONG CATMON MAIN CANAL",
        "station": "STA 2+329.0",
        "station_m": 2328.97,
        "offset_m": 13.75,
        "desc": "",
        "comment": "Tsag/IA Name: Pulong Catmon IA, Canal Name: Main Canal, SN : 2+322",
        "elevation_m": 47.65,
        "photo_filename": "DSC00675.jpg",
        "photo_path": "../DCIM/1000GRMN/DSC00675.jpg",
        "surveyor_comment": "Tsag/IA Name: Pulong Catmon IA, Canal Name: Main Canal, SN : 2+322",
        "survey_date": "2024-4-12"
      },
      "geometry": {
        "type": "Point",
        "coordinates": [
          120.871384,
          12.910505
        ]
      }
    },
    {
      "type": "Feature",
      "properties": {
        "id": 21,
        "name": "584",
        "type": "Road Crossing",
        "Structure_Category": "Road Crossing",
        "canal_name": "PULONG CATMON MAIN CANAL",
        "station": "STA 2+186.1",
        "station_m": 2186.12,
        "offset_m": 4.92,
        "desc": "",
        "comment": "Tsag/IA Name: Pulong Catmon IA, Canal Name: Main Canal, SN : 2+179",
        "elevation_m": 45.35,
        "photo_filename": "DSC00672.jpg",
        "photo_path": "../DCIM/1000GRMN/DSC00672.jpg",
        "surveyor_comment": "Tsag/IA Name: Pulong Catmon IA, Canal Name: Main Canal, SN : 2+179",
        "survey_date": "2024-4-12"
      },
      "geometry": {
        "type": "Point",
        "coordinates": [
          120.872663,
          12.910286
        ]
      }
    },
    {
      "type": "Feature",
      "properties": {
        "id": 19,
        "name": "582",
        "type": "Thresher Crossing",
        "Structure_Category": "Thresher Crossing",
        "canal_name": "PULONG CATMON MAIN CANAL",
        "station": "STA 2+075.5",
        "station_m": 2075.47,
        "offset_m": 8.41,
        "desc": "",
        "comment": "Tsag/IA Name: Pulong Catmon IA, Canal Name: Main Canal, SN : 2+071",
        "elevation_m": 45.09,
        "photo_filename": "DSC00670.jpg",
        "photo_path": "../DCIM/1000GRMN/DSC00670.jpg",
        "surveyor_comment": "Tsag/IA Name: Pulong Catmon IA, Canal Name: Main Canal, SN : 2+071",
        "survey_date": "2024-4-12"
      },
      "geometry": {
        "type": "Point",
        "coordinates": [
          120.873636,
          12.909956
        ]
      }
    },
    {
      "type": "Feature",
      "properties": {
        "id": 18,
        "name": "581",
        "type": "Turnout",
        "Structure_Category": "Turnout (TO)",
        "canal_name": "PULONG CATMON MAIN CANAL",
        "station": "STA 2+063.5",
        "station_m": 2063.46,
        "offset_m": 7.66,
        "desc": "",
        "comment": "Tsag/IA Name: Pulong Catmon IA, Canal Name: Main Canal, SN : 2+060",
        "elevation_m": 44.43,
        "photo_filename": "DSC00669.jpg",
        "photo_path": "../DCIM/1000GRMN/DSC00669.jpg",
        "surveyor_comment": "Tsag/IA Name: Pulong Catmon IA, Canal Name: Main Canal, SN : 2+060",
        "survey_date": "2024-4-12"
      },
      "geometry": {
        "type": "Point",
        "coordinates": [
          120.873745,
          12.909936
        ]
      }
    },
    {
      "type": "Feature",
      "properties": {
        "id": 16,
        "name": "579",
        "type": "Turnout",
        "Structure_Category": "Turnout (TO)",
        "canal_name": "PULONG CATMON MAIN CANAL",
        "station": "STA 1+838.9",
        "station_m": 1838.9,
        "offset_m": 10.3,
        "desc": "",
        "comment": "Tsag/IA Name: Pulong Catmon IA, Canal Name: Main Canal, SN : 1+830",
        "elevation_m": 47.07,
        "photo_filename": "DSC00667.jpg",
        "photo_path": "../DCIM/1000GRMN/DSC00667.jpg",
        "surveyor_comment": "Tsag/IA Name: Pulong Catmon IA, Canal Name: Main Canal, SN : 1+830",
        "survey_date": "2024-4-12"
      },
      "geometry": {
        "type": "Point",
        "coordinates": [
          120.875714,
          12.909358
        ]
      }
    },
    {
      "type": "Feature",
      "properties": {
        "id": 15,
        "name": "578",
        "type": "Thresher Crossing",
        "Structure_Category": "Thresher Crossing",
        "canal_name": "PULONG CATMON MAIN CANAL",
        "station": "STA 1+705.3",
        "station_m": 1705.28,
        "offset_m": 11.99,
        "desc": "",
        "comment": "Tsag/IA Name: Pulong Catmon IA, Canal Name: Main Canal, SN : 1+697",
        "elevation_m": 49.31,
        "photo_filename": "DSC00665.jpg",
        "photo_path": "../DCIM/1000GRMN/DSC00665.jpg",
        "surveyor_comment": "Tsag/IA Name: Pulong Catmon IA, Canal Name: Main Canal, SN : 1+697",
        "survey_date": "2024-4-12"
      },
      "geometry": {
        "type": "Point",
        "coordinates": [
          120.876865,
          12.908928
        ]
      }
    },
    {
      "type": "Feature",
      "properties": {
        "id": 14,
        "name": "577",
        "type": "Turnout",
        "Structure_Category": "Turnout (TO)",
        "canal_name": "PULONG CATMON MAIN CANAL",
        "station": "STA 1+661.5",
        "station_m": 1661.49,
        "offset_m": 9.62,
        "desc": "",
        "comment": "Tsag/IA Name: Pulong Catmon IA, Canal Name: Main Canal, SN :1+653",
        "elevation_m": 52.96,
        "photo_filename": "DSC00664.jpg",
        "photo_path": "../DCIM/1000GRMN/DSC00664.jpg",
        "surveyor_comment": "Tsag/IA Name: Pulong Catmon IA, Canal Name: Main Canal, SN :1+653",
        "survey_date": "2024-4-12"
      },
      "geometry": {
        "type": "Point",
        "coordinates": [
          120.877251,
          12.908809
        ]
      }
    },
    {
      "type": "Feature",
      "properties": {
        "id": 13,
        "name": "576",
        "type": "Thresher Crossing",
        "Structure_Category": "Thresher Crossing",
        "canal_name": "PULONG CATMON MAIN CANAL",
        "station": "STA 1+277.9",
        "station_m": 1277.92,
        "offset_m": 12.89,
        "desc": "",
        "comment": "Tsag/IA Name: Pulong Catmon IA, Canal Name: Main Canal, SN : 1+273",
        "elevation_m": 55.03,
        "photo_filename": "DSC00663.jpg",
        "photo_path": "../DCIM/1000GRMN/DSC00663.jpg",
        "surveyor_comment": "Tsag/IA Name: Pulong Catmon IA, Canal Name: Main Canal, SN : 1+273",
        "survey_date": "2024-4-12"
      },
      "geometry": {
        "type": "Point",
        "coordinates": [
          120.880407,
          12.907406
        ]
      }
    },
    {
      "type": "Feature",
      "properties": {
        "id": 10,
        "name": "573",
        "type": "Turnout",
        "Structure_Category": "Turnout (TO)",
        "canal_name": "PULONG CATMON MAIN CANAL",
        "station": "STA 1+197.5",
        "station_m": 1197.49,
        "offset_m": 9.82,
        "desc": "",
        "comment": "Tsag/IA Name: Pulong Catmon IA, Canal Name: Main Canal, SN : 1+194",
        "elevation_m": 54.47,
        "photo_filename": "DSC00660.jpg",
        "photo_path": "../DCIM/1000GRMN/DSC00660.jpg",
        "surveyor_comment": "Tsag/IA Name: Pulong Catmon IA, Canal Name: Main Canal, SN : 1+194",
        "survey_date": "2024-4-12"
      },
      "geometry": {
        "type": "Point",
        "coordinates": [
          120.88086,
          12.90683
        ]
      }
    },
    {
      "type": "Feature",
      "properties": {
        "id": 9,
        "name": "572",
        "type": "Turnout",
        "Structure_Category": "Turnout (TO)",
        "canal_name": "PULONG CATMON MAIN CANAL",
        "station": "STA 1+097.3",
        "station_m": 1097.29,
        "offset_m": 10.62,
        "desc": "",
        "comment": "Tsag/IA Name: Pulong Catmon IA, Canal Name: Main Canal, SN : 1+091",
        "elevation_m": 54.55,
        "photo_filename": "DSC00659.jpg",
        "photo_path": "../DCIM/1000GRMN/DSC00659.jpg",
        "surveyor_comment": "Tsag/IA Name: Pulong Catmon IA, Canal Name: Main Canal, SN : 1+091",
        "survey_date": "2024-4-12"
      },
      "geometry": {
        "type": "Point",
        "coordinates": [
          120.881731,
          12.906522
        ]
      }
    },
    {
      "type": "Feature",
      "properties": {
        "id": 8,
        "name": "571",
        "type": "Turnout",
        "Structure_Category": "Turnout (TO)",
        "canal_name": "PULONG CATMON MAIN CANAL",
        "station": "STA 1+008.3",
        "station_m": 1008.35,
        "offset_m": 8.55,
        "desc": "",
        "comment": "Tsag/IA Name: Pulong Catmon IA, Canal Name: Main Canal, SN : 1+002",
        "elevation_m": 53.42,
        "photo_filename": "DSC00658.jpg",
        "photo_path": "../DCIM/1000GRMN/DSC00658.jpg",
        "surveyor_comment": "Tsag/IA Name: Pulong Catmon IA, Canal Name: Main Canal, SN : 1+002",
        "survey_date": "2024-4-12"
      },
      "geometry": {
        "type": "Point",
        "coordinates": [
          120.882496,
          12.906243
        ]
      }
    },
    {
      "type": "Feature",
      "properties": {
        "id": 7,
        "name": "570",
        "type": "Turnout",
        "Structure_Category": "Turnout (TO)",
        "canal_name": "PULONG CATMON MAIN CANAL",
        "station": "STA 0+946.4",
        "station_m": 946.44,
        "offset_m": 6.55,
        "desc": "",
        "comment": "Tsag/IA Name: Pulong Catmon IA, Canal Name: Main Canal, SN : 0+941",
        "elevation_m": 54.18,
        "photo_filename": "DSC00657.jpg",
        "photo_path": "../DCIM/1000GRMN/DSC00657.jpg",
        "surveyor_comment": "Tsag/IA Name: Pulong Catmon IA, Canal Name: Main Canal, SN : 0+941",
        "survey_date": "2024-4-12"
      },
      "geometry": {
        "type": "Point",
        "coordinates": [
          120.883042,
          12.906076
        ]
      }
    },
    {
      "type": "Feature",
      "properties": {
        "id": 25,
        "name": "GOOD CONDITION",
        "type": "Other Structures",
        "Structure_Category": "Other Structures",
        "canal_name": "PULONG CATMON MAIN CANAL",
        "station": "STA 2+350.7",
        "station_m": 2350.74,
        "offset_m": 10.28,
        "desc": "",
        "comment": "Tsag/IA Name: Pulong Catmon IA, Canal Name: Main Canal, SN : 2+345",
        "elevation_m": 46.45,
        "photo_filename": "DSC00676.jpg",
        "photo_path": "../DCIM/1000GRMN/DSC00676.jpg",
        "surveyor_comment": "Tsag/IA Name: Pulong Catmon IA, Canal Name: Main Canal, SN : 2+345",
        "survey_date": "2024-4-12"
      },
      "geometry": {
        "type": "Point",
        "coordinates": [
          120.871194,
          12.91057
        ]
      }
    },
    {
      "type": "Feature",
      "properties": {
        "id": 5,
        "name": "568",
        "type": "Turnout",
        "Structure_Category": "Turnout (TO)",
        "canal_name": "PULONG CATMON MAIN CANAL",
        "station": "STA 0+757.9",
        "station_m": 757.89,
        "offset_m": 8.12,
        "desc": "",
        "comment": "Tsag/IA Name: Pulong Catmon IA, Canal Name: Main Canal, SN : 0+752",
        "elevation_m": 53.02,
        "photo_filename": "DSC00655.jpg",
        "photo_path": "../DCIM/1000GRMN/DSC00655.jpg",
        "surveyor_comment": "Tsag/IA Name: Pulong Catmon IA, Canal Name: Main Canal, SN : 0+752",
        "survey_date": "2024-4-12"
      },
      "geometry": {
        "type": "Point",
        "coordinates": [
          120.884613,
          12.905386
        ]
      }
    },
    {
      "type": "Feature",
      "properties": {
        "id": 3,
        "name": "566",
        "type": "Other Structures",
        "Structure_Category": "Other Structures",
        "canal_name": "PULONG CATMON MAIN CANAL",
        "station": "STA 0+356.0",
        "station_m": 355.95,
        "offset_m": 6.59,
        "desc": "",
        "comment": "Tsag/IA Name: Pulong Catmon IA, Canal Name: Main Canal, SN : 0+347",
        "elevation_m": 46.34,
        "photo_filename": "DSC00653.jpg",
        "photo_path": "../DCIM/1000GRMN/DSC00653.jpg",
        "surveyor_comment": "Tsag/IA Name: Pulong Catmon IA, Canal Name: Main Canal, SN : 0+347",
        "survey_date": "2024-4-12"
      },
      "geometry": {
        "type": "Point",
        "coordinates": [
          120.887746,
          12.903493
        ]
      }
    },
    {
      "type": "Feature",
      "properties": {
        "id": 39,
        "name": "510",
        "type": "Turnout",
        "Structure_Category": "Turnout (TO)",
        "canal_name": "SOUTH MAIN CANAL",
        "station": "STA 4+458.0",
        "station_m": 4457.97,
        "offset_m": 3.59,
        "desc": "",
        "comment": "Tsag/IA Name:San Vic francis left & Right IA, Canal Name: South M.C, SN : 4+489",
        "elevation_m": 28.4,
        "photo_filename": "DSC00589.jpg",
        "photo_path": "../DCIM/1000GRMN/DSC00589.jpg",
        "surveyor_comment": "Tsag/IA Name:San Vic francis left & Right IA, Canal Name: South M.C, SN : 4+489",
        "survey_date": "2024-4-10"
      },
      "geometry": {
        "type": "Point",
        "coordinates": [
          120.833751,
          12.886645
        ]
      }
    },
    {
      "type": "Feature",
      "properties": {
        "id": 38,
        "name": "509",
        "type": "Other Structures",
        "Structure_Category": "Other Structures",
        "canal_name": "SOUTH MAIN CANAL",
        "station": "STA 3+948.6",
        "station_m": 3948.61,
        "offset_m": 1.2,
        "desc": "",
        "comment": "Tsag/IA Name:San Vic francis left & Right IA, Canal Name: South M.C, SN : 3+977",
        "elevation_m": 27.18,
        "photo_filename": "DSC00588.jpg",
        "photo_path": "../DCIM/1000GRMN/DSC00588.jpg",
        "surveyor_comment": "Tsag/IA Name:San Vic francis left & Right IA, Canal Name: South M.C, SN : 3+977",
        "survey_date": "2024-4-10"
      },
      "geometry": {
        "type": "Point",
        "coordinates": [
          120.83712,
          12.889648
        ]
      }
    },
    {
      "type": "Feature",
      "properties": {
        "id": 41,
        "name": "512",
        "type": "Turnout",
        "Structure_Category": "Turnout (TO)",
        "canal_name": "SOUTH MAIN CANAL",
        "station": "STA 4+507.1",
        "station_m": 4507.14,
        "offset_m": 6.11,
        "desc": "",
        "comment": "Tsag/IA Name:San Vic francis left & Right IA, Canal Name: South M.C, SN : 4+536",
        "elevation_m": 34.68,
        "photo_filename": "DSC00592.jpg",
        "photo_path": "../DCIM/1000GRMN/DSC00592.jpg",
        "surveyor_comment": "Tsag/IA Name:San Vic francis left & Right IA, Canal Name: South M.C, SN : 4+536",
        "survey_date": "2024-4-10"
      },
      "geometry": {
        "type": "Point",
        "coordinates": [
          120.83342,
          12.886354
        ]
      }
    },
    {
      "type": "Feature",
      "properties": {
        "id": 42,
        "name": "513",
        "type": "Thresher Crossing",
        "Structure_Category": "Thresher Crossing",
        "canal_name": "SOUTH MAIN CANAL",
        "station": "STA 4+530.7",
        "station_m": 4530.69,
        "offset_m": 7.13,
        "desc": "",
        "comment": "Tsag/IA Name:San Vic francis left & Right IA, Canal Name: South M.C, SN : 4+561",
        "elevation_m": 31.67,
        "photo_filename": "DSC00593.jpg",
        "photo_path": "../DCIM/1000GRMN/DSC00593.jpg",
        "surveyor_comment": "Tsag/IA Name:San Vic francis left & Right IA, Canal Name: South M.C, SN : 4+561",
        "survey_date": "2024-4-10"
      },
      "geometry": {
        "type": "Point",
        "coordinates": [
          120.833268,
          12.886208
        ]
      }
    },
    {
      "type": "Feature",
      "properties": {
        "id": 44,
        "name": "515",
        "type": "Turnout",
        "Structure_Category": "Turnout (TO)",
        "canal_name": "SOUTH MAIN CANAL",
        "station": "STA 4+691.6",
        "station_m": 4691.64,
        "offset_m": 4.64,
        "desc": "",
        "comment": "Tsag/IA Name:San Vic francis left & Right IA, Canal Name: South M.C, SN : 4+724",
        "elevation_m": 44.84,
        "photo_filename": "DSC00595.jpg",
        "photo_path": "../DCIM/1000GRMN/DSC00595.jpg",
        "surveyor_comment": "Tsag/IA Name:San Vic francis left & Right IA, Canal Name: South M.C, SN : 4+724",
        "survey_date": "2024-4-10"
      },
      "geometry": {
        "type": "Point",
        "coordinates": [
          120.832265,
          12.885147
        ]
      }
    },
    {
      "type": "Feature",
      "properties": {
        "id": 45,
        "name": "516",
        "type": "Check Gate",
        "Structure_Category": "Head Gate",
        "canal_name": "SOUTH MAIN CANAL",
        "station": "STA 4+711.4",
        "station_m": 4711.42,
        "offset_m": 8.32,
        "desc": "",
        "comment": "Tsag/IA Name:San Vic francis left & Right IA, Canal Name: South M.C, SN : 4+745",
        "elevation_m": 38.46,
        "photo_filename": "DSC00597.jpg",
        "photo_path": "../DCIM/1000GRMN/DSC00597.jpg",
        "surveyor_comment": "Tsag/IA Name:San Vic francis left & Right IA, Canal Name: South M.C, SN : 4+745",
        "survey_date": "2024-4-10"
      },
      "geometry": {
        "type": "Point",
        "coordinates": [
          120.832179,
          12.884986
        ]
      }
    },
    {
      "type": "Feature",
      "properties": {
        "id": 47,
        "name": "518",
        "type": "Turnout",
        "Structure_Category": "Turnout (TO)",
        "canal_name": "SOUTH MAIN CANAL",
        "station": "STA 4+908.0",
        "station_m": 4907.99,
        "offset_m": 1.19,
        "desc": "",
        "comment": "Tsag/IA Name:San Vic francis left & Right IA, Canal Name: South M.C, SN : 4+946",
        "elevation_m": 38.5,
        "photo_filename": "DSC00599.jpg",
        "photo_path": "../DCIM/1000GRMN/DSC00599.jpg",
        "surveyor_comment": "Tsag/IA Name:San Vic francis left & Right IA, Canal Name: South M.C, SN : 4+946",
        "survey_date": "2024-4-10"
      },
      "geometry": {
        "type": "Point",
        "coordinates": [
          120.830794,
          12.884051
        ]
      }
    },
    {
      "type": "Feature",
      "properties": {
        "id": 48,
        "name": "519",
        "type": "Other Structures",
        "Structure_Category": "Other Structures",
        "canal_name": "SOUTH MAIN CANAL",
        "station": "STA 4+947.8",
        "station_m": 4947.8,
        "offset_m": 0.65,
        "desc": "",
        "comment": "Tsag/IA Name:San Vic francis left & Right IA, Canal Name: South M.C, SN : 4+489",
        "elevation_m": 39.46,
        "photo_filename": "DSC00601.jpg",
        "photo_path": "../DCIM/1000GRMN/DSC00601.jpg",
        "surveyor_comment": "Tsag/IA Name:San Vic francis left & Right IA, Canal Name: South M.C, SN : 4+489",
        "survey_date": "2024-4-10"
      },
      "geometry": {
        "type": "Point",
        "coordinates": [
          120.830449,
          12.884173
        ]
      }
    },
    {
      "type": "Feature",
      "properties": {
        "id": 50,
        "name": "521",
        "type": "Drop",
        "Structure_Category": "Other Structures",
        "canal_name": "SOUTH MAIN CANAL",
        "station": "STA 5+564.1",
        "station_m": 5564.09,
        "offset_m": 7.55,
        "desc": "",
        "comment": "Tsag/IA Name:San Vic francis left & Right IA, Canal Name: South M.C, SN : 5+591",
        "elevation_m": 32.18,
        "photo_filename": "DSC00603.jpg",
        "photo_path": "../DCIM/1000GRMN/DSC00603.jpg",
        "surveyor_comment": "Tsag/IA Name:San Vic francis left & Right IA, Canal Name: South M.C, SN : 5+591",
        "survey_date": "2024-4-10"
      },
      "geometry": {
        "type": "Point",
        "coordinates": [
          120.824967,
          12.88403
        ]
      }
    },
    {
      "type": "Feature",
      "properties": {
        "id": 36,
        "name": "507",
        "type": "Turnout",
        "Structure_Category": "Turnout (TO)",
        "canal_name": "SOUTH MAIN CANAL",
        "station": "STA 3+895.9",
        "station_m": 3895.92,
        "offset_m": 1.94,
        "desc": "",
        "comment": "Tsag/IA Name:San Vic francis left & Right IA, Canal Name: South M.C, SN : 3+924",
        "elevation_m": 23.49,
        "photo_filename": "DSC00586.jpg",
        "photo_path": "../DCIM/1000GRMN/DSC00586.jpg",
        "surveyor_comment": "Tsag/IA Name:San Vic francis left & Right IA, Canal Name: South M.C, SN : 3+924",
        "survey_date": "2024-4-10"
      },
      "geometry": {
        "type": "Point",
        "coordinates": [
          120.837317,
          12.890084
        ]
      }
    },
    {
      "type": "Feature",
      "properties": {
        "id": 35,
        "name": "506",
        "type": "Turnout",
        "Structure_Category": "Turnout (TO)",
        "canal_name": "SOUTH MAIN CANAL",
        "station": "STA 3+836.3",
        "station_m": 3836.27,
        "offset_m": 2.08,
        "desc": "",
        "comment": "Tsag/IA Name:San Vic francis left & Right IA, Canal Name: South M.C, SN : 3+864",
        "elevation_m": 26.29,
        "photo_filename": "DSC00585.jpg",
        "photo_path": "../DCIM/1000GRMN/DSC00585.jpg",
        "surveyor_comment": "Tsag/IA Name:San Vic francis left & Right IA, Canal Name: South M.C, SN : 3+864",
        "survey_date": "2024-4-10"
      },
      "geometry": {
        "type": "Point",
        "coordinates": [
          120.837558,
          12.890568
        ]
      }
    },
    {
      "type": "Feature",
      "properties": {
        "id": 34,
        "name": "505",
        "type": "Other Structures",
        "Structure_Category": "Other Structures",
        "canal_name": "SOUTH MAIN CANAL",
        "station": "STA 3+739.8",
        "station_m": 3739.81,
        "offset_m": 1.64,
        "desc": "",
        "comment": "Tsag/IA Name:San Vic francis left & Right IA, Canal Name: South M.C, SN : 3+766",
        "elevation_m": 26.21,
        "photo_filename": "DSC00583.jpg",
        "photo_path": "../DCIM/1000GRMN/DSC00583.jpg",
        "surveyor_comment": "Tsag/IA Name:San Vic francis left & Right IA, Canal Name: South M.C, SN : 3+766",
        "survey_date": "2024-4-10"
      },
      "geometry": {
        "type": "Point",
        "coordinates": [
          120.837951,
          12.89135
        ]
      }
    },
    {
      "type": "Feature",
      "properties": {
        "id": 31,
        "name": "502",
        "type": "Unauthorized Turnout",
        "Structure_Category": "Turnout (TO)",
        "canal_name": "SOUTH MAIN CANAL",
        "station": "STA 3+366.6",
        "station_m": 3366.55,
        "offset_m": 0.05,
        "desc": "",
        "comment": "Tsag/IA Name:San Vic francis left & Right IA, Canal Name: South M.C, SN : 3+387",
        "elevation_m": 24.09,
        "photo_filename": "DSC00579.jpg",
        "photo_path": "../DCIM/1000GRMN/DSC00579.jpg",
        "surveyor_comment": "Tsag/IA Name:San Vic francis left & Right IA, Canal Name: South M.C, SN : 3+387",
        "survey_date": "2024-4-10"
      },
      "geometry": {
        "type": "Point",
        "coordinates": [
          120.840631,
          12.893223
        ]
      }
    },
    {
      "type": "Feature",
      "properties": {
        "id": 30,
        "name": "501",
        "type": "Turnout",
        "Structure_Category": "Turnout (TO)",
        "canal_name": "SOUTH MAIN CANAL",
        "station": "STA 3+312.5",
        "station_m": 3312.51,
        "offset_m": 0.64,
        "desc": "",
        "comment": "Tsag/IA Name:San Vic francis left & Right IA, Canal Name: South M.C, SN : 3+333",
        "elevation_m": 24.57,
        "photo_filename": "DSC00578.jpg",
        "photo_path": "../DCIM/1000GRMN/DSC00578.jpg",
        "surveyor_comment": "Tsag/IA Name:San Vic francis left & Right IA, Canal Name: South M.C, SN : 3+333",
        "survey_date": "2024-4-10"
      },
      "geometry": {
        "type": "Point",
        "coordinates": [
          120.841113,
          12.893345
        ]
      }
    },
    {
      "type": "Feature",
      "properties": {
        "id": 28,
        "name": "499",
        "type": "Turnout",
        "Structure_Category": "Turnout (TO)",
        "canal_name": "SOUTH MAIN CANAL",
        "station": "STA 3+075.0",
        "station_m": 3074.99,
        "offset_m": 1.78,
        "desc": "",
        "comment": "Tsag/IA Name:San Vic francis left & Right IA, Canal Name: South M.C, SN : 3+096",
        "elevation_m": 22.31,
        "photo_filename": "DSC00574.jpg",
        "photo_path": "../DCIM/1000GRMN/DSC00574.jpg",
        "surveyor_comment": "Tsag/IA Name:San Vic francis left & Right IA, Canal Name: South M.C, SN : 3+096",
        "survey_date": "2024-4-10"
      },
      "geometry": {
        "type": "Point",
        "coordinates": [
          120.843218,
          12.893931
        ]
      }
    },
    {
      "type": "Feature",
      "properties": {
        "id": 55,
        "name": "526",
        "type": "Road Crossing",
        "Structure_Category": "Road Crossing",
        "canal_name": "INTERIOR SPRING RIGHT MAIN CANAL",
        "station": "STA 0+014.3",
        "station_m": 14.34,
        "offset_m": 1.26,
        "desc": "",
        "comment": "Tsag/IA Name: San Vicente IA, Interior spring of  Canal Name: Interior spring right, SN: 0+000 - 0+010",
        "elevation_m": 22.73,
        "photo_filename": "DSC00607.jpg",
        "photo_path": "../DCIM/1000GRMN/DSC00607.jpg",
        "surveyor_comment": "Tsag/IA Name: San Vicente IA, Interior spring of Canal Name: Interior spring right, SN: 0+000 - 0+010",
        "survey_date": "2024-4-11"
      },
      "geometry": {
        "type": "Point",
        "coordinates": [
          120.854971,
          12.884184
        ]
      }
    },
    {
      "type": "Feature",
      "properties": {
        "id": 27,
        "name": "498",
        "type": "Other Structures",
        "Structure_Category": "Other Structures",
        "canal_name": "SOUTH MAIN CANAL",
        "station": "STA 2+912.9",
        "station_m": 2912.92,
        "offset_m": 7.55,
        "desc": "",
        "comment": "Tsag/IA Name:San Vic francis left & Right IA, Canal Name: South M.C, SN : 2+933",
        "elevation_m": 33.79,
        "photo_filename": "DSC00572.jpg",
        "photo_path": "../DCIM/1000GRMN/DSC00572.jpg",
        "surveyor_comment": "Tsag/IA Name:San Vic francis left & Right IA, Canal Name: South M.C, SN : 2+933",
        "survey_date": "2024-4-10"
      },
      "geometry": {
        "type": "Point",
        "coordinates": [
          120.844648,
          12.894355
        ]
      }
    },
    {
      "type": "Feature",
      "properties": {
        "id": 72,
        "name": "543",
        "type": "Other Structures",
        "Structure_Category": "Other Structures",
        "canal_name": "PULONG CATMON MAIN CANAL",
        "station": "STA 0+339.2",
        "station_m": 339.18,
        "offset_m": 7.13,
        "desc": "",
        "comment": "",
        "elevation_m": 57.79,
        "photo_filename": "DSC00628.jpg",
        "photo_path": "../DCIM/1000GRMN/DSC00628.jpg",
        "surveyor_comment": null,
        "survey_date": "2024-4-11"
      },
      "geometry": {
        "type": "Point",
        "coordinates": [
          120.887944,
          12.903518
        ]
      }
    },
    {
      "type": "Feature",
      "properties": {
        "id": 73,
        "name": "544",
        "type": "Other Structures",
        "Structure_Category": "Other Structures",
        "canal_name": "PULONG CATMON MAIN CANAL",
        "station": "STA 0+340.1",
        "station_m": 340.05,
        "offset_m": 6.84,
        "desc": "",
        "comment": "",
        "elevation_m": 56.57,
        "photo_filename": "DSC00629.jpg",
        "photo_path": "../DCIM/1000GRMN/DSC00629.jpg",
        "surveyor_comment": null,
        "survey_date": "2024-4-11"
      },
      "geometry": {
        "type": "Point",
        "coordinates": [
          120.887869,
          12.903415
        ]
      }
    },
    {
      "type": "Feature",
      "properties": {
        "id": 74,
        "name": "545",
        "type": "Other Structures",
        "Structure_Category": "Other Structures",
        "canal_name": "PULONG CATMON MAIN CANAL",
        "station": "STA 0+354.0",
        "station_m": 354.02,
        "offset_m": 6.81,
        "desc": "",
        "comment": "",
        "elevation_m": 54.05,
        "photo_filename": "DSC00630.jpg",
        "photo_path": "../DCIM/1000GRMN/DSC00630.jpg",
        "surveyor_comment": null,
        "survey_date": "2024-4-11"
      },
      "geometry": {
        "type": "Point",
        "coordinates": [
          120.88776,
          12.903482
        ]
      }
    },
    {
      "type": "Feature",
      "properties": {
        "id": 76,
        "name": "547",
        "type": "Other Structures",
        "Structure_Category": "Other Structures",
        "canal_name": "PULONG CATMON MAIN CANAL",
        "station": "STA 0+755.3",
        "station_m": 755.26,
        "offset_m": 7.27,
        "desc": "",
        "comment": "",
        "elevation_m": 55.25,
        "photo_filename": "DSC00632.jpg",
        "photo_path": "../DCIM/1000GRMN/DSC00632.jpg",
        "surveyor_comment": null,
        "survey_date": "2024-4-11"
      },
      "geometry": {
        "type": "Point",
        "coordinates": [
          120.884638,
          12.905381
        ]
      }
    },
    {
      "type": "Feature",
      "properties": {
        "id": 77,
        "name": "548",
        "type": "Other Structures",
        "Structure_Category": "Other Structures",
        "canal_name": "PULONG CATMON MAIN CANAL",
        "station": "STA 0+811.9",
        "station_m": 811.92,
        "offset_m": 6,
        "desc": "",
        "comment": "",
        "elevation_m": 51.65,
        "photo_filename": "DSC00633.jpg",
        "photo_path": "../DCIM/1000GRMN/DSC00633.jpg",
        "surveyor_comment": null,
        "survey_date": "2024-4-11"
      },
      "geometry": {
        "type": "Point",
        "coordinates": [
          120.884189,
          12.905633
        ]
      }
    },
    {
      "type": "Feature",
      "properties": {
        "id": 80,
        "name": "551",
        "type": "Other Structures",
        "Structure_Category": "Other Structures",
        "canal_name": "PULONG CATMON MAIN CANAL",
        "station": "STA 1+096.7",
        "station_m": 1096.71,
        "offset_m": 5.28,
        "desc": "",
        "comment": "",
        "elevation_m": 49.29,
        "photo_filename": "DSC00636.jpg",
        "photo_path": "../DCIM/1000GRMN/DSC00636.jpg",
        "surveyor_comment": null,
        "survey_date": "2024-4-11"
      },
      "geometry": {
        "type": "Point",
        "coordinates": [
          120.881752,
          12.906566
        ]
      }
    },
    {
      "type": "Feature",
      "properties": {
        "id": 81,
        "name": "552",
        "type": "Other Structures",
        "Structure_Category": "Other Structures",
        "canal_name": "PULONG CATMON MAIN CANAL",
        "station": "STA 1+198.8",
        "station_m": 1198.82,
        "offset_m": 3.22,
        "desc": "",
        "comment": "",
        "elevation_m": 50.67,
        "photo_filename": "DSC00637.jpg",
        "photo_path": "../DCIM/1000GRMN/DSC00637.jpg",
        "surveyor_comment": null,
        "survey_date": "2024-4-11"
      },
      "geometry": {
        "type": "Point",
        "coordinates": [
          120.88087,
          12.90689
        ]
      }
    },
    {
      "type": "Feature",
      "properties": {
        "id": 82,
        "name": "553",
        "type": "Other Structures",
        "Structure_Category": "Other Structures",
        "canal_name": "PULONG CATMON MAIN CANAL",
        "station": "STA 1+269.2",
        "station_m": 1269.18,
        "offset_m": 5.57,
        "desc": "",
        "comment": "",
        "elevation_m": 51.81,
        "photo_filename": "DSC00638.jpg",
        "photo_path": "../DCIM/1000GRMN/DSC00638.jpg",
        "surveyor_comment": null,
        "survey_date": "2024-4-11"
      },
      "geometry": {
        "type": "Point",
        "coordinates": [
          120.880512,
          12.907403
        ]
      }
    },
    {
      "type": "Feature",
      "properties": {
        "id": 83,
        "name": "554",
        "type": "Other Structures",
        "Structure_Category": "Other Structures",
        "canal_name": "PULONG CATMON MAIN CANAL",
        "station": "STA 1+279.8",
        "station_m": 1279.83,
        "offset_m": 6.17,
        "desc": "",
        "comment": "",
        "elevation_m": 51.02,
        "photo_filename": "DSC00639.jpg",
        "photo_path": "../DCIM/1000GRMN/DSC00639.jpg",
        "surveyor_comment": null,
        "survey_date": "2024-4-11"
      },
      "geometry": {
        "type": "Point",
        "coordinates": [
          120.880436,
          12.907462
        ]
      }
    },
    {
      "type": "Feature",
      "properties": {
        "id": 84,
        "name": "555",
        "type": "Other Structures",
        "Structure_Category": "Other Structures",
        "canal_name": "PULONG CATMON MAIN CANAL",
        "station": "STA 1+658.0",
        "station_m": 1657.96,
        "offset_m": 1.27,
        "desc": "",
        "comment": "",
        "elevation_m": 47.05,
        "photo_filename": "DSC00640.jpg",
        "photo_path": "../DCIM/1000GRMN/DSC00640.jpg",
        "surveyor_comment": null,
        "survey_date": "2024-4-11"
      },
      "geometry": {
        "type": "Point",
        "coordinates": [
          120.877308,
          12.908869
        ]
      }
    },
    {
      "type": "Feature",
      "properties": {
        "id": 85,
        "name": "556",
        "type": "Other Structures",
        "Structure_Category": "Other Structures",
        "canal_name": "PULONG CATMON MAIN CANAL",
        "station": "STA 1+702.9",
        "station_m": 1702.9,
        "offset_m": 2.24,
        "desc": "",
        "comment": "",
        "elevation_m": 50.27,
        "photo_filename": "DSC00641.jpg",
        "photo_path": "../DCIM/1000GRMN/DSC00641.jpg",
        "surveyor_comment": null,
        "survey_date": "2024-4-11"
      },
      "geometry": {
        "type": "Point",
        "coordinates": [
          120.876917,
          12.909003
        ]
      }
    },
    {
      "type": "Feature",
      "properties": {
        "id": 86,
        "name": "557",
        "type": "Other Structures",
        "Structure_Category": "Other Structures",
        "canal_name": "PULONG CATMON MAIN CANAL",
        "station": "STA 1+834.9",
        "station_m": 1834.86,
        "offset_m": 3.43,
        "desc": "",
        "comment": "",
        "elevation_m": 45.12,
        "photo_filename": "DSC00642.jpg",
        "photo_path": "../DCIM/1000GRMN/DSC00642.jpg",
        "surveyor_comment": null,
        "survey_date": "2024-4-11"
      },
      "geometry": {
        "type": "Point",
        "coordinates": [
          120.875772,
          12.909403
        ]
      }
    },
    {
      "type": "Feature",
      "properties": {
        "id": 87,
        "name": "558",
        "type": "Other Structures",
        "Structure_Category": "Other Structures",
        "canal_name": "PULONG CATMON MAIN CANAL",
        "station": "STA 2+006.1",
        "station_m": 2006.07,
        "offset_m": 4.98,
        "desc": "",
        "comment": "",
        "elevation_m": 45.48,
        "photo_filename": "DSC00643.jpg",
        "photo_path": "../DCIM/1000GRMN/DSC00643.jpg",
        "surveyor_comment": null,
        "survey_date": "2024-4-11"
      },
      "geometry": {
        "type": "Point",
        "coordinates": [
          120.874265,
          12.909835
        ]
      }
    },
    {
      "type": "Feature",
      "properties": {
        "id": 88,
        "name": "559",
        "type": "Other Structures",
        "Structure_Category": "Other Structures",
        "canal_name": "PULONG CATMON MAIN CANAL",
        "station": "STA 2+064.4",
        "station_m": 2064.36,
        "offset_m": 2.3,
        "desc": "",
        "comment": "",
        "elevation_m": 46.82,
        "photo_filename": "DSC00644.jpg",
        "photo_path": "../DCIM/1000GRMN/DSC00644.jpg",
        "surveyor_comment": null,
        "survey_date": "2024-4-11"
      },
      "geometry": {
        "type": "Point",
        "coordinates": [
          120.873749,
          12.909985
        ]
      }
    },
    {
      "type": "Feature",
      "properties": {
        "id": 89,
        "name": "560",
        "type": "Other Structures",
        "Structure_Category": "Other Structures",
        "canal_name": "PULONG CATMON MAIN CANAL",
        "station": "STA 2+076.2",
        "station_m": 2076.22,
        "offset_m": 2.32,
        "desc": "",
        "comment": "",
        "elevation_m": 45.42,
        "photo_filename": "DSC00645.jpg",
        "photo_path": "../DCIM/1000GRMN/DSC00645.jpg",
        "surveyor_comment": null,
        "survey_date": "2024-4-11"
      },
      "geometry": {
        "type": "Point",
        "coordinates": [
          120.873643,
          12.910011
        ]
      }
    },
    {
      "type": "Feature",
      "properties": {
        "id": 90,
        "name": "561",
        "type": "Other Structures",
        "Structure_Category": "Other Structures",
        "canal_name": "PULONG CATMON MAIN CANAL",
        "station": "STA 2+181.6",
        "station_m": 2181.55,
        "offset_m": 0.76,
        "desc": "",
        "comment": "",
        "elevation_m": 43.31,
        "photo_filename": "DSC00648.jpg",
        "photo_path": "../DCIM/1000GRMN/DSC00648.jpg",
        "surveyor_comment": null,
        "survey_date": "2024-4-11"
      },
      "geometry": {
        "type": "Point",
        "coordinates": [
          120.872724,
          12.910319
        ]
      }
    },
    {
      "type": "Feature",
      "properties": {
        "id": 91,
        "name": "562",
        "type": "Other Structures",
        "Structure_Category": "Other Structures",
        "canal_name": "PULONG CATMON MAIN CANAL",
        "station": "STA 2+186.6",
        "station_m": 2186.56,
        "offset_m": 0.76,
        "desc": "",
        "comment": "",
        "elevation_m": 43.64,
        "photo_filename": "DSC00647.jpg",
        "photo_path": "../DCIM/1000GRMN/DSC00647.jpg",
        "surveyor_comment": null,
        "survey_date": "2024-4-11"
      },
      "geometry": {
        "type": "Point",
        "coordinates": [
          120.872682,
          12.910334
        ]
      }
    },
    {
      "type": "Feature",
      "properties": {
        "id": 92,
        "name": "563",
        "type": "Other Structures",
        "Structure_Category": "Other Structures",
        "canal_name": "PULONG CATMON MAIN CANAL",
        "station": "STA 2+190.7",
        "station_m": 2190.66,
        "offset_m": 0.47,
        "desc": "",
        "comment": "",
        "elevation_m": 43.09,
        "photo_filename": "DSC00646.jpg",
        "photo_path": "../DCIM/1000GRMN/DSC00646.jpg",
        "surveyor_comment": null,
        "survey_date": "2024-4-11"
      },
      "geometry": {
        "type": "Point",
        "coordinates": [
          120.872643,
          12.91034
        ]
      }
    },
    {
      "type": "Feature",
      "properties": {
        "id": 93,
        "name": "466",
        "type": "Other Structures",
        "Structure_Category": "Other Structures",
        "canal_name": "Off-Canal",
        "station": "",
        "station_m": null,
        "offset_m": 131.09,
        "desc": "",
        "comment": "",
        "elevation_m": null,
        "photo_filename": "DSC00534.jpg",
        "photo_path": "../DCIM/1000GRMN/DSC00534.jpg",
        "surveyor_comment": null,
        "survey_date": "2024-4-9"
      },
      "geometry": {
        "type": "Point",
        "coordinates": [
          120.833395,
          12.884708
        ]
      }
    },
    {
      "type": "Feature",
      "properties": {
        "id": 78,
        "name": "549",
        "type": "Other Structures",
        "Structure_Category": "Other Structures",
        "canal_name": "PULONG CATMON MAIN CANAL",
        "station": "STA 0+946.7",
        "station_m": 946.67,
        "offset_m": 0.88,
        "desc": "",
        "comment": "",
        "elevation_m": 49.48,
        "photo_filename": "DSC00634.jpg",
        "photo_path": "../DCIM/1000GRMN/DSC00634.jpg",
        "surveyor_comment": null,
        "survey_date": "2024-4-11"
      },
      "geometry": {
        "type": "Point",
        "coordinates": [
          120.883063,
          12.90614
        ]
      }
    },
    {
      "type": "Feature",
      "properties": {
        "id": 112,
        "name": "485",
        "type": "Turnout",
        "Structure_Category": "Turnout (TO)",
        "canal_name": "OLD INTAKE MAIN CANAL",
        "station": "STA 9+421.7",
        "station_m": 9421.72,
        "offset_m": 3.93,
        "desc": "",
        "comment": "Tsag/IA Name: Rayusan IA, Canal Name: M.C, SN : 13+030",
        "elevation_m": 23.15,
        "photo_filename": "DSC00558.jpg",
        "photo_path": "../DCIM/1000GRMN/DSC00558.jpg",
        "surveyor_comment": "Tsag/IA Name: Rayusan IA, Canal Name: M.C, SN : 13+030",
        "survey_date": "2024-4-9"
      },
      "geometry": {
        "type": "Point",
        "coordinates": [
          120.811615,
          12.898466
        ]
      }
    },
    {
      "type": "Feature",
      "properties": {
        "id": 111,
        "name": "484",
        "type": "Thresher Crossing",
        "Structure_Category": "Thresher Crossing",
        "canal_name": "OLD INTAKE MAIN CANAL",
        "station": "STA 9+403.5",
        "station_m": 9403.5,
        "offset_m": 3.66,
        "desc": "",
        "comment": "Tsag/IA Name: Rayusan IA, Canal Name: M.C, SN : 13+009",
        "elevation_m": 22.49,
        "photo_filename": "DSC00557.jpg",
        "photo_path": "../DCIM/1000GRMN/DSC00557.jpg",
        "surveyor_comment": "Tsag/IA Name: Rayusan IA, Canal Name: M.C, SN : 13+009",
        "survey_date": "2024-4-9"
      },
      "geometry": {
        "type": "Point",
        "coordinates": [
          120.811779,
          12.898501
        ]
      }
    },
    {
      "type": "Feature",
      "properties": {
        "id": 110,
        "name": "483",
        "type": "Thresher Crossing",
        "Structure_Category": "Thresher Crossing",
        "canal_name": "OLD INTAKE MAIN CANAL",
        "station": "STA 9+204.6",
        "station_m": 9204.58,
        "offset_m": 6.84,
        "desc": "",
        "comment": "Tsag/IA Name: Rayusan IA, Canal Name: M.C, SN : 12+805",
        "elevation_m": 16.65,
        "photo_filename": "DSC00556.jpg",
        "photo_path": "../DCIM/1000GRMN/DSC00556.jpg",
        "surveyor_comment": "Tsag/IA Name: Rayusan IA, Canal Name: M.C, SN : 12+805",
        "survey_date": "2024-4-9"
      },
      "geometry": {
        "type": "Point",
        "coordinates": [
          120.813595,
          12.898749
        ]
      }
    },
    {
      "type": "Feature",
      "properties": {
        "id": 108,
        "name": "481",
        "type": "Turnout",
        "Structure_Category": "Turnout (TO)",
        "canal_name": "OLD INTAKE MAIN CANAL",
        "station": "STA 8+976.5",
        "station_m": 8976.48,
        "offset_m": 2.9,
        "desc": "",
        "comment": "Tsag/IA Name: Rayusan IA, Canal Name: M.C, SN : 14+272",
        "elevation_m": 23.66,
        "photo_filename": "DSC00554.jpg",
        "photo_path": "../DCIM/1000GRMN/DSC00554.jpg",
        "surveyor_comment": "Tsag/IA Name: Rayusan IA, Canal Name: M.C, SN : 14+272",
        "survey_date": "2024-4-9"
      },
      "geometry": {
        "type": "Point",
        "coordinates": [
          120.81565,
          12.89917
        ]
      }
    },
    {
      "type": "Feature",
      "properties": {
        "id": 107,
        "name": "480",
        "type": "Thresher Crossing",
        "Structure_Category": "Thresher Crossing",
        "canal_name": "OLD INTAKE MAIN CANAL",
        "station": "STA 8+964.4",
        "station_m": 8964.35,
        "offset_m": 2.66,
        "desc": "",
        "comment": "Tsag/IA Name: Rayusan IA, Canal Name: M.C, SN : 12+575",
        "elevation_m": 21.52,
        "photo_filename": "DSC00553.jpg",
        "photo_path": "../DCIM/1000GRMN/DSC00553.jpg",
        "surveyor_comment": "Tsag/IA Name: Rayusan IA, Canal Name: M.C, SN : 12+575",
        "survey_date": "2024-4-9"
      },
      "geometry": {
        "type": "Point",
        "coordinates": [
          120.81576,
          12.899189
        ]
      }
    },
    {
      "type": "Feature",
      "properties": {
        "id": 106,
        "name": "479",
        "type": "Thresher Crossing",
        "Structure_Category": "Thresher Crossing",
        "canal_name": "OLD INTAKE MAIN CANAL",
        "station": "STA 8+845.3",
        "station_m": 8845.26,
        "offset_m": 6.34,
        "desc": "",
        "comment": "Tsag/IA Name: Rayusan IA, Canal Name: M.C, SN : 12+460",
        "elevation_m": 21.31,
        "photo_filename": "DSC00550.jpg",
        "photo_path": "../DCIM/1000GRMN/DSC00550.jpg",
        "surveyor_comment": "Tsag/IA Name: Rayusan IA, Canal Name: M.C, SN : 12+460",
        "survey_date": "2024-4-9"
      },
      "geometry": {
        "type": "Point",
        "coordinates": [
          120.816847,
          12.899347
        ]
      }
    },
    {
      "type": "Feature",
      "properties": {
        "id": 104,
        "name": "477",
        "type": "Thresher Crossing",
        "Structure_Category": "Thresher Crossing",
        "canal_name": "OLD INTAKE MAIN CANAL",
        "station": "STA 8+473.9",
        "station_m": 8473.88,
        "offset_m": 5.58,
        "desc": "",
        "comment": "Tsag/IA Name: Rayusan IA, Canal Name: M.C, SN : 12+087",
        "elevation_m": 18.23,
        "photo_filename": "DSC00548.jpg",
        "photo_path": "../DCIM/1000GRMN/DSC00548.jpg",
        "surveyor_comment": "Tsag/IA Name: Rayusan IA, Canal Name: M.C, SN : 12+087",
        "survey_date": "2024-4-9"
      },
      "geometry": {
        "type": "Point",
        "coordinates": [
          120.820218,
          12.89991
        ]
      }
    },
    {
      "type": "Feature",
      "properties": {
        "id": 103,
        "name": "476",
        "type": "Other Structures",
        "Structure_Category": "Other Structures",
        "canal_name": "OLD INTAKE MAIN CANAL",
        "station": "STA 8+283.9",
        "station_m": 8283.92,
        "offset_m": 9.46,
        "desc": "",
        "comment": "Tsag/IA Name: Rayusan IA, Canal Name: M.C, SN :",
        "elevation_m": 19.14,
        "photo_filename": "DSC00547.jpg",
        "photo_path": "../DCIM/1000GRMN/DSC00547.jpg",
        "surveyor_comment": "Tsag/IA Name: Rayusan IA, Canal Name: M.C, SN :",
        "survey_date": "2024-4-9"
      },
      "geometry": {
        "type": "Point",
        "coordinates": [
          120.821949,
          12.900155
        ]
      }
    },
    {
      "type": "Feature",
      "properties": {
        "id": 101,
        "name": "474",
        "type": "Turnout",
        "Structure_Category": "Turnout (TO)",
        "canal_name": "OLD INTAKE MAIN CANAL",
        "station": "STA 8+031.4",
        "station_m": 8031.44,
        "offset_m": 6.77,
        "desc": "",
        "comment": "Tsag/IA Name: Rayusan IA, Canal Name: M.C, SN : 11+643",
        "elevation_m": 20.64,
        "photo_filename": "DSC00543.jpg",
        "photo_path": "../DCIM/1000GRMN/DSC00543.jpg",
        "surveyor_comment": "Tsag/IA Name: Rayusan IA, Canal Name: M.C, SN : 11+643",
        "survey_date": "2024-4-9"
      },
      "geometry": {
        "type": "Point",
        "coordinates": [
          120.824232,
          12.900606
        ]
      }
    },
    {
      "type": "Feature",
      "properties": {
        "id": 100,
        "name": "473",
        "type": "Thresher Crossing",
        "Structure_Category": "Thresher Crossing",
        "canal_name": "OLD INTAKE MAIN CANAL",
        "station": "STA 8+028.5",
        "station_m": 8028.49,
        "offset_m": 6.46,
        "desc": "",
        "comment": "Tsag/IA Name: Rayusan IA, Canal Name: M.C, SN : 11+640",
        "elevation_m": 20.16,
        "photo_filename": "DSC00542.jpg",
        "photo_path": "../DCIM/1000GRMN/DSC00542.jpg",
        "surveyor_comment": "Tsag/IA Name: Rayusan IA, Canal Name: M.C, SN : 11+640",
        "survey_date": "2024-4-9"
      },
      "geometry": {
        "type": "Point",
        "coordinates": [
          120.824258,
          12.900614
        ]
      }
    },
    {
      "type": "Feature",
      "properties": {
        "id": 99,
        "name": "472",
        "type": "Thresher Crossing",
        "Structure_Category": "Thresher Crossing",
        "canal_name": "OLD INTAKE MAIN CANAL",
        "station": "STA 7+846.0",
        "station_m": 7846.04,
        "offset_m": 7.45,
        "desc": "",
        "comment": "Tsag/IA Name: Rayusan IA, Canal Name: M.C, SN : 11+456",
        "elevation_m": 20.6,
        "photo_filename": "DSC00540.jpg",
        "photo_path": "../DCIM/1000GRMN/DSC00540.jpg",
        "surveyor_comment": "Tsag/IA Name: Rayusan IA, Canal Name: M.C, SN : 11+456",
        "survey_date": "2024-4-9"
      },
      "geometry": {
        "type": "Point",
        "coordinates": [
          120.825911,
          12.900898
        ]
      }
    },
    {
      "type": "Feature",
      "properties": {
        "id": 97,
        "name": "470",
        "type": "Thresher Crossing",
        "Structure_Category": "Thresher Crossing",
        "canal_name": "OLD INTAKE MAIN CANAL",
        "station": "STA 7+704.5",
        "station_m": 7704.53,
        "offset_m": 5.33,
        "desc": "",
        "comment": "Tsag/IA Name: Rayusan IA, Canal Name: M.C, SN : 11+310",
        "elevation_m": 23.39,
        "photo_filename": "DSC00538.jpg",
        "photo_path": "../DCIM/1000GRMN/DSC00538.jpg",
        "surveyor_comment": "Tsag/IA Name: Rayusan IA, Canal Name: M.C, SN : 11+310",
        "survey_date": "2024-4-9"
      },
      "geometry": {
        "type": "Point",
        "coordinates": [
          120.827191,
          12.90115
        ]
      }
    },
    {
      "type": "Feature",
      "properties": {
        "id": 96,
        "name": "469",
        "type": "Thresher Crossing",
        "Structure_Category": "Thresher Crossing",
        "canal_name": "OLD INTAKE MAIN CANAL",
        "station": "STA 7+561.3",
        "station_m": 7561.31,
        "offset_m": 5.75,
        "desc": "",
        "comment": "Tsag/IA Name: Rayusan IA, Canal Name: M.C, SN : 11+170",
        "elevation_m": 17.65,
        "photo_filename": "DSC00537.jpg",
        "photo_path": "../DCIM/1000GRMN/DSC00537.jpg",
        "surveyor_comment": "Tsag/IA Name: Rayusan IA, Canal Name: M.C, SN : 11+170",
        "survey_date": "2024-4-9"
      },
      "geometry": {
        "type": "Point",
        "coordinates": [
          120.828485,
          12.901407
        ]
      }
    },
    {
      "type": "Feature",
      "properties": {
        "id": 94,
        "name": "467",
        "type": "Thresher Crossing",
        "Structure_Category": "Thresher Crossing",
        "canal_name": "OLD INTAKE MAIN CANAL",
        "station": "STA 7+401.9",
        "station_m": 7401.9,
        "offset_m": 0.91,
        "desc": "",
        "comment": "Tsag/IA Name: Rayusan IA, Canal Name: M.C, SN : 11+015",
        "elevation_m": 15.07,
        "photo_filename": "DSC00535.jpg",
        "photo_path": "../DCIM/1000GRMN/DSC00535.jpg",
        "surveyor_comment": "Tsag/IA Name: Rayusan IA, Canal Name: M.C, SN : 11+015",
        "survey_date": "2024-4-9"
      },
      "geometry": {
        "type": "Point",
        "coordinates": [
          120.829932,
          12.901618
        ]
      }
    },
    {
      "type": "Feature",
      "properties": {
        "id": 65,
        "name": "536",
        "type": "Other Structures",
        "Structure_Category": "Other Structures",
        "canal_name": "INTERIOR SPRING RIGHT MAIN CANAL",
        "station": "STA 0+810.0",
        "station_m": 810.04,
        "offset_m": 3.66,
        "desc": "",
        "comment": "sag/IA Name: Interrior of San Vicente IA, Canal Name: Interior Spring Right, SN: 0+797",
        "elevation_m": 26.77,
        "photo_filename": "DSC00620.jpg",
        "photo_path": "../DCIM/1000GRMN/DSC00620.jpg",
        "surveyor_comment": "sag/IA Name: Interrior of San Vicente IA, Canal Name: Interior Spring Right, SN: 0+797",
        "survey_date": "2024-4-11"
      },
      "geometry": {
        "type": "Point",
        "coordinates": [
          120.847952,
          12.883573
        ]
      }
    },
    {
      "type": "Feature",
      "properties": {
        "id": 61,
        "name": "532",
        "type": "Thresher Crossing",
        "Structure_Category": "Thresher Crossing",
        "canal_name": "INTERIOR SPRING RIGHT MAIN CANAL",
        "station": "STA 0+515.1",
        "station_m": 515.11,
        "offset_m": 2.42,
        "desc": "",
        "comment": "sag/IA Name: Interrior of San Vicente IA, Canal Name: Interior Spring Right, SN: 0+502",
        "elevation_m": 23.74,
        "photo_filename": "DSC00615.jpg",
        "photo_path": "../DCIM/1000GRMN/DSC00615.jpg",
        "surveyor_comment": "sag/IA Name: Interrior of San Vicente IA, Canal Name: Interior Spring Right, SN: 0+502",
        "survey_date": "2024-4-11"
      },
      "geometry": {
        "type": "Point",
        "coordinates": [
          120.850526,
          12.884257
        ]
      }
    },
    {
      "type": "Feature",
      "properties": {
        "id": 59,
        "name": "530",
        "type": "Thresher Crossing",
        "Structure_Category": "Thresher Crossing",
        "canal_name": "INTERIOR SPRING RIGHT MAIN CANAL",
        "station": "STA 0+346.8",
        "station_m": 346.82,
        "offset_m": 2.66,
        "desc": "",
        "comment": "sag/IA Name: Interrior of San Vicente IA, Canal Name: Interior Spring Right, SN: 0+334",
        "elevation_m": 23.31,
        "photo_filename": "DSC00613.jpg",
        "photo_path": "../DCIM/1000GRMN/DSC00613.jpg",
        "surveyor_comment": "sag/IA Name: Interrior of San Vicente IA, Canal Name: Interior Spring Right, SN: 0+334",
        "survey_date": "2024-4-11"
      },
      "geometry": {
        "type": "Point",
        "coordinates": [
          120.852007,
          12.884638
        ]
      }
    },
    {
      "type": "Feature",
      "properties": {
        "id": 113,
        "name": "486",
        "type": "Other Structures",
        "Structure_Category": "Other Structures",
        "canal_name": "OLD INTAKE MAIN CANAL",
        "station": "STA 9+577.7",
        "station_m": 9577.7,
        "offset_m": 3.59,
        "desc": "",
        "comment": "",
        "elevation_m": 20.56,
        "photo_filename": "DSC00559.jpg",
        "photo_path": "../DCIM/1000GRMN/DSC00559.jpg",
        "surveyor_comment": null,
        "survey_date": "2024-4-9"
      },
      "geometry": {
        "type": "Point",
        "coordinates": [
          120.810206,
          12.89819
        ]
      }
    },
    {
      "type": "Feature",
      "properties": {
        "id": 114,
        "name": "487",
        "type": "Other Structures",
        "Structure_Category": "Other Structures",
        "canal_name": "OLD INTAKE MAIN CANAL",
        "station": "STA 10+380.7",
        "station_m": 10380.67,
        "offset_m": 2.36,
        "desc": "",
        "comment": "",
        "elevation_m": 25.85,
        "photo_filename": "DSC00560.jpg",
        "photo_path": "../DCIM/1000GRMN/DSC00560.jpg",
        "surveyor_comment": null,
        "survey_date": "2024-4-9"
      },
      "geometry": {
        "type": "Point",
        "coordinates": [
          120.803078,
          12.896471
        ]
      }
    },
    {
      "type": "Feature",
      "properties": {
        "id": 122,
        "name": "495",
        "type": "Other Structures",
        "Structure_Category": "Other Structures",
        "canal_name": "SOUTH MAIN CANAL",
        "station": "STA 2+603.7",
        "station_m": 2603.67,
        "offset_m": 2.01,
        "desc": "",
        "comment": "",
        "elevation_m": 33.03,
        "photo_filename": "DSC00569.jpg",
        "photo_path": "../DCIM/1000GRMN/DSC00569.jpg",
        "surveyor_comment": null,
        "survey_date": "2024-4-9"
      },
      "geometry": {
        "type": "Point",
        "coordinates": [
          120.847458,
          12.894835
        ]
      }
    },
    {
      "type": "Feature",
      "properties": {
        "id": 124,
        "name": "497",
        "type": "Other Structures",
        "Structure_Category": "Other Structures",
        "canal_name": "SOUTH MAIN CANAL",
        "station": "STA 2+738.7",
        "station_m": 2738.72,
        "offset_m": 5.57,
        "desc": "",
        "comment": "",
        "elevation_m": 31.32,
        "photo_filename": "",
        "photo_path": "../DCIM/1000GRMN/",
        "surveyor_comment": null,
        "survey_date": "2024-4-9"
      },
      "geometry": {
        "type": "Point",
        "coordinates": [
          120.84624,
          12.894585
        ]
      }
    },
    {
      "type": "Feature",
      "properties": {
        "id": 70,
        "name": "541",
        "type": "Intake",
        "Structure_Category": "Inlet",
        "canal_name": "PULONG CATMON MAIN CANAL",
        "station": "STA 0+020.2",
        "station_m": 20.19,
        "offset_m": 0.89,
        "desc": "fa",
        "comment": "Tsag/IA Name: Pulong Catmon IA, Canal Name: old intake, SN : 0+000",
        "elevation_m": 52.35,
        "photo_filename": "DSC00625.jpg",
        "photo_path": "../DCIM/1000GRMN/DSC00625.jpg",
        "surveyor_comment": "Tsag/IA Name: Pulong Catmon IA, Canal Name: old intake, SN : 0+000",
        "survey_date": "2024-4-11"
      },
      "geometry": {
        "type": "Point",
        "coordinates": [
          120.890484,
          12.902595
        ]
      }
    },
    {
      "type": "Feature",
      "properties": {
        "id": 67,
        "name": "538",
        "type": "Intake",
        "Structure_Category": "Inlet",
        "canal_name": "INTERIOR SPRING LEFT MAIN CANAL",
        "station": "STA 0+004.7",
        "station_m": 4.71,
        "offset_m": 4.7,
        "desc": "fa",
        "comment": "Tsag/IA Name: Interior spring of San Vicente IA, Canal Name: Interior Spring left, SN: 0+000",
        "elevation_m": 30.1,
        "photo_filename": "DSC00622.jpg",
        "photo_path": "../DCIM/1000GRMN/DSC00622.jpg",
        "surveyor_comment": "Tsag/IA Name: Interior spring of San Vicente IA, Canal Name: Interior Spring left, SN: 0+000",
        "survey_date": "2024-4-11"
      },
      "geometry": {
        "type": "Point",
        "coordinates": [
          120.855098,
          12.884091
        ]
      }
    },
    {
      "type": "Feature",
      "properties": {
        "id": 62,
        "name": "Interior Spring Right",
        "type": "Thresher Crossing",
        "Structure_Category": "Thresher Crossing",
        "canal_name": "INTERIOR SPRING RIGHT MAIN CANAL",
        "station": "STA 0+596.3",
        "station_m": 596.31,
        "offset_m": 1.26,
        "desc": "",
        "comment": "sag/IA Name: Interrior of San Vicente IA, Canal Name: Interior Spring Right, SN: 0+584",
        "elevation_m": 29.35,
        "photo_filename": "DSC00617.jpg",
        "photo_path": "../DCIM/1000GRMN/DSC00617.jpg",
        "surveyor_comment": "sag/IA Name: Interrior of San Vicente IA, Canal Name: Interior Spring Right, SN: 0+584",
        "survey_date": "2024-4-11"
      },
      "geometry": {
        "type": "Point",
        "coordinates": [
          120.849777,
          12.884262
        ]
      }
    },
    {
      "type": "Feature",
      "properties": {
        "id": 64,
        "name": "Interior Spring Right",
        "type": "Thresher Crossing",
        "Structure_Category": "Thresher Crossing",
        "canal_name": "INTERIOR SPRING RIGHT MAIN CANAL",
        "station": "STA 0+783.6",
        "station_m": 783.58,
        "offset_m": 1.16,
        "desc": "",
        "comment": "sag/IA Name: Interrior of San Vicente IA, Canal Name: Interior Spring Right, SN: 0+769",
        "elevation_m": 23.4,
        "photo_filename": "DSC00619.jpg",
        "photo_path": "../DCIM/1000GRMN/DSC00619.jpg",
        "surveyor_comment": "sag/IA Name: Interrior of San Vicente IA, Canal Name: Interior Spring Right, SN: 0+769",
        "survey_date": "2024-4-11"
      },
      "geometry": {
        "type": "Point",
        "coordinates": [
          120.848193,
          12.883632
        ]
      }
    },
    {
      "type": "Feature",
      "properties": {
        "id": 160,
        "name": "402",
        "type": "Thresher Crossing",
        "Structure_Category": "Thresher Crossing",
        "canal_name": "LATERAL A",
        "station": "STA 0+420.3",
        "station_m": 420.28,
        "offset_m": 3.76,
        "desc": "",
        "comment": "Tsag/IA Name: Cadanguehan IA, Canal Name: Lateral A, SN : 0+322",
        "elevation_m": 46.06,
        "photo_filename": "DSC00465.jpg",
        "photo_path": "../DCIM/1000GRMN/DSC00465.jpg",
        "surveyor_comment": "Tsag/IA Name: Cadanguehan IA, Canal Name: Lateral A, SN : 0+322",
        "survey_date": "2024-4-4"
      },
      "geometry": {
        "type": "Point",
        "coordinates": [
          120.87387,
          12.894323
        ]
      }
    },
    {
      "type": "Feature",
      "properties": {
        "id": 162,
        "name": "404",
        "type": "Turnout",
        "Structure_Category": "Turnout (TO)",
        "canal_name": "LATERAL A",
        "station": "STA 0+672.8",
        "station_m": 672.85,
        "offset_m": 0.83,
        "desc": "",
        "comment": "Tsag/IA Name: Cadanguehan IA, Canal Name: Lateral A, SN : 0+410",
        "elevation_m": 42.19,
        "photo_filename": "DSC00467.jpg",
        "photo_path": "../DCIM/1000GRMN/DSC00467.jpg",
        "surveyor_comment": "Tsag/IA Name: Cadanguehan IA, Canal Name: Lateral A, SN : 0+410",
        "survey_date": "2024-4-4"
      },
      "geometry": {
        "type": "Point",
        "coordinates": [
          120.873988,
          12.892043
        ]
      }
    },
    {
      "type": "Feature",
      "properties": {
        "id": 163,
        "name": "405",
        "type": "Thresher Crossing",
        "Structure_Category": "Thresher Crossing",
        "canal_name": "LATERAL A",
        "station": "STA 0+677.3",
        "station_m": 677.27,
        "offset_m": 0.28,
        "desc": "",
        "comment": "Tsag/IA Name: Cadanguehan IA, Canal Name: Lateral A, SN : 0+413",
        "elevation_m": 42.94,
        "photo_filename": "DSC00468.jpg",
        "photo_path": "../DCIM/1000GRMN/DSC00468.jpg",
        "surveyor_comment": "Tsag/IA Name: Cadanguehan IA, Canal Name: Lateral A, SN : 0+413",
        "survey_date": "2024-4-4"
      },
      "geometry": {
        "type": "Point",
        "coordinates": [
          120.873978,
          12.892003
        ]
      }
    },
    {
      "type": "Feature",
      "properties": {
        "id": 164,
        "name": "406",
        "type": "Other Structures",
        "Structure_Category": "Other Structures",
        "canal_name": "LATERAL A",
        "station": "STA 0+885.8",
        "station_m": 885.79,
        "offset_m": 1.39,
        "desc": "",
        "comment": "Tsag/IA Name: Cadanguehan IA, Canal Name: Lateral A, SN : 0+880",
        "elevation_m": 43.83,
        "photo_filename": "DSC00469.jpg",
        "photo_path": "../DCIM/1000GRMN/DSC00469.jpg",
        "surveyor_comment": "Tsag/IA Name: Cadanguehan IA, Canal Name: Lateral A, SN : 0+880",
        "survey_date": "2024-4-4"
      },
      "geometry": {
        "type": "Point",
        "coordinates": [
          120.873544,
          12.890179
        ]
      }
    },
    {
      "type": "Feature",
      "properties": {
        "id": 165,
        "name": "407",
        "type": "Other Structures",
        "Structure_Category": "Other Structures",
        "canal_name": "LATERAL A",
        "station": "STA 1+009.3",
        "station_m": 1009.31,
        "offset_m": 1.71,
        "desc": "",
        "comment": "Tsag/IA Name: Cadanguehan IA, Canal Name: Lateral A, SN : 1+008",
        "elevation_m": 43.02,
        "photo_filename": "DSC00470.jpg",
        "photo_path": "../DCIM/1000GRMN/DSC00470.jpg",
        "surveyor_comment": "Tsag/IA Name: Cadanguehan IA, Canal Name: Lateral A, SN : 1+008",
        "survey_date": "2024-4-4"
      },
      "geometry": {
        "type": "Point",
        "coordinates": [
          120.87319,
          12.889119
        ]
      }
    },
    {
      "type": "Feature",
      "properties": {
        "id": 167,
        "name": "409",
        "type": "Road Crossing",
        "Structure_Category": "Road Crossing",
        "canal_name": "LATERAL A",
        "station": "STA 1+301.4",
        "station_m": 1301.44,
        "offset_m": 0.29,
        "desc": "",
        "comment": "Tsag/IA Name: Cadanguehan IA, Canal Name: Lateral A, SN : 1+300",
        "elevation_m": 43.97,
        "photo_filename": "DSC00472.jpg",
        "photo_path": "../DCIM/1000GRMN/DSC00472.jpg",
        "surveyor_comment": "Tsag/IA Name: Cadanguehan IA, Canal Name: Lateral A, SN : 1+300",
        "survey_date": "2024-4-4"
      },
      "geometry": {
        "type": "Point",
        "coordinates": [
          120.871119,
          12.887597
        ]
      }
    },
    {
      "type": "Feature",
      "properties": {
        "id": 123,
        "name": "496",
        "type": "Drop",
        "Structure_Category": "Other Structures",
        "canal_name": "SOUTH MAIN CANAL",
        "station": "STA 2+618.8",
        "station_m": 2618.84,
        "offset_m": 4.09,
        "desc": "",
        "comment": "Tsag/IA Name:San Vic francis left & Right IA, Canal Name: South M.C, SN : 2+632",
        "elevation_m": 30.73,
        "photo_filename": "DSC00570.jpg",
        "photo_path": "../DCIM/1000GRMN/DSC00570.jpg",
        "surveyor_comment": "Tsag/IA Name:San Vic francis left & Right IA, Canal Name: South M.C, SN : 2+632",
        "survey_date": "2024-4-9"
      },
      "geometry": {
        "type": "Point",
        "coordinates": [
          120.847324,
          12.894792
        ]
      }
    },
    {
      "type": "Feature",
      "properties": {
        "id": 120,
        "name": "493",
        "type": "Other Structures",
        "Structure_Category": "Other Structures",
        "canal_name": "SOUTH MAIN CANAL",
        "station": "STA 2+338.5",
        "station_m": 2338.45,
        "offset_m": 5.05,
        "desc": "",
        "comment": "Tsag/IA Name:San Vic francis left & Right IA, Canal Name: South M.C, SN : 2+338",
        "elevation_m": 31.86,
        "photo_filename": "DSC00567.jpg",
        "photo_path": "../DCIM/1000GRMN/DSC00567.jpg",
        "surveyor_comment": "Tsag/IA Name:San Vic francis left & Right IA, Canal Name: South M.C, SN : 2+338",
        "survey_date": "2024-4-9"
      },
      "geometry": {
        "type": "Point",
        "coordinates": [
          120.849869,
          12.895222
        ]
      }
    },
    {
      "type": "Feature",
      "properties": {
        "id": 119,
        "name": "492",
        "type": "Check Gate",
        "Structure_Category": "Head Gate",
        "canal_name": "SOUTH MAIN CANAL",
        "station": "STA 2+333.4",
        "station_m": 2333.36,
        "offset_m": 8.74,
        "desc": "",
        "comment": "Tsag/IA Name:San Vic francis left & Right IA, Canal Name: South M.C, SN : 2+334",
        "elevation_m": 33.57,
        "photo_filename": "DSC00565.jpg",
        "photo_path": "../DCIM/1000GRMN/DSC00565.jpg",
        "surveyor_comment": "Tsag/IA Name:San Vic francis left & Right IA, Canal Name: South M.C, SN : 2+334",
        "survey_date": "2024-4-9"
      },
      "geometry": {
        "type": "Point",
        "coordinates": [
          120.849921,
          12.895197
        ]
      }
    },
    {
      "type": "Feature",
      "properties": {
        "id": 117,
        "name": "490",
        "type": "Turnout",
        "Structure_Category": "Turnout (TO)",
        "canal_name": "SOUTH MAIN CANAL",
        "station": "STA 2+016.1",
        "station_m": 2016.08,
        "offset_m": 5.89,
        "desc": "",
        "comment": "Tsag/IA Name:San Vic francis left & Right IA, Canal Name: South M.C, SN : 2+010",
        "elevation_m": 37.75,
        "photo_filename": "DSC00563.jpg",
        "photo_path": "../DCIM/1000GRMN/DSC00563.jpg",
        "surveyor_comment": "Tsag/IA Name:San Vic francis left & Right IA, Canal Name: South M.C, SN : 2+010",
        "survey_date": "2024-4-9"
      },
      "geometry": {
        "type": "Point",
        "coordinates": [
          120.852724,
          12.894875
        ]
      }
    },
    {
      "type": "Feature",
      "properties": {
        "id": 116,
        "name": "489",
        "type": "Thresher Crossing",
        "Structure_Category": "Thresher Crossing",
        "canal_name": "SOUTH MAIN CANAL",
        "station": "STA 1+536.7",
        "station_m": 1536.68,
        "offset_m": 0.83,
        "desc": "",
        "comment": "Tsag/IA Name:San Vic francis left & Right IA, Canal Name: South M.C, SN : 1+524",
        "elevation_m": 25.52,
        "photo_filename": "DSC00562.jpg",
        "photo_path": "../DCIM/1000GRMN/DSC00562.jpg",
        "surveyor_comment": "Tsag/IA Name:San Vic francis left & Right IA, Canal Name: South M.C, SN : 1+524",
        "survey_date": "2024-4-9"
      },
      "geometry": {
        "type": "Point",
        "coordinates": [
          120.856825,
          12.896168
        ]
      }
    },
    {
      "type": "Feature",
      "properties": {
        "id": 149,
        "name": "390",
        "type": "Other Structures",
        "Structure_Category": "Other Structures",
        "canal_name": "OLD INTAKE MAIN CANAL",
        "station": "STA 1+662.1",
        "station_m": 1662.13,
        "offset_m": 1.07,
        "desc": "",
        "comment": "",
        "elevation_m": 44.94,
        "photo_filename": "DSC00453.jpg",
        "photo_path": "../DCIM/1000GRMN/DSC00453.jpg",
        "surveyor_comment": null,
        "survey_date": "2024-4-4"
      },
      "geometry": {
        "type": "Point",
        "coordinates": [
          120.879369,
          12.897153
        ]
      }
    },
    {
      "type": "Feature",
      "properties": {
        "id": 171,
        "name": "414",
        "type": "Other Structures",
        "Structure_Category": "Other Structures",
        "canal_name": "Off-Canal",
        "station": "",
        "station_m": null,
        "offset_m": 175.29,
        "desc": "",
        "comment": "",
        "elevation_m": null,
        "photo_filename": "",
        "photo_path": "../DCIM/1000GRMN/",
        "surveyor_comment": null,
        "survey_date": "2024-4-5"
      },
      "geometry": {
        "type": "Point",
        "coordinates": [
          120.833686,
          12.884425
        ]
      }
    },
    {
      "type": "Feature",
      "properties": {
        "id": 197,
        "name": "440",
        "type": "Other Structures",
        "Structure_Category": "Other Structures",
        "canal_name": "OLD INTAKE MAIN CANAL",
        "station": "STA 5+142.3",
        "station_m": 5142.32,
        "offset_m": 0.26,
        "desc": "",
        "comment": "",
        "elevation_m": 31.99,
        "photo_filename": "DSC00505.jpg",
        "photo_path": "../DCIM/1000GRMN/DSC00505.jpg",
        "surveyor_comment": null,
        "survey_date": "2024-4-5"
      },
      "geometry": {
        "type": "Point",
        "coordinates": [
          120.850387,
          12.904607
        ]
      }
    },
    {
      "type": "Feature",
      "properties": {
        "id": 198,
        "name": "441",
        "type": "Other Structures",
        "Structure_Category": "Other Structures",
        "canal_name": "OLD INTAKE MAIN CANAL",
        "station": "STA 5+233.8",
        "station_m": 5233.8,
        "offset_m": 4.72,
        "desc": "",
        "comment": "",
        "elevation_m": 28.65,
        "photo_filename": "DSC00506.jpg",
        "photo_path": "../DCIM/1000GRMN/DSC00506.jpg",
        "surveyor_comment": null,
        "survey_date": "2024-4-5"
      },
      "geometry": {
        "type": "Point",
        "coordinates": [
          120.849558,
          12.904589
        ]
      }
    },
    {
      "type": "Feature",
      "properties": {
        "id": 200,
        "name": "443",
        "type": "Other Structures",
        "Structure_Category": "Other Structures",
        "canal_name": "OLD INTAKE MAIN CANAL",
        "station": "STA 5+602.9",
        "station_m": 5602.88,
        "offset_m": 6.44,
        "desc": "",
        "comment": "",
        "elevation_m": 32.14,
        "photo_filename": "DSC00508.jpg",
        "photo_path": "../DCIM/1000GRMN/DSC00508.jpg",
        "surveyor_comment": null,
        "survey_date": "2024-4-5"
      },
      "geometry": {
        "type": "Point",
        "coordinates": [
          120.846246,
          12.903842
        ]
      }
    },
    {
      "type": "Feature",
      "properties": {
        "id": 201,
        "name": "444",
        "type": "Other Structures",
        "Structure_Category": "Other Structures",
        "canal_name": "OLD INTAKE MAIN CANAL",
        "station": "STA 5+648.6",
        "station_m": 5648.59,
        "offset_m": 4.28,
        "desc": "",
        "comment": "",
        "elevation_m": 31.63,
        "photo_filename": "DSC00509.jpg",
        "photo_path": "../DCIM/1000GRMN/DSC00509.jpg",
        "surveyor_comment": null,
        "survey_date": "2024-4-5"
      },
      "geometry": {
        "type": "Point",
        "coordinates": [
          120.845825,
          12.903778
        ]
      }
    },
    {
      "type": "Feature",
      "properties": {
        "id": 203,
        "name": "446",
        "type": "Other Structures",
        "Structure_Category": "Other Structures",
        "canal_name": "OLD INTAKE MAIN CANAL",
        "station": "STA 6+157.7",
        "station_m": 6157.74,
        "offset_m": 7.76,
        "desc": "",
        "comment": "",
        "elevation_m": 26.05,
        "photo_filename": "DSC00511.jpg",
        "photo_path": "../DCIM/1000GRMN/DSC00511.jpg",
        "surveyor_comment": null,
        "survey_date": "2024-4-5"
      },
      "geometry": {
        "type": "Point",
        "coordinates": [
          120.841227,
          12.903506
        ]
      }
    },
    {
      "type": "Feature",
      "properties": {
        "id": 204,
        "name": "447",
        "type": "Other Structures",
        "Structure_Category": "Other Structures",
        "canal_name": "LATERAL B",
        "station": "STA 0+006.6",
        "station_m": 6.58,
        "offset_m": 0.4,
        "desc": "",
        "comment": "",
        "elevation_m": 28.68,
        "photo_filename": "DSC00512.jpg",
        "photo_path": "../DCIM/1000GRMN/DSC00512.jpg",
        "surveyor_comment": null,
        "survey_date": "2024-4-5"
      },
      "geometry": {
        "type": "Point",
        "coordinates": [
          120.840371,
          12.903367
        ]
      }
    },
    {
      "type": "Feature",
      "properties": {
        "id": 209,
        "name": "452",
        "type": "Other Structures",
        "Structure_Category": "Other Structures",
        "canal_name": "OLD INTAKE MAIN CANAL",
        "station": "STA 10+380.7",
        "station_m": 10380.7,
        "offset_m": 5.23,
        "desc": "",
        "comment": "",
        "elevation_m": 20.4,
        "photo_filename": "DSC00519.jpg",
        "photo_path": "../DCIM/1000GRMN/DSC00519.jpg",
        "surveyor_comment": null,
        "survey_date": "2024-4-5"
      },
      "geometry": {
        "type": "Point",
        "coordinates": [
          120.803085,
          12.896446
        ]
      }
    },
    {
      "type": "Feature",
      "properties": {
        "id": 274,
        "name": "340",
        "type": "Other Structures",
        "Structure_Category": "Other Structures",
        "canal_name": "KAMAI MAIN CANAL",
        "station": "STA 4+559.0",
        "station_m": 4559.01,
        "offset_m": 1.02,
        "desc": "",
        "comment": "",
        "elevation_m": 16.14,
        "photo_filename": "",
        "photo_path": "../DCIM/10GRMN/",
        "surveyor_comment": null,
        "survey_date": "2024-4-11"
      },
      "geometry": {
        "type": "Point",
        "coordinates": [
          120.806972,
          12.891084
        ]
      }
    },
    {
      "type": "Feature",
      "properties": {
        "id": 142,
        "name": "Intake",
        "type": "Intake",
        "Structure_Category": "Inlet",
        "canal_name": "OLD INTAKE MAIN CANAL",
        "station": "STA 0+001.4",
        "station_m": 1.35,
        "offset_m": 2.32,
        "desc": "fa",
        "comment": "Tsag/IA Name: Cadanguehan IA, Canal Name: M.C,Lat. (N)12*53'33.80\", Long.(E) 120*53'38.35\" SN : 3+610,",
        "elevation_m": 59.18,
        "photo_filename": "DSC00444.jpg",
        "photo_path": "../DCIM/1000GRMN/DSC00444.jpg",
        "surveyor_comment": "Tsag/IA Name: Cadanguehan IA, Canal Name: M.C,Lat. (N)12*53'33.80\", Long.(E) 120*53'38.35\" SN : 3+610,",
        "survey_date": "2024-4-4"
      },
      "geometry": {
        "type": "Point",
        "coordinates": [
          120.893987,
          12.892721
        ]
      }
    },
    {
      "type": "Feature",
      "properties": {
        "id": 145,
        "name": "Road crossing",
        "type": "Road Crossing",
        "Structure_Category": "Road Crossing",
        "canal_name": "OLD INTAKE MAIN CANAL",
        "station": "STA 0+402.6",
        "station_m": 402.58,
        "offset_m": 0.18,
        "desc": "",
        "comment": "Tsag/IA Name: Cadanguehan IA, Canal Name: M.C,Lat. (N)12*53'37.58\", Long.(E) 120*53'25.61\" SN : 4+006, Remarks:",
        "elevation_m": 58.51,
        "photo_filename": "DSC00449.jpg",
        "photo_path": "../DCIM/1000GRMN/DSC00449.jpg",
        "surveyor_comment": "Tsag/IA Name: Cadanguehan IA, Canal Name: M.C,Lat. (N)12*53'37.58\", Long.(E) 120*53'25.61\" SN : 4+006, Remarks:",
        "survey_date": "2024-4-4"
      },
      "geometry": {
        "type": "Point",
        "coordinates": [
          120.890446,
          12.893771
        ]
      }
    },
    {
      "type": "Feature",
      "properties": {
        "id": 129,
        "name": "Combination of turnout bothside with road crossing",
        "type": "Turnout",
        "Structure_Category": "Road Crossing",
        "canal_name": "AMNAY PATRICK MAIN CANAL",
        "station": "STA 1+195.2",
        "station_m": 1195.22,
        "offset_m": 4.8,
        "desc": "",
        "comment": "Tsag/IA Name: Cadanguehan IA, Canal Name: Amnay-Patrick M.C, Lat. (N)12*52'41.05\", Long.(E) 120*54'24.68\",SN : 1+223, Remarks: No steel gate",
        "elevation_m": 89.59,
        "photo_filename": "DSC00431.jpg",
        "photo_path": "../DCIM/1000GRMN/DSC00431.jpg",
        "surveyor_comment": "Tsag/IA Name: Cadanguehan IA, Canal Name: Amnay-Patrick M.C, Lat. (N)12*52'41.05\", Long.(E) 120*54'24.68\",SN : 1+223, Remarks: No steel gate",
        "survey_date": "2024-4-4"
      },
      "geometry": {
        "type": "Point",
        "coordinates": [
          120.906855,
          12.878069
        ]
      }
    },
    {
      "type": "Feature",
      "properties": {
        "id": 136,
        "name": "Main canal",
        "type": "Other Structures",
        "Structure_Category": "Other Structures",
        "canal_name": "AMNAY PATRICK MAIN CANAL",
        "station": "STA 2+064.3",
        "station_m": 2064.32,
        "offset_m": 12.07,
        "desc": "",
        "comment": "Tsag/IA Name: Cadanguehan IA, Canal Name: Amnay-Patrick M.C,Lat. (N)12*52'53.44\", Long.(E) 120*54'06.11\" SN : , Remarks: Major abbrassion",
        "elevation_m": 73.68,
        "photo_filename": "DSC00438.jpg",
        "photo_path": "../DCIM/1000GRMN/DSC00438.jpg",
        "surveyor_comment": "Tsag/IA Name: Cadanguehan IA, Canal Name: Amnay-Patrick M.C,Lat. (N)12*52'53.44\", Long.(E) 120*54'06.11\" SN : , Remarks: Major abbrassion",
        "survey_date": "2024-4-4"
      },
      "geometry": {
        "type": "Point",
        "coordinates": [
          120.901697,
          12.881511
        ]
      }
    },
    {
      "type": "Feature",
      "properties": {
        "id": 132,
        "name": "Drainage",
        "type": "Drainage",
        "Structure_Category": "Drainage",
        "canal_name": "AMNAY PATRICK MAIN CANAL",
        "station": "STA 1+699.1",
        "station_m": 1699.12,
        "offset_m": 3.79,
        "desc": "",
        "comment": "Tsag/IA Name: Cadanguehan IA, Canal Name: Amnay-Patrick M.C,Lat. (N)12*52'42.90\", Long.(E) 120*54'08.31\" SN :1+712, Remarks: Silted",
        "elevation_m": 78.94,
        "photo_filename": "DSC00434.jpg",
        "photo_path": "../DCIM/1000GRMN/DSC00434.jpg",
        "surveyor_comment": "Tsag/IA Name: Cadanguehan IA, Canal Name: Amnay-Patrick M.C,Lat. (N)12*52'42.90\", Long.(E) 120*54'08.31\" SN :1+712, Remarks: Silted",
        "survey_date": "2024-4-4"
      },
      "geometry": {
        "type": "Point",
        "coordinates": [
          120.902307,
          12.878583
        ]
      }
    },
    {
      "type": "Feature",
      "properties": {
        "id": 133,
        "name": "Turnout (left side)",
        "type": "Turnout",
        "Structure_Category": "Turnout (TO)",
        "canal_name": "AMNAY PATRICK MAIN CANAL",
        "station": "STA 1+749.1",
        "station_m": 1749.06,
        "offset_m": 7.79,
        "desc": "",
        "comment": "Tsag/IA Name: Cadanguehan IA, Canal Name: Amnay-Patrick M.C,Lat. (N)12*52'43.92\", Long.(E) 120*54'07.01\" SN : 1+759, Remarks: No steel gate",
        "elevation_m": 75.66,
        "photo_filename": "DSC00435.jpg",
        "photo_path": "../DCIM/1000GRMN/DSC00435.jpg",
        "surveyor_comment": "Tsag/IA Name: Cadanguehan IA, Canal Name: Amnay-Patrick M.C,Lat. (N)12*52'43.92\", Long.(E) 120*54'07.01\" SN : 1+759, Remarks: No steel gate",
        "survey_date": "2024-4-4"
      },
      "geometry": {
        "type": "Point",
        "coordinates": [
          120.901948,
          12.878868
        ]
      }
    },
    {
      "type": "Feature",
      "properties": {
        "id": 140,
        "name": "Road crossing, end of concrete canal and Beginning of Earth canal",
        "type": "Road Crossing",
        "Structure_Category": "Road Crossing",
        "canal_name": "AMNAY PATRICK MAIN CANAL",
        "station": "STA 3+355.1",
        "station_m": 3355.06,
        "offset_m": 2.87,
        "desc": "",
        "comment": "Tsag/IA Name: Cadanguehan IA, Canal Name: Amnay-Patrick M.C,Lat. (N)12*53'27.74\", Long.(E) 120*53'42.97\" SN : 3+376, Remarks:",
        "elevation_m": 64.63,
        "photo_filename": "DSC00442.jpg",
        "photo_path": "../DCIM/1000GRMN/DSC00442.jpg",
        "surveyor_comment": "Tsag/IA Name: Cadanguehan IA, Canal Name: Amnay-Patrick M.C,Lat. (N)12*53'27.74\", Long.(E) 120*53'42.97\" SN : 3+376, Remarks:",
        "survey_date": "2024-4-4"
      },
      "geometry": {
        "type": "Point",
        "coordinates": [
          120.895269,
          12.89104
        ]
      }
    },
    {
      "type": "Feature",
      "properties": {
        "id": 138,
        "name": "Turnout both side",
        "type": "Turnout",
        "Structure_Category": "Turnout (TO)",
        "canal_name": "AMNAY PATRICK MAIN CANAL",
        "station": "STA 3+097.8",
        "station_m": 3097.79,
        "offset_m": 0.15,
        "desc": "",
        "comment": "Tsag/IA Name: Cadanguehan IA, Canal Name: Amnay-Patrick M.C,Lat. (N)12*53'19.96\", Long.(E) 120*53'46.07\" SN : 3+110, Remarks: No steel gate",
        "elevation_m": 62.34,
        "photo_filename": "DSC00440.jpg",
        "photo_path": "../DCIM/1000GRMN/DSC00440.jpg",
        "surveyor_comment": "Tsag/IA Name: Cadanguehan IA, Canal Name: Amnay-Patrick M.C,Lat. (N)12*53'19.96\", Long.(E) 120*53'46.07\" SN : 3+110, Remarks: No steel gate",
        "survey_date": "2024-4-4"
      },
      "geometry": {
        "type": "Point",
        "coordinates": [
          120.89613,
          12.888877
        ]
      }
    },
    {
      "type": "Feature",
      "properties": {
        "id": 141,
        "name": "Old Intake",
        "type": "Intake",
        "Structure_Category": "Inlet",
        "canal_name": "OLD INTAKE MAIN CANAL",
        "station": "STA 0+001.0",
        "station_m": 1.03,
        "offset_m": 1.36,
        "desc": "fa",
        "comment": "Tsag/IA Name: Cadanguehan IA, Canal Name: Amnay-Patrick M.C,Lat. (N)12*53'3.76\", Long.(E) 120*53'38.35\" SN : 3+610,",
        "elevation_m": 71.83,
        "photo_filename": "DSC00443.jpg",
        "photo_path": "../DCIM/1000GRMN/DSC00443.jpg",
        "surveyor_comment": "Tsag/IA Name: Cadanguehan IA, Canal Name: Amnay-Patrick M.C,Lat. (N)12*53'3.76\", Long.(E) 120*53'38.35\" SN : 3+610,",
        "survey_date": "2024-4-4"
      },
      "geometry": {
        "type": "Point",
        "coordinates": [
          120.893985,
          12.892712
        ]
      }
    },
    {
      "type": "Feature",
      "properties": {
        "id": 147,
        "name": "Road crossing",
        "type": "Road Crossing",
        "Structure_Category": "Road Crossing",
        "canal_name": "OLD INTAKE MAIN CANAL",
        "station": "STA 0+942.7",
        "station_m": 942.68,
        "offset_m": 1,
        "desc": "",
        "comment": "Tsag/IA Name: Cadanguehan IA, Canal Name: M.C,Lat. (N)12*53'42.68\", Long.(E) 120*53'08.47\" SN : 4+550, Remarks:",
        "elevation_m": 59.09,
        "photo_filename": "DSC00451.jpg",
        "photo_path": "../DCIM/1000GRMN/DSC00451.jpg",
        "surveyor_comment": "Tsag/IA Name: Cadanguehan IA, Canal Name: M.C,Lat. (N)12*53'42.68\", Long.(E) 120*53'08.47\" SN : 4+550, Remarks:",
        "survey_date": "2024-4-4"
      },
      "geometry": {
        "type": "Point",
        "coordinates": [
          120.885686,
          12.895189
        ]
      }
    },
    {
      "type": "Feature",
      "properties": {
        "id": 151,
        "name": "Road crossing",
        "type": "Road Crossing",
        "Structure_Category": "Road Crossing",
        "canal_name": "OLD INTAKE MAIN CANAL",
        "station": "STA 2+083.3",
        "station_m": 2083.33,
        "offset_m": 1.71,
        "desc": "",
        "comment": "Tsag/IA Name: Cadanguehan IA, Canal Name: M.C,Lat. (N)12*53'51.03\", Long.(E) 120*52'32.15\" SN :5+675, Remarks:",
        "elevation_m": 43.84,
        "photo_filename": "DSC00455.jpg",
        "photo_path": "../DCIM/1000GRMN/DSC00455.jpg",
        "surveyor_comment": "Tsag/IA Name: Cadanguehan IA, Canal Name: M.C,Lat. (N)12*53'51.03\", Long.(E) 120*52'32.15\" SN :5+675, Remarks:",
        "survey_date": "2024-4-4"
      },
      "geometry": {
        "type": "Point",
        "coordinates": [
          120.875597,
          12.897508
        ]
      }
    },
    {
      "type": "Feature",
      "properties": {
        "id": 152,
        "name": "Check gate",
        "type": "Check Gate",
        "Structure_Category": "Head Gate",
        "canal_name": "LATERAL A",
        "station": "STA 0+002.3",
        "station_m": 2.29,
        "offset_m": 0.08,
        "desc": "",
        "comment": "Tsag/IA Name: Cadanguehan IA, Canal Name: M.C,Lat. (N)12*53'50.96\", Long.(E) 120*52'31.96\" SN : 5+688, Remarks: Dilapidated / Missing steel gate",
        "elevation_m": 44.42,
        "photo_filename": "DSC00456.jpg",
        "photo_path": "../DCIM/1000GRMN/DSC00456.jpg",
        "surveyor_comment": "Tsag/IA Name: Cadanguehan IA, Canal Name: M.C,Lat. (N)12*53'50.96\", Long.(E) 120*52'31.96\" SN : 5+688, Remarks: Dilapidated / Missing steel gate",
        "survey_date": "2024-4-4"
      },
      "geometry": {
        "type": "Point",
        "coordinates": [
          120.875544,
          12.89749
        ]
      }
    },
    {
      "type": "Feature",
      "properties": {
        "id": 159,
        "name": "Turnout (right side)",
        "type": "Turnout",
        "Structure_Category": "Turnout (TO)",
        "canal_name": "LATERAL A",
        "station": "STA 0+325.8",
        "station_m": 325.78,
        "offset_m": 4.33,
        "desc": "",
        "comment": "Tsag/IA Name: Cadanguehan IA, Canal Name: Lateral A,Lat. (N)12*53'92.65\", Long.(E) 120*52'26.13\" SN : 0+319, Remarks:Vegetated",
        "elevation_m": 47.59,
        "photo_filename": "DSC00464.jpg",
        "photo_path": "../DCIM/1000GRMN/DSC00464.jpg",
        "surveyor_comment": "Tsag/IA Name: Cadanguehan IA, Canal Name: Lateral A,Lat. (N)12*53'92.65\", Long.(E) 120*52'26.13\" SN : 0+319, Remarks:Vegetated",
        "survey_date": "2024-4-4"
      },
      "geometry": {
        "type": "Point",
        "coordinates": [
          120.873925,
          12.89518
        ]
      }
    },
    {
      "type": "Feature",
      "properties": {
        "id": 157,
        "name": "Turnout (right side) / Box culvert",
        "type": "Turnout",
        "Structure_Category": "Turnout (TO)",
        "canal_name": "LATERAL A",
        "station": "STA 0+231.0",
        "station_m": 230.96,
        "offset_m": 2.15,
        "desc": "",
        "comment": "Tsag/IA Name: Cadanguehan IA, Canal Name: Lateral A,Lat. (N)12*53'45.66\", Long.(E) 120*52'26.81\" SN : 0+225, Remarks:Vegetated",
        "elevation_m": 50.98,
        "photo_filename": "DSC00462.jpg",
        "photo_path": "../DCIM/1000GRMN/DSC00462.jpg",
        "surveyor_comment": "Tsag/IA Name: Cadanguehan IA, Canal Name: Lateral A,Lat. (N)12*53'45.66\", Long.(E) 120*52'26.81\" SN : 0+225, Remarks:Vegetated",
        "survey_date": "2024-4-4"
      },
      "geometry": {
        "type": "Point",
        "coordinates": [
          120.874113,
          12.896017
        ]
      }
    },
    {
      "type": "Feature",
      "properties": {
        "id": 210,
        "name": "453",
        "type": "Other Structures",
        "Structure_Category": "Other Structures",
        "canal_name": "OLD INTAKE MAIN CANAL",
        "station": "STA 9+580.4",
        "station_m": 9580.37,
        "offset_m": 4.74,
        "desc": "",
        "comment": "",
        "elevation_m": 18.06,
        "photo_filename": "DSC00520.jpg",
        "photo_path": "../DCIM/1000GRMN/DSC00520.jpg",
        "surveyor_comment": null,
        "survey_date": "2024-4-5"
      },
      "geometry": {
        "type": "Point",
        "coordinates": [
          120.810184,
          12.898175
        ]
      }
    },
    {
      "type": "Feature",
      "properties": {
        "id": 211,
        "name": "454",
        "type": "Other Structures",
        "Structure_Category": "Other Structures",
        "canal_name": "OLD INTAKE MAIN CANAL",
        "station": "STA 9+424.4",
        "station_m": 9424.45,
        "offset_m": 4.84,
        "desc": "",
        "comment": "",
        "elevation_m": 20.81,
        "photo_filename": "DSC00521.jpg",
        "photo_path": "../DCIM/1000GRMN/DSC00521.jpg",
        "surveyor_comment": null,
        "survey_date": "2024-4-5"
      },
      "geometry": {
        "type": "Point",
        "coordinates": [
          120.811592,
          12.898453
        ]
      }
    },
    {
      "type": "Feature",
      "properties": {
        "id": 212,
        "name": "455",
        "type": "Other Structures",
        "Structure_Category": "Other Structures",
        "canal_name": "OLD INTAKE MAIN CANAL",
        "station": "STA 9+404.8",
        "station_m": 9404.81,
        "offset_m": 6.33,
        "desc": "",
        "comment": "",
        "elevation_m": 19.57,
        "photo_filename": "DSC00522.jpg",
        "photo_path": "../DCIM/1000GRMN/DSC00522.jpg",
        "surveyor_comment": null,
        "survey_date": "2024-4-5"
      },
      "geometry": {
        "type": "Point",
        "coordinates": [
          120.811772,
          12.898475
        ]
      }
    },
    {
      "type": "Feature",
      "properties": {
        "id": 213,
        "name": "456",
        "type": "Other Structures",
        "Structure_Category": "Other Structures",
        "canal_name": "OLD INTAKE MAIN CANAL",
        "station": "STA 9+200.1",
        "station_m": 9200.1,
        "offset_m": 8.21,
        "desc": "",
        "comment": "",
        "elevation_m": 21.47,
        "photo_filename": "DSC00523.jpg",
        "photo_path": "../DCIM/1000GRMN/DSC00523.jpg",
        "surveyor_comment": null,
        "survey_date": "2024-4-5"
      },
      "geometry": {
        "type": "Point",
        "coordinates": [
          120.813638,
          12.898745
        ]
      }
    },
    {
      "type": "Feature",
      "properties": {
        "id": 214,
        "name": "457",
        "type": "Other Structures",
        "Structure_Category": "Other Structures",
        "canal_name": "OLD INTAKE MAIN CANAL",
        "station": "STA 8+991.5",
        "station_m": 8991.47,
        "offset_m": 3.28,
        "desc": "",
        "comment": "",
        "elevation_m": 21.38,
        "photo_filename": "DSC00524.jpg",
        "photo_path": "../DCIM/1000GRMN/DSC00524.jpg",
        "surveyor_comment": null,
        "survey_date": "2024-4-5"
      },
      "geometry": {
        "type": "Point",
        "coordinates": [
          120.815514,
          12.899146
        ]
      }
    },
    {
      "type": "Feature",
      "properties": {
        "id": 215,
        "name": "458",
        "type": "Other Structures",
        "Structure_Category": "Other Structures",
        "canal_name": "OLD INTAKE MAIN CANAL",
        "station": "STA 8+969.4",
        "station_m": 8969.38,
        "offset_m": 6.02,
        "desc": "",
        "comment": "",
        "elevation_m": 22.3,
        "photo_filename": "DSC00525.jpg",
        "photo_path": "../DCIM/1000GRMN/DSC00525.jpg",
        "surveyor_comment": null,
        "survey_date": "2024-4-5"
      },
      "geometry": {
        "type": "Point",
        "coordinates": [
          120.815719,
          12.899152
        ]
      }
    },
    {
      "type": "Feature",
      "properties": {
        "id": 216,
        "name": "459",
        "type": "Other Structures",
        "Structure_Category": "Other Structures",
        "canal_name": "OLD INTAKE MAIN CANAL",
        "station": "STA 8+847.2",
        "station_m": 8847.24,
        "offset_m": 8.55,
        "desc": "",
        "comment": "",
        "elevation_m": 21.52,
        "photo_filename": "DSC00526.jpg",
        "photo_path": "../DCIM/1000GRMN/DSC00526.jpg",
        "surveyor_comment": null,
        "survey_date": "2024-4-5"
      },
      "geometry": {
        "type": "Point",
        "coordinates": [
          120.816833,
          12.899324
        ]
      }
    },
    {
      "type": "Feature",
      "properties": {
        "id": 217,
        "name": "460",
        "type": "Other Structures",
        "Structure_Category": "Other Structures",
        "canal_name": "OLD INTAKE MAIN CANAL",
        "station": "STA 8+692.9",
        "station_m": 8692.95,
        "offset_m": 4.47,
        "desc": "",
        "comment": "",
        "elevation_m": 19.98,
        "photo_filename": "DSC00527.jpg",
        "photo_path": "../DCIM/1000GRMN/DSC00527.jpg",
        "surveyor_comment": null,
        "survey_date": "2024-4-5"
      },
      "geometry": {
        "type": "Point",
        "coordinates": [
          120.818225,
          12.899599
        ]
      }
    },
    {
      "type": "Feature",
      "properties": {
        "id": 218,
        "name": "461",
        "type": "Other Structures",
        "Structure_Category": "Other Structures",
        "canal_name": "OLD INTAKE MAIN CANAL",
        "station": "STA 8+157.0",
        "station_m": 8157,
        "offset_m": 6.38,
        "desc": "",
        "comment": "",
        "elevation_m": 23.28,
        "photo_filename": "DSC00528.jpg",
        "photo_path": "../DCIM/1000GRMN/DSC00528.jpg",
        "surveyor_comment": null,
        "survey_date": "2024-4-5"
      },
      "geometry": {
        "type": "Point",
        "coordinates": [
          120.823099,
          12.900368
        ]
      }
    },
    {
      "type": "Feature",
      "properties": {
        "id": 219,
        "name": "462",
        "type": "Other Structures",
        "Structure_Category": "Other Structures",
        "canal_name": "OLD INTAKE MAIN CANAL",
        "station": "STA 8+037.2",
        "station_m": 8037.2,
        "offset_m": 2.99,
        "desc": "",
        "comment": "",
        "elevation_m": 20.11,
        "photo_filename": "DSC00529.jpg",
        "photo_path": "../DCIM/1000GRMN/DSC00529.jpg",
        "surveyor_comment": null,
        "survey_date": "2024-4-5"
      },
      "geometry": {
        "type": "Point",
        "coordinates": [
          120.824173,
          12.900629
        ]
      }
    },
    {
      "type": "Feature",
      "properties": {
        "id": 220,
        "name": "463",
        "type": "Other Structures",
        "Structure_Category": "Other Structures",
        "canal_name": "OLD INTAKE MAIN CANAL",
        "station": "STA 7+850.1",
        "station_m": 7850.13,
        "offset_m": 5.54,
        "desc": "",
        "comment": "",
        "elevation_m": 23.07,
        "photo_filename": "DSC00530.jpg",
        "photo_path": "../DCIM/1000GRMN/DSC00530.jpg",
        "surveyor_comment": null,
        "survey_date": "2024-4-5"
      },
      "geometry": {
        "type": "Point",
        "coordinates": [
          120.825871,
          12.900909
        ]
      }
    },
    {
      "type": "Feature",
      "properties": {
        "id": 221,
        "name": "464",
        "type": "Other Structures",
        "Structure_Category": "Other Structures",
        "canal_name": "OLD INTAKE MAIN CANAL",
        "station": "STA 7+568.8",
        "station_m": 7568.78,
        "offset_m": 6.75,
        "desc": "",
        "comment": "",
        "elevation_m": 22.92,
        "photo_filename": "DSC00531.jpg",
        "photo_path": "../DCIM/1000GRMN/DSC00531.jpg",
        "surveyor_comment": null,
        "survey_date": "2024-4-5"
      },
      "geometry": {
        "type": "Point",
        "coordinates": [
          120.82842,
          12.901383
        ]
      }
    },
    {
      "type": "Feature",
      "properties": {
        "id": 222,
        "name": "465",
        "type": "Other Structures",
        "Structure_Category": "Other Structures",
        "canal_name": "OLD INTAKE MAIN CANAL",
        "station": "STA 7+405.7",
        "station_m": 7405.73,
        "offset_m": 0.93,
        "desc": "",
        "comment": "",
        "elevation_m": 21.88,
        "photo_filename": "DSC00532.jpg",
        "photo_path": "../DCIM/1000GRMN/DSC00532.jpg",
        "surveyor_comment": null,
        "survey_date": "2024-4-5"
      },
      "geometry": {
        "type": "Point",
        "coordinates": [
          120.829897,
          12.901614
        ]
      }
    },
    {
      "type": "Feature",
      "properties": {
        "id": 205,
        "name": "448",
        "type": "Road Crossing",
        "Structure_Category": "Road Crossing",
        "canal_name": "OLD INTAKE MAIN CANAL",
        "station": "STA 6+262.5",
        "station_m": 6262.46,
        "offset_m": 5.09,
        "desc": "",
        "comment": "Tsag/IA Name: Rayusan IA, Canal Name:Main Canal (proposed), SN : 9+856",
        "elevation_m": 28.64,
        "photo_filename": "DSC00514.jpg",
        "photo_path": "../DCIM/1000GRMN/DSC00514.jpg",
        "surveyor_comment": "Tsag/IA Name: Rayusan IA, Canal Name:Main Canal (proposed), SN : 9+856",
        "survey_date": "2024-4-5"
      },
      "geometry": {
        "type": "Point",
        "coordinates": [
          120.840273,
          12.903357
        ]
      }
    },
    {
      "type": "Feature",
      "properties": {
        "id": 199,
        "name": "442",
        "type": "Drop",
        "Structure_Category": "Other Structures",
        "canal_name": "OLD INTAKE MAIN CANAL",
        "station": "STA 5+238.9",
        "station_m": 5238.89,
        "offset_m": 5.32,
        "desc": "",
        "comment": "Tsag/IA Name: Rayusan IA, Canal Name:M.C (proposed), SN : 8+836",
        "elevation_m": 27.94,
        "photo_filename": "DSC00507.jpg",
        "photo_path": "../DCIM/1000GRMN/DSC00507.jpg",
        "surveyor_comment": "Tsag/IA Name: Rayusan IA, Canal Name:M.C (proposed), SN : 8+836",
        "survey_date": "2024-4-5"
      },
      "geometry": {
        "type": "Point",
        "coordinates": [
          120.849513,
          12.904575
        ]
      }
    },
    {
      "type": "Feature",
      "properties": {
        "id": 208,
        "name": "451",
        "type": "Turnout",
        "Structure_Category": "Turnout (TO)",
        "canal_name": "OLD INTAKE MAIN CANAL",
        "station": "STA 7+117.4",
        "station_m": 7117.4,
        "offset_m": 4.51,
        "desc": "",
        "comment": "Tsag/IA Name: Rayusan IA, Canal Name: M.C, SN :10+700",
        "elevation_m": 25.86,
        "photo_filename": "DSC00518.jpg",
        "photo_path": "../DCIM/1000GRMN/DSC00518.jpg",
        "surveyor_comment": "Tsag/IA Name: Rayusan IA, Canal Name: M.C, SN :10+700",
        "survey_date": "2024-4-5"
      },
      "geometry": {
        "type": "Point",
        "coordinates": [
          120.832519,
          12.902033
        ]
      }
    },
    {
      "type": "Feature",
      "properties": {
        "id": 196,
        "name": "439",
        "type": "Other Structures",
        "Structure_Category": "Other Structures",
        "canal_name": "OLD INTAKE MAIN CANAL",
        "station": "STA 4+935.4",
        "station_m": 4935.43,
        "offset_m": 1.69,
        "desc": "",
        "comment": "Tsag/IA Name: Rayusan IA, Canal Name:M.C, SN : 8+536",
        "elevation_m": 28.98,
        "photo_filename": "DSC00504.jpg",
        "photo_path": "../DCIM/1000GRMN/DSC00504.jpg",
        "surveyor_comment": "Tsag/IA Name: Rayusan IA, Canal Name:M.C, SN : 8+536",
        "survey_date": "2024-4-5"
      },
      "geometry": {
        "type": "Point",
        "coordinates": [
          120.852099,
          12.905273
        ]
      }
    },
    {
      "type": "Feature",
      "properties": {
        "id": 195,
        "name": "438",
        "type": "Turnout",
        "Structure_Category": "Turnout (TO)",
        "canal_name": "OLD INTAKE MAIN CANAL",
        "station": "STA 4+696.0",
        "station_m": 4695.97,
        "offset_m": 5.04,
        "desc": "",
        "comment": "Tsag/IA Name: Rayusan IA, Canal Name:M.C, SN : 8+302",
        "elevation_m": 36.09,
        "photo_filename": "DSC00503.jpg",
        "photo_path": "../DCIM/1000GRMN/DSC00503.jpg",
        "surveyor_comment": "Tsag/IA Name: Rayusan IA, Canal Name:M.C, SN : 8+302",
        "survey_date": "2024-4-5"
      },
      "geometry": {
        "type": "Point",
        "coordinates": [
          120.854214,
          12.905785
        ]
      }
    },
    {
      "type": "Feature",
      "properties": {
        "id": 193,
        "name": "436",
        "type": "Drop",
        "Structure_Category": "Other Structures",
        "canal_name": "OLD INTAKE MAIN CANAL",
        "station": "STA 4+505.2",
        "station_m": 4505.2,
        "offset_m": 4,
        "desc": "",
        "comment": "Tsag/IA Name: Rayusan IA, Canal Name:M.C, SN : 8+118",
        "elevation_m": 36.68,
        "photo_filename": "DSC00501.jpg",
        "photo_path": "../DCIM/1000GRMN/DSC00501.jpg",
        "surveyor_comment": "Tsag/IA Name: Rayusan IA, Canal Name:M.C, SN : 8+118",
        "survey_date": "2024-4-5"
      },
      "geometry": {
        "type": "Point",
        "coordinates": [
          120.855962,
          12.905956
        ]
      }
    },
    {
      "type": "Feature",
      "properties": {
        "id": 206,
        "name": "449",
        "type": "Road Crossing",
        "Structure_Category": "Road Crossing",
        "canal_name": "OLD INTAKE MAIN CANAL",
        "station": "STA 6+704.1",
        "station_m": 6704.13,
        "offset_m": 5.4,
        "desc": "",
        "comment": "Tsag/IA Name: Rayusan IA, Canal Name: M.C (Proposed), SN : 10+296",
        "elevation_m": 23.89,
        "photo_filename": "DSC00515.jpg",
        "photo_path": "../DCIM/1000GRMN/DSC00515.jpg",
        "surveyor_comment": "Tsag/IA Name: Rayusan IA, Canal Name: M.C (Proposed), SN : 10+296",
        "survey_date": "2024-4-5"
      },
      "geometry": {
        "type": "Point",
        "coordinates": [
          120.836277,
          12.902613
        ]
      }
    },
    {
      "type": "Feature",
      "properties": {
        "id": 192,
        "name": "435",
        "type": "Thresher Crossing",
        "Structure_Category": "Thresher Crossing",
        "canal_name": "OLD INTAKE MAIN CANAL",
        "station": "STA 4+434.0",
        "station_m": 4433.98,
        "offset_m": 2.12,
        "desc": "",
        "comment": "Tsag/IA Name: Rayusan IA, Canal Name:M.C, SN : 8+038",
        "elevation_m": 31.42,
        "photo_filename": "DSC00500.jpg",
        "photo_path": "../DCIM/1000GRMN/DSC00500.jpg",
        "surveyor_comment": "Tsag/IA Name: Rayusan IA, Canal Name:M.C, SN : 8+038",
        "survey_date": "2024-4-5"
      },
      "geometry": {
        "type": "Point",
        "coordinates": [
          120.856614,
          12.906008
        ]
      }
    },
    {
      "type": "Feature",
      "properties": {
        "id": 190,
        "name": "433",
        "type": "Thresher Crossing",
        "Structure_Category": "Thresher Crossing",
        "canal_name": "OLD INTAKE MAIN CANAL",
        "station": "STA 4+212.3",
        "station_m": 4212.26,
        "offset_m": 2.08,
        "desc": "",
        "comment": "Tsag/IA Name: Rayusan IA, Canal Name:M.C, SN : 7+815",
        "elevation_m": 31.92,
        "photo_filename": "DSC00498.jpg",
        "photo_path": "../DCIM/1000GRMN/DSC00498.jpg",
        "surveyor_comment": "Tsag/IA Name: Rayusan IA, Canal Name:M.C, SN : 7+815",
        "survey_date": "2024-4-5"
      },
      "geometry": {
        "type": "Point",
        "coordinates": [
          120.858656,
          12.906029
        ]
      }
    },
    {
      "type": "Feature",
      "properties": {
        "id": 187,
        "name": "430",
        "type": "Turnout",
        "Structure_Category": "Turnout (TO)",
        "canal_name": "OLD INTAKE MAIN CANAL",
        "station": "STA 3+328.7",
        "station_m": 3328.67,
        "offset_m": 3.21,
        "desc": "",
        "comment": "Tsag/IA Name: Rayusan IA, Canal Name:M.C, SN : 6+927",
        "elevation_m": 39.66,
        "photo_filename": "DSC00494.jpg",
        "photo_path": "../DCIM/1000GRMN/DSC00494.jpg",
        "surveyor_comment": "Tsag/IA Name: Rayusan IA, Canal Name:M.C, SN : 6+927",
        "survey_date": "2024-4-5"
      },
      "geometry": {
        "type": "Point",
        "coordinates": [
          120.86653,
          12.904222
        ]
      }
    },
    {
      "type": "Feature",
      "properties": {
        "id": 189,
        "name": "432",
        "type": "Thresher Crossing",
        "Structure_Category": "Thresher Crossing",
        "canal_name": "OLD INTAKE MAIN CANAL",
        "station": "STA 4+029.8",
        "station_m": 4029.77,
        "offset_m": 4.37,
        "desc": "",
        "comment": "Tsag/IA Name: Rayusan IA, Canal Name:M.C, SN : 7+638",
        "elevation_m": 33.55,
        "photo_filename": "DSC00497.jpg",
        "photo_path": "../DCIM/1000GRMN/DSC00497.jpg",
        "surveyor_comment": "Tsag/IA Name: Rayusan IA, Canal Name:M.C, SN : 7+638",
        "survey_date": "2024-4-5"
      },
      "geometry": {
        "type": "Point",
        "coordinates": [
          120.860325,
          12.905871
        ]
      }
    },
    {
      "type": "Feature",
      "properties": {
        "id": 186,
        "name": "429",
        "type": "Road Crossing",
        "Structure_Category": "Road Crossing",
        "canal_name": "OLD INTAKE MAIN CANAL",
        "station": "STA 3+249.0",
        "station_m": 3248.99,
        "offset_m": 3.8,
        "desc": "",
        "comment": "Tsag/IA Name: Rayusan IA, Canal Name:M.C, SN : 6+852",
        "elevation_m": 39.4,
        "photo_filename": "DSC00493.jpg",
        "photo_path": "../DCIM/1000GRMN/DSC00493.jpg",
        "surveyor_comment": "Tsag/IA Name: Rayusan IA, Canal Name:M.C, SN : 6+852",
        "survey_date": "2024-4-5"
      },
      "geometry": {
        "type": "Point",
        "coordinates": [
          120.867186,
          12.903899
        ]
      }
    },
    {
      "type": "Feature",
      "properties": {
        "id": 185,
        "name": "428",
        "type": "Other Structures",
        "Structure_Category": "Other Structures",
        "canal_name": "OLD INTAKE MAIN CANAL",
        "station": "STA 3+052.3",
        "station_m": 3052.28,
        "offset_m": 2.16,
        "desc": "",
        "comment": "Tsag/IA Name: Rayusan IA, Canal Name:M.C, SN : 6+656",
        "elevation_m": 36.18,
        "photo_filename": "DSC00492.jpg",
        "photo_path": "../DCIM/1000GRMN/DSC00492.jpg",
        "surveyor_comment": "Tsag/IA Name: Rayusan IA, Canal Name:M.C, SN : 6+656",
        "survey_date": "2024-4-5"
      },
      "geometry": {
        "type": "Point",
        "coordinates": [
          120.868815,
          12.90312
        ]
      }
    },
    {
      "type": "Feature",
      "properties": {
        "id": 182,
        "name": "425",
        "type": "Drop",
        "Structure_Category": "Other Structures",
        "canal_name": "OLD INTAKE MAIN CANAL",
        "station": "STA 2+930.5",
        "station_m": 2930.5,
        "offset_m": 3.88,
        "desc": "",
        "comment": "",
        "elevation_m": 35.64,
        "photo_filename": "DSC00489.jpg",
        "photo_path": "../DCIM/1000GRMN/DSC00489.jpg",
        "surveyor_comment": null,
        "survey_date": "2024-4-5"
      },
      "geometry": {
        "type": "Point",
        "coordinates": [
          120.869749,
          12.902508
        ]
      }
    },
    {
      "type": "Feature",
      "properties": {
        "id": 183,
        "name": "426",
        "type": "Other Structures",
        "Structure_Category": "Other Structures",
        "canal_name": "OLD INTAKE MAIN CANAL",
        "station": "STA 2+951.8",
        "station_m": 2951.78,
        "offset_m": 2.09,
        "desc": "",
        "comment": "Tsag/IA Name: Cadanguehan IA, Canal Name:M.C, SN : 6+548",
        "elevation_m": 42.2,
        "photo_filename": "DSC00490.jpg",
        "photo_path": "../DCIM/1000GRMN/DSC00490.jpg",
        "surveyor_comment": "Tsag/IA Name: Cadanguehan IA, Canal Name:M.C, SN : 6+548",
        "survey_date": "2024-4-5"
      },
      "geometry": {
        "type": "Point",
        "coordinates": [
          120.869609,
          12.902653
        ]
      }
    },
    {
      "type": "Feature",
      "properties": {
        "id": 181,
        "name": "424",
        "type": "Turnout",
        "Structure_Category": "Turnout (TO)",
        "canal_name": "OLD INTAKE MAIN CANAL",
        "station": "STA 2+870.5",
        "station_m": 2870.54,
        "offset_m": 6.55,
        "desc": "",
        "comment": "Tsag/IA Name: Cadanguehan IA, Canal Name:M.C, SN : 6+476",
        "elevation_m": 37.58,
        "photo_filename": "DSC00488.jpg",
        "photo_path": "../DCIM/1000GRMN/DSC00488.jpg",
        "surveyor_comment": "Tsag/IA Name: Cadanguehan IA, Canal Name:M.C, SN : 6+476",
        "survey_date": "2024-4-5"
      },
      "geometry": {
        "type": "Point",
        "coordinates": [
          120.870202,
          12.902201
        ]
      }
    },
    {
      "type": "Feature",
      "properties": {
        "id": 179,
        "name": "422",
        "type": "Turnout",
        "Structure_Category": "Turnout (TO)",
        "canal_name": "OLD INTAKE MAIN CANAL",
        "station": "STA 2+403.2",
        "station_m": 2403.21,
        "offset_m": 5.24,
        "desc": "",
        "comment": "Tsag/IA Name: Cadanguehan IA, Canal Name:M.C, SN : 6+006",
        "elevation_m": 39.09,
        "photo_filename": "DSC00486.jpg",
        "photo_path": "../DCIM/1000GRMN/DSC00486.jpg",
        "surveyor_comment": "Tsag/IA Name: Cadanguehan IA, Canal Name:M.C, SN : 6+006",
        "survey_date": "2024-4-5"
      },
      "geometry": {
        "type": "Point",
        "coordinates": [
          120.873533,
          12.899549
        ]
      }
    },
    {
      "type": "Feature",
      "properties": {
        "id": 177,
        "name": "420",
        "type": "Other Structures",
        "Structure_Category": "Other Structures",
        "canal_name": "OLD INTAKE MAIN CANAL",
        "station": "STA 2+156.8",
        "station_m": 2156.83,
        "offset_m": 3.08,
        "desc": "",
        "comment": "Tsag/IA Name: Cadanguehan IA, Canal Name:M.C, SN : 5+756",
        "elevation_m": 40.37,
        "photo_filename": "DSC00484.jpg",
        "photo_path": "../DCIM/1000GRMN/DSC00484.jpg",
        "surveyor_comment": "Tsag/IA Name: Cadanguehan IA, Canal Name:M.C, SN : 5+756",
        "survey_date": "2024-4-5"
      },
      "geometry": {
        "type": "Point",
        "coordinates": [
          120.875097,
          12.897939
        ]
      }
    },
    {
      "type": "Feature",
      "properties": {
        "id": 170,
        "name": "412",
        "type": "Road Crossing",
        "Structure_Category": "Road Crossing",
        "canal_name": "LATERAL A",
        "station": "STA 1+907.4",
        "station_m": 1907.44,
        "offset_m": 0.51,
        "desc": "",
        "comment": "Tsag/IA Name: Cadanguehan IA, Canal Name: Lateral A, SN : 1+967",
        "elevation_m": 43.79,
        "photo_filename": "DSC00475.jpg",
        "photo_path": "../DCIM/1000GRMN/DSC00475.jpg",
        "surveyor_comment": "Tsag/IA Name: Cadanguehan IA, Canal Name: Lateral A, SN : 1+967",
        "survey_date": "2024-4-4"
      },
      "geometry": {
        "type": "Point",
        "coordinates": [
          120.867018,
          12.884067
        ]
      }
    },
    {
      "type": "Feature",
      "properties": {
        "id": 172,
        "name": "415",
        "type": "Road Crossing",
        "Structure_Category": "Road Crossing",
        "canal_name": "LATERAL A",
        "station": "STA 2+223.0",
        "station_m": 2223.04,
        "offset_m": 3.3,
        "desc": "",
        "comment": "Tsag/IA Name: Cadanguehan IA, Canal Name: Lateral A, SN : 2+228",
        "elevation_m": 2.53,
        "photo_filename": "DSC00479.jpg",
        "photo_path": "../DCIM/1000GRMN/DSC00479.jpg",
        "surveyor_comment": "Tsag/IA Name: Cadanguehan IA, Canal Name: Lateral A, SN : 2+228",
        "survey_date": "2024-4-5"
      },
      "geometry": {
        "type": "Point",
        "coordinates": [
          120.864832,
          12.882336
        ]
      }
    },
    {
      "type": "Feature",
      "properties": {
        "id": 173,
        "name": "416",
        "type": "Road Crossing",
        "Structure_Category": "Road Crossing",
        "canal_name": "LATERAL A",
        "station": "STA 2+232.4",
        "station_m": 2232.37,
        "offset_m": 4.19,
        "desc": "",
        "comment": "Tsag/IA Name: Cadanguehan IA, Canal Name: Lateral A, SN :2+237",
        "elevation_m": 11.03,
        "photo_filename": "DSC00480.jpg",
        "photo_path": "../DCIM/1000GRMN/DSC00480.jpg",
        "surveyor_comment": "Tsag/IA Name: Cadanguehan IA, Canal Name: Lateral A, SN :2+237",
        "survey_date": "2024-4-5"
      },
      "geometry": {
        "type": "Point",
        "coordinates": [
          120.864757,
          12.882294
        ]
      }
    },
    {
      "type": "Feature",
      "properties": {
        "id": 174,
        "name": "417",
        "type": "Road Crossing",
        "Structure_Category": "Road Crossing",
        "canal_name": "LATERAL A",
        "station": "STA 2+278.4",
        "station_m": 2278.44,
        "offset_m": 1.48,
        "desc": "",
        "comment": "Tsag/IA Name: Cadanguehan IA, Canal Name: Lateral A, SN : 2+289",
        "elevation_m": 19.76,
        "photo_filename": "DSC00481.jpg",
        "photo_path": "../DCIM/1000GRMN/DSC00481.jpg",
        "surveyor_comment": "Tsag/IA Name: Cadanguehan IA, Canal Name: Lateral A, SN : 2+289",
        "survey_date": "2024-4-5"
      },
      "geometry": {
        "type": "Point",
        "coordinates": [
          120.86436,
          12.882145
        ]
      }
    },
    {
      "type": "Feature",
      "properties": {
        "id": 178,
        "name": "421",
        "type": "Turnout",
        "Structure_Category": "Turnout (TO)",
        "canal_name": "OLD INTAKE MAIN CANAL",
        "station": "STA 2+307.2",
        "station_m": 2307.19,
        "offset_m": 6.82,
        "desc": "",
        "comment": "Tsag/IA Name: Cadanguehan IA, Canal Name:M.C, SN : 5+904",
        "elevation_m": 38.6,
        "photo_filename": "DSC00485.jpg",
        "photo_path": "../DCIM/1000GRMN/DSC00485.jpg",
        "surveyor_comment": "Tsag/IA Name: Cadanguehan IA, Canal Name:M.C, SN : 5+904",
        "survey_date": "2024-4-5"
      },
      "geometry": {
        "type": "Point",
        "coordinates": [
          120.874142,
          12.898925
        ]
      }
    },
    {
      "type": "Feature",
      "properties": {
        "id": 168,
        "name": "410",
        "type": "Other Structures",
        "Structure_Category": "Other Structures",
        "canal_name": "LATERAL A",
        "station": "STA 1+413.8",
        "station_m": 1413.8,
        "offset_m": 0.66,
        "desc": "",
        "comment": "Tsag/IA Name: Cadanguehan IA, Canal Name: Lateral A, SN : 1+414",
        "elevation_m": 38.92,
        "photo_filename": "DSC00473.jpg",
        "photo_path": "../DCIM/1000GRMN/DSC00473.jpg",
        "surveyor_comment": "Tsag/IA Name: Cadanguehan IA, Canal Name: Lateral A, SN : 1+414",
        "survey_date": "2024-4-4"
      },
      "geometry": {
        "type": "Point",
        "coordinates": [
          120.870181,
          12.887168
        ]
      }
    },
    {
      "type": "Feature",
      "properties": {
        "id": 223,
        "name": "466",
        "type": "Other Structures",
        "Structure_Category": "Other Structures",
        "canal_name": "OLD INTAKE MAIN CANAL",
        "station": "STA 7+249.5",
        "station_m": 7249.51,
        "offset_m": 4.45,
        "desc": "",
        "comment": "",
        "elevation_m": 22.56,
        "photo_filename": "DSC00533.jpg",
        "photo_path": "../DCIM/1000GRMN/DSC00533.jpg",
        "surveyor_comment": null,
        "survey_date": "2024-4-5"
      },
      "geometry": {
        "type": "Point",
        "coordinates": [
          120.831321,
          12.901823
        ]
      }
    },
    {
      "type": "Feature",
      "properties": {
        "id": 230,
        "name": "296",
        "type": "Other Structures",
        "Structure_Category": "Other Structures",
        "canal_name": "KAMAI MAIN CANAL",
        "station": "STA 0+000.0",
        "station_m": 0,
        "offset_m": 5.49,
        "desc": "",
        "comment": "",
        "elevation_m": -86.71,
        "photo_filename": "DSC00448.jpg",
        "photo_path": "../DCIM/10GRMN/DSC00448.jpg",
        "surveyor_comment": null,
        "survey_date": "2024-4-11"
      },
      "geometry": {
        "type": "Point",
        "coordinates": [
          120.846146,
          12.89953
        ]
      }
    },
    {
      "type": "Feature",
      "properties": {
        "id": 231,
        "name": "297",
        "type": "Other Structures",
        "Structure_Category": "Other Structures",
        "canal_name": "KAMAI MAIN CANAL",
        "station": "STA 0+000.0",
        "station_m": 0,
        "offset_m": 4.28,
        "desc": "",
        "comment": "",
        "elevation_m": -68.72,
        "photo_filename": "DSC00450.jpg",
        "photo_path": "../DCIM/10GRMN/DSC00450.jpg",
        "surveyor_comment": null,
        "survey_date": "2024-4-11"
      },
      "geometry": {
        "type": "Point",
        "coordinates": [
          120.846064,
          12.899536
        ]
      }
    },
    {
      "type": "Feature",
      "properties": {
        "id": 233,
        "name": "299",
        "type": "Other Structures",
        "Structure_Category": "Other Structures",
        "canal_name": "KAMAI MAIN CANAL",
        "station": "STA 0+240.8",
        "station_m": 240.77,
        "offset_m": 2.72,
        "desc": "",
        "comment": "",
        "elevation_m": -33.06,
        "photo_filename": "DSC00452.jpg",
        "photo_path": "../DCIM/10GRMN/DSC00452.jpg",
        "surveyor_comment": null,
        "survey_date": "2024-4-11"
      },
      "geometry": {
        "type": "Point",
        "coordinates": [
          120.844089,
          12.900213
        ]
      }
    },
    {
      "type": "Feature",
      "properties": {
        "id": 234,
        "name": "300",
        "type": "Other Structures",
        "Structure_Category": "Other Structures",
        "canal_name": "KAMAI MAIN CANAL",
        "station": "STA 0+244.4",
        "station_m": 244.42,
        "offset_m": 2.64,
        "desc": "",
        "comment": "",
        "elevation_m": -32.4,
        "photo_filename": "DSC00453.jpg",
        "photo_path": "../DCIM/10GRMN/DSC00453.jpg",
        "surveyor_comment": null,
        "survey_date": "2024-4-11"
      },
      "geometry": {
        "type": "Point",
        "coordinates": [
          120.844057,
          12.900223
        ]
      }
    },
    {
      "type": "Feature",
      "properties": {
        "id": 235,
        "name": "301",
        "type": "Other Structures",
        "Structure_Category": "Other Structures",
        "canal_name": "KAMAI MAIN CANAL",
        "station": "STA 0+593.5",
        "station_m": 593.45,
        "offset_m": 0.54,
        "desc": "",
        "comment": "",
        "elevation_m": -18.7,
        "photo_filename": "DSC00454.jpg",
        "photo_path": "../DCIM/10GRMN/DSC00454.jpg",
        "surveyor_comment": null,
        "survey_date": "2024-4-11"
      },
      "geometry": {
        "type": "Point",
        "coordinates": [
          120.840982,
          12.900567
        ]
      }
    },
    {
      "type": "Feature",
      "properties": {
        "id": 236,
        "name": "302",
        "type": "Other Structures",
        "Structure_Category": "Other Structures",
        "canal_name": "KAMAI MAIN CANAL",
        "station": "STA 0+620.9",
        "station_m": 620.93,
        "offset_m": 1.33,
        "desc": "",
        "comment": "",
        "elevation_m": -16.33,
        "photo_filename": "DSC00455.jpg",
        "photo_path": "../DCIM/10GRMN/DSC00455.jpg",
        "surveyor_comment": null,
        "survey_date": "2024-4-11"
      },
      "geometry": {
        "type": "Point",
        "coordinates": [
          120.84073,
          12.900538
        ]
      }
    },
    {
      "type": "Feature",
      "properties": {
        "id": 237,
        "name": "303",
        "type": "Other Structures",
        "Structure_Category": "Other Structures",
        "canal_name": "KAMAI MAIN CANAL",
        "station": "STA 0+673.9",
        "station_m": 673.87,
        "offset_m": 0.32,
        "desc": "",
        "comment": "",
        "elevation_m": -11.86,
        "photo_filename": "DSC00456.jpg",
        "photo_path": "../DCIM/10GRMN/DSC00456.jpg",
        "surveyor_comment": null,
        "survey_date": "2024-4-11"
      },
      "geometry": {
        "type": "Point",
        "coordinates": [
          120.840243,
          12.900563
        ]
      }
    },
    {
      "type": "Feature",
      "properties": {
        "id": 256,
        "name": "322",
        "type": "Other Structures",
        "Structure_Category": "Other Structures",
        "canal_name": "KAMAI MAIN CANAL",
        "station": "STA 1+893.7",
        "station_m": 1893.7,
        "offset_m": 3.59,
        "desc": "",
        "comment": "",
        "elevation_m": 21.57,
        "photo_filename": "DSC00477.jpg",
        "photo_path": "../DCIM/10GRMN/DSC00477.jpg",
        "surveyor_comment": null,
        "survey_date": "2024-4-11"
      },
      "geometry": {
        "type": "Point",
        "coordinates": [
          120.830727,
          12.896586
        ]
      }
    },
    {
      "type": "Feature",
      "properties": {
        "id": 275,
        "name": "341",
        "type": "Other Structures",
        "Structure_Category": "Other Structures",
        "canal_name": "KAMAI MAIN CANAL",
        "station": "STA 4+807.0",
        "station_m": 4807.04,
        "offset_m": 2.22,
        "desc": "",
        "comment": "",
        "elevation_m": 17.16,
        "photo_filename": "",
        "photo_path": "../DCIM/10GRMN/",
        "surveyor_comment": null,
        "survey_date": "2024-4-11"
      },
      "geometry": {
        "type": "Point",
        "coordinates": [
          120.805036,
          12.889894
        ]
      }
    },
    {
      "type": "Feature",
      "properties": {
        "id": 276,
        "name": "342",
        "type": "Other Structures",
        "Structure_Category": "Other Structures",
        "canal_name": "KAMAI MAIN CANAL",
        "station": "STA 4+873.1",
        "station_m": 4873.14,
        "offset_m": 1.02,
        "desc": "",
        "comment": "",
        "elevation_m": 17.91,
        "photo_filename": "",
        "photo_path": "../DCIM/10GRMN/",
        "surveyor_comment": null,
        "survey_date": "2024-4-11"
      },
      "geometry": {
        "type": "Point",
        "coordinates": [
          120.804527,
          12.889566
        ]
      }
    },
    {
      "type": "Feature",
      "properties": {
        "id": 277,
        "name": "343",
        "type": "Other Structures",
        "Structure_Category": "Other Structures",
        "canal_name": "KAMAI MAIN CANAL",
        "station": "STA 4+989.6",
        "station_m": 4989.58,
        "offset_m": 1.1,
        "desc": "",
        "comment": "",
        "elevation_m": 17.88,
        "photo_filename": "",
        "photo_path": "../DCIM/10GRMN/",
        "surveyor_comment": null,
        "survey_date": "2024-4-11"
      },
      "geometry": {
        "type": "Point",
        "coordinates": [
          120.80363,
          12.888989
        ]
      }
    },
    {
      "type": "Feature",
      "properties": {
        "id": 225,
        "name": "291",
        "type": "Road Crossing",
        "Structure_Category": "Road Crossing",
        "canal_name": "LATERAL B",
        "station": "STA 0+008.4",
        "station_m": 8.38,
        "offset_m": 2.86,
        "desc": "",
        "comment": "Tsag/IA Name: Kamai IA, Canal Name:Lateral B, SN : 0+000 - 0+006",
        "elevation_m": 31.76,
        "photo_filename": "DSC00443.jpg",
        "photo_path": "../DCIM/10GRMN/DSC00443.jpg",
        "surveyor_comment": "Tsag/IA Name: Kamai IA, Canal Name:Lateral B, SN : 0+000 - 0+006",
        "survey_date": "2024-4-10"
      },
      "geometry": {
        "type": "Point",
        "coordinates": [
          120.840396,
          12.903344
        ]
      }
    },
    {
      "type": "Feature",
      "properties": {
        "id": 227,
        "name": "293",
        "type": "Thresher Crossing",
        "Structure_Category": "Thresher Crossing",
        "canal_name": "LATERAL B",
        "station": "STA 0+181.6",
        "station_m": 181.56,
        "offset_m": 9.34,
        "desc": "",
        "comment": "Tsag/IA Name: Kamai IA, Canal Name:Lateral B, SN : 0+188 - 0+192",
        "elevation_m": 31.38,
        "photo_filename": "DSC00445.jpg",
        "photo_path": "../DCIM/10GRMN/DSC00445.jpg",
        "surveyor_comment": "Tsag/IA Name: Kamai IA, Canal Name:Lateral B, SN : 0+188 - 0+192",
        "survey_date": "2024-4-10"
      },
      "geometry": {
        "type": "Point",
        "coordinates": [
          120.839854,
          12.901863
        ]
      }
    },
    {
      "type": "Feature",
      "properties": {
        "id": 238,
        "name": "304",
        "type": "Turnout",
        "Structure_Category": "Turnout (TO)",
        "canal_name": "KAMAI MAIN CANAL",
        "station": "STA 0+742.2",
        "station_m": 742.24,
        "offset_m": 1.05,
        "desc": "",
        "comment": "Tsag/IA Name: Kamai IA, Canal Name:Kamai M.C, SN : 0+740",
        "elevation_m": -7.94,
        "photo_filename": "DSC00458.jpg",
        "photo_path": "../DCIM/10GRMN/DSC00458.jpg",
        "surveyor_comment": "Tsag/IA Name: Kamai IA, Canal Name:Kamai M.C, SN : 0+740",
        "survey_date": "2024-4-11"
      },
      "geometry": {
        "type": "Point",
        "coordinates": [
          120.839615,
          12.900562
        ]
      }
    },
    {
      "type": "Feature",
      "properties": {
        "id": 228,
        "name": "294",
        "type": "Other Structures",
        "Structure_Category": "Other Structures",
        "canal_name": "LATERAL B",
        "station": "STA 0+210.3",
        "station_m": 210.28,
        "offset_m": 6.93,
        "desc": "",
        "comment": "Tsag/IA Name: Kamai IA, Canal Name:Lateral B, SN : 0+220",
        "elevation_m": 26.31,
        "photo_filename": "DSC00446.jpg",
        "photo_path": "../DCIM/10GRMN/DSC00446.jpg",
        "surveyor_comment": "Tsag/IA Name: Kamai IA, Canal Name:Lateral B, SN : 0+220",
        "survey_date": "2024-4-10"
      },
      "geometry": {
        "type": "Point",
        "coordinates": [
          120.839818,
          12.901605
        ]
      }
    },
    {
      "type": "Feature",
      "properties": {
        "id": 239,
        "name": "305",
        "type": "Thresher Crossing",
        "Structure_Category": "Thresher Crossing",
        "canal_name": "KAMAI MAIN CANAL",
        "station": "STA 0+784.0",
        "station_m": 783.95,
        "offset_m": 1.52,
        "desc": "",
        "comment": "Tsag/IA Name: Kamai IA, Canal Name:Kamai M.C, SN : 0+780 - 0+783",
        "elevation_m": -2.75,
        "photo_filename": "DSC00459.jpg",
        "photo_path": "../DCIM/10GRMN/DSC00459.jpg",
        "surveyor_comment": "Tsag/IA Name: Kamai IA, Canal Name:Kamai M.C, SN : 0+780 - 0+783",
        "survey_date": "2024-4-11"
      },
      "geometry": {
        "type": "Point",
        "coordinates": [
          120.83923,
          12.900564
        ]
      }
    },
    {
      "type": "Feature",
      "properties": {
        "id": 240,
        "name": "306",
        "type": "Turnout",
        "Structure_Category": "Turnout (TO)",
        "canal_name": "KAMAI MAIN CANAL",
        "station": "STA 0+921.9",
        "station_m": 921.94,
        "offset_m": 2.47,
        "desc": "",
        "comment": "Tsag/IA Name: Kamai IA, Canal Name:Kamai M.C, SN : 0+920",
        "elevation_m": 18.41,
        "photo_filename": "DSC00460.jpg",
        "photo_path": "../DCIM/10GRMN/DSC00460.jpg",
        "surveyor_comment": "Tsag/IA Name: Kamai IA, Canal Name:Kamai M.C, SN : 0+920",
        "survey_date": "2024-4-11"
      },
      "geometry": {
        "type": "Point",
        "coordinates": [
          120.838413,
          12.899728
        ]
      }
    },
    {
      "type": "Feature",
      "properties": {
        "id": 242,
        "name": "308",
        "type": "Thresher Crossing",
        "Structure_Category": "Thresher Crossing",
        "canal_name": "KAMAI MAIN CANAL",
        "station": "STA 1+022.6",
        "station_m": 1022.6,
        "offset_m": 0.6,
        "desc": "",
        "comment": "Tsag/IA Name: Kamai IA, Canal Name:Kamai M.C, SN : 1+015 - 1+019",
        "elevation_m": 18.46,
        "photo_filename": "DSC00462.jpg",
        "photo_path": "../DCIM/10GRMN/DSC00462.jpg",
        "surveyor_comment": "Tsag/IA Name: Kamai IA, Canal Name:Kamai M.C, SN : 1+015 - 1+019",
        "survey_date": "2024-4-11"
      },
      "geometry": {
        "type": "Point",
        "coordinates": [
          120.837778,
          12.89915
        ]
      }
    },
    {
      "type": "Feature",
      "properties": {
        "id": 243,
        "name": "309",
        "type": "Turnout",
        "Structure_Category": "Turnout (TO)",
        "canal_name": "KAMAI MAIN CANAL",
        "station": "STA 1+047.2",
        "station_m": 1047.17,
        "offset_m": 2.39,
        "desc": "",
        "comment": "Tsag/IA Name: Kamai IA, Canal Name:Kamai M.C, SN : 1+038",
        "elevation_m": 18.75,
        "photo_filename": "DSC00463.jpg",
        "photo_path": "../DCIM/10GRMN/DSC00463.jpg",
        "surveyor_comment": "Tsag/IA Name: Kamai IA, Canal Name:Kamai M.C, SN : 1+038",
        "survey_date": "2024-4-11"
      },
      "geometry": {
        "type": "Point",
        "coordinates": [
          120.837557,
          12.8991
        ]
      }
    },
    {
      "type": "Feature",
      "properties": {
        "id": 245,
        "name": "311",
        "type": "Thresher Crossing",
        "Structure_Category": "Thresher Crossing",
        "canal_name": "KAMAI MAIN CANAL",
        "station": "STA 1+120.9",
        "station_m": 1120.88,
        "offset_m": 1.4,
        "desc": "",
        "comment": "Tsag/IA Name: Kamai IA, Canal Name:Kamai M.C, SN :1+111 - 1+114",
        "elevation_m": 20.02,
        "photo_filename": "DSC00465.jpg",
        "photo_path": "../DCIM/10GRMN/DSC00465.jpg",
        "surveyor_comment": "Tsag/IA Name: Kamai IA, Canal Name:Kamai M.C, SN :1+111 - 1+114",
        "survey_date": "2024-4-11"
      },
      "geometry": {
        "type": "Point",
        "coordinates": [
          120.836904,
          12.898933
        ]
      }
    },
    {
      "type": "Feature",
      "properties": {
        "id": 246,
        "name": "312",
        "type": "Turnout",
        "Structure_Category": "Turnout (TO)",
        "canal_name": "KAMAI MAIN CANAL",
        "station": "STA 1+129.9",
        "station_m": 1129.9,
        "offset_m": 1.34,
        "desc": "",
        "comment": "Tsag/IA Name: Kamai IA, Canal Name:Kamai M.C, SN : 1+120",
        "elevation_m": 19.96,
        "photo_filename": "DSC00466.jpg",
        "photo_path": "../DCIM/10GRMN/DSC00466.jpg",
        "surveyor_comment": "Tsag/IA Name: Kamai IA, Canal Name:Kamai M.C, SN : 1+120",
        "survey_date": "2024-4-11"
      },
      "geometry": {
        "type": "Point",
        "coordinates": [
          120.836821,
          12.898929
        ]
      }
    },
    {
      "type": "Feature",
      "properties": {
        "id": 247,
        "name": "313",
        "type": "Turnout",
        "Structure_Category": "Turnout (TO)",
        "canal_name": "KAMAI MAIN CANAL",
        "station": "STA 1+240.1",
        "station_m": 1240.09,
        "offset_m": 0.82,
        "desc": "",
        "comment": "Tsag/IA Name: Kamai IA, Canal Name:Kamai M.C, SN : 1+230",
        "elevation_m": 19.94,
        "photo_filename": "DSC00467.jpg",
        "photo_path": "../DCIM/10GRMN/DSC00467.jpg",
        "surveyor_comment": "Tsag/IA Name: Kamai IA, Canal Name:Kamai M.C, SN : 1+230",
        "survey_date": "2024-4-11"
      },
      "geometry": {
        "type": "Point",
        "coordinates": [
          120.835807,
          12.898882
        ]
      }
    },
    {
      "type": "Feature",
      "properties": {
        "id": 249,
        "name": "315",
        "type": "Turnout",
        "Structure_Category": "Turnout (TO)",
        "canal_name": "KAMAI MAIN CANAL",
        "station": "STA 1+393.5",
        "station_m": 1393.54,
        "offset_m": 2.05,
        "desc": "",
        "comment": "Tsag/IA Name: Kamai IA, Canal Name:Kamai M.C, SN : 1+385",
        "elevation_m": 22.91,
        "photo_filename": "DSC00469.jpg",
        "photo_path": "../DCIM/10GRMN/DSC00469.jpg",
        "surveyor_comment": "Tsag/IA Name: Kamai IA, Canal Name:Kamai M.C, SN : 1+385",
        "survey_date": "2024-4-11"
      },
      "geometry": {
        "type": "Point",
        "coordinates": [
          120.834398,
          12.898786
        ]
      }
    },
    {
      "type": "Feature",
      "properties": {
        "id": 250,
        "name": "316",
        "type": "Turnout",
        "Structure_Category": "Turnout (TO)",
        "canal_name": "KAMAI MAIN CANAL",
        "station": "STA 1+466.1",
        "station_m": 1466.14,
        "offset_m": 1.69,
        "desc": "",
        "comment": "Tsag/IA Name: Kamai IA, Canal Name:Kamai M.C, SN : 1+456",
        "elevation_m": 22.6,
        "photo_filename": "DSC00470.jpg",
        "photo_path": "../DCIM/10GRMN/DSC00470.jpg",
        "surveyor_comment": "Tsag/IA Name: Kamai IA, Canal Name:Kamai M.C, SN : 1+456",
        "survey_date": "2024-4-11"
      },
      "geometry": {
        "type": "Point",
        "coordinates": [
          120.833727,
          12.898796
        ]
      }
    },
    {
      "type": "Feature",
      "properties": {
        "id": 252,
        "name": "318",
        "type": "Turnout",
        "Structure_Category": "Turnout (TO)",
        "canal_name": "KAMAI MAIN CANAL",
        "station": "STA 1+588.1",
        "station_m": 1588.1,
        "offset_m": 2.13,
        "desc": "",
        "comment": "Tsag/IA Name: Kamai IA, Canal Name:Kamai M.C, SN :1+583",
        "elevation_m": 20.27,
        "photo_filename": "DSC00472.jpg",
        "photo_path": "../DCIM/10GRMN/DSC00472.jpg",
        "surveyor_comment": "Tsag/IA Name: Kamai IA, Canal Name:Kamai M.C, SN :1+583",
        "survey_date": "2024-4-11"
      },
      "geometry": {
        "type": "Point",
        "coordinates": [
          120.832934,
          12.898233
        ]
      }
    },
    {
      "type": "Feature",
      "properties": {
        "id": 253,
        "name": "319",
        "type": "Road Crossing",
        "Structure_Category": "Road Crossing",
        "canal_name": "KAMAI MAIN CANAL",
        "station": "STA 1+593.3",
        "station_m": 1593.27,
        "offset_m": 1.16,
        "desc": "",
        "comment": "Tsag/IA Name: Kamai IA, Canal Name:Kamai M.C, SN : 1+585 - 1+592",
        "elevation_m": 20.05,
        "photo_filename": "DSC00474.jpg",
        "photo_path": "../DCIM/10GRMN/DSC00474.jpg",
        "surveyor_comment": "Tsag/IA Name: Kamai IA, Canal Name:Kamai M.C, SN : 1+585 - 1+592",
        "survey_date": "2024-4-11"
      },
      "geometry": {
        "type": "Point",
        "coordinates": [
          120.832881,
          12.898255
        ]
      }
    },
    {
      "type": "Feature",
      "properties": {
        "id": 254,
        "name": "320",
        "type": "Turnout",
        "Structure_Category": "Turnout (TO)",
        "canal_name": "KAMAI MAIN CANAL",
        "station": "STA 1+604.1",
        "station_m": 1604.11,
        "offset_m": 1.94,
        "desc": "",
        "comment": "Tsag/IA Name: Kamai IA, Canal Name:Kamai M.C, SN : 1+594",
        "elevation_m": 21.95,
        "photo_filename": "DSC00475.jpg",
        "photo_path": "../DCIM/10GRMN/DSC00475.jpg",
        "surveyor_comment": "Tsag/IA Name: Kamai IA, Canal Name:Kamai M.C, SN : 1+594",
        "survey_date": "2024-4-11"
      },
      "geometry": {
        "type": "Point",
        "coordinates": [
          120.832776,
          12.898258
        ]
      }
    },
    {
      "type": "Feature",
      "properties": {
        "id": 257,
        "name": "323",
        "type": "Turnout",
        "Structure_Category": "Turnout (TO)",
        "canal_name": "KAMAI MAIN CANAL",
        "station": "STA 1+990.8",
        "station_m": 1990.8,
        "offset_m": 6.09,
        "desc": "",
        "comment": "Tsag/IA Name: Kamai IA, Canal Name:Kamai M.C, SN : 1+975",
        "elevation_m": 21.65,
        "photo_filename": "DSC00479.jpg",
        "photo_path": "../DCIM/10GRMN/DSC00479.jpg",
        "surveyor_comment": "Tsag/IA Name: Kamai IA, Canal Name:Kamai M.C, SN : 1+975",
        "survey_date": "2024-4-11"
      },
      "geometry": {
        "type": "Point",
        "coordinates": [
          120.829917,
          12.896195
        ]
      }
    },
    {
      "type": "Feature",
      "properties": {
        "id": 258,
        "name": "324",
        "type": "Turnout",
        "Structure_Category": "Turnout (TO)",
        "canal_name": "KAMAI MAIN CANAL",
        "station": "STA 2+033.4",
        "station_m": 2033.44,
        "offset_m": 5.16,
        "desc": "",
        "comment": "Tsag/IA Name: Kamai IA, Canal Name:Kamai M.C, SN : 2+019",
        "elevation_m": 21.81,
        "photo_filename": "DSC00480.jpg",
        "photo_path": "../DCIM/10GRMN/DSC00480.jpg",
        "surveyor_comment": "Tsag/IA Name: Kamai IA, Canal Name:Kamai M.C, SN : 2+019",
        "survey_date": "2024-4-11"
      },
      "geometry": {
        "type": "Point",
        "coordinates": [
          120.829545,
          12.896071
        ]
      }
    },
    {
      "type": "Feature",
      "properties": {
        "id": 259,
        "name": "325",
        "type": "Drop",
        "Structure_Category": "Other Structures",
        "canal_name": "KAMAI MAIN CANAL",
        "station": "STA 2+037.7",
        "station_m": 2037.71,
        "offset_m": 3.25,
        "desc": "",
        "comment": "Tsag/IA Name: Kamai IA, Canal Name:Kamai M.C, SN : 2+220 - 2+225",
        "elevation_m": 21.15,
        "photo_filename": "DSC00482.jpg",
        "photo_path": "../DCIM/10GRMN/DSC00482.jpg",
        "surveyor_comment": "Tsag/IA Name: Kamai IA, Canal Name:Kamai M.C, SN : 2+220 - 2+225",
        "survey_date": "2024-4-11"
      },
      "geometry": {
        "type": "Point",
        "coordinates": [
          120.829502,
          12.896074
        ]
      }
    },
    {
      "type": "Feature",
      "properties": {
        "id": 261,
        "name": "327",
        "type": "Thresher Crossing",
        "Structure_Category": "Thresher Crossing",
        "canal_name": "KAMAI MAIN CANAL",
        "station": "STA 2+324.0",
        "station_m": 2324,
        "offset_m": 0.62,
        "desc": "",
        "comment": "Tsag/IA Name: Kamai IA, Canal Name:Kamai M.C, SN : 2+300",
        "elevation_m": 20.49,
        "photo_filename": "DSC00484.jpg",
        "photo_path": "../DCIM/10GRMN/DSC00484.jpg",
        "surveyor_comment": "Tsag/IA Name: Kamai IA, Canal Name:Kamai M.C, SN : 2+300",
        "survey_date": "2024-4-11"
      },
      "geometry": {
        "type": "Point",
        "coordinates": [
          120.827,
          12.895255
        ]
      }
    },
    {
      "type": "Feature",
      "properties": {
        "id": 262,
        "name": "328",
        "type": "Turnout",
        "Structure_Category": "Turnout (TO)",
        "canal_name": "KAMAI MAIN CANAL",
        "station": "STA 2+396.5",
        "station_m": 2396.54,
        "offset_m": 0.17,
        "desc": "",
        "comment": "Tsag/IA Name: Kamai IA, Canal Name:Kamai M.C, SN : 2+375",
        "elevation_m": 22.02,
        "photo_filename": "DSC00485.jpg",
        "photo_path": "../DCIM/10GRMN/DSC00485.jpg",
        "surveyor_comment": "Tsag/IA Name: Kamai IA, Canal Name:Kamai M.C, SN : 2+375",
        "survey_date": "2024-4-11"
      },
      "geometry": {
        "type": "Point",
        "coordinates": [
          120.826367,
          12.895045
        ]
      }
    },
    {
      "type": "Feature",
      "properties": {
        "id": 263,
        "name": "329",
        "type": "Check Structure",
        "Structure_Category": "Head Gate",
        "canal_name": "KAMAI MAIN CANAL",
        "station": "STA 2+400.3",
        "station_m": 2400.34,
        "offset_m": 4.93,
        "desc": "",
        "comment": "Tsag/IA Name: Kamai IA, Canal Name:Kamai M.C, SN : 2+380",
        "elevation_m": 14.77,
        "photo_filename": "DSC00486.jpg",
        "photo_path": "../DCIM/10GRMN/DSC00486.jpg",
        "surveyor_comment": "Tsag/IA Name: Kamai IA, Canal Name:Kamai M.C, SN : 2+380",
        "survey_date": "2024-4-11"
      },
      "geometry": {
        "type": "Point",
        "coordinates": [
          120.826319,
          12.895078
        ]
      }
    },
    {
      "type": "Feature",
      "properties": {
        "id": 264,
        "name": "330",
        "type": "Turnout",
        "Structure_Category": "Turnout (TO)",
        "canal_name": "KAMAI MAIN CANAL",
        "station": "STA 2+501.6",
        "station_m": 2501.62,
        "offset_m": 0.15,
        "desc": "",
        "comment": "Tsag/IA Name: Kamai IA, Canal Name:Kamai M.C, SN : 2+477",
        "elevation_m": 14.59,
        "photo_filename": "DSC00487.jpg",
        "photo_path": "../DCIM/10GRMN/DSC00487.jpg",
        "surveyor_comment": "Tsag/IA Name: Kamai IA, Canal Name:Kamai M.C, SN : 2+477",
        "survey_date": "2024-4-11"
      },
      "geometry": {
        "type": "Point",
        "coordinates": [
          120.825447,
          12.89475
        ]
      }
    },
    {
      "type": "Feature",
      "properties": {
        "id": 266,
        "name": "332",
        "type": "Turnout",
        "Structure_Category": "Turnout (TO)",
        "canal_name": "KAMAI MAIN CANAL",
        "station": "STA 2+644.9",
        "station_m": 2644.89,
        "offset_m": 6.14,
        "desc": "",
        "comment": "Tsag/IA Name: Kamai IA, Canal Name:Kamai M.C, SN : 2+195",
        "elevation_m": 20.92,
        "photo_filename": "DSC00489.jpg",
        "photo_path": "../DCIM/10GRMN/DSC00489.jpg",
        "surveyor_comment": "Tsag/IA Name: Kamai IA, Canal Name:Kamai M.C, SN : 2+195",
        "survey_date": "2024-4-11"
      },
      "geometry": {
        "type": "Point",
        "coordinates": [
          120.824221,
          12.894268
        ]
      }
    },
    {
      "type": "Feature",
      "properties": {
        "id": 269,
        "name": "335",
        "type": "Other Structures",
        "Structure_Category": "Other Structures",
        "canal_name": "KAMAI MAIN CANAL",
        "station": "STA 3+071.6",
        "station_m": 3071.59,
        "offset_m": 7.51,
        "desc": "",
        "comment": "Tsag/IA Name: Kamai IA, Canal Name:Kamai M.C, SN : 3+050",
        "elevation_m": 17.88,
        "photo_filename": "DSC00492.jpg",
        "photo_path": "../DCIM/10GRMN/DSC00492.jpg",
        "surveyor_comment": "Tsag/IA Name: Kamai IA, Canal Name:Kamai M.C, SN : 3+050",
        "survey_date": "2024-4-11"
      },
      "geometry": {
        "type": "Point",
        "coordinates": [
          120.820355,
          12.893539
        ]
      }
    },
    {
      "type": "Feature",
      "properties": {
        "id": 268,
        "name": "334",
        "type": "Other Structures",
        "Structure_Category": "Other Structures",
        "canal_name": "KAMAI MAIN CANAL",
        "station": "STA 3+072.5",
        "station_m": 3072.55,
        "offset_m": 5.23,
        "desc": "",
        "comment": "Tsag/IA Name: Kamai IA, Canal Name:Kamai M.C, SN :3+050",
        "elevation_m": 18.4,
        "photo_filename": "DSC00491.jpg",
        "photo_path": "../DCIM/10GRMN/DSC00491.jpg",
        "surveyor_comment": "Tsag/IA Name: Kamai IA, Canal Name:Kamai M.C, SN :3+050",
        "survey_date": "2024-4-11"
      },
      "geometry": {
        "type": "Point",
        "coordinates": [
          120.820343,
          12.893558
        ]
      }
    },
    {
      "type": "Feature",
      "properties": {
        "id": 270,
        "name": "336",
        "type": "Drop",
        "Structure_Category": "Other Structures",
        "canal_name": "KAMAI MAIN CANAL",
        "station": "STA 3+116.4",
        "station_m": 3116.36,
        "offset_m": 5.35,
        "desc": "",
        "comment": "Tsag/IA Name: Kamai IA, Canal Name:Kamai M.C, SN : 3+092",
        "elevation_m": 21.42,
        "photo_filename": "DSC00493.jpg",
        "photo_path": "../DCIM/10GRMN/DSC00493.jpg",
        "surveyor_comment": "Tsag/IA Name: Kamai IA, Canal Name:Kamai M.C, SN : 3+092",
        "survey_date": "2024-4-11"
      },
      "geometry": {
        "type": "Point",
        "coordinates": [
          120.819943,
          12.893496
        ]
      }
    },
    {
      "type": "Feature",
      "properties": {
        "id": 272,
        "name": "338",
        "type": "Drop",
        "Structure_Category": "Other Structures",
        "canal_name": "KAMAI MAIN CANAL",
        "station": "STA 3+709.9",
        "station_m": 3709.87,
        "offset_m": 1.18,
        "desc": "",
        "comment": "Tsag/IA Name: Uppit IA, Canal Name:Kamai M.C, SN : 3+665",
        "elevation_m": 18.06,
        "photo_filename": "DSC00497.jpg",
        "photo_path": "../DCIM/10GRMN/DSC00497.jpg",
        "surveyor_comment": "Tsag/IA Name: Uppit IA, Canal Name:Kamai M.C, SN : 3+665",
        "survey_date": "2024-4-11"
      },
      "geometry": {
        "type": "Point",
        "coordinates": [
          120.814697,
          12.892069
        ]
      }
    },
    {
      "type": "Feature",
      "properties": {
        "id": 273,
        "name": "339",
        "type": "Thresher Crossing",
        "Structure_Category": "Thresher Crossing",
        "canal_name": "KAMAI MAIN CANAL",
        "station": "STA 4+562.9",
        "station_m": 4562.9,
        "offset_m": 5.84,
        "desc": "",
        "comment": "Tsag/IA Name: Uppit IA, Canal Name:Kamai M.C, SN : 3+495",
        "elevation_m": 17.22,
        "photo_filename": "DSC00498.jpg",
        "photo_path": "../DCIM/10GRMN/DSC00498.jpg",
        "surveyor_comment": "Tsag/IA Name: Uppit IA, Canal Name:Kamai M.C, SN : 3+495",
        "survey_date": "2024-4-11"
      },
      "geometry": {
        "type": "Point",
        "coordinates": [
          120.806918,
          12.891102
        ]
      }
    },
    {
      "type": "Feature",
      "properties": {
        "id": 284,
        "name": "350",
        "type": "Other Structures",
        "Structure_Category": "Other Structures",
        "canal_name": "UPIT LEFT MAIN CANAL",
        "station": "STA 0+336.7",
        "station_m": 336.69,
        "offset_m": 0.21,
        "desc": "",
        "comment": "",
        "elevation_m": 21.22,
        "photo_filename": "DSC00506.jpg",
        "photo_path": "../DCIM/10GRMN/DSC00506.jpg",
        "surveyor_comment": null,
        "survey_date": "2024-4-11"
      },
      "geometry": {
        "type": "Point",
        "coordinates": [
          120.819738,
          12.885161
        ]
      }
    },
    {
      "type": "Feature",
      "properties": {
        "id": 286,
        "name": "352",
        "type": "Other Structures",
        "Structure_Category": "Other Structures",
        "canal_name": "UPIT LEFT MAIN CANAL",
        "station": "STA 0+708.6",
        "station_m": 708.58,
        "offset_m": 10.81,
        "desc": "",
        "comment": "676",
        "elevation_m": 19.15,
        "photo_filename": "",
        "photo_path": "../DCIM/10GRMN/",
        "surveyor_comment": "676",
        "survey_date": "2024-4-11"
      },
      "geometry": {
        "type": "Point",
        "coordinates": [
          120.817581,
          12.882713
        ]
      }
    },
    {
      "type": "Feature",
      "properties": {
        "id": 287,
        "name": "354",
        "type": "Other Structures",
        "Structure_Category": "Other Structures",
        "canal_name": "Off-Canal",
        "station": "",
        "station_m": null,
        "offset_m": 220.36,
        "desc": "",
        "comment": "",
        "elevation_m": 22.01,
        "photo_filename": "",
        "photo_path": "../DCIM/10GRMN/",
        "surveyor_comment": null,
        "survey_date": "2024-4-11"
      },
      "geometry": {
        "type": "Point",
        "coordinates": [
          120.812095,
          12.87953
        ]
      }
    },
    {
      "type": "Feature",
      "properties": {
        "id": 289,
        "name": "432",
        "type": "Other Structures",
        "Structure_Category": "Other Structures",
        "canal_name": "SOUTH MAIN CANAL",
        "station": "STA 3+935.9",
        "station_m": 3935.93,
        "offset_m": 2.1,
        "desc": "",
        "comment": "",
        "elevation_m": 28.02,
        "photo_filename": "",
        "photo_path": "../DCIM/10GRMN/",
        "surveyor_comment": null,
        "survey_date": "2024-4-4"
      },
      "geometry": {
        "type": "Point",
        "coordinates": [
          120.837181,
          12.889746
        ]
      }
    },
    {
      "type": "Feature",
      "properties": {
        "id": 290,
        "name": "433",
        "type": "Other Structures",
        "Structure_Category": "Other Structures",
        "canal_name": "SOUTH MAIN CANAL",
        "station": "STA 3+935.3",
        "station_m": 3935.33,
        "offset_m": 3.99,
        "desc": "",
        "comment": "",
        "elevation_m": 26.83,
        "photo_filename": "",
        "photo_path": "../DCIM/10GRMN/",
        "surveyor_comment": null,
        "survey_date": "2024-4-4"
      },
      "geometry": {
        "type": "Point",
        "coordinates": [
          120.837199,
          12.889743
        ]
      }
    },
    {
      "type": "Feature",
      "properties": {
        "id": 291,
        "name": "434",
        "type": "Other Structures",
        "Structure_Category": "Other Structures",
        "canal_name": "LATERAL C",
        "station": "STA 0+006.4",
        "station_m": 6.35,
        "offset_m": 2.92,
        "desc": "",
        "comment": "",
        "elevation_m": 29.85,
        "photo_filename": "",
        "photo_path": "../DCIM/10GRMN/",
        "surveyor_comment": null,
        "survey_date": "2024-4-4"
      },
      "geometry": {
        "type": "Point",
        "coordinates": [
          120.837247,
          12.88979
        ]
      }
    },
    {
      "type": "Feature",
      "properties": {
        "id": 292,
        "name": "435",
        "type": "Other Structures",
        "Structure_Category": "Other Structures",
        "canal_name": "LATERAL C",
        "station": "STA 0+043.2",
        "station_m": 43.24,
        "offset_m": 5.04,
        "desc": "",
        "comment": "",
        "elevation_m": 30.5,
        "photo_filename": "",
        "photo_path": "../DCIM/10GRMN/",
        "surveyor_comment": null,
        "survey_date": "2024-4-4"
      },
      "geometry": {
        "type": "Point",
        "coordinates": [
          120.837563,
          12.889666
        ]
      }
    },
    {
      "type": "Feature",
      "properties": {
        "id": 293,
        "name": "436",
        "type": "Other Structures",
        "Structure_Category": "Other Structures",
        "canal_name": "LATERAL C",
        "station": "STA 0+203.6",
        "station_m": 203.61,
        "offset_m": 5.56,
        "desc": "",
        "comment": "",
        "elevation_m": 29.64,
        "photo_filename": "",
        "photo_path": "../DCIM/10GRMN/",
        "surveyor_comment": null,
        "survey_date": "2024-4-4"
      },
      "geometry": {
        "type": "Point",
        "coordinates": [
          120.838873,
          12.888973
        ]
      }
    },
    {
      "type": "Feature",
      "properties": {
        "id": 294,
        "name": "437",
        "type": "Other Structures",
        "Structure_Category": "Other Structures",
        "canal_name": "LATERAL C",
        "station": "STA 0+218.9",
        "station_m": 218.95,
        "offset_m": 3.9,
        "desc": "",
        "comment": "",
        "elevation_m": 29.11,
        "photo_filename": "",
        "photo_path": "../DCIM/10GRMN/",
        "surveyor_comment": null,
        "survey_date": "2024-4-4"
      },
      "geometry": {
        "type": "Point",
        "coordinates": [
          120.838959,
          12.888862
        ]
      }
    },
    {
      "type": "Feature",
      "properties": {
        "id": 295,
        "name": "438",
        "type": "Other Structures",
        "Structure_Category": "Other Structures",
        "canal_name": "LATERAL C",
        "station": "STA 0+437.0",
        "station_m": 437.02,
        "offset_m": 3.94,
        "desc": "",
        "comment": "",
        "elevation_m": 29.4,
        "photo_filename": "",
        "photo_path": "../DCIM/10GRMN/",
        "surveyor_comment": null,
        "survey_date": "2024-4-4"
      },
      "geometry": {
        "type": "Point",
        "coordinates": [
          120.839884,
          12.887118
        ]
      }
    },
    {
      "type": "Feature",
      "properties": {
        "id": 296,
        "name": "439",
        "type": "Other Structures",
        "Structure_Category": "Other Structures",
        "canal_name": "LATERAL C",
        "station": "STA 0+499.4",
        "station_m": 499.42,
        "offset_m": 1.84,
        "desc": "",
        "comment": "",
        "elevation_m": 28.45,
        "photo_filename": "",
        "photo_path": "../DCIM/10GRMN/",
        "surveyor_comment": null,
        "survey_date": "2024-4-4"
      },
      "geometry": {
        "type": "Point",
        "coordinates": [
          120.84007,
          12.886585
        ]
      }
    },
    {
      "type": "Feature",
      "properties": {
        "id": 297,
        "name": "440",
        "type": "Other Structures",
        "Structure_Category": "Other Structures",
        "canal_name": "LATERAL C",
        "station": "STA 0+671.6",
        "station_m": 671.62,
        "offset_m": 0.3,
        "desc": "",
        "comment": "",
        "elevation_m": 29.96,
        "photo_filename": "",
        "photo_path": "../DCIM/10GRMN/",
        "surveyor_comment": null,
        "survey_date": "2024-4-4"
      },
      "geometry": {
        "type": "Point",
        "coordinates": [
          120.839645,
          12.885248
        ]
      }
    },
    {
      "type": "Feature",
      "properties": {
        "id": 298,
        "name": "441",
        "type": "Other Structures",
        "Structure_Category": "Other Structures",
        "canal_name": "LATERAL C",
        "station": "STA 0+747.9",
        "station_m": 747.88,
        "offset_m": 3.26,
        "desc": "",
        "comment": "",
        "elevation_m": 26.74,
        "photo_filename": "",
        "photo_path": "../DCIM/10GRMN/",
        "surveyor_comment": null,
        "survey_date": "2024-4-4"
      },
      "geometry": {
        "type": "Point",
        "coordinates": [
          120.839144,
          12.884764
        ]
      }
    },
    {
      "type": "Feature",
      "properties": {
        "id": 299,
        "name": "442",
        "type": "Other Structures",
        "Structure_Category": "Other Structures",
        "canal_name": "LATERAL C",
        "station": "STA 0+809.8",
        "station_m": 809.84,
        "offset_m": 0.98,
        "desc": "",
        "comment": "",
        "elevation_m": 28.11,
        "photo_filename": "",
        "photo_path": "../DCIM/10GRMN/",
        "surveyor_comment": null,
        "survey_date": "2024-4-4"
      },
      "geometry": {
        "type": "Point",
        "coordinates": [
          120.838714,
          12.88441
        ]
      }
    },
    {
      "type": "Feature",
      "properties": {
        "id": 300,
        "name": "443",
        "type": "Other Structures",
        "Structure_Category": "Other Structures",
        "canal_name": "LATERAL C",
        "station": "STA 0+901.0",
        "station_m": 901.02,
        "offset_m": 0.35,
        "desc": "",
        "comment": "",
        "elevation_m": 27.68,
        "photo_filename": "",
        "photo_path": "../DCIM/10GRMN/",
        "surveyor_comment": null,
        "survey_date": "2024-4-4"
      },
      "geometry": {
        "type": "Point",
        "coordinates": [
          120.837919,
          12.884143
        ]
      }
    },
    {
      "type": "Feature",
      "properties": {
        "id": 301,
        "name": "444",
        "type": "Other Structures",
        "Structure_Category": "Other Structures",
        "canal_name": "LATERAL C",
        "station": "STA 1+118.7",
        "station_m": 1118.65,
        "offset_m": 1.49,
        "desc": "",
        "comment": "",
        "elevation_m": 26.87,
        "photo_filename": "",
        "photo_path": "../DCIM/10GRMN/",
        "surveyor_comment": null,
        "survey_date": "2024-4-4"
      },
      "geometry": {
        "type": "Point",
        "coordinates": [
          120.836041,
          12.883457
        ]
      }
    },
    {
      "type": "Feature",
      "properties": {
        "id": 302,
        "name": "445",
        "type": "Other Structures",
        "Structure_Category": "Other Structures",
        "canal_name": "LATERAL C",
        "station": "STA 1+151.5",
        "station_m": 1151.49,
        "offset_m": 1.77,
        "desc": "",
        "comment": "",
        "elevation_m": 25.67,
        "photo_filename": "",
        "photo_path": "../DCIM/10GRMN/",
        "surveyor_comment": null,
        "survey_date": "2024-4-4"
      },
      "geometry": {
        "type": "Point",
        "coordinates": [
          120.835761,
          12.883345
        ]
      }
    },
    {
      "type": "Feature",
      "properties": {
        "id": 303,
        "name": "446",
        "type": "Other Structures",
        "Structure_Category": "Other Structures",
        "canal_name": "LATERAL C",
        "station": "STA 1+365.6",
        "station_m": 1365.59,
        "offset_m": 2.99,
        "desc": "",
        "comment": "",
        "elevation_m": 26.04,
        "photo_filename": "",
        "photo_path": "../DCIM/10GRMN/",
        "surveyor_comment": null,
        "survey_date": "2024-4-4"
      },
      "geometry": {
        "type": "Point",
        "coordinates": [
          120.833936,
          12.88261
        ]
      }
    },
    {
      "type": "Feature",
      "properties": {
        "id": 304,
        "name": "447",
        "type": "Other Structures",
        "Structure_Category": "Other Structures",
        "canal_name": "LATERAL C",
        "station": "STA 1+505.6",
        "station_m": 1505.6,
        "offset_m": 0.25,
        "desc": "",
        "comment": "",
        "elevation_m": 25.2,
        "photo_filename": "",
        "photo_path": "../DCIM/10GRMN/",
        "surveyor_comment": null,
        "survey_date": "2024-4-4"
      },
      "geometry": {
        "type": "Point",
        "coordinates": [
          120.832688,
          12.882299
        ]
      }
    },
    {
      "type": "Feature",
      "properties": {
        "id": 305,
        "name": "448",
        "type": "Other Structures",
        "Structure_Category": "Other Structures",
        "canal_name": "LATERAL C",
        "station": "STA 1+646.6",
        "station_m": 1646.63,
        "offset_m": 1.3,
        "desc": "",
        "comment": "",
        "elevation_m": 27.84,
        "photo_filename": "",
        "photo_path": "../DCIM/10GRMN/",
        "surveyor_comment": null,
        "survey_date": "2024-4-4"
      },
      "geometry": {
        "type": "Point",
        "coordinates": [
          120.831422,
          12.882043
        ]
      }
    },
    {
      "type": "Feature",
      "properties": {
        "id": 306,
        "name": "449",
        "type": "Other Structures",
        "Structure_Category": "Other Structures",
        "canal_name": "LATERAL C",
        "station": "STA 1+899.8",
        "station_m": 1899.82,
        "offset_m": 1.42,
        "desc": "",
        "comment": "",
        "elevation_m": 27.16,
        "photo_filename": "",
        "photo_path": "../DCIM/10GRMN/",
        "surveyor_comment": null,
        "survey_date": "2024-4-4"
      },
      "geometry": {
        "type": "Point",
        "coordinates": [
          120.829351,
          12.881012
        ]
      }
    },
    {
      "type": "Feature",
      "properties": {
        "id": 307,
        "name": "450",
        "type": "Other Structures",
        "Structure_Category": "Other Structures",
        "canal_name": "LATERAL C",
        "station": "STA 1+902.6",
        "station_m": 1902.61,
        "offset_m": 0.86,
        "desc": "",
        "comment": "",
        "elevation_m": 23.32,
        "photo_filename": "",
        "photo_path": "../DCIM/10GRMN/",
        "surveyor_comment": null,
        "survey_date": "2024-4-4"
      },
      "geometry": {
        "type": "Point",
        "coordinates": [
          120.829334,
          12.880984
        ]
      }
    },
    {
      "type": "Feature",
      "properties": {
        "id": 308,
        "name": "451",
        "type": "Other Structures",
        "Structure_Category": "Other Structures",
        "canal_name": "LATERAL C",
        "station": "STA 1+951.7",
        "station_m": 1951.68,
        "offset_m": 0.45,
        "desc": "",
        "comment": "",
        "elevation_m": 22.33,
        "photo_filename": "",
        "photo_path": "../DCIM/10GRMN/",
        "surveyor_comment": null,
        "survey_date": "2024-4-4"
      },
      "geometry": {
        "type": "Point",
        "coordinates": [
          120.828905,
          12.880844
        ]
      }
    },
    {
      "type": "Feature",
      "properties": {
        "id": 309,
        "name": "452",
        "type": "Other Structures",
        "Structure_Category": "Other Structures",
        "canal_name": "SOUTH MAIN CANAL",
        "station": "STA 0+005.3",
        "station_m": 5.33,
        "offset_m": 1.96,
        "desc": "",
        "comment": "",
        "elevation_m": 33.66,
        "photo_filename": "",
        "photo_path": "../DCIM/10GRMN/",
        "surveyor_comment": null,
        "survey_date": "2024-4-9"
      },
      "geometry": {
        "type": "Point",
        "coordinates": [
          120.868937,
          12.902968
        ]
      }
    },
    {
      "type": "Feature",
      "properties": {
        "id": 310,
        "name": "454",
        "type": "Other Structures",
        "Structure_Category": "Other Structures",
        "canal_name": "SOUTH MAIN CANAL",
        "station": "STA 0+019.9",
        "station_m": 19.87,
        "offset_m": 2.64,
        "desc": "",
        "comment": "",
        "elevation_m": 33.19,
        "photo_filename": "",
        "photo_path": "../DCIM/10GRMN/",
        "surveyor_comment": null,
        "survey_date": "2024-4-9"
      },
      "geometry": {
        "type": "Point",
        "coordinates": [
          120.868878,
          12.902843
        ]
      }
    },
    {
      "type": "Feature",
      "properties": {
        "id": 311,
        "name": "455",
        "type": "Other Structures",
        "Structure_Category": "Other Structures",
        "canal_name": "SOUTH MAIN CANAL",
        "station": "STA 0+086.7",
        "station_m": 86.69,
        "offset_m": 1.49,
        "desc": "",
        "comment": "",
        "elevation_m": 34.61,
        "photo_filename": "",
        "photo_path": "../DCIM/10GRMN/",
        "surveyor_comment": null,
        "survey_date": "2024-4-9"
      },
      "geometry": {
        "type": "Point",
        "coordinates": [
          120.86832,
          12.902585
        ]
      }
    },
    {
      "type": "Feature",
      "properties": {
        "id": 312,
        "name": "456",
        "type": "Other Structures",
        "Structure_Category": "Other Structures",
        "canal_name": "SOUTH MAIN CANAL",
        "station": "STA 0+315.6",
        "station_m": 315.63,
        "offset_m": 3.45,
        "desc": "",
        "comment": "",
        "elevation_m": 34.66,
        "photo_filename": "",
        "photo_path": "../DCIM/10GRMN/",
        "surveyor_comment": null,
        "survey_date": "2024-4-9"
      },
      "geometry": {
        "type": "Point",
        "coordinates": [
          120.866403,
          12.901722
        ]
      }
    },
    {
      "type": "Feature",
      "properties": {
        "id": 313,
        "name": "457",
        "type": "Other Structures",
        "Structure_Category": "Other Structures",
        "canal_name": "SOUTH MAIN CANAL",
        "station": "STA 0+369.2",
        "station_m": 369.2,
        "offset_m": 4.26,
        "desc": "",
        "comment": "",
        "elevation_m": 33.46,
        "photo_filename": "",
        "photo_path": "../DCIM/10GRMN/",
        "surveyor_comment": null,
        "survey_date": "2024-4-9"
      },
      "geometry": {
        "type": "Point",
        "coordinates": [
          120.865955,
          12.901519
        ]
      }
    },
    {
      "type": "Feature",
      "properties": {
        "id": 314,
        "name": "458",
        "type": "Other Structures",
        "Structure_Category": "Other Structures",
        "canal_name": "SOUTH MAIN CANAL",
        "station": "STA 0+420.2",
        "station_m": 420.24,
        "offset_m": 0.99,
        "desc": "",
        "comment": "",
        "elevation_m": 33.76,
        "photo_filename": "",
        "photo_path": "../DCIM/10GRMN/",
        "surveyor_comment": null,
        "survey_date": "2024-4-9"
      },
      "geometry": {
        "type": "Point",
        "coordinates": [
          120.865513,
          12.901359
        ]
      }
    },
    {
      "type": "Feature",
      "properties": {
        "id": 315,
        "name": "459",
        "type": "Other Structures",
        "Structure_Category": "Other Structures",
        "canal_name": "SOUTH MAIN CANAL",
        "station": "STA 0+932.0",
        "station_m": 932.01,
        "offset_m": 4.74,
        "desc": "",
        "comment": "",
        "elevation_m": 31.74,
        "photo_filename": "",
        "photo_path": "../DCIM/10GRMN/",
        "surveyor_comment": null,
        "survey_date": "2024-4-9"
      },
      "geometry": {
        "type": "Point",
        "coordinates": [
          120.861202,
          12.899476
        ]
      }
    },
    {
      "type": "Feature",
      "properties": {
        "id": 316,
        "name": "460",
        "type": "Other Structures",
        "Structure_Category": "Other Structures",
        "canal_name": "SOUTH MAIN CANAL",
        "station": "STA 0+939.0",
        "station_m": 938.95,
        "offset_m": 3.46,
        "desc": "",
        "comment": "",
        "elevation_m": 31.59,
        "photo_filename": "",
        "photo_path": "../DCIM/10GRMN/",
        "surveyor_comment": null,
        "survey_date": "2024-4-9"
      },
      "geometry": {
        "type": "Point",
        "coordinates": [
          120.861153,
          12.899434
        ]
      }
    },
    {
      "type": "Feature",
      "properties": {
        "id": 317,
        "name": "461",
        "type": "Other Structures",
        "Structure_Category": "Other Structures",
        "canal_name": "SOUTH MAIN CANAL",
        "station": "STA 0+947.0",
        "station_m": 947.01,
        "offset_m": 0.13,
        "desc": "",
        "comment": "",
        "elevation_m": 29.92,
        "photo_filename": "",
        "photo_path": "../DCIM/10GRMN/",
        "surveyor_comment": null,
        "survey_date": "2024-4-9"
      },
      "geometry": {
        "type": "Point",
        "coordinates": [
          120.861106,
          12.899369
        ]
      }
    },
    {
      "type": "Feature",
      "properties": {
        "id": 318,
        "name": "462",
        "type": "Other Structures",
        "Structure_Category": "Other Structures",
        "canal_name": "SOUTH MAIN CANAL",
        "station": "STA 1+199.5",
        "station_m": 1199.49,
        "offset_m": 1.83,
        "desc": "",
        "comment": "",
        "elevation_m": 31.08,
        "photo_filename": "",
        "photo_path": "../DCIM/10GRMN/",
        "surveyor_comment": null,
        "survey_date": "2024-4-9"
      },
      "geometry": {
        "type": "Point",
        "coordinates": [
          120.859347,
          12.897887
        ]
      }
    },
    {
      "type": "Feature",
      "properties": {
        "id": 319,
        "name": "463",
        "type": "Other Structures",
        "Structure_Category": "Other Structures",
        "canal_name": "SOUTH MAIN CANAL",
        "station": "STA 1+255.6",
        "station_m": 1255.63,
        "offset_m": 1.89,
        "desc": "",
        "comment": "",
        "elevation_m": 31.48,
        "photo_filename": "",
        "photo_path": "../DCIM/10GRMN/",
        "surveyor_comment": null,
        "survey_date": "2024-4-9"
      },
      "geometry": {
        "type": "Point",
        "coordinates": [
          120.858975,
          12.897534
        ]
      }
    },
    {
      "type": "Feature",
      "properties": {
        "id": 320,
        "name": "464",
        "type": "Other Structures",
        "Structure_Category": "Other Structures",
        "canal_name": "SOUTH MAIN CANAL",
        "station": "STA 1+261.8",
        "station_m": 1261.77,
        "offset_m": 0.6,
        "desc": "",
        "comment": "",
        "elevation_m": 32.36,
        "photo_filename": "",
        "photo_path": "../DCIM/10GRMN/",
        "surveyor_comment": null,
        "survey_date": "2024-4-9"
      },
      "geometry": {
        "type": "Point",
        "coordinates": [
          120.858951,
          12.897479
        ]
      }
    },
    {
      "type": "Feature",
      "properties": {
        "id": 321,
        "name": "465",
        "type": "Other Structures",
        "Structure_Category": "Other Structures",
        "canal_name": "SOUTH MAIN CANAL",
        "station": "STA 1+527.7",
        "station_m": 1527.74,
        "offset_m": 0.94,
        "desc": "",
        "comment": "",
        "elevation_m": 33.41,
        "photo_filename": "",
        "photo_path": "../DCIM/10GRMN/",
        "surveyor_comment": null,
        "survey_date": "2024-4-9"
      },
      "geometry": {
        "type": "Point",
        "coordinates": [
          120.856901,
          12.8962
        ]
      }
    },
    {
      "type": "Feature",
      "properties": {
        "id": 278,
        "name": "344",
        "type": "Turnout",
        "Structure_Category": "Turnout (TO)",
        "canal_name": "KAMAI MAIN CANAL",
        "station": "STA 5+002.7",
        "station_m": 5002.71,
        "offset_m": 0.15,
        "desc": "",
        "comment": "Tsag/IA Name: Uppit IA, Canal Name:Kamai M.C, SN :3+930",
        "elevation_m": 14.87,
        "photo_filename": "DSC00499.jpg",
        "photo_path": "../DCIM/10GRMN/DSC00499.jpg",
        "surveyor_comment": "Tsag/IA Name: Uppit IA, Canal Name:Kamai M.C, SN :3+930",
        "survey_date": "2024-4-11"
      },
      "geometry": {
        "type": "Point",
        "coordinates": [
          120.803523,
          12.888933
        ]
      }
    },
    {
      "type": "Feature",
      "properties": {
        "id": 207,
        "name": "450",
        "type": "Turnout",
        "Structure_Category": "Turnout (TO)",
        "canal_name": "OLD INTAKE MAIN CANAL",
        "station": "STA 6+700.1",
        "station_m": 6700.1,
        "offset_m": 9.11,
        "desc": "",
        "comment": "",
        "elevation_m": 22.32,
        "photo_filename": "DSC00516.jpg",
        "photo_path": "../DCIM/1000GRMN/DSC00516.jpg",
        "surveyor_comment": null,
        "survey_date": "2024-4-5"
      },
      "geometry": {
        "type": "Point",
        "coordinates": [
          120.83632,
          12.902587
        ]
      }
    },
    {
      "type": "Feature",
      "properties": {
        "id": 79,
        "name": "550",
        "type": "Other Structures",
        "Structure_Category": "Other Structures",
        "canal_name": "PULONG CATMON MAIN CANAL",
        "station": "STA 1+007.2",
        "station_m": 1007.22,
        "offset_m": 2.58,
        "desc": "",
        "comment": "",
        "elevation_m": 52.67,
        "photo_filename": "DSC00635.jpg",
        "photo_path": "../DCIM/1000GRMN/DSC00635.jpg",
        "surveyor_comment": null,
        "survey_date": "2024-4-11"
      },
      "geometry": {
        "type": "Point",
        "coordinates": [
          120.882525,
          12.90629
        ]
      }
    },
    {
      "type": "Feature",
      "properties": {
        "id": 22,
        "name": "585",
        "type": "Turnout",
        "Structure_Category": "Turnout (TO)",
        "canal_name": "PULONG CATMON MAIN CANAL",
        "station": "STA 2+189.4",
        "station_m": 2189.42,
        "offset_m": 3.31,
        "desc": "",
        "comment": "Tsag/IA Name: Pulong Catmon IA, Canal Name: Main Canal, SN : 2+185",
        "elevation_m": 43.37,
        "photo_filename": "DSC00673.jpg",
        "photo_path": "../DCIM/1000GRMN/DSC00673.jpg",
        "surveyor_comment": "Tsag/IA Name: Pulong Catmon IA, Canal Name: Main Canal, SN : 2+185",
        "survey_date": "2024-4-12"
      },
      "geometry": {
        "type": "Point",
        "coordinates": [
          120.872642,
          12.910312
        ]
      }
    },
    {
      "type": "Feature",
      "properties": {
        "id": 176,
        "name": "419",
        "type": "Other Structures",
        "Structure_Category": "Other Structures",
        "canal_name": "LATERAL A",
        "station": "STA 2+577.5",
        "station_m": 2577.46,
        "offset_m": 0.49,
        "desc": "",
        "comment": "Tsag/IA Name: Cadanguehan IA, Canal Name: LAteral A, SN: 2+583",
        "elevation_m": 20.5,
        "photo_filename": "DSC00483.jpg",
        "photo_path": "../DCIM/1000GRMN/DSC00483.jpg",
        "surveyor_comment": "Tsag/IA Name: Cadanguehan IA, Canal Name: LAteral A, SN: 2+583",
        "survey_date": "2024-4-5"
      },
      "geometry": {
        "type": "Point",
        "coordinates": [
          120.861817,
          12.881467
        ]
      }
    },
    {
      "type": "Feature",
      "properties": {
        "id": 11,
        "name": "574",
        "type": "Turnout",
        "Structure_Category": "Turnout (TO)",
        "canal_name": "PULONG CATMON MAIN CANAL",
        "station": "STA 1+201.8",
        "station_m": 1201.8,
        "offset_m": 3.87,
        "desc": "",
        "comment": "Tsag/IA Name: Pulong Catmon IA, Canal Name: Main Canal, SN : 1+203",
        "elevation_m": 55.28,
        "photo_filename": "DSC00661.jpg",
        "photo_path": "../DCIM/1000GRMN/DSC00661.jpg",
        "surveyor_comment": "Tsag/IA Name: Pulong Catmon IA, Canal Name: Main Canal, SN : 1+203",
        "survey_date": "2024-4-12"
      },
      "geometry": {
        "type": "Point",
        "coordinates": [
          120.880824,
          12.906919
        ]
      }
    },
    {
      "type": "Feature",
      "properties": {
        "id": 226,
        "name": "292",
        "type": "Other Structures",
        "Structure_Category": "Other Structures",
        "canal_name": "LATERAL B",
        "station": "STA 0+008.9",
        "station_m": 8.94,
        "offset_m": 0.25,
        "desc": "",
        "comment": "Tsag/IA Name: Kamai IA, Canal Name:Lateral B, SN : 0+006",
        "elevation_m": 32.66,
        "photo_filename": "DSC00444.jpg",
        "photo_path": "../DCIM/10GRMN/DSC00444.jpg",
        "surveyor_comment": "Tsag/IA Name: Kamai IA, Canal Name:Lateral B, SN : 0+006",
        "survey_date": "2024-4-10"
      },
      "geometry": {
        "type": "Point",
        "coordinates": [
          120.840367,
          12.903346
        ]
      }
    },
    {
      "type": "Feature",
      "properties": {
        "id": 288,
        "name": "355",
        "type": "Other Structures",
        "Structure_Category": "Other Structures",
        "canal_name": "UPIT LEFT MAIN CANAL",
        "station": "STA 1+264.9",
        "station_m": 1264.87,
        "offset_m": 9.14,
        "desc": "",
        "comment": "Tsag/IA Name:Uppit IA, Canal Name: Uppit M.C, SN : 1+250",
        "elevation_m": 20.13,
        "photo_filename": "DSC00509.jpg",
        "photo_path": "../DCIM/10GRMN/DSC00509.jpg",
        "surveyor_comment": "Tsag/IA Name:Uppit IA, Canal Name: Uppit M.C, SN : 1+250",
        "survey_date": "2024-4-11"
      },
      "geometry": {
        "type": "Point",
        "coordinates": [
          120.812582,
          12.881607
        ]
      }
    },
    {
      "type": "Feature",
      "properties": {
        "id": 283,
        "name": "349",
        "type": "Turnout",
        "Structure_Category": "Turnout (TO)",
        "canal_name": "UPIT LEFT MAIN CANAL",
        "station": "STA 0+139.7",
        "station_m": 139.74,
        "offset_m": 0.47,
        "desc": "",
        "comment": "Tsag/IA Name: Uppit IA, Canal Name: Uppit M.C, SN: 0+105",
        "elevation_m": 17.78,
        "photo_filename": "DSC00505.jpg",
        "photo_path": "../DCIM/10GRMN/DSC00505.jpg",
        "surveyor_comment": "Tsag/IA Name: Uppit IA, Canal Name: Uppit M.C, SN: 0+105",
        "survey_date": "2024-4-11"
      },
      "geometry": {
        "type": "Point",
        "coordinates": [
          120.820377,
          12.886823
        ]
      }
    },
    {
      "type": "Feature",
      "properties": {
        "id": 282,
        "name": "348",
        "type": "Other Structures",
        "Structure_Category": "Other Structures",
        "canal_name": "UPIT LEFT MAIN CANAL",
        "station": "STA 0+035.5",
        "station_m": 35.5,
        "offset_m": 2.87,
        "desc": "",
        "comment": "Tsag/IA Name: Uppit IA, Canal Name: Uppit M.C, SN: 0+000",
        "elevation_m": 15.23,
        "photo_filename": "DSC00504.jpg",
        "photo_path": "../DCIM/10GRMN/DSC00504.jpg",
        "surveyor_comment": "Tsag/IA Name: Uppit IA, Canal Name: Uppit M.C, SN: 0+000",
        "survey_date": "2024-4-11"
      },
      "geometry": {
        "type": "Point",
        "coordinates": [
          120.820645,
          12.887727
        ]
      }
    },
    {
      "type": "Feature",
      "properties": {
        "id": 285,
        "name": "351",
        "type": "Other Structures",
        "Structure_Category": "Other Structures",
        "canal_name": "UPIT LEFT MAIN CANAL",
        "station": "STA 0+338.2",
        "station_m": 338.25,
        "offset_m": 0.8,
        "desc": "",
        "comment": "Tsag/IA Name: Uppit IA, Canal Name: Uppit M.C, SN: 0+300",
        "elevation_m": 18.02,
        "photo_filename": "DSC00507.jpg",
        "photo_path": "../DCIM/10GRMN/DSC00507.jpg",
        "surveyor_comment": "Tsag/IA Name: Uppit IA, Canal Name: Uppit M.C, SN: 0+300",
        "survey_date": "2024-4-11"
      },
      "geometry": {
        "type": "Point",
        "coordinates": [
          120.819737,
          12.885146
        ]
      }
    },
    {
      "type": "Feature",
      "properties": {
        "id": 280,
        "name": "346",
        "type": "Check Gate",
        "Structure_Category": "Head Gate",
        "canal_name": "UPIT LEFT MAIN CANAL",
        "station": "STA 0+000.0",
        "station_m": 0,
        "offset_m": 22.57,
        "desc": "",
        "comment": "Tsag/IA Name: Uppit IA, Canal Name: Uppit, SN: 0+000",
        "elevation_m": 14.62,
        "photo_filename": "DSC00502.jpg",
        "photo_path": "../DCIM/10GRMN/DSC00502.jpg",
        "surveyor_comment": "Tsag/IA Name: Uppit IA, Canal Name: Uppit, SN: 0+000",
        "survey_date": "2024-4-11"
      },
      "geometry": {
        "type": "Point",
        "coordinates": [
          120.820574,
          12.88812
        ]
      }
    },
    {
      "type": "Feature",
      "properties": {
        "id": 23,
        "name": "586",
        "type": "Turnout",
        "Structure_Category": "Turnout (TO)",
        "canal_name": "PULONG CATMON MAIN CANAL",
        "station": "STA 2+289.6",
        "station_m": 2289.65,
        "offset_m": 11.38,
        "desc": "",
        "comment": "Tsag/IA Name: Pulong Catmon IA, Canal Name: Main Canal, SN : 2+285",
        "elevation_m": 45.51,
        "photo_filename": "DSC00674.jpg",
        "photo_path": "../DCIM/1000GRMN/DSC00674.jpg",
        "surveyor_comment": "Tsag/IA Name: Pulong Catmon IA, Canal Name: Main Canal, SN : 2+285",
        "survey_date": "2024-4-12"
      },
      "geometry": {
        "type": "Point",
        "coordinates": [
          120.871744,
          12.91046
        ]
      }
    },
    {
      "type": "Feature",
      "properties": {
        "id": 17,
        "name": "580",
        "type": "Thresher Crossing",
        "Structure_Category": "Thresher Crossing",
        "canal_name": "PULONG CATMON MAIN CANAL",
        "station": "STA 2+009.8",
        "station_m": 2009.82,
        "offset_m": 8.48,
        "desc": "",
        "comment": "Tsag/IA Name: Pulong Catmon IA, Canal Name: Main Canal, SN : 1+996",
        "elevation_m": 43.75,
        "photo_filename": "DSC00668.jpg",
        "photo_path": "../DCIM/1000GRMN/DSC00668.jpg",
        "surveyor_comment": "Tsag/IA Name: Pulong Catmon IA, Canal Name: Main Canal, SN : 1+996",
        "survey_date": "2024-4-12"
      },
      "geometry": {
        "type": "Point",
        "coordinates": [
          120.874224,
          12.909812
        ]
      }
    },
    {
      "type": "Feature",
      "properties": {
        "id": 12,
        "name": "575",
        "type": "Turnout",
        "Structure_Category": "Turnout (TO)",
        "canal_name": "PULONG CATMON MAIN CANAL",
        "station": "STA 1+267.8",
        "station_m": 1267.76,
        "offset_m": 11.57,
        "desc": "",
        "comment": "Tsag/IA Name: Pulong Catmon IA, Canal Name: Main Canal, SN : 1+263",
        "elevation_m": 54.3,
        "photo_filename": "DSC00662.jpg",
        "photo_path": "../DCIM/1000GRMN/DSC00662.jpg",
        "surveyor_comment": "Tsag/IA Name: Pulong Catmon IA, Canal Name: Main Canal, SN : 1+263",
        "survey_date": "2024-4-12"
      },
      "geometry": {
        "type": "Point",
        "coordinates": [
          120.880485,
          12.907354
        ]
      }
    },
    {
      "type": "Feature",
      "properties": {
        "id": 6,
        "name": "569",
        "type": "Thresher Crossing",
        "Structure_Category": "Thresher Crossing",
        "canal_name": "PULONG CATMON MAIN CANAL",
        "station": "STA 0+812.4",
        "station_m": 812.44,
        "offset_m": 10.03,
        "desc": "",
        "comment": "Tsag/IA Name: Pulong Catmon IA, Canal Name: Main Canal, SN : 0+808",
        "elevation_m": 58.48,
        "photo_filename": "DSC00656.jpg",
        "photo_path": "../DCIM/1000GRMN/DSC00656.jpg",
        "surveyor_comment": "Tsag/IA Name: Pulong Catmon IA, Canal Name: Main Canal, SN : 0+808",
        "survey_date": "2024-4-12"
      },
      "geometry": {
        "type": "Point",
        "coordinates": [
          120.884169,
          12.905602
        ]
      }
    },
    {
      "type": "Feature",
      "properties": {
        "id": 4,
        "name": "567",
        "type": "Thresher Crossing",
        "Structure_Category": "Thresher Crossing",
        "canal_name": "PULONG CATMON MAIN CANAL",
        "station": "STA 0+567.5",
        "station_m": 567.51,
        "offset_m": 8.83,
        "desc": "",
        "comment": "Tsag/IA Name: Pulong Catmon IA, Canal Name: Main Canal, SN : 0+558",
        "elevation_m": 50.63,
        "photo_filename": "DSC00654.jpg",
        "photo_path": "../DCIM/1000GRMN/DSC00654.jpg",
        "surveyor_comment": "Tsag/IA Name: Pulong Catmon IA, Canal Name: Main Canal, SN : 0+558",
        "survey_date": "2024-4-12"
      },
      "geometry": {
        "type": "Point",
        "coordinates": [
          120.886148,
          12.904592
        ]
      }
    },
    {
      "type": "Feature",
      "properties": {
        "id": 128,
        "name": "",
        "type": "Other Structures",
        "Structure_Category": "Other Structures",
        "canal_name": "AMNAY PATRICK MAIN CANAL",
        "station": "STA 1+058.6",
        "station_m": 1058.62,
        "offset_m": 8.48,
        "desc": "",
        "comment": "Blurred picture on white board",
        "elevation_m": 88.16,
        "photo_filename": "DSC00430.jpg",
        "photo_path": "../DCIM/1000GRMN/DSC00430.jpg",
        "surveyor_comment": "Blurred picture on white board",
        "survey_date": "2024-4-4"
      },
      "geometry": {
        "type": "Point",
        "coordinates": [
          120.90807,
          12.877767
        ]
      }
    },
    {
      "type": "Feature",
      "properties": {
        "id": 68,
        "name": "Earth Canal Lining",
        "type": "Other Structures",
        "Structure_Category": "Other Structures",
        "canal_name": "INTERIOR SPRING LEFT MAIN CANAL",
        "station": "STA 0+104.6",
        "station_m": 104.59,
        "offset_m": 3.8,
        "desc": "",
        "comment": "Tsag/IA Name: Interior spring of  San Vicente IA, Canal Name: Interior Spring left",
        "elevation_m": 25.88,
        "photo_filename": "DSC00623.jpg",
        "photo_path": "../DCIM/1000GRMN/DSC00623.jpg",
        "surveyor_comment": "Tsag/IA Name: Interior spring of San Vicente IA, Canal Name: Interior Spring left",
        "survey_date": "2024-4-11"
      },
      "geometry": {
        "type": "Point",
        "coordinates": [
          120.855921,
          12.883679
        ]
      }
    },
    {
      "type": "Feature",
      "properties": {
        "id": 131,
        "name": "Thresher crossing",
        "type": "Thresher Crossing",
        "Structure_Category": "Thresher Crossing",
        "canal_name": "AMNAY PATRICK MAIN CANAL",
        "station": "STA 1+252.0",
        "station_m": 1251.96,
        "offset_m": 1.87,
        "desc": "",
        "comment": "Tsag/IA Name: Cadanguehan IA, Canal Name: Amnay-Patrick M.C,Lat. (N)12*52'41.19\", Long.(E) 120*54'22.83\" SN : 1+282, Remarks:",
        "elevation_m": 81.99,
        "photo_filename": "DSC00433.jpg",
        "photo_path": "../DCIM/1000GRMN/DSC00433.jpg",
        "surveyor_comment": "Tsag/IA Name: Cadanguehan IA, Canal Name: Amnay-Patrick M.C,Lat. (N)12*52'41.19\", Long.(E) 120*54'22.83\" SN : 1+282, Remarks:",
        "survey_date": "2024-4-4"
      },
      "geometry": {
        "type": "Point",
        "coordinates": [
          120.906342,
          12.878108
        ]
      }
    },
    {
      "type": "Feature",
      "properties": {
        "id": 134,
        "name": "Thresher crossing",
        "type": "Thresher Crossing",
        "Structure_Category": "Thresher Crossing",
        "canal_name": "AMNAY PATRICK MAIN CANAL",
        "station": "STA 1+779.2",
        "station_m": 1779.23,
        "offset_m": 6.7,
        "desc": "",
        "comment": "Tsag/IA Name: Cadanguehan IA, Canal Name: Amnay-Patrick M.C,Lat. (N)12*52'44.42\", Long.(E) 120*54'06.29\" SN : 1+787, Remarks: minor abbrasion",
        "elevation_m": 75.32,
        "photo_filename": "DSC00436.jpg",
        "photo_path": "../DCIM/1000GRMN/DSC00436.jpg",
        "surveyor_comment": "Tsag/IA Name: Cadanguehan IA, Canal Name: Amnay-Patrick M.C,Lat. (N)12*52'44.42\", Long.(E) 120*54'06.29\" SN : 1+787, Remarks: minor abbrasion",
        "survey_date": "2024-4-4"
      },
      "geometry": {
        "type": "Point",
        "coordinates": [
          120.901748,
          12.879005
        ]
      }
    },
    {
      "type": "Feature",
      "properties": {
        "id": 139,
        "name": "Road crossing",
        "type": "Road Crossing",
        "Structure_Category": "Road Crossing",
        "canal_name": "AMNAY PATRICK MAIN CANAL",
        "station": "STA 3+097.9",
        "station_m": 3097.93,
        "offset_m": 5.72,
        "desc": "",
        "comment": "Tsag/IA Name: Cadanguehan IA, Canal Name: Amnay-Patrick M.C,Lat. (N)12*53'20.05\", Long.(E) 120*53'46.23\" SN : 3+110, Remarks:",
        "elevation_m": 64.06,
        "photo_filename": "DSC00441.jpg",
        "photo_path": "../DCIM/1000GRMN/DSC00441.jpg",
        "surveyor_comment": "Tsag/IA Name: Cadanguehan IA, Canal Name: Amnay-Patrick M.C,Lat. (N)12*53'20.05\", Long.(E) 120*53'46.23\" SN : 3+110, Remarks:",
        "survey_date": "2024-4-4"
      },
      "geometry": {
        "type": "Point",
        "coordinates": [
          120.896174,
          12.888903
        ]
      }
    },
    {
      "type": "Feature",
      "properties": {
        "id": 161,
        "name": "403",
        "type": "Other Structures",
        "Structure_Category": "Other Structures",
        "canal_name": "LATERAL A",
        "station": "STA 0+666.7",
        "station_m": 666.74,
        "offset_m": 3.81,
        "desc": "",
        "comment": "Tsag/IA Name: Cadanguehan IA, Canal Name: Lateral A, SN : 0+405",
        "elevation_m": 45.6,
        "photo_filename": "DSC00466.jpg",
        "photo_path": "../DCIM/1000GRMN/DSC00466.jpg",
        "surveyor_comment": "Tsag/IA Name: Cadanguehan IA, Canal Name: Lateral A, SN : 0+405",
        "survey_date": "2024-4-4"
      },
      "geometry": {
        "type": "Point",
        "coordinates": [
          120.873945,
          12.892098
        ]
      }
    },
    {
      "type": "Feature",
      "properties": {
        "id": 166,
        "name": "408",
        "type": "Turnout",
        "Structure_Category": "Turnout (TO)",
        "canal_name": "LATERAL A",
        "station": "STA 1+014.7",
        "station_m": 1014.69,
        "offset_m": 1.22,
        "desc": "",
        "comment": "Tsag/IA Name: Cadanguehan IA, Canal Name: Lateral A, SN : 1+008",
        "elevation_m": 41.29,
        "photo_filename": "DSC00471.jpg",
        "photo_path": "../DCIM/1000GRMN/DSC00471.jpg",
        "surveyor_comment": "Tsag/IA Name: Cadanguehan IA, Canal Name: Lateral A, SN : 1+008",
        "survey_date": "2024-4-4"
      },
      "geometry": {
        "type": "Point",
        "coordinates": [
          120.87315,
          12.88908
        ]
      }
    },
    {
      "type": "Feature",
      "properties": {
        "id": 169,
        "name": "411",
        "type": "Turnout",
        "Structure_Category": "Turnout (TO)",
        "canal_name": "LATERAL A",
        "station": "STA 1+881.8",
        "station_m": 1881.76,
        "offset_m": 1.59,
        "desc": "",
        "comment": "Tsag/IA Name: Cadanguehan IA, Canal Name: Lateral A, SN : 1+940",
        "elevation_m": 35.65,
        "photo_filename": "DSC00474.jpg",
        "photo_path": "../DCIM/1000GRMN/DSC00474.jpg",
        "surveyor_comment": "Tsag/IA Name: Cadanguehan IA, Canal Name: Lateral A, SN : 1+940",
        "survey_date": "2024-4-4"
      },
      "geometry": {
        "type": "Point",
        "coordinates": [
          120.867154,
          12.884247
        ]
      }
    },
    {
      "type": "Feature",
      "properties": {
        "id": 175,
        "name": "418",
        "type": "Thresher Crossing",
        "Structure_Category": "Thresher Crossing",
        "canal_name": "LATERAL A",
        "station": "STA 2+422.3",
        "station_m": 2422.31,
        "offset_m": 1.24,
        "desc": "",
        "comment": "Tsag/IA Name: Cadanguehan IA, Canal Name: Lateral A, SN : 2+430",
        "elevation_m": 21.15,
        "photo_filename": "DSC00482.jpg",
        "photo_path": "../DCIM/1000GRMN/DSC00482.jpg",
        "surveyor_comment": "Tsag/IA Name: Cadanguehan IA, Canal Name: Lateral A, SN : 2+430",
        "survey_date": "2024-4-5"
      },
      "geometry": {
        "type": "Point",
        "coordinates": [
          120.863138,
          12.881644
        ]
      }
    },
    {
      "type": "Feature",
      "properties": {
        "id": 180,
        "name": "423",
        "type": "Drop",
        "Structure_Category": "Other Structures",
        "canal_name": "OLD INTAKE MAIN CANAL",
        "station": "STA 2+490.0",
        "station_m": 2490.04,
        "offset_m": 3.44,
        "desc": "",
        "comment": "Tsag/IA Name: Cadanguehan IA, Canal Name:M.C, SN :6+089",
        "elevation_m": 38.42,
        "photo_filename": "DSC00487.jpg",
        "photo_path": "../DCIM/1000GRMN/DSC00487.jpg",
        "surveyor_comment": "Tsag/IA Name: Cadanguehan IA, Canal Name:M.C, SN :6+089",
        "survey_date": "2024-4-5"
      },
      "geometry": {
        "type": "Point",
        "coordinates": [
          120.872959,
          12.900093
        ]
      }
    },
    {
      "type": "Feature",
      "properties": {
        "id": 184,
        "name": "427",
        "type": "Check Gate",
        "Structure_Category": "Head Gate",
        "canal_name": "OLD INTAKE MAIN CANAL",
        "station": "STA 3+037.6",
        "station_m": 3037.57,
        "offset_m": 1.68,
        "desc": "",
        "comment": "Tsag/IA Name: Cadanguehan IA, Canal Name:M.C, SN : 6+636",
        "elevation_m": 34.27,
        "photo_filename": "DSC00491.jpg",
        "photo_path": "../DCIM/1000GRMN/DSC00491.jpg",
        "surveyor_comment": "Tsag/IA Name: Cadanguehan IA, Canal Name:M.C, SN : 6+636",
        "survey_date": "2024-4-5"
      },
      "geometry": {
        "type": "Point",
        "coordinates": [
          120.868929,
          12.903048
        ]
      }
    },
    {
      "type": "Feature",
      "properties": {
        "id": 188,
        "name": "431",
        "type": "Thresher Crossing",
        "Structure_Category": "Thresher Crossing",
        "canal_name": "OLD INTAKE MAIN CANAL",
        "station": "STA 3+545.5",
        "station_m": 3545.48,
        "offset_m": 1.95,
        "desc": "",
        "comment": "Tsag/IA Name: Rayusan IA, Canal Name:M.C, SN : 7+131",
        "elevation_m": 36.45,
        "photo_filename": "DSC00495.jpg",
        "photo_path": "../DCIM/1000GRMN/DSC00495.jpg",
        "surveyor_comment": "Tsag/IA Name: Rayusan IA, Canal Name:M.C, SN : 7+131",
        "survey_date": "2024-4-5"
      },
      "geometry": {
        "type": "Point",
        "coordinates": [
          120.864668,
          12.904917
        ]
      }
    },
    {
      "type": "Feature",
      "properties": {
        "id": 191,
        "name": "434",
        "type": "Turnout",
        "Structure_Category": "Turnout (TO)",
        "canal_name": "OLD INTAKE MAIN CANAL",
        "station": "STA 4+357.9",
        "station_m": 4357.93,
        "offset_m": 4.23,
        "desc": "",
        "comment": "Tsag/IA Name: Rayusan IA, Canal Name:M.C, SN : 7+963",
        "elevation_m": 35.24,
        "photo_filename": "DSC00499.jpg",
        "photo_path": "../DCIM/1000GRMN/DSC00499.jpg",
        "surveyor_comment": "Tsag/IA Name: Rayusan IA, Canal Name:M.C, SN : 7+963",
        "survey_date": "2024-4-5"
      },
      "geometry": {
        "type": "Point",
        "coordinates": [
          120.857315,
          12.905996
        ]
      }
    },
    {
      "type": "Feature",
      "properties": {
        "id": 194,
        "name": "437",
        "type": "Road Crossing",
        "Structure_Category": "Road Crossing",
        "canal_name": "OLD INTAKE MAIN CANAL",
        "station": "STA 4+663.2",
        "station_m": 4663.23,
        "offset_m": 3.91,
        "desc": "",
        "comment": "Tsag/IA Name: Rayusan IA, Canal Name:M.C, SN :8+268",
        "elevation_m": 35.23,
        "photo_filename": "DSC00502.jpg",
        "photo_path": "../DCIM/1000GRMN/DSC00502.jpg",
        "surveyor_comment": "Tsag/IA Name: Rayusan IA, Canal Name:M.C, SN :8+268",
        "survey_date": "2024-4-5"
      },
      "geometry": {
        "type": "Point",
        "coordinates": [
          120.854513,
          12.905825
        ]
      }
    },
    {
      "type": "Feature",
      "properties": {
        "id": 202,
        "name": "445",
        "type": "Road Crossing",
        "Structure_Category": "Road Crossing",
        "canal_name": "OLD INTAKE MAIN CANAL",
        "station": "STA 5+856.5",
        "station_m": 5856.53,
        "offset_m": 6.09,
        "desc": "",
        "comment": "Tsag/IA Name: Rayusan IA, Canal Name:M.C (proposed), SN : 4+454",
        "elevation_m": 29.01,
        "photo_filename": "DSC00510.jpg",
        "photo_path": "../DCIM/1000GRMN/DSC00510.jpg",
        "surveyor_comment": "Tsag/IA Name: Rayusan IA, Canal Name:M.C (proposed), SN : 4+454",
        "survey_date": "2024-4-5"
      },
      "geometry": {
        "type": "Point",
        "coordinates": [
          120.843941,
          12.903387
        ]
      }
    },
    {
      "type": "Feature",
      "properties": {
        "id": 229,
        "name": "295",
        "type": "Other Structures",
        "Structure_Category": "Other Structures",
        "canal_name": "LATERAL B",
        "station": "STA 0+211.3",
        "station_m": 211.32,
        "offset_m": 9.03,
        "desc": "",
        "comment": "Tsag/IA Name: Kamai IA, Canal Name:Lateral B, SN : 0+220",
        "elevation_m": 25.36,
        "photo_filename": "DSC00447.jpg",
        "photo_path": "../DCIM/10GRMN/DSC00447.jpg",
        "surveyor_comment": "Tsag/IA Name: Kamai IA, Canal Name:Lateral B, SN : 0+220",
        "survey_date": "2024-4-10"
      },
      "geometry": {
        "type": "Point",
        "coordinates": [
          120.839797,
          12.9016
        ]
      }
    },
    {
      "type": "Feature",
      "properties": {
        "id": 241,
        "name": "307",
        "type": "Thresher Crossing",
        "Structure_Category": "Thresher Crossing",
        "canal_name": "KAMAI MAIN CANAL",
        "station": "STA 0+949.6",
        "station_m": 949.58,
        "offset_m": 3.21,
        "desc": "",
        "comment": "Tsag/IA Name: Kamai IA, Canal Name:Kamai M.C, SN : 0+948 - 0+951",
        "elevation_m": 18.66,
        "photo_filename": "DSC00461.jpg",
        "photo_path": "../DCIM/10GRMN/DSC00461.jpg",
        "surveyor_comment": "Tsag/IA Name: Kamai IA, Canal Name:Kamai M.C, SN : 0+948 - 0+951",
        "survey_date": "2024-4-11"
      },
      "geometry": {
        "type": "Point",
        "coordinates": [
          120.838291,
          12.899509
        ]
      }
    },
    {
      "type": "Feature",
      "properties": {
        "id": 244,
        "name": "310",
        "type": "Thresher Crossing",
        "Structure_Category": "Thresher Crossing",
        "canal_name": "KAMAI MAIN CANAL",
        "station": "STA 1+079.1",
        "station_m": 1079.1,
        "offset_m": 0.26,
        "desc": "",
        "comment": "Tsag/IA Name: Kamai IA, Canal Name:Kamai M.C, SN : 1+068 - 1+071",
        "elevation_m": 19.14,
        "photo_filename": "DSC00464.jpg",
        "photo_path": "../DCIM/10GRMN/DSC00464.jpg",
        "surveyor_comment": "Tsag/IA Name: Kamai IA, Canal Name:Kamai M.C, SN : 1+068 - 1+071",
        "survey_date": "2024-4-11"
      },
      "geometry": {
        "type": "Point",
        "coordinates": [
          120.837285,
          12.898987
        ]
      }
    },
    {
      "type": "Feature",
      "properties": {
        "id": 248,
        "name": "314",
        "type": "Thresher Crossing",
        "Structure_Category": "Thresher Crossing",
        "canal_name": "KAMAI MAIN CANAL",
        "station": "STA 1+382.1",
        "station_m": 1382.11,
        "offset_m": 0.84,
        "desc": "",
        "comment": "Tsag/IA Name: Kamai IA, Canal Name:Kamai M.C, SN :1+372 - 1+376",
        "elevation_m": 20.72,
        "photo_filename": "DSC00468.jpg",
        "photo_path": "../DCIM/10GRMN/DSC00468.jpg",
        "surveyor_comment": "Tsag/IA Name: Kamai IA, Canal Name:Kamai M.C, SN :1+372 - 1+376",
        "survey_date": "2024-4-11"
      },
      "geometry": {
        "type": "Point",
        "coordinates": [
          120.834503,
          12.898797
        ]
      }
    },
    {
      "type": "Feature",
      "properties": {
        "id": 251,
        "name": "317",
        "type": "Thresher Crossing",
        "Structure_Category": "Thresher Crossing",
        "canal_name": "KAMAI MAIN CANAL",
        "station": "STA 1+490.6",
        "station_m": 1490.62,
        "offset_m": 3.15,
        "desc": "",
        "comment": "Tsag/IA Name: Kamai IA, Canal Name:Kamai M.C, SN : 1+478 - 1+483",
        "elevation_m": 21.75,
        "photo_filename": "DSC00471.jpg",
        "photo_path": "../DCIM/10GRMN/DSC00471.jpg",
        "surveyor_comment": "Tsag/IA Name: Kamai IA, Canal Name:Kamai M.C, SN : 1+478 - 1+483",
        "survey_date": "2024-4-11"
      },
      "geometry": {
        "type": "Point",
        "coordinates": [
          120.833503,
          12.898802
        ]
      }
    },
    {
      "type": "Feature",
      "properties": {
        "id": 255,
        "name": "321",
        "type": "Turnout",
        "Structure_Category": "Turnout (TO)",
        "canal_name": "KAMAI MAIN CANAL",
        "station": "STA 1+632.3",
        "station_m": 1632.34,
        "offset_m": 0.26,
        "desc": "",
        "comment": "Tsag/IA Name: Kamai IA, Canal Name:Kamai M.C, SN : 1+622",
        "elevation_m": 23.42,
        "photo_filename": "DSC00476.jpg",
        "photo_path": "../DCIM/10GRMN/DSC00476.jpg",
        "surveyor_comment": "Tsag/IA Name: Kamai IA, Canal Name:Kamai M.C, SN : 1+622",
        "survey_date": "2024-4-11"
      },
      "geometry": {
        "type": "Point",
        "coordinates": [
          120.83259,
          12.89808
        ]
      }
    },
    {
      "type": "Feature",
      "properties": {
        "id": 260,
        "name": "326",
        "type": "Turnout",
        "Structure_Category": "Turnout (TO)",
        "canal_name": "KAMAI MAIN CANAL",
        "station": "STA 2+208.5",
        "station_m": 2208.48,
        "offset_m": 5.5,
        "desc": "",
        "comment": "Tsag/IA Name: Kamai IA, Canal Name:Kamai M.C, SN : 2+195",
        "elevation_m": 20.53,
        "photo_filename": "DSC00483.jpg",
        "photo_path": "../DCIM/10GRMN/DSC00483.jpg",
        "surveyor_comment": "Tsag/IA Name: Kamai IA, Canal Name:Kamai M.C, SN : 2+195",
        "survey_date": "2024-4-11"
      },
      "geometry": {
        "type": "Point",
        "coordinates": [
          120.828021,
          12.895551
        ]
      }
    },
    {
      "type": "Feature",
      "properties": {
        "id": 265,
        "name": "331",
        "type": "Turnout",
        "Structure_Category": "Turnout (TO)",
        "canal_name": "KAMAI MAIN CANAL",
        "station": "STA 2+494.9",
        "station_m": 2494.89,
        "offset_m": 5.8,
        "desc": "",
        "comment": "Tsag/IA Name: Kamai IA, Canal Name:Kamai M.C, SN : 2+480",
        "elevation_m": 19.41,
        "photo_filename": "DSC00488.jpg",
        "photo_path": "../DCIM/10GRMN/DSC00488.jpg",
        "surveyor_comment": "Tsag/IA Name: Kamai IA, Canal Name:Kamai M.C, SN : 2+480",
        "survey_date": "2024-4-11"
      },
      "geometry": {
        "type": "Point",
        "coordinates": [
          120.825523,
          12.894718
        ]
      }
    },
    {
      "type": "Feature",
      "properties": {
        "id": 57,
        "name": "528",
        "type": "Turnout",
        "Structure_Category": "Turnout (TO)",
        "canal_name": "INTERIOR SPRING RIGHT MAIN CANAL",
        "station": "STA 0+057.2",
        "station_m": 57.17,
        "offset_m": 2.4,
        "desc": "",
        "comment": "Tsag/IA Name: Interior spring of San Vicente IA, Canal Name: Interior Spring Right, SN: 2+583",
        "elevation_m": 26.97,
        "photo_filename": "DSC00611.jpg",
        "photo_path": "../DCIM/1000GRMN/DSC00611.jpg",
        "surveyor_comment": "Tsag/IA Name: Interior spring of San Vicente IA, Canal Name: Interior Spring Right, SN: 2+583",
        "survey_date": "2024-4-11"
      },
      "geometry": {
        "type": "Point",
        "coordinates": [
          120.854607,
          12.884031
        ]
      }
    },
    {
      "type": "Feature",
      "properties": {
        "id": 26,
        "name": "590",
        "type": "Road Crossing",
        "Structure_Category": "Road Crossing",
        "canal_name": "PULONG CATMON MAIN CANAL",
        "station": "STA 2+487.3",
        "station_m": 2487.27,
        "offset_m": 8.2,
        "desc": "",
        "comment": "Tsag/IA Name: Pulong Catmon IA, Canal Name: Main Canal, SN : 2+485",
        "elevation_m": 46.49,
        "photo_filename": "DSC00677.jpg",
        "photo_path": "../DCIM/1000GRMN/DSC00677.jpg",
        "surveyor_comment": "Tsag/IA Name: Pulong Catmon IA, Canal Name: Main Canal, SN : 2+485",
        "survey_date": "2024-4-12"
      },
      "geometry": {
        "type": "Point",
        "coordinates": [
          120.869935,
          12.91081
        ]
      }
    },
    {
      "type": "Feature",
      "properties": {
        "id": 267,
        "name": "333",
        "type": "Turnout",
        "Structure_Category": "Turnout (TO)",
        "canal_name": "KAMAI MAIN CANAL",
        "station": "STA 2+970.1",
        "station_m": 2970.11,
        "offset_m": 6.02,
        "desc": "",
        "comment": "Tsag/IA Name: Kamai IA, Canal Name:Kamai M.C, SN : 2+950",
        "elevation_m": 18.03,
        "photo_filename": "DSC00490.jpg",
        "photo_path": "../DCIM/10GRMN/DSC00490.jpg",
        "surveyor_comment": "Tsag/IA Name: Kamai IA, Canal Name:Kamai M.C, SN : 2+950",
        "survey_date": "2024-4-11"
      },
      "geometry": {
        "type": "Point",
        "coordinates": [
          120.821278,
          12.893686
        ]
      }
    },
    {
      "type": "Feature",
      "properties": {
        "id": 115,
        "name": "488",
        "type": "Other Structures",
        "Structure_Category": "Other Structures",
        "canal_name": "OLD INTAKE MAIN CANAL",
        "station": "STA 10+652.6",
        "station_m": 10652.56,
        "offset_m": 0.27,
        "desc": "",
        "comment": "Tsag/IA Name: Rayusan IA, Canal Name: M.C, SN : 14+272",
        "elevation_m": 21.52,
        "photo_filename": "DSC00561.jpg",
        "photo_path": "../DCIM/1000GRMN/DSC00561.jpg",
        "surveyor_comment": "Tsag/IA Name: Rayusan IA, Canal Name: M.C, SN : 14+272",
        "survey_date": "2024-4-9"
      },
      "geometry": {
        "type": "Point",
        "coordinates": [
          120.800657,
          12.895841
        ]
      }
    },
    {
      "type": "Feature",
      "properties": {
        "id": 109,
        "name": "482",
        "type": "Thresher Crossing",
        "Structure_Category": "Thresher Crossing",
        "canal_name": "OLD INTAKE MAIN CANAL",
        "station": "STA 8+995.7",
        "station_m": 8995.66,
        "offset_m": 4.87,
        "desc": "",
        "comment": "Tsag/IA Name: Rayusan IA, Canal Name: M.C, SN : 1+598",
        "elevation_m": 18.75,
        "photo_filename": "DSC00555.jpg",
        "photo_path": "../DCIM/1000GRMN/DSC00555.jpg",
        "surveyor_comment": "Tsag/IA Name: Rayusan IA, Canal Name: M.C, SN : 1+598",
        "survey_date": "2024-4-9"
      },
      "geometry": {
        "type": "Point",
        "coordinates": [
          120.815478,
          12.899126
        ]
      }
    },
    {
      "type": "Feature",
      "properties": {
        "id": 105,
        "name": "478",
        "type": "Turnout",
        "Structure_Category": "Turnout (TO)",
        "canal_name": "OLD INTAKE MAIN CANAL",
        "station": "STA 8+687.0",
        "station_m": 8686.98,
        "offset_m": 4.37,
        "desc": "",
        "comment": "Tsag/IA Name: Rayusan IA, Canal Name: M.C, SN : 12+297",
        "elevation_m": 18.09,
        "photo_filename": "DSC00549.jpg",
        "photo_path": "../DCIM/1000GRMN/DSC00549.jpg",
        "surveyor_comment": "Tsag/IA Name: Rayusan IA, Canal Name: M.C, SN : 12+297",
        "survey_date": "2024-4-9"
      },
      "geometry": {
        "type": "Point",
        "coordinates": [
          120.818279,
          12.899609
        ]
      }
    },
    {
      "type": "Feature",
      "properties": {
        "id": 102,
        "name": "475",
        "type": "Thresher Crossing",
        "Structure_Category": "Thresher Crossing",
        "canal_name": "OLD INTAKE MAIN CANAL",
        "station": "STA 8+149.1",
        "station_m": 8149.09,
        "offset_m": 6.51,
        "desc": "",
        "comment": "Tsag/IA Name: Rayusan IA, Canal Name: M.C, SN : 11+761",
        "elevation_m": 19.88,
        "photo_filename": "DSC00545.jpg",
        "photo_path": "../DCIM/1000GRMN/DSC00545.jpg",
        "surveyor_comment": "Tsag/IA Name: Rayusan IA, Canal Name: M.C, SN : 11+761",
        "survey_date": "2024-4-9"
      },
      "geometry": {
        "type": "Point",
        "coordinates": [
          120.823174,
          12.900382
        ]
      }
    },
    {
      "type": "Feature",
      "properties": {
        "id": 98,
        "name": "471",
        "type": "Thresher Crossing",
        "Structure_Category": "Thresher Crossing",
        "canal_name": "OLD INTAKE MAIN CANAL",
        "station": "STA 7+716.5",
        "station_m": 7716.46,
        "offset_m": 4.63,
        "desc": "",
        "comment": "Tsag/IA Name: Rayusan IA, Canal Name: M.C, SN : 11+318",
        "elevation_m": 19.57,
        "photo_filename": "DSC00539.jpg",
        "photo_path": "../DCIM/1000GRMN/DSC00539.jpg",
        "surveyor_comment": "Tsag/IA Name: Rayusan IA, Canal Name: M.C, SN : 11+318",
        "survey_date": "2024-4-9"
      },
      "geometry": {
        "type": "Point",
        "coordinates": [
          120.827082,
          12.901135
        ]
      }
    },
    {
      "type": "Feature",
      "properties": {
        "id": 95,
        "name": "468",
        "type": "Turnout",
        "Structure_Category": "Turnout (TO)",
        "canal_name": "OLD INTAKE MAIN CANAL",
        "station": "STA 7+555.0",
        "station_m": 7555,
        "offset_m": 8.68,
        "desc": "",
        "comment": "Tsag/IA Name: Rayusan IA, Canal Name: M.C, SN : 11+165",
        "elevation_m": 13.64,
        "photo_filename": "DSC00536.jpg",
        "photo_path": "../DCIM/1000GRMN/DSC00536.jpg",
        "surveyor_comment": "Tsag/IA Name: Rayusan IA, Canal Name: M.C, SN : 11+165",
        "survey_date": "2024-4-9"
      },
      "geometry": {
        "type": "Point",
        "coordinates": [
          120.828539,
          12.901392
        ]
      }
    },
    {
      "type": "Feature",
      "properties": {
        "id": 37,
        "name": "508",
        "type": "Drop",
        "Structure_Category": "Other Structures",
        "canal_name": "SOUTH MAIN CANAL",
        "station": "STA 3+936.9",
        "station_m": 3936.93,
        "offset_m": 0.42,
        "desc": "",
        "comment": "Tsag/IA Name:San Vic francis left & Right IA, Canal Name: South M.C, SN : 3+968",
        "elevation_m": 23.91,
        "photo_filename": "DSC00587.jpg",
        "photo_path": "../DCIM/1000GRMN/DSC00587.jpg",
        "surveyor_comment": "Tsag/IA Name:San Vic francis left & Right IA, Canal Name: South M.C, SN : 3+968",
        "survey_date": "2024-4-10"
      },
      "geometry": {
        "type": "Point",
        "coordinates": [
          120.837163,
          12.889745
        ]
      }
    },
    {
      "type": "Feature",
      "properties": {
        "id": 40,
        "name": "511",
        "type": "Other Structures",
        "Structure_Category": "Other Structures",
        "canal_name": "SOUTH MAIN CANAL",
        "station": "STA 4+468.0",
        "station_m": 4468,
        "offset_m": 3.84,
        "desc": "",
        "comment": "Tsag/IA Name:San Vic francis left & Right IA, Canal Name: South M.C, SN : 4+495",
        "elevation_m": 25.29,
        "photo_filename": "DSC00591.jpg",
        "photo_path": "../DCIM/1000GRMN/DSC00591.jpg",
        "surveyor_comment": "Tsag/IA Name:San Vic francis left & Right IA, Canal Name: South M.C, SN : 4+495",
        "survey_date": "2024-4-10"
      },
      "geometry": {
        "type": "Point",
        "coordinates": [
          120.833678,
          12.886595
        ]
      }
    },
    {
      "type": "Feature",
      "properties": {
        "id": 43,
        "name": "514",
        "type": "Turnout",
        "Structure_Category": "Turnout (TO)",
        "canal_name": "SOUTH MAIN CANAL",
        "station": "STA 4+643.2",
        "station_m": 4643.22,
        "offset_m": 10.88,
        "desc": "",
        "comment": "Tsag/IA Name:San Vic francis left & Right IA, Canal Name: South M.C, SN : 4+675",
        "elevation_m": 33.72,
        "photo_filename": "DSC00594.jpg",
        "photo_path": "../DCIM/1000GRMN/DSC00594.jpg",
        "surveyor_comment": "Tsag/IA Name:San Vic francis left & Right IA, Canal Name: South M.C, SN : 4+675",
        "survey_date": "2024-4-10"
      },
      "geometry": {
        "type": "Point",
        "coordinates": [
          120.832586,
          12.885456
        ]
      }
    },
    {
      "type": "Feature",
      "properties": {
        "id": 46,
        "name": "517",
        "type": "Road Crossing",
        "Structure_Category": "Road Crossing",
        "canal_name": "SOUTH MAIN CANAL",
        "station": "STA 4+894.9",
        "station_m": 4894.92,
        "offset_m": 0.96,
        "desc": "",
        "comment": "Tsag/IA Name:San Vic francis left & Right IA, Canal Name: South M.C, SN : 4+934",
        "elevation_m": 38.04,
        "photo_filename": "DSC00598.jpg",
        "photo_path": "../DCIM/1000GRMN/DSC00598.jpg",
        "surveyor_comment": "Tsag/IA Name:San Vic francis left & Right IA, Canal Name: South M.C, SN : 4+934",
        "survey_date": "2024-4-10"
      },
      "geometry": {
        "type": "Point",
        "coordinates": [
          120.830912,
          12.884023
        ]
      }
    },
    {
      "type": "Feature",
      "properties": {
        "id": 49,
        "name": "520",
        "type": "Drop",
        "Structure_Category": "Other Structures",
        "canal_name": "SOUTH MAIN CANAL",
        "station": "STA 5+094.0",
        "station_m": 5094.04,
        "offset_m": 3.76,
        "desc": "",
        "comment": "Tsag/IA Name:San Vic francis left & Right IA, Canal Name: South M.C, SN : 5+132",
        "elevation_m": 44.94,
        "photo_filename": "DSC00602.jpg",
        "photo_path": "../DCIM/1000GRMN/DSC00602.jpg",
        "surveyor_comment": "Tsag/IA Name:San Vic francis left & Right IA, Canal Name: South M.C, SN : 5+132",
        "survey_date": "2024-4-10"
      },
      "geometry": {
        "type": "Point",
        "coordinates": [
          120.829172,
          12.884598
        ]
      }
    },
    {
      "type": "Feature",
      "properties": {
        "id": 224,
        "name": "290",
        "type": "Head Gate",
        "Structure_Category": "Head Gate",
        "canal_name": "LATERAL B",
        "station": "STA 0+006.1",
        "station_m": 6.15,
        "offset_m": 4.86,
        "desc": "fa",
        "comment": "Tsag/IA Name: Kamai IA, Canal Name:Lateral B, SN : 0+000",
        "elevation_m": 33.36,
        "photo_filename": "DSC00442.jpg",
        "photo_path": "../DCIM/10GRMN/DSC00442.jpg",
        "surveyor_comment": "Tsag/IA Name: Kamai IA, Canal Name:Lateral B, SN : 0+000",
        "survey_date": "2024-4-10"
      },
      "geometry": {
        "type": "Point",
        "coordinates": [
          120.840419,
          12.903359
        ]
      }
    },
    {
      "type": "Feature",
      "properties": {
        "id": 56,
        "name": "Begining of Concrete Canal Lining",
        "type": "Other Structures",
        "Structure_Category": "Other Structures",
        "canal_name": "INTERIOR SPRING RIGHT MAIN CANAL",
        "station": "STA 0+020.4",
        "station_m": 20.39,
        "offset_m": 0.65,
        "desc": "",
        "comment": "Tsag/IA Name: Interior spring of San Vicente IA, Canal Name: Interior Spring right, SN: 0+010",
        "elevation_m": 21.23,
        "photo_filename": "DSC00608.jpg",
        "photo_path": "../DCIM/1000GRMN/DSC00608.jpg",
        "surveyor_comment": "Tsag/IA Name: Interior spring of San Vicente IA, Canal Name: Interior Spring right, SN: 0+010",
        "survey_date": "2024-4-11"
      },
      "geometry": {
        "type": "Point",
        "coordinates": [
          120.854919,
          12.884176
        ]
      }
    },
    {
      "type": "Feature",
      "properties": {
        "id": 146,
        "name": "Turnout",
        "type": "Turnout",
        "Structure_Category": "Turnout (TO)",
        "canal_name": "OLD INTAKE MAIN CANAL",
        "station": "STA 0+942.1",
        "station_m": 942.08,
        "offset_m": 1.37,
        "desc": "",
        "comment": "Tsag/IA Name: Cadanguehan IA, Canal Name: M.C,Lat. (N)12*53'42.6\", Long.(E) 120*53'48.07\" SN : 4+550, Remarks: Dilapidated",
        "elevation_m": 60.1,
        "photo_filename": "DSC00450.jpg",
        "photo_path": "../DCIM/1000GRMN/DSC00450.jpg",
        "surveyor_comment": "Tsag/IA Name: Cadanguehan IA, Canal Name: M.C,Lat. (N)12*53'42.6\", Long.(E) 120*53'48.07\" SN : 4+550, Remarks: Dilapidated",
        "survey_date": "2024-4-4"
      },
      "geometry": {
        "type": "Point",
        "coordinates": [
          120.885685,
          12.895167
        ]
      }
    },
    {
      "type": "Feature",
      "properties": {
        "id": 155,
        "name": "Beginning of concrete canal",
        "type": "Other Structures",
        "Structure_Category": "Other Structures",
        "canal_name": "LATERAL A",
        "station": "STA 0+015.4",
        "station_m": 15.35,
        "offset_m": 2.32,
        "desc": "",
        "comment": "Tsag/IA Name: Cadanguehan IA, Canal Name: Lateral-A,Lat. (N)12*53'50.68\", Long.(E) 120*52'31.62\" SN : 0+005, Remarks:",
        "elevation_m": 47.8,
        "photo_filename": "DSC00459.jpg",
        "photo_path": "../DCIM/1000GRMN/DSC00459.jpg",
        "surveyor_comment": "Tsag/IA Name: Cadanguehan IA, Canal Name: Lateral-A,Lat. (N)12*53'50.68\", Long.(E) 120*52'31.62\" SN : 0+005, Remarks:",
        "survey_date": "2024-4-4"
      },
      "geometry": {
        "type": "Point",
        "coordinates": [
          120.875451,
          12.897412
        ]
      }
    },
    {
      "type": "Feature",
      "properties": {
        "id": 51,
        "name": "522",
        "type": "Other Structures",
        "Structure_Category": "Other Structures",
        "canal_name": "SOUTH MAIN CANAL",
        "station": "STA 5+587.4",
        "station_m": 5587.44,
        "offset_m": 8.13,
        "desc": "",
        "comment": "Tsag/IA Name:San Vic francis left & Right IA, Canal Name: South M.C, SN : 5+617",
        "elevation_m": 30.21,
        "photo_filename": "DSC00604.jpg",
        "photo_path": "../DCIM/1000GRMN/DSC00604.jpg",
        "surveyor_comment": "Tsag/IA Name:San Vic francis left & Right IA, Canal Name: South M.C, SN : 5+617",
        "survey_date": "2024-4-10"
      },
      "geometry": {
        "type": "Point",
        "coordinates": [
          120.824752,
          12.884024
        ]
      }
    },
    {
      "type": "Feature",
      "properties": {
        "id": 271,
        "name": "337",
        "type": "Other Structures",
        "Structure_Category": "Other Structures",
        "canal_name": "KAMAI MAIN CANAL",
        "station": "STA 3+661.3",
        "station_m": 3661.31,
        "offset_m": 3.44,
        "desc": "",
        "comment": "Tsag/IA Name: Kamai IA, Canal Name:Kamai M.C, SN : 3+615",
        "elevation_m": 18.23,
        "photo_filename": "DSC00496.jpg",
        "photo_path": "../DCIM/10GRMN/DSC00496.jpg",
        "surveyor_comment": "Tsag/IA Name: Kamai IA, Canal Name:Kamai M.C, SN : 3+615",
        "survey_date": "2024-4-11"
      },
      "geometry": {
        "type": "Point",
        "coordinates": [
          120.815132,
          12.892156
        ]
      }
    },
    {
      "type": "Feature",
      "properties": {
        "id": 33,
        "name": "504",
        "type": "Turnout",
        "Structure_Category": "Turnout (TO)",
        "canal_name": "SOUTH MAIN CANAL",
        "station": "STA 3+656.2",
        "station_m": 3656.2,
        "offset_m": 1.27,
        "desc": "",
        "comment": "Tsag/IA Name:San Vic francis left & Right IA, Canal Name: South M.C, SN : 3+680",
        "elevation_m": 26.21,
        "photo_filename": "DSC00582.jpg",
        "photo_path": "../DCIM/1000GRMN/DSC00582.jpg",
        "surveyor_comment": "Tsag/IA Name:San Vic francis left & Right IA, Canal Name: South M.C, SN : 3+680",
        "survey_date": "2024-4-10"
      },
      "geometry": {
        "type": "Point",
        "coordinates": [
          120.838301,
          12.892023
        ]
      }
    },
    {
      "type": "Feature",
      "properties": {
        "id": 32,
        "name": "503",
        "type": "Other Structures",
        "Structure_Category": "Other Structures",
        "canal_name": "SOUTH MAIN CANAL",
        "station": "STA 3+586.6",
        "station_m": 3586.57,
        "offset_m": 1.21,
        "desc": "",
        "comment": "Tsag/IA Name:San Vic francis left & Right IA, Canal Name: South M.C, SN : 3+609",
        "elevation_m": 26.84,
        "photo_filename": "DSC00581.jpg",
        "photo_path": "../DCIM/1000GRMN/DSC00581.jpg",
        "surveyor_comment": "Tsag/IA Name:San Vic francis left & Right IA, Canal Name: South M.C, SN : 3+609",
        "survey_date": "2024-4-10"
      },
      "geometry": {
        "type": "Point",
        "coordinates": [
          120.838775,
          12.892429
        ]
      }
    },
    {
      "type": "Feature",
      "properties": {
        "id": 29,
        "name": "500",
        "type": "Road Crossing",
        "Structure_Category": "Road Crossing",
        "canal_name": "SOUTH MAIN CANAL",
        "station": "STA 3+114.6",
        "station_m": 3114.62,
        "offset_m": 2.67,
        "desc": "",
        "comment": "Tsag/IA Name:San Vic francis left & Right IA, Canal Name: South M.C, SN : 3+968",
        "elevation_m": 30.22,
        "photo_filename": "DSC00576.jpg",
        "photo_path": "../DCIM/1000GRMN/DSC00576.jpg",
        "surveyor_comment": "Tsag/IA Name:San Vic francis left & Right IA, Canal Name: South M.C, SN : 3+968",
        "survey_date": "2024-4-10"
      },
      "geometry": {
        "type": "Point",
        "coordinates": [
          120.842863,
          12.893847
        ]
      }
    },
    {
      "type": "Feature",
      "properties": {
        "id": 121,
        "name": "494",
        "type": "Turnout",
        "Structure_Category": "Turnout (TO)",
        "canal_name": "SOUTH MAIN CANAL",
        "station": "STA 2+586.8",
        "station_m": 2586.77,
        "offset_m": 5.53,
        "desc": "",
        "comment": "Tsag/IA Name:San Vic francis left & Right IA, Canal Name: South M.C, SN : 2+605",
        "elevation_m": 39.56,
        "photo_filename": "DSC00568.jpg",
        "photo_path": "../DCIM/1000GRMN/DSC00568.jpg",
        "surveyor_comment": "Tsag/IA Name:San Vic francis left & Right IA, Canal Name: South M.C, SN : 2+605",
        "survey_date": "2024-4-9"
      },
      "geometry": {
        "type": "Point",
        "coordinates": [
          120.847617,
          12.894831
        ]
      }
    },
    {
      "type": "Feature",
      "properties": {
        "id": 118,
        "name": "491",
        "type": "Drop",
        "Structure_Category": "Other Structures",
        "canal_name": "SOUTH MAIN CANAL",
        "station": "STA 2+053.7",
        "station_m": 2053.67,
        "offset_m": 0.14,
        "desc": "",
        "comment": "Tsag/IA Name:San Vic francis left & Right IA, Canal Name: South M.C, SN : 2+053",
        "elevation_m": 36.25,
        "photo_filename": "DSC00564.jpg",
        "photo_path": "../DCIM/1000GRMN/DSC00564.jpg",
        "surveyor_comment": "Tsag/IA Name:San Vic francis left & Right IA, Canal Name: South M.C, SN : 2+053",
        "survey_date": "2024-4-9"
      },
      "geometry": {
        "type": "Point",
        "coordinates": [
          120.85241,
          12.895026
        ]
      }
    },
    {
      "type": "Feature",
      "properties": {
        "id": 66,
        "name": "537",
        "type": "Other Structures",
        "Structure_Category": "Other Structures",
        "canal_name": "INTERIOR SPRING RIGHT MAIN CANAL",
        "station": "STA 1+277.4",
        "station_m": 1277.36,
        "offset_m": 0.11,
        "desc": "",
        "comment": "sag/IA Name: Interrior of San Vicente IA, Canal Name: Interior Spring Right, SN: 1+264",
        "elevation_m": 21.95,
        "photo_filename": "DSC00621.jpg",
        "photo_path": "../DCIM/1000GRMN/DSC00621.jpg",
        "surveyor_comment": "sag/IA Name: Interrior of San Vicente IA, Canal Name: Interior Spring Right, SN: 1+264",
        "survey_date": "2024-4-11"
      },
      "geometry": {
        "type": "Point",
        "coordinates": [
          120.843722,
          12.883423
        ]
      }
    },
    {
      "type": "Feature",
      "properties": {
        "id": 60,
        "name": "531",
        "type": "Turnout",
        "Structure_Category": "Turnout (TO)",
        "canal_name": "INTERIOR SPRING RIGHT MAIN CANAL",
        "station": "STA 0+351.3",
        "station_m": 351.3,
        "offset_m": 1.63,
        "desc": "",
        "comment": "sag/IA Name: Interrior of San Vicente IA, Canal Name: Interior Spring Right, SN: 0+340",
        "elevation_m": 22.27,
        "photo_filename": "DSC00614.jpg",
        "photo_path": "../DCIM/1000GRMN/DSC00614.jpg",
        "surveyor_comment": "sag/IA Name: Interrior of San Vicente IA, Canal Name: Interior Spring Right, SN: 0+340",
        "survey_date": "2024-4-11"
      },
      "geometry": {
        "type": "Point",
        "coordinates": [
          120.851971,
          12.884651
        ]
      }
    },
    {
      "type": "Feature",
      "properties": {
        "id": 58,
        "name": "529",
        "type": "Turnout",
        "Structure_Category": "Turnout (TO)",
        "canal_name": "INTERIOR SPRING RIGHT MAIN CANAL",
        "station": "STA 0+179.3",
        "station_m": 179.28,
        "offset_m": 2.06,
        "desc": "",
        "comment": "sag/IA Name: Interior spring of San Vicente IA, Canal Name: Interior Spring Right, SN: 0+167",
        "elevation_m": 25.25,
        "photo_filename": "DSC00612.jpg",
        "photo_path": "../DCIM/1000GRMN/DSC00612.jpg",
        "surveyor_comment": "sag/IA Name: Interior spring of San Vicente IA, Canal Name: Interior Spring Right, SN: 0+167",
        "survey_date": "2024-4-11"
      },
      "geometry": {
        "type": "Point",
        "coordinates": [
          120.853509,
          12.884289
        ]
      }
    },
    {
      "type": "Feature",
      "properties": {
        "id": 2,
        "name": "565",
        "type": "Intake",
        "Structure_Category": "Inlet",
        "canal_name": "PULONG CATMON MAIN CANAL",
        "station": "STA 0+343.3",
        "station_m": 343.28,
        "offset_m": 4.95,
        "desc": "fa",
        "comment": "Tsag/IA Name: Pulong Catmon IA, Canal Name: New intake left side, SN : 0+333",
        "elevation_m": 44.3,
        "photo_filename": "DSC00651.jpg",
        "photo_path": "../DCIM/1000GRMN/DSC00651.jpg",
        "surveyor_comment": "Tsag/IA Name: Pulong Catmon IA, Canal Name: New intake left side, SN : 0+333",
        "survey_date": "2024-4-12"
      },
      "geometry": {
        "type": "Point",
        "coordinates": [
          120.887853,
          12.903445
        ]
      }
    },
    {
      "type": "Feature",
      "properties": {
        "id": 71,
        "name": "542",
        "type": "Intake",
        "Structure_Category": "Inlet",
        "canal_name": "PULONG CATMON MAIN CANAL",
        "station": "STA 0+029.6",
        "station_m": 29.56,
        "offset_m": 1.85,
        "desc": "fa",
        "comment": "Tsag/IA Name: Pulong Catmon IA, Canal Name: old intake, SN : 0+010",
        "elevation_m": 52.85,
        "photo_filename": "DSC00627.jpg",
        "photo_path": "../DCIM/1000GRMN/DSC00627.jpg",
        "surveyor_comment": "Tsag/IA Name: Pulong Catmon IA, Canal Name: old intake, SN : 0+010",
        "survey_date": "2024-4-11"
      },
      "geometry": {
        "type": "Point",
        "coordinates": [
          120.890397,
          12.902581
        ]
      }
    },
    {
      "type": "Feature",
      "properties": {
        "id": 279,
        "name": "345",
        "type": "Intake",
        "Structure_Category": "Inlet",
        "canal_name": "UPIT LEFT MAIN CANAL",
        "station": "STA 0+000.0",
        "station_m": 0,
        "offset_m": 17.87,
        "desc": "fa",
        "comment": "Tsag/IA Name: Uppet IA, Canal Name: Uppet M.C, SN: 0+000",
        "elevation_m": 15.94,
        "photo_filename": "DSC00500.jpg",
        "photo_path": "../DCIM/10GRMN/DSC00500.jpg",
        "surveyor_comment": "Tsag/IA Name: Uppet IA, Canal Name: Uppet M.C, SN: 0+000",
        "survey_date": "2024-4-11"
      },
      "geometry": {
        "type": "Point",
        "coordinates": [
          120.820817,
          12.88818
        ]
      }
    },
    {
      "type": "Feature",
      "properties": {
        "id": 69,
        "name": "540",
        "type": "Intake",
        "Structure_Category": "Inlet",
        "canal_name": "PULONG CATMON MAIN CANAL",
        "station": "STA 0+013.7",
        "station_m": 13.73,
        "offset_m": 2.73,
        "desc": "fa",
        "comment": "Tsag/IA Name: Pulong Catmon IA, Canal Name: old intake, SN : 0+000",
        "elevation_m": 49.31,
        "photo_filename": "DSC00626.jpg",
        "photo_path": "../DCIM/1000GRMN/DSC00626.jpg",
        "surveyor_comment": "Tsag/IA Name: Pulong Catmon IA, Canal Name: old intake, SN : 0+000",
        "survey_date": "2024-4-11"
      },
      "geometry": {
        "type": "Point",
        "coordinates": [
          120.890538,
          12.902636
        ]
      }
    },
    {
      "type": "Feature",
      "properties": {
        "id": 281,
        "name": "347",
        "type": "Intake",
        "Structure_Category": "Inlet",
        "canal_name": "UPIT LEFT MAIN CANAL",
        "station": "STA 0+033.1",
        "station_m": 33.1,
        "offset_m": 2.08,
        "desc": "fa",
        "comment": "Tsag/IA Name: Uppit IA, Canal Name: Uppit M.C, SN: 0+000",
        "elevation_m": 13.84,
        "photo_filename": "DSC00503.jpg",
        "photo_path": "../DCIM/10GRMN/DSC00503.jpg",
        "surveyor_comment": "Tsag/IA Name: Uppit IA, Canal Name: Uppit M.C, SN: 0+000",
        "survey_date": "2024-4-11"
      },
      "geometry": {
        "type": "Point",
        "coordinates": [
          120.820658,
          12.887746
        ]
      }
    },
    {
      "type": "Feature",
      "properties": {
        "id": 54,
        "name": "525",
        "type": "Intake",
        "Structure_Category": "Inlet",
        "canal_name": "INTERIOR SPRING RIGHT MAIN CANAL",
        "station": "STA 0+006.5",
        "station_m": 6.46,
        "offset_m": 1.64,
        "desc": "fa",
        "comment": "Tsag/IA Name: Interior spring of San Vicente IA, Canal Name: Interior spring right, SN: 0+000",
        "elevation_m": 23.28,
        "photo_filename": "DSC00606.jpg",
        "photo_path": "../DCIM/1000GRMN/DSC00606.jpg",
        "surveyor_comment": "Tsag/IA Name: Interior spring of San Vicente IA, Canal Name: Interior spring right, SN: 0+000",
        "survey_date": "2024-4-11"
      },
      "geometry": {
        "type": "Point",
        "coordinates": [
          120.855032,
          12.884168
        ]
      }
    },
    {
      "type": "Feature",
      "properties": {
        "id": 232,
        "name": "Turn-Out",
        "type": "Turnout",
        "Structure_Category": "Turnout (TO)",
        "canal_name": "KAMAI MAIN CANAL",
        "station": "STA 0+166.4",
        "station_m": 166.43,
        "offset_m": 2.45,
        "desc": "",
        "comment": "TSAG/ IA NAME: KAMAI IA, CANAL NAME: KAMAI MAIN CANAL, SN : 0+165",
        "elevation_m": -41.62,
        "photo_filename": "DSC00451.jpg",
        "photo_path": "../DCIM/10GRMN/DSC00451.jpg",
        "surveyor_comment": "TSAG/ IA NAME: KAMAI IA, CANAL NAME: KAMAI MAIN CANAL, SN : 0+165",
        "survey_date": "2024-4-11"
      },
      "geometry": {
        "type": "Point",
        "coordinates": [
          120.844746,
          12.900022
        ]
      }
    },
    {
      "type": "Feature",
      "properties": {
        "id": 137,
        "name": "Thresher crossing",
        "type": "Thresher Crossing",
        "Structure_Category": "Thresher Crossing",
        "canal_name": "AMNAY PATRICK MAIN CANAL",
        "station": "STA 2+693.1",
        "station_m": 2693.14,
        "offset_m": 3.17,
        "desc": "",
        "comment": "Tsag/IA Name: Cadanguehan IA, Canal Name: Amnay-Patrick M.C,Lat. (N)12*53'09.78\", Long.(E) 120*53'54.23\" SN : 2+708, Remarks: with abbration",
        "elevation_m": 69.26,
        "photo_filename": "DSC00439.jpg",
        "photo_path": "../DCIM/1000GRMN/DSC00439.jpg",
        "surveyor_comment": "Tsag/IA Name: Cadanguehan IA, Canal Name: Amnay-Patrick M.C,Lat. (N)12*53'09.78\", Long.(E) 120*53'54.23\" SN : 2+708, Remarks: with abbration",
        "survey_date": "2024-4-4"
      },
      "geometry": {
        "type": "Point",
        "coordinates": [
          120.898396,
          12.88605
        ]
      }
    },
    {
      "type": "Feature",
      "properties": {
        "id": 125,
        "name": "Intake & beginning of concrete barrel",
        "type": "Intake",
        "Structure_Category": "Inlet",
        "canal_name": "AMNAY PATRICK MAIN CANAL",
        "station": "STA 0+000.0",
        "station_m": 0,
        "offset_m": 0.78,
        "desc": "fa",
        "comment": "Tsag/IA Name: Cadanguehan IA, Canal Name: Amnay-Patrick M.C, Lat. (N)12*52'36.12\", Long.(E) 120*55'01.6\",SN : 0+000",
        "elevation_m": 93.7,
        "photo_filename": "DSC00422.jpg",
        "photo_path": "../DCIM/1000GRMN/DSC00422.jpg",
        "surveyor_comment": "Tsag/IA Name: Cadanguehan IA, Canal Name: Amnay-Patrick M.C, Lat. (N)12*52'36.12\", Long.(E) 120*55'01.6\",SN : 0+000",
        "survey_date": "2024-4-4"
      },
      "geometry": {
        "type": "Point",
        "coordinates": [
          120.917071,
          12.876726
        ]
      }
    },
    {
      "type": "Feature",
      "properties": {
        "id": 126,
        "name": "End of concrete barrel / Beginning of trapezoidal canal",
        "type": "Other Structures",
        "Structure_Category": "Other Structures",
        "canal_name": "AMNAY PATRICK MAIN CANAL",
        "station": "STA 0+449.5",
        "station_m": 449.51,
        "offset_m": 2.34,
        "desc": "",
        "comment": "Tsag/IA Name: Cadanguehan IA, Canal Name: Amnay-Patrick M.C,Lat. (N)12*52'34.43\", Long.(E) 120*54'48.34\" SN : 0+472, Remarks: Silted",
        "elevation_m": 91.12,
        "photo_filename": "DSC00425.jpg",
        "photo_path": "../DCIM/1000GRMN/DSC00425.jpg",
        "surveyor_comment": "Tsag/IA Name: Cadanguehan IA, Canal Name: Amnay-Patrick M.C,Lat. (N)12*52'34.43\", Long.(E) 120*54'48.34\" SN : 0+472, Remarks: Silted",
        "survey_date": "2024-4-4"
      },
      "geometry": {
        "type": "Point",
        "coordinates": [
          120.913429,
          12.87623
        ]
      }
    },
    {
      "type": "Feature",
      "properties": {
        "id": 127,
        "name": "End of trapezoidal /Beginning of concrete canal",
        "type": "Other Structures",
        "Structure_Category": "Other Structures",
        "canal_name": "AMNAY PATRICK MAIN CANAL",
        "station": "STA 1+061.3",
        "station_m": 1061.3,
        "offset_m": 7.23,
        "desc": "",
        "comment": "Tsag/IA Name: Cadanguehan IA, Canal Name: Amnay-Patrick M.C, Lat. (N)12*52'40.02\", Long.(E) 120*54'28.98\",SN : 1+078, Remarks: Silted & Vegetated",
        "elevation_m": 89.22,
        "photo_filename": "DSC00428.jpg",
        "photo_path": "../DCIM/1000GRMN/DSC00428.jpg",
        "surveyor_comment": "Tsag/IA Name: Cadanguehan IA, Canal Name: Amnay-Patrick M.C, Lat. (N)12*52'40.02\", Long.(E) 120*54'28.98\",SN : 1+078, Remarks: Silted & Vegetated",
        "survey_date": "2024-4-4"
      },
      "geometry": {
        "type": "Point",
        "coordinates": [
          120.908049,
          12.877784
        ]
      }
    },
    {
      "type": "Feature",
      "properties": {
        "id": 130,
        "name": "Combination of turnout (both sides) with road crossing",
        "type": "Turnout",
        "Structure_Category": "Road Crossing",
        "canal_name": "AMNAY PATRICK MAIN CANAL",
        "station": "STA 1+194.7",
        "station_m": 1194.66,
        "offset_m": 3.14,
        "desc": "",
        "comment": "Tsag/IA Name: Cadanguehan IA, Canal Name: Amnay-Patrick M.C, Lat. (N)12*52'41.30\", Long.(E) 120*54'24.74\",SN : 1+223, Remarks:",
        "elevation_m": 86.24,
        "photo_filename": "DSC00432.jpg",
        "photo_path": "../DCIM/1000GRMN/DSC00432.jpg",
        "surveyor_comment": "Tsag/IA Name: Cadanguehan IA, Canal Name: Amnay-Patrick M.C, Lat. (N)12*52'41.30\", Long.(E) 120*54'24.74\",SN : 1+223, Remarks:",
        "survey_date": "2024-4-4"
      },
      "geometry": {
        "type": "Point",
        "coordinates": [
          120.906872,
          12.878139
        ]
      }
    },
    {
      "type": "Feature",
      "properties": {
        "id": 53,
        "name": "Sluice Gate",
        "type": "Other Structures",
        "Structure_Category": "Other Structures",
        "canal_name": "INTERIOR SPRING RIGHT MAIN CANAL",
        "station": "STA 0+000.5",
        "station_m": 0.53,
        "offset_m": 5.83,
        "desc": "",
        "comment": "Tsag/IA Name: Interior spring of San Vicente IA, Canal Name: Interior spring left & right, SN: 0+000",
        "elevation_m": 24.27,
        "photo_filename": "DSC00605.jpg",
        "photo_path": "../DCIM/1000GRMN/DSC00605.jpg",
        "surveyor_comment": "Tsag/IA Name: Interior spring of San Vicente IA, Canal Name: Interior spring left & right, SN: 0+000",
        "survey_date": "2024-4-11"
      },
      "geometry": {
        "type": "Point",
        "coordinates": [
          120.855059,
          12.884108
        ]
      }
    },
    {
      "type": "Feature",
      "properties": {
        "id": 63,
        "name": "Concrete Canal Lining",
        "type": "Other Structures",
        "Structure_Category": "Other Structures",
        "canal_name": "INTERIOR SPRING RIGHT MAIN CANAL",
        "station": "STA 0+703.0",
        "station_m": 703.01,
        "offset_m": 0.09,
        "desc": "",
        "comment": "sag/IA Name: Interrior of San Vicente IA, Canal Name: Interior Spring Right, SN: 0+698",
        "elevation_m": 25.32,
        "photo_filename": "DSC00618.jpg",
        "photo_path": "../DCIM/1000GRMN/DSC00618.jpg",
        "surveyor_comment": "sag/IA Name: Interrior of San Vicente IA, Canal Name: Interior Spring Right, SN: 0+698",
        "survey_date": "2024-4-11"
      },
      "geometry": {
        "type": "Point",
        "coordinates": [
          120.84885,
          12.883971
        ]
      }
    },
    {
      "type": "Feature",
      "properties": {
        "id": 135,
        "name": "Main Canal with Illigal turnout",
        "type": "Unauthorized Turnout",
        "Structure_Category": "Turnout (TO)",
        "canal_name": "AMNAY PATRICK MAIN CANAL",
        "station": "STA 1+844.1",
        "station_m": 1844.06,
        "offset_m": 13.24,
        "desc": "",
        "comment": "Tsag/IA Name: Cadanguehan IA, Canal Name: Amnay-Patrick M.C,Lat. (N)12*52'46.38\", Long.(E) 120*54'06.03\" SN : , Remarks:Illigal turnout",
        "elevation_m": 75.43,
        "photo_filename": "DSC00437.jpg",
        "photo_path": "../DCIM/1000GRMN/DSC00437.jpg",
        "surveyor_comment": "Tsag/IA Name: Cadanguehan IA, Canal Name: Amnay-Patrick M.C,Lat. (N)12*52'46.38\", Long.(E) 120*54'06.03\" SN : , Remarks:Illigal turnout",
        "survey_date": "2024-4-4"
      },
      "geometry": {
        "type": "Point",
        "coordinates": [
          120.901675,
          12.879549
        ]
      }
    },
    {
      "type": "Feature",
      "properties": {
        "id": 143,
        "name": "Road crossing",
        "type": "Road Crossing",
        "Structure_Category": "Road Crossing",
        "canal_name": "OLD INTAKE MAIN CANAL",
        "station": "STA 0+009.3",
        "station_m": 9.35,
        "offset_m": 4.23,
        "desc": "",
        "comment": "Tsag/IA Name: Cadanguehan IA, Canal Name: M.C,Lat. (N)12*53'33.71\", Long.(E) 120*53'38.08\" SN : 3+612, Remarks:",
        "elevation_m": 61.78,
        "photo_filename": "DSC00447.jpg",
        "photo_path": "../DCIM/1000GRMN/DSC00447.jpg",
        "surveyor_comment": "Tsag/IA Name: Cadanguehan IA, Canal Name: M.C,Lat. (N)12*53'33.71\", Long.(E) 120*53'38.08\" SN : 3+612, Remarks:",
        "survey_date": "2028-4-4"
      },
      "geometry": {
        "type": "Point",
        "coordinates": [
          120.893901,
          12.892701
        ]
      }
    },
    {
      "type": "Feature",
      "properties": {
        "id": 144,
        "name": "Turnout (right side) Beg. of trapezoidal canal",
        "type": "Turnout",
        "Structure_Category": "Turnout (TO)",
        "canal_name": "OLD INTAKE MAIN CANAL",
        "station": "STA 0+313.0",
        "station_m": 313.04,
        "offset_m": 0.42,
        "desc": "",
        "comment": "Tsag/IA Name: Cadanguehan IA, Canal Name: M.C,Lat. (N)12*53'36.74\", Long.(E) 120*53'28.45\" SN : 3+914, Remarks:Dilapidated / No steel gate",
        "elevation_m": 45.61,
        "photo_filename": "DSC00448.jpg",
        "photo_path": "../DCIM/1000GRMN/DSC00448.jpg",
        "surveyor_comment": "Tsag/IA Name: Cadanguehan IA, Canal Name: M.C,Lat. (N)12*53'36.74\", Long.(E) 120*53'28.45\" SN : 3+914, Remarks:Dilapidated / No steel gate",
        "survey_date": "2024-4-4"
      },
      "geometry": {
        "type": "Point",
        "coordinates": [
          120.891236,
          12.893538
        ]
      }
    },
    {
      "type": "Feature",
      "properties": {
        "id": 148,
        "name": "Comb. thresher crossing and drop structure",
        "type": "Thresher Crossing",
        "Structure_Category": "Thresher Crossing",
        "canal_name": "OLD INTAKE MAIN CANAL",
        "station": "STA 0+980.2",
        "station_m": 980.21,
        "offset_m": 3.63,
        "desc": "",
        "comment": "Tsag/IA Name: Cadanguehan IA, Canal Name: M.C,Lat. (N)12*53'42.91\", Long.(E) 120*53'07.23\" SN : 4+590, Remarks: No steel gate",
        "elevation_m": 62.66,
        "photo_filename": "DSC00452.jpg",
        "photo_path": "../DCIM/1000GRMN/DSC00452.jpg",
        "surveyor_comment": "Tsag/IA Name: Cadanguehan IA, Canal Name: M.C,Lat. (N)12*53'42.91\", Long.(E) 120*53'07.23\" SN : 4+590, Remarks: No steel gate",
        "survey_date": "2024-4-4"
      },
      "geometry": {
        "type": "Point",
        "coordinates": [
          120.885343,
          12.895252
        ]
      }
    },
    {
      "type": "Feature",
      "properties": {
        "id": 150,
        "name": "Main canal with Illigal turnout",
        "type": "Unauthorized Turnout",
        "Structure_Category": "Turnout (TO)",
        "canal_name": "OLD INTAKE MAIN CANAL",
        "station": "STA 1+665.1",
        "station_m": 1665.12,
        "offset_m": 11.79,
        "desc": "",
        "comment": "Tsag/IA Name: Cadanguehan IA, Canal Name: M.C,Lat. (N)12*53'49.38\", Long.(E) 120*53'45.50\" SN : 5+266, Remarks: Illigal turnout both side",
        "elevation_m": 50.67,
        "photo_filename": "DSC00454.jpg",
        "photo_path": "../DCIM/1000GRMN/DSC00454.jpg",
        "surveyor_comment": "Tsag/IA Name: Cadanguehan IA, Canal Name: M.C,Lat. (N)12*53'49.38\", Long.(E) 120*53'45.50\" SN : 5+266, Remarks: Illigal turnout both side",
        "survey_date": "2024-4-4"
      },
      "geometry": {
        "type": "Point",
        "coordinates": [
          120.879306,
          12.897051
        ]
      }
    },
    {
      "type": "Feature",
      "properties": {
        "id": 156,
        "name": "End of concrete canal / Beg. of Earth canal",
        "type": "Other Structures",
        "Structure_Category": "Other Structures",
        "canal_name": "LATERAL A",
        "station": "STA 0+170.7",
        "station_m": 170.68,
        "offset_m": 2.34,
        "desc": "",
        "comment": "Tsag/IA Name: Cadanguehan IA, Canal Name: Lateral A,Lat. (N)12*53'47.33\", Long.(E) 120*52'27.83\" SN : 0+165, Remarks:",
        "elevation_m": 45.25,
        "photo_filename": "DSC00460.jpg",
        "photo_path": "../DCIM/1000GRMN/DSC00460.jpg",
        "surveyor_comment": "Tsag/IA Name: Cadanguehan IA, Canal Name: Lateral A,Lat. (N)12*53'47.33\", Long.(E) 120*52'27.83\" SN : 0+165, Remarks:",
        "survey_date": "2024-4-4"
      },
      "geometry": {
        "type": "Point",
        "coordinates": [
          120.874398,
          12.89648
        ]
      }
    },
    {
      "type": "Feature",
      "properties": {
        "id": 154,
        "name": "Road crossing",
        "type": "Road Crossing",
        "Structure_Category": "Road Crossing",
        "canal_name": "LATERAL A",
        "station": "STA 0+012.4",
        "station_m": 12.36,
        "offset_m": 4.31,
        "desc": "",
        "comment": "Tsag/IA Name: Cadanguehan IA, Canal Name: Lateral A,Lat. (N)12*53'50.68\", Long.(E) 120*52'31.74\" SN : 0+002, Remarks:",
        "elevation_m": 49.26,
        "photo_filename": "DSC00458.jpg",
        "photo_path": "../DCIM/1000GRMN/DSC00458.jpg",
        "surveyor_comment": "Tsag/IA Name: Cadanguehan IA, Canal Name: Lateral A,Lat. (N)12*53'50.68\", Long.(E) 120*52'31.74\" SN : 0+002, Remarks:",
        "survey_date": "2024-4-4"
      },
      "geometry": {
        "type": "Point",
        "coordinates": [
          120.875484,
          12.89741
        ]
      }
    },
    {
      "type": "Feature",
      "properties": {
        "id": 153,
        "name": "Comb. Turnout & Head gate",
        "type": "Head Gate",
        "Structure_Category": "Head Gate",
        "canal_name": "LATERAL A",
        "station": "STA 0+007.6",
        "station_m": 7.56,
        "offset_m": 2.74,
        "desc": "fa",
        "comment": "Tsag/IA Name: Cadanguehan IA, Canal Name: Lateral-A,Lat. (N)12*53'50.80\", Long.(E) 120*53'31.85\" SN : 0+000,",
        "elevation_m": 47.4,
        "photo_filename": "DSC00457.jpg",
        "photo_path": "../DCIM/1000GRMN/DSC00457.jpg",
        "surveyor_comment": "Tsag/IA Name: Cadanguehan IA, Canal Name: Lateral-A,Lat. (N)12*53'50.80\", Long.(E) 120*53'31.85\" SN : 0+000,",
        "survey_date": "2024-4-4"
      },
      "geometry": {
        "type": "Point",
        "coordinates": [
          120.875515,
          12.897444
        ]
      }
    },
    {
      "type": "Feature",
      "properties": {
        "id": 158,
        "name": "End of Earth canal / Beginning of trapezoidal canal",
        "type": "Other Structures",
        "Structure_Category": "Other Structures",
        "canal_name": "LATERAL A",
        "station": "STA 0+318.7",
        "station_m": 318.73,
        "offset_m": 5.16,
        "desc": "",
        "comment": "Tsag/IA Name: Cadanguehan IA, Canal Name: Lateral A,Lat. (N)12*53'23.83\", Long.(E) 120*52'23.48\" SN : 1+008, Remarks:Vegetated",
        "elevation_m": 51.22,
        "photo_filename": "DSC00470.jpg",
        "photo_path": "../DCIM/1000GRMN/DSC00470.jpg",
        "surveyor_comment": "Tsag/IA Name: Cadanguehan IA, Canal Name: Lateral A,Lat. (N)12*53'23.83\", Long.(E) 120*52'23.48\" SN : 1+008, Remarks:Vegetated",
        "survey_date": "2024-5-4"
      },
      "geometry": {
        "type": "Point",
        "coordinates": [
          120.87393,
          12.895244
        ]
      }
    }
  ]
}