{
  "type": "FeatureCollection",
  "name": "BBRIS_structures",
  "crs": {
    "type": "name",
    "properties": {
      "name": "urn:ogc:def:crs:OGC:1.3:CRS84"
    }
  },
  "features": [
    {
      "type": "Feature",
      "id": 96,
      "geometry": {
        "type": "Point",
        "coordinates": [
          121.165281,
          13.36415
        ]
      },
      "properties": {
        "id": 96,
        "name": "MAIN CANAL THRESHER CROSSING (17+780)",
        "type": "Thresher Crossing",
        "structure": "THRESHER CROSSING",
        "station": "STA 17+780.0",
        "stationing": null,
        "ele": 15.186,
        "images": "DSC00525.jpg",
        "desc": null,
        "comment": null,
        "time": "2023-05-04",
        "Structure_Category": "Thresher Crossing",
        "canal_name": "MAIN CANAL",
        "station_m": 17780,
        "elevation_m": 15.186
      }
    },
    {
      "type": "Feature",
      "id": 100,
      "geometry": {
        "type": "Point",
        "coordinates": [
          121.163068,
          13.366911
        ]
      },
      "properties": {
        "id": 100,
        "name": "MAIN CANAL THRESHER CROSSING (18+170)",
        "type": "Thresher Crossing",
        "structure": "THRESHER CROSSING",
        "station": "STA 18+170.0",
        "stationing": null,
        "ele": 14.032,
        "images": "DSC00529.jpg",
        "desc": null,
        "comment": null,
        "time": "2023-05-04",
        "Structure_Category": "Thresher Crossing",
        "canal_name": "MAIN CANAL",
        "station_m": 18170,
        "elevation_m": 14.032
      }
    },
    {
      "type": "Feature",
      "id": 101,
      "geometry": {
        "type": "Point",
        "coordinates": [
          121.161764,
          13.368545
        ]
      },
      "properties": {
        "id": 101,
        "name": "MAIN CANAL THRESHER CROSSING (18+404)",
        "type": "Thresher Crossing",
        "structure": "THRESHER CROSSING",
        "station": "STA 18+404.0",
        "stationing": null,
        "ele": 14.141,
        "images": "DSC00530.jpg",
        "desc": null,
        "comment": null,
        "time": "2023-05-04",
        "Structure_Category": "Thresher Crossing",
        "canal_name": "MAIN CANAL",
        "station_m": 18404,
        "elevation_m": 14.141
      }
    },
    {
      "type": "Feature",
      "id": 106,
      "geometry": {
        "type": "Point",
        "coordinates": [
          121.161067,
          13.372502
        ]
      },
      "properties": {
        "id": 106,
        "name": "MAIN CANAL THRESHER CROSSING (18+878)",
        "type": "Thresher Crossing",
        "structure": "THRESHER CROSSING",
        "station": "STA 18+878.0",
        "stationing": null,
        "ele": 18.403,
        "images": "DSC00535.jpg",
        "desc": null,
        "comment": null,
        "time": "2023-05-05",
        "Structure_Category": "Thresher Crossing",
        "canal_name": "MAIN CANAL",
        "station_m": 18878,
        "elevation_m": 18.403
      }
    },
    {
      "type": "Feature",
      "id": 115,
      "geometry": {
        "type": "Point",
        "coordinates": [
          121.157623,
          13.3867
        ]
      },
      "properties": {
        "id": 115,
        "name": "MAIN CANAL THRESHER CROSSING (20+614)",
        "type": "Thresher Crossing",
        "structure": "THRESHER CROSSING",
        "station": "STA 20+614.0",
        "stationing": null,
        "ele": 40.979,
        "images": "DSC00544.jpg",
        "desc": null,
        "comment": null,
        "time": "2023-05-08",
        "Structure_Category": "Thresher Crossing",
        "canal_name": "MAIN CANAL",
        "station_m": 20614,
        "elevation_m": 40.979
      }
    },
    {
      "type": "Feature",
      "id": 103,
      "geometry": {
        "type": "Point",
        "coordinates": [
          121.161723,
          13.369746
        ]
      },
      "properties": {
        "id": 103,
        "name": "MAIN CANAL OUTLET SIPHON (18+532)",
        "type": "Siphon",
        "structure": "OUTLET SIPHON",
        "station": "STA 18+532.0",
        "stationing": null,
        "ele": 10.905,
        "images": "DSC00532.jpg",
        "desc": null,
        "comment": null,
        "time": "2023-05-04",
        "Structure_Category": "Siphon",
        "canal_name": "MAIN CANAL",
        "station_m": 18532,
        "elevation_m": 10.905
      }
    },
    {
      "type": "Feature",
      "id": 163,
      "geometry": {
        "type": "Point",
        "coordinates": [
          121.154703,
          13.332868
        ]
      },
      "properties": {
        "id": 163,
        "name": "LATERAL D OUTLET ROAD CROSSING (1+196.7)",
        "type": "Outlet",
        "structure": "OUTLET RD X-ING",
        "station": "STA 1+196.7",
        "stationing": null,
        "ele": -25.311,
        "images": "DSC00590.jpg",
        "desc": null,
        "comment": null,
        "time": "2023-05-10",
        "Structure_Category": "Outlet",
        "canal_name": "LATERAL D",
        "station_m": 1196.7,
        "elevation_m": -25.311
      }
    },
    {
      "type": "Feature",
      "id": 681,
      "geometry": {
        "type": "Point",
        "coordinates": [
          121.14424,
          13.324282
        ]
      },
      "properties": {
        "id": 681,
        "name": "LATERAL A4 OUTLET (0+000)",
        "type": "Outlet",
        "structure": "OUTLET",
        "station": "STA 0+000.0",
        "stationing": null,
        "ele": 102.923,
        "images": "DSC00930.jpg",
        "desc": null,
        "comment": null,
        "time": "2023-07-24",
        "Structure_Category": "Outlet",
        "canal_name": "LATERAL A",
        "station_m": 0,
        "elevation_m": 102.923
      }
    },
    {
      "type": "Feature",
      "id": 684,
      "geometry": {
        "type": "Point",
        "coordinates": [
          121.140572,
          13.324172
        ]
      },
      "properties": {
        "id": 684,
        "name": "LATERAL A4 OUTLET ROAD CROSSING (0+411.8)",
        "type": "Outlet",
        "structure": "OUTLET RD X-ING",
        "station": "STA 0+411.8",
        "stationing": null,
        "ele": 83.126,
        "images": "DSC00933.jpg",
        "desc": null,
        "comment": null,
        "time": "2023-07-24",
        "Structure_Category": "Outlet",
        "canal_name": "LATERAL A",
        "station_m": 411.8,
        "elevation_m": 83.126
      }
    },
    {
      "type": "Feature",
      "id": 698,
      "geometry": {
        "type": "Point",
        "coordinates": [
          121.140167,
          13.339614
        ]
      },
      "properties": {
        "id": 698,
        "name": "LATERAL A5 OUTLET ROAD CROSSING (0+000)",
        "type": "Outlet",
        "structure": "OUTLET RD X-ING",
        "station": "STA 0+000.0",
        "stationing": null,
        "ele": 45.829,
        "images": "DSC00947.jpg",
        "desc": null,
        "comment": null,
        "time": "2023-07-25",
        "Structure_Category": "Outlet",
        "canal_name": "LATERAL A",
        "station_m": 0,
        "elevation_m": 45.829
      }
    },
    {
      "type": "Feature",
      "id": 697,
      "geometry": {
        "type": "Point",
        "coordinates": [
          121.128948,
          13.33518
        ]
      },
      "properties": {
        "id": 697,
        "name": "LATERAL A4 END OF CANAL (2+308)",
        "type": "Other Structures",
        "structure": "END OF CANAL",
        "station": "STA 2+308.0",
        "stationing": null,
        "ele": 22.39,
        "images": "DSC00946.jpg",
        "desc": null,
        "comment": null,
        "time": "2023-07-24",
        "Structure_Category": "Other Structures",
        "canal_name": "LATERAL A",
        "station_m": 2308,
        "elevation_m": 22.39
      }
    },
    {
      "type": "Feature",
      "id": 97,
      "geometry": {
        "type": "Point",
        "coordinates": [
          121.164206,
          13.36556
        ]
      },
      "properties": {
        "id": 97,
        "name": "MAIN CANAL BULLCART 23 (17+974)",
        "type": "Thresher Crossing",
        "structure": "THRESHER CROSSING",
        "station": "STA 17+974.0",
        "stationing": null,
        "ele": 15.699,
        "images": "DSC00526.jpg",
        "desc": null,
        "comment": null,
        "time": "2023-05-04",
        "Structure_Category": "Thresher Crossing",
        "canal_name": "MAIN CANAL",
        "station_m": 17974,
        "elevation_m": 15.699
      }
    },
    {
      "type": "Feature",
      "id": 162,
      "geometry": {
        "type": "Point",
        "coordinates": [
          121.154796,
          13.332769
        ]
      },
      "properties": {
        "id": 162,
        "name": "LATERAL D INLET ROAD CROSSING(1+185.8)",
        "type": "Inlet",
        "structure": "INLET RD X-ING",
        "station": "STA 1+185.8",
        "stationing": null,
        "ele": 20.943,
        "images": "DSC00589.jpg",
        "desc": null,
        "comment": null,
        "time": "2023-05-10",
        "Structure_Category": "Inlet",
        "canal_name": "LATERAL D",
        "station_m": 1185.8,
        "elevation_m": 20.943
      }
    },
    {
      "type": "Feature",
      "id": 94,
      "geometry": {
        "type": "Point",
        "coordinates": [
          121.165452,
          13.361252
        ]
      },
      "properties": {
        "id": 94,
        "name": "MAIN CANAL COMBI THRESHER CROSSING, TO & LATERAL G HEAD GATE (17+456)",
        "type": "Head Gate",
        "structure": "COMBI THR X-ING TURNOUT & LAT G HGATE",
        "station": "STA 17+456.0",
        "stationing": null,
        "ele": 15.43,
        "images": "DSC00523.jpg",
        "desc": null,
        "comment": null,
        "time": "2023-05-04",
        "Structure_Category": "Head Gate",
        "canal_name": "MAIN CANAL",
        "station_m": 17456,
        "elevation_m": 15.43
      }
    },
    {
      "type": "Feature",
      "id": 200,
      "geometry": {
        "type": "Point",
        "coordinates": [
          121.176403,
          13.354435
        ]
      },
      "properties": {
        "id": 200,
        "name": "LATERAL C BULLCART 10 (5+604.4)",
        "type": "Thresher Crossing",
        "structure": "THRESHER CROSSING",
        "station": "STA 5+604.4",
        "stationing": null,
        "ele": 16.013,
        "images": "DSC00662.jpg",
        "desc": null,
        "comment": null,
        "time": "2023-05-15",
        "Structure_Category": "Thresher Crossing",
        "canal_name": "LATERAL C",
        "station_m": 5604.4,
        "elevation_m": 16.013
      }
    },
    {
      "type": "Feature",
      "id": 685,
      "geometry": {
        "type": "Point",
        "coordinates": [
          121.139026,
          13.324366
        ]
      },
      "properties": {
        "id": 685,
        "name": "LATERAL A4 THRESHER CROSSING (0+585.3)",
        "type": "Thresher Crossing",
        "structure": "THRESHER CROSSING",
        "station": "STA 0+585.3",
        "stationing": null,
        "ele": 75.252,
        "images": "DSC00934.jpg",
        "desc": null,
        "comment": null,
        "time": "2023-07-24",
        "Structure_Category": "Thresher Crossing",
        "canal_name": "LATERAL A",
        "station_m": 585.3,
        "elevation_m": 75.252
      }
    },
    {
      "type": "Feature",
      "id": 116,
      "geometry": {
        "type": "Point",
        "coordinates": [
          121.157707,
          13.387025
        ]
      },
      "properties": {
        "id": 116,
        "name": "MAIN CANAL THRESHER CROSSING (20+648)",
        "type": "Thresher Crossing",
        "structure": "THRESHER CROSSING",
        "station": "STA 20+648.0",
        "stationing": null,
        "ele": 38.755,
        "images": "DSC00545.jpg",
        "desc": null,
        "comment": null,
        "time": "2023-05-08",
        "Structure_Category": "Thresher Crossing",
        "canal_name": "MAIN CANAL",
        "station_m": 20648,
        "elevation_m": 38.755
      }
    },
    {
      "type": "Feature",
      "id": 699,
      "geometry": {
        "type": "Point",
        "coordinates": [
          121.140072,
          13.339788
        ]
      },
      "properties": {
        "id": 699,
        "name": "LATERAL A5 PARSHALL FLUME (0+017.5)",
        "type": "Flume",
        "structure": "PARSHALL FLUME",
        "station": "STA 0+017.5",
        "stationing": null,
        "ele": 40.668,
        "images": "DSC00949.jpg",
        "desc": null,
        "comment": null,
        "time": "2023-07-25",
        "Structure_Category": "Parshall Flume",
        "canal_name": "LATERAL A",
        "station_m": 17.5,
        "elevation_m": 40.668
      }
    },
    {
      "type": "Feature",
      "id": 102,
      "geometry": {
        "type": "Point",
        "coordinates": [
          121.161687,
          13.369412
        ]
      },
      "properties": {
        "id": 102,
        "name": "MAIN CANAL INLET SIPHON (18+496)",
        "type": "Siphon",
        "structure": "INLET SIPHON",
        "station": "STA 18+496.0",
        "stationing": null,
        "ele": 10.931,
        "images": "DSC00531.jpg",
        "desc": null,
        "comment": null,
        "time": "2023-05-04",
        "Structure_Category": "Siphon",
        "canal_name": "MAIN CANAL",
        "station_m": 18496,
        "elevation_m": 10.931
      }
    },
    {
      "type": "Feature",
      "id": 104,
      "geometry": {
        "type": "Point",
        "coordinates": [
          121.161367,
          13.370336
        ]
      },
      "properties": {
        "id": 104,
        "name": "MAIN CANAL COMBI TO & INLET ROAD CROSSING (18+618)",
        "type": "Inlet",
        "structure": "COMBI INLET RD X-ING & TURNOUT",
        "station": "STA 18+618.0",
        "stationing": null,
        "ele": 11.125,
        "images": "DSC00533.jpg",
        "desc": null,
        "comment": null,
        "time": "2023-05-04",
        "Structure_Category": "Inlet",
        "canal_name": "MAIN CANAL",
        "station_m": 18618,
        "elevation_m": 11.125
      }
    },
    {
      "type": "Feature",
      "id": 683,
      "geometry": {
        "type": "Point",
        "coordinates": [
          121.140735,
          13.324115
        ]
      },
      "properties": {
        "id": 683,
        "name": "LATERAL A4 COMBI CHECK INLET ROAD CROSSING & TO 1 (0+395)",
        "type": "Turnout",
        "structure": "COMBI INLET RD X-ING & TURNOUT",
        "station": "STA 0+395.0",
        "stationing": null,
        "ele": 86.478,
        "images": "DSC00932.jpg",
        "desc": null,
        "comment": null,
        "time": "2023-07-24",
        "Structure_Category": "Turnout (TO)",
        "canal_name": "LATERAL A",
        "station_m": 395,
        "elevation_m": 86.478
      }
    },
    {
      "type": "Feature",
      "id": 98,
      "geometry": {
        "type": "Point",
        "coordinates": [
          121.163942,
          13.365862
        ]
      },
      "properties": {
        "id": 98,
        "name": "MAIN CANAL COMBI THRESHER CROSSING, TO, & LATERAL H HEADGATE (18+016)",
        "type": "Turnout",
        "structure": "COMBI THR X-ING & TURNOUT & LAT H HGATE",
        "station": "STA 18+016.0",
        "stationing": null,
        "ele": 15.815,
        "images": "DSC00527.jpg",
        "desc": null,
        "comment": null,
        "time": "2023-05-04",
        "Structure_Category": "Turnout (TO)",
        "canal_name": "MAIN CANAL",
        "station_m": 18016,
        "elevation_m": 15.815
      }
    },
    {
      "type": "Feature",
      "id": 111,
      "geometry": {
        "type": "Point",
        "coordinates": [
          121.160587,
          13.377208
        ]
      },
      "properties": {
        "id": 111,
        "name": "MAIN CANAL COMBI THRESHER CROSSING & TO 21 (19+442)",
        "type": "Turnout",
        "structure": "COMBI THR X-ING & TURNOUT",
        "station": "STA 19+442.0",
        "stationing": null,
        "ele": 10.324,
        "images": "DSC00540.jpg",
        "desc": null,
        "comment": null,
        "time": "2023-05-05",
        "Structure_Category": "Turnout (TO)",
        "canal_name": "MAIN CANAL",
        "station_m": 19442,
        "elevation_m": 10.324
      }
    },
    {
      "type": "Feature",
      "id": 117,
      "geometry": {
        "type": "Point",
        "coordinates": [
          121.157922,
          13.387568
        ]
      },
      "properties": {
        "id": 117,
        "name": "MAIN CANAL COMBI TO & INLET (20+712)",
        "type": "Turnout",
        "structure": "COMBI INLET & TURNOUT",
        "station": "STA 20+712.0",
        "stationing": null,
        "ele": 37.768,
        "images": "DSC00546.jpg",
        "desc": null,
        "comment": null,
        "time": "2023-05-08",
        "Structure_Category": "Turnout (TO)",
        "canal_name": "MAIN CANAL",
        "station_m": 20712,
        "elevation_m": 37.768
      }
    },
    {
      "type": "Feature",
      "id": 691,
      "geometry": {
        "type": "Point",
        "coordinates": [
          121.134701,
          13.327662
        ]
      },
      "properties": {
        "id": 691,
        "name": "LATERAL A4 THRESHER CROSSING (1+233.5)",
        "type": "Thresher Crossing",
        "structure": "THRESHER CROSSING",
        "station": "STA 1+233.5",
        "stationing": null,
        "ele": 20.459,
        "images": "DSC00940.jpg",
        "desc": null,
        "comment": null,
        "time": "2023-07-24",
        "Structure_Category": "Thresher Crossing",
        "canal_name": "LATERAL A",
        "station_m": 1233.5,
        "elevation_m": 20.459
      }
    },
    {
      "type": "Feature",
      "id": 692,
      "geometry": {
        "type": "Point",
        "coordinates": [
          121.133138,
          13.329779
        ]
      },
      "properties": {
        "id": 692,
        "name": "LATERAL A4 THRESHER CROSSING (1+542)",
        "type": "Thresher Crossing",
        "structure": "THRESHER CROSSING",
        "station": "STA 1+542.0",
        "stationing": null,
        "ele": 23.39,
        "images": "DSC00941.jpg",
        "desc": null,
        "comment": null,
        "time": "2023-07-24",
        "Structure_Category": "Thresher Crossing",
        "canal_name": "LATERAL A",
        "station_m": 1542,
        "elevation_m": 23.39
      }
    },
    {
      "type": "Feature",
      "id": 1044,
      "geometry": {
        "type": "Point",
        "coordinates": [
          121.207348,
          13.343171
        ]
      },
      "properties": {
        "id": 1044,
        "name": "LATERAL B2 THRESHER CROSSING (2+056)",
        "type": "Thresher Crossing",
        "structure": "THRESHER CROSSING",
        "station": "STA 2+056.0",
        "stationing": null,
        "ele": 0,
        "images": null,
        "desc": null,
        "comment": null,
        "time": "2024-08-14",
        "Structure_Category": "Thresher Crossing",
        "canal_name": "LATERAL B",
        "station_m": 2056,
        "elevation_m": 0
      }
    },
    {
      "type": "Feature",
      "id": 1045,
      "geometry": {
        "type": "Point",
        "coordinates": [
          121.207484,
          13.344867
        ]
      },
      "properties": {
        "id": 1045,
        "name": "LATERAL B2 THRESHER CROSSING (2+244)",
        "type": "Thresher Crossing",
        "structure": "THRESHER CROSSING",
        "station": "STA 2+244.0",
        "stationing": null,
        "ele": 0,
        "images": null,
        "desc": null,
        "comment": null,
        "time": "2024-08-14",
        "Structure_Category": "Thresher Crossing",
        "canal_name": "LATERAL B",
        "station_m": 2244,
        "elevation_m": 0
      }
    },
    {
      "type": "Feature",
      "id": 157,
      "geometry": {
        "type": "Point",
        "coordinates": [
          121.159861,
          13.330269
        ]
      },
      "properties": {
        "id": 157,
        "name": "LATERAL D INLET (0+557.6)",
        "type": "Thresher Crossing",
        "structure": "INLET",
        "station": "STA 0+557.6",
        "stationing": null,
        "ele": 24.326,
        "images": "DSC00585.jpg",
        "desc": null,
        "comment": null,
        "time": "2023-05-10",
        "Structure_Category": "Thresher Crossing",
        "canal_name": "LATERAL D",
        "station_m": 557.6,
        "elevation_m": 24.326
      }
    },
    {
      "type": "Feature",
      "id": 214,
      "geometry": {
        "type": "Point",
        "coordinates": [
          121.183726,
          13.363133
        ]
      },
      "properties": {
        "id": 214,
        "name": "LATERAL C OUTLET ROAD CROSSING (7+130)",
        "type": "Outlet",
        "structure": "OUTLET RD X-ING",
        "station": "STA 7+130.0",
        "stationing": null,
        "ele": 37.117,
        "images": "DSC00676.jpg",
        "desc": null,
        "comment": null,
        "time": "2023-05-15",
        "Structure_Category": "Outlet",
        "canal_name": "LATERAL C",
        "station_m": 7130,
        "elevation_m": 37.117
      }
    },
    {
      "type": "Feature",
      "id": 270,
      "geometry": {
        "type": "Point",
        "coordinates": [
          121.17769,
          13.347628
        ]
      },
      "properties": {
        "id": 270,
        "name": "LATERAL C OUTLET (4+822.3)",
        "type": "Outlet",
        "structure": "OUTLET",
        "station": "STA 4+822.3",
        "stationing": null,
        "ele": 55.41,
        "images": "DSC00656.jpg",
        "desc": null,
        "comment": null,
        "time": "2023-05-12",
        "Structure_Category": "Outlet",
        "canal_name": "LATERAL C",
        "station_m": 4822.3,
        "elevation_m": 55.41
      }
    },
    {
      "type": "Feature",
      "id": 568,
      "geometry": {
        "type": "Point",
        "coordinates": [
          121.15112,
          13.307977
        ]
      },
      "properties": {
        "id": 568,
        "name": "LATERAL A OUTLET ROAD CROSSING (2+192)",
        "type": "Outlet",
        "structure": "OUTLET RD X-ING",
        "station": "STA 2+192.0",
        "stationing": null,
        "ele": 17.33,
        "images": "DSC00647.jpg",
        "desc": null,
        "comment": "2023-05-25 10:17:10am",
        "time": "2023-05-25",
        "Structure_Category": "Outlet",
        "canal_name": "LATERAL A",
        "station_m": 2192,
        "elevation_m": 17.33
      }
    },
    {
      "type": "Feature",
      "id": 570,
      "geometry": {
        "type": "Point",
        "coordinates": [
          121.151519,
          13.315184
        ]
      },
      "properties": {
        "id": 570,
        "name": "LATERAL A OUTLET ROAD CROSSING (2+994)",
        "type": "Outlet",
        "structure": "OUTLET RD X-ING",
        "station": "STA 2+994.0",
        "stationing": null,
        "ele": 16.021,
        "images": "DSC00649.jpg",
        "desc": null,
        "comment": "2023-05-25 10:24:46am",
        "time": "2023-05-25",
        "Structure_Category": "Outlet",
        "canal_name": "LATERAL A",
        "station_m": 2994,
        "elevation_m": 16.021
      }
    },
    {
      "type": "Feature",
      "id": 572,
      "geometry": {
        "type": "Point",
        "coordinates": [
          121.148445,
          13.319076
        ]
      },
      "properties": {
        "id": 572,
        "name": "LATERAL A OUTLET ROAD CROSSING (3+634)",
        "type": "Outlet",
        "structure": "OUTLET RD X-ING",
        "station": "STA 3+634.0",
        "stationing": null,
        "ele": 17.607,
        "images": "DSC00651.jpg",
        "desc": null,
        "comment": "2023-05-25 10:31:51am",
        "time": "2023-05-25",
        "Structure_Category": "Outlet",
        "canal_name": "LATERAL A",
        "station_m": 3634,
        "elevation_m": 17.607
      }
    },
    {
      "type": "Feature",
      "id": 576,
      "geometry": {
        "type": "Point",
        "coordinates": [
          121.140422,
          13.328399
        ]
      },
      "properties": {
        "id": 576,
        "name": "LATERAL A OUTLET ROAD CROSSING (4+998)",
        "type": "Outlet",
        "structure": "OUTLET RD X-ING",
        "station": "STA 4+998.0",
        "stationing": null,
        "ele": 17.429,
        "images": "DSC00655.jpg",
        "desc": null,
        "comment": "2023-05-25 10:46:06am",
        "time": "2023-05-25",
        "Structure_Category": "Outlet",
        "canal_name": "LATERAL A",
        "station_m": 4998,
        "elevation_m": 17.429
      }
    },
    {
      "type": "Feature",
      "id": 679,
      "geometry": {
        "type": "Point",
        "coordinates": [
          121.150716,
          13.325721
        ]
      },
      "properties": {
        "id": 679,
        "name": "LATERAL A3 OUTLET (0+801.4)",
        "type": "Outlet",
        "structure": "OUTLET",
        "station": "STA 0+801.4",
        "stationing": null,
        "ele": 21.328,
        "images": "DSC00928.jpg",
        "desc": null,
        "comment": null,
        "time": "2023-07-24",
        "Structure_Category": "Outlet",
        "canal_name": "LATERAL A",
        "station_m": 801.4,
        "elevation_m": 21.328
      }
    },
    {
      "type": "Feature",
      "id": 159,
      "geometry": {
        "type": "Point",
        "coordinates": [
          121.158668,
          13.330836
        ]
      },
      "properties": {
        "id": 159,
        "name": "LATERAL D THRESHER CROSSING (0+705.7)",
        "type": "Thresher Crossing",
        "structure": "THRESHER CROSSING",
        "station": "STA 0+705.7",
        "stationing": null,
        "ele": 23.662,
        "images": "DSC00587.jpg",
        "desc": null,
        "comment": null,
        "time": "2023-05-10",
        "Structure_Category": "Thresher Crossing",
        "canal_name": "LATERAL D",
        "station_m": 705.7,
        "elevation_m": 23.662
      }
    },
    {
      "type": "Feature",
      "id": 129,
      "geometry": {
        "type": "Point",
        "coordinates": [
          121.161873,
          13.396346
        ]
      },
      "properties": {
        "id": 129,
        "name": "MAIN CANAL CHECKGATE (21+846)",
        "type": "Check Gate",
        "structure": "CHECKGATE",
        "station": "STA 21+846.0",
        "stationing": null,
        "ele": 12.235,
        "images": "DSC00558.jpg",
        "desc": null,
        "comment": null,
        "time": "2023-05-08",
        "Structure_Category": "Other Structures",
        "canal_name": "MAIN CANAL",
        "station_m": 21846,
        "elevation_m": 12.235
      }
    },
    {
      "type": "Feature",
      "id": 139,
      "geometry": {
        "type": "Point",
        "coordinates": [
          121.167789,
          13.40777
        ]
      },
      "properties": {
        "id": 139,
        "name": "MAIN CANAL SIPHON (23+294)",
        "type": "Cut and Cover",
        "structure": "SIPHON",
        "station": "STA 23+294.0",
        "stationing": null,
        "ele": -12.033,
        "images": "DSC00568.jpg",
        "desc": null,
        "comment": null,
        "time": "2023-05-08",
        "Structure_Category": "Other Structures",
        "canal_name": "MAIN CANAL",
        "station_m": 23294,
        "elevation_m": -12.033
      }
    },
    {
      "type": "Feature",
      "id": 161,
      "geometry": {
        "type": "Point",
        "coordinates": [
          121.156795,
          13.331745
        ]
      },
      "properties": {
        "id": 161,
        "name": "LATERAL D THRESHER CROSSING (0+933.7)",
        "type": "Thresher Crossing",
        "structure": "THRESHER CROSSING",
        "station": "STA 0+933.7",
        "stationing": null,
        "ele": 21.825,
        "images": "DSC00589.jpg",
        "desc": null,
        "comment": null,
        "time": "2023-05-10",
        "Structure_Category": "Thresher Crossing",
        "canal_name": "LATERAL D",
        "station_m": 933.7,
        "elevation_m": 21.825
      }
    },
    {
      "type": "Feature",
      "id": 675,
      "geometry": {
        "type": "Point",
        "coordinates": [
          121.149999,
          13.32221
        ]
      },
      "properties": {
        "id": 675,
        "name": "LATERAL A3 END OF CONCRETE CANAL (0+405)",
        "type": "Other Structures",
        "structure": "END OF CONCRETE CANAL",
        "station": "STA 0+405.0",
        "stationing": null,
        "ele": 23.711,
        "images": "DSC00924.jpg",
        "desc": null,
        "comment": null,
        "time": "2023-07-24",
        "Structure_Category": "Other Structures",
        "canal_name": "LATERAL A",
        "station_m": 405,
        "elevation_m": 23.711
      }
    },
    {
      "type": "Feature",
      "id": 164,
      "geometry": {
        "type": "Point",
        "coordinates": [
          121.153807,
          13.333385
        ]
      },
      "properties": {
        "id": 164,
        "name": "LATERAL D THRESHER CROSSING (1+306.2)",
        "type": "Thresher Crossing",
        "structure": "THRESHER CROSSING",
        "station": "STA 1+306.2",
        "stationing": null,
        "ele": -22.13,
        "images": "DSC00591.jpg",
        "desc": null,
        "comment": null,
        "time": "2023-05-10",
        "Structure_Category": "Thresher Crossing",
        "canal_name": "LATERAL D",
        "station_m": 1306.2,
        "elevation_m": -22.13
      }
    },
    {
      "type": "Feature",
      "id": 799,
      "geometry": {
        "type": "Point",
        "coordinates": [
          121.140559,
          13.35073
        ]
      },
      "properties": {
        "id": 799,
        "name": "LATERAL A6 START OF CONCRETE CANAL (0+075.5)",
        "type": "Other Structures",
        "structure": "START OF CONCRETE CANAL",
        "station": "STA 0+075.5",
        "stationing": null,
        "ele": -194,
        "images": "DSC01052.jpg",
        "desc": null,
        "comment": null,
        "time": "2023-08-14",
        "Structure_Category": "Other Structures",
        "canal_name": "LATERAL A",
        "station_m": 75.5,
        "elevation_m": -194
      }
    },
    {
      "type": "Feature",
      "id": 132,
      "geometry": {
        "type": "Point",
        "coordinates": [
          121.163968,
          13.401025
        ]
      },
      "properties": {
        "id": 132,
        "name": "MAIN CANAL INLET ROAD CROSSING (22+414)",
        "type": "Inlet",
        "structure": "INLET RD X-ING",
        "station": "STA 22+414.0",
        "stationing": null,
        "ele": 13.663,
        "images": "DSC00561.jpg",
        "desc": null,
        "comment": null,
        "time": "2023-05-08",
        "Structure_Category": "Inlet",
        "canal_name": "MAIN CANAL",
        "station_m": 22414,
        "elevation_m": 13.663
      }
    },
    {
      "type": "Feature",
      "id": 135,
      "geometry": {
        "type": "Point",
        "coordinates": [
          121.166204,
          13.403863
        ]
      },
      "properties": {
        "id": 135,
        "name": "MAIN CANAL INLET ROAD CROSSING (22+822)",
        "type": "Inlet",
        "structure": "INLET RD X-ING",
        "station": "STA 22+822.0",
        "stationing": null,
        "ele": 13.618,
        "images": "DSC00564.jpg",
        "desc": null,
        "comment": null,
        "time": "2023-05-08",
        "Structure_Category": "Inlet",
        "canal_name": "MAIN CANAL",
        "station_m": 22822,
        "elevation_m": 13.618
      }
    },
    {
      "type": "Feature",
      "id": 204,
      "geometry": {
        "type": "Point",
        "coordinates": [
          121.179132,
          13.357981
        ]
      },
      "properties": {
        "id": 204,
        "name": "LATERAL C INLET (6+208)",
        "type": "Inlet",
        "structure": "INLET",
        "station": "STA 6+208.0",
        "stationing": null,
        "ele": 17.824,
        "images": "DSC00666.jpg",
        "desc": null,
        "comment": null,
        "time": "2023-05-15",
        "Structure_Category": "Inlet",
        "canal_name": "LATERAL C",
        "station_m": 6208,
        "elevation_m": 17.824
      }
    },
    {
      "type": "Feature",
      "id": 213,
      "geometry": {
        "type": "Point",
        "coordinates": [
          121.183846,
          13.362997
        ]
      },
      "properties": {
        "id": 213,
        "name": "LATERAL C INLET ROAD CROSSING (7+112)",
        "type": "Inlet",
        "structure": "INLET RD X-ING",
        "station": "STA 7+112.0",
        "stationing": null,
        "ele": 25.561,
        "images": "DSC00675.jpg",
        "desc": null,
        "comment": null,
        "time": "2023-05-15",
        "Structure_Category": "Inlet",
        "canal_name": "LATERAL C",
        "station_m": 7112,
        "elevation_m": 25.561
      }
    },
    {
      "type": "Feature",
      "id": 216,
      "geometry": {
        "type": "Point",
        "coordinates": [
          121.183026,
          13.365841
        ]
      },
      "properties": {
        "id": 216,
        "name": "LATERAL C COMBI ROAD CROSSING & LATERAL C4 HEADGATE (7+450)",
        "type": "Head Gate",
        "structure": "COMBI RD X-ING & LAT C4 HGATE",
        "station": "STA 7+450.0",
        "stationing": null,
        "ele": 31.143,
        "images": "DSC00678.jpg",
        "desc": null,
        "comment": null,
        "time": "2023-05-15",
        "Structure_Category": "Head Gate",
        "canal_name": "LATERAL C",
        "station_m": 7450,
        "elevation_m": 31.143
      }
    },
    {
      "type": "Feature",
      "id": 571,
      "geometry": {
        "type": "Point",
        "coordinates": [
          121.148537,
          13.318971
        ]
      },
      "properties": {
        "id": 571,
        "name": "LATERAL A COMBI INLET ROAD CROSSING & LATERAL A3 HEADGATE (3+624)",
        "type": "Head Gate",
        "structure": "COMBI INLET RD X-ING & LAT A3 HGATE",
        "station": "STA 3+624.0",
        "stationing": null,
        "ele": 17.975,
        "images": "DSC00650.jpg",
        "desc": null,
        "comment": "2023-05-25 10:30:10am",
        "time": "2023-05-25",
        "Structure_Category": "Head Gate",
        "canal_name": "LATERAL A",
        "station_m": 3624,
        "elevation_m": 17.975
      }
    },
    {
      "type": "Feature",
      "id": 140,
      "geometry": {
        "type": "Point",
        "coordinates": [
          121.167951,
          13.40813
        ]
      },
      "properties": {
        "id": 140,
        "name": "MAIN CANAL SIPHON (23+338)",
        "type": "Cut and Cover",
        "structure": "SIPHON",
        "station": "STA 23+338.0",
        "stationing": null,
        "ele": -10.723,
        "images": "DSC00569.jpg",
        "desc": null,
        "comment": null,
        "time": "2023-05-08",
        "Structure_Category": "Other Structures",
        "canal_name": "MAIN CANAL",
        "station_m": 23338,
        "elevation_m": -10.723
      }
    },
    {
      "type": "Feature",
      "id": 155,
      "geometry": {
        "type": "Point",
        "coordinates": [
          121.164369,
          13.328309
        ]
      },
      "properties": {
        "id": 155,
        "name": "LATERAL D PARSHALL FLUME (0+029.4)",
        "type": "Flume",
        "structure": "PARSHALL FLUME",
        "station": "STA 0+029.4",
        "stationing": null,
        "ele": 26.312,
        "images": "DSC00583.jpg",
        "desc": null,
        "comment": null,
        "time": "2023-05-10",
        "Structure_Category": "Parshall Flume",
        "canal_name": "LATERAL D",
        "station_m": 29.4,
        "elevation_m": 26.312
      }
    },
    {
      "type": "Feature",
      "id": 166,
      "geometry": {
        "type": "Point",
        "coordinates": [
          121.152516,
          13.334008
        ]
      },
      "properties": {
        "id": 166,
        "name": "LATERAL D  THRESHER CROSSING (1+466)",
        "type": "Thresher Crossing",
        "structure": "THRESHER CROSSING",
        "station": "STA 1+466.0",
        "stationing": null,
        "ele": -17.357,
        "images": "DSC00593.jpg",
        "desc": null,
        "comment": null,
        "time": "2023-05-10",
        "Structure_Category": "Thresher Crossing",
        "canal_name": "LATERAL D",
        "station_m": 1466,
        "elevation_m": -17.357
      }
    },
    {
      "type": "Feature",
      "id": 126,
      "geometry": {
        "type": "Point",
        "coordinates": [
          121.161814,
          13.395655
        ]
      },
      "properties": {
        "id": 126,
        "name": "MAIN CANAL COMBI THRESHER CROSSING & TO 24 (21+770)",
        "type": "Turnout",
        "structure": "COMBI THR X-ING & TURNOUT",
        "station": "STA 21+770.0",
        "stationing": null,
        "ele": 12.401,
        "images": "DSC00555.jpg",
        "desc": null,
        "comment": null,
        "time": "2023-05-08",
        "Structure_Category": "Turnout (TO)",
        "canal_name": "MAIN CANAL",
        "station_m": 21770,
        "elevation_m": 12.401
      }
    },
    {
      "type": "Feature",
      "id": 209,
      "geometry": {
        "type": "Point",
        "coordinates": [
          121.183196,
          13.359741
        ]
      },
      "properties": {
        "id": 209,
        "name": "LATERAL C TO 14 (6+702)",
        "type": "Turnout",
        "structure": "TURNOUT",
        "station": "STA 6+702.0",
        "stationing": null,
        "ele": 28.038,
        "images": "DSC00671.jpg",
        "desc": null,
        "comment": null,
        "time": "2023-05-15",
        "Structure_Category": "Turnout (TO)",
        "canal_name": "LATERAL C",
        "station_m": 6702,
        "elevation_m": 28.038
      }
    },
    {
      "type": "Feature",
      "id": 156,
      "geometry": {
        "type": "Point",
        "coordinates": [
          121.163384,
          13.328572
        ]
      },
      "properties": {
        "id": 156,
        "name": "LATERAL D TO 1 (0+140)",
        "type": "Turnout",
        "structure": "TURNOUT",
        "station": "STA 0+140.0",
        "stationing": null,
        "ele": 23.894,
        "images": "DSC00584.jpg",
        "desc": null,
        "comment": null,
        "time": "2023-05-10",
        "Structure_Category": "Turnout (TO)",
        "canal_name": "LATERAL D",
        "station_m": 140,
        "elevation_m": 23.894
      }
    },
    {
      "type": "Feature",
      "id": 160,
      "geometry": {
        "type": "Point",
        "coordinates": [
          121.158263,
          13.331027
        ]
      },
      "properties": {
        "id": 160,
        "name": "LATERAL D TO 2 (0+759.7)",
        "type": "Turnout",
        "structure": "TURNOUT",
        "station": "STA 0+759.7",
        "stationing": null,
        "ele": 20.456,
        "images": "DSC00588.jpg",
        "desc": null,
        "comment": null,
        "time": "2023-05-10",
        "Structure_Category": "Turnout (TO)",
        "canal_name": "LATERAL D",
        "station_m": 759.7,
        "elevation_m": 20.456
      }
    },
    {
      "type": "Feature",
      "id": 84,
      "geometry": {
        "type": "Point",
        "coordinates": [
          121.164355,
          13.353412
        ]
      },
      "properties": {
        "id": 84,
        "name": "MAIN CANAL OUTLET (16+574)",
        "type": "Outlet",
        "structure": "OUTLET",
        "station": "STA 16+574.0",
        "stationing": null,
        "ele": 9.384,
        "images": "DSC00514.jpg",
        "desc": null,
        "comment": null,
        "time": "2023-05-04",
        "Structure_Category": "Outlet",
        "canal_name": "MAIN CANAL",
        "station_m": 16574,
        "elevation_m": 9.384
      }
    },
    {
      "type": "Feature",
      "id": 577,
      "geometry": {
        "type": "Point",
        "coordinates": [
          121.140163,
          13.332801
        ]
      },
      "properties": {
        "id": 577,
        "name": "LATERAL A BULLCART 1 (5+516)",
        "type": "Thresher Crossing",
        "structure": "THRESHER CROSSING",
        "station": "STA 5+516.0",
        "stationing": null,
        "ele": 15.738,
        "images": "DSC00656.jpg",
        "desc": null,
        "comment": "2023-05-25 10:50:10am",
        "time": "2023-05-25",
        "Structure_Category": "Thresher Crossing",
        "canal_name": "LATERAL A",
        "station_m": 5516,
        "elevation_m": 15.738
      }
    },
    {
      "type": "Feature",
      "id": 168,
      "geometry": {
        "type": "Point",
        "coordinates": [
          121.151953,
          13.33434
        ]
      },
      "properties": {
        "id": 168,
        "name": "LATERAL D  OUTLET/ END OF CANAL (1+535.9)",
        "type": "Other Structures",
        "structure": "OUTLET/ END OF CANAL",
        "station": "STA 1+535.9",
        "stationing": null,
        "ele": -14.523,
        "images": "DSC00595.jpg",
        "desc": null,
        "comment": null,
        "time": "2023-05-10",
        "Structure_Category": "Other Structures",
        "canal_name": "LATERAL D",
        "station_m": 1535.9,
        "elevation_m": -14.523
      }
    },
    {
      "type": "Feature",
      "id": 227,
      "geometry": {
        "type": "Point",
        "coordinates": [
          121.183775,
          13.342122
        ]
      },
      "properties": {
        "id": 227,
        "name": "LATERAL C1 OUTLET (0+934)",
        "type": "Outlet",
        "structure": "OUTLET",
        "station": "STA 0+934.0",
        "stationing": null,
        "ele": 13.953,
        "images": "DSC00689.jpg",
        "desc": null,
        "comment": null,
        "time": "2023-05-15",
        "Structure_Category": "Outlet",
        "canal_name": "LATERAL C",
        "station_m": 934,
        "elevation_m": 13.953
      }
    },
    {
      "type": "Feature",
      "id": 245,
      "geometry": {
        "type": "Point",
        "coordinates": [
          121.180198,
          13.318971
        ]
      },
      "properties": {
        "id": 245,
        "name": "LATERAL C OUTLET (1+550)",
        "type": "Outlet",
        "structure": "OUTLET",
        "station": "STA 1+550.0",
        "stationing": null,
        "ele": 12.65,
        "images": "DSC00632.jpg",
        "desc": null,
        "comment": null,
        "time": "2023-05-12",
        "Structure_Category": "Outlet",
        "canal_name": "LATERAL C",
        "station_m": 1550,
        "elevation_m": 12.65
      }
    },
    {
      "type": "Feature",
      "id": 253,
      "geometry": {
        "type": "Point",
        "coordinates": [
          121.178917,
          13.330455
        ]
      },
      "properties": {
        "id": 253,
        "name": "LATERAL C OUTLET (2+865)",
        "type": "Outlet",
        "structure": "OUTLET",
        "station": "STA 2+865.0",
        "stationing": null,
        "ele": 31.287,
        "images": "DSC00639.jpg",
        "desc": null,
        "comment": null,
        "time": "2023-05-12",
        "Structure_Category": "Outlet",
        "canal_name": "LATERAL C",
        "station_m": 2865,
        "elevation_m": 31.287
      }
    },
    {
      "type": "Feature",
      "id": 606,
      "geometry": {
        "type": "Point",
        "coordinates": [
          121.125563,
          13.375199
        ]
      },
      "properties": {
        "id": 606,
        "name": "LATERAL A COMBI THRESHER CROSSING & LATERAL A7 HEADGATE (12+052)",
        "type": "Head Gate",
        "structure": "COMBI THR X-ING & LAT A7 HGATE",
        "station": "STA 12+052.0",
        "stationing": null,
        "ele": 9.787,
        "images": "DSC00685.jpg",
        "desc": null,
        "comment": "2023-05-26 10:02:06am",
        "time": "2023-05-26",
        "Structure_Category": "Head Gate",
        "canal_name": "LATERAL A",
        "station_m": 12052,
        "elevation_m": 9.787
      }
    },
    {
      "type": "Feature",
      "id": 221,
      "geometry": {
        "type": "Point",
        "coordinates": [
          121.177345,
          13.338073
        ]
      },
      "properties": {
        "id": 221,
        "name": "LATERAL C1 (0+000)",
        "type": "Outlet",
        "structure": "LATERAL C1 (0+000)",
        "station": "STA 0+000.0",
        "stationing": null,
        "ele": 17.319,
        "images": "DSC00683.jpg",
        "desc": null,
        "comment": null,
        "time": "2023-05-15",
        "Structure_Category": "Outlet",
        "canal_name": "LATERAL C",
        "station_m": 0,
        "elevation_m": 17.319
      }
    },
    {
      "type": "Feature",
      "id": 601,
      "geometry": {
        "type": "Point",
        "coordinates": [
          121.120199,
          13.371929
        ]
      },
      "properties": {
        "id": 601,
        "name": "LATERAL A BULLCART 7 (10+817.7)",
        "type": "Thresher Crossing",
        "structure": "THRESHER CROSSING",
        "station": "STA 10+817.7",
        "stationing": null,
        "ele": 7.89,
        "images": "DSC00680.jpg",
        "desc": null,
        "comment": "2023-05-26 9:51:23am",
        "time": "2023-05-26",
        "Structure_Category": "Thresher Crossing",
        "canal_name": "LATERAL A",
        "station_m": 10817.7,
        "elevation_m": 7.89
      }
    },
    {
      "type": "Feature",
      "id": 148,
      "geometry": {
        "type": "Point",
        "coordinates": [
          121.167653,
          13.363592
        ]
      },
      "properties": {
        "id": 148,
        "name": "LATERAL G BULLCART 1 (0+415.2)",
        "type": "Thresher Crossing",
        "structure": "THRESHER CROSSING",
        "station": "STA 0+415.2",
        "stationing": null,
        "ele": 13.547,
        "images": "DSC00576.jpg",
        "desc": null,
        "comment": null,
        "time": "2023-05-10",
        "Structure_Category": "Thresher Crossing",
        "canal_name": "LATERAL G",
        "station_m": 415.2,
        "elevation_m": 13.547
      }
    },
    {
      "type": "Feature",
      "id": 146,
      "geometry": {
        "type": "Point",
        "coordinates": [
          121.165701,
          13.361325
        ]
      },
      "properties": {
        "id": 146,
        "name": "LATERAL G PARSHAL FLUME (0+021.8)",
        "type": "Flume",
        "structure": "PARSHALL FLUME",
        "station": "STA 0+021.8",
        "stationing": null,
        "ele": 12.417,
        "images": "DSC00575.jpg",
        "desc": null,
        "comment": null,
        "time": "2023-05-10",
        "Structure_Category": "Parshall Flume",
        "canal_name": "LATERAL G",
        "station_m": 21.8,
        "elevation_m": 12.417
      }
    },
    {
      "type": "Feature",
      "id": 226,
      "geometry": {
        "type": "Point",
        "coordinates": [
          121.183722,
          13.342047
        ]
      },
      "properties": {
        "id": 226,
        "name": "LATERAL C1 INLET ROAD CROSSING (0+923)",
        "type": "Inlet",
        "structure": "INLET RD X-ING",
        "station": "STA 0+923.0",
        "stationing": null,
        "ele": 14.063,
        "images": "DSC00688.jpg",
        "desc": null,
        "comment": null,
        "time": "2023-05-15",
        "Structure_Category": "Inlet",
        "canal_name": "LATERAL C",
        "station_m": 923,
        "elevation_m": 14.063
      }
    },
    {
      "type": "Feature",
      "id": 602,
      "geometry": {
        "type": "Point",
        "coordinates": [
          121.120287,
          13.371974
        ]
      },
      "properties": {
        "id": 602,
        "name": "LATERAL A OUTLET (10+830)",
        "type": "Outlet",
        "structure": "OUTLET",
        "station": "STA 10+830.0",
        "stationing": null,
        "ele": 9.02,
        "images": "DSC00681.jpg",
        "desc": null,
        "comment": "2023-05-26 9:52:51am",
        "time": "2023-05-26",
        "Structure_Category": "Outlet",
        "canal_name": "LATERAL A",
        "station_m": 10830,
        "elevation_m": 9.02
      }
    },
    {
      "type": "Feature",
      "id": 81,
      "geometry": {
        "type": "Point",
        "coordinates": [
          121.163981,
          13.351826
        ]
      },
      "properties": {
        "id": 81,
        "name": "MAIN CANAL INLET TO 13 (16+388)",
        "type": "Turnout",
        "structure": "COMBI INLET & TURNOUT",
        "station": "STA 16+388.0",
        "stationing": null,
        "ele": 22.131,
        "images": "DSC00511.jpg",
        "desc": null,
        "comment": null,
        "time": "2023-05-04",
        "Structure_Category": "Turnout (TO)",
        "canal_name": "MAIN CANAL",
        "station_m": 16388,
        "elevation_m": 22.131
      }
    },
    {
      "type": "Feature",
      "id": 241,
      "geometry": {
        "type": "Point",
        "coordinates": [
          121.177702,
          13.316983
        ]
      },
      "properties": {
        "id": 241,
        "name": "LATERAL C TRESHER CROSSING (1+208)",
        "type": "Thresher Crossing",
        "structure": "THRESHER CROSSING",
        "station": "STA 1+208.0",
        "stationing": null,
        "ele": 25.758,
        "images": "DSC00628.jpg",
        "desc": null,
        "comment": null,
        "time": "2023-05-12",
        "Structure_Category": "Thresher Crossing",
        "canal_name": "LATERAL C",
        "station_m": 1208,
        "elevation_m": 25.758
      }
    },
    {
      "type": "Feature",
      "id": 838,
      "geometry": {
        "type": "Point",
        "coordinates": [
          121.128552,
          13.27429
        ]
      },
      "properties": {
        "id": 838,
        "name": "BAYOG LATERAL A1 OUTLET (0+614)",
        "type": "Outlet",
        "structure": "OUTLET",
        "station": "STA 0+614.0",
        "stationing": null,
        "ele": 14.41,
        "images": "DSC01120.jpg",
        "desc": null,
        "comment": null,
        "time": "2023-08-23",
        "Structure_Category": "Outlet",
        "canal_name": "BAYOG SUB LATERAL A1",
        "station_m": 614,
        "elevation_m": 14.41
      }
    },
    {
      "type": "Feature",
      "id": 835,
      "geometry": {
        "type": "Point",
        "coordinates": [
          121.128085,
          13.269085
        ]
      },
      "properties": {
        "id": 835,
        "name": "BAYOG LATERAL A1 PARSHALL FLUME (0+038.3)",
        "type": "Flume",
        "structure": "PARSHALL FLUME",
        "station": "STA 0+038.3",
        "stationing": null,
        "ele": 7.337,
        "images": "DSC01117.jpg",
        "desc": null,
        "comment": null,
        "time": "2023-08-23",
        "Structure_Category": "Parshall Flume",
        "canal_name": "BAYOG SUB LATERAL A1",
        "station_m": 38.3,
        "elevation_m": 7.337
      }
    },
    {
      "type": "Feature",
      "id": 244,
      "geometry": {
        "type": "Point",
        "coordinates": [
          121.18011,
          13.318911
        ]
      },
      "properties": {
        "id": 244,
        "name": "LATERAL C INLET ROAD CROSSING (1+530)",
        "type": "Inlet",
        "structure": "INLET RD X-ING",
        "station": "STA 1+530.0",
        "stationing": null,
        "ele": 9.592,
        "images": "DSC00631.jpg",
        "desc": null,
        "comment": null,
        "time": "2023-05-12",
        "Structure_Category": "Inlet",
        "canal_name": "LATERAL C",
        "station_m": 1530,
        "elevation_m": 9.592
      }
    },
    {
      "type": "Feature",
      "id": 223,
      "geometry": {
        "type": "Point",
        "coordinates": [
          121.181576,
          13.339044
        ]
      },
      "properties": {
        "id": 223,
        "name": "LATERAL C1 COMBI THRESHER CROSSING & TO1 (0+523.4)",
        "type": "Turnout",
        "structure": "COMBI THR X-ING & TURNOUT",
        "station": "STA 0+523.4",
        "stationing": null,
        "ele": 18.083,
        "images": "DSC00685.jpg",
        "desc": null,
        "comment": null,
        "time": "2023-05-15",
        "Structure_Category": "Turnout (TO)",
        "canal_name": "LATERAL C",
        "station_m": 523.4,
        "elevation_m": 18.083
      }
    },
    {
      "type": "Feature",
      "id": 225,
      "geometry": {
        "type": "Point",
        "coordinates": [
          121.183302,
          13.341451
        ]
      },
      "properties": {
        "id": 225,
        "name": "LATERAL C1 TO 2 (0+844.3)",
        "type": "Turnout",
        "structure": "TURNOUT",
        "station": "STA 0+844.3",
        "stationing": null,
        "ele": 15.102,
        "images": "DSC00687.jpg",
        "desc": null,
        "comment": null,
        "time": "2023-05-15",
        "Structure_Category": "Turnout (TO)",
        "canal_name": "LATERAL C",
        "station_m": 844.3,
        "elevation_m": 15.102
      }
    },
    {
      "type": "Feature",
      "id": 254,
      "geometry": {
        "type": "Point",
        "coordinates": [
          121.178102,
          13.33192
        ]
      },
      "properties": {
        "id": 254,
        "name": "LATERAL C THRESHER CROSSING (3+086)",
        "type": "Thresher Crossing",
        "structure": "THRESHER CROSSING",
        "station": "STA 3+086.0",
        "stationing": null,
        "ele": 29.803,
        "images": "DSC00640.jpg",
        "desc": null,
        "comment": null,
        "time": "2023-05-12",
        "Structure_Category": "Thresher Crossing",
        "canal_name": "LATERAL C",
        "station_m": 3086,
        "elevation_m": 29.803
      }
    },
    {
      "type": "Feature",
      "id": 579,
      "geometry": {
        "type": "Point",
        "coordinates": [
          121.139595,
          13.336583
        ]
      },
      "properties": {
        "id": 579,
        "name": "LATERAL A THRESHER CROSSING (5+938)",
        "type": "Thresher Crossing",
        "structure": "THRESHER CROSSING",
        "station": "STA 5+938.0",
        "stationing": null,
        "ele": 24.171,
        "images": "DSC00658.jpg",
        "desc": null,
        "comment": "2023-05-25 11:51:39am",
        "time": "2023-05-25",
        "Structure_Category": "Thresher Crossing",
        "canal_name": "LATERAL A",
        "station_m": 5938,
        "elevation_m": 24.171
      }
    },
    {
      "type": "Feature",
      "id": 837,
      "geometry": {
        "type": "Point",
        "coordinates": [
          121.128548,
          13.274233
        ]
      },
      "properties": {
        "id": 837,
        "name": "BAYOG LATERAL A1 INLET ROAD CROSSING (0+607.6)",
        "type": "Inlet",
        "structure": "INLET RD X-ING",
        "station": "STA 0+607.6",
        "stationing": null,
        "ele": 16.201,
        "images": "DSC01119.jpg",
        "desc": null,
        "comment": null,
        "time": "2023-08-23",
        "Structure_Category": "Inlet",
        "canal_name": "BAYOG SUB LATERAL A1",
        "station_m": 607.6,
        "elevation_m": 16.201
      }
    },
    {
      "type": "Feature",
      "id": 1049,
      "geometry": {
        "type": "Point",
        "coordinates": [
          121.215812,
          13.337484
        ]
      },
      "properties": {
        "id": 1049,
        "name": "LATERAL B2A-1 INLET ROAD CROSSING (0+240)",
        "type": "Inlet",
        "structure": "INLET RD X-ING",
        "station": "STA 0+240.0",
        "stationing": null,
        "ele": 0,
        "images": null,
        "desc": null,
        "comment": null,
        "time": "2024-08-14",
        "Structure_Category": "Inlet",
        "canal_name": "LATERAL B",
        "station_m": 240,
        "elevation_m": 0
      }
    },
    {
      "type": "Feature",
      "id": 839,
      "geometry": {
        "type": "Point",
        "coordinates": [
          121.129769,
          13.277672
        ]
      },
      "properties": {
        "id": 839,
        "name": "BAYOG LATERAL A1 DRAINAGE CROSSING (1+018.5)",
        "type": "Drainage",
        "structure": "DRAINAGE CROSSING",
        "station": "STA 1+018.5",
        "stationing": null,
        "ele": 22.658,
        "images": "DSC01121.jpg",
        "desc": null,
        "comment": null,
        "time": "2023-08-23",
        "Structure_Category": "Drainage",
        "canal_name": "BAYOG SUB LATERAL A1",
        "station_m": 1018.5,
        "elevation_m": 22.658
      }
    },
    {
      "type": "Feature",
      "id": 581,
      "geometry": {
        "type": "Point",
        "coordinates": [
          121.140236,
          13.339514
        ]
      },
      "properties": {
        "id": 581,
        "name": "LATERAL A TO 4 (6+286)",
        "type": "Turnout",
        "structure": "TURNOUT",
        "station": "STA 6+286.0",
        "stationing": null,
        "ele": 24.233,
        "images": "DSC00660.jpg",
        "desc": null,
        "comment": "2023-05-25 11:57:12am",
        "time": "2023-05-25",
        "Structure_Category": "Turnout (TO)",
        "canal_name": "LATERAL A",
        "station_m": 6286,
        "elevation_m": 24.233
      }
    },
    {
      "type": "Feature",
      "id": 629,
      "geometry": {
        "type": "Point",
        "coordinates": [
          121.133059,
          13.382747
        ]
      },
      "properties": {
        "id": 629,
        "name": "LATERAL A TO 14 (13+516)",
        "type": "Turnout",
        "structure": "TURNOUT",
        "station": "STA 13+516.0",
        "stationing": null,
        "ele": 5.27,
        "images": "DSC00875.jpg",
        "desc": null,
        "comment": null,
        "time": "2023-07-19",
        "Structure_Category": "Turnout (TO)",
        "canal_name": "LATERAL A",
        "station_m": 13516,
        "elevation_m": 5.27
      }
    },
    {
      "type": "Feature",
      "id": 235,
      "geometry": {
        "type": "Point",
        "coordinates": [
          121.173421,
          13.308052
        ]
      },
      "properties": {
        "id": 235,
        "name": "LATERAL C TO 1 (0+038)",
        "type": "Turnout",
        "structure": "TURNOUT",
        "station": "STA 0+038.0",
        "stationing": null,
        "ele": 34.817,
        "images": "DSC00622.jpg",
        "desc": null,
        "comment": null,
        "time": "2023-05-12",
        "Structure_Category": "Turnout (TO)",
        "canal_name": "LATERAL C",
        "station_m": 38,
        "elevation_m": 34.817
      }
    },
    {
      "type": "Feature",
      "id": 247,
      "geometry": {
        "type": "Point",
        "coordinates": [
          121.181072,
          13.322949
        ]
      },
      "properties": {
        "id": 247,
        "name": "LATERAL C TO 3 (1+988.7)",
        "type": "Turnout",
        "structure": "TURNOUT",
        "station": "STA 1+988.7",
        "stationing": null,
        "ele": 15.663,
        "images": "DSC00634.jpg",
        "desc": null,
        "comment": null,
        "time": "2023-05-12",
        "Structure_Category": "Turnout (TO)",
        "canal_name": "LATERAL C",
        "station_m": 1988.7,
        "elevation_m": 15.663
      }
    },
    {
      "type": "Feature",
      "id": 248,
      "geometry": {
        "type": "Point",
        "coordinates": [
          121.181288,
          13.324914
        ]
      },
      "properties": {
        "id": 248,
        "name": "LATERAL C TO 4 (2+228)",
        "type": "Turnout",
        "structure": "TURNOUT",
        "station": "STA 2+228.0",
        "stationing": null,
        "ele": 15.935,
        "images": "DSC00635.jpg",
        "desc": null,
        "comment": null,
        "time": "2023-05-12",
        "Structure_Category": "Turnout (TO)",
        "canal_name": "LATERAL C",
        "station_m": 2228,
        "elevation_m": 15.935
      }
    },
    {
      "type": "Feature",
      "id": 239,
      "geometry": {
        "type": "Point",
        "coordinates": [
          121.175068,
          13.314755
        ]
      },
      "properties": {
        "id": 239,
        "name": "LATERAL C COMBI THRESHER CROSSING & TO 2 (0+809.3)",
        "type": "Turnout",
        "structure": "COMBI THR X-ING & TURNOUT",
        "station": "STA 0+809.3",
        "stationing": null,
        "ele": 43.517,
        "images": "DSC00626.jpg",
        "desc": null,
        "comment": null,
        "time": "2023-05-12",
        "Structure_Category": "Turnout (TO)",
        "canal_name": "LATERAL C",
        "station_m": 809.3,
        "elevation_m": 43.517
      }
    },
    {
      "type": "Feature",
      "id": 249,
      "geometry": {
        "type": "Point",
        "coordinates": [
          121.181256,
          13.325599
        ]
      },
      "properties": {
        "id": 249,
        "name": "LATERAL C COMBI TRESHER CROSSING & TO (2+302)",
        "type": "Turnout",
        "structure": "COMBI THR X-ING & TURNOUT",
        "station": "STA 2+302.0",
        "stationing": null,
        "ele": 17.56,
        "images": "DSC00636.jpg",
        "desc": null,
        "comment": null,
        "time": "2023-05-12",
        "Structure_Category": "Turnout (TO)",
        "canal_name": "LATERAL C",
        "station_m": 2302,
        "elevation_m": 17.56
      }
    },
    {
      "type": "Feature",
      "id": 603,
      "geometry": {
        "type": "Point",
        "coordinates": [
          121.122937,
          13.37317
        ]
      },
      "properties": {
        "id": 603,
        "name": "LATERAL A THRESHER CROSSING (11+689)",
        "type": "Thresher Crossing",
        "structure": "THRESHER CROSSING",
        "station": "STA 11+689.0",
        "stationing": null,
        "ele": 8.952,
        "images": "DSC00682.jpg",
        "desc": null,
        "comment": "2023-05-26 9:56:00am",
        "time": "2023-05-26",
        "Structure_Category": "Thresher Crossing",
        "canal_name": "LATERAL A",
        "station_m": 11689,
        "elevation_m": 8.952
      }
    },
    {
      "type": "Feature",
      "id": 711,
      "geometry": {
        "type": "Point",
        "coordinates": [
          121.155095,
          13.297988
        ]
      },
      "properties": {
        "id": 711,
        "name": "LATERAL A1 ROAD CROSSING (0+349)",
        "type": "Road Crossing",
        "structure": "RD X-ING",
        "station": "STA 0+349.0",
        "stationing": null,
        "ele": 16.863,
        "images": "DSC00960.jpg",
        "desc": null,
        "comment": null,
        "time": "2023-07-27",
        "Structure_Category": "Road Crossing",
        "canal_name": "LATERAL A",
        "station_m": 349,
        "elevation_m": 16.863
      }
    },
    {
      "type": "Feature",
      "id": 716,
      "geometry": {
        "type": "Point",
        "coordinates": [
          121.148515,
          13.298753
        ]
      },
      "properties": {
        "id": 716,
        "name": "LATERAL A1 OUTLET SIPHON (1+129)",
        "type": "Siphon",
        "structure": "OUTLET SIPHON",
        "station": "STA 1+129.0",
        "stationing": null,
        "ele": 93.048,
        "images": "DSC00966.jpg",
        "desc": null,
        "comment": null,
        "time": "2023-07-27",
        "Structure_Category": "Siphon",
        "canal_name": "LATERAL A",
        "station_m": 1129,
        "elevation_m": 93.048
      }
    },
    {
      "type": "Feature",
      "id": 3,
      "geometry": {
        "type": "Point",
        "coordinates": [
          121.128099,
          13.256838
        ]
      },
      "properties": {
        "id": 3,
        "name": "MAIN CANAL OUTLET (3+003.8)",
        "type": "Outlet",
        "structure": "OUTLET",
        "station": "STA 3+003.8",
        "stationing": null,
        "ele": 17.701,
        "images": "DSC00423.jpg",
        "desc": null,
        "comment": null,
        "time": "2023-04-24",
        "Structure_Category": "Outlet",
        "canal_name": "MAIN CANAL",
        "station_m": 3003.8,
        "elevation_m": 17.701
      }
    },
    {
      "type": "Feature",
      "id": 642,
      "geometry": {
        "type": "Point",
        "coordinates": [
          121.158984,
          13.304636
        ]
      },
      "properties": {
        "id": 642,
        "name": "LATERAL A2 OUTLET ROAD CROSSING (0+632.5)",
        "type": "Outlet",
        "structure": "OUTLET RD X-ING",
        "station": "STA 0+632.5",
        "stationing": null,
        "ele": 11.09,
        "images": "DSC00889.jpg",
        "desc": null,
        "comment": null,
        "time": "2023-07-21",
        "Structure_Category": "Outlet",
        "canal_name": "LATERAL A",
        "station_m": 632.5,
        "elevation_m": 11.09
      }
    },
    {
      "type": "Feature",
      "id": 646,
      "geometry": {
        "type": "Point",
        "coordinates": [
          121.159407,
          13.308043
        ]
      },
      "properties": {
        "id": 646,
        "name": "LATERAL A2 OUTLET ROAD CROSSING (1+010)",
        "type": "Outlet",
        "structure": "OUTLET RD X-ING",
        "station": "STA 1+010.0",
        "stationing": null,
        "ele": 55.497,
        "images": "DSC00893.jpg",
        "desc": null,
        "comment": null,
        "time": "2023-07-21",
        "Structure_Category": "Outlet",
        "canal_name": "LATERAL A",
        "station_m": 1010,
        "elevation_m": 55.497
      }
    },
    {
      "type": "Feature",
      "id": 648,
      "geometry": {
        "type": "Point",
        "coordinates": [
          121.159525,
          13.309233
        ]
      },
      "properties": {
        "id": 648,
        "name": "LATERAL A2 OUTLET ROAD CROSSING (1+161.1)",
        "type": "Outlet",
        "structure": "OUTLET RD X-ING",
        "station": "STA 1+161.1",
        "stationing": null,
        "ele": 49.331,
        "images": "DSC00895.jpg",
        "desc": null,
        "comment": null,
        "time": "2023-07-21",
        "Structure_Category": "Outlet",
        "canal_name": "LATERAL A",
        "station_m": 1161.1,
        "elevation_m": 49.331
      }
    },
    {
      "type": "Feature",
      "id": 668,
      "geometry": {
        "type": "Point",
        "coordinates": [
          121.156036,
          13.320227
        ]
      },
      "properties": {
        "id": 668,
        "name": "LATERAL A2 OUTLET (2+569)",
        "type": "Outlet",
        "structure": "OUTLET",
        "station": "STA 2+569.0",
        "stationing": null,
        "ele": 4.35,
        "images": "DSC00917.jpg",
        "desc": null,
        "comment": null,
        "time": "2023-07-24",
        "Structure_Category": "Outlet",
        "canal_name": "LATERAL A",
        "station_m": 2569,
        "elevation_m": 4.35
      }
    },
    {
      "type": "Feature",
      "id": 713,
      "geometry": {
        "type": "Point",
        "coordinates": [
          121.15174,
          13.29747
        ]
      },
      "properties": {
        "id": 713,
        "name": "LATERAL A1 OUTLET ROAD CROSSING (0+718)",
        "type": "Outlet",
        "structure": "OUTLET RD X-ING",
        "station": "STA 0+718.0",
        "stationing": null,
        "ele": 22.31,
        "images": "DSC00963.jpg",
        "desc": null,
        "comment": null,
        "time": "2023-07-27",
        "Structure_Category": "Outlet",
        "canal_name": "LATERAL A",
        "station_m": 718,
        "elevation_m": 22.31
      }
    },
    {
      "type": "Feature",
      "id": 845,
      "geometry": {
        "type": "Point",
        "coordinates": [
          121.104459,
          13.283289
        ]
      },
      "properties": {
        "id": 845,
        "name": "BAYOG LATERAL A2 OUTLET ROAD CROSSING (2+351.8)",
        "type": "Outlet",
        "structure": "OUTLET RD X-ING",
        "station": "STA 2+351.8",
        "stationing": null,
        "ele": 55.631,
        "images": "DSC01127.jpg",
        "desc": null,
        "comment": null,
        "time": "2023-08-23",
        "Structure_Category": "Outlet",
        "canal_name": "BAYOG SUB LATERAL A2",
        "station_m": 2351.8,
        "elevation_m": 55.631
      }
    },
    {
      "type": "Feature",
      "id": 218,
      "geometry": {
        "type": "Point",
        "coordinates": [
          121.183387,
          13.37069
        ]
      },
      "properties": {
        "id": 218,
        "name": "LATERAL C END OF CANALA (7+990)",
        "type": "Other Structures",
        "structure": "END OF CANAL",
        "station": "STA 7+990.0",
        "stationing": null,
        "ele": 30.114,
        "images": "DSC00680.jpg",
        "desc": null,
        "comment": null,
        "time": "2023-05-15",
        "Structure_Category": "Other Structures",
        "canal_name": "LATERAL C",
        "station_m": 7990,
        "elevation_m": 30.114
      }
    },
    {
      "type": "Feature",
      "id": 2,
      "geometry": {
        "type": "Point",
        "coordinates": [
          121.128088,
          13.256628
        ]
      },
      "properties": {
        "id": 2,
        "name": "MAIN CANAL BULLCART 1 (2+980.7)",
        "type": "Inlet",
        "structure": "THRESHER CROSSING",
        "station": "STA 2+980.7",
        "stationing": null,
        "ele": 18.108,
        "images": "DSC00422.jpg",
        "desc": null,
        "comment": null,
        "time": "2023-04-24",
        "Structure_Category": "Inlet",
        "canal_name": "MAIN CANAL",
        "station_m": 2980.7,
        "elevation_m": 18.108
      }
    },
    {
      "type": "Feature",
      "id": 641,
      "geometry": {
        "type": "Point",
        "coordinates": [
          121.15895,
          13.30432
        ]
      },
      "properties": {
        "id": 641,
        "name": "LATERAL A2 INLET ROAD CROSSING (0+597.4)",
        "type": "Inlet",
        "structure": "INLET RD X-ING",
        "station": "STA 0+597.4",
        "stationing": null,
        "ele": 12.503,
        "images": "DSC00887.jpg",
        "desc": null,
        "comment": null,
        "time": "2023-07-21",
        "Structure_Category": "Inlet",
        "canal_name": "LATERAL A",
        "station_m": 597.4,
        "elevation_m": 12.503
      }
    },
    {
      "type": "Feature",
      "id": 206,
      "geometry": {
        "type": "Point",
        "coordinates": [
          121.180785,
          13.359256
        ]
      },
      "properties": {
        "id": 206,
        "name": "LATERAL C TRESHER CROSSING (6+440)",
        "type": "Thresher Crossing",
        "structure": "THRESHER CROSSING",
        "station": "STA 6+440.0",
        "stationing": null,
        "ele": 30.466,
        "images": "DSC00668.jpg",
        "desc": null,
        "comment": null,
        "time": "2023-05-15",
        "Structure_Category": "Thresher Crossing",
        "canal_name": "LATERAL C",
        "station_m": 6440,
        "elevation_m": 30.466
      }
    },
    {
      "type": "Feature",
      "id": 643,
      "geometry": {
        "type": "Point",
        "coordinates": [
          121.159165,
          13.306492
        ]
      },
      "properties": {
        "id": 643,
        "name": "LATERAL A2 INLET ROAD CROSSING (0+851.8)",
        "type": "Inlet",
        "structure": "INLET RD X-ING",
        "station": "STA 0+851.8",
        "stationing": null,
        "ele": 12.228,
        "images": "DSC00890.jpg",
        "desc": null,
        "comment": null,
        "time": "2023-07-21",
        "Structure_Category": "Inlet",
        "canal_name": "LATERAL A",
        "station_m": 851.8,
        "elevation_m": 12.228
      }
    },
    {
      "type": "Feature",
      "id": 662,
      "geometry": {
        "type": "Point",
        "coordinates": [
          121.156444,
          13.315716
        ]
      },
      "properties": {
        "id": 662,
        "name": "LATERAL A2 INLET ROAD CROSSING (2+012)",
        "type": "Inlet",
        "structure": "INLET RD X-ING",
        "station": "STA 2+012.0",
        "stationing": null,
        "ele": 26.306,
        "images": "DSC00909.jpg",
        "desc": null,
        "comment": null,
        "time": "2023-07-21",
        "Structure_Category": "Inlet",
        "canal_name": "LATERAL A",
        "station_m": 2012,
        "elevation_m": 26.306
      }
    },
    {
      "type": "Feature",
      "id": 712,
      "geometry": {
        "type": "Point",
        "coordinates": [
          121.151849,
          13.297459
        ]
      },
      "properties": {
        "id": 712,
        "name": "LATERAL A1 INLET ROAD CROSSING (0+705.4)",
        "type": "Inlet",
        "structure": "INLET RD X-ING",
        "station": "STA 0+705.4",
        "stationing": null,
        "ele": 20.8,
        "images": "DSC00962.jpg",
        "desc": null,
        "comment": null,
        "time": "2023-07-27",
        "Structure_Category": "Inlet",
        "canal_name": "LATERAL A",
        "station_m": 705.4,
        "elevation_m": 20.8
      }
    },
    {
      "type": "Feature",
      "id": 262,
      "geometry": {
        "type": "Point",
        "coordinates": [
          121.177256,
          13.338118
        ]
      },
      "properties": {
        "id": 262,
        "name": "LATERAL C LATERAL C1 HEADGATE (3+826)",
        "type": "Head Gate",
        "structure": "LATERAL C1 HEADGATE",
        "station": "STA 3+826.0",
        "stationing": null,
        "ele": 21.799,
        "images": "DSC00648.jpg",
        "desc": null,
        "comment": null,
        "time": "2023-05-12",
        "Structure_Category": "Head Gate",
        "canal_name": "LATERAL C",
        "station_m": 3826,
        "elevation_m": 21.799
      }
    },
    {
      "type": "Feature",
      "id": 255,
      "geometry": {
        "type": "Point",
        "coordinates": [
          121.177516,
          13.332844
        ]
      },
      "properties": {
        "id": 255,
        "name": "LATERAL C TRESHER CROSSING (3+206)",
        "type": "Thresher Crossing",
        "structure": "THRESHER CROSSING",
        "station": "STA 3+206.0",
        "stationing": null,
        "ele": 27.897,
        "images": "DSC00641.jpg",
        "desc": null,
        "comment": null,
        "time": "2023-05-12",
        "Structure_Category": "Thresher Crossing",
        "canal_name": "LATERAL C",
        "station_m": 3206,
        "elevation_m": 27.897
      }
    },
    {
      "type": "Feature",
      "id": 257,
      "geometry": {
        "type": "Point",
        "coordinates": [
          121.176924,
          13.334061
        ]
      },
      "properties": {
        "id": 257,
        "name": "LATERAL C TRESHER CROSSING (3+360)",
        "type": "Thresher Crossing",
        "structure": "THRESHER CROSSING",
        "station": "STA 3+360.0",
        "stationing": null,
        "ele": 27.045,
        "images": "DSC00643.jpg",
        "desc": null,
        "comment": null,
        "time": "2023-05-12",
        "Structure_Category": "Thresher Crossing",
        "canal_name": "LATERAL C",
        "station_m": 3360,
        "elevation_m": 27.045
      }
    },
    {
      "type": "Feature",
      "id": 208,
      "geometry": {
        "type": "Point",
        "coordinates": [
          121.182112,
          13.359498
        ]
      },
      "properties": {
        "id": 208,
        "name": "LATERAL C DRAINAGE CROSSING (6+578)",
        "type": "Drainage",
        "structure": "DRAINAGE CROSSING",
        "station": "STA 6+578.0",
        "stationing": null,
        "ele": 29.34,
        "images": "DSC00670.jpg",
        "desc": null,
        "comment": null,
        "time": "2023-05-15",
        "Structure_Category": "Drainage",
        "canal_name": "LATERAL C",
        "station_m": 6578,
        "elevation_m": 29.34
      }
    },
    {
      "type": "Feature",
      "id": 207,
      "geometry": {
        "type": "Point",
        "coordinates": [
          121.180872,
          13.359278
        ]
      },
      "properties": {
        "id": 207,
        "name": "LATERAL C TO 13 (6+442)",
        "type": "Turnout",
        "structure": "TURNOUT",
        "station": "STA 6+442.0",
        "stationing": null,
        "ele": 28.735,
        "images": "DSC00669.jpg",
        "desc": null,
        "comment": null,
        "time": "2023-05-15",
        "Structure_Category": "Turnout (TO)",
        "canal_name": "LATERAL C",
        "station_m": 6442,
        "elevation_m": 28.735
      }
    },
    {
      "type": "Feature",
      "id": 256,
      "geometry": {
        "type": "Point",
        "coordinates": [
          121.17711,
          13.333683
        ]
      },
      "properties": {
        "id": 256,
        "name": "LATERAL C DRAINAGE CROSSING (3+309)",
        "type": "Drainage",
        "structure": "DRAINAGE CROSSING",
        "station": "STA 3+309.0",
        "stationing": null,
        "ele": 26.681,
        "images": "DSC00642.jpg",
        "desc": null,
        "comment": null,
        "time": "2023-05-12",
        "Structure_Category": "Drainage",
        "canal_name": "LATERAL C",
        "station_m": 3309,
        "elevation_m": 26.681
      }
    },
    {
      "type": "Feature",
      "id": 647,
      "geometry": {
        "type": "Point",
        "coordinates": [
          121.159456,
          13.309063
        ]
      },
      "properties": {
        "id": 647,
        "name": "LATERAL A2 INLET ROAD CROSSING & TO 2 (1+130)",
        "type": "Turnout",
        "structure": "COMBI INLET RD X-ING & TURNOUT",
        "station": "STA 1+130.0",
        "stationing": null,
        "ele": 50.766,
        "images": "DSC00894.jpg",
        "desc": null,
        "comment": null,
        "time": "2023-07-21",
        "Structure_Category": "Turnout (TO)",
        "canal_name": "LATERAL A",
        "station_m": 1130,
        "elevation_m": 50.766
      }
    },
    {
      "type": "Feature",
      "id": 308,
      "geometry": {
        "type": "Point",
        "coordinates": [
          121.169366,
          13.301088
        ]
      },
      "properties": {
        "id": 308,
        "name": "LATERAL B TO 1 (0+128)",
        "type": "Turnout",
        "structure": "TURNOUT",
        "station": "STA 0+128.0",
        "stationing": null,
        "ele": 19.369,
        "images": "DSC00502.jpg",
        "desc": null,
        "comment": "2023-05-12 9:57:52am",
        "time": "2023-05-12",
        "Structure_Category": "Turnout (TO)",
        "canal_name": "LATERAL B",
        "station_m": 128,
        "elevation_m": 19.369
      }
    },
    {
      "type": "Feature",
      "id": 260,
      "geometry": {
        "type": "Point",
        "coordinates": [
          121.177165,
          13.336877
        ]
      },
      "properties": {
        "id": 260,
        "name": "LATERAL C TO 7 (3+688)",
        "type": "Turnout",
        "structure": "TURNOUT",
        "station": "STA 3+688.0",
        "stationing": null,
        "ele": 20.961,
        "images": "DSC00646.jpg",
        "desc": null,
        "comment": null,
        "time": "2023-05-12",
        "Structure_Category": "Turnout (TO)",
        "canal_name": "LATERAL C",
        "station_m": 3688,
        "elevation_m": 20.961
      }
    },
    {
      "type": "Feature",
      "id": 261,
      "geometry": {
        "type": "Point",
        "coordinates": [
          121.177233,
          13.337547
        ]
      },
      "properties": {
        "id": 261,
        "name": "LATERAL C TO 8 (3+764)",
        "type": "Turnout",
        "structure": "TURNOUT",
        "station": "STA 3+764.0",
        "stationing": null,
        "ele": 22.87,
        "images": "DSC00647.jpg",
        "desc": null,
        "comment": null,
        "time": "2023-05-12",
        "Structure_Category": "Turnout (TO)",
        "canal_name": "LATERAL C",
        "station_m": 3764,
        "elevation_m": 22.87
      }
    },
    {
      "type": "Feature",
      "id": 35,
      "geometry": {
        "type": "Point",
        "coordinates": [
          121.155824,
          13.28423
        ]
      },
      "properties": {
        "id": 35,
        "name": "MAIN CANAL BULLCART 4 (7+482.4)",
        "type": "Thresher Crossing",
        "structure": "THRESHER CROSSING",
        "station": "STA 7+482.4",
        "stationing": null,
        "ele": 13.324,
        "images": "DSC00452.jpg",
        "desc": null,
        "comment": null,
        "time": "2023-04-28",
        "Structure_Category": "Thresher Crossing",
        "canal_name": "MAIN CANAL",
        "station_m": 7482.4,
        "elevation_m": 13.324
      }
    },
    {
      "type": "Feature",
      "id": 318,
      "geometry": {
        "type": "Point",
        "coordinates": [
          121.181691,
          13.312319
        ]
      },
      "properties": {
        "id": 318,
        "name": "LATERAL B TO 2 (2+107.5)",
        "type": "Turnout",
        "structure": "TURNOUT",
        "station": "STA 2+107.5",
        "stationing": null,
        "ele": 17.863,
        "images": "DSC00513.jpg",
        "desc": null,
        "comment": "2023-05-15 10:18:35am",
        "time": "2023-05-15",
        "Structure_Category": "Turnout (TO)",
        "canal_name": "LATERAL B",
        "station_m": 2107.5,
        "elevation_m": 17.863
      }
    },
    {
      "type": "Feature",
      "id": 49,
      "geometry": {
        "type": "Point",
        "coordinates": [
          121.165014,
          13.327051
        ]
      },
      "properties": {
        "id": 49,
        "name": "MAIN CANAL BULLCART 8 (13+178.2)",
        "type": "Thresher Crossing",
        "structure": "THRESHER CROSSING",
        "station": "STA 13+178.2",
        "stationing": null,
        "ele": 5.128,
        "images": "DSC00479.jpg",
        "desc": null,
        "comment": null,
        "time": "2023-05-03",
        "Structure_Category": "Thresher Crossing",
        "canal_name": "MAIN CANAL",
        "station_m": 13178.2,
        "elevation_m": 5.128
      }
    },
    {
      "type": "Feature",
      "id": 720,
      "geometry": {
        "type": "Point",
        "coordinates": [
          121.140527,
          13.301749
        ]
      },
      "properties": {
        "id": 720,
        "name": "LATERAL A1 INLET ROAD CROSSING (2+120)",
        "type": "Thresher Crossing",
        "structure": "INLET RD X-ING",
        "station": "STA 2+120.0",
        "stationing": null,
        "ele": 65.801,
        "images": "DSC00970.jpg",
        "desc": null,
        "comment": null,
        "time": "2023-07-27",
        "Structure_Category": "Thresher Crossing",
        "canal_name": "LATERAL A",
        "station_m": 2120,
        "elevation_m": 65.801
      }
    },
    {
      "type": "Feature",
      "id": 56,
      "geometry": {
        "type": "Point",
        "coordinates": [
          121.1644,
          13.330281
        ]
      },
      "properties": {
        "id": 56,
        "name": "MAIN CANAL BULLCART 10 (13+543)",
        "type": "Thresher Crossing",
        "structure": "THRESHER CROSSING",
        "station": "STA 13+543.0",
        "stationing": null,
        "ele": 16.629,
        "images": "DSC00486.jpg",
        "desc": null,
        "comment": null,
        "time": "2023-05-03",
        "Structure_Category": "Thresher Crossing",
        "canal_name": "MAIN CANAL",
        "station_m": 13543,
        "elevation_m": 16.629
      }
    },
    {
      "type": "Feature",
      "id": 286,
      "geometry": {
        "type": "Point",
        "coordinates": [
          121.186891,
          13.360626
        ]
      },
      "properties": {
        "id": 286,
        "name": "LATERAL C3 COMBI THRESHER CROSSING & TO 1 (0+400)",
        "type": "Turnout",
        "structure": "COMBI THR X-ING & TURNOUT",
        "station": "STA 0+400.0",
        "stationing": null,
        "ele": 32.667,
        "images": "DSC00713.jpg",
        "desc": null,
        "comment": null,
        "time": "2023-05-19",
        "Structure_Category": "Turnout (TO)",
        "canal_name": "LATERAL C",
        "station_m": 400,
        "elevation_m": 32.667
      }
    },
    {
      "type": "Feature",
      "id": 726,
      "geometry": {
        "type": "Point",
        "coordinates": [
          121.138025,
          13.311369
        ]
      },
      "properties": {
        "id": 726,
        "name": "LATERAL A1 INLET SIPHON (3+262)",
        "type": "Siphon",
        "structure": "INLET SIPHON",
        "station": "STA 3+262.0",
        "stationing": null,
        "ele": 16.673,
        "images": "DSC00976.jpg",
        "desc": null,
        "comment": null,
        "time": "2023-07-27",
        "Structure_Category": "Siphon",
        "canal_name": "LATERAL A",
        "station_m": 3262,
        "elevation_m": 16.673
      }
    },
    {
      "type": "Feature",
      "id": 744,
      "geometry": {
        "type": "Point",
        "coordinates": [
          121.120897,
          13.268877
        ]
      },
      "properties": {
        "id": 744,
        "name": "LATERAL A EXTENSION INLET SIPHON (1+324.7)",
        "type": "Siphon",
        "structure": "INLET SIPHON",
        "station": "STA 1+324.7",
        "stationing": null,
        "ele": 32.974,
        "images": "DSC00993.jpg",
        "desc": null,
        "comment": null,
        "time": "2023-08-08",
        "Structure_Category": "Siphon",
        "canal_name": "LATERAL A",
        "station_m": 1324.7,
        "elevation_m": 32.974
      }
    },
    {
      "type": "Feature",
      "id": 757,
      "geometry": {
        "type": "Point",
        "coordinates": [
          121.117073,
          13.285003
        ]
      },
      "properties": {
        "id": 757,
        "name": "LATERAL A EXTENSION COMBI CHECK & TO & ROAD CROSSING (3+712)",
        "type": "Road Crossing",
        "structure": "COMBI CHECK & RD X-ING & TURNOUT",
        "station": "STA 3+712.0",
        "stationing": null,
        "ele": 32.305,
        "images": "DSC01005.jpg",
        "desc": null,
        "comment": null,
        "time": "2023-08-08",
        "Structure_Category": "Road Crossing",
        "canal_name": "LATERAL A",
        "station_m": 3712,
        "elevation_m": 32.305
      }
    },
    {
      "type": "Feature",
      "id": 289,
      "geometry": {
        "type": "Point",
        "coordinates": [
          121.188842,
          13.363762
        ]
      },
      "properties": {
        "id": 289,
        "name": "LATERAL C3 OUTLET ROAD CROSSING (0+842)",
        "type": "Outlet",
        "structure": "OUTLET RD X-ING",
        "station": "STA 0+842.0",
        "stationing": null,
        "ele": 29.888,
        "images": "DSC00716.jpg",
        "desc": null,
        "comment": null,
        "time": "2023-05-19",
        "Structure_Category": "Outlet",
        "canal_name": "LATERAL C",
        "station_m": 842,
        "elevation_m": 29.888
      }
    },
    {
      "type": "Feature",
      "id": 320,
      "geometry": {
        "type": "Point",
        "coordinates": [
          121.184733,
          13.313939
        ]
      },
      "properties": {
        "id": 320,
        "name": "LATERAL B OUTLET ROAD CROSSING (2+498)",
        "type": "Outlet",
        "structure": "OUTLET RD X-ING",
        "station": "STA 2+498.0",
        "stationing": null,
        "ele": 20.262,
        "images": "DSC00515.jpg",
        "desc": null,
        "comment": "2023-05-15 10:26:53am",
        "time": "2023-05-15",
        "Structure_Category": "Outlet",
        "canal_name": "LATERAL B",
        "station_m": 2498,
        "elevation_m": 20.262
      }
    },
    {
      "type": "Feature",
      "id": 326,
      "geometry": {
        "type": "Point",
        "coordinates": [
          121.193446,
          13.321635
        ]
      },
      "properties": {
        "id": 326,
        "name": "LATERAL B OUTLET (3+872.6)",
        "type": "Outlet",
        "structure": "OUTLET",
        "station": "STA 3+872.6",
        "stationing": null,
        "ele": 22.033,
        "images": "DSC00521.jpg",
        "desc": null,
        "comment": "2023-05-15 11:13:29am",
        "time": "2023-05-15",
        "Structure_Category": "Outlet",
        "canal_name": "LATERAL B",
        "station_m": 3872.6,
        "elevation_m": 22.033
      }
    },
    {
      "type": "Feature",
      "id": 727,
      "geometry": {
        "type": "Point",
        "coordinates": [
          121.138103,
          13.311728
        ]
      },
      "properties": {
        "id": 727,
        "name": "LATERAL A1 OUTLET SIPHON (3+302)",
        "type": "Outlet",
        "structure": "OUTLET SIPHON",
        "station": "STA 3+302.0",
        "stationing": null,
        "ele": 15.787,
        "images": "DSC00977.jpg",
        "desc": null,
        "comment": null,
        "time": "2023-07-27",
        "Structure_Category": "Outlet",
        "canal_name": "LATERAL A",
        "station_m": 3302,
        "elevation_m": 15.787
      }
    },
    {
      "type": "Feature",
      "id": 730,
      "geometry": {
        "type": "Point",
        "coordinates": [
          121.137799,
          13.313261
        ]
      },
      "properties": {
        "id": 730,
        "name": "LATERAL A1 OUTLET (3+480)",
        "type": "Outlet",
        "structure": "OUTLET",
        "station": "STA 3+480.0",
        "stationing": null,
        "ele": 18.011,
        "images": "DSC00979.jpg",
        "desc": null,
        "comment": null,
        "time": "2023-07-27",
        "Structure_Category": "Outlet",
        "canal_name": "LATERAL A",
        "station_m": 3480,
        "elevation_m": 18.011
      }
    },
    {
      "type": "Feature",
      "id": 738,
      "geometry": {
        "type": "Point",
        "coordinates": [
          121.125937,
          13.26906
        ]
      },
      "properties": {
        "id": 738,
        "name": "LATERAL A EXTENSION OUTLET SIPHON  (0+747)",
        "type": "Outlet",
        "structure": "OUTLET SIPHON",
        "station": "STA 0+747.0",
        "stationing": null,
        "ele": 39.352,
        "images": "DSC00987.jpg",
        "desc": null,
        "comment": null,
        "time": "2023-08-08",
        "Structure_Category": "Outlet",
        "canal_name": "LATERAL A",
        "station_m": 747,
        "elevation_m": 39.352
      }
    },
    {
      "type": "Feature",
      "id": 747,
      "geometry": {
        "type": "Point",
        "coordinates": [
          121.118757,
          13.268853
        ]
      },
      "properties": {
        "id": 747,
        "name": "LATERAL A EXTENSION OUTLET ROAD CROSSING (1+568)",
        "type": "Outlet",
        "structure": "OUTLET RD X-ING",
        "station": "STA 1+568.0",
        "stationing": null,
        "ele": 31.369,
        "images": "DSC00996.jpg",
        "desc": null,
        "comment": null,
        "time": "2023-08-08",
        "Structure_Category": "Outlet",
        "canal_name": "LATERAL A",
        "station_m": 1568,
        "elevation_m": 31.369
      }
    },
    {
      "type": "Feature",
      "id": 284,
      "geometry": {
        "type": "Point",
        "coordinates": [
          121.201372,
          13.362554
        ]
      },
      "properties": {
        "id": 284,
        "name": "LATERAL C2 END OF CANAL (3+248.6)",
        "type": "Other Structures",
        "structure": "END OF CANAL",
        "station": "STA 3+248.6",
        "stationing": null,
        "ele": 13.915,
        "images": "DSC00711.jpg",
        "desc": null,
        "comment": null,
        "time": "2023-05-18",
        "Structure_Category": "Other Structures",
        "canal_name": "LATERAL C",
        "station_m": 3248.6,
        "elevation_m": 13.915
      }
    },
    {
      "type": "Feature",
      "id": 282,
      "geometry": {
        "type": "Point",
        "coordinates": [
          121.193984,
          13.357421
        ]
      },
      "properties": {
        "id": 282,
        "name": "LATERAL C2 THRESHER CROSSING (2+179.7)",
        "type": "Thresher Crossing",
        "structure": "THRESHER CROSSING",
        "station": "STA 2+179.7",
        "stationing": null,
        "ele": 13.929,
        "images": "DSC00709.jpg",
        "desc": null,
        "comment": null,
        "time": "2023-05-18",
        "Structure_Category": "Thresher Crossing",
        "canal_name": "LATERAL C",
        "station_m": 2179.7,
        "elevation_m": 13.929
      }
    },
    {
      "type": "Feature",
      "id": 753,
      "geometry": {
        "type": "Point",
        "coordinates": [
          121.114334,
          13.277722
        ]
      },
      "properties": {
        "id": 753,
        "name": "LATERAL A EXTENSION OUTLET ROAD CROSSING (2+837)",
        "type": "Outlet",
        "structure": "OUTLET RD X-ING",
        "station": "STA 2+837.0",
        "stationing": null,
        "ele": 35.032,
        "images": "DSC01001.jpg",
        "desc": null,
        "comment": null,
        "time": "2023-08-08",
        "Structure_Category": "Outlet",
        "canal_name": "LATERAL A",
        "station_m": 2837,
        "elevation_m": 35.032
      }
    },
    {
      "type": "Feature",
      "id": 291,
      "geometry": {
        "type": "Point",
        "coordinates": [
          121.194029,
          13.362955
        ]
      },
      "properties": {
        "id": 291,
        "name": "LATERAL C3 START OF COVERED CANAL (1+457.4)",
        "type": "Other Structures",
        "structure": "START OF COVERED CANAL",
        "station": "STA 1+457.4",
        "stationing": null,
        "ele": 24.091,
        "images": "DSC00718.jpg",
        "desc": null,
        "comment": null,
        "time": "2023-05-19",
        "Structure_Category": "Other Structures",
        "canal_name": "LATERAL C",
        "station_m": 1457.4,
        "elevation_m": 24.091
      }
    },
    {
      "type": "Feature",
      "id": 850,
      "geometry": {
        "type": "Point",
        "coordinates": [
          121.105811,
          13.288933
        ]
      },
      "properties": {
        "id": 850,
        "name": "BAYOG LATERAL A2 END OF CANAL/ CHECK GATE (3+004.3)",
        "type": "Other Structures",
        "structure": "END OF CANAL/ CHECK GATE",
        "station": "STA 3+004.3",
        "stationing": null,
        "ele": 25.919,
        "images": "DSC01132.jpg",
        "desc": null,
        "comment": null,
        "time": "2023-08-23",
        "Structure_Category": "Other Structures",
        "canal_name": "BAYOG SUB LATERAL A2",
        "station_m": 3004.3,
        "elevation_m": 25.919
      }
    },
    {
      "type": "Feature",
      "id": 310,
      "geometry": {
        "type": "Point",
        "coordinates": [
          121.17396,
          13.303128
        ]
      },
      "properties": {
        "id": 310,
        "name": "LATERAL B THRESHER CROSSING (0+671.2)",
        "type": "Inlet",
        "structure": "THRESHER CROSSING",
        "station": "STA 0+671.2",
        "stationing": null,
        "ele": 18.464,
        "images": "DSC00505.jpg",
        "desc": null,
        "comment": "2023-05-12 10:07:53am",
        "time": "2023-05-12",
        "Structure_Category": "Inlet",
        "canal_name": "LATERAL B",
        "station_m": 671.2,
        "elevation_m": 18.464
      }
    },
    {
      "type": "Feature",
      "id": 748,
      "geometry": {
        "type": "Point",
        "coordinates": [
          121.116355,
          13.269494
        ]
      },
      "properties": {
        "id": 748,
        "name": "LATERAL A EXTENSION COMBI INLET ROAD CROSSING & LATERAL A2 HEAD GATE (1+840)",
        "type": "Head Gate",
        "structure": "COMBI INLET RD X-ING & LAT A2 HGATE",
        "station": "STA 1+840.0",
        "stationing": null,
        "ele": 33.596,
        "images": "DSC00997.jpg",
        "desc": null,
        "comment": null,
        "time": "2023-08-08",
        "Structure_Category": "Head Gate",
        "canal_name": "LATERAL A",
        "station_m": 1840,
        "elevation_m": 33.596
      }
    },
    {
      "type": "Feature",
      "id": 758,
      "geometry": {
        "type": "Point",
        "coordinates": [
          121.11946,
          13.289486
        ]
      },
      "properties": {
        "id": 758,
        "name": "LATERAL A EXTENSION COMBI INLET ROAD CROSSING & TO & LATERAL A3 EXTENSION HEADGATE (4+270)",
        "type": "Head Gate",
        "structure": "COMBI INLET RD X-ING & TURNOUT & LAT A3 EXT HGATE",
        "station": "STA 4+270.0",
        "stationing": null,
        "ele": 33.936,
        "images": "DSC01006.jpg",
        "desc": null,
        "comment": null,
        "time": "2023-08-08",
        "Structure_Category": "Head Gate",
        "canal_name": "LATERAL A",
        "station_m": 4270,
        "elevation_m": 33.936
      }
    },
    {
      "type": "Feature",
      "id": 314,
      "geometry": {
        "type": "Point",
        "coordinates": [
          121.179529,
          13.30722
        ]
      },
      "properties": {
        "id": 314,
        "name": "LATERAL B BULLCART 3 (1+473.5)",
        "type": "Thresher Crossing",
        "structure": "THRESHER CROSSING",
        "station": "STA 1+473.5",
        "stationing": null,
        "ele": 16.731,
        "images": "DSC00509.jpg",
        "desc": null,
        "comment": "2023-05-12 10:24:42am",
        "time": "2023-05-12",
        "Structure_Category": "Thresher Crossing",
        "canal_name": "LATERAL B",
        "station_m": 1473.5,
        "elevation_m": 16.731
      }
    },
    {
      "type": "Feature",
      "id": 717,
      "geometry": {
        "type": "Point",
        "coordinates": [
          121.143454,
          13.300096
        ]
      },
      "properties": {
        "id": 717,
        "name": "LATERAL A1 THRESHER CROSSING (1+748)",
        "type": "Thresher Crossing",
        "structure": "THRESHER CROSSING",
        "station": "STA 1+748.0",
        "stationing": null,
        "ele": 79.736,
        "images": "DSC00967.jpg",
        "desc": null,
        "comment": null,
        "time": "2023-07-27",
        "Structure_Category": "Thresher Crossing",
        "canal_name": "LATERAL A",
        "station_m": 1748,
        "elevation_m": 79.736
      }
    },
    {
      "type": "Feature",
      "id": 307,
      "geometry": {
        "type": "Point",
        "coordinates": [
          121.168355,
          13.300985
        ]
      },
      "properties": {
        "id": 307,
        "name": "LATERAL B PARSHAL FLUME (0+019.5)",
        "type": "Flume",
        "structure": "PARSHALL FLUME",
        "station": "STA 0+019.5",
        "stationing": null,
        "ele": 19.029,
        "images": "DSC00501.jpg",
        "desc": null,
        "comment": "2023-05-12 9:55:12am",
        "time": "2023-05-12",
        "Structure_Category": "Parshall Flume",
        "canal_name": "LATERAL B",
        "station_m": 19.5,
        "elevation_m": 19.029
      }
    },
    {
      "type": "Feature",
      "id": 444,
      "geometry": {
        "type": "Point",
        "coordinates": [
          121.170797,
          13.378351
        ]
      },
      "properties": {
        "id": 444,
        "name": "CALAPAN DAM MC LEFT TO 2 (0+887.2)",
        "type": "Turnout",
        "structure": "TURNOUT",
        "station": "STA 0+887.2",
        "stationing": null,
        "ele": 34.123,
        "images": "DSC00768.jpg",
        "desc": null,
        "comment": null,
        "time": "2023-05-20",
        "Structure_Category": "Turnout (TO)",
        "canal_name": "CALAPAN DAM MAIN CANAL LEFT",
        "station_m": 887.2,
        "elevation_m": 34.123
      }
    },
    {
      "type": "Feature",
      "id": 344,
      "geometry": {
        "type": "Point",
        "coordinates": [
          121.213422,
          13.32275
        ]
      },
      "properties": {
        "id": 344,
        "name": "LATERAL B THRESHER CROSSING (6+432)",
        "type": "Inlet",
        "structure": "THRESHER CROSSING",
        "station": "STA 6+432.0",
        "stationing": null,
        "ele": 24.193,
        "images": "DSC00539.jpg",
        "desc": null,
        "comment": "2023-05-15 12:23:25pm",
        "time": "2023-05-15",
        "Structure_Category": "Inlet",
        "canal_name": "LATERAL B",
        "station_m": 6432,
        "elevation_m": 24.193
      }
    },
    {
      "type": "Feature",
      "id": 10,
      "geometry": {
        "type": "Point",
        "coordinates": [
          121.136436,
          13.271886
        ]
      },
      "properties": {
        "id": 10,
        "name": "MAIN CANAL THRESHER CROSSING (5+043.6)",
        "type": "Thresher Crossing",
        "structure": "THRESHER CROSSING",
        "station": "STA 5+043.6",
        "stationing": null,
        "ele": 23.579,
        "images": "DSC00430.jpg",
        "desc": null,
        "comment": null,
        "time": "2023-05-24",
        "Structure_Category": "Thresher Crossing",
        "canal_name": "MAIN CANAL",
        "station_m": 5043.6,
        "elevation_m": 23.579
      }
    },
    {
      "type": "Feature",
      "id": 764,
      "geometry": {
        "type": "Point",
        "coordinates": [
          121.110879,
          13.300119
        ]
      },
      "properties": {
        "id": 764,
        "name": "LATERAL A EXTENSION INLET SIPHON (5+782)",
        "type": "Inlet",
        "structure": "INLET SIPHON",
        "station": "STA 5+782.0",
        "stationing": null,
        "ele": -7.312,
        "images": "DSC01016.jpg",
        "desc": null,
        "comment": null,
        "time": "2023-08-10",
        "Structure_Category": "Inlet",
        "canal_name": "LATERAL A",
        "station_m": 5782,
        "elevation_m": -7.312
      }
    },
    {
      "type": "Feature",
      "id": 767,
      "geometry": {
        "type": "Point",
        "coordinates": [
          121.110427,
          13.302248
        ]
      },
      "properties": {
        "id": 767,
        "name": "LATERAL A EXTENSION INLET ROAD CROSSING (6+054)",
        "type": "Inlet",
        "structure": "INLET RD X-ING",
        "station": "STA 6+054.0",
        "stationing": null,
        "ele": 1.458,
        "images": "DSC01019.jpg",
        "desc": null,
        "comment": null,
        "time": "2023-08-10",
        "Structure_Category": "Inlet",
        "canal_name": "LATERAL A",
        "station_m": 6054,
        "elevation_m": 1.458
      }
    },
    {
      "type": "Feature",
      "id": 125,
      "geometry": {
        "type": "Point",
        "coordinates": [
          121.161803,
          13.394753
        ]
      },
      "properties": {
        "id": 125,
        "name": "MAIN CANAL THRESHER CROSSING (21+666)",
        "type": "Thresher Crossing",
        "structure": "THRESHER CROSSING",
        "station": "STA 21+666.0",
        "stationing": null,
        "ele": 12.435,
        "images": "DSC00554.jpg",
        "desc": null,
        "comment": null,
        "time": "2023-05-08",
        "Structure_Category": "Thresher Crossing",
        "canal_name": "MAIN CANAL",
        "station_m": 21666,
        "elevation_m": 12.435
      }
    },
    {
      "type": "Feature",
      "id": 130,
      "geometry": {
        "type": "Point",
        "coordinates": [
          121.16269,
          13.399111
        ]
      },
      "properties": {
        "id": 130,
        "name": "MAIN CANAL THRESHER CROSSING (22+162)",
        "type": "Thresher Crossing",
        "structure": "THRESHER CROSSING",
        "station": "STA 22+162.0",
        "stationing": null,
        "ele": 13.976,
        "images": "DSC00559.jpg",
        "desc": null,
        "comment": null,
        "time": "2023-05-08",
        "Structure_Category": "Thresher Crossing",
        "canal_name": "MAIN CANAL",
        "station_m": 22162,
        "elevation_m": 13.976
      }
    },
    {
      "type": "Feature",
      "id": 329,
      "geometry": {
        "type": "Point",
        "coordinates": [
          121.198938,
          13.325041
        ]
      },
      "properties": {
        "id": 329,
        "name": "LATERAL B TO 6 (4+710)",
        "type": "Turnout",
        "structure": "TURNOUT",
        "station": "STA 4+710.0",
        "stationing": null,
        "ele": 24.509,
        "images": "DSC00524.jpg",
        "desc": null,
        "comment": "2023-05-15 11:28:31am",
        "time": "2023-05-15",
        "Structure_Category": "Turnout (TO)",
        "canal_name": "LATERAL B",
        "station_m": 4710,
        "elevation_m": 24.509
      }
    },
    {
      "type": "Feature",
      "id": 338,
      "geometry": {
        "type": "Point",
        "coordinates": [
          121.20897,
          13.324186
        ]
      },
      "properties": {
        "id": 338,
        "name": "LATERAL B  COMBI THRESHER CROSSING & TO (5+880)",
        "type": "Turnout",
        "structure": "COMBI THR X-ING & TURNOUT",
        "station": "STA 5+880.0",
        "stationing": null,
        "ele": 24.914,
        "images": "DSC00533.jpg",
        "desc": null,
        "comment": "2023-05-15 11:51:48am",
        "time": "2023-05-15",
        "Structure_Category": "Turnout (TO)",
        "canal_name": "LATERAL B",
        "station_m": 5880,
        "elevation_m": 24.914
      }
    },
    {
      "type": "Feature",
      "id": 133,
      "geometry": {
        "type": "Point",
        "coordinates": [
          121.164814,
          13.4015
        ]
      },
      "properties": {
        "id": 133,
        "name": "MAIN CANAL THRESHER CROSSING (22+518)",
        "type": "Thresher Crossing",
        "structure": "THRESHER CROSSING",
        "station": "STA 22+518.0",
        "stationing": null,
        "ele": 12.069,
        "images": "DSC00562.jpg",
        "desc": null,
        "comment": null,
        "time": "2023-05-08",
        "Structure_Category": "Thresher Crossing",
        "canal_name": "MAIN CANAL",
        "station_m": 22518,
        "elevation_m": 12.069
      }
    },
    {
      "type": "Feature",
      "id": 5,
      "geometry": {
        "type": "Point",
        "coordinates": [
          121.129091,
          13.260999
        ]
      },
      "properties": {
        "id": 5,
        "name": "MAIN CANAL OUTLET ROAD CROSSING (3+496.7)",
        "type": "Road Crossing",
        "structure": "OUTLET RD X-ING",
        "station": "STA 3+496.7",
        "stationing": null,
        "ele": 24.636,
        "images": "DSC00425.jpg",
        "desc": null,
        "comment": null,
        "time": "2023-04-24",
        "Structure_Category": "Road Crossing",
        "canal_name": "MAIN CANAL",
        "station_m": 3496.7,
        "elevation_m": 24.636
      }
    },
    {
      "type": "Feature",
      "id": 323,
      "geometry": {
        "type": "Point",
        "coordinates": [
          121.188758,
          13.319421
        ]
      },
      "properties": {
        "id": 323,
        "name": "LATERAL B COMBI INLET ROAD CROSSING LAT B1 HEADGATE TO (3+326)",
        "type": "Head Gate",
        "structure": "COMBI INLET RD X-ING TURNOUT & LAT B1 HGATE",
        "station": "STA 3+326.0",
        "stationing": null,
        "ele": 23.38,
        "images": "DSC00518.jpg",
        "desc": null,
        "comment": "2023-05-15 10:56:39am",
        "time": "2023-05-15",
        "Structure_Category": "Head Gate",
        "canal_name": "LATERAL B",
        "station_m": 3326,
        "elevation_m": 23.38
      }
    },
    {
      "type": "Feature",
      "id": 321,
      "geometry": {
        "type": "Point",
        "coordinates": [
          121.186305,
          13.316679
        ]
      },
      "properties": {
        "id": 321,
        "name": "LATERAL B BULLCART 5 (2+894)",
        "type": "Thresher Crossing",
        "structure": "THRESHER CROSSING",
        "station": "STA 2+894.0",
        "stationing": null,
        "ele": 24.34,
        "images": "DSC00516.jpg",
        "desc": null,
        "comment": "2023-05-15 10:48:19am",
        "time": "2023-05-15",
        "Structure_Category": "Thresher Crossing",
        "canal_name": "LATERAL B",
        "station_m": 2894,
        "elevation_m": 24.34
      }
    },
    {
      "type": "Feature",
      "id": 386,
      "geometry": {
        "type": "Point",
        "coordinates": [
          121.204369,
          13.33123
        ]
      },
      "properties": {
        "id": 386,
        "name": "LATERAL B2 TO 1 (0+594.3)",
        "type": "Turnout",
        "structure": "TURNOUT",
        "station": "STA 0+594.3",
        "stationing": null,
        "ele": 29.859,
        "images": "DSC00582.jpg",
        "desc": null,
        "comment": "2023-05-19 10:17:47am",
        "time": "2023-05-19",
        "Structure_Category": "Turnout (TO)",
        "canal_name": "LATERAL B",
        "station_m": 594.3,
        "elevation_m": 29.859
      }
    },
    {
      "type": "Feature",
      "id": 299,
      "geometry": {
        "type": "Point",
        "coordinates": [
          121.179162,
          13.367921
        ]
      },
      "properties": {
        "id": 299,
        "name": "LATERAL C4 THRESHER CROSSING (0+505.6)",
        "type": "Thresher Crossing",
        "structure": "THRESHER CROSSING",
        "station": "STA 0+505.6",
        "stationing": null,
        "ele": 36.283,
        "images": "DSC00726.jpg",
        "desc": null,
        "comment": null,
        "time": "2023-05-19",
        "Structure_Category": "Thresher Crossing",
        "canal_name": "LATERAL C",
        "station_m": 505.6,
        "elevation_m": 36.283
      }
    },
    {
      "type": "Feature",
      "id": 332,
      "geometry": {
        "type": "Point",
        "coordinates": [
          121.201495,
          13.326174
        ]
      },
      "properties": {
        "id": 332,
        "name": "LATERAL B THRESHER CROSSING (5+038)",
        "type": "Thresher Crossing",
        "structure": "THRESHER CROSSING",
        "station": "STA 5+038.0",
        "stationing": null,
        "ele": 25.643,
        "images": "DSC00527.jpg",
        "desc": null,
        "comment": "2023-05-15 11:35:45am",
        "time": "2023-05-15",
        "Structure_Category": "Thresher Crossing",
        "canal_name": "LATERAL B",
        "station_m": 5038,
        "elevation_m": 25.643
      }
    },
    {
      "type": "Feature",
      "id": 336,
      "geometry": {
        "type": "Point",
        "coordinates": [
          121.204935,
          13.325548
        ]
      },
      "properties": {
        "id": 336,
        "name": "LATERAL B THRESHER CROSSING (5+418)",
        "type": "Thresher Crossing",
        "structure": "THRESHER CROSSING",
        "station": "STA 5+418.0",
        "stationing": null,
        "ele": 25.434,
        "images": "DSC00531.jpg",
        "desc": null,
        "comment": "2023-05-15 11:44:34am",
        "time": "2023-02-15",
        "Structure_Category": "Thresher Crossing",
        "canal_name": "LATERAL B",
        "station_m": 5418,
        "elevation_m": 25.434
      }
    },
    {
      "type": "Feature",
      "id": 766,
      "geometry": {
        "type": "Point",
        "coordinates": [
          121.110371,
          13.300529
        ]
      },
      "properties": {
        "id": 766,
        "name": "LATERAL A EXTENSION THRESHER CROSSING (5+852)",
        "type": "Thresher Crossing",
        "structure": "THRESHER CROSSING",
        "station": "STA 5+852.0",
        "stationing": null,
        "ele": -2.375,
        "images": "DSC01018.jpg",
        "desc": null,
        "comment": null,
        "time": "2023-08-10",
        "Structure_Category": "Thresher Crossing",
        "canal_name": "LATERAL A",
        "station_m": 5852,
        "elevation_m": -2.375
      }
    },
    {
      "type": "Feature",
      "id": 138,
      "geometry": {
        "type": "Point",
        "coordinates": [
          121.167465,
          13.407075
        ]
      },
      "properties": {
        "id": 138,
        "name": "MAIN CANAL THRESHER CROSSING (23+215)",
        "type": "Thresher Crossing",
        "structure": "THRESHER CROSSING",
        "station": "STA 23+215.0",
        "stationing": null,
        "ele": 11.93,
        "images": "DSC00567.jpg",
        "desc": null,
        "comment": null,
        "time": "2023-05-08",
        "Structure_Category": "Thresher Crossing",
        "canal_name": "MAIN CANAL",
        "station_m": 23215,
        "elevation_m": 11.93
      }
    },
    {
      "type": "Feature",
      "id": 389,
      "geometry": {
        "type": "Point",
        "coordinates": [
          121.205511,
          13.334934
        ]
      },
      "properties": {
        "id": 389,
        "name": "LATERAL B2 LATERAL B2A HEADGATE (1+094.1)",
        "type": "Head Gate",
        "structure": "LATERAL B2A HEADGATE",
        "station": "STA 1+094.1",
        "stationing": null,
        "ele": 20.249,
        "images": "DSC00585.jpg",
        "desc": null,
        "comment": "2023-05-19 10:28:23am",
        "time": "2023-05-19",
        "Structure_Category": "Head Gate",
        "canal_name": "LATERAL B",
        "station_m": 1094.1,
        "elevation_m": 20.249
      }
    },
    {
      "type": "Feature",
      "id": 142,
      "geometry": {
        "type": "Point",
        "coordinates": [
          121.168404,
          13.409001
        ]
      },
      "properties": {
        "id": 142,
        "name": "MAIN CANAL THRESHER CROSSING (23+446)",
        "type": "Thresher Crossing",
        "structure": "THRESHER CROSSING",
        "station": "STA 23+446.0",
        "stationing": null,
        "ele": -7.528,
        "images": "DSC00571.jpg",
        "desc": null,
        "comment": null,
        "time": "2023-05-08",
        "Structure_Category": "Thresher Crossing",
        "canal_name": "MAIN CANAL",
        "station_m": 23446,
        "elevation_m": -7.528
      }
    },
    {
      "type": "Feature",
      "id": 333,
      "geometry": {
        "type": "Point",
        "coordinates": [
          121.201638,
          13.326232
        ]
      },
      "properties": {
        "id": 333,
        "name": "LATERAL B TO (5+050)",
        "type": "Turnout",
        "structure": "TURNOUT",
        "station": "STA 5+050.0",
        "stationing": null,
        "ele": 25.266,
        "images": "DSC00528.jpg",
        "desc": null,
        "comment": "2023-05-15 11:36:53am",
        "time": "2023-05-15",
        "Structure_Category": "Turnout (TO)",
        "canal_name": "LATERAL B",
        "station_m": 5050,
        "elevation_m": 25.266
      }
    },
    {
      "type": "Feature",
      "id": 761,
      "geometry": {
        "type": "Point",
        "coordinates": [
          121.113581,
          13.297537
        ]
      },
      "properties": {
        "id": 761,
        "name": "LATERAL A EXTENSION COMBI THRESHER CROSSING & TO (5+382)",
        "type": "Turnout",
        "structure": "COMBI THR X-ING & TURNOUT",
        "station": "STA 5+382.0",
        "stationing": null,
        "ele": 63.198,
        "images": "DSC01009.jpg",
        "desc": null,
        "comment": null,
        "time": "2023-08-08",
        "Structure_Category": "Turnout (TO)",
        "canal_name": "LATERAL A",
        "station_m": 5382,
        "elevation_m": 63.198
      }
    },
    {
      "type": "Feature",
      "id": 686,
      "geometry": {
        "type": "Point",
        "coordinates": [
          121.138121,
          13.324538
        ]
      },
      "properties": {
        "id": 686,
        "name": "LATERAL A4 TO 2 (0+682.5)",
        "type": "Turnout",
        "structure": "TURNOUT",
        "station": "STA 0+682.5",
        "stationing": null,
        "ele": 73.645,
        "images": "DSC00935.jpg",
        "desc": null,
        "comment": null,
        "time": "2023-07-24",
        "Structure_Category": "Turnout (TO)",
        "canal_name": "LATERAL A",
        "station_m": 682.5,
        "elevation_m": 73.645
      }
    },
    {
      "type": "Feature",
      "id": 760,
      "geometry": {
        "type": "Point",
        "coordinates": [
          121.114981,
          13.295437
        ]
      },
      "properties": {
        "id": 760,
        "name": "LATERAL A EXTENSION TO 5 (5+091)",
        "type": "Turnout",
        "structure": "TURNOUT",
        "station": "STA 5+091.0",
        "stationing": null,
        "ele": 68.702,
        "images": "DSC01008.jpg",
        "desc": null,
        "comment": null,
        "time": "2023-08-08",
        "Structure_Category": "Turnout (TO)",
        "canal_name": "LATERAL A",
        "station_m": 5091,
        "elevation_m": 68.702
      }
    },
    {
      "type": "Feature",
      "id": 340,
      "geometry": {
        "type": "Point",
        "coordinates": [
          121.209061,
          13.324138
        ]
      },
      "properties": {
        "id": 340,
        "name": "LATERAL B TO 11 (5+892)",
        "type": "Turnout",
        "structure": "TURNOUT",
        "station": "STA 5+892.0",
        "stationing": null,
        "ele": 23.961,
        "images": "DSC00535.jpg",
        "desc": null,
        "comment": "2023-05-15 11:54:42am",
        "time": "2023-05-15",
        "Structure_Category": "Turnout (TO)",
        "canal_name": "LATERAL B",
        "station_m": 5892,
        "elevation_m": 23.961
      }
    },
    {
      "type": "Feature",
      "id": 302,
      "geometry": {
        "type": "Point",
        "coordinates": [
          121.17757,
          13.369231
        ]
      },
      "properties": {
        "id": 302,
        "name": "LATERAL C4 OUTLET SIPHON (0+731)",
        "type": "Outlet",
        "structure": "OUTLET SIPHON",
        "station": "STA 0+731.0",
        "stationing": null,
        "ele": 7.799,
        "images": "DSC00729.jpg",
        "desc": null,
        "comment": null,
        "time": "2023-05-19",
        "Structure_Category": "Outlet",
        "canal_name": "LATERAL C",
        "station_m": 731,
        "elevation_m": 7.799
      }
    },
    {
      "type": "Feature",
      "id": 324,
      "geometry": {
        "type": "Point",
        "coordinates": [
          121.188832,
          13.319556
        ]
      },
      "properties": {
        "id": 324,
        "name": "LATERAL B OUTLET ROAD CROSSING (3+338)",
        "type": "Outlet",
        "structure": "OUTLET RD X-ING",
        "station": "STA 3+338.0",
        "stationing": null,
        "ele": 22.098,
        "images": "DSC00519.jpg",
        "desc": null,
        "comment": "2023-05-15 10:58:33am",
        "time": "2023-05-15",
        "Structure_Category": "Outlet",
        "canal_name": "LATERAL B",
        "station_m": 3338,
        "elevation_m": 22.098
      }
    },
    {
      "type": "Feature",
      "id": 384,
      "geometry": {
        "type": "Point",
        "coordinates": [
          121.203136,
          13.326094
        ]
      },
      "properties": {
        "id": 384,
        "name": "LATERAL B2 OUTLET (0+000)",
        "type": "Outlet",
        "structure": "OUTLET",
        "station": "STA 0+000.0",
        "stationing": null,
        "ele": 32.297,
        "images": "DSC00580.jpg",
        "desc": null,
        "comment": "2023-05-19 10:05:43am",
        "time": "2023-05-19",
        "Structure_Category": "Outlet",
        "canal_name": "LATERAL B",
        "station_m": 0,
        "elevation_m": 32.297
      }
    },
    {
      "type": "Feature",
      "id": 759,
      "geometry": {
        "type": "Point",
        "coordinates": [
          121.119479,
          13.289627
        ]
      },
      "properties": {
        "id": 759,
        "name": "LATERAL A EXTENSION OUTLET ROAD CROSSING (4+282)",
        "type": "Outlet",
        "structure": "OUTLET RD X-ING",
        "station": "STA 4+282.0",
        "stationing": null,
        "ele": 33.461,
        "images": "DSC01007.jpg",
        "desc": null,
        "comment": null,
        "time": "2023-08-08",
        "Structure_Category": "Outlet",
        "canal_name": "LATERAL A",
        "station_m": 4282,
        "elevation_m": 33.461
      }
    },
    {
      "type": "Feature",
      "id": 765,
      "geometry": {
        "type": "Point",
        "coordinates": [
          121.110673,
          13.300312
        ]
      },
      "properties": {
        "id": 765,
        "name": "LATERAL A EXTENSION OUTLET SIPHON (5+813)",
        "type": "Outlet",
        "structure": "OUTLET SIPHON",
        "station": "STA 5+813.0",
        "stationing": null,
        "ele": -4.555,
        "images": "DSC01017.jpg",
        "desc": null,
        "comment": null,
        "time": "2023-08-10",
        "Structure_Category": "Outlet",
        "canal_name": "LATERAL A",
        "station_m": 5813,
        "elevation_m": -4.555
      }
    },
    {
      "type": "Feature",
      "id": 768,
      "geometry": {
        "type": "Point",
        "coordinates": [
          121.110429,
          13.302315
        ]
      },
      "properties": {
        "id": 768,
        "name": "LATERAL A EXTENSION COMBI CHECK & OUTLET ROAD CROSSING & THRESHER CROSSING & LATERAL A4 HEAD GATE (6+062)",
        "type": "Head Gate",
        "structure": "COMBI CHECK & OUTLET RD X-ING & THR X-ING & LAT A4 HGATE",
        "station": "STA 6+062.0",
        "stationing": null,
        "ele": 2.781,
        "images": "DSC01020.jpg",
        "desc": null,
        "comment": null,
        "time": "2023-08-10",
        "Structure_Category": "Head Gate",
        "canal_name": "LATERAL A",
        "station_m": 6062,
        "elevation_m": 2.781
      }
    },
    {
      "type": "Feature",
      "id": 348,
      "geometry": {
        "type": "Point",
        "coordinates": [
          121.215066,
          13.322807
        ]
      },
      "properties": {
        "id": 348,
        "name": "LATERAL B THRESHER CROSSING (6+610)",
        "type": "Thresher Crossing",
        "structure": "THRESHER CROSSING",
        "station": "STA 6+610.0",
        "stationing": null,
        "ele": 23.978,
        "images": "DSC00543.jpg",
        "desc": null,
        "comment": "2023-05-15 12:29:34pm",
        "time": "2023-05-15",
        "Structure_Category": "Thresher Crossing",
        "canal_name": "LATERAL B",
        "station_m": 6610,
        "elevation_m": 23.978
      }
    },
    {
      "type": "Feature",
      "id": 1012,
      "geometry": {
        "type": "Point",
        "coordinates": [
          121.161646,
          13.392325
        ]
      },
      "properties": {
        "id": 1012,
        "name": "MAIN CANAL THRESHER CROSSING (21+389)",
        "type": "Thresher Crossing",
        "structure": "THRESHER CROSSING",
        "station": "STA 21+389.0",
        "stationing": null,
        "ele": 0,
        "images": null,
        "desc": null,
        "comment": null,
        "time": "2024-08-01",
        "Structure_Category": "Thresher Crossing",
        "canal_name": "MAIN CANAL",
        "station_m": 21389,
        "elevation_m": 0
      }
    },
    {
      "type": "Feature",
      "id": 353,
      "geometry": {
        "type": "Point",
        "coordinates": [
          121.224123,
          13.330235
        ]
      },
      "properties": {
        "id": 353,
        "name": "LATERAL B THRESHER CROSSING (7+946)",
        "type": "Thresher Crossing",
        "structure": "THRESHER CROSSING",
        "station": "STA 7+946.0",
        "stationing": null,
        "ele": 16.645,
        "images": "DSC00548.jpg",
        "desc": null,
        "comment": "2023-05-15 12:56:05pm",
        "time": "2023-05-15",
        "Structure_Category": "Thresher Crossing",
        "canal_name": "LATERAL B",
        "station_m": 7946,
        "elevation_m": 16.645
      }
    },
    {
      "type": "Feature",
      "id": 1013,
      "geometry": {
        "type": "Point",
        "coordinates": [
          121.161885,
          13.392886
        ]
      },
      "properties": {
        "id": 1013,
        "name": "MAIN CANAL THRESHER CROSSING (21+457)",
        "type": "Thresher Crossing",
        "structure": "THRESHER CROSSING",
        "station": "STA 21+457.0",
        "stationing": null,
        "ele": 0,
        "images": null,
        "desc": null,
        "comment": null,
        "time": "2024-08-01",
        "Structure_Category": "Thresher Crossing",
        "canal_name": "MAIN CANAL",
        "station_m": 21457,
        "elevation_m": 0
      }
    },
    {
      "type": "Feature",
      "id": 372,
      "geometry": {
        "type": "Point",
        "coordinates": [
          121.195351,
          13.332465
        ]
      },
      "properties": {
        "id": 372,
        "name": "LATERAL B1 TO 4 (1+926)",
        "type": "Turnout",
        "structure": "TURNOUT",
        "station": "STA 1+926.0",
        "stationing": null,
        "ele": 13.643,
        "images": "DSC00568.jpg",
        "desc": null,
        "comment": "2023-05-18 9:39:24am",
        "time": "2023-05-18",
        "Structure_Category": "Turnout (TO)",
        "canal_name": "LATERAL B",
        "station_m": 1926,
        "elevation_m": 13.643
      }
    },
    {
      "type": "Feature",
      "id": 361,
      "geometry": {
        "type": "Point",
        "coordinates": [
          121.229992,
          13.346844
        ]
      },
      "properties": {
        "id": 361,
        "name": "LATERAL B ROAD CROSSING (10+096)",
        "type": "Road Crossing",
        "structure": "RD X-ING",
        "station": "STA 10+096.0",
        "stationing": null,
        "ele": 13.329,
        "images": "DSC00557.jpg",
        "desc": null,
        "comment": "2023-05-17 9:49:11am",
        "time": "2023-05-17",
        "Structure_Category": "Road Crossing",
        "canal_name": "LATERAL B",
        "station_m": 10096,
        "elevation_m": 13.329
      }
    },
    {
      "type": "Feature",
      "id": 354,
      "geometry": {
        "type": "Point",
        "coordinates": [
          121.224443,
          13.330773
        ]
      },
      "properties": {
        "id": 354,
        "name": "LATERAL B THRESHER CROSSING (8+8018)",
        "type": "Thresher Crossing",
        "structure": "THRESHER CROSSING",
        "station": "STA 16+018.0",
        "stationing": null,
        "ele": 17.381,
        "images": "DSC00550.jpg",
        "desc": null,
        "comment": "2023-05-15 12:57:51pm",
        "time": "2023-05-15",
        "Structure_Category": "Thresher Crossing",
        "canal_name": "LATERAL B",
        "station_m": 16018,
        "elevation_m": 17.381
      }
    },
    {
      "type": "Feature",
      "id": 362,
      "geometry": {
        "type": "Point",
        "coordinates": [
          121.231076,
          13.350749
        ]
      },
      "properties": {
        "id": 362,
        "name": "LATERAL B END OF CANAL (10+538)",
        "type": "Other Structures",
        "structure": "END OF CANAL",
        "station": "STA 10+538.0",
        "stationing": null,
        "ele": 13.639,
        "images": "DSC00558.jpg",
        "desc": null,
        "comment": "2023-05-17 9:53:54am",
        "time": "2023-05-17",
        "Structure_Category": "Other Structures",
        "canal_name": "LATERAL B",
        "station_m": 10538,
        "elevation_m": 13.639
      }
    },
    {
      "type": "Feature",
      "id": 1014,
      "geometry": {
        "type": "Point",
        "coordinates": [
          121.161933,
          13.393248
        ]
      },
      "properties": {
        "id": 1014,
        "name": "MAIN CANAL THRESHER CROSSING (21+498)",
        "type": "Thresher Crossing",
        "structure": "THRESHER CROSSING",
        "station": "STA 21+498.0",
        "stationing": null,
        "ele": 0,
        "images": null,
        "desc": null,
        "comment": null,
        "time": "2024-08-01",
        "Structure_Category": "Thresher Crossing",
        "canal_name": "MAIN CANAL",
        "station_m": 21498,
        "elevation_m": 0
      }
    },
    {
      "type": "Feature",
      "id": 12,
      "geometry": {
        "type": "Point",
        "coordinates": [
          121.136858,
          13.272066
        ]
      },
      "properties": {
        "id": 12,
        "name": "MAIN CANAL SIPHON (5+101)",
        "type": "Siphon",
        "structure": "SIPHON",
        "station": "STA 5+101.0",
        "stationing": null,
        "ele": -115.779,
        "images": "DSC00432.jpg",
        "desc": null,
        "comment": null,
        "time": "2023-04-24",
        "Structure_Category": "Siphon",
        "canal_name": "MAIN CANAL",
        "station_m": 5101,
        "elevation_m": -115.779
      }
    },
    {
      "type": "Feature",
      "id": 376,
      "geometry": {
        "type": "Point",
        "coordinates": [
          121.197452,
          13.335275
        ]
      },
      "properties": {
        "id": 376,
        "name": "LATERAL B1 INLET ROAD CROSSING (2+320)",
        "type": "Inlet",
        "structure": "INLET RD X-ING",
        "station": "STA 2+320.0",
        "stationing": null,
        "ele": 13.782,
        "images": "DSC00572.jpg",
        "desc": null,
        "comment": "2023-05-18 9:48:28am",
        "time": "2023-05-18",
        "Structure_Category": "Inlet",
        "canal_name": "LATERAL B",
        "station_m": 2320,
        "elevation_m": 13.782
      }
    },
    {
      "type": "Feature",
      "id": 352,
      "geometry": {
        "type": "Point",
        "coordinates": [
          121.222757,
          13.329105
        ]
      },
      "properties": {
        "id": 352,
        "name": "LATERAL B OUTLET ROAD CROSSING (7+748)",
        "type": "Outlet",
        "structure": "OUTLET RD X-ING",
        "station": "STA 7+748.0",
        "stationing": null,
        "ele": 17.408,
        "images": "DSC00547.jpg",
        "desc": null,
        "comment": "2023-05-15 12:52:44pm",
        "time": "2023-05-15",
        "Structure_Category": "Outlet",
        "canal_name": "LATERAL B",
        "station_m": 7748,
        "elevation_m": 17.408
      }
    },
    {
      "type": "Feature",
      "id": 357,
      "geometry": {
        "type": "Point",
        "coordinates": [
          121.22752,
          13.334208
        ]
      },
      "properties": {
        "id": 357,
        "name": "LATERAL B OUTLET ROAD CROSSING (8+540)",
        "type": "Outlet",
        "structure": "OUTLET RD X-ING",
        "station": "STA 8+540.0",
        "stationing": null,
        "ele": 12.603,
        "images": "DSC00553.jpg",
        "desc": null,
        "comment": "2023-05-17 9:31:29am",
        "time": "2023-05-17",
        "Structure_Category": "Outlet",
        "canal_name": "LATERAL B",
        "station_m": 8540,
        "elevation_m": 12.603
      }
    },
    {
      "type": "Feature",
      "id": 816,
      "geometry": {
        "type": "Point",
        "coordinates": [
          121.130912,
          13.378589
        ]
      },
      "properties": {
        "id": 816,
        "name": "LATERAL A LATERAL A8 HEADGATE (12+988)",
        "type": "Head Gate",
        "structure": "LAT A8 HEADGATE",
        "station": "STA 12+988.0",
        "stationing": null,
        "ele": 18.169,
        "images": "DSC01076.jpg",
        "desc": null,
        "comment": null,
        "time": "2023-08-14",
        "Structure_Category": "Head Gate",
        "canal_name": "LATERAL A",
        "station_m": 12988,
        "elevation_m": 18.169
      }
    },
    {
      "type": "Feature",
      "id": 360,
      "geometry": {
        "type": "Point",
        "coordinates": [
          121.230019,
          13.34666
        ]
      },
      "properties": {
        "id": 360,
        "name": "LATERAL B DRAINAGE (10+074)",
        "type": "Drainage",
        "structure": "DRAINAGE",
        "station": "STA 10+074.0",
        "stationing": null,
        "ele": 12.32,
        "images": "DSC00556.jpg",
        "desc": null,
        "comment": "2023-05-17 9:47:52am",
        "time": "2023-05-17",
        "Structure_Category": "Drainage",
        "canal_name": "LATERAL B",
        "station_m": 10074,
        "elevation_m": 12.32
      }
    },
    {
      "type": "Feature",
      "id": 373,
      "geometry": {
        "type": "Point",
        "coordinates": [
          121.19539,
          13.332556
        ]
      },
      "properties": {
        "id": 373,
        "name": "LATERAL B1 TO 5 (1+930)",
        "type": "Turnout",
        "structure": "TURNOUT",
        "station": "STA 1+930.0",
        "stationing": null,
        "ele": 13.457,
        "images": "DSC00569.jpg",
        "desc": null,
        "comment": "2023-05-18 9:40:33am",
        "time": "2023-05-18",
        "Structure_Category": "Turnout (TO)",
        "canal_name": "LATERAL B",
        "station_m": 1930,
        "elevation_m": 13.457
      }
    },
    {
      "type": "Feature",
      "id": 387,
      "geometry": {
        "type": "Point",
        "coordinates": [
          121.204646,
          13.331929
        ]
      },
      "properties": {
        "id": 387,
        "name": "LATERAL B2 COMBI CHECK INLET ROAD CROSSING & TO 2 (0+679.3)",
        "type": "Turnout",
        "structure": "COMBI CHECK INLET RD X-ING & TURNOUT",
        "station": "STA 0+679.3",
        "stationing": null,
        "ele": 19.538,
        "images": "DSC00583.jpg",
        "desc": null,
        "comment": "2023-05-19 10:20:54am",
        "time": "2023-05-19",
        "Structure_Category": "Turnout (TO)",
        "canal_name": "LATERAL B",
        "station_m": 679.3,
        "elevation_m": 19.538
      }
    },
    {
      "type": "Feature",
      "id": 351,
      "geometry": {
        "type": "Point",
        "coordinates": [
          121.22267,
          13.329012
        ]
      },
      "properties": {
        "id": 351,
        "name": "LATERAL B COMBI INLET ROAD CROSSING & TO (7+737)",
        "type": "Turnout",
        "structure": "COMBI INLET RD X-ING & TURNOUT",
        "station": "STA 7+737.0",
        "stationing": null,
        "ele": 17.766,
        "images": "DSC00546.jpg",
        "desc": null,
        "comment": "2023-05-15 12:50:41pm",
        "time": "2023-05-15",
        "Structure_Category": "Turnout (TO)",
        "canal_name": "LATERAL B",
        "station_m": 7737,
        "elevation_m": 17.766
      }
    },
    {
      "type": "Feature",
      "id": 359,
      "geometry": {
        "type": "Point",
        "coordinates": [
          121.227364,
          13.337928
        ]
      },
      "properties": {
        "id": 359,
        "name": "LATERAL B COMBI THRESHER CROSSING & TO 16 (8+978)",
        "type": "Turnout",
        "structure": "COMBI THR X-ING & TURNOUT",
        "station": "STA 8+978.0",
        "stationing": null,
        "ele": 13.203,
        "images": "DSC00555.jpg",
        "desc": null,
        "comment": "2023-05-17 9:37:59am",
        "time": "2023-05-17",
        "Structure_Category": "Turnout (TO)",
        "canal_name": "LATERAL B",
        "station_m": 8978,
        "elevation_m": 13.203
      }
    },
    {
      "type": "Feature",
      "id": 658,
      "geometry": {
        "type": "Point",
        "coordinates": [
          121.157667,
          13.312868
        ]
      },
      "properties": {
        "id": 658,
        "name": "LATERAL A2 TO 5 (1+648)",
        "type": "Turnout",
        "structure": "TURNOUT",
        "station": "STA 1+648.0",
        "stationing": null,
        "ele": 5.6,
        "images": "DSC00905.jpg",
        "desc": null,
        "comment": null,
        "time": "2023-07-21",
        "Structure_Category": "Turnout (TO)",
        "canal_name": "LATERAL A",
        "station_m": 1648,
        "elevation_m": 5.6
      }
    },
    {
      "type": "Feature",
      "id": 771,
      "geometry": {
        "type": "Point",
        "coordinates": [
          121.10787,
          13.305539
        ]
      },
      "properties": {
        "id": 771,
        "name": "LATERAL A EXTENSION TO 8 (6+509.3)",
        "type": "Turnout",
        "structure": "TURNOUT",
        "station": "STA 6+509.3",
        "stationing": null,
        "ele": 9.428,
        "images": "DSC01022.jpg",
        "desc": null,
        "comment": null,
        "time": "2023-08-10",
        "Structure_Category": "Turnout (TO)",
        "canal_name": "LATERAL A",
        "station_m": 6509.3,
        "elevation_m": 9.428
      }
    },
    {
      "type": "Feature",
      "id": 13,
      "geometry": {
        "type": "Point",
        "coordinates": [
          121.137045,
          13.272147
        ]
      },
      "properties": {
        "id": 13,
        "name": "MAIN CANAL BULLCART 3 (5+117.6)",
        "type": "Thresher Crossing",
        "structure": "THRESHER CROSSING",
        "station": "STA 5+117.6",
        "stationing": null,
        "ele": -106.887,
        "images": "DSC00433.jpg",
        "desc": null,
        "comment": null,
        "time": "2023-04-24",
        "Structure_Category": "Thresher Crossing",
        "canal_name": "MAIN CANAL",
        "station_m": 5117.6,
        "elevation_m": -106.887
      }
    },
    {
      "type": "Feature",
      "id": 347,
      "geometry": {
        "type": "Point",
        "coordinates": [
          121.214434,
          13.322784
        ]
      },
      "properties": {
        "id": 347,
        "name": "LATERAL B THRESHER CROSSING (6+542)",
        "type": "Thresher Crossing",
        "structure": "THRESHER CROSSING",
        "station": "STA 6+542.0",
        "stationing": null,
        "ele": 23.275,
        "images": "DSC00542.jpg",
        "desc": null,
        "comment": "2023-05-15 12:27:59pm",
        "time": "2023-05-15",
        "Structure_Category": "Thresher Crossing",
        "canal_name": "LATERAL B",
        "station_m": 6542,
        "elevation_m": 23.275
      }
    },
    {
      "type": "Feature",
      "id": 355,
      "geometry": {
        "type": "Point",
        "coordinates": [
          121.225117,
          13.331648
        ]
      },
      "properties": {
        "id": 355,
        "name": "LATERAL B THRESHER CROSSING (8+140)",
        "type": "Thresher Crossing",
        "structure": "THRESHER CROSSING",
        "station": "STA 8+140.0",
        "stationing": null,
        "ele": 15.915,
        "images": "DSC00551.jpg",
        "desc": null,
        "comment": "2023-05-15 1:00:08pm",
        "time": "2023-05-15",
        "Structure_Category": "Thresher Crossing",
        "canal_name": "LATERAL B",
        "station_m": 8140,
        "elevation_m": 15.915
      }
    },
    {
      "type": "Feature",
      "id": 358,
      "geometry": {
        "type": "Point",
        "coordinates": [
          121.227667,
          13.33479
        ]
      },
      "properties": {
        "id": 358,
        "name": "LATERAL B ROAD CROSSING (8+606)",
        "type": "Road Crossing",
        "structure": "RD X-ING",
        "station": "STA 8+606.0",
        "stationing": null,
        "ele": 12.698,
        "images": "DSC00554.jpg",
        "desc": null,
        "comment": "2023-05-17 9:33:31am",
        "time": "2023-05-17",
        "Structure_Category": "Road Crossing",
        "canal_name": "LATERAL B",
        "station_m": 8606,
        "elevation_m": 12.698
      }
    },
    {
      "type": "Feature",
      "id": 377,
      "geometry": {
        "type": "Point",
        "coordinates": [
          121.197471,
          13.335339
        ]
      },
      "properties": {
        "id": 377,
        "name": "LATERAL B1 OUTLET ROAD CROSSING (2+330)",
        "type": "Outlet",
        "structure": "OUTLET RD X-ING",
        "station": "STA 2+330.0",
        "stationing": null,
        "ele": 13.182,
        "images": "DSC00573.jpg",
        "desc": null,
        "comment": "2023-05-18 9:49:36am",
        "time": "2023-05-18",
        "Structure_Category": "Outlet",
        "canal_name": "LATERAL B",
        "station_m": 2330,
        "elevation_m": 13.182
      }
    },
    {
      "type": "Feature",
      "id": 772,
      "geometry": {
        "type": "Point",
        "coordinates": [
          121.10788,
          13.305587
        ]
      },
      "properties": {
        "id": 772,
        "name": "LATERAL A EXTENSION OUTLET (6+521)",
        "type": "Outlet",
        "structure": "OUTLET",
        "station": "STA 6+521.0",
        "stationing": null,
        "ele": 61.084,
        "images": "DSC01024.jpg",
        "desc": null,
        "comment": null,
        "time": "2023-08-10",
        "Structure_Category": "Outlet",
        "canal_name": "LATERAL A",
        "station_m": 6521,
        "elevation_m": 61.084
      }
    },
    {
      "type": "Feature",
      "id": 773,
      "geometry": {
        "type": "Point",
        "coordinates": [
          121.108123,
          13.310248
        ]
      },
      "properties": {
        "id": 773,
        "name": "LATERAL A EXTENSION ROAD CROSSING (7+126)",
        "type": "Road Crossing",
        "structure": "RD X-ING",
        "station": "STA 7+126.0",
        "stationing": null,
        "ele": 58.668,
        "images": "DSC01024.jpg",
        "desc": null,
        "comment": null,
        "time": "2023-08-10",
        "Structure_Category": "Road Crossing",
        "canal_name": "LATERAL A",
        "station_m": 7126,
        "elevation_m": 58.668
      }
    },
    {
      "type": "Feature",
      "id": 430,
      "geometry": {
        "type": "Point",
        "coordinates": [
          121.173325,
          13.37354
        ]
      },
      "properties": {
        "id": 430,
        "name": "CALAPAN DAM MC LEFT DRAINAGE (0+137)",
        "type": "Drainage",
        "structure": "DRAINAGE",
        "station": "STA 0+137.0",
        "stationing": null,
        "ele": 32.077,
        "images": "DSC00755.jpg",
        "desc": null,
        "comment": null,
        "time": "2023-05-20",
        "Structure_Category": "Drainage",
        "canal_name": "CALAPAN DAM MAIN CANAL LEFT",
        "station_m": 137,
        "elevation_m": 32.077
      }
    },
    {
      "type": "Feature",
      "id": 89,
      "geometry": {
        "type": "Point",
        "coordinates": [
          121.165004,
          13.355792
        ]
      },
      "properties": {
        "id": 89,
        "name": "MAIN CANAL THRESHER CROSSING (16+844)",
        "type": "Thresher Crossing",
        "structure": "THRESHER CROSSING",
        "station": "STA 16+844.0",
        "stationing": null,
        "ele": 11.073,
        "images": "DSC00519.jpg",
        "desc": null,
        "comment": null,
        "time": "2023-05-04",
        "Structure_Category": "Thresher Crossing",
        "canal_name": "MAIN CANAL",
        "station_m": 16844,
        "elevation_m": 11.073
      }
    },
    {
      "type": "Feature",
      "id": 443,
      "geometry": {
        "type": "Point",
        "coordinates": [
          121.170707,
          13.377673
        ]
      },
      "properties": {
        "id": 443,
        "name": "CALAPAN DAM MC LEFT OUTLET (0+811.3)",
        "type": "Outlet",
        "structure": "OUTLET",
        "station": "STA 0+811.3",
        "stationing": null,
        "ele": 38.126,
        "images": "DSC00767.jpg",
        "desc": null,
        "comment": null,
        "time": "2023-05-20",
        "Structure_Category": "Outlet",
        "canal_name": "CALAPAN DAM MAIN CANAL LEFT",
        "station_m": 811.3,
        "elevation_m": 38.126
      }
    },
    {
      "type": "Feature",
      "id": 7,
      "geometry": {
        "type": "Point",
        "coordinates": [
          121.132744,
          13.267912
        ]
      },
      "properties": {
        "id": 7,
        "name": "MAIN CANAL INLET ROAD CROSSING (4+387.8)",
        "type": "Inlet",
        "structure": "INLET RD X-ING",
        "station": "STA 4+387.8",
        "stationing": null,
        "ele": 25.223,
        "images": "DSC00427.jpg",
        "desc": null,
        "comment": null,
        "time": "2023-04-24",
        "Structure_Category": "Inlet",
        "canal_name": "MAIN CANAL",
        "station_m": 4387.8,
        "elevation_m": 25.223
      }
    },
    {
      "type": "Feature",
      "id": 90,
      "geometry": {
        "type": "Point",
        "coordinates": [
          121.165334,
          13.359387
        ]
      },
      "properties": {
        "id": 90,
        "name": "MAIN CANAL THRESHER CROSSING (17+250)",
        "type": "Thresher Crossing",
        "structure": "THRESHER CROSSING",
        "station": "STA 17+250.0",
        "stationing": null,
        "ele": 13.954,
        "images": "DSC00520.jpg",
        "desc": null,
        "comment": null,
        "time": "2023-05-04",
        "Structure_Category": "Thresher Crossing",
        "canal_name": "MAIN CANAL",
        "station_m": 17250,
        "elevation_m": 13.954
      }
    },
    {
      "type": "Feature",
      "id": 120,
      "geometry": {
        "type": "Point",
        "coordinates": [
          121.158765,
          13.389199
        ]
      },
      "properties": {
        "id": 120,
        "name": "MAIN CANAL THRESHER CROSSING (20+918)",
        "type": "Thresher Crossing",
        "structure": "THRESHER CROSSING",
        "station": "STA 20+918.0",
        "stationing": null,
        "ele": 32.005,
        "images": "DSC00549.jpg",
        "desc": null,
        "comment": null,
        "time": "2023-05-08",
        "Structure_Category": "Thresher Crossing",
        "canal_name": "MAIN CANAL",
        "station_m": 20918,
        "elevation_m": 32.005
      }
    },
    {
      "type": "Feature",
      "id": 319,
      "geometry": {
        "type": "Point",
        "coordinates": [
          121.184492,
          13.313727
        ]
      },
      "properties": {
        "id": 319,
        "name": "LATERAL B COMBI TO & INLET ROAD CROSSING (2+478)",
        "type": "Turnout",
        "structure": "COMBI INLET RD X-ING & TURNOUT",
        "station": "STA 2+478.0",
        "stationing": null,
        "ele": 19.969,
        "images": "DSC00514.jpg",
        "desc": null,
        "comment": "2023-05-15 10:24:37am",
        "time": "2023-05-15",
        "Structure_Category": "Turnout (TO)",
        "canal_name": "LATERAL B",
        "station_m": 2478,
        "elevation_m": 19.969
      }
    },
    {
      "type": "Feature",
      "id": 481,
      "geometry": {
        "type": "Point",
        "coordinates": [
          121.195994,
          13.34212
        ]
      },
      "properties": {
        "id": 481,
        "name": "KILO-KILO DAM MAIN CANAL ROAD CROSSING (0+234.5)",
        "type": "Road Crossing",
        "structure": "RD X-ING",
        "station": "STA 0+234.5",
        "stationing": null,
        "ele": 11.987,
        "images": "DSC00806.jpg",
        "desc": null,
        "comment": null,
        "time": "2023-05-24",
        "Structure_Category": "Road Crossing",
        "canal_name": "KILO-KILO DAM MAIN CANAL",
        "station_m": 234.5,
        "elevation_m": 11.987
      }
    },
    {
      "type": "Feature",
      "id": 121,
      "geometry": {
        "type": "Point",
        "coordinates": [
          121.15896,
          13.389518
        ]
      },
      "properties": {
        "id": 121,
        "name": "MAIN CANAL THRESHER CROSSING (20+958)",
        "type": "Thresher Crossing",
        "structure": "THRESHER CROSSING",
        "station": "STA 20+958.0",
        "stationing": null,
        "ele": 12.482,
        "images": "DSC00550.jpg",
        "desc": null,
        "comment": null,
        "time": "2023-05-08",
        "Structure_Category": "Thresher Crossing",
        "canal_name": "MAIN CANAL",
        "station_m": 20958,
        "elevation_m": 12.482
      }
    },
    {
      "type": "Feature",
      "id": 446,
      "geometry": {
        "type": "Point",
        "coordinates": [
          121.170934,
          13.379416
        ]
      },
      "properties": {
        "id": 446,
        "name": "CALAPAN DAM MC LEFT END OF CANAL (1+007)",
        "type": "Other Structures",
        "structure": "END OF CANAL",
        "station": "STA 1+007.0",
        "stationing": null,
        "ele": 27.736,
        "images": "DSC00770.jpg",
        "desc": null,
        "comment": null,
        "time": "2023-05-20",
        "Structure_Category": "Other Structures",
        "canal_name": "CALAPAN DAM MAIN CANAL LEFT",
        "station_m": 1007,
        "elevation_m": 27.736
      }
    },
    {
      "type": "Feature",
      "id": 391,
      "geometry": {
        "type": "Point",
        "coordinates": [
          121.206287,
          13.335817
        ]
      },
      "properties": {
        "id": 391,
        "name": "LATERAL B2 COMBI CHECK INLET ROAD CROSSING (1+226.5)",
        "type": "Inlet",
        "structure": "COMBI CHECK INLET RD X-ING",
        "station": "STA 1+226.5",
        "stationing": null,
        "ele": 19.232,
        "images": "DSC00587.jpg",
        "desc": null,
        "comment": "2023-05-19 10:31:22am",
        "time": "2023-05-19",
        "Structure_Category": "Inlet",
        "canal_name": "LATERAL B",
        "station_m": 1226.5,
        "elevation_m": 19.232
      }
    },
    {
      "type": "Feature",
      "id": 1015,
      "geometry": {
        "type": "Point",
        "coordinates": [
          121.161882,
          13.393795
        ]
      },
      "properties": {
        "id": 1015,
        "name": "MAIN CANAL THRESHER CROSSING (21+560)",
        "type": "Thresher Crossing",
        "structure": "THRESHER CROSSING",
        "station": "STA 21+560.0",
        "stationing": null,
        "ele": 0,
        "images": null,
        "desc": null,
        "comment": null,
        "time": "2024-08-01",
        "Structure_Category": "Thresher Crossing",
        "canal_name": "MAIN CANAL",
        "station_m": 21560,
        "elevation_m": 0
      }
    },
    {
      "type": "Feature",
      "id": 485,
      "geometry": {
        "type": "Point",
        "coordinates": [
          121.198642,
          13.344767
        ]
      },
      "properties": {
        "id": 485,
        "name": "KILO-KILO DAM MAIN CANAL END OF CONCRETE CANAL (0+668.5)",
        "type": "Other Structures",
        "structure": "END OF CONCRETE CANAL",
        "station": "STA 0+668.5",
        "stationing": null,
        "ele": 12.615,
        "images": "DSC00811.jpg",
        "desc": null,
        "comment": null,
        "time": "2023-05-24",
        "Structure_Category": "Other Structures",
        "canal_name": "KILO-KILO DAM MAIN CANAL",
        "station_m": 668.5,
        "elevation_m": 12.615
      }
    },
    {
      "type": "Feature",
      "id": 445,
      "geometry": {
        "type": "Point",
        "coordinates": [
          121.170839,
          13.378624
        ]
      },
      "properties": {
        "id": 445,
        "name": "CALAPAN DAM MC LEFT BULLCART 4 (0+919.2)",
        "type": "Thresher Crossing",
        "structure": "THRESHER CROSSING",
        "station": "STA 0+919.2",
        "stationing": null,
        "ele": 32.689,
        "images": "DSC00769.jpg",
        "desc": null,
        "comment": null,
        "time": "2023-05-20",
        "Structure_Category": "Thresher Crossing",
        "canal_name": "CALAPAN DAM MAIN CANAL LEFT",
        "station_m": 919.2,
        "elevation_m": 32.689
      }
    },
    {
      "type": "Feature",
      "id": 108,
      "geometry": {
        "type": "Point",
        "coordinates": [
          121.161487,
          13.374586
        ]
      },
      "properties": {
        "id": 108,
        "name": "MAIN CANAL THRESHER CROSSING (19+120)",
        "type": "Thresher Crossing",
        "structure": "THRESHER CROSSING",
        "station": "STA 19+120.0",
        "stationing": null,
        "ele": 16.325,
        "images": "DSC00537.jpg",
        "desc": null,
        "comment": null,
        "time": "2023-05-05",
        "Structure_Category": "Thresher Crossing",
        "canal_name": "MAIN CANAL",
        "station_m": 19120,
        "elevation_m": 16.325
      }
    },
    {
      "type": "Feature",
      "id": 26,
      "geometry": {
        "type": "Point",
        "coordinates": [
          121.145154,
          13.275681
        ]
      },
      "properties": {
        "id": 26,
        "name": "MAIN CANAL END SIPHON (6+065.4)",
        "type": "Siphon",
        "structure": "END SIPHON",
        "station": "STA 6+065.4",
        "stationing": null,
        "ele": 34.973,
        "images": "DSC00444.jpg",
        "desc": null,
        "comment": null,
        "time": "2023-04-25",
        "Structure_Category": "Siphon",
        "canal_name": "MAIN CANAL",
        "station_m": 6065.4,
        "elevation_m": 34.973
      }
    },
    {
      "type": "Feature",
      "id": 442,
      "geometry": {
        "type": "Point",
        "coordinates": [
          121.170686,
          13.37757
        ]
      },
      "properties": {
        "id": 442,
        "name": "CALAPAN DAM MC LEFT SIPHON (0+799.2)",
        "type": "Siphon",
        "structure": "SIPHON",
        "station": "STA 0+799.2",
        "stationing": null,
        "ele": 40.688,
        "images": "DSC00766.jpg",
        "desc": null,
        "comment": null,
        "time": "2023-05-20",
        "Structure_Category": "Siphon",
        "canal_name": "CALAPAN DAM MAIN CANAL LEFT",
        "station_m": 799.2,
        "elevation_m": 40.688
      }
    },
    {
      "type": "Feature",
      "id": 491,
      "geometry": {
        "type": "Point",
        "coordinates": [
          121.226362,
          13.326991
        ]
      },
      "properties": {
        "id": 491,
        "name": "LATERAL B3 START OF VERTICAL CANAL (0+413.7)",
        "type": "Other Structures",
        "structure": "START OF VERTICAL CANAL",
        "station": "STA 0+413.7",
        "stationing": null,
        "ele": 12.594,
        "images": "DSC00817.jpg",
        "desc": null,
        "comment": null,
        "time": "2023-05-24",
        "Structure_Category": "Other Structures",
        "canal_name": "LATERAL B",
        "station_m": 413.7,
        "elevation_m": 12.594
      }
    },
    {
      "type": "Feature",
      "id": 410,
      "geometry": {
        "type": "Point",
        "coordinates": [
          121.167649,
          13.353875
        ]
      },
      "properties": {
        "id": 410,
        "name": "LATERAL F TURN IN (0+380)",
        "type": "Inlet",
        "structure": "TURN IN",
        "station": "STA 0+380.0",
        "stationing": null,
        "ele": 10.965,
        "images": "DSC00735.jpg",
        "desc": null,
        "comment": null,
        "time": "2023-05-20",
        "Structure_Category": "Inlet",
        "canal_name": "LATERAL F",
        "station_m": 380,
        "elevation_m": 10.965
      }
    },
    {
      "type": "Feature",
      "id": 341,
      "geometry": {
        "type": "Point",
        "coordinates": [
          121.211185,
          13.322677
        ]
      },
      "properties": {
        "id": 341,
        "name": "LATERAL B THRESHER CROSSING (6+190)",
        "type": "Thresher Crossing",
        "structure": "THRESHER CROSSING",
        "station": "STA 6+190.0",
        "stationing": null,
        "ele": 24.835,
        "images": "DSC00536.jpg",
        "desc": null,
        "comment": "2023-05-15 12:17:45pm",
        "time": "2023-05-15",
        "Structure_Category": "Thresher Crossing",
        "canal_name": "LATERAL B",
        "station_m": 6190,
        "elevation_m": 24.835
      }
    },
    {
      "type": "Feature",
      "id": 441,
      "geometry": {
        "type": "Point",
        "coordinates": [
          121.170657,
          13.377409
        ]
      },
      "properties": {
        "id": 441,
        "name": "CALAPAN DAM MC LEFT TO 1 (0+779.4)",
        "type": "Turnout",
        "structure": "TURNOUT",
        "station": "STA 0+779.4",
        "stationing": null,
        "ele": 43.612,
        "images": "DSC00765.jpg",
        "desc": null,
        "comment": null,
        "time": "2023-05-20",
        "Structure_Category": "Turnout (TO)",
        "canal_name": "CALAPAN DAM MAIN CANAL LEFT",
        "station_m": 779.4,
        "elevation_m": 43.612
      }
    },
    {
      "type": "Feature",
      "id": 569,
      "geometry": {
        "type": "Point",
        "coordinates": [
          121.151504,
          13.314966
        ]
      },
      "properties": {
        "id": 569,
        "name": "LATERAL A COMBI TO & INLET ROAD CROSSING (2+980)",
        "type": "Turnout",
        "structure": "COMBI INLET RD X-ING & TURNOUT",
        "station": "STA 2+980.0",
        "stationing": null,
        "ele": 17.182,
        "images": "DSC00648.jpg",
        "desc": null,
        "comment": "2023-05-25 10:23:23am",
        "time": "2023-05-25",
        "Structure_Category": "Turnout (TO)",
        "canal_name": "LATERAL A",
        "station_m": 2980,
        "elevation_m": 17.182
      }
    },
    {
      "type": "Feature",
      "id": 575,
      "geometry": {
        "type": "Point",
        "coordinates": [
          121.140641,
          13.328402
        ]
      },
      "properties": {
        "id": 575,
        "name": "LATERAL A COMBI TO & INLET ROAD CROSSING (4+988)",
        "type": "Turnout",
        "structure": "COMBI INLET RD X-ING & TURNOUT",
        "station": "STA 4+988.0",
        "stationing": null,
        "ele": 17.036,
        "images": "DSC00654.jpg",
        "desc": null,
        "comment": "2023-05-25 10:44:14am",
        "time": "2023-05-25",
        "Structure_Category": "Turnout (TO)",
        "canal_name": "LATERAL A",
        "station_m": 4988,
        "elevation_m": 17.036
      }
    },
    {
      "type": "Feature",
      "id": 585,
      "geometry": {
        "type": "Point",
        "coordinates": [
          121.142852,
          13.342419
        ]
      },
      "properties": {
        "id": 585,
        "name": "LATERAL A COMBI TO & INLET ROAD CROSSING (6+800)",
        "type": "Turnout",
        "structure": "COMBI INLET RD X-ING & TURNOUT",
        "station": "STA 6+800.0",
        "stationing": null,
        "ele": 24.505,
        "images": "DSC00664.jpg",
        "desc": null,
        "comment": "2023-05-25 12:05:39pm",
        "time": "2023-05-25",
        "Structure_Category": "Turnout (TO)",
        "canal_name": "LATERAL A",
        "station_m": 6800,
        "elevation_m": 24.505
      }
    },
    {
      "type": "Feature",
      "id": 599,
      "geometry": {
        "type": "Point",
        "coordinates": [
          121.120151,
          13.36951
        ]
      },
      "properties": {
        "id": 599,
        "name": "LATERAL A COMBI THRESHER CROSSING & TO (10+402.6)",
        "type": "Turnout",
        "structure": "COMBI THR X-ING & TURNOUT",
        "station": "STA 10+402.6",
        "stationing": null,
        "ele": 10.258,
        "images": "DSC00678.jpg",
        "desc": null,
        "comment": "2023-05-26 9:45:51am",
        "time": "2023-05-26",
        "Structure_Category": "Turnout (TO)",
        "canal_name": "LATERAL A",
        "station_m": 10402.6,
        "elevation_m": 10.258
      }
    },
    {
      "type": "Feature",
      "id": 604,
      "geometry": {
        "type": "Point",
        "coordinates": [
          121.123149,
          13.373305
        ]
      },
      "properties": {
        "id": 604,
        "name": "LATERAL A COMBI THRESHER CROSSING & TO (11+720)",
        "type": "Turnout",
        "structure": "COMBI THR X-ING & TURNOUT",
        "station": "STA 11+720.0",
        "stationing": null,
        "ele": 9.065,
        "images": "DSC00683.jpg",
        "desc": null,
        "comment": "2023-05-26 9:58:10am",
        "time": "2023-05-26",
        "Structure_Category": "Turnout (TO)",
        "canal_name": "LATERAL A",
        "station_m": 11720,
        "elevation_m": 9.065
      }
    },
    {
      "type": "Feature",
      "id": 844,
      "geometry": {
        "type": "Point",
        "coordinates": [
          121.104517,
          13.283093
        ]
      },
      "properties": {
        "id": 844,
        "name": "BAYOG LATERAL A2 COMBI INLET ROAD CROSSING & TO 3 (2+332)",
        "type": "Turnout",
        "structure": "COMBI INLET RD X-ING & TURNOUT",
        "station": "STA 2+332.0",
        "stationing": null,
        "ele": 58.134,
        "images": "DSC01126.jpg",
        "desc": null,
        "comment": null,
        "time": "2023-08-23",
        "Structure_Category": "Turnout (TO)",
        "canal_name": "BAYOG SUB LATERAL A2",
        "station_m": 2332,
        "elevation_m": 58.134
      }
    },
    {
      "type": "Feature",
      "id": 327,
      "geometry": {
        "type": "Point",
        "coordinates": [
          121.197082,
          13.322971
        ]
      },
      "properties": {
        "id": 327,
        "name": "LATERAL B COMBI THRESHER CROSSING & TO (4+398)",
        "type": "Turnout",
        "structure": "COMBI THR X-ING & TURNOUT",
        "station": "STA 4+398.0",
        "stationing": null,
        "ele": 23.996,
        "images": "DSC00522.jpg",
        "desc": null,
        "comment": "2023-05-15 11:22:00am",
        "time": "2023-05-15",
        "Structure_Category": "Turnout (TO)",
        "canal_name": "LATERAL B",
        "station_m": 4398,
        "elevation_m": 23.996
      }
    },
    {
      "type": "Feature",
      "id": 696,
      "geometry": {
        "type": "Point",
        "coordinates": [
          121.129054,
          13.335034
        ]
      },
      "properties": {
        "id": 696,
        "name": "LATERAL A4 COMBI CHECK INLET ROAD CROSSING & TO 3 (2+297)",
        "type": "Turnout",
        "structure": "COMBI INLET RD X-ING & TURNOUT",
        "station": "STA 2+297.0",
        "stationing": null,
        "ele": 21.69,
        "images": "DSC00945.jpg",
        "desc": null,
        "comment": null,
        "time": "2023-07-24",
        "Structure_Category": "Turnout (TO)",
        "canal_name": "LATERAL A",
        "station_m": 2297,
        "elevation_m": 21.69
      }
    },
    {
      "type": "Feature",
      "id": 395,
      "geometry": {
        "type": "Point",
        "coordinates": [
          121.207345,
          13.34374
        ]
      },
      "properties": {
        "id": 395,
        "name": "LATERAL B2 THRESHER CROSSING (2+122)",
        "type": "Thresher Crossing",
        "structure": "THRESHER CROSSING",
        "station": "STA 2+122.0",
        "stationing": null,
        "ele": 18.052,
        "images": "DSC00591.jpg",
        "desc": null,
        "comment": "2023-05-19 10:41:10am",
        "time": "2023-05-19",
        "Structure_Category": "Thresher Crossing",
        "canal_name": "LATERAL B",
        "station_m": 2122,
        "elevation_m": 18.052
      }
    },
    {
      "type": "Feature",
      "id": 31,
      "geometry": {
        "type": "Point",
        "coordinates": [
          121.152389,
          13.280964
        ]
      },
      "properties": {
        "id": 31,
        "name": "MAIN CANAL INLET SIPHON (7+047)",
        "type": "Outlet",
        "structure": "INLET SIPHON",
        "station": "STA 7+047.0",
        "stationing": null,
        "ele": 12.501,
        "images": "DSC00448.jpg",
        "desc": null,
        "comment": null,
        "time": "2023-04-25",
        "Structure_Category": "Outlet",
        "canal_name": "MAIN CANAL",
        "station_m": 7047,
        "elevation_m": 12.501
      }
    },
    {
      "type": "Feature",
      "id": 150,
      "geometry": {
        "type": "Point",
        "coordinates": [
          121.168489,
          13.365282
        ]
      },
      "properties": {
        "id": 150,
        "name": "BBRIS LATERAL G START OF BOX CULVERT (0+671.4)",
        "type": "Conduit",
        "structure": "START OF BOX CULVERT",
        "station": "STA 0+671.4",
        "stationing": null,
        "ele": 11.702,
        "images": "DSC00578.jpg",
        "desc": null,
        "comment": null,
        "time": "2023-05-10",
        "Structure_Category": "Other Structures",
        "canal_name": "LATERAL G",
        "station_m": 671.4,
        "elevation_m": 11.702
      }
    },
    {
      "type": "Feature",
      "id": 539,
      "geometry": {
        "type": "Point",
        "coordinates": [
          121.223566,
          13.355663
        ]
      },
      "properties": {
        "id": 539,
        "name": "LATERAL B2A OUTLET (3+392)",
        "type": "Outlet",
        "structure": "OUTLET",
        "station": "STA 3+392.0",
        "stationing": null,
        "ele": 12.224,
        "images": "DSC00618.jpg",
        "desc": null,
        "comment": "2023-05-23 11:19:43am",
        "time": "2023-05-23",
        "Structure_Category": "Outlet",
        "canal_name": "LATERAL B",
        "station_m": 3392,
        "elevation_m": 12.224
      }
    },
    {
      "type": "Feature",
      "id": 38,
      "geometry": {
        "type": "Point",
        "coordinates": [
          121.161869,
          13.288221
        ]
      },
      "properties": {
        "id": 38,
        "name": "MAIN CANAL BULLCART 5 (8+333.4)",
        "type": "Thresher Crossing",
        "structure": "THRESHER CROSSING",
        "station": "STA 8+333.4",
        "stationing": null,
        "ele": 15.671,
        "images": "DSC00455.jpg",
        "desc": null,
        "comment": null,
        "time": "2023-04-28",
        "Structure_Category": "Thresher Crossing",
        "canal_name": "MAIN CANAL",
        "station_m": 8333.4,
        "elevation_m": 15.671
      }
    },
    {
      "type": "Feature",
      "id": 412,
      "geometry": {
        "type": "Point",
        "coordinates": [
          121.168371,
          13.354747
        ]
      },
      "properties": {
        "id": 412,
        "name": "LATERAL F THRESHER CROSSING (0+502.5)",
        "type": "Thresher Crossing",
        "structure": "THRESHER CROSSING",
        "station": "STA 0+502.5",
        "stationing": null,
        "ele": 10.183,
        "images": "DSC00737.jpg",
        "desc": null,
        "comment": null,
        "time": "2023-05-20",
        "Structure_Category": "Thresher Crossing",
        "canal_name": "LATERAL F",
        "station_m": 502.5,
        "elevation_m": 10.183
      }
    },
    {
      "type": "Feature",
      "id": 397,
      "geometry": {
        "type": "Point",
        "coordinates": [
          121.207242,
          13.347501
        ]
      },
      "properties": {
        "id": 397,
        "name": "LATERAL B2 COMBI CHECK INLET ROAD CROSSING & TO 4 (2+540)",
        "type": "Turnout",
        "structure": "COMBI CHECK INLET RD X-ING & TURNOUT",
        "station": "STA 2+540.0",
        "stationing": null,
        "ele": 16.184,
        "images": "DSC00593.jpg",
        "desc": null,
        "comment": "2023-05-19 10:45:45am",
        "time": "2023-05-19",
        "Structure_Category": "Turnout (TO)",
        "canal_name": "LATERAL B",
        "station_m": 2540,
        "elevation_m": 16.184
      }
    },
    {
      "type": "Feature",
      "id": 110,
      "geometry": {
        "type": "Point",
        "coordinates": [
          121.160748,
          13.377034
        ]
      },
      "properties": {
        "id": 110,
        "name": "MAIN CANAL THRESHER CROSSING (19+406)",
        "type": "Thresher Crossing",
        "structure": "THRESHER CROSSING",
        "station": "STA 19+406.0",
        "stationing": null,
        "ele": 9.753,
        "images": "DSC00539.jpg",
        "desc": null,
        "comment": null,
        "time": "2023-05-05",
        "Structure_Category": "Thresher Crossing",
        "canal_name": "MAIN CANAL",
        "station_m": 19406,
        "elevation_m": 9.753
      }
    },
    {
      "type": "Feature",
      "id": 406,
      "geometry": {
        "type": "Point",
        "coordinates": [
          121.213685,
          13.360433
        ]
      },
      "properties": {
        "id": 406,
        "name": "LATERAL B2 INLET ROAD CROSSING (4+186)",
        "type": "Inlet",
        "structure": "INLET RD X-ING",
        "station": "STA 4+186.0",
        "stationing": null,
        "ele": 9.372,
        "images": "DSC00602.jpg",
        "desc": null,
        "comment": "2023-05-19 11:29:10am",
        "time": "2023-05-19",
        "Structure_Category": "Inlet",
        "canal_name": "LATERAL B",
        "station_m": 4186,
        "elevation_m": 9.372
      }
    },
    {
      "type": "Feature",
      "id": 801,
      "geometry": {
        "type": "Point",
        "coordinates": [
          121.140083,
          13.352165
        ]
      },
      "properties": {
        "id": 801,
        "name": "LATERAL A6 BULLCART 2 (0+251.4)",
        "type": "Thresher Crossing",
        "structure": "THRESHER CROSSING",
        "station": "STA 0+251.4",
        "stationing": null,
        "ele": -153.568,
        "images": "DSC01054.jpg",
        "desc": null,
        "comment": null,
        "time": "2023-08-14",
        "Structure_Category": "Thresher Crossing",
        "canal_name": "LATERAL A",
        "station_m": 251.4,
        "elevation_m": -153.568
      }
    },
    {
      "type": "Feature",
      "id": 15,
      "geometry": {
        "type": "Point",
        "coordinates": [
          121.140802,
          13.27367
        ]
      },
      "properties": {
        "id": 15,
        "name": "MAIN CANAL SIPHON SPILLWAY & STEELGATE (5+534.6)",
        "type": "Siphon",
        "structure": "COMBI SIPHON SPILLWAY & STEELGATE",
        "station": "STA 5+534.6",
        "stationing": null,
        "ele": 31.924,
        "images": "DSC00435.jpg",
        "desc": null,
        "comment": null,
        "time": "2023-04-25",
        "Structure_Category": "Siphon",
        "canal_name": "MAIN CANAL",
        "station_m": 5534.6,
        "elevation_m": 31.924
      }
    },
    {
      "type": "Feature",
      "id": 702,
      "geometry": {
        "type": "Point",
        "coordinates": [
          121.136281,
          13.34143
        ]
      },
      "properties": {
        "id": 702,
        "name": "LATERAL A5 TO 2 (0+420)",
        "type": "Turnout",
        "structure": "TURNOUT",
        "station": "STA 0+420.0",
        "stationing": null,
        "ele": 34.594,
        "images": "DSC00952.jpg",
        "desc": null,
        "comment": null,
        "time": "2023-07-25",
        "Structure_Category": "Turnout (TO)",
        "canal_name": "LATERAL A",
        "station_m": 420,
        "elevation_m": 34.594
      }
    },
    {
      "type": "Feature",
      "id": 705,
      "geometry": {
        "type": "Point",
        "coordinates": [
          121.132414,
          13.34331
        ]
      },
      "properties": {
        "id": 705,
        "name": "LATERAL A5 COMBI THRESHER CROSSING & TO 4 (0+937.5)",
        "type": "Turnout",
        "structure": "COMBI THR X-ING & TURNOUT",
        "station": "STA 0+937.5",
        "stationing": null,
        "ele": 31.841,
        "images": "DSC00955.jpg",
        "desc": null,
        "comment": null,
        "time": "2023-07-25",
        "Structure_Category": "Turnout (TO)",
        "canal_name": "LATERAL A",
        "station_m": 937.5,
        "elevation_m": 31.841
      }
    },
    {
      "type": "Feature",
      "id": 706,
      "geometry": {
        "type": "Point",
        "coordinates": [
          121.131823,
          13.343498
        ]
      },
      "properties": {
        "id": 706,
        "name": "LATERAL A5 TO 5 (1+005)",
        "type": "Turnout",
        "structure": "TURNOUT",
        "station": "STA 1+005.0",
        "stationing": null,
        "ele": 28.555,
        "images": "DSC00956.jpg",
        "desc": null,
        "comment": null,
        "time": "2023-07-25",
        "Structure_Category": "Turnout (TO)",
        "canal_name": "LATERAL A",
        "station_m": 1005,
        "elevation_m": 28.555
      }
    },
    {
      "type": "Feature",
      "id": 707,
      "geometry": {
        "type": "Point",
        "coordinates": [
          121.129742,
          13.344232
        ]
      },
      "properties": {
        "id": 707,
        "name": "LATERAL A5 COMBI INLET ROAD CROSSING & TO 6 (1+242.7)",
        "type": "Turnout",
        "structure": "COMBI INLET RD X-ING & TURNOUT",
        "station": "STA 1+242.7",
        "stationing": null,
        "ele": 339.945,
        "images": "DSC00957.jpg",
        "desc": null,
        "comment": null,
        "time": "2023-07-25",
        "Structure_Category": "Turnout (TO)",
        "canal_name": "LATERAL A",
        "station_m": 1242.7,
        "elevation_m": 339.945
      }
    },
    {
      "type": "Feature",
      "id": 715,
      "geometry": {
        "type": "Point",
        "coordinates": [
          121.148593,
          13.29879
        ]
      },
      "properties": {
        "id": 715,
        "name": "LATERAL A1 COMBI CHECK SIPHON & TO 1 (1+116.7)",
        "type": "Turnout",
        "structure": "COMBI CHECK SIPHON & TURNOUT",
        "station": "STA 1+116.7",
        "stationing": null,
        "ele": 22.759,
        "images": "DSC00965.jpg",
        "desc": null,
        "comment": null,
        "time": "2023-07-27",
        "Structure_Category": "Turnout (TO)",
        "canal_name": "LATERAL A",
        "station_m": 1116.7,
        "elevation_m": 22.759
      }
    },
    {
      "type": "Feature",
      "id": 21,
      "geometry": {
        "type": "Point",
        "coordinates": [
          121.141883,
          13.274127
        ]
      },
      "properties": {
        "id": 21,
        "name": "MAIN CANAL START SIPHON (5+661.6)",
        "type": "Siphon",
        "structure": "START SIPHON",
        "station": "STA 5+661.6",
        "stationing": null,
        "ele": 25.503,
        "images": "DSC00441.jpg",
        "desc": null,
        "comment": null,
        "time": "2023-04-25",
        "Structure_Category": "Siphon",
        "canal_name": "MAIN CANAL",
        "station_m": 5661.6,
        "elevation_m": 25.503
      }
    },
    {
      "type": "Feature",
      "id": 413,
      "geometry": {
        "type": "Point",
        "coordinates": [
          121.16979,
          13.35549
        ]
      },
      "properties": {
        "id": 413,
        "name": "LATERAL F COMBI INLET ROAD CROSSING & TURN IN (0+682)",
        "type": "Inlet",
        "structure": "COMBI INLET RD X-ING & TURN IN",
        "station": "STA 0+682.0",
        "stationing": null,
        "ele": 10.129,
        "images": "DSC00738.jpg",
        "desc": null,
        "comment": null,
        "time": "2023-01-20",
        "Structure_Category": "Inlet",
        "canal_name": "LATERAL F",
        "station_m": 682,
        "elevation_m": 10.129
      }
    },
    {
      "type": "Feature",
      "id": 24,
      "geometry": {
        "type": "Point",
        "coordinates": [
          121.143968,
          13.275025
        ]
      },
      "properties": {
        "id": 24,
        "name": "MAIN CANAL START SIPHON (5+918.5)",
        "type": "Siphon",
        "structure": "START SIPHON",
        "station": "STA 5+918.5",
        "stationing": null,
        "ele": 27.004,
        "images": "DSC00443.jpg",
        "desc": null,
        "comment": null,
        "time": "2023-04-25",
        "Structure_Category": "Siphon",
        "canal_name": "MAIN CANAL",
        "station_m": 5918.5,
        "elevation_m": 27.004
      }
    },
    {
      "type": "Feature",
      "id": 719,
      "geometry": {
        "type": "Point",
        "coordinates": [
          121.142478,
          13.301065
        ]
      },
      "properties": {
        "id": 719,
        "name": "LATERAL A1 TO 2 (1+900)",
        "type": "Turnout",
        "structure": "TURNOUT",
        "station": "STA 1+900.0",
        "stationing": null,
        "ele": 73.739,
        "images": "DSC00969.jpg",
        "desc": null,
        "comment": null,
        "time": "2023-07-27",
        "Structure_Category": "Turnout (TO)",
        "canal_name": "LATERAL A",
        "station_m": 1900,
        "elevation_m": 73.739
      }
    },
    {
      "type": "Feature",
      "id": 28,
      "geometry": {
        "type": "Point",
        "coordinates": [
          121.148923,
          13.278069
        ]
      },
      "properties": {
        "id": 28,
        "name": "MAIN CANAL ROAD CROSSING (6+529.5)",
        "type": "Road Crossing",
        "structure": "RD X-ING",
        "station": "STA 6+529.5",
        "stationing": null,
        "ele": 32.748,
        "images": "DSC00446.jpg",
        "desc": null,
        "comment": null,
        "time": "2023-04-25",
        "Structure_Category": "Road Crossing",
        "canal_name": "MAIN CANAL",
        "station_m": 6529.5,
        "elevation_m": 32.748
      }
    },
    {
      "type": "Feature",
      "id": 820,
      "geometry": {
        "type": "Point",
        "coordinates": [
          121.129974,
          13.381945
        ]
      },
      "properties": {
        "id": 820,
        "name": "LATERAL A8 COMBI INET ROAD CROSSING & TO 3 (0+421)",
        "type": "Turnout",
        "structure": "COMBI INLET RD X-ING & TURNOUT",
        "station": "STA 0+421.0",
        "stationing": null,
        "ele": 15.637,
        "images": "DSC01080.jpg",
        "desc": null,
        "comment": null,
        "time": "2023-08-14",
        "Structure_Category": "Turnout (TO)",
        "canal_name": "LATERAL A",
        "station_m": 421,
        "elevation_m": 15.637
      }
    },
    {
      "type": "Feature",
      "id": 400,
      "geometry": {
        "type": "Point",
        "coordinates": [
          121.208766,
          13.353088
        ]
      },
      "properties": {
        "id": 400,
        "name": "LATERAL B2 COMBI CHECK THRESHER CROSSING & TO 6 (3+218)",
        "type": "Turnout",
        "structure": "COMBI CHECK & THR X-ING & TURNOUT",
        "station": "STA 3+218.0",
        "stationing": null,
        "ele": 10.598,
        "images": "DSC00596.jpg",
        "desc": null,
        "comment": "2023-05-19 11:05:01am",
        "time": "2023-05-19",
        "Structure_Category": "Turnout (TO)",
        "canal_name": "LATERAL B",
        "station_m": 3218,
        "elevation_m": 10.598
      }
    },
    {
      "type": "Feature",
      "id": 407,
      "geometry": {
        "type": "Point",
        "coordinates": [
          121.213725,
          13.360626
        ]
      },
      "properties": {
        "id": 407,
        "name": "LATERAL B2 COMBI OUTLET ROAD CROSSING & TO 7 (4+202)",
        "type": "Turnout",
        "structure": "COMBI OUTLET RD X-ING & TURNOUT",
        "station": "STA 4+202.0",
        "stationing": null,
        "ele": 9.635,
        "images": "DSC00603.jpg",
        "desc": null,
        "comment": "2023-05-19 11:31:33am",
        "time": "2023-05-19",
        "Structure_Category": "Turnout (TO)",
        "canal_name": "LATERAL B",
        "station_m": 4202,
        "elevation_m": 9.635
      }
    },
    {
      "type": "Feature",
      "id": 39,
      "geometry": {
        "type": "Point",
        "coordinates": [
          121.162523,
          13.289407
        ]
      },
      "properties": {
        "id": 39,
        "name": "MAIN CANAL TURNOUT LEFT & INLET THR CROSSING (8+475)",
        "type": "Turnout",
        "structure": "COMBI INLET THR X-ING & TURNOUT",
        "station": "STA 8+475.0",
        "stationing": null,
        "ele": 36.617,
        "images": "DSC00456.jpg",
        "desc": null,
        "comment": null,
        "time": "2023-04-28",
        "Structure_Category": "Turnout (TO)",
        "canal_name": "MAIN CANAL",
        "station_m": 8475,
        "elevation_m": 36.617
      }
    },
    {
      "type": "Feature",
      "id": 431,
      "geometry": {
        "type": "Point",
        "coordinates": [
          121.172846,
          13.373485
        ]
      },
      "properties": {
        "id": 431,
        "name": "CALAPAN DAM MC LEFT THRESHER CROSSING (0+219.3)",
        "type": "Thresher Crossing",
        "structure": "THRESHER CROSSING",
        "station": "STA 0+219.3",
        "stationing": null,
        "ele": 28.812,
        "images": "DSC00756.jpg",
        "desc": null,
        "comment": null,
        "time": "2023-05-20",
        "Structure_Category": "Thresher Crossing",
        "canal_name": "CALAPAN DAM MAIN CANAL LEFT",
        "station_m": 219.3,
        "elevation_m": 28.812
      }
    },
    {
      "type": "Feature",
      "id": 484,
      "geometry": {
        "type": "Point",
        "coordinates": [
          121.198423,
          13.344427
        ]
      },
      "properties": {
        "id": 484,
        "name": "KILO-KILO DAM MAIN CANAL THRESHER CROSSING (0+623)",
        "type": "Thresher Crossing",
        "structure": "THRESHER CROSSING",
        "station": "STA 0+623.0",
        "stationing": null,
        "ele": 12.185,
        "images": "DSC00810.jpg",
        "desc": null,
        "comment": null,
        "time": "2023-05-24",
        "Structure_Category": "Thresher Crossing",
        "canal_name": "KILO-KILO DAM MAIN CANAL",
        "station_m": 623,
        "elevation_m": 12.185
      }
    },
    {
      "type": "Feature",
      "id": 398,
      "geometry": {
        "type": "Point",
        "coordinates": [
          121.207244,
          13.347615
        ]
      },
      "properties": {
        "id": 398,
        "name": "LATERAL B2 OUTLET ROAD CROSSING (2+552)",
        "type": "Outlet",
        "structure": "OUTLET RD X-ING",
        "station": "STA 2+552.0",
        "stationing": null,
        "ele": 15.596,
        "images": "DSC00594.jpg",
        "desc": null,
        "comment": "2023-05-19 10:46:41am",
        "time": "2023-05-19",
        "Structure_Category": "Outlet",
        "canal_name": "LATERAL B",
        "station_m": 2552,
        "elevation_m": 15.596
      }
    },
    {
      "type": "Feature",
      "id": 429,
      "geometry": {
        "type": "Point",
        "coordinates": [
          121.174941,
          13.373473
        ]
      },
      "properties": {
        "id": 429,
        "name": "CALAPAN DAM MC LEFT OUTLET (0+000)",
        "type": "Outlet",
        "structure": "OUTLET",
        "station": "STA 0+000.0",
        "stationing": null,
        "ele": 39.961,
        "images": "DSC00754.jpg",
        "desc": null,
        "comment": null,
        "time": "2023-05-20",
        "Structure_Category": "Outlet",
        "canal_name": "CALAPAN DAM MAIN CANAL LEFT",
        "station_m": 0,
        "elevation_m": 39.961
      }
    },
    {
      "type": "Feature",
      "id": 428,
      "geometry": {
        "type": "Point",
        "coordinates": [
          121.175028,
          13.373523
        ]
      },
      "properties": {
        "id": 428,
        "name": "CALAPAN DAM HEADGATE LEFT (0+000)",
        "type": "Dam",
        "structure": "CALAPAN DAM HEADGATE",
        "station": "STA 0+000.0",
        "stationing": null,
        "ele": 18.562,
        "images": "DSC00753.jpg",
        "desc": null,
        "comment": null,
        "time": "2023-05-20",
        "Structure_Category": "Diversion Dam / Weir",
        "canal_name": "CALAPAN DAM MAIN CANAL LEFT",
        "station_m": 0,
        "elevation_m": 18.562
      }
    },
    {
      "type": "Feature",
      "id": 505,
      "geometry": {
        "type": "Point",
        "coordinates": [
          121.125383,
          13.375473
        ]
      },
      "properties": {
        "id": 505,
        "name": "LATERAL A7 (0+022)",
        "type": "Flume",
        "structure": "LATERAL A7",
        "station": "STA 0+022.0",
        "stationing": null,
        "ele": 15.046,
        "images": "DSC00831.jpg",
        "desc": null,
        "comment": null,
        "time": "2023-05-26",
        "Structure_Category": "Parshall Flume",
        "canal_name": "LATERAL A",
        "station_m": 22,
        "elevation_m": 15.046
      }
    },
    {
      "type": "Feature",
      "id": 47,
      "geometry": {
        "type": "Point",
        "coordinates": [
          121.166365,
          13.324669
        ]
      },
      "properties": {
        "id": 47,
        "name": "MAIN CANAL THRESHER CROSSING  (13+079)",
        "type": "Thresher Crossing",
        "structure": "THRESHER CROSSING",
        "station": "STA 13+079.0",
        "stationing": null,
        "ele": 1.543,
        "images": "DSC00477.jpg",
        "desc": null,
        "comment": null,
        "time": "2023-05-03",
        "Structure_Category": "Thresher Crossing",
        "canal_name": "MAIN CANAL",
        "station_m": 13079,
        "elevation_m": 1.543
      }
    },
    {
      "type": "Feature",
      "id": 433,
      "geometry": {
        "type": "Point",
        "coordinates": [
          121.170825,
          13.375308
        ]
      },
      "properties": {
        "id": 433,
        "name": "CALAPAN DAM MC LEFT THRESHER CROSSING (0+538)",
        "type": "Thresher Crossing",
        "structure": "THRESHER CROSSING",
        "station": "STA 0+538.0",
        "stationing": null,
        "ele": 27.075,
        "images": "DSC00758.jpg",
        "desc": null,
        "comment": null,
        "time": "2023-05-20",
        "Structure_Category": "Thresher Crossing",
        "canal_name": "CALAPAN DAM MAIN CANAL LEFT",
        "station_m": 538,
        "elevation_m": 27.075
      }
    },
    {
      "type": "Feature",
      "id": 43,
      "geometry": {
        "type": "Point",
        "coordinates": [
          121.168057,
          13.322057
        ]
      },
      "properties": {
        "id": 43,
        "name": "MAIN CANAL COMBI TURN IN & THRESHER CROSSING (12+732)",
        "type": "Inlet",
        "structure": "COMBI THR X-ING & TURN IN",
        "station": "STA 12+732.0",
        "stationing": null,
        "ele": -13.591,
        "images": "DSC00474.jpg",
        "desc": null,
        "comment": null,
        "time": "2023-05-03",
        "Structure_Category": "Inlet",
        "canal_name": "MAIN CANAL",
        "station_m": 12732,
        "elevation_m": -13.591
      }
    },
    {
      "type": "Feature",
      "id": 528,
      "geometry": {
        "type": "Point",
        "coordinates": [
          121.207183,
          13.334335
        ]
      },
      "properties": {
        "id": 528,
        "name": "LATERAL B2A COMBI CHECK INLET ROAD CROSSING & TO 1 (0+232.4)",
        "type": "Turnout",
        "structure": "COMBI CHECK INLET RD X-ING & TURNOUT",
        "station": "STA 0+232.4",
        "stationing": null,
        "ele": 11.165,
        "images": "DSC00607.jpg",
        "desc": null,
        "comment": "2023-05-23 9:37:07am",
        "time": "2023-05-23",
        "Structure_Category": "Turnout (TO)",
        "canal_name": "LATERAL B",
        "station_m": 232.4,
        "elevation_m": 11.165
      }
    },
    {
      "type": "Feature",
      "id": 492,
      "geometry": {
        "type": "Point",
        "coordinates": [
          121.226774,
          13.327019
        ]
      },
      "properties": {
        "id": 492,
        "name": "LATERAL B3 BULLCART 1 (0+463)",
        "type": "Thresher Crossing",
        "structure": "THRESHER CROSSING",
        "station": "STA 0+463.0",
        "stationing": null,
        "ele": 12.77,
        "images": "DSC00818.jpg",
        "desc": null,
        "comment": null,
        "time": "2023-05-24",
        "Structure_Category": "Thresher Crossing",
        "canal_name": "LATERAL B",
        "station_m": 463,
        "elevation_m": 12.77
      }
    },
    {
      "type": "Feature",
      "id": 48,
      "geometry": {
        "type": "Point",
        "coordinates": [
          121.165446,
          13.326239
        ]
      },
      "properties": {
        "id": 48,
        "name": "MAIN CANAL THRESHER CROSSING (13+275",
        "type": "Thresher Crossing",
        "structure": "THRESHER CROSSING",
        "station": "STA 13+275.0",
        "stationing": null,
        "ele": 3.84,
        "images": "DSC00478.jpg",
        "desc": null,
        "comment": null,
        "time": "2023-05-03",
        "Structure_Category": "Thresher Crossing",
        "canal_name": "MAIN CANAL",
        "station_m": 13275,
        "elevation_m": 3.84
      }
    },
    {
      "type": "Feature",
      "id": 40,
      "geometry": {
        "type": "Point",
        "coordinates": [
          121.162559,
          13.289476
        ]
      },
      "properties": {
        "id": 40,
        "name": "MAIN CANAL OUTLET THR CROSSING (8+495)",
        "type": "Outlet",
        "structure": "OUTLET THR X-ING",
        "station": "STA 8+495.0",
        "stationing": null,
        "ele": 34.751,
        "images": "DSC00457.jpg",
        "desc": null,
        "comment": null,
        "time": "2023-04-28",
        "Structure_Category": "Outlet",
        "canal_name": "MAIN CANAL",
        "station_m": 8495,
        "elevation_m": 34.751
      }
    },
    {
      "type": "Feature",
      "id": 461,
      "geometry": {
        "type": "Point",
        "coordinates": [
          121.155583,
          13.351494
        ]
      },
      "properties": {
        "id": 461,
        "name": "BBRIS LATERAL E BULLCART 4 (1+801.2)",
        "type": "Thresher Crossing",
        "structure": "THRESHER CROSSING",
        "station": "STA 1+801.2",
        "stationing": null,
        "ele": 35.725,
        "images": "DSC00784.jpg",
        "desc": null,
        "comment": null,
        "time": "2023-05-22",
        "Structure_Category": "Thresher Crossing",
        "canal_name": "LATERAL E",
        "station_m": 1801.2,
        "elevation_m": 35.725
      }
    },
    {
      "type": "Feature",
      "id": 42,
      "geometry": {
        "type": "Point",
        "coordinates": [
          121.169933,
          13.318938
        ]
      },
      "properties": {
        "id": 42,
        "name": "MAIN CANAL ROAD CROSSING (12+132)",
        "type": "Road Crossing",
        "structure": "RD X-ING",
        "station": "STA 12+132.0",
        "stationing": null,
        "ele": -20.672,
        "images": "DSC00473.jpg",
        "desc": null,
        "comment": null,
        "time": "2023-05-03",
        "Structure_Category": "Road Crossing",
        "canal_name": "MAIN CANAL",
        "station_m": 12132,
        "elevation_m": -20.672
      }
    },
    {
      "type": "Feature",
      "id": 118,
      "geometry": {
        "type": "Point",
        "coordinates": [
          121.158347,
          13.38835
        ]
      },
      "properties": {
        "id": 118,
        "name": "MAIN CANAL OUTLET (20+808)",
        "type": "Outlet",
        "structure": "OUTLET",
        "station": "STA 20+808.0",
        "stationing": null,
        "ele": 35.607,
        "images": "DSC00547.jpg",
        "desc": null,
        "comment": null,
        "time": "2023-05-08",
        "Structure_Category": "Outlet",
        "canal_name": "MAIN CANAL",
        "station_m": 20808,
        "elevation_m": 35.607
      }
    },
    {
      "type": "Feature",
      "id": 435,
      "geometry": {
        "type": "Point",
        "coordinates": [
          121.170724,
          13.375538
        ]
      },
      "properties": {
        "id": 435,
        "name": "CALAPAN DAM MC LEFT OUTLET ROAD CROSSING (0+570.4)",
        "type": "Outlet",
        "structure": "OUTLET RD X-ING",
        "station": "STA 0+570.4",
        "stationing": null,
        "ele": 24.602,
        "images": "DSC00760.jpg",
        "desc": null,
        "comment": null,
        "time": "2023-05-20",
        "Structure_Category": "Outlet",
        "canal_name": "CALAPAN DAM MAIN CANAL LEFT",
        "station_m": 570.4,
        "elevation_m": 24.602
      }
    },
    {
      "type": "Feature",
      "id": 437,
      "geometry": {
        "type": "Point",
        "coordinates": [
          121.170589,
          13.376626
        ]
      },
      "properties": {
        "id": 437,
        "name": "CALAPAN DAM MC LEFT OUTLET ROAD CROSSING (0+691.8)",
        "type": "Outlet",
        "structure": "OUTLET RD X-ING",
        "station": "STA 0+691.8",
        "stationing": null,
        "ele": 24.067,
        "images": "DSC00762.jpg",
        "desc": null,
        "comment": null,
        "time": "2023-05-20",
        "Structure_Category": "Outlet",
        "canal_name": "CALAPAN DAM MAIN CANAL LEFT",
        "station_m": 691.8,
        "elevation_m": 24.067
      }
    },
    {
      "type": "Feature",
      "id": 44,
      "geometry": {
        "type": "Point",
        "coordinates": [
          121.167215,
          13.323071
        ]
      },
      "properties": {
        "id": 44,
        "name": "MAIN CANAL TO 3 (12+876.9)",
        "type": "Turnout",
        "structure": "TURNOUT",
        "station": "STA 12+876.9",
        "stationing": null,
        "ele": -6.118,
        "images": "DSC00475.jpg",
        "desc": null,
        "comment": null,
        "time": "2023-05-03",
        "Structure_Category": "Turnout (TO)",
        "canal_name": "MAIN CANAL",
        "station_m": 12876.9,
        "elevation_m": -6.118
      }
    },
    {
      "type": "Feature",
      "id": 480,
      "geometry": {
        "type": "Point",
        "coordinates": [
          121.194507,
          13.340894
        ]
      },
      "properties": {
        "id": 480,
        "name": "KILO-KILO DAM MAIN CANAL START OF VERTICAL CANAL (0+020.9)",
        "type": "Other Structures",
        "structure": "START OF VERTICAL CANAL",
        "station": "STA 0+020.9",
        "stationing": null,
        "ele": 10.091,
        "images": "DSC00805.jpg",
        "desc": null,
        "comment": null,
        "time": "2023-05-24",
        "Structure_Category": "Other Structures",
        "canal_name": "KILO-KILO DAM MAIN CANAL",
        "station_m": 20.9,
        "elevation_m": 10.091
      }
    },
    {
      "type": "Feature",
      "id": 119,
      "geometry": {
        "type": "Point",
        "coordinates": [
          121.158446,
          13.388511
        ]
      },
      "properties": {
        "id": 119,
        "name": "MAIN CANAL INLET ROAD CROSSING (20+826)",
        "type": "Inlet",
        "structure": "INLET RD X-ING",
        "station": "STA 20+826.0",
        "stationing": null,
        "ele": 33.496,
        "images": "DSC00548.jpg",
        "desc": null,
        "comment": null,
        "time": "2023-05-08",
        "Structure_Category": "Inlet",
        "canal_name": "MAIN CANAL",
        "station_m": 20826,
        "elevation_m": 33.496
      }
    },
    {
      "type": "Feature",
      "id": 54,
      "geometry": {
        "type": "Point",
        "coordinates": [
          121.164576,
          13.329219
        ]
      },
      "properties": {
        "id": 54,
        "name": "MAIN CANAL THRESHER CROSSING (13+623)",
        "type": "Thresher Crossing",
        "structure": "THRESHER CROSSING",
        "station": "STA 13+623.0",
        "stationing": null,
        "ele": 15.89,
        "images": "DSC00484.jpg",
        "desc": null,
        "comment": null,
        "time": "2023-05-03",
        "Structure_Category": "Thresher Crossing",
        "canal_name": "MAIN CANAL",
        "station_m": 13623,
        "elevation_m": 15.89
      }
    },
    {
      "type": "Feature",
      "id": 432,
      "geometry": {
        "type": "Point",
        "coordinates": [
          121.171011,
          13.375086
        ]
      },
      "properties": {
        "id": 432,
        "name": "CALAPAN DAM MC LEFT THRESHER CROSSING (0+511.3)",
        "type": "Thresher Crossing",
        "structure": "THRESHER CROSSING",
        "station": "STA 0+511.3",
        "stationing": null,
        "ele": 28.675,
        "images": "DSC00757.jpg",
        "desc": null,
        "comment": null,
        "time": "2023-05-20",
        "Structure_Category": "Thresher Crossing",
        "canal_name": "CALAPAN DAM MAIN CANAL LEFT",
        "station_m": 511.3,
        "elevation_m": 28.675
      }
    },
    {
      "type": "Feature",
      "id": 37,
      "geometry": {
        "type": "Point",
        "coordinates": [
          121.160318,
          13.285406
        ]
      },
      "properties": {
        "id": 37,
        "name": "MAIN CANAL OUTLET ROAD CROSSING (7+989.5)",
        "type": "Outlet",
        "structure": "OUTLET RD X-ING",
        "station": "STA 7+989.5",
        "stationing": null,
        "ele": 17.694,
        "images": "DSC00454.jpg",
        "desc": null,
        "comment": null,
        "time": "2023-04-28",
        "Structure_Category": "Outlet",
        "canal_name": "MAIN CANAL",
        "station_m": 7989.5,
        "elevation_m": 17.694
      }
    },
    {
      "type": "Feature",
      "id": 470,
      "geometry": {
        "type": "Point",
        "coordinates": [
          121.152855,
          13.363736
        ]
      },
      "properties": {
        "id": 470,
        "name": "BBRIS LATERAL E TO 6 (3+350.4)",
        "type": "Turnout",
        "structure": "TURNOUT",
        "station": "STA 3+350.4",
        "stationing": null,
        "ele": 10.558,
        "images": "DSC00795.jpg",
        "desc": null,
        "comment": null,
        "time": "2023-05-22",
        "Structure_Category": "Turnout (TO)",
        "canal_name": "LATERAL E",
        "station_m": 3350.4,
        "elevation_m": 10.558
      }
    },
    {
      "type": "Feature",
      "id": 621,
      "geometry": {
        "type": "Point",
        "coordinates": [
          121.135815,
          13.255337
        ]
      },
      "properties": {
        "id": 621,
        "name": "LATERAL AA TO (0+972)",
        "type": "Turnout",
        "structure": "TURNOUT",
        "station": "STA 0+972.0",
        "stationing": null,
        "ele": 68.823,
        "images": "DSC00868.jpg",
        "desc": null,
        "comment": null,
        "time": "2023-07-17",
        "Structure_Category": "Turnout (TO)",
        "canal_name": "LATERAL A",
        "station_m": 972,
        "elevation_m": 68.823
      }
    },
    {
      "type": "Feature",
      "id": 638,
      "geometry": {
        "type": "Point",
        "coordinates": [
          121.158782,
          13.299944
        ]
      },
      "properties": {
        "id": 638,
        "name": "LATERAL A2 TO 1 (0+094)",
        "type": "Turnout",
        "structure": "TURNOUT",
        "station": "STA 0+094.0",
        "stationing": null,
        "ele": 6.634,
        "images": "DSC00884.jpg",
        "desc": null,
        "comment": null,
        "time": "2023-07-21",
        "Structure_Category": "Turnout (TO)",
        "canal_name": "LATERAL A",
        "station_m": 94,
        "elevation_m": 6.634
      }
    },
    {
      "type": "Feature",
      "id": 343,
      "geometry": {
        "type": "Point",
        "coordinates": [
          121.213027,
          13.322748
        ]
      },
      "properties": {
        "id": 343,
        "name": "LATERAL B TO 12 (6+388)",
        "type": "Turnout",
        "structure": "TURNOUT",
        "station": "STA 6+388.0",
        "stationing": null,
        "ele": 22.887,
        "images": "DSC00538.jpg",
        "desc": null,
        "comment": "2023-05-15 12:22:08pm",
        "time": "2023-05-15",
        "Structure_Category": "Turnout (TO)",
        "canal_name": "LATERAL B",
        "station_m": 6388,
        "elevation_m": 22.887
      }
    },
    {
      "type": "Feature",
      "id": 346,
      "geometry": {
        "type": "Point",
        "coordinates": [
          121.213521,
          13.322749
        ]
      },
      "properties": {
        "id": 346,
        "name": "LATERAL B TO 13 (6+442)",
        "type": "Turnout",
        "structure": "TURNOUT",
        "station": "STA 6+442.0",
        "stationing": null,
        "ele": 22.961,
        "images": "DSC00541.jpg",
        "desc": null,
        "comment": "2023-05-15 12:25:43pm",
        "time": "2023-05-15",
        "Structure_Category": "Turnout (TO)",
        "canal_name": "LATERAL B",
        "station_m": 6442,
        "elevation_m": 22.961
      }
    },
    {
      "type": "Feature",
      "id": 370,
      "geometry": {
        "type": "Point",
        "coordinates": [
          121.194001,
          13.331646
        ]
      },
      "properties": {
        "id": 370,
        "name": "LATERAL B1 COMBI THRESHER CROSSING & TO 3 (1+756)",
        "type": "Turnout",
        "structure": "COMBI THR X-ING & TURNOUT",
        "station": "STA 1+756.0",
        "stationing": null,
        "ele": 11.549,
        "images": "DSC00566.jpg",
        "desc": null,
        "comment": "2023-05-18 9:35:07am",
        "time": "2023-05-18",
        "Structure_Category": "Turnout (TO)",
        "canal_name": "LATERAL B",
        "station_m": 1756,
        "elevation_m": 11.549
      }
    },
    {
      "type": "Feature",
      "id": 378,
      "geometry": {
        "type": "Point",
        "coordinates": [
          121.197425,
          13.336067
        ]
      },
      "properties": {
        "id": 378,
        "name": "LATERAL B1 COMBI CHECK INLET ROAD CROSSING & TO 6 (2+410)",
        "type": "Turnout",
        "structure": "COMBI INLET RD X-ING & TURNOUT",
        "station": "STA 2+410.0",
        "stationing": null,
        "ele": 13.813,
        "images": "DSC00574.jpg",
        "desc": null,
        "comment": "2023-05-18 9:51:28am",
        "time": "2023-05-18",
        "Structure_Category": "Turnout (TO)",
        "canal_name": "LATERAL B",
        "station_m": 2410,
        "elevation_m": 13.813
      }
    },
    {
      "type": "Feature",
      "id": 477,
      "geometry": {
        "type": "Point",
        "coordinates": [
          121.153917,
          13.361605
        ]
      },
      "properties": {
        "id": 477,
        "name": "BBRIS LATERAL E BULLCART 6 (0+100)",
        "type": "Thresher Crossing",
        "structure": "THRESHER CROSSING",
        "station": "STA 0+100.0",
        "stationing": null,
        "ele": 34.732,
        "images": "DSC00802.jpg",
        "desc": null,
        "comment": null,
        "time": "2023-05-23",
        "Structure_Category": "Thresher Crossing",
        "canal_name": "LATERAL E",
        "station_m": 100,
        "elevation_m": 34.732
      }
    },
    {
      "type": "Feature",
      "id": 34,
      "geometry": {
        "type": "Point",
        "coordinates": [
          121.152733,
          13.281234
        ]
      },
      "properties": {
        "id": 34,
        "name": "MAIN CANAL OUTLET SIPHON (7+097.9)",
        "type": "Outlet",
        "structure": "OUTLET SIPHON",
        "station": "STA 7+097.9",
        "stationing": null,
        "ele": 19.705,
        "images": "DSC00451.jpg",
        "desc": null,
        "comment": null,
        "time": "2023-04-25",
        "Structure_Category": "Outlet",
        "canal_name": "MAIN CANAL",
        "station_m": 7097.9,
        "elevation_m": 19.705
      }
    },
    {
      "type": "Feature",
      "id": 36,
      "geometry": {
        "type": "Point",
        "coordinates": [
          121.160108,
          13.285484
        ]
      },
      "properties": {
        "id": 36,
        "name": "MAIN CANAL INLET ROAD CROSSING (7+966)",
        "type": "Inlet",
        "structure": "INLET RD X-ING",
        "station": "STA 7+966.0",
        "stationing": null,
        "ele": 16.887,
        "images": "DSC00453.jpg",
        "desc": null,
        "comment": null,
        "time": "2023-04-28",
        "Structure_Category": "Inlet",
        "canal_name": "MAIN CANAL",
        "station_m": 7966,
        "elevation_m": 16.887
      }
    },
    {
      "type": "Feature",
      "id": 434,
      "geometry": {
        "type": "Point",
        "coordinates": [
          121.170738,
          13.375469
        ]
      },
      "properties": {
        "id": 434,
        "name": "CALAPAN DAM MC LEFT INLET ROAD CROSSING (0+559)",
        "type": "Inlet",
        "structure": "INLET RD X-ING",
        "station": "STA 0+559.0",
        "stationing": null,
        "ele": 25.666,
        "images": "DSC00759.jpg",
        "desc": null,
        "comment": null,
        "time": "2023-05-20",
        "Structure_Category": "Inlet",
        "canal_name": "CALAPAN DAM MAIN CANAL LEFT",
        "station_m": 559,
        "elevation_m": 25.666
      }
    },
    {
      "type": "Feature",
      "id": 436,
      "geometry": {
        "type": "Point",
        "coordinates": [
          121.170577,
          13.376525
        ]
      },
      "properties": {
        "id": 436,
        "name": "CALAPAN DAM MC LEFT INLET ROAD CROSSING (0+678)",
        "type": "Inlet",
        "structure": "INLET RD X-ING",
        "station": "STA 0+678.0",
        "stationing": null,
        "ele": 23.148,
        "images": "DSC00761.jpg",
        "desc": null,
        "comment": null,
        "time": "2023-05-20",
        "Structure_Category": "Inlet",
        "canal_name": "CALAPAN DAM MAIN CANAL LEFT",
        "station_m": 678,
        "elevation_m": 23.148
      }
    },
    {
      "type": "Feature",
      "id": 6,
      "geometry": {
        "type": "Point",
        "coordinates": [
          121.132715,
          13.26785
        ]
      },
      "properties": {
        "id": 6,
        "name": "MAIN CANAL LATERAL A EXTENSION HEADGATE (4+382.5)",
        "type": "Head Gate",
        "structure": "LAT A EXT HEADGATE",
        "station": "STA 4+382.5",
        "stationing": null,
        "ele": 25.197,
        "images": "DSC00426.jpg",
        "desc": null,
        "comment": null,
        "time": "2023-04-24",
        "Structure_Category": "Head Gate",
        "canal_name": "MAIN CANAL",
        "station_m": 4382.5,
        "elevation_m": 25.197
      }
    },
    {
      "type": "Feature",
      "id": 57,
      "geometry": {
        "type": "Point",
        "coordinates": [
          121.164317,
          13.330747
        ]
      },
      "properties": {
        "id": 57,
        "name": "MAIN CANAL THRESHER CROSSING (13+793)",
        "type": "Thresher Crossing",
        "structure": "THRESHER CROSSING",
        "station": "STA 13+793.0",
        "stationing": null,
        "ele": 17.314,
        "images": "DSC00487.jpg",
        "desc": null,
        "comment": null,
        "time": "2023-05-03",
        "Structure_Category": "Thresher Crossing",
        "canal_name": "MAIN CANAL",
        "station_m": 13793,
        "elevation_m": 17.314
      }
    },
    {
      "type": "Feature",
      "id": 468,
      "geometry": {
        "type": "Point",
        "coordinates": [
          121.152596,
          13.362247
        ]
      },
      "properties": {
        "id": 468,
        "name": "BBRIS LATERAL E BULLCART 7 (3+164)",
        "type": "Thresher Crossing",
        "structure": "THRESHER CROSSING",
        "station": "STA 3+164.0",
        "stationing": null,
        "ele": 11.201,
        "images": "DSC00793.jpg",
        "desc": null,
        "comment": null,
        "time": "2023-05-22",
        "Structure_Category": "Thresher Crossing",
        "canal_name": "LATERAL E",
        "station_m": 3164,
        "elevation_m": 11.201
      }
    },
    {
      "type": "Feature",
      "id": 527,
      "geometry": {
        "type": "Point",
        "coordinates": [
          121.205712,
          13.334661
        ]
      },
      "properties": {
        "id": 527,
        "name": "LATERAL B2A PARSHALL FLUME (0+024.1)",
        "type": "Flume",
        "structure": "PARSHALL FLUME",
        "station": "STA 0+024.1",
        "stationing": null,
        "ele": 11.725,
        "images": "DSC00606.jpg",
        "desc": null,
        "comment": "2023-05-23 9:29:21am",
        "time": "2023-05-23",
        "Structure_Category": "Parshall Flume",
        "canal_name": "LATERAL B",
        "station_m": 24.1,
        "elevation_m": 11.725
      }
    },
    {
      "type": "Feature",
      "id": 124,
      "geometry": {
        "type": "Point",
        "coordinates": [
          121.161287,
          13.391398
        ]
      },
      "properties": {
        "id": 124,
        "name": "MAIN CANAL OUTLET ROAD CROSSING (21+278)",
        "type": "Outlet",
        "structure": "OUTLET RD X-ING",
        "station": "STA 21+278.0",
        "stationing": null,
        "ele": 13.962,
        "images": "DSC00553.jpg",
        "desc": null,
        "comment": null,
        "time": "2023-05-08",
        "Structure_Category": "Outlet",
        "canal_name": "MAIN CANAL",
        "station_m": 21278,
        "elevation_m": 13.962
      }
    },
    {
      "type": "Feature",
      "id": 452,
      "geometry": {
        "type": "Point",
        "coordinates": [
          121.156835,
          13.344987
        ]
      },
      "properties": {
        "id": 452,
        "name": "LATERAL E BULLCART 1 (1+066.7)",
        "type": "Thresher Crossing",
        "structure": "THRESHER CROSSING",
        "station": "STA 1+066.7",
        "stationing": null,
        "ele": 15.74,
        "images": "DSC00776.jpg",
        "desc": null,
        "comment": null,
        "time": "2023-05-22",
        "Structure_Category": "Thresher Crossing",
        "canal_name": "LATERAL E",
        "station_m": 1066.7,
        "elevation_m": 15.74
      }
    },
    {
      "type": "Feature",
      "id": 399,
      "geometry": {
        "type": "Point",
        "coordinates": [
          121.207433,
          13.350937
        ]
      },
      "properties": {
        "id": 399,
        "name": "LATERAL B2 COMBI CHECK & TO 5 (2+934)",
        "type": "Turnout",
        "structure": "COMBI CHECK & TURNOUT",
        "station": "STA 2+934.0",
        "stationing": null,
        "ele": 12.754,
        "images": "DSC00595.jpg",
        "desc": null,
        "comment": "2023-05-19 10:57:09am",
        "time": "2023-05-19",
        "Structure_Category": "Turnout (TO)",
        "canal_name": "LATERAL B",
        "station_m": 2934,
        "elevation_m": 12.754
      }
    },
    {
      "type": "Feature",
      "id": 267,
      "geometry": {
        "type": "Point",
        "coordinates": [
          121.177178,
          13.343369
        ]
      },
      "properties": {
        "id": 267,
        "name": "LATERAL C TO 10 (4+412)",
        "type": "Turnout",
        "structure": "TURNOUT",
        "station": "STA 4+412.0",
        "stationing": null,
        "ele": 20.399,
        "images": "DSC00653.jpg",
        "desc": null,
        "comment": null,
        "time": "2023-05-12",
        "Structure_Category": "Turnout (TO)",
        "canal_name": "LATERAL C",
        "station_m": 4412,
        "elevation_m": 20.399
      }
    },
    {
      "type": "Feature",
      "id": 393,
      "geometry": {
        "type": "Point",
        "coordinates": [
          121.207199,
          13.3395
        ]
      },
      "properties": {
        "id": 393,
        "name": "LATERAL B2 COMBI THRESHER CROSSING & TO 3 (1+646.2)",
        "type": "Turnout",
        "structure": "COMBI THR X-ING & TURNOUT",
        "station": "STA 1+646.2",
        "stationing": null,
        "ele": 17.957,
        "images": "DSC00589.jpg",
        "desc": null,
        "comment": "2023-05-19 10:36:13am",
        "time": "2023-05-19",
        "Structure_Category": "Turnout (TO)",
        "canal_name": "LATERAL B",
        "station_m": 1646.2,
        "elevation_m": 17.957
      }
    },
    {
      "type": "Feature",
      "id": 536,
      "geometry": {
        "type": "Point",
        "coordinates": [
          121.220076,
          13.349355
        ]
      },
      "properties": {
        "id": 536,
        "name": "LATERAL B2A TO 4 (2+604.7)",
        "type": "Turnout",
        "structure": "TURNOUT",
        "station": "STA 2+604.7",
        "stationing": null,
        "ele": 12.041,
        "images": "DSC00615.jpg",
        "desc": null,
        "comment": "2023-05-23 11:10:53am",
        "time": "2023-05-23",
        "Structure_Category": "Turnout (TO)",
        "canal_name": "LATERAL B",
        "station_m": 2604.7,
        "elevation_m": 12.041
      }
    },
    {
      "type": "Feature",
      "id": 540,
      "geometry": {
        "type": "Point",
        "coordinates": [
          121.22208,
          13.356757
        ]
      },
      "properties": {
        "id": 540,
        "name": "LATERAL B2A TO 5 (3+587)",
        "type": "Turnout",
        "structure": "TURNOUT",
        "station": "STA 3+587.0",
        "stationing": null,
        "ele": 14.153,
        "images": "DSC00619.jpg",
        "desc": null,
        "comment": "2023-05-23 11:24:10am",
        "time": "2023-05-23",
        "Structure_Category": "Turnout (TO)",
        "canal_name": "LATERAL B",
        "station_m": 3587,
        "elevation_m": 14.153
      }
    },
    {
      "type": "Feature",
      "id": 55,
      "geometry": {
        "type": "Point",
        "coordinates": [
          121.164468,
          13.329853
        ]
      },
      "properties": {
        "id": 55,
        "name": "MAIN CANAL THRESHER CROSSING (13+694)",
        "type": "Thresher Crossing",
        "structure": "THRESHER CROSSING",
        "station": "STA 13+694.0",
        "stationing": null,
        "ele": 16.838,
        "images": "DSC00485.jpg",
        "desc": null,
        "comment": null,
        "time": "2023-05-03",
        "Structure_Category": "Thresher Crossing",
        "canal_name": "MAIN CANAL",
        "station_m": 13694,
        "elevation_m": 16.838
      }
    },
    {
      "type": "Feature",
      "id": 550,
      "geometry": {
        "type": "Point",
        "coordinates": [
          121.220174,
          13.358227
        ]
      },
      "properties": {
        "id": 550,
        "name": "LATERAL B2A TO 6 (3+851.7)",
        "type": "Turnout",
        "structure": "TURNOUT",
        "station": "STA 3+851.7",
        "stationing": null,
        "ele": 19.543,
        "images": "DSC00628.jpg",
        "desc": null,
        "comment": "2023-05-24 11:33:55am",
        "time": "2023-05-24",
        "Structure_Category": "Turnout (TO)",
        "canal_name": "LATERAL B",
        "station_m": 3851.7,
        "elevation_m": 19.543
      }
    },
    {
      "type": "Feature",
      "id": 51,
      "geometry": {
        "type": "Point",
        "coordinates": [
          121.164761,
          13.328066
        ]
      },
      "properties": {
        "id": 51,
        "name": "MAIN CANAL TO 4 (13+490)",
        "type": "Turnout",
        "structure": "TURNOUT",
        "station": "STA 13+490.0",
        "stationing": null,
        "ele": 9.027,
        "images": "DSC00481.jpg",
        "desc": null,
        "comment": null,
        "time": "2023-05-03",
        "Structure_Category": "Turnout (TO)",
        "canal_name": "MAIN CANAL",
        "station_m": 13490,
        "elevation_m": 9.027
      }
    },
    {
      "type": "Feature",
      "id": 61,
      "geometry": {
        "type": "Point",
        "coordinates": [
          121.163618,
          13.33493
        ]
      },
      "properties": {
        "id": 61,
        "name": "MAIN CANAL TO 7 (14+065.2)",
        "type": "Turnout",
        "structure": "TURNOUT",
        "station": "STA 14+065.2",
        "stationing": null,
        "ele": 1.592,
        "images": "DSC00491.jpg",
        "desc": null,
        "comment": null,
        "time": "2023-05-03",
        "Structure_Category": "Turnout (TO)",
        "canal_name": "MAIN CANAL",
        "station_m": 14065.2,
        "elevation_m": 1.592
      }
    },
    {
      "type": "Feature",
      "id": 136,
      "geometry": {
        "type": "Point",
        "coordinates": [
          121.166575,
          13.404461
        ]
      },
      "properties": {
        "id": 136,
        "name": "MAIN CANAL COMBI THRESHER CROSSING & TO (22+900)",
        "type": "Turnout",
        "structure": "COMBI THR X-ING & TURNOUT",
        "station": "STA 22+900.0",
        "stationing": null,
        "ele": 14.086,
        "images": "DSC00565.jpg",
        "desc": null,
        "comment": null,
        "time": "2023-05-08",
        "Structure_Category": "Turnout (TO)",
        "canal_name": "MAIN CANAL",
        "station_m": 22900,
        "elevation_m": 14.086
      }
    },
    {
      "type": "Feature",
      "id": 198,
      "geometry": {
        "type": "Point",
        "coordinates": [
          121.17645,
          13.353791
        ]
      },
      "properties": {
        "id": 198,
        "name": "LATERAL C COMBI THRESHER CROSSING & TO 12 (5+610)",
        "type": "Turnout",
        "structure": "COMBI THR X-ING & TURNOUT",
        "station": "STA 5+610.0",
        "stationing": null,
        "ele": 14.087,
        "images": "DSC00660.jpg",
        "desc": null,
        "comment": null,
        "time": "2023-05-15",
        "Structure_Category": "Turnout (TO)",
        "canal_name": "LATERAL C",
        "station_m": 5610,
        "elevation_m": 14.087
      }
    },
    {
      "type": "Feature",
      "id": 230,
      "geometry": {
        "type": "Point",
        "coordinates": [
          121.190981,
          13.347137
        ]
      },
      "properties": {
        "id": 230,
        "name": "LATERAL C1 COMBI INLET ROAD CROSSING & TO 4 (1+881.3)",
        "type": "Turnout",
        "structure": "COMBI INLET RD X-ING & TURNOUT",
        "station": "STA 1+881.3",
        "stationing": null,
        "ele": 13.281,
        "images": "DSC00693.jpg",
        "desc": null,
        "comment": null,
        "time": "2023-05-15",
        "Structure_Category": "Turnout (TO)",
        "canal_name": "LATERAL C",
        "station_m": 1881.3,
        "elevation_m": 13.281
      }
    },
    {
      "type": "Feature",
      "id": 251,
      "geometry": {
        "type": "Point",
        "coordinates": [
          121.179019,
          13.330336
        ]
      },
      "properties": {
        "id": 251,
        "name": "LATERAL C COMBI THRESHER CROSSING & TO 6 (2+886)",
        "type": "Turnout",
        "structure": "COMBI THR X-ING & TURNOUT",
        "station": "STA 2+886.0",
        "stationing": null,
        "ele": 31.568,
        "images": "DSC00638.jpg",
        "desc": null,
        "comment": null,
        "time": "2023-05-12",
        "Structure_Category": "Turnout (TO)",
        "canal_name": "LATERAL C",
        "station_m": 2886,
        "elevation_m": 31.568
      }
    },
    {
      "type": "Feature",
      "id": 265,
      "geometry": {
        "type": "Point",
        "coordinates": [
          121.177336,
          13.341238
        ]
      },
      "properties": {
        "id": 265,
        "name": "LATERAL C COMBI INLET ROAD CROSSING & TO 9 (4+180)",
        "type": "Turnout",
        "structure": "COMBI INLET RD X-ING & TURNOUT",
        "station": "STA 4+180.0",
        "stationing": null,
        "ele": 19.832,
        "images": "DSC00651.jpg",
        "desc": null,
        "comment": null,
        "time": "2023-05-12",
        "Structure_Category": "Turnout (TO)",
        "canal_name": "LATERAL C",
        "station_m": 4180,
        "elevation_m": 19.832
      }
    },
    {
      "type": "Feature",
      "id": 167,
      "geometry": {
        "type": "Point",
        "coordinates": [
          121.152183,
          13.334248
        ]
      },
      "properties": {
        "id": 167,
        "name": "LATERAL D  THRESHER CROSSING (1+501.3)",
        "type": "Thresher Crossing",
        "structure": "THRESHER CROSSING",
        "station": "STA 1+501.3",
        "stationing": null,
        "ele": -14.217,
        "images": "DSC00594.jpg",
        "desc": null,
        "comment": null,
        "time": "2023-05-10",
        "Structure_Category": "Thresher Crossing",
        "canal_name": "LATERAL D",
        "station_m": 1501.3,
        "elevation_m": -14.217
      }
    },
    {
      "type": "Feature",
      "id": 195,
      "geometry": {
        "type": "Point",
        "coordinates": [
          121.17645,
          13.352791
        ]
      },
      "properties": {
        "id": 195,
        "name": "LATERAL C TRESHER CROSSING (5+494)",
        "type": "Thresher Crossing",
        "structure": "THRESHER CROSSING",
        "station": "STA 5+494.0",
        "stationing": null,
        "ele": 14.65,
        "images": "DSC00657.jpg",
        "desc": null,
        "comment": null,
        "time": "2023-05-15",
        "Structure_Category": "Thresher Crossing",
        "canal_name": "LATERAL C",
        "station_m": 5494,
        "elevation_m": 14.65
      }
    },
    {
      "type": "Feature",
      "id": 196,
      "geometry": {
        "type": "Point",
        "coordinates": [
          121.176467,
          13.353367
        ]
      },
      "properties": {
        "id": 196,
        "name": "LATERAL C TRESHER CROSSING (5+558)",
        "type": "Thresher Crossing",
        "structure": "THRESHER CROSSING",
        "station": "STA 5+558.0",
        "stationing": null,
        "ele": 14.28,
        "images": "DSC00658.jpg",
        "desc": null,
        "comment": null,
        "time": "2023-05-15",
        "Structure_Category": "Thresher Crossing",
        "canal_name": "LATERAL C",
        "station_m": 5558,
        "elevation_m": 14.28
      }
    },
    {
      "type": "Feature",
      "id": 526,
      "geometry": {
        "type": "Point",
        "coordinates": [
          121.205574,
          13.334825
        ]
      },
      "properties": {
        "id": 526,
        "name": "LATERAL B2A OUTLET (0+000)",
        "type": "Outlet",
        "structure": "OUTLET",
        "station": "STA 0+000.0",
        "stationing": null,
        "ele": 12.296,
        "images": "DSC00605.jpg",
        "desc": null,
        "comment": "2023-05-23 9:26:23am",
        "time": "2023-05-23",
        "Structure_Category": "Outlet",
        "canal_name": "LATERAL B",
        "station_m": 0,
        "elevation_m": 12.296
      }
    },
    {
      "type": "Feature",
      "id": 535,
      "geometry": {
        "type": "Point",
        "coordinates": [
          121.217021,
          13.346521
        ]
      },
      "properties": {
        "id": 535,
        "name": "LATERAL B2A OUTLET ROAD CROSSING (2+238)",
        "type": "Outlet",
        "structure": "OUTLET RD X-ING",
        "station": "STA 2+238.0",
        "stationing": null,
        "ele": 11.314,
        "images": "DSC00614.jpg",
        "desc": null,
        "comment": "2023-05-23 10:47:02am",
        "time": "2023-05-23",
        "Structure_Category": "Outlet",
        "canal_name": "LATERAL B",
        "station_m": 2238,
        "elevation_m": 11.314
      }
    },
    {
      "type": "Feature",
      "id": 122,
      "geometry": {
        "type": "Point",
        "coordinates": [
          121.160245,
          13.390477
        ]
      },
      "properties": {
        "id": 122,
        "name": "MAIN CANAL INLET ROAD CROSSING (21+130)",
        "type": "Inlet",
        "structure": "INLET RD X-ING",
        "station": "STA 21+130.0",
        "stationing": null,
        "ele": 11.612,
        "images": "DSC00551.jpg",
        "desc": null,
        "comment": null,
        "time": "2023-05-08",
        "Structure_Category": "Inlet",
        "canal_name": "MAIN CANAL",
        "station_m": 21130,
        "elevation_m": 11.612
      }
    },
    {
      "type": "Feature",
      "id": 52,
      "geometry": {
        "type": "Point",
        "coordinates": [
          121.164743,
          13.32846
        ]
      },
      "properties": {
        "id": 52,
        "name": "MAIN CANAL COMBI THRESHER CROSSING LATERAL D HEADGATE (13+534)",
        "type": "Head Gate",
        "structure": "COMBI THR X-ING LAT D HGATE",
        "station": "STA 13+534.0",
        "stationing": null,
        "ele": 13.091,
        "images": "DSC00482.jpg",
        "desc": null,
        "comment": null,
        "time": "2023-05-03",
        "Structure_Category": "Head Gate",
        "canal_name": "MAIN CANAL",
        "station_m": 13534,
        "elevation_m": 13.091
      }
    },
    {
      "type": "Feature",
      "id": 448,
      "geometry": {
        "type": "Point",
        "coordinates": [
          121.159317,
          13.339795
        ]
      },
      "properties": {
        "id": 448,
        "name": "LATERAL E TO 1 (0+378)",
        "type": "Turnout",
        "structure": "TURNOUT",
        "station": "STA 0+378.0",
        "stationing": null,
        "ele": 19.041,
        "images": "DSC00772.jpg",
        "desc": null,
        "comment": null,
        "time": "2023-05-22",
        "Structure_Category": "Turnout (TO)",
        "canal_name": "LATERAL E",
        "station_m": 378,
        "elevation_m": 19.041
      }
    },
    {
      "type": "Feature",
      "id": 449,
      "geometry": {
        "type": "Point",
        "coordinates": [
          121.158014,
          13.341697
        ]
      },
      "properties": {
        "id": 449,
        "name": "LATERAL E COMBI INLET ROAD CROSSING & TO 2 (0+675.3)",
        "type": "Turnout",
        "structure": "COMBI INLET RD X-ING & TURNOUT",
        "station": "STA 0+675.3",
        "stationing": null,
        "ele": 17.998,
        "images": "DSC00773.jpg",
        "desc": null,
        "comment": null,
        "time": "2023-05-22",
        "Structure_Category": "Turnout (TO)",
        "canal_name": "LATERAL E",
        "station_m": 675.3,
        "elevation_m": 17.998
      }
    },
    {
      "type": "Feature",
      "id": 462,
      "geometry": {
        "type": "Point",
        "coordinates": [
          121.155684,
          13.353229
        ]
      },
      "properties": {
        "id": 462,
        "name": "LATERAL E COMBI THRESHER CROSSING & TO 5 (1+993.6)",
        "type": "Turnout",
        "structure": "COMBI THR X-ING & TURNOUT",
        "station": "STA 1+993.6",
        "stationing": null,
        "ele": 29.043,
        "images": "DSC00785.jpg",
        "desc": null,
        "comment": null,
        "time": "2023-05-22",
        "Structure_Category": "Turnout (TO)",
        "canal_name": "LATERAL E",
        "station_m": 1993.6,
        "elevation_m": 29.043
      }
    },
    {
      "type": "Feature",
      "id": 273,
      "geometry": {
        "type": "Point",
        "coordinates": [
          121.179686,
          13.348156
        ]
      },
      "properties": {
        "id": 273,
        "name": "LATERAL C2 COMBI CHECK THRESHER CROSSING & TO1 ( 0+231)",
        "type": "Turnout",
        "structure": "COMBI CHECK THR X-ING & TURNOUT",
        "station": "STA 0+231.0",
        "stationing": null,
        "ele": 93.204,
        "images": "DSC00700.jpg",
        "desc": null,
        "comment": null,
        "time": "2023-05-18",
        "Structure_Category": "Turnout (TO)",
        "canal_name": "LATERAL C",
        "station_m": 231,
        "elevation_m": 93.204
      }
    },
    {
      "type": "Feature",
      "id": 278,
      "geometry": {
        "type": "Point",
        "coordinates": [
          121.187152,
          13.351976
        ]
      },
      "properties": {
        "id": 278,
        "name": "LATERAL C2 COMBI THRESHER CROSSING & TO3 (1+164.3)",
        "type": "Turnout",
        "structure": "COMBI THR X-ING & TURNOUT",
        "station": "STA 1+164.3",
        "stationing": null,
        "ele": 53.144,
        "images": "DSC00705.jpg",
        "desc": null,
        "comment": null,
        "time": "2023-05-18",
        "Structure_Category": "Turnout (TO)",
        "canal_name": "LATERAL C",
        "station_m": 1164.3,
        "elevation_m": 53.144
      }
    },
    {
      "type": "Feature",
      "id": 279,
      "geometry": {
        "type": "Point",
        "coordinates": [
          121.187212,
          13.352005
        ]
      },
      "properties": {
        "id": 279,
        "name": "LATERAL C2 TO4 (1+172)",
        "type": "Turnout",
        "structure": "TURNOUT",
        "station": "STA 1+172.0",
        "stationing": null,
        "ele": 49.745,
        "images": "DSC00706.jpg",
        "desc": null,
        "comment": null,
        "time": "2023-05-18",
        "Structure_Category": "Turnout (TO)",
        "canal_name": "LATERAL C",
        "station_m": 1172,
        "elevation_m": 49.745
      }
    },
    {
      "type": "Feature",
      "id": 280,
      "geometry": {
        "type": "Point",
        "coordinates": [
          121.190387,
          13.354527
        ]
      },
      "properties": {
        "id": 280,
        "name": "LATERAL C2 COMBI INLET ROAD CROSSING & TO5 (1+634)",
        "type": "Turnout",
        "structure": "COMBI INLET RD X-ING & TURNOUT",
        "station": "STA 1+634.0",
        "stationing": null,
        "ele": 44.295,
        "images": "DSC00707.jpg",
        "desc": null,
        "comment": null,
        "time": "2023-05-18",
        "Structure_Category": "Turnout (TO)",
        "canal_name": "LATERAL C",
        "station_m": 1634,
        "elevation_m": 44.295
      }
    },
    {
      "type": "Feature",
      "id": 201,
      "geometry": {
        "type": "Point",
        "coordinates": [
          121.176378,
          13.354912
        ]
      },
      "properties": {
        "id": 201,
        "name": "LATERAL C TRESHER CROSSING (5+728)",
        "type": "Thresher Crossing",
        "structure": "THRESHER CROSSING",
        "station": "STA 5+728.0",
        "stationing": null,
        "ele": 15.892,
        "images": "DSC00663.jpg",
        "desc": null,
        "comment": null,
        "time": "2023-05-15",
        "Structure_Category": "Thresher Crossing",
        "canal_name": "LATERAL C",
        "station_m": 5728,
        "elevation_m": 15.892
      }
    },
    {
      "type": "Feature",
      "id": 202,
      "geometry": {
        "type": "Point",
        "coordinates": [
          121.176637,
          13.355933
        ]
      },
      "properties": {
        "id": 202,
        "name": "LATERAL C TRESHER CROSSING (5+856)",
        "type": "Thresher Crossing",
        "structure": "THRESHER CROSSING",
        "station": "STA 5+856.0",
        "stationing": null,
        "ele": 16.246,
        "images": "DSC00664.jpg",
        "desc": null,
        "comment": null,
        "time": "2023-05-15",
        "Structure_Category": "Thresher Crossing",
        "canal_name": "LATERAL C",
        "station_m": 5856,
        "elevation_m": 16.246
      }
    },
    {
      "type": "Feature",
      "id": 259,
      "geometry": {
        "type": "Point",
        "coordinates": [
          121.176666,
          13.334818
        ]
      },
      "properties": {
        "id": 259,
        "name": "LATERAL C TRESHER CROSSING (3+445)",
        "type": "Thresher Crossing",
        "structure": "THRESHER CROSSING",
        "station": "STA 3+445.0",
        "stationing": null,
        "ele": 25.901,
        "images": "DSC00645.jpg",
        "desc": null,
        "comment": null,
        "time": "2023-05-12",
        "Structure_Category": "Thresher Crossing",
        "canal_name": "LATERAL C",
        "station_m": 3445,
        "elevation_m": 25.901
      }
    },
    {
      "type": "Feature",
      "id": 264,
      "geometry": {
        "type": "Point",
        "coordinates": [
          121.177503,
          13.339703
        ]
      },
      "properties": {
        "id": 264,
        "name": "LATERAL C TRESHER CROSSING (4+005)",
        "type": "Thresher Crossing",
        "structure": "THRESHER CROSSING",
        "station": "STA 4+005.0",
        "stationing": null,
        "ele": 19.813,
        "images": "DSC00650.jpg",
        "desc": null,
        "comment": null,
        "time": "2023-05-12",
        "Structure_Category": "Thresher Crossing",
        "canal_name": "LATERAL C",
        "station_m": 4005,
        "elevation_m": 19.813
      }
    },
    {
      "type": "Feature",
      "id": 144,
      "geometry": {
        "type": "Point",
        "coordinates": [
          121.168908,
          13.410601
        ]
      },
      "properties": {
        "id": 144,
        "name": "MAIN CANAL END OF CANAL (23+628)",
        "type": "Other Structures",
        "structure": "END OF CANAL",
        "station": "STA 23+628.0",
        "stationing": null,
        "ele": -3.967,
        "images": "DSC00573.jpg",
        "desc": null,
        "comment": null,
        "time": "2023-05-08",
        "Structure_Category": "Other Structures",
        "canal_name": "MAIN CANAL",
        "station_m": 23628,
        "elevation_m": -3.967
      }
    },
    {
      "type": "Feature",
      "id": 733,
      "geometry": {
        "type": "Point",
        "coordinates": [
          121.141031,
          13.27377
        ]
      },
      "properties": {
        "id": 733,
        "name": "MAIN CANAL END SIPHON SPILLWAY & STEELGATE (5+561.6)",
        "type": "Siphon",
        "structure": "COMBI END SIPHON SPILLWAY & STLGATE",
        "station": "STA 5+561.6",
        "stationing": null,
        "ele": 0,
        "images": null,
        "desc": null,
        "comment": null,
        "time": "2024-07-30",
        "Structure_Category": "Siphon",
        "canal_name": "MAIN CANAL",
        "station_m": 5561.6,
        "elevation_m": 0
      }
    },
    {
      "type": "Feature",
      "id": 499,
      "geometry": {
        "type": "Point",
        "coordinates": [
          121.232576,
          13.331405
        ]
      },
      "properties": {
        "id": 499,
        "name": "LATERAL B3 ROAD CROSSING (1+249.6)",
        "type": "Road Crossing",
        "structure": "RD X-ING",
        "station": "STA 1+249.6",
        "stationing": null,
        "ele": 16.048,
        "images": "DSC00825.jpg",
        "desc": null,
        "comment": null,
        "time": "2023-05-24",
        "Structure_Category": "Road Crossing",
        "canal_name": "LATERAL B",
        "station_m": 1249.6,
        "elevation_m": 16.048
      }
    },
    {
      "type": "Feature",
      "id": 77,
      "geometry": {
        "type": "Point",
        "coordinates": [
          121.162426,
          13.345221
        ]
      },
      "properties": {
        "id": 77,
        "name": "MAIN CANAL THRESHER CROSSING (15+608)",
        "type": "Outlet",
        "structure": "THRESHER CROSSING",
        "station": "STA 15+608.0",
        "stationing": null,
        "ele": 23.64,
        "images": "DSC00507.jpg",
        "desc": null,
        "comment": null,
        "time": "2023-05-04",
        "Structure_Category": "Outlet",
        "canal_name": "MAIN CANAL",
        "station_m": 15608,
        "elevation_m": 23.64
      }
    },
    {
      "type": "Feature",
      "id": 500,
      "geometry": {
        "type": "Point",
        "coordinates": [
          121.23353,
          13.332135
        ]
      },
      "properties": {
        "id": 500,
        "name": "LATERAL B3 THRESHER CROSSING (1+385.8)",
        "type": "Thresher Crossing",
        "structure": "THRESHER CROSSING",
        "station": "STA 1+385.8",
        "stationing": null,
        "ele": 15.249,
        "images": "DSC00826.jpg",
        "desc": null,
        "comment": null,
        "time": "2023-05-24",
        "Structure_Category": "Thresher Crossing",
        "canal_name": "LATERAL B",
        "station_m": 1385.8,
        "elevation_m": 15.249
      }
    },
    {
      "type": "Feature",
      "id": 63,
      "geometry": {
        "type": "Point",
        "coordinates": [
          121.161283,
          13.336667
        ]
      },
      "properties": {
        "id": 63,
        "name": "MAIN CANAL TO 8 (14+592)",
        "type": "Turnout",
        "structure": "TURNOUT",
        "station": "STA 14+592.0",
        "stationing": null,
        "ele": 5.653,
        "images": "DSC00493.jpg",
        "desc": null,
        "comment": null,
        "time": "2023-05-03",
        "Structure_Category": "Turnout (TO)",
        "canal_name": "MAIN CANAL",
        "station_m": 14592,
        "elevation_m": 5.653
      }
    },
    {
      "type": "Feature",
      "id": 506,
      "geometry": {
        "type": "Point",
        "coordinates": [
          121.125531,
          13.376551
        ]
      },
      "properties": {
        "id": 506,
        "name": "LATERAL A7 START OF CONCRETE CANAL (0+143.2)",
        "type": "Other Structures",
        "structure": "START OF CONCRETE CANAL",
        "station": "STA 0+143.2",
        "stationing": null,
        "ele": 15.826,
        "images": "DSC00832.jpg",
        "desc": null,
        "comment": null,
        "time": "2023-05-26",
        "Structure_Category": "Other Structures",
        "canal_name": "LATERAL A",
        "station_m": 143.2,
        "elevation_m": 15.826
      }
    },
    {
      "type": "Feature",
      "id": 515,
      "geometry": {
        "type": "Point",
        "coordinates": [
          121.125119,
          13.383361
        ]
      },
      "properties": {
        "id": 515,
        "name": "LATERAL A7 TO 2 (1+059.8)",
        "type": "Turnout",
        "structure": "TURNOUT",
        "station": "STA 1+059.8",
        "stationing": null,
        "ele": 5.328,
        "images": "DSC00841.jpg",
        "desc": null,
        "comment": null,
        "time": "2023-05-26",
        "Structure_Category": "Turnout (TO)",
        "canal_name": "LATERAL A",
        "station_m": 1059.8,
        "elevation_m": 5.328
      }
    },
    {
      "type": "Feature",
      "id": 523,
      "geometry": {
        "type": "Point",
        "coordinates": [
          121.123118,
          13.385751
        ]
      },
      "properties": {
        "id": 523,
        "name": "LATERAL A7 TO 3 (1+408)",
        "type": "Turnout",
        "structure": "TURNOUT",
        "station": "STA 1+408.0",
        "stationing": null,
        "ele": 10.419,
        "images": "DSC00848.jpg",
        "desc": null,
        "comment": null,
        "time": "2023-05-26",
        "Structure_Category": "Turnout (TO)",
        "canal_name": "LATERAL A",
        "station_m": 1408,
        "elevation_m": 10.419
      }
    },
    {
      "type": "Feature",
      "id": 501,
      "geometry": {
        "type": "Point",
        "coordinates": [
          121.234615,
          13.333482
        ]
      },
      "properties": {
        "id": 501,
        "name": "LATERAL B3 THRESHER CROSSING (1+584)",
        "type": "Thresher Crossing",
        "structure": "THRESHER CROSSING",
        "station": "STA 1+584.0",
        "stationing": null,
        "ele": 16.884,
        "images": "DSC00827.jpg",
        "desc": null,
        "comment": null,
        "time": "2023-05-24",
        "Structure_Category": "Thresher Crossing",
        "canal_name": "LATERAL B",
        "station_m": 1584,
        "elevation_m": 16.884
      }
    },
    {
      "type": "Feature",
      "id": 583,
      "geometry": {
        "type": "Point",
        "coordinates": [
          121.140355,
          13.339598
        ]
      },
      "properties": {
        "id": 583,
        "name": "LATERAL A OUTLET (5+986.2)",
        "type": "Outlet",
        "structure": "OUTLET",
        "station": "STA 5+986.2",
        "stationing": null,
        "ele": 23.434,
        "images": "DSC00662.jpg",
        "desc": null,
        "comment": "2023-05-25 11:59:24am",
        "time": "2023-05-25",
        "Structure_Category": "Outlet",
        "canal_name": "LATERAL A",
        "station_m": 5986.2,
        "elevation_m": 23.434
      }
    },
    {
      "type": "Feature",
      "id": 510,
      "geometry": {
        "type": "Point",
        "coordinates": [
          121.126176,
          13.378632
        ]
      },
      "properties": {
        "id": 510,
        "name": "LATERAL A7 START OF DAMAGED CANAL (0+384.5)",
        "type": "Other Structures",
        "structure": "START OF DAMAGED CANAL",
        "station": "STA 0+384.5",
        "stationing": null,
        "ele": 11.16,
        "images": "DSC00836.jpg",
        "desc": null,
        "comment": null,
        "time": "2023-05-26",
        "Structure_Category": "Other Structures",
        "canal_name": "LATERAL A",
        "station_m": 384.5,
        "elevation_m": 11.16
      }
    },
    {
      "type": "Feature",
      "id": 511,
      "geometry": {
        "type": "Point",
        "coordinates": [
          121.126249,
          13.378885
        ]
      },
      "properties": {
        "id": 511,
        "name": "LATERAL A7 END OF DAMAGED CANAL (0+412.9)",
        "type": "Other Structures",
        "structure": "END OF DAMAGED CANAL",
        "station": "STA 0+412.9",
        "stationing": null,
        "ele": 9.941,
        "images": "DSC00837.jpg",
        "desc": null,
        "comment": null,
        "time": "2023-05-26",
        "Structure_Category": "Other Structures",
        "canal_name": "LATERAL A",
        "station_m": 412.9,
        "elevation_m": 9.941
      }
    },
    {
      "type": "Feature",
      "id": 525,
      "geometry": {
        "type": "Point",
        "coordinates": [
          121.122401,
          13.386003
        ]
      },
      "properties": {
        "id": 525,
        "name": "LATERAL A7 END OF CANAL (1+495)",
        "type": "Other Structures",
        "structure": "END OF CANAL",
        "station": "STA 1+495.0",
        "stationing": null,
        "ele": 11.117,
        "images": "DSC00850.jpg",
        "desc": null,
        "comment": null,
        "time": "2023-05-26",
        "Structure_Category": "Other Structures",
        "canal_name": "LATERAL A",
        "station_m": 1495,
        "elevation_m": 11.117
      }
    },
    {
      "type": "Feature",
      "id": 555,
      "geometry": {
        "type": "Point",
        "coordinates": [
          121.165149,
          13.294509
        ]
      },
      "properties": {
        "id": 555,
        "name": "MAIN CANAL LATERAL A HEADGATE (STA. 9+235)",
        "type": "Head Gate",
        "structure": "LATERAL A HEADGATE",
        "station": "STA 9+235.0",
        "stationing": null,
        "ele": 18.589,
        "images": "DSC00633.jpg",
        "desc": null,
        "comment": "2023-05-25 9:40:58am",
        "time": "2023-05-25",
        "Structure_Category": "Head Gate",
        "canal_name": "MAIN CANAL",
        "station_m": 9235,
        "elevation_m": 18.589
      }
    },
    {
      "type": "Feature",
      "id": 64,
      "geometry": {
        "type": "Point",
        "coordinates": [
          121.161341,
          13.337328
        ]
      },
      "properties": {
        "id": 64,
        "name": "MAIN CANAL DRAINAGE CROSSING (14+660)",
        "type": "Drainage",
        "structure": "DRAINAGE CROSSING",
        "station": "STA 14+660.0",
        "stationing": null,
        "ele": 6.298,
        "images": "DSC00494.jpg",
        "desc": null,
        "comment": null,
        "time": "2023-05-03",
        "Structure_Category": "Drainage",
        "canal_name": "MAIN CANAL",
        "station_m": 14660,
        "elevation_m": 6.298
      }
    },
    {
      "type": "Feature",
      "id": 479,
      "geometry": {
        "type": "Point",
        "coordinates": [
          121.194386,
          13.34081
        ]
      },
      "properties": {
        "id": 479,
        "name": "KILO-KILO DAM (0+000)",
        "type": "Dam",
        "structure": "KILO-KILO DAM",
        "station": "STA 0+000.0",
        "stationing": null,
        "ele": 10.994,
        "images": "DSC00804.jpg",
        "desc": null,
        "comment": null,
        "time": "2023-05-24",
        "Structure_Category": "Diversion Dam / Weir",
        "canal_name": "KILO-KILO DAM MAIN CANAL",
        "station_m": 0,
        "elevation_m": 10.994
      }
    },
    {
      "type": "Feature",
      "id": 489,
      "geometry": {
        "type": "Point",
        "coordinates": [
          121.225699,
          13.327188
        ]
      },
      "properties": {
        "id": 489,
        "name": "LATERAL B3 COMBI THRESHER CROSSING & TO 1 (0+339)",
        "type": "Turnout",
        "structure": "COMBI THR X-ING & TURNOUT",
        "station": "STA 0+339.0",
        "stationing": null,
        "ele": 13.191,
        "images": "DSC00815.jpg",
        "desc": null,
        "comment": null,
        "time": "2023-05-24",
        "Structure_Category": "Turnout (TO)",
        "canal_name": "LATERAL B",
        "station_m": 339,
        "elevation_m": 13.191
      }
    },
    {
      "type": "Feature",
      "id": 483,
      "geometry": {
        "type": "Point",
        "coordinates": [
          121.197553,
          13.343031
        ]
      },
      "properties": {
        "id": 483,
        "name": "KILO-KILO DAM MAIN CANAL THRESHER CROSSING (0+443.2)",
        "type": "Thresher Crossing",
        "structure": "THRESHER CROSSING",
        "station": "STA 0+443.2",
        "stationing": null,
        "ele": 11.872,
        "images": "DSC00808.jpg",
        "desc": null,
        "comment": null,
        "time": "2023-05-24",
        "Structure_Category": "Thresher Crossing",
        "canal_name": "KILO-KILO DAM MAIN CANAL",
        "station_m": 443.2,
        "elevation_m": 11.872
      }
    },
    {
      "type": "Feature",
      "id": 507,
      "geometry": {
        "type": "Point",
        "coordinates": [
          121.125538,
          13.376657
        ]
      },
      "properties": {
        "id": 507,
        "name": "LATERAL A7 DRAINAGE CROSSING (0+155.5)",
        "type": "Drainage",
        "structure": "DRAINAGE CROSSING",
        "station": "STA 0+155.5",
        "stationing": null,
        "ele": 15.276,
        "images": "DSC00833.jpg",
        "desc": null,
        "comment": null,
        "time": "2023-05-26",
        "Structure_Category": "Drainage",
        "canal_name": "LATERAL A",
        "station_m": 155.5,
        "elevation_m": 15.276
      }
    },
    {
      "type": "Feature",
      "id": 557,
      "geometry": {
        "type": "Point",
        "coordinates": [
          121.16258,
          13.296579
        ]
      },
      "properties": {
        "id": 557,
        "name": "LATERAL A TO 1 (0+337.4)",
        "type": "Turnout",
        "structure": "TURNOUT",
        "station": "STA 0+337.4",
        "stationing": null,
        "ele": 18.436,
        "images": "DSC00635.jpg",
        "desc": null,
        "comment": "2023-05-25 9:46:57am",
        "time": "2023-05-25",
        "Structure_Category": "Turnout (TO)",
        "canal_name": "LATERAL A",
        "station_m": 337.4,
        "elevation_m": 18.436
      }
    },
    {
      "type": "Feature",
      "id": 58,
      "geometry": {
        "type": "Point",
        "coordinates": [
          121.164182,
          13.331965
        ]
      },
      "properties": {
        "id": 58,
        "name": "MAIN CANAL TO 5 (13+926)",
        "type": "Turnout",
        "structure": "TURNOUT",
        "station": "STA 13+926.0",
        "stationing": null,
        "ele": 17.589,
        "images": "DSC00488.jpg",
        "desc": null,
        "comment": null,
        "time": "2023-05-03",
        "Structure_Category": "Turnout (TO)",
        "canal_name": "MAIN CANAL",
        "station_m": 13926,
        "elevation_m": 17.589
      }
    },
    {
      "type": "Feature",
      "id": 59,
      "geometry": {
        "type": "Point",
        "coordinates": [
          121.164092,
          13.332371
        ]
      },
      "properties": {
        "id": 59,
        "name": "MAIN CANAL TO 6 (13+972)",
        "type": "Turnout",
        "structure": "TURNOUT",
        "station": "STA 13+972.0",
        "stationing": null,
        "ele": -1.643,
        "images": "DSC00489.jpg",
        "desc": null,
        "comment": null,
        "time": "2023-05-03",
        "Structure_Category": "Turnout (TO)",
        "canal_name": "MAIN CANAL",
        "station_m": 13972,
        "elevation_m": -1.643
      }
    },
    {
      "type": "Feature",
      "id": 60,
      "geometry": {
        "type": "Point",
        "coordinates": [
          121.164078,
          13.332434
        ]
      },
      "properties": {
        "id": 60,
        "name": "MAIN CANAL BULLCART 12 (13+980)",
        "type": "Thresher Crossing",
        "structure": "THRESHER CROSSING",
        "station": "STA 13+980.0",
        "stationing": null,
        "ele": -0.83,
        "images": "DSC00490.jpg",
        "desc": null,
        "comment": null,
        "time": "2023-05-03",
        "Structure_Category": "Thresher Crossing",
        "canal_name": "MAIN CANAL",
        "station_m": 13980,
        "elevation_m": -0.83
      }
    },
    {
      "type": "Feature",
      "id": 309,
      "geometry": {
        "type": "Point",
        "coordinates": [
          121.170968,
          13.30183
        ]
      },
      "properties": {
        "id": 309,
        "name": "LATERAL B BULLCART 1 (0+318.7)",
        "type": "Thresher Crossing",
        "structure": "THRESHER CROSSING",
        "station": "STA 0+318.7",
        "stationing": null,
        "ele": 18.456,
        "images": "DSC00503.jpg",
        "desc": null,
        "comment": "2023-05-12 10:01:48am",
        "time": "2023-05-12",
        "Structure_Category": "Thresher Crossing",
        "canal_name": "LATERAL B",
        "station_m": 318.7,
        "elevation_m": 18.456
      }
    },
    {
      "type": "Feature",
      "id": 312,
      "geometry": {
        "type": "Point",
        "coordinates": [
          121.177593,
          13.304788
        ]
      },
      "properties": {
        "id": 312,
        "name": "LATERAL B BULLCART 2 (1+095.5)",
        "type": "Thresher Crossing",
        "structure": "THRESHER CROSSING",
        "station": "STA 1+095.5",
        "stationing": null,
        "ele": 16.117,
        "images": "DSC00507.jpg",
        "desc": null,
        "comment": "2023-05-12 10:17:20am",
        "time": "2023-05-12",
        "Structure_Category": "Thresher Crossing",
        "canal_name": "LATERAL B",
        "station_m": 1095.5,
        "elevation_m": 16.117
      }
    },
    {
      "type": "Feature",
      "id": 316,
      "geometry": {
        "type": "Point",
        "coordinates": [
          121.180408,
          13.311382
        ]
      },
      "properties": {
        "id": 316,
        "name": "LATERAL B BULLCART 4 (1+938.4)",
        "type": "Thresher Crossing",
        "structure": "THRESHER CROSSING",
        "station": "STA 1+938.4",
        "stationing": null,
        "ele": 14.176,
        "images": "DSC00511.jpg",
        "desc": null,
        "comment": "2023-05-12 10:33:49am",
        "time": "2023-05-12",
        "Structure_Category": "Thresher Crossing",
        "canal_name": "LATERAL B",
        "station_m": 1938.4,
        "elevation_m": 14.176
      }
    },
    {
      "type": "Feature",
      "id": 325,
      "geometry": {
        "type": "Point",
        "coordinates": [
          121.193285,
          13.321626
        ]
      },
      "properties": {
        "id": 325,
        "name": "LATERAL B BULLCART 6 (3+853.2)",
        "type": "Thresher Crossing",
        "structure": "THRESHER CROSSING",
        "station": "STA 3+853.2",
        "stationing": null,
        "ele": 22.352,
        "images": "DSC00520.jpg",
        "desc": null,
        "comment": "2023-05-15 11:11:52am",
        "time": "2023-05-15",
        "Structure_Category": "Thresher Crossing",
        "canal_name": "LATERAL B",
        "station_m": 3853.2,
        "elevation_m": 22.352
      }
    },
    {
      "type": "Feature",
      "id": 411,
      "geometry": {
        "type": "Point",
        "coordinates": [
          121.167928,
          13.354209
        ]
      },
      "properties": {
        "id": 411,
        "name": "LATERAL F THRESHER CROSSING (0+427.4)",
        "type": "Thresher Crossing",
        "structure": "THRESHER CROSSING",
        "station": "STA 0+427.4",
        "stationing": null,
        "ele": 10.089,
        "images": "DSC00736.jpg",
        "desc": null,
        "comment": null,
        "time": "2023-05-20",
        "Structure_Category": "Thresher Crossing",
        "canal_name": "LATERAL F",
        "station_m": 427.4,
        "elevation_m": 10.089
      }
    },
    {
      "type": "Feature",
      "id": 458,
      "geometry": {
        "type": "Point",
        "coordinates": [
          121.15575,
          13.35001
        ]
      },
      "properties": {
        "id": 458,
        "name": "LATERAL E BULLCART 3 (1+630.2)",
        "type": "Thresher Crossing",
        "structure": "THRESHER CROSSING",
        "station": "STA 1+630.2",
        "stationing": null,
        "ele": 47.04,
        "images": "DSC00781.jpg",
        "desc": null,
        "comment": null,
        "time": "2023-05-22",
        "Structure_Category": "Thresher Crossing",
        "canal_name": "LATERAL E",
        "station_m": 1630.2,
        "elevation_m": 47.04
      }
    },
    {
      "type": "Feature",
      "id": 472,
      "geometry": {
        "type": "Point",
        "coordinates": [
          121.151752,
          13.364764
        ]
      },
      "properties": {
        "id": 472,
        "name": "LATERAL E THRESHER CROSSING (3+524)",
        "type": "Thresher Crossing",
        "structure": "THRESHER CROSSING",
        "station": "STA 3+524.0",
        "stationing": null,
        "ele": 16.779,
        "images": "DSC00797.jpg",
        "desc": null,
        "comment": null,
        "time": "2023-05-23",
        "Structure_Category": "Thresher Crossing",
        "canal_name": "LATERAL E",
        "station_m": 3524,
        "elevation_m": 16.779
      }
    },
    {
      "type": "Feature",
      "id": 473,
      "geometry": {
        "type": "Point",
        "coordinates": [
          121.149913,
          13.366435
        ]
      },
      "properties": {
        "id": 473,
        "name": "LATERAL E THRESHER CROSSING (3+798)",
        "type": "Thresher Crossing",
        "structure": "THRESHER CROSSING",
        "station": "STA 3+798.0",
        "stationing": null,
        "ele": 15.654,
        "images": "DSC00798.jpg",
        "desc": null,
        "comment": null,
        "time": "2023-05-23",
        "Structure_Category": "Thresher Crossing",
        "canal_name": "LATERAL E",
        "station_m": 3798,
        "elevation_m": 15.654
      }
    },
    {
      "type": "Feature",
      "id": 556,
      "geometry": {
        "type": "Point",
        "coordinates": [
          121.164843,
          13.294703
        ]
      },
      "properties": {
        "id": 556,
        "name": "LATERAL A PARSHALL FLUME (0+024..1)",
        "type": "Flume",
        "structure": "PARSHALL FLUME",
        "station": "STA 0+024.0",
        "stationing": null,
        "ele": 18.735,
        "images": "DSC00634.jpg",
        "desc": null,
        "comment": "2023-05-25 9:42:38am",
        "time": "2023-05-25",
        "Structure_Category": "Parshall Flume",
        "canal_name": "LATERAL A",
        "station_m": 24,
        "elevation_m": 18.735
      }
    },
    {
      "type": "Feature",
      "id": 83,
      "geometry": {
        "type": "Point",
        "coordinates": [
          121.164369,
          13.353325
        ]
      },
      "properties": {
        "id": 83,
        "name": "MAIN CANAL COMBI INLET & LATERAL F HEADGATE (16+564)",
        "type": "Head Gate",
        "structure": "COMBI INLET & LAT F HGATE",
        "station": "STA 16+564.0",
        "stationing": null,
        "ele": 6.302,
        "images": "DSC00513.jpg",
        "desc": null,
        "comment": null,
        "time": "2023-05-04",
        "Structure_Category": "Head Gate",
        "canal_name": "MAIN CANAL",
        "station_m": 16564,
        "elevation_m": 6.302
      }
    },
    {
      "type": "Feature",
      "id": 105,
      "geometry": {
        "type": "Point",
        "coordinates": [
          121.161152,
          13.370481
        ]
      },
      "properties": {
        "id": 105,
        "name": "MAIN CANAL OUTLET ROAD CROSSING (18+640)",
        "type": "Outlet",
        "structure": "OUTLET RD X-ING",
        "station": "STA 18+640.0",
        "stationing": null,
        "ele": 11.301,
        "images": "DSC00534.jpg",
        "desc": null,
        "comment": null,
        "time": "2023-05-04",
        "Structure_Category": "Outlet",
        "canal_name": "MAIN CANAL",
        "station_m": 18640,
        "elevation_m": 11.301
      }
    },
    {
      "type": "Feature",
      "id": 488,
      "geometry": {
        "type": "Point",
        "coordinates": [
          121.222774,
          13.328918
        ]
      },
      "properties": {
        "id": 488,
        "name": "LATERAL B LATERAL B3 HEADGATE (7+656)",
        "type": "Head Gate",
        "structure": "LATERAL B3 HEADGATE",
        "station": "STA 7+656.0",
        "stationing": null,
        "ele": 13.925,
        "images": "DSC00814.jpg",
        "desc": null,
        "comment": null,
        "time": "2023-05-24",
        "Structure_Category": "Head Gate",
        "canal_name": "LATERAL B",
        "station_m": 7656,
        "elevation_m": 13.925
      }
    },
    {
      "type": "Feature",
      "id": 513,
      "geometry": {
        "type": "Point",
        "coordinates": [
          121.126938,
          13.380496
        ]
      },
      "properties": {
        "id": 513,
        "name": "LATERAL A7 OUTLET ROAD CROSSING (0+607.8)",
        "type": "Outlet",
        "structure": "OUTLET RD X-ING",
        "station": "STA 0+607.8",
        "stationing": null,
        "ele": 2.637,
        "images": "DSC00839.jpg",
        "desc": null,
        "comment": null,
        "time": "2023-05-26",
        "Structure_Category": "Outlet",
        "canal_name": "LATERAL A",
        "station_m": 607.8,
        "elevation_m": 2.637
      }
    },
    {
      "type": "Feature",
      "id": 563,
      "geometry": {
        "type": "Point",
        "coordinates": [
          121.157024,
          13.300664
        ]
      },
      "properties": {
        "id": 563,
        "name": "LATERAL A OUTLET ROAD CROSSING (1+142)",
        "type": "Outlet",
        "structure": "OUTLET RD X-ING",
        "station": "STA 1+142.0",
        "stationing": null,
        "ele": 18.972,
        "images": "DSC00642.jpg",
        "desc": null,
        "comment": "2023-05-25 10:00:48am",
        "time": "2023-05-25",
        "Structure_Category": "Outlet",
        "canal_name": "LATERAL A",
        "station_m": 1142,
        "elevation_m": 18.972
      }
    },
    {
      "type": "Feature",
      "id": 640,
      "geometry": {
        "type": "Point",
        "coordinates": [
          121.159104,
          13.300329
        ]
      },
      "properties": {
        "id": 640,
        "name": "LATERAL A2 TURN IN (0+146.4)",
        "type": "Inlet",
        "structure": "TURN IN",
        "station": "STA 0+146.4",
        "stationing": null,
        "ele": 8.94,
        "images": "DSC00886.jpg",
        "desc": null,
        "comment": null,
        "time": "2023-07-21",
        "Structure_Category": "Inlet",
        "canal_name": "LATERAL A",
        "station_m": 146.4,
        "elevation_m": 8.94
      }
    },
    {
      "type": "Feature",
      "id": 560,
      "geometry": {
        "type": "Point",
        "coordinates": [
          121.158074,
          13.299312
        ]
      },
      "properties": {
        "id": 560,
        "name": "LATERAL A COMBI LATERAL A1 HEADGATE & INLET ROAD CROSSING (0+958)",
        "type": "Head Gate",
        "structure": "COMBI LAT A1 HGATE & INLET RD X-ING",
        "station": "STA 0+958.0",
        "stationing": null,
        "ele": 19.215,
        "images": "DSC00639.jpg",
        "desc": null,
        "comment": "2023-05-25 9:55:30am",
        "time": "2023-05-25",
        "Structure_Category": "Head Gate",
        "canal_name": "LATERAL A",
        "station_m": 958,
        "elevation_m": 19.215
      }
    },
    {
      "type": "Feature",
      "id": 562,
      "geometry": {
        "type": "Point",
        "coordinates": [
          121.157149,
          13.300452
        ]
      },
      "properties": {
        "id": 562,
        "name": "LATERAL A COMBI TO & INLET ROAD CROSSING (1+134)",
        "type": "Turnout",
        "structure": "COMBI INLET RD X-ING & TURNOUT",
        "station": "STA 1+134.0",
        "stationing": null,
        "ele": 18.63,
        "images": "DSC00641.jpg",
        "desc": null,
        "comment": "2023-05-25 9:59:04am",
        "time": "2023-05-25",
        "Structure_Category": "Turnout (TO)",
        "canal_name": "LATERAL A",
        "station_m": 1134,
        "elevation_m": 18.63
      }
    },
    {
      "type": "Feature",
      "id": 567,
      "geometry": {
        "type": "Point",
        "coordinates": [
          121.151134,
          13.307718
        ]
      },
      "properties": {
        "id": 567,
        "name": "LATERAL A COMBI TO & INLET ROAD CROSSING (2+180)",
        "type": "Turnout",
        "structure": "COMBI INLET RD X-ING & TURNOUT",
        "station": "STA 2+180.0",
        "stationing": null,
        "ele": 17.231,
        "images": "DSC00646.jpg",
        "desc": null,
        "comment": "2023-05-25 10:15:13am",
        "time": "2023-05-25",
        "Structure_Category": "Turnout (TO)",
        "canal_name": "LATERAL A",
        "station_m": 2180,
        "elevation_m": 17.231
      }
    },
    {
      "type": "Feature",
      "id": 512,
      "geometry": {
        "type": "Point",
        "coordinates": [
          121.126894,
          13.380435
        ]
      },
      "properties": {
        "id": 512,
        "name": "LATERAL A7 COMBI INLET ROAD CROSSING & TO 1 (0+596)",
        "type": "Turnout",
        "structure": "COMBI INLET RD X-ING & TURNOUT",
        "station": "STA 0+596.0",
        "stationing": null,
        "ele": 11.332,
        "images": "DSC00838.jpg",
        "desc": null,
        "comment": null,
        "time": "2023-05-26",
        "Structure_Category": "Turnout (TO)",
        "canal_name": "LATERAL A",
        "station_m": 596,
        "elevation_m": 11.332
      }
    },
    {
      "type": "Feature",
      "id": 65,
      "geometry": {
        "type": "Point",
        "coordinates": [
          121.161485,
          13.337735
        ]
      },
      "properties": {
        "id": 65,
        "name": "MAIN CANAL BULLCART 13 (14+702)",
        "type": "Thresher Crossing",
        "structure": "THRESHER CROSSING",
        "station": "STA 14+702.0",
        "stationing": null,
        "ele": 6.749,
        "images": "DSC00495.jpg",
        "desc": null,
        "comment": null,
        "time": "2023-05-03",
        "Structure_Category": "Thresher Crossing",
        "canal_name": "MAIN CANAL",
        "station_m": 14702,
        "elevation_m": 6.749
      }
    },
    {
      "type": "Feature",
      "id": 451,
      "geometry": {
        "type": "Point",
        "coordinates": [
          121.156889,
          13.344344
        ]
      },
      "properties": {
        "id": 451,
        "name": "LATERAL E TO 3 (0+992.4)",
        "type": "Turnout",
        "structure": "TURNOUT",
        "station": "STA 0+992.4",
        "stationing": null,
        "ele": 16.488,
        "images": "DSC00775.jpg",
        "desc": null,
        "comment": null,
        "time": "2023-05-22",
        "Structure_Category": "Turnout (TO)",
        "canal_name": "LATERAL E",
        "station_m": 992.4,
        "elevation_m": 16.488
      }
    },
    {
      "type": "Feature",
      "id": 474,
      "geometry": {
        "type": "Point",
        "coordinates": [
          121.149247,
          13.367065
        ]
      },
      "properties": {
        "id": 474,
        "name": "LATERAL E THRESHER CROSSING (3+898)",
        "type": "Thresher Crossing",
        "structure": "THRESHER CROSSING",
        "station": "STA 3+898.0",
        "stationing": null,
        "ele": 14.289,
        "images": "DSC00799.jpg",
        "desc": null,
        "comment": null,
        "time": "2023-05-23",
        "Structure_Category": "Thresher Crossing",
        "canal_name": "LATERAL E",
        "station_m": 3898,
        "elevation_m": 14.289
      }
    },
    {
      "type": "Feature",
      "id": 496,
      "geometry": {
        "type": "Point",
        "coordinates": [
          121.230957,
          13.33016
        ]
      },
      "properties": {
        "id": 496,
        "name": "LATERAL B3 BULLCART 3 (1+029)",
        "type": "Thresher Crossing",
        "structure": "THRESHER CROSSING",
        "station": "STA 1+029.0",
        "stationing": null,
        "ele": 11.331,
        "images": "DSC00822.jpg",
        "desc": null,
        "comment": null,
        "time": "2023-05-24",
        "Structure_Category": "Thresher Crossing",
        "canal_name": "LATERAL B",
        "station_m": 1029,
        "elevation_m": 11.331
      }
    },
    {
      "type": "Feature",
      "id": 508,
      "geometry": {
        "type": "Point",
        "coordinates": [
          121.126108,
          13.378395
        ]
      },
      "properties": {
        "id": 508,
        "name": "LATERAL A7 BULLCART 1 (0+355.6)",
        "type": "Thresher Crossing",
        "structure": "THRESHER CROSSING",
        "station": "STA 0+355.6",
        "stationing": null,
        "ele": 14.438,
        "images": "DSC00834.jpg",
        "desc": null,
        "comment": null,
        "time": "2023-05-26",
        "Structure_Category": "Thresher Crossing",
        "canal_name": "LATERAL A",
        "station_m": 355.6,
        "elevation_m": 14.438
      }
    },
    {
      "type": "Feature",
      "id": 514,
      "geometry": {
        "type": "Point",
        "coordinates": [
          121.125883,
          13.382985
        ]
      },
      "properties": {
        "id": 514,
        "name": "LATERAL A7 THRESHER CROSSING (0+967)",
        "type": "Thresher Crossing",
        "structure": "THRESHER CROSSING",
        "station": "STA 0+967.0",
        "stationing": null,
        "ele": 2.903,
        "images": "DSC00840.jpg",
        "desc": null,
        "comment": null,
        "time": "2023-05-26",
        "Structure_Category": "Thresher Crossing",
        "canal_name": "LATERAL A",
        "station_m": 967,
        "elevation_m": 2.903
      }
    },
    {
      "type": "Feature",
      "id": 516,
      "geometry": {
        "type": "Point",
        "coordinates": [
          121.124895,
          13.383527
        ]
      },
      "properties": {
        "id": 516,
        "name": "LATERAL A7 THRESHER CROSSING (1+089.2)",
        "type": "Thresher Crossing",
        "structure": "THRESHER CROSSING",
        "station": "STA 1+089.2",
        "stationing": null,
        "ele": 5.642,
        "images": "DSC00842.jpg",
        "desc": null,
        "comment": null,
        "time": "2023-05-26",
        "Structure_Category": "Thresher Crossing",
        "canal_name": "LATERAL A",
        "station_m": 1089.2,
        "elevation_m": 5.642
      }
    },
    {
      "type": "Feature",
      "id": 551,
      "geometry": {
        "type": "Point",
        "coordinates": [
          121.21885,
          13.359442
        ]
      },
      "properties": {
        "id": 551,
        "name": "LATERAL B2A THRESHER CROSSING (3+942.5)",
        "type": "Thresher Crossing",
        "structure": "THRESHER CROSSING",
        "station": "STA 3+942.5",
        "stationing": null,
        "ele": 17.14,
        "images": "DSC00629.jpg",
        "desc": null,
        "comment": "2023-05-24 11:38:49am",
        "time": "2023-05-24",
        "Structure_Category": "Thresher Crossing",
        "canal_name": "LATERAL B",
        "station_m": 3942.5,
        "elevation_m": 17.14
      }
    },
    {
      "type": "Feature",
      "id": 553,
      "geometry": {
        "type": "Point",
        "coordinates": [
          121.218178,
          13.361047
        ]
      },
      "properties": {
        "id": 553,
        "name": "LATERAL B2A THRESHER CROSSING (4+144)",
        "type": "Thresher Crossing",
        "structure": "THRESHER CROSSING",
        "station": "STA 4+144.0",
        "stationing": null,
        "ele": 17.319,
        "images": "DSC00631.jpg",
        "desc": null,
        "comment": "2023-05-24 11:45:32am",
        "time": "2023-05-24",
        "Structure_Category": "Thresher Crossing",
        "canal_name": "LATERAL B",
        "station_m": 4144,
        "elevation_m": 17.319
      }
    },
    {
      "type": "Feature",
      "id": 564,
      "geometry": {
        "type": "Point",
        "coordinates": [
          121.153941,
          13.303987
        ]
      },
      "properties": {
        "id": 564,
        "name": "LATERAL A THRESHER CROSSING (1+646)",
        "type": "Thresher Crossing",
        "structure": "THRESHER CROSSING",
        "station": "STA 1+646.0",
        "stationing": null,
        "ele": 17.865,
        "images": "DSC00643.jpg",
        "desc": null,
        "comment": "2023-05-25 10:06:45am",
        "time": "2023-05-25",
        "Structure_Category": "Thresher Crossing",
        "canal_name": "LATERAL A",
        "station_m": 1646,
        "elevation_m": 17.865
      }
    },
    {
      "type": "Feature",
      "id": 622,
      "geometry": {
        "type": "Point",
        "coordinates": [
          121.136195,
          13.255694
        ]
      },
      "properties": {
        "id": 622,
        "name": "LATERAL AA THRESHER CROSSING (1+028)",
        "type": "Thresher Crossing",
        "structure": "THRESHER CROSSING",
        "station": "STA 1+028.0",
        "stationing": null,
        "ele": 64.109,
        "images": "DSC00869.jpg",
        "desc": null,
        "comment": null,
        "time": "2023-07-17",
        "Structure_Category": "Thresher Crossing",
        "canal_name": "LATERAL A",
        "station_m": 1028,
        "elevation_m": 64.109
      }
    },
    {
      "type": "Feature",
      "id": 623,
      "geometry": {
        "type": "Point",
        "coordinates": [
          121.138845,
          13.260501
        ]
      },
      "properties": {
        "id": 623,
        "name": "LATERAL AA THRESHER CROSSING (1+669.6)",
        "type": "Thresher Crossing",
        "structure": "THRESHER CROSSING",
        "station": "STA 1+669.6",
        "stationing": null,
        "ele": 41.27,
        "images": "DSC00870.jpg",
        "desc": null,
        "comment": null,
        "time": "2023-07-17",
        "Structure_Category": "Thresher Crossing",
        "canal_name": "LATERAL A",
        "station_m": 1669.6,
        "elevation_m": 41.27
      }
    },
    {
      "type": "Feature",
      "id": 632,
      "geometry": {
        "type": "Point",
        "coordinates": [
          121.134396,
          13.384402
        ]
      },
      "properties": {
        "id": 632,
        "name": "LATERAL A THRESHER CROSSING (13+750)",
        "type": "Thresher Crossing",
        "structure": "THRESHER CROSSING",
        "station": "STA 13+750.0",
        "stationing": null,
        "ele": 8.963,
        "images": "DSC00878.jpg",
        "desc": null,
        "comment": null,
        "time": "2023-07-19",
        "Structure_Category": "Thresher Crossing",
        "canal_name": "LATERAL A",
        "station_m": 13750,
        "elevation_m": 8.963
      }
    },
    {
      "type": "Feature",
      "id": 639,
      "geometry": {
        "type": "Point",
        "coordinates": [
          121.158976,
          13.300102
        ]
      },
      "properties": {
        "id": 639,
        "name": "LATERAL A2 THRESHER CROSSING (0+118.6)",
        "type": "Thresher Crossing",
        "structure": "THRESHER CROSSING",
        "station": "STA 0+118.6",
        "stationing": null,
        "ele": 8.108,
        "images": "DSC00885.jpg",
        "desc": null,
        "comment": null,
        "time": "2023-07-21",
        "Structure_Category": "Thresher Crossing",
        "canal_name": "LATERAL A",
        "station_m": 118.6,
        "elevation_m": 8.108
      }
    },
    {
      "type": "Feature",
      "id": 653,
      "geometry": {
        "type": "Point",
        "coordinates": [
          121.159061,
          13.31199
        ]
      },
      "properties": {
        "id": 653,
        "name": "LATERAL A2 THRESHER CROSSING (1+474)",
        "type": "Thresher Crossing",
        "structure": "THRESHER CROSSING",
        "station": "STA 1+474.0",
        "stationing": null,
        "ele": 2.167,
        "images": "DSC00900.jpg",
        "desc": null,
        "comment": null,
        "time": "2023-07-21",
        "Structure_Category": "Thresher Crossing",
        "canal_name": "LATERAL A",
        "station_m": 1474,
        "elevation_m": 2.167
      }
    },
    {
      "type": "Feature",
      "id": 655,
      "geometry": {
        "type": "Point",
        "coordinates": [
          121.158705,
          13.312216
        ]
      },
      "properties": {
        "id": 655,
        "name": "LATERAL A2 BULLCART 4 (1+514)",
        "type": "Thresher Crossing",
        "structure": "THRESHER CROSSING",
        "station": "STA 1+514.0",
        "stationing": null,
        "ele": 4.293,
        "images": "DSC00902.jpg",
        "desc": null,
        "comment": null,
        "time": "2023-07-21",
        "Structure_Category": "Thresher Crossing",
        "canal_name": "LATERAL A",
        "station_m": 1514,
        "elevation_m": 4.293
      }
    },
    {
      "type": "Feature",
      "id": 657,
      "geometry": {
        "type": "Point",
        "coordinates": [
          121.157906,
          13.31274
        ]
      },
      "properties": {
        "id": 657,
        "name": "LATERAL A2 BULLCART 5 (1+624)",
        "type": "Thresher Crossing",
        "structure": "THRESHER CROSSING",
        "station": "STA 1+624.0",
        "stationing": null,
        "ele": 4.888,
        "images": "DSC00904.jpg",
        "desc": null,
        "comment": null,
        "time": "2023-07-21",
        "Structure_Category": "Thresher Crossing",
        "canal_name": "LATERAL A",
        "station_m": 1624,
        "elevation_m": 4.888
      }
    },
    {
      "type": "Feature",
      "id": 673,
      "geometry": {
        "type": "Point",
        "coordinates": [
          121.14973,
          13.320862
        ]
      },
      "properties": {
        "id": 673,
        "name": "LATERAL A3 BULLCART 2 (0+253.7)",
        "type": "Thresher Crossing",
        "structure": "THRESHER CROSSING",
        "station": "STA 0+253.7",
        "stationing": null,
        "ele": 23.521,
        "images": "DSC00922.jpg",
        "desc": null,
        "comment": null,
        "time": "2023-07-24",
        "Structure_Category": "Thresher Crossing",
        "canal_name": "LATERAL A",
        "station_m": 253.7,
        "elevation_m": 23.521
      }
    },
    {
      "type": "Feature",
      "id": 722,
      "geometry": {
        "type": "Point",
        "coordinates": [
          121.138766,
          13.304322
        ]
      },
      "properties": {
        "id": 722,
        "name": "LATERAL A1 THRESHER CROSSING (2+476)",
        "type": "Thresher Crossing",
        "structure": "THRESHER CROSSING",
        "station": "STA 2+476.0",
        "stationing": null,
        "ele": 58.159,
        "images": "DSC00972.jpg",
        "desc": null,
        "comment": null,
        "time": "2023-07-27",
        "Structure_Category": "Thresher Crossing",
        "canal_name": "LATERAL A",
        "station_m": 2476,
        "elevation_m": 58.159
      }
    },
    {
      "type": "Feature",
      "id": 1035,
      "geometry": {
        "type": "Point",
        "coordinates": [
          121.195332,
          13.332446
        ]
      },
      "properties": {
        "id": 1035,
        "name": "LATERAL B1 THRESHER CROSSING (1+922)",
        "type": "Thresher Crossing",
        "structure": "THRESHER CROSSING",
        "station": "STA 1+922.0",
        "stationing": null,
        "ele": 0,
        "images": null,
        "desc": null,
        "comment": null,
        "time": "2024-08-14",
        "Structure_Category": "Thresher Crossing",
        "canal_name": "LATERAL B",
        "station_m": 1922,
        "elevation_m": 0
      }
    },
    {
      "type": "Feature",
      "id": 1036,
      "geometry": {
        "type": "Point",
        "coordinates": [
          121.196211,
          13.33337
        ]
      },
      "properties": {
        "id": 1036,
        "name": "LATERAL B1 THRESHER CROSSING (2+062)",
        "type": "Thresher Crossing",
        "structure": "THRESHER CROSSING",
        "station": "STA 2+062.0",
        "stationing": null,
        "ele": 0,
        "images": null,
        "desc": null,
        "comment": null,
        "time": "2024-08-14",
        "Structure_Category": "Thresher Crossing",
        "canal_name": "LATERAL B",
        "station_m": 2062,
        "elevation_m": 0
      }
    },
    {
      "type": "Feature",
      "id": 1037,
      "geometry": {
        "type": "Point",
        "coordinates": [
          121.196714,
          13.33385
        ]
      },
      "properties": {
        "id": 1037,
        "name": "LATERAL B1 THRESHER CROSSING (2+138)",
        "type": "Thresher Crossing",
        "structure": "THRESHER CROSSING",
        "station": "STA 2+138.0",
        "stationing": null,
        "ele": 0,
        "images": null,
        "desc": null,
        "comment": null,
        "time": "2024-08-14",
        "Structure_Category": "Thresher Crossing",
        "canal_name": "LATERAL B",
        "station_m": 2138,
        "elevation_m": 0
      }
    },
    {
      "type": "Feature",
      "id": 93,
      "geometry": {
        "type": "Point",
        "coordinates": [
          121.16538,
          13.360372
        ]
      },
      "properties": {
        "id": 93,
        "name": "MAIN CANAL THRESHER CROSSING (17+358)",
        "type": "Thresher Crossing",
        "structure": "THRESHER CROSSING",
        "station": "STA 17+358.0",
        "stationing": null,
        "ele": 14.81,
        "images": "DSC00522.jpg",
        "desc": null,
        "comment": null,
        "time": "2023-05-04",
        "Structure_Category": "Thresher Crossing",
        "canal_name": "MAIN CANAL",
        "station_m": 17358,
        "elevation_m": 14.81
      }
    },
    {
      "type": "Feature",
      "id": 113,
      "geometry": {
        "type": "Point",
        "coordinates": [
          121.157432,
          13.382077
        ]
      },
      "properties": {
        "id": 113,
        "name": "MAIN CANAL THRESHER CROSSING (20+082)",
        "type": "Thresher Crossing",
        "structure": "THRESHER CROSSING",
        "station": "STA 20+082.0",
        "stationing": null,
        "ele": 50.578,
        "images": "DSC00542.jpg",
        "desc": null,
        "comment": null,
        "time": "2023-05-08",
        "Structure_Category": "Thresher Crossing",
        "canal_name": "MAIN CANAL",
        "station_m": 20082,
        "elevation_m": 50.578
      }
    },
    {
      "type": "Feature",
      "id": 617,
      "geometry": {
        "type": "Point",
        "coordinates": [
          121.13337,
          13.254208
        ]
      },
      "properties": {
        "id": 617,
        "name": "LATERAL AA INLET SIPHON (0+560.9)",
        "type": "Siphon",
        "structure": "INLET SIPHON",
        "station": "STA 0+560.9",
        "stationing": null,
        "ele": 35.802,
        "images": "DSC00865.jpg",
        "desc": null,
        "comment": null,
        "time": "2023-07-17",
        "Structure_Category": "Siphon",
        "canal_name": "LATERAL A",
        "station_m": 560.9,
        "elevation_m": 35.802
      }
    },
    {
      "type": "Feature",
      "id": 618,
      "geometry": {
        "type": "Point",
        "coordinates": [
          121.133489,
          13.254204
        ]
      },
      "properties": {
        "id": 618,
        "name": "LATERAL AA OUTLET SIPHON (0+575)",
        "type": "Siphon",
        "structure": "OUTLET SIPHON",
        "station": "STA 0+575.0",
        "stationing": null,
        "ele": 34.708,
        "images": "DSC00866.jpg",
        "desc": null,
        "comment": null,
        "time": "2023-07-17",
        "Structure_Category": "Siphon",
        "canal_name": "LATERAL A",
        "station_m": 575,
        "elevation_m": 34.708
      }
    },
    {
      "type": "Feature",
      "id": 1011,
      "geometry": {
        "type": "Point",
        "coordinates": [
          121.160344,
          13.390535
        ]
      },
      "properties": {
        "id": 1011,
        "name": "MAIN CANAL OUTLET ROAD CROSSING (21+138)",
        "type": "Outlet",
        "structure": "OUTLET RD X-ING",
        "station": "STA 21+138.0",
        "stationing": null,
        "ele": 0,
        "images": null,
        "desc": null,
        "comment": null,
        "time": "2024-08-01",
        "Structure_Category": "Outlet",
        "canal_name": "MAIN CANAL",
        "station_m": 21138,
        "elevation_m": 0
      }
    },
    {
      "type": "Feature",
      "id": 1016,
      "geometry": {
        "type": "Point",
        "coordinates": [
          121.164032,
          13.401071
        ]
      },
      "properties": {
        "id": 1016,
        "name": "MAIN CANAL OUTLET ROAD CROSSING (22+422)",
        "type": "Outlet",
        "structure": "OUTLET RD X-ING",
        "station": "STA 22+422.0",
        "stationing": null,
        "ele": 0,
        "images": null,
        "desc": null,
        "comment": null,
        "time": "2024-08-01",
        "Structure_Category": "Outlet",
        "canal_name": "MAIN CANAL",
        "station_m": 22422,
        "elevation_m": 0
      }
    },
    {
      "type": "Feature",
      "id": 1017,
      "geometry": {
        "type": "Point",
        "coordinates": [
          121.166266,
          13.403947
        ]
      },
      "properties": {
        "id": 1017,
        "name": "MAIN CANAL OUTLET ROAD CROSSING (22+834)",
        "type": "Outlet",
        "structure": "OUTLET RD X-ING",
        "station": "STA 22+834.0",
        "stationing": null,
        "ele": 0,
        "images": null,
        "desc": null,
        "comment": null,
        "time": "2024-08-01",
        "Structure_Category": "Outlet",
        "canal_name": "MAIN CANAL",
        "station_m": 22834,
        "elevation_m": 0
      }
    },
    {
      "type": "Feature",
      "id": 836,
      "geometry": {
        "type": "Point",
        "coordinates": [
          121.128595,
          13.273832
        ]
      },
      "properties": {
        "id": 836,
        "name": "BAYOG LATERAL A1 START OF LINING (0+562.6)",
        "type": "Other Structures",
        "structure": "START OF LINING",
        "station": "STA 0+562.6",
        "stationing": null,
        "ele": 14.931,
        "images": "DSC01118.jpg",
        "desc": null,
        "comment": null,
        "time": "2023-08-23",
        "Structure_Category": "Other Structures",
        "canal_name": "BAYOG SUB LATERAL A1",
        "station_m": 562.6,
        "elevation_m": 14.931
      }
    },
    {
      "type": "Feature",
      "id": 840,
      "geometry": {
        "type": "Point",
        "coordinates": [
          121.130417,
          13.278779
        ]
      },
      "properties": {
        "id": 840,
        "name": "BAYOG LATERAL A1 END OF CANAL (1+157)",
        "type": "Other Structures",
        "structure": "END OF CANAL",
        "station": "STA 1+157.0",
        "stationing": null,
        "ele": 25.433,
        "images": "DSC01122.jpg",
        "desc": null,
        "comment": null,
        "time": "2023-08-23",
        "Structure_Category": "Other Structures",
        "canal_name": "BAYOG SUB LATERAL A1",
        "station_m": 1157,
        "elevation_m": 25.433
      }
    },
    {
      "type": "Feature",
      "id": 66,
      "geometry": {
        "type": "Point",
        "coordinates": [
          121.161996,
          13.338393
        ]
      },
      "properties": {
        "id": 66,
        "name": "MAIN CANAL TURN IN (14+61.5)",
        "type": "Inlet",
        "structure": "TURN IN",
        "station": "STA 14+061.5",
        "stationing": null,
        "ele": 9.685,
        "images": "DSC00496.jpg",
        "desc": null,
        "comment": null,
        "time": "2023-05-03",
        "Structure_Category": "Inlet",
        "canal_name": "MAIN CANAL",
        "station_m": 14061.5,
        "elevation_m": 9.685
      }
    },
    {
      "type": "Feature",
      "id": 587,
      "geometry": {
        "type": "Point",
        "coordinates": [
          121.141322,
          13.347111
        ]
      },
      "properties": {
        "id": 587,
        "name": "LATERAL A COMBI THRESHER CROSSING & TO (7+348)",
        "type": "Turnout",
        "structure": "COMBI THR X-ING & TURNOUT",
        "station": "STA 7+348.0",
        "stationing": null,
        "ele": 24.581,
        "images": "DSC00666.jpg",
        "desc": null,
        "comment": "2023-05-25 12:13:04pm",
        "time": "2023-05-25",
        "Structure_Category": "Turnout (TO)",
        "canal_name": "LATERAL A",
        "station_m": 7348,
        "elevation_m": 24.581
      }
    },
    {
      "type": "Feature",
      "id": 591,
      "geometry": {
        "type": "Point",
        "coordinates": [
          121.136565,
          13.354422
        ]
      },
      "properties": {
        "id": 591,
        "name": "LATERAL A COMBI TO & INLET ROAD CROSSING (8+336)",
        "type": "Turnout",
        "structure": "COMBI INLET RD X-ING & TURNOUT",
        "station": "STA 8+336.0",
        "stationing": null,
        "ele": 13.454,
        "images": "DSC00670.jpg",
        "desc": null,
        "comment": "2023-05-25 12:28:17pm",
        "time": "2023-05-25",
        "Structure_Category": "Turnout (TO)",
        "canal_name": "LATERAL A",
        "station_m": 8336,
        "elevation_m": 13.454
      }
    },
    {
      "type": "Feature",
      "id": 593,
      "geometry": {
        "type": "Point",
        "coordinates": [
          121.131987,
          13.357037
        ]
      },
      "properties": {
        "id": 593,
        "name": "LATERAL A COMBI THRESHER CROSSING & TO (8+953)",
        "type": "Turnout",
        "structure": "COMBI THR X-ING & TURNOUT",
        "station": "STA 8+953.0",
        "stationing": null,
        "ele": 5.549,
        "images": "DSC00672.jpg",
        "desc": null,
        "comment": "2023-05-26 9:05:57am",
        "time": "2023-05-26",
        "Structure_Category": "Turnout (TO)",
        "canal_name": "LATERAL A",
        "station_m": 8953,
        "elevation_m": 5.549
      }
    },
    {
      "type": "Feature",
      "id": 597,
      "geometry": {
        "type": "Point",
        "coordinates": [
          121.122095,
          13.364142
        ]
      },
      "properties": {
        "id": 597,
        "name": "LATERAL A COMBI THRESHER CROSSING & TO (10+392)",
        "type": "Turnout",
        "structure": "COMBI THR X-ING & TURNOUT",
        "station": "STA 10+392.0",
        "stationing": null,
        "ele": 8.778,
        "images": "DSC00676.jpg",
        "desc": null,
        "comment": "2023-05-26 9:39:01am",
        "time": "2023-05-26",
        "Structure_Category": "Turnout (TO)",
        "canal_name": "LATERAL A",
        "station_m": 10392,
        "elevation_m": 8.778
      }
    },
    {
      "type": "Feature",
      "id": 584,
      "geometry": {
        "type": "Point",
        "coordinates": [
          121.142884,
          13.342327
        ]
      },
      "properties": {
        "id": 584,
        "name": "LATERAL A TO 5 (6+790)",
        "type": "Turnout",
        "structure": "TURNOUT",
        "station": "STA 6+790.0",
        "stationing": null,
        "ele": 24.539,
        "images": "DSC00663.jpg",
        "desc": null,
        "comment": "2023-05-25 12:04:11pm",
        "time": "2023-05-25",
        "Structure_Category": "Turnout (TO)",
        "canal_name": "LATERAL A",
        "station_m": 6790,
        "elevation_m": 24.539
      }
    },
    {
      "type": "Feature",
      "id": 123,
      "geometry": {
        "type": "Point",
        "coordinates": [
          121.161227,
          13.391339
        ]
      },
      "properties": {
        "id": 123,
        "name": "MAIN CANAL COMBI TO & INLET ROAD CROSSING (21+170)",
        "type": "Turnout",
        "structure": "COMBI INLET RD X-ING & TURNOUT",
        "station": "STA 21+170.0",
        "stationing": null,
        "ele": 13.927,
        "images": "DSC00552.jpg",
        "desc": null,
        "comment": null,
        "time": "2023-05-08",
        "Structure_Category": "Turnout (TO)",
        "canal_name": "MAIN CANAL",
        "station_m": 21170,
        "elevation_m": 13.927
      }
    },
    {
      "type": "Feature",
      "id": 595,
      "geometry": {
        "type": "Point",
        "coordinates": [
          121.125908,
          13.358456
        ]
      },
      "properties": {
        "id": 595,
        "name": "LATERAL A THRESHER CROSSING (9+634)",
        "type": "Thresher Crossing",
        "structure": "THRESHER CROSSING",
        "station": "STA 9+634.0",
        "stationing": null,
        "ele": 9.138,
        "images": "DSC00674.jpg",
        "desc": null,
        "comment": "2023-05-26 9:18:13am",
        "time": "2023-05-26",
        "Structure_Category": "Thresher Crossing",
        "canal_name": "LATERAL A",
        "station_m": 9634,
        "elevation_m": 9.138
      }
    },
    {
      "type": "Feature",
      "id": 615,
      "geometry": {
        "type": "Point",
        "coordinates": [
          121.131483,
          13.254336
        ]
      },
      "properties": {
        "id": 615,
        "name": "LATERAL AA THRESHER CROSSING (0+353.8)",
        "type": "Thresher Crossing",
        "structure": "THRESHER CROSSING",
        "station": "STA 0+353.8",
        "stationing": null,
        "ele": 39.173,
        "images": "DSC00863.jpg",
        "desc": null,
        "comment": null,
        "time": "2023-07-17",
        "Structure_Category": "Thresher Crossing",
        "canal_name": "LATERAL A",
        "station_m": 353.8,
        "elevation_m": 39.173
      }
    },
    {
      "type": "Feature",
      "id": 619,
      "geometry": {
        "type": "Point",
        "coordinates": [
          121.134442,
          13.254144
        ]
      },
      "properties": {
        "id": 619,
        "name": "LATERAL AA THRESHER CROSSING (0+679.3)",
        "type": "Thresher Crossing",
        "structure": "THRESHER CROSSING",
        "station": "STA 0+679.3",
        "stationing": null,
        "ele": 34.497,
        "images": "DSC00867.jpg",
        "desc": null,
        "comment": null,
        "time": "2023-07-17",
        "Structure_Category": "Thresher Crossing",
        "canal_name": "LATERAL A",
        "station_m": 679.3,
        "elevation_m": 34.497
      }
    },
    {
      "type": "Feature",
      "id": 1038,
      "geometry": {
        "type": "Point",
        "coordinates": [
          121.206808,
          13.336897
        ]
      },
      "properties": {
        "id": 1038,
        "name": "LATERAL B2 THRESHER CROSSING (1+355)",
        "type": "Thresher Crossing",
        "structure": "THRESHER CROSSING",
        "station": "STA 1+355.0",
        "stationing": null,
        "ele": 0,
        "images": null,
        "desc": null,
        "comment": null,
        "time": "2024-08-14",
        "Structure_Category": "Thresher Crossing",
        "canal_name": "LATERAL B",
        "station_m": 1355,
        "elevation_m": 0
      }
    },
    {
      "type": "Feature",
      "id": 1039,
      "geometry": {
        "type": "Point",
        "coordinates": [
          121.207023,
          13.337877
        ]
      },
      "properties": {
        "id": 1039,
        "name": "LATERAL B2 THRESHER CROSSING (1+466)",
        "type": "Thresher Crossing",
        "structure": "THRESHER CROSSING",
        "station": "STA 1+466.0",
        "stationing": null,
        "ele": 0,
        "images": null,
        "desc": null,
        "comment": null,
        "time": "2024-08-14",
        "Structure_Category": "Thresher Crossing",
        "canal_name": "LATERAL B",
        "station_m": 1466,
        "elevation_m": 0
      }
    },
    {
      "type": "Feature",
      "id": 1040,
      "geometry": {
        "type": "Point",
        "coordinates": [
          121.207064,
          13.33812
        ]
      },
      "properties": {
        "id": 1040,
        "name": "LATERAL B2 THRESHER CROSSING (1+494)",
        "type": "Thresher Crossing",
        "structure": "THRESHER CROSSING",
        "station": "STA 1+494.0",
        "stationing": null,
        "ele": 0,
        "images": null,
        "desc": null,
        "comment": null,
        "time": "2024-08-14",
        "Structure_Category": "Thresher Crossing",
        "canal_name": "LATERAL B",
        "station_m": 1494,
        "elevation_m": 0
      }
    },
    {
      "type": "Feature",
      "id": 1046,
      "geometry": {
        "type": "Point",
        "coordinates": [
          121.207402,
          13.345428
        ]
      },
      "properties": {
        "id": 1046,
        "name": "LATERAL B2 THRESHER CROSSING (2+308)",
        "type": "Thresher Crossing",
        "structure": "THRESHER CROSSING",
        "station": "STA 2+308.0",
        "stationing": null,
        "ele": 0,
        "images": null,
        "desc": null,
        "comment": null,
        "time": "2024-08-14",
        "Structure_Category": "Thresher Crossing",
        "canal_name": "LATERAL B",
        "station_m": 2308,
        "elevation_m": 0
      }
    },
    {
      "type": "Feature",
      "id": 1047,
      "geometry": {
        "type": "Point",
        "coordinates": [
          121.207304,
          13.346226
        ]
      },
      "properties": {
        "id": 1047,
        "name": "LATERAL B2 THRESHER CROSSING (2+396)",
        "type": "Thresher Crossing",
        "structure": "THRESHER CROSSING",
        "station": "STA 2+396.0",
        "stationing": null,
        "ele": 0,
        "images": null,
        "desc": null,
        "comment": null,
        "time": "2024-08-14",
        "Structure_Category": "Thresher Crossing",
        "canal_name": "LATERAL B",
        "station_m": 2396,
        "elevation_m": 0
      }
    },
    {
      "type": "Feature",
      "id": 1048,
      "geometry": {
        "type": "Point",
        "coordinates": [
          121.20734,
          13.347012
        ]
      },
      "properties": {
        "id": 1048,
        "name": "LATERAL B2 THRESHER CROSSING (2+484)",
        "type": "Thresher Crossing",
        "structure": "THRESHER CROSSING",
        "station": "STA 2+484.0",
        "stationing": null,
        "ele": 0,
        "images": null,
        "desc": null,
        "comment": null,
        "time": "2024-08-14",
        "Structure_Category": "Thresher Crossing",
        "canal_name": "LATERAL B",
        "station_m": 2484,
        "elevation_m": 0
      }
    },
    {
      "type": "Feature",
      "id": 152,
      "geometry": {
        "type": "Point",
        "coordinates": [
          121.168948,
          13.365449
        ]
      },
      "properties": {
        "id": 152,
        "name": "LATERAL G OUTLET ROAD CROSSING (0+729)",
        "type": "Outlet",
        "structure": "OUTLET RD X-ING",
        "station": "STA 0+729.0",
        "stationing": null,
        "ele": 13.636,
        "images": "DSC00580.jpg",
        "desc": null,
        "comment": null,
        "time": "2023-05-10",
        "Structure_Category": "Outlet",
        "canal_name": "LATERAL G",
        "station_m": 729,
        "elevation_m": 13.636
      }
    },
    {
      "type": "Feature",
      "id": 614,
      "geometry": {
        "type": "Point",
        "coordinates": [
          121.129778,
          13.25446
        ]
      },
      "properties": {
        "id": 614,
        "name": "LATERAL AA OUTLET (0+173.8)",
        "type": "Outlet",
        "structure": "OUTLET",
        "station": "STA 0+173.8",
        "stationing": null,
        "ele": 39.525,
        "images": "DSC00862.jpg",
        "desc": null,
        "comment": null,
        "time": "2023-07-17",
        "Structure_Category": "Outlet",
        "canal_name": "LATERAL A",
        "station_m": 173.8,
        "elevation_m": 39.525
      }
    },
    {
      "type": "Feature",
      "id": 644,
      "geometry": {
        "type": "Point",
        "coordinates": [
          121.159191,
          13.306676
        ]
      },
      "properties": {
        "id": 644,
        "name": "LATERAL A2 OUTLET (0+868.9)",
        "type": "Outlet",
        "structure": "OUTLET",
        "station": "STA 0+868.9",
        "stationing": null,
        "ele": 59.711,
        "images": "DSC00891.jpg",
        "desc": null,
        "comment": null,
        "time": "2023-07-21",
        "Structure_Category": "Outlet",
        "canal_name": "LATERAL A",
        "station_m": 868.9,
        "elevation_m": 59.711
      }
    },
    {
      "type": "Feature",
      "id": 612,
      "geometry": {
        "type": "Point",
        "coordinates": [
          121.128183,
          13.25441
        ]
      },
      "properties": {
        "id": 612,
        "name": "LATERAL AA OUTLET (0+000)",
        "type": "Other Structures",
        "structure": "OUTLET",
        "station": "STA 0+000.0",
        "stationing": null,
        "ele": 50.778,
        "images": "DSC00860.jpg",
        "desc": null,
        "comment": null,
        "time": "2023-07-17",
        "Structure_Category": "Other Structures",
        "canal_name": "LATERAL A",
        "station_m": 0,
        "elevation_m": 50.778
      }
    },
    {
      "type": "Feature",
      "id": 151,
      "geometry": {
        "type": "Point",
        "coordinates": [
          121.168792,
          13.365403
        ]
      },
      "properties": {
        "id": 151,
        "name": "LATERAL G INLET ROAD CROSSING (0+711.6)",
        "type": "Inlet",
        "structure": "INLET RD X-ING",
        "station": "STA 0+711.6",
        "stationing": null,
        "ele": 13.789,
        "images": "DSC00579.jpg",
        "desc": null,
        "comment": null,
        "time": "2023-05-10",
        "Structure_Category": "Inlet",
        "canal_name": "LATERAL G",
        "station_m": 711.6,
        "elevation_m": 13.789
      }
    },
    {
      "type": "Feature",
      "id": 645,
      "geometry": {
        "type": "Point",
        "coordinates": [
          121.159409,
          13.3078
        ]
      },
      "properties": {
        "id": 645,
        "name": "LATERAL A2 INLET ROAD CROSSING (0+990)",
        "type": "Inlet",
        "structure": "INLET RD X-ING",
        "station": "STA 0+990.0",
        "stationing": null,
        "ele": 57.224,
        "images": "DSC00892.jpg",
        "desc": null,
        "comment": null,
        "time": "2023-07-21",
        "Structure_Category": "Inlet",
        "canal_name": "LATERAL A",
        "station_m": 990,
        "elevation_m": 57.224
      }
    },
    {
      "type": "Feature",
      "id": 634,
      "geometry": {
        "type": "Point",
        "coordinates": [
          121.137084,
          13.387339
        ]
      },
      "properties": {
        "id": 634,
        "name": "LATERAL A JUNCTION DRAINAGE (14+206)",
        "type": "Drainage",
        "structure": "JUNCTION DRAINAGE",
        "station": "STA 14+206.0",
        "stationing": null,
        "ele": 10.258,
        "images": "DSC00880.jpg",
        "desc": null,
        "comment": null,
        "time": "2023-07-19",
        "Structure_Category": "Drainage",
        "canal_name": "LATERAL A",
        "station_m": 14206,
        "elevation_m": 10.258
      }
    },
    {
      "type": "Feature",
      "id": 637,
      "geometry": {
        "type": "Point",
        "coordinates": [
          121.15833,
          13.299584
        ]
      },
      "properties": {
        "id": 637,
        "name": "LATERAL A2 PARSHALL FLUME (0+32.8)",
        "type": "Flume",
        "structure": "PARSHALL FLUME",
        "station": "STA 0+032.8",
        "stationing": null,
        "ele": 4.271,
        "images": "DSC00883.jpg",
        "desc": null,
        "comment": null,
        "time": "2023-07-21",
        "Structure_Category": "Parshall Flume",
        "canal_name": "LATERAL A",
        "station_m": 32.8,
        "elevation_m": 4.271
      }
    },
    {
      "type": "Feature",
      "id": 630,
      "geometry": {
        "type": "Point",
        "coordinates": [
          121.13341,
          13.383259
        ]
      },
      "properties": {
        "id": 630,
        "name": "LATERAL A TO 15 (13+583)",
        "type": "Turnout",
        "structure": "TURNOUT",
        "station": "STA 13+583.0",
        "stationing": null,
        "ele": 7.449,
        "images": "DSC00876.jpg",
        "desc": null,
        "comment": null,
        "time": "2023-07-19",
        "Structure_Category": "Turnout (TO)",
        "canal_name": "LATERAL A",
        "station_m": 13583,
        "elevation_m": 7.449
      }
    },
    {
      "type": "Feature",
      "id": 649,
      "geometry": {
        "type": "Point",
        "coordinates": [
          121.159521,
          13.310035
        ]
      },
      "properties": {
        "id": 649,
        "name": "LATERAL A2 TO 3 (1+236)",
        "type": "Turnout",
        "structure": "TURNOUT",
        "station": "STA 1+236.0",
        "stationing": null,
        "ele": 46.848,
        "images": "DSC00896.jpg",
        "desc": null,
        "comment": null,
        "time": "2023-07-21",
        "Structure_Category": "Turnout (TO)",
        "canal_name": "LATERAL A",
        "station_m": 1236,
        "elevation_m": 46.848
      }
    },
    {
      "type": "Feature",
      "id": 650,
      "geometry": {
        "type": "Point",
        "coordinates": [
          121.159481,
          13.31078
        ]
      },
      "properties": {
        "id": 650,
        "name": "LATERAL A2 TO 4 (1+318)",
        "type": "Turnout",
        "structure": "TURNOUT",
        "station": "STA 1+318.0",
        "stationing": null,
        "ele": 45.288,
        "images": "DSC00897.jpg",
        "desc": null,
        "comment": null,
        "time": "2023-07-21",
        "Structure_Category": "Turnout (TO)",
        "canal_name": "LATERAL A",
        "station_m": 1318,
        "elevation_m": 45.288
      }
    },
    {
      "type": "Feature",
      "id": 107,
      "geometry": {
        "type": "Point",
        "coordinates": [
          121.161268,
          13.37341
        ]
      },
      "properties": {
        "id": 107,
        "name": "MAIN CANAL TO 19 (18+811)",
        "type": "Turnout",
        "structure": "TURNOUT",
        "station": "STA 18+811.0",
        "stationing": null,
        "ele": 17.675,
        "images": "DSC00536.jpg",
        "desc": null,
        "comment": null,
        "time": "2023-05-05",
        "Structure_Category": "Turnout (TO)",
        "canal_name": "MAIN CANAL",
        "station_m": 18811,
        "elevation_m": 17.675
      }
    },
    {
      "type": "Feature",
      "id": 149,
      "geometry": {
        "type": "Point",
        "coordinates": [
          121.16791,
          13.364569
        ]
      },
      "properties": {
        "id": 149,
        "name": "LATERAL G BULLCART 2 (0+529.2)",
        "type": "Thresher Crossing",
        "structure": "THRESHER CROSSING",
        "station": "STA 0+529.2",
        "stationing": null,
        "ele": 13.789,
        "images": "DSC00577.jpg",
        "desc": null,
        "comment": null,
        "time": "2023-05-10",
        "Structure_Category": "Thresher Crossing",
        "canal_name": "LATERAL G",
        "station_m": 529.2,
        "elevation_m": 13.789
      }
    },
    {
      "type": "Feature",
      "id": 631,
      "geometry": {
        "type": "Point",
        "coordinates": [
          121.133835,
          13.383738
        ]
      },
      "properties": {
        "id": 631,
        "name": "LATERAL A BULLCART 9 (13+063)",
        "type": "Thresher Crossing",
        "structure": "THRESHER CROSSING",
        "station": "STA 13+063.0",
        "stationing": null,
        "ele": 8.13,
        "images": "DSC00877.jpg",
        "desc": null,
        "comment": null,
        "time": "2023-07-19",
        "Structure_Category": "Thresher Crossing",
        "canal_name": "LATERAL A",
        "station_m": 13063,
        "elevation_m": 8.13
      }
    },
    {
      "type": "Feature",
      "id": 419,
      "geometry": {
        "type": "Point",
        "coordinates": [
          121.172693,
          13.358921
        ]
      },
      "properties": {
        "id": 419,
        "name": "LATERAL F END OF LINED CANAL (1+206)",
        "type": "Other Structures",
        "structure": "END OF LINED CANAL",
        "station": "STA 1+206.0",
        "stationing": null,
        "ele": 30.095,
        "images": "DSC00744.jpg",
        "desc": null,
        "comment": null,
        "time": "2023-05-20",
        "Structure_Category": "Other Structures",
        "canal_name": "LATERAL F",
        "station_m": 1206,
        "elevation_m": 30.095
      }
    },
    {
      "type": "Feature",
      "id": 79,
      "geometry": {
        "type": "Point",
        "coordinates": [
          121.16314,
          13.348198
        ]
      },
      "properties": {
        "id": 79,
        "name": "MAIN CANAL OUTLET ROAD CROSSING (15+952)",
        "type": "Outlet",
        "structure": "OUTLET RD X-ING",
        "station": "STA 15+952.0",
        "stationing": null,
        "ele": 22.451,
        "images": "DSC00509.jpg",
        "desc": null,
        "comment": null,
        "time": "2023-05-04",
        "Structure_Category": "Outlet",
        "canal_name": "MAIN CANAL",
        "station_m": 15952,
        "elevation_m": 22.451
      }
    },
    {
      "type": "Feature",
      "id": 71,
      "geometry": {
        "type": "Point",
        "coordinates": [
          121.16273,
          13.340458
        ]
      },
      "properties": {
        "id": 71,
        "name": "MAIN CANAL THRESHER CROSSING (15+072)",
        "type": "Thresher Crossing",
        "structure": "THRESHER CROSSING",
        "station": "STA 15+072.0",
        "stationing": null,
        "ele": 17.649,
        "images": "DSC00501.jpg",
        "desc": null,
        "comment": null,
        "time": "2023-05-03",
        "Structure_Category": "Thresher Crossing",
        "canal_name": "MAIN CANAL",
        "station_m": 15072,
        "elevation_m": 17.649
      }
    },
    {
      "type": "Feature",
      "id": 80,
      "geometry": {
        "type": "Point",
        "coordinates": [
          121.163101,
          13.350633
        ]
      },
      "properties": {
        "id": 80,
        "name": "MAIN CANAL TO 12 (16+228)",
        "type": "Turnout",
        "structure": "TURNOUT",
        "station": "STA 16+228.0",
        "stationing": null,
        "ele": 23.227,
        "images": "DSC00510.jpg",
        "desc": null,
        "comment": null,
        "time": "2023-05-04",
        "Structure_Category": "Turnout (TO)",
        "canal_name": "MAIN CANAL",
        "station_m": 16228,
        "elevation_m": 23.227
      }
    },
    {
      "type": "Feature",
      "id": 425,
      "geometry": {
        "type": "Point",
        "coordinates": [
          121.174956,
          13.365993
        ]
      },
      "properties": {
        "id": 425,
        "name": "LATERAL F START OF CONCRETE CANAL (2+048)",
        "type": "Other Structures",
        "structure": "START OF CONCRETE CANAL",
        "station": "STA 2+048.0",
        "stationing": null,
        "ele": 19.543,
        "images": "DSC00750.jpg",
        "desc": null,
        "comment": null,
        "time": "2023-05-20",
        "Structure_Category": "Other Structures",
        "canal_name": "LATERAL F",
        "station_m": 2048,
        "elevation_m": 19.543
      }
    },
    {
      "type": "Feature",
      "id": 73,
      "geometry": {
        "type": "Point",
        "coordinates": [
          121.162423,
          13.341521
        ]
      },
      "properties": {
        "id": 73,
        "name": "MAIN CANAL THRESHER CROSSING (15+187)",
        "type": "Thresher Crossing",
        "structure": "THRESHER CROSSING",
        "station": "STA 15+187.0",
        "stationing": null,
        "ele": 17.728,
        "images": "DSC00503.jpg",
        "desc": null,
        "comment": null,
        "time": "2023-05-03",
        "Structure_Category": "Thresher Crossing",
        "canal_name": "MAIN CANAL",
        "station_m": 15187,
        "elevation_m": 17.728
      }
    },
    {
      "type": "Feature",
      "id": 75,
      "geometry": {
        "type": "Point",
        "coordinates": [
          121.162219,
          13.344301
        ]
      },
      "properties": {
        "id": 75,
        "name": "MAIN CANAL THRESHER CROSSING (15+508)",
        "type": "Thresher Crossing",
        "structure": "THRESHER CROSSING",
        "station": "STA 15+508.0",
        "stationing": null,
        "ele": 24.732,
        "images": "DSC00505.jpg",
        "desc": null,
        "comment": null,
        "time": "2023-05-04",
        "Structure_Category": "Thresher Crossing",
        "canal_name": "MAIN CANAL",
        "station_m": 15508,
        "elevation_m": 24.732
      }
    },
    {
      "type": "Feature",
      "id": 417,
      "geometry": {
        "type": "Point",
        "coordinates": [
          121.171718,
          13.357295
        ]
      },
      "properties": {
        "id": 417,
        "name": "LATERAL F ROAD CROSSING (1+000)",
        "type": "Road Crossing",
        "structure": "RD X-ING",
        "station": "STA 1+000.0",
        "stationing": null,
        "ele": 12.103,
        "images": "DSC00742.jpg",
        "desc": null,
        "comment": null,
        "time": "2023-05-20",
        "Structure_Category": "Road Crossing",
        "canal_name": "LATERAL F",
        "station_m": 1000,
        "elevation_m": 12.103
      }
    },
    {
      "type": "Feature",
      "id": 418,
      "geometry": {
        "type": "Point",
        "coordinates": [
          121.172093,
          13.357867
        ]
      },
      "properties": {
        "id": 418,
        "name": "LATERAL F ROAD CROSSING (1+076)",
        "type": "Road Crossing",
        "structure": "RD X-ING",
        "station": "STA 1+076.0",
        "stationing": null,
        "ele": 11.589,
        "images": "DSC00743.jpg",
        "desc": null,
        "comment": null,
        "time": "2023-05-20",
        "Structure_Category": "Road Crossing",
        "canal_name": "LATERAL F",
        "station_m": 1076,
        "elevation_m": 11.589
      }
    },
    {
      "type": "Feature",
      "id": 1041,
      "geometry": {
        "type": "Point",
        "coordinates": [
          121.20743,
          13.341063
        ]
      },
      "properties": {
        "id": 1041,
        "name": "LATERAL B2 ROAD CROSSING (1+822)",
        "type": "Road Crossing",
        "structure": "RD X-ING",
        "station": "STA 1+822.0",
        "stationing": null,
        "ele": 0,
        "images": null,
        "desc": null,
        "comment": null,
        "time": "2024-08-14",
        "Structure_Category": "Road Crossing",
        "canal_name": "LATERAL B",
        "station_m": 1822,
        "elevation_m": 0
      }
    },
    {
      "type": "Feature",
      "id": 416,
      "geometry": {
        "type": "Point",
        "coordinates": [
          121.171527,
          13.356998
        ]
      },
      "properties": {
        "id": 416,
        "name": "LATERAL F TO 1 (0+958)",
        "type": "Turnout",
        "structure": "TURNOUT",
        "station": "STA 0+958.0",
        "stationing": null,
        "ele": 11.667,
        "images": "DSC00741.jpg",
        "desc": null,
        "comment": null,
        "time": "2023-05-20",
        "Structure_Category": "Turnout (TO)",
        "canal_name": "LATERAL F",
        "station_m": 958,
        "elevation_m": 11.667
      }
    },
    {
      "type": "Feature",
      "id": 67,
      "geometry": {
        "type": "Point",
        "coordinates": [
          121.162153,
          13.338629
        ]
      },
      "properties": {
        "id": 67,
        "name": "MAIN CANAL BULLCART 14 (14+830)",
        "type": "Thresher Crossing",
        "structure": "THRESHER CROSSING",
        "station": "STA 14+830.0",
        "stationing": null,
        "ele": 13.427,
        "images": "DSC00497.jpg",
        "desc": null,
        "comment": null,
        "time": "2023-05-03",
        "Structure_Category": "Thresher Crossing",
        "canal_name": "MAIN CANAL",
        "station_m": 14830,
        "elevation_m": 13.427
      }
    },
    {
      "type": "Feature",
      "id": 68,
      "geometry": {
        "type": "Point",
        "coordinates": [
          121.162394,
          13.338938
        ]
      },
      "properties": {
        "id": 68,
        "name": "MAIN CANAL BULLCART 15 (14+688.6)",
        "type": "Thresher Crossing",
        "structure": "THRESHER CROSSING",
        "station": "STA 14+688.6",
        "stationing": null,
        "ele": 15.532,
        "images": "DSC00498.jpg",
        "desc": null,
        "comment": null,
        "time": "2023-05-03",
        "Structure_Category": "Thresher Crossing",
        "canal_name": "MAIN CANAL",
        "station_m": 14688.6,
        "elevation_m": 15.532
      }
    },
    {
      "type": "Feature",
      "id": 74,
      "geometry": {
        "type": "Point",
        "coordinates": [
          121.161849,
          13.343329
        ]
      },
      "properties": {
        "id": 74,
        "name": "MAIN CANAL BULLCART 18 (15+204)",
        "type": "Thresher Crossing",
        "structure": "THRESHER CROSSING",
        "station": "STA 15+204.0",
        "stationing": null,
        "ele": 24.482,
        "images": "DSC00504.jpg",
        "desc": null,
        "comment": null,
        "time": "2023-05-04",
        "Structure_Category": "Thresher Crossing",
        "canal_name": "MAIN CANAL",
        "station_m": 15204,
        "elevation_m": 24.482
      }
    },
    {
      "type": "Feature",
      "id": 82,
      "geometry": {
        "type": "Point",
        "coordinates": [
          121.164002,
          13.351892
        ]
      },
      "properties": {
        "id": 82,
        "name": "MAIN CANAL OUTLET & TURN IN (16+396)",
        "type": "Outlet",
        "structure": "COMBI OUTLET & TURN IN",
        "station": "STA 16+396.0",
        "stationing": null,
        "ele": 22.611,
        "images": "DSC00512.jpg",
        "desc": null,
        "comment": null,
        "time": "2023-05-04",
        "Structure_Category": "Outlet",
        "canal_name": "MAIN CANAL",
        "station_m": 16396,
        "elevation_m": 22.611
      }
    },
    {
      "type": "Feature",
      "id": 421,
      "geometry": {
        "type": "Point",
        "coordinates": [
          121.173101,
          13.360041
        ]
      },
      "properties": {
        "id": 421,
        "name": "LATERAL F OUTLET ROAD CROSSING (1+342)",
        "type": "Outlet",
        "structure": "OUTLET RD X-ING",
        "station": "STA 1+342.0",
        "stationing": null,
        "ele": 25.907,
        "images": "DSC00746.jpg",
        "desc": null,
        "comment": null,
        "time": "2023-05-20",
        "Structure_Category": "Outlet",
        "canal_name": "LATERAL F",
        "station_m": 1342,
        "elevation_m": 25.907
      }
    },
    {
      "type": "Feature",
      "id": 450,
      "geometry": {
        "type": "Point",
        "coordinates": [
          121.15784,
          13.341908
        ]
      },
      "properties": {
        "id": 450,
        "name": "LATERAL E OUTLET ROAD CROSSING (0+704.4)",
        "type": "Outlet",
        "structure": "OUTLET RD X-ING",
        "station": "STA 0+704.4",
        "stationing": null,
        "ele": 17.357,
        "images": "DSC00774.jpg",
        "desc": null,
        "comment": null,
        "time": "2023-05-22",
        "Structure_Category": "Outlet",
        "canal_name": "LATERAL E",
        "station_m": 704.4,
        "elevation_m": 17.357
      }
    },
    {
      "type": "Feature",
      "id": 422,
      "geometry": {
        "type": "Point",
        "coordinates": [
          121.173278,
          13.362525
        ]
      },
      "properties": {
        "id": 422,
        "name": "LATERAL F THRESHER CROSSING (1+617)",
        "type": "Thresher Crossing",
        "structure": "THRESHER CROSSING",
        "station": "STA 1+617.0",
        "stationing": null,
        "ele": 24.461,
        "images": "DSC00747.jpg",
        "desc": null,
        "comment": null,
        "time": "2023-05-20",
        "Structure_Category": "Thresher Crossing",
        "canal_name": "LATERAL F",
        "station_m": 1617,
        "elevation_m": 24.461
      }
    },
    {
      "type": "Feature",
      "id": 427,
      "geometry": {
        "type": "Point",
        "coordinates": [
          121.176355,
          13.366079
        ]
      },
      "properties": {
        "id": 427,
        "name": "LATERAL F END OF CANAL (2+209)",
        "type": "Other Structures",
        "structure": "END OF CANAL",
        "station": "STA 2+209.0",
        "stationing": null,
        "ele": 18.528,
        "images": "DSC00752.jpg",
        "desc": null,
        "comment": null,
        "time": "2023-05-20",
        "Structure_Category": "Other Structures",
        "canal_name": "LATERAL F",
        "station_m": 2209,
        "elevation_m": 18.528
      }
    },
    {
      "type": "Feature",
      "id": 721,
      "geometry": {
        "type": "Point",
        "coordinates": [
          121.140409,
          13.301851
        ]
      },
      "properties": {
        "id": 721,
        "name": "LATERAL A1 OUTLET ROAD CROSSING (2+142)",
        "type": "Outlet",
        "structure": "OUTLET RD X-ING",
        "station": "STA 2+142.0",
        "stationing": null,
        "ele": 62.497,
        "images": "DSC00971.jpg",
        "desc": null,
        "comment": null,
        "time": "2023-07-27",
        "Structure_Category": "Outlet",
        "canal_name": "LATERAL A",
        "station_m": 2142,
        "elevation_m": 62.497
      }
    },
    {
      "type": "Feature",
      "id": 725,
      "geometry": {
        "type": "Point",
        "coordinates": [
          121.138154,
          13.309232
        ]
      },
      "properties": {
        "id": 725,
        "name": "LATERAL A1 OUTLET ROAD CROSSING (3+020)",
        "type": "Outlet",
        "structure": "OUTLET RD X-ING",
        "station": "STA 3+020.0",
        "stationing": null,
        "ele": 15.05,
        "images": "DSC00975.jpg",
        "desc": null,
        "comment": null,
        "time": "2023-07-27",
        "Structure_Category": "Outlet",
        "canal_name": "LATERAL A",
        "station_m": 3020,
        "elevation_m": 15.05
      }
    },
    {
      "type": "Feature",
      "id": 724,
      "geometry": {
        "type": "Point",
        "coordinates": [
          121.138163,
          13.309084
        ]
      },
      "properties": {
        "id": 724,
        "name": "LATERAL A1 COMBI CHECK INLET ROAD CROSSING & TO 3 (3+010)",
        "type": "Turnout",
        "structure": "COMBI INLET RD X-ING & TURNOUT",
        "station": "STA 3+010.0",
        "stationing": null,
        "ele": 13.805,
        "images": "DSC00974.jpg",
        "desc": null,
        "comment": null,
        "time": "2023-07-27",
        "Structure_Category": "Turnout (TO)",
        "canal_name": "LATERAL A",
        "station_m": 3010,
        "elevation_m": 13.805
      }
    },
    {
      "type": "Feature",
      "id": 72,
      "geometry": {
        "type": "Point",
        "coordinates": [
          121.16244,
          13.341472
        ]
      },
      "properties": {
        "id": 72,
        "name": "MAIN CANAL TO 9 (15+182)",
        "type": "Turnout",
        "structure": "TURNOUT",
        "station": "STA 15+182.0",
        "stationing": null,
        "ele": 17.883,
        "images": "DSC00502.jpg",
        "desc": null,
        "comment": null,
        "time": "2023-05-03",
        "Structure_Category": "Turnout (TO)",
        "canal_name": "MAIN CANAL",
        "station_m": 15182,
        "elevation_m": 17.883
      }
    },
    {
      "type": "Feature",
      "id": 76,
      "geometry": {
        "type": "Point",
        "coordinates": [
          121.162432,
          13.345083
        ]
      },
      "properties": {
        "id": 76,
        "name": "MAIN CANAL TO 10 (15+600)",
        "type": "Turnout",
        "structure": "TURNOUT",
        "station": "STA 15+600.0",
        "stationing": null,
        "ele": 24.179,
        "images": "DSC00506.jpg",
        "desc": null,
        "comment": null,
        "time": "2023-05-04",
        "Structure_Category": "Turnout (TO)",
        "canal_name": "MAIN CANAL",
        "station_m": 15600,
        "elevation_m": 24.179
      }
    },
    {
      "type": "Feature",
      "id": 78,
      "geometry": {
        "type": "Point",
        "coordinates": [
          121.163129,
          13.348077
        ]
      },
      "properties": {
        "id": 78,
        "name": "MAIN CANAL COMBI INLET ROAD CROSSING & TO 11 (15+940)",
        "type": "Turnout",
        "structure": "COMBI INLET RD X-ING & TURNOUT",
        "station": "STA 15+940.0",
        "stationing": null,
        "ele": 25.127,
        "images": "DSC00508.jpg",
        "desc": null,
        "comment": null,
        "time": "2023-05-04",
        "Structure_Category": "Turnout (TO)",
        "canal_name": "MAIN CANAL",
        "station_m": 15940,
        "elevation_m": 25.127
      }
    },
    {
      "type": "Feature",
      "id": 91,
      "geometry": {
        "type": "Point",
        "coordinates": [
          121.165395,
          13.360327
        ]
      },
      "properties": {
        "id": 91,
        "name": "MAIN CANAL TO 17 (17+352)",
        "type": "Turnout",
        "structure": "TURNOUT",
        "station": "STA 17+352.0",
        "stationing": null,
        "ele": 15.014,
        "images": "DSC00521.jpg",
        "desc": null,
        "comment": null,
        "time": "2023-05-04",
        "Structure_Category": "Turnout (TO)",
        "canal_name": "MAIN CANAL",
        "station_m": 17352,
        "elevation_m": 15.014
      }
    },
    {
      "type": "Feature",
      "id": 420,
      "geometry": {
        "type": "Point",
        "coordinates": [
          121.173121,
          13.359893
        ]
      },
      "properties": {
        "id": 420,
        "name": "LATERAL F COMBI INLET ROAD CROSSING & TO 2 (1+328)",
        "type": "Turnout",
        "structure": "COMBI INLET RD X-ING & TURNOUT",
        "station": "STA 1+328.0",
        "stationing": null,
        "ele": 28.204,
        "images": "DSC00745.jpg",
        "desc": null,
        "comment": null,
        "time": "2023-02-20",
        "Structure_Category": "Turnout (TO)",
        "canal_name": "LATERAL F",
        "station_m": 1328,
        "elevation_m": 28.204
      }
    },
    {
      "type": "Feature",
      "id": 453,
      "geometry": {
        "type": "Point",
        "coordinates": [
          121.156467,
          13.347337
        ]
      },
      "properties": {
        "id": 453,
        "name": "LATERAL E COMBI THRESHER CROSSING & TO 4 (1+328)",
        "type": "Turnout",
        "structure": "COMBI THR X-ING & TURNOUT",
        "station": "STA 1+328.0",
        "stationing": null,
        "ele": 11.079,
        "images": "DSC00777.jpg",
        "desc": null,
        "comment": null,
        "time": "2023-05-22",
        "Structure_Category": "Turnout (TO)",
        "canal_name": "LATERAL E",
        "station_m": 1328,
        "elevation_m": 11.079
      }
    },
    {
      "type": "Feature",
      "id": 423,
      "geometry": {
        "type": "Point",
        "coordinates": [
          121.174211,
          13.364771
        ]
      },
      "properties": {
        "id": 423,
        "name": "LATERAL F THRESHER CROSSING (1+896)",
        "type": "Thresher Crossing",
        "structure": "THRESHER CROSSING",
        "station": "STA 1+896.0",
        "stationing": null,
        "ele": 20.54,
        "images": "DSC00748.jpg",
        "desc": null,
        "comment": null,
        "time": "2023-05-20",
        "Structure_Category": "Thresher Crossing",
        "canal_name": "LATERAL F",
        "station_m": 1896,
        "elevation_m": 20.54
      }
    },
    {
      "type": "Feature",
      "id": 1042,
      "geometry": {
        "type": "Point",
        "coordinates": [
          121.207353,
          13.342722
        ]
      },
      "properties": {
        "id": 1042,
        "name": "LATERAL B2 THRESHER CROSSING (2+006)",
        "type": "Thresher Crossing",
        "structure": "THRESHER CROSSING",
        "station": "STA 2+006.0",
        "stationing": null,
        "ele": 0,
        "images": null,
        "desc": null,
        "comment": null,
        "time": "2024-08-14",
        "Structure_Category": "Thresher Crossing",
        "canal_name": "LATERAL B",
        "station_m": 2006,
        "elevation_m": 0
      }
    },
    {
      "type": "Feature",
      "id": 1043,
      "geometry": {
        "type": "Point",
        "coordinates": [
          121.207349,
          13.342837
        ]
      },
      "properties": {
        "id": 1043,
        "name": "LATERAL B2 THRESHER CROSSING (2+20)",
        "type": "Thresher Crossing",
        "structure": "THRESHER CROSSING",
        "station": "STA 2+020.0",
        "stationing": null,
        "ele": 0,
        "images": null,
        "desc": null,
        "comment": null,
        "time": "2024-08-14",
        "Structure_Category": "Thresher Crossing",
        "canal_name": "LATERAL B",
        "station_m": 2020,
        "elevation_m": 0
      }
    },
    {
      "type": "Feature",
      "id": 292,
      "geometry": {
        "type": "Point",
        "coordinates": [
          121.194795,
          13.363304
        ]
      },
      "properties": {
        "id": 292,
        "name": "LATERAL C3 ROAD CROSSING (1+558)",
        "type": "Road Crossing",
        "structure": "RD X-ING",
        "station": "STA 1+558.0",
        "stationing": null,
        "ele": 23.453,
        "images": "DSC00719.jpg",
        "desc": null,
        "comment": null,
        "time": "2023-05-19",
        "Structure_Category": "Road Crossing",
        "canal_name": "LATERAL C",
        "station_m": 1558,
        "elevation_m": 23.453
      }
    },
    {
      "type": "Feature",
      "id": 293,
      "geometry": {
        "type": "Point",
        "coordinates": [
          121.195014,
          13.363732
        ]
      },
      "properties": {
        "id": 293,
        "name": "LATERAL C3 ROAD CROSSING (1+610)",
        "type": "Road Crossing",
        "structure": "RD X-ING",
        "station": "STA 1+610.0",
        "stationing": null,
        "ele": 24.097,
        "images": "DSC00720.jpg",
        "desc": null,
        "comment": null,
        "time": "2023-05-19",
        "Structure_Category": "Road Crossing",
        "canal_name": "LATERAL C",
        "station_m": 1610,
        "elevation_m": 24.097
      }
    },
    {
      "type": "Feature",
      "id": 231,
      "geometry": {
        "type": "Point",
        "coordinates": [
          121.190999,
          13.347238
        ]
      },
      "properties": {
        "id": 231,
        "name": "LATERAL C1 OUTLET ROAD CROSSING (1+890.3)",
        "type": "Outlet",
        "structure": "OUTLET RD X-ING",
        "station": "STA 1+890.3",
        "stationing": null,
        "ele": 13.419,
        "images": "DSC00694.jpg",
        "desc": null,
        "comment": null,
        "time": "2023-05-15",
        "Structure_Category": "Outlet",
        "canal_name": "LATERAL C",
        "station_m": 1890.3,
        "elevation_m": 13.419
      }
    },
    {
      "type": "Feature",
      "id": 263,
      "geometry": {
        "type": "Point",
        "coordinates": [
          121.177272,
          13.338252
        ]
      },
      "properties": {
        "id": 263,
        "name": "LATERAL C OUTLET (3+792)",
        "type": "Outlet",
        "structure": "OUTLET",
        "station": "STA 3+792.0",
        "stationing": null,
        "ele": 20.387,
        "images": "DSC00649.jpg",
        "desc": null,
        "comment": null,
        "time": "2023-05-12",
        "Structure_Category": "Outlet",
        "canal_name": "LATERAL C",
        "station_m": 3792,
        "elevation_m": 20.387
      }
    },
    {
      "type": "Feature",
      "id": 266,
      "geometry": {
        "type": "Point",
        "coordinates": [
          121.177269,
          13.341443
        ]
      },
      "properties": {
        "id": 266,
        "name": "LATERAL C OUTLET ROAD CROSSING (4+196)",
        "type": "Outlet",
        "structure": "OUTLET RD X-ING",
        "station": "STA 4+196.0",
        "stationing": null,
        "ele": 18.624,
        "images": "DSC00652.jpg",
        "desc": null,
        "comment": null,
        "time": "2023-05-12",
        "Structure_Category": "Outlet",
        "canal_name": "LATERAL C",
        "station_m": 4196,
        "elevation_m": 18.624
      }
    },
    {
      "type": "Feature",
      "id": 274,
      "geometry": {
        "type": "Point",
        "coordinates": [
          121.179758,
          13.348228
        ]
      },
      "properties": {
        "id": 274,
        "name": "LATERAL C2 OUTLET (0+240)",
        "type": "Outlet",
        "structure": "OUTLET",
        "station": "STA 0+240.0",
        "stationing": null,
        "ele": 90.12,
        "images": "DSC00701.jpg",
        "desc": null,
        "comment": null,
        "time": "2023-05-18",
        "Structure_Category": "Outlet",
        "canal_name": "LATERAL C",
        "station_m": 240,
        "elevation_m": 90.12
      }
    },
    {
      "type": "Feature",
      "id": 281,
      "geometry": {
        "type": "Point",
        "coordinates": [
          121.190503,
          13.354633
        ]
      },
      "properties": {
        "id": 281,
        "name": "LATERAL C2 OUTLET ROAD CROSSING (1+647.5)",
        "type": "Outlet",
        "structure": "OUTLET RD X-ING",
        "station": "STA 1+647.5",
        "stationing": null,
        "ele": 41.958,
        "images": "DSC00708.jpg",
        "desc": null,
        "comment": null,
        "time": "2023-05-18",
        "Structure_Category": "Outlet",
        "canal_name": "LATERAL C",
        "station_m": 1647.5,
        "elevation_m": 41.958
      }
    },
    {
      "type": "Feature",
      "id": 294,
      "geometry": {
        "type": "Point",
        "coordinates": [
          121.19504,
          13.363982
        ]
      },
      "properties": {
        "id": 294,
        "name": "LATERAL C3 END OF CANAL (1+642)",
        "type": "Other Structures",
        "structure": "END OF CANAL",
        "station": "STA 1+642.0",
        "stationing": null,
        "ele": 194.975,
        "images": "DSC00721.jpg",
        "desc": null,
        "comment": null,
        "time": "2023-05-19",
        "Structure_Category": "Other Structures",
        "canal_name": "LATERAL C",
        "station_m": 1642,
        "elevation_m": 194.975
      }
    },
    {
      "type": "Feature",
      "id": 303,
      "geometry": {
        "type": "Point",
        "coordinates": [
          121.176884,
          13.37081
        ]
      },
      "properties": {
        "id": 303,
        "name": "LATERAL C4 END OF CANAL (0+924.6)",
        "type": "Other Structures",
        "structure": "END OF CANAL",
        "station": "STA 0+924.6",
        "stationing": null,
        "ele": 9.955,
        "images": "DSC00730.jpg",
        "desc": null,
        "comment": null,
        "time": "2023-05-19",
        "Structure_Category": "Other Structures",
        "canal_name": "LATERAL C",
        "station_m": 924.6,
        "elevation_m": 9.955
      }
    },
    {
      "type": "Feature",
      "id": 301,
      "geometry": {
        "type": "Point",
        "coordinates": [
          121.177736,
          13.36903
        ]
      },
      "properties": {
        "id": 301,
        "name": "LATERAL C4 INLET SIPHON (0+703.8)",
        "type": "Inlet",
        "structure": "LATERAL C4 INLET SIPHON (0+703.8)",
        "station": "STA 0+703.8",
        "stationing": null,
        "ele": 33.914,
        "images": "DSC00728.jpg",
        "desc": null,
        "comment": null,
        "time": "2023-05-19",
        "Structure_Category": "Inlet",
        "canal_name": "LATERAL C",
        "station_m": 703.8,
        "elevation_m": 33.914
      }
    },
    {
      "type": "Feature",
      "id": 475,
      "geometry": {
        "type": "Point",
        "coordinates": [
          121.147466,
          13.3687
        ]
      },
      "properties": {
        "id": 475,
        "name": "LATERAL E END OF CANAL (4+158)",
        "type": "Other Structures",
        "structure": "END OF CANAL",
        "station": "STA 4+158.0",
        "stationing": null,
        "ele": 12.799,
        "images": "DSC00800.jpg",
        "desc": null,
        "comment": null,
        "time": "2023-05-23",
        "Structure_Category": "Other Structures",
        "canal_name": "LATERAL E",
        "station_m": 4158,
        "elevation_m": 12.799
      }
    },
    {
      "type": "Feature",
      "id": 465,
      "geometry": {
        "type": "Point",
        "coordinates": [
          121.153105,
          13.358607
        ]
      },
      "properties": {
        "id": 465,
        "name": "LATERAL E INLET ROAD CROSSING (2+659.4)",
        "type": "Inlet",
        "structure": "INLET RD X-ING",
        "station": "STA 2+659.4",
        "stationing": null,
        "ele": 21.175,
        "images": "DSC00789.jpg",
        "desc": null,
        "comment": null,
        "time": "2023-05-22",
        "Structure_Category": "Inlet",
        "canal_name": "LATERAL E",
        "station_m": 2659.4,
        "elevation_m": 21.175
      }
    },
    {
      "type": "Feature",
      "id": 215,
      "geometry": {
        "type": "Point",
        "coordinates": [
          121.182922,
          13.365856
        ]
      },
      "properties": {
        "id": 215,
        "name": "LATERAL C4 COMBI OUTLET ROAD CROSSING & TO 1 (0+000)",
        "type": "Turnout",
        "structure": "COMBI OUTLET RD X-ING & TURNOUT",
        "station": "STA 0+000.0",
        "stationing": null,
        "ele": 32.012,
        "images": "DSC00677.jpg",
        "desc": null,
        "comment": null,
        "time": "2023-05-15",
        "Structure_Category": "Turnout (TO)",
        "canal_name": "LATERAL C",
        "station_m": 0,
        "elevation_m": 32.012
      }
    },
    {
      "type": "Feature",
      "id": 203,
      "geometry": {
        "type": "Point",
        "coordinates": [
          121.177321,
          13.356533
        ]
      },
      "properties": {
        "id": 203,
        "name": "LATERAL C TRESHER CROSSING (5+951)",
        "type": "Thresher Crossing",
        "structure": "THRESHER CROSSING",
        "station": "STA 5+951.0",
        "stationing": null,
        "ele": 16.858,
        "images": "DSC00665.jpg",
        "desc": null,
        "comment": null,
        "time": "2023-05-15",
        "Structure_Category": "Thresher Crossing",
        "canal_name": "LATERAL C",
        "station_m": 5951,
        "elevation_m": 16.858
      }
    },
    {
      "type": "Feature",
      "id": 212,
      "geometry": {
        "type": "Point",
        "coordinates": [
          121.184246,
          13.361404
        ]
      },
      "properties": {
        "id": 212,
        "name": "LATERAL C TRESHER CROSSING (6+918)",
        "type": "Thresher Crossing",
        "structure": "THRESHER CROSSING",
        "station": "STA 6+918.0",
        "stationing": null,
        "ele": 25.854,
        "images": "DSC00674.jpg",
        "desc": null,
        "comment": null,
        "time": "2023-05-15",
        "Structure_Category": "Thresher Crossing",
        "canal_name": "LATERAL C",
        "station_m": 6918,
        "elevation_m": 25.854
      }
    },
    {
      "type": "Feature",
      "id": 217,
      "geometry": {
        "type": "Point",
        "coordinates": [
          121.183048,
          13.366374
        ]
      },
      "properties": {
        "id": 217,
        "name": "LATERAL C TRESHER CROSSING (7+514)",
        "type": "Thresher Crossing",
        "structure": "THRESHER CROSSING",
        "station": "STA 7+514.0",
        "stationing": null,
        "ele": 30.199,
        "images": "DSC00679.jpg",
        "desc": null,
        "comment": null,
        "time": "2023-05-15",
        "Structure_Category": "Thresher Crossing",
        "canal_name": "LATERAL C",
        "station_m": 7514,
        "elevation_m": 30.199
      }
    },
    {
      "type": "Feature",
      "id": 232,
      "geometry": {
        "type": "Point",
        "coordinates": [
          121.201486,
          13.354395
        ]
      },
      "properties": {
        "id": 232,
        "name": "LATERAL C1 THRESHER CROSSING (3+365.6)",
        "type": "Thresher Crossing",
        "structure": "THRESHER CROSSING",
        "station": "STA 3+365.6",
        "stationing": null,
        "ele": 16.257,
        "images": "DSC00695.jpg",
        "desc": null,
        "comment": null,
        "time": "2023-05-15",
        "Structure_Category": "Thresher Crossing",
        "canal_name": "LATERAL C",
        "station_m": 3365.6,
        "elevation_m": 16.257
      }
    },
    {
      "type": "Feature",
      "id": 275,
      "geometry": {
        "type": "Point",
        "coordinates": [
          121.182089,
          13.349581
        ]
      },
      "properties": {
        "id": 275,
        "name": "LATERAL C2 THRESHER CROSSING (0+544)",
        "type": "Thresher Crossing",
        "structure": "THRESHER CROSSING",
        "station": "STA 0+544.0",
        "stationing": null,
        "ele": 77.159,
        "images": "DSC00702.jpg",
        "desc": null,
        "comment": null,
        "time": "2023-05-18",
        "Structure_Category": "Thresher Crossing",
        "canal_name": "LATERAL C",
        "station_m": 544,
        "elevation_m": 77.159
      }
    },
    {
      "type": "Feature",
      "id": 297,
      "geometry": {
        "type": "Point",
        "coordinates": [
          121.18135,
          13.365848
        ]
      },
      "properties": {
        "id": 297,
        "name": "LATERAL C4 THRESHER CROSSING (0+171)",
        "type": "Thresher Crossing",
        "structure": "THRESHER CROSSING",
        "station": "STA 0+171.0",
        "stationing": null,
        "ele": 40.472,
        "images": "DSC00724.jpg",
        "desc": null,
        "comment": null,
        "time": "2023-05-19",
        "Structure_Category": "Thresher Crossing",
        "canal_name": "LATERAL C",
        "station_m": 171,
        "elevation_m": 40.472
      }
    },
    {
      "type": "Feature",
      "id": 455,
      "geometry": {
        "type": "Point",
        "coordinates": [
          121.156344,
          13.348199
        ]
      },
      "properties": {
        "id": 455,
        "name": "LATERAL E THRESHER CROSSING (1+420.5)",
        "type": "Thresher Crossing",
        "structure": "THRESHER CROSSING",
        "station": "STA 1+420.5",
        "stationing": null,
        "ele": 9.942,
        "images": "DSC00779.jpg",
        "desc": null,
        "comment": null,
        "time": "2023-05-22",
        "Structure_Category": "Thresher Crossing",
        "canal_name": "LATERAL E",
        "station_m": 1420.5,
        "elevation_m": 9.942
      }
    },
    {
      "type": "Feature",
      "id": 464,
      "geometry": {
        "type": "Point",
        "coordinates": [
          121.15435,
          13.355604
        ]
      },
      "properties": {
        "id": 464,
        "name": "LATERAL E THRESHER CROSSING (2+293.9)",
        "type": "Thresher Crossing",
        "structure": "THRESHER CROSSING",
        "station": "STA 2+293.9",
        "stationing": null,
        "ele": 25.3,
        "images": "DSC00787.jpg",
        "desc": null,
        "comment": null,
        "time": "2023-05-22",
        "Structure_Category": "Thresher Crossing",
        "canal_name": "LATERAL E",
        "station_m": 2293.9,
        "elevation_m": 25.3
      }
    },
    {
      "type": "Feature",
      "id": 469,
      "geometry": {
        "type": "Point",
        "coordinates": [
          121.152758,
          13.36336
        ]
      },
      "properties": {
        "id": 469,
        "name": "LATERAL E THRESHER CROSSING (3+316)",
        "type": "Thresher Crossing",
        "structure": "THRESHER CROSSING",
        "station": "STA 3+316.0",
        "stationing": null,
        "ele": 8.501,
        "images": "DSC00794.jpg",
        "desc": null,
        "comment": null,
        "time": "2023-05-22",
        "Structure_Category": "Thresher Crossing",
        "canal_name": "LATERAL E",
        "station_m": 3316,
        "elevation_m": 8.501
      }
    },
    {
      "type": "Feature",
      "id": 288,
      "geometry": {
        "type": "Point",
        "coordinates": [
          121.188747,
          13.363693
        ]
      },
      "properties": {
        "id": 288,
        "name": "LATERAL C3 INLET ROAD CROSSING (0+830)",
        "type": "Inlet",
        "structure": "INLET RD X-ING",
        "station": "STA 0+830.0",
        "stationing": null,
        "ele": 30.547,
        "images": "DSC00715.jpg",
        "desc": null,
        "comment": null,
        "time": "2023-05-19",
        "Structure_Category": "Inlet",
        "canal_name": "LATERAL C",
        "station_m": 830,
        "elevation_m": 30.547
      }
    },
    {
      "type": "Feature",
      "id": 460,
      "geometry": {
        "type": "Point",
        "coordinates": [
          121.155526,
          13.351197
        ]
      },
      "properties": {
        "id": 460,
        "name": "LATERAL E TURN IN (1+767.3)",
        "type": "Inlet",
        "structure": "TURN IN",
        "station": "STA 1+767.3",
        "stationing": null,
        "ele": 38.13,
        "images": "DSC00783.jpg",
        "desc": null,
        "comment": null,
        "time": "2023-05-22",
        "Structure_Category": "Inlet",
        "canal_name": "LATERAL E",
        "station_m": 1767.3,
        "elevation_m": 38.13
      }
    },
    {
      "type": "Feature",
      "id": 466,
      "geometry": {
        "type": "Point",
        "coordinates": [
          121.152947,
          13.361787
        ]
      },
      "properties": {
        "id": 466,
        "name": "LATERAL E LATERAL E1 HEADGATE (3+070.5)",
        "type": "Head Gate",
        "structure": "LATERAL E1 HEADGATE",
        "station": "STA 3+070.5",
        "stationing": null,
        "ele": 9.159,
        "images": "DSC00791.jpg",
        "desc": null,
        "comment": null,
        "time": "2023-05-22",
        "Structure_Category": "Head Gate",
        "canal_name": "LATERAL E",
        "station_m": 3070.5,
        "elevation_m": 9.159
      }
    },
    {
      "type": "Feature",
      "id": 296,
      "geometry": {
        "type": "Point",
        "coordinates": [
          121.182722,
          13.365859
        ]
      },
      "properties": {
        "id": 296,
        "name": "LATERAL C4 PARSHALL FLUEME (0+23.5)",
        "type": "Flume",
        "structure": "PARSHALL FLUME",
        "station": "STA 0+023.5",
        "stationing": null,
        "ele": 42.123,
        "images": "DSC00723.jpg",
        "desc": null,
        "comment": null,
        "time": "2023-05-19",
        "Structure_Category": "Parshall Flume",
        "canal_name": "LATERAL C",
        "station_m": 23.5,
        "elevation_m": 42.123
      }
    },
    {
      "type": "Feature",
      "id": 457,
      "geometry": {
        "type": "Point",
        "coordinates": [
          121.156097,
          13.349018
        ]
      },
      "properties": {
        "id": 457,
        "name": "LATERAL E PARSHALL FLUME (1+510.3)",
        "type": "Flume",
        "structure": "PARSHALL FLUME",
        "station": "STA 1+510.3",
        "stationing": null,
        "ele": 54.755,
        "images": "DSC00780.jpg",
        "desc": null,
        "comment": null,
        "time": "2023-05-22",
        "Structure_Category": "Parshall Flume",
        "canal_name": "LATERAL E",
        "station_m": 1510.3,
        "elevation_m": 54.755
      }
    },
    {
      "type": "Feature",
      "id": 268,
      "geometry": {
        "type": "Point",
        "coordinates": [
          121.177412,
          13.345381
        ]
      },
      "properties": {
        "id": 268,
        "name": "LATERAL C TO 11 (4+636)",
        "type": "Turnout",
        "structure": "TURNOUT",
        "station": "STA 4+636.0",
        "stationing": null,
        "ele": 60.966,
        "images": "DSC00654.jpg",
        "desc": null,
        "comment": null,
        "time": "2023-05-12",
        "Structure_Category": "Turnout (TO)",
        "canal_name": "LATERAL C",
        "station_m": 4636,
        "elevation_m": 60.966
      }
    },
    {
      "type": "Feature",
      "id": 269,
      "geometry": {
        "type": "Point",
        "coordinates": [
          121.177686,
          13.34749
        ]
      },
      "properties": {
        "id": 269,
        "name": "LATERAL C COMBI TRESHER CROSSING & LATERAL C2 HEADGATE (4+874)",
        "type": "Head Gate",
        "structure": "COMBI THR X-ING & LAT C2 HGATE",
        "station": "STA 4+874.0",
        "stationing": null,
        "ele": 57.028,
        "images": "DSC00698.jpg",
        "desc": null,
        "comment": null,
        "time": "2023-05-12",
        "Structure_Category": "Head Gate",
        "canal_name": "LATERAL C",
        "station_m": 4874,
        "elevation_m": 57.028
      }
    },
    {
      "type": "Feature",
      "id": 549,
      "geometry": {
        "type": "Point",
        "coordinates": [
          121.221846,
          13.356936
        ]
      },
      "properties": {
        "id": 549,
        "name": "LATERAL B2A ROAD CROSSING (3+620.3)",
        "type": "Road Crossing",
        "structure": "RD X-ING",
        "station": "STA 3+620.3",
        "stationing": null,
        "ele": 20.134,
        "images": "DSC00627.jpg",
        "desc": null,
        "comment": "2023-05-24 11:30:43am",
        "time": "2023-05-24",
        "Structure_Category": "Road Crossing",
        "canal_name": "LATERAL B",
        "station_m": 3620.3,
        "elevation_m": 20.134
      }
    },
    {
      "type": "Feature",
      "id": 625,
      "geometry": {
        "type": "Point",
        "coordinates": [
          121.140356,
          13.263028
        ]
      },
      "properties": {
        "id": 625,
        "name": "LATERAL AA ROAD CROSSING (1+997+5)",
        "type": "Road Crossing",
        "structure": "RD X-ING",
        "station": "STA 1+997.0",
        "stationing": null,
        "ele": 38.206,
        "images": "DSC00873.jpg",
        "desc": null,
        "comment": null,
        "time": "2023-07-17",
        "Structure_Category": "Road Crossing",
        "canal_name": "LATERAL A",
        "station_m": 1997,
        "elevation_m": 38.206
      }
    },
    {
      "type": "Feature",
      "id": 379,
      "geometry": {
        "type": "Point",
        "coordinates": [
          121.197525,
          13.336202
        ]
      },
      "properties": {
        "id": 379,
        "name": "LATERAL B1 OUTLET ROAD CROSSING (2+424)",
        "type": "Outlet",
        "structure": "OUTLET RD X-ING",
        "station": "STA 2+424.0",
        "stationing": null,
        "ele": 13.08,
        "images": "DSC00575.jpg",
        "desc": null,
        "comment": "2023-05-18 9:52:59am",
        "time": "2023-05-18",
        "Structure_Category": "Outlet",
        "canal_name": "LATERAL B",
        "station_m": 2424,
        "elevation_m": 13.08
      }
    },
    {
      "type": "Feature",
      "id": 388,
      "geometry": {
        "type": "Point",
        "coordinates": [
          121.204532,
          13.332085
        ]
      },
      "properties": {
        "id": 388,
        "name": "LATERAL B2 OUTLET ROAD CROSSING (0+701.8)",
        "type": "Outlet",
        "structure": "OUTLET RD X-ING",
        "station": "STA 0+701.8",
        "stationing": null,
        "ele": 19.696,
        "images": "DSC00584.jpg",
        "desc": null,
        "comment": "2023-05-19 10:22:53am",
        "time": "2023-05-19",
        "Structure_Category": "Outlet",
        "canal_name": "LATERAL B",
        "station_m": 701.8,
        "elevation_m": 19.696
      }
    },
    {
      "type": "Feature",
      "id": 390,
      "geometry": {
        "type": "Point",
        "coordinates": [
          121.205558,
          13.334948
        ]
      },
      "properties": {
        "id": 390,
        "name": "LATERAL B2 OUTLET (1+106)",
        "type": "Outlet",
        "structure": "OUTLET",
        "station": "STA 1+106.0",
        "stationing": null,
        "ele": 19.343,
        "images": "DSC00586.jpg",
        "desc": null,
        "comment": "2023-05-19 10:29:33am",
        "time": "2023-05-19",
        "Structure_Category": "Outlet",
        "canal_name": "LATERAL B",
        "station_m": 1106,
        "elevation_m": 19.343
      }
    },
    {
      "type": "Feature",
      "id": 529,
      "geometry": {
        "type": "Point",
        "coordinates": [
          121.207339,
          13.334427
        ]
      },
      "properties": {
        "id": 529,
        "name": "LATERAL B2A OUTLET ROAD CROSSING (0+251.6)",
        "type": "Outlet",
        "structure": "OUTLET RD X-ING",
        "station": "STA 0+251.6",
        "stationing": null,
        "ele": 11.855,
        "images": "DSC00608.jpg",
        "desc": null,
        "comment": "2023-05-23 9:40:16am",
        "time": "2023-05-23",
        "Structure_Category": "Outlet",
        "canal_name": "LATERAL B",
        "station_m": 251.6,
        "elevation_m": 11.855
      }
    },
    {
      "type": "Feature",
      "id": 543,
      "geometry": {
        "type": "Point",
        "coordinates": [
          121.215886,
          13.337493
        ]
      },
      "properties": {
        "id": 543,
        "name": "LATERAL B2A-1 OUTLET ROAD CROSSING (0+246.8)",
        "type": "Outlet",
        "structure": "OUTLET RD X-ING",
        "station": "STA 0+246.8",
        "stationing": null,
        "ele": 12.718,
        "images": "DSC00622.jpg",
        "desc": null,
        "comment": "2023-05-24 9:22:16am",
        "time": "2023-05-24",
        "Structure_Category": "Outlet",
        "canal_name": "LATERAL B",
        "station_m": 246.8,
        "elevation_m": 12.718
      }
    },
    {
      "type": "Feature",
      "id": 547,
      "geometry": {
        "type": "Point",
        "coordinates": [
          121.220282,
          13.340162
        ]
      },
      "properties": {
        "id": 547,
        "name": "LATERAL B2A-1 OUTLET ROAD CROSSING (1+000)",
        "type": "Outlet",
        "structure": "OUTLET RD X-ING",
        "station": "STA 1+000.0",
        "stationing": null,
        "ele": 10.449,
        "images": "DSC00626.jpg",
        "desc": null,
        "comment": "2023-05-24 9:38:59am",
        "time": "2023-05-24",
        "Structure_Category": "Outlet",
        "canal_name": "LATERAL B",
        "station_m": 1000,
        "elevation_m": 10.449
      }
    },
    {
      "type": "Feature",
      "id": 383,
      "geometry": {
        "type": "Point",
        "coordinates": [
          121.196627,
          13.341932
        ]
      },
      "properties": {
        "id": 383,
        "name": "LATERAL B1 END OF CANAL (3+086)",
        "type": "Other Structures",
        "structure": "END OF CANAL",
        "station": "STA 3+086.0",
        "stationing": null,
        "ele": 12.961,
        "images": "DSC00579.jpg",
        "desc": null,
        "comment": "2023-05-18 10:05:52am",
        "time": "2023-05-18",
        "Structure_Category": "Other Structures",
        "canal_name": "LATERAL B",
        "station_m": 3086,
        "elevation_m": 12.961
      }
    },
    {
      "type": "Feature",
      "id": 860,
      "geometry": {
        "type": "Point",
        "coordinates": [
          121.111967,
          13.305599
        ]
      },
      "properties": {
        "id": 860,
        "name": "BAYOG LATERAL A4 TO 3 (0+385)",
        "type": "Turnout",
        "structure": "TURNOUT",
        "station": "STA 0+385.0",
        "stationing": null,
        "ele": 62,
        "images": "DSC01138.jpg",
        "desc": null,
        "comment": null,
        "time": "2023-08-25",
        "Structure_Category": "Turnout (TO)",
        "canal_name": "BAYOG SUB LATERAL A4",
        "station_m": 385,
        "elevation_m": 62
      }
    },
    {
      "type": "Feature",
      "id": 495,
      "geometry": {
        "type": "Point",
        "coordinates": [
          121.228882,
          13.328593
        ]
      },
      "properties": {
        "id": 495,
        "name": "LATERAL B3 END OF CONCRETE CANAL (0+755.5)",
        "type": "Other Structures",
        "structure": "END OF CONCRETE CANAL",
        "station": "STA 0+755.5",
        "stationing": null,
        "ele": 11.013,
        "images": "DSC00821.jpg",
        "desc": null,
        "comment": null,
        "time": "2023-05-24",
        "Structure_Category": "Other Structures",
        "canal_name": "LATERAL B",
        "station_m": 755.5,
        "elevation_m": 11.013
      }
    },
    {
      "type": "Feature",
      "id": 367,
      "geometry": {
        "type": "Point",
        "coordinates": [
          121.189121,
          13.32811
        ]
      },
      "properties": {
        "id": 367,
        "name": "LATERAL B1 COMBI THRESHER CROSSING & TO 1 (1+096)",
        "type": "Turnout",
        "structure": "COMBI THR X-ING & TURNOUT",
        "station": "STA 1+096.0",
        "stationing": null,
        "ele": 11.435,
        "images": "DSC00563.jpg",
        "desc": null,
        "comment": "2023-05-18 9:23:39am",
        "time": "2023-05-18",
        "Structure_Category": "Turnout (TO)",
        "canal_name": "LATERAL B",
        "station_m": 1096,
        "elevation_m": 11.435
      }
    },
    {
      "type": "Feature",
      "id": 530,
      "geometry": {
        "type": "Point",
        "coordinates": [
          121.210286,
          13.336927
        ]
      },
      "properties": {
        "id": 530,
        "name": "LATERAL B2A COMBI CHECK THRESHER CROSSING & TO 2 (0+682.5)",
        "type": "Turnout",
        "structure": "COMBI CHECK & THR X-ING & TURNOUT",
        "station": "STA 0+682.5",
        "stationing": null,
        "ele": 8.19,
        "images": "DSC00609.jpg",
        "desc": null,
        "comment": "2023-05-23 9:52:20am",
        "time": "2023-05-23",
        "Structure_Category": "Turnout (TO)",
        "canal_name": "LATERAL B",
        "station_m": 682.5,
        "elevation_m": 8.19
      }
    },
    {
      "type": "Feature",
      "id": 532,
      "geometry": {
        "type": "Point",
        "coordinates": [
          121.215528,
          13.341913
        ]
      },
      "properties": {
        "id": 532,
        "name": "LATERAL B2A COMBI THRESHER CROSSING & TO 3 (1+624)",
        "type": "Turnout",
        "structure": "COMBI THR X-ING & TURNOUT",
        "station": "STA 1+624.0",
        "stationing": null,
        "ele": 8.693,
        "images": "DSC00611.jpg",
        "desc": null,
        "comment": "2023-05-23 10:20:03am",
        "time": "2023-05-23",
        "Structure_Category": "Turnout (TO)",
        "canal_name": "LATERAL B",
        "station_m": 1624,
        "elevation_m": 8.693
      }
    },
    {
      "type": "Feature",
      "id": 542,
      "geometry": {
        "type": "Point",
        "coordinates": [
          121.20709,
          13.334268
        ]
      },
      "properties": {
        "id": 542,
        "name": "LATERAL B2A COMBI INLET ROAD CROSSING & TO 1 (0+228.8)",
        "type": "Turnout",
        "structure": "COMBI INLET RD X-ING & TURNOUT",
        "station": "STA 0+228.8",
        "stationing": null,
        "ele": 11.269,
        "images": "DSC00621.jpg",
        "desc": null,
        "comment": "2023-05-24 9:19:08am",
        "time": "2023-05-24",
        "Structure_Category": "Turnout (TO)",
        "canal_name": "LATERAL B",
        "station_m": 228.8,
        "elevation_m": 11.269
      }
    },
    {
      "type": "Feature",
      "id": 493,
      "geometry": {
        "type": "Point",
        "coordinates": [
          121.228386,
          13.328229
        ]
      },
      "properties": {
        "id": 493,
        "name": "LATERAL B3 COMBI THRESHER CROSSING & TO 2 (0+683.3)",
        "type": "Turnout",
        "structure": "COMBI THR X-ING & TURNOUT",
        "station": "STA 0+683.3",
        "stationing": null,
        "ele": 13.783,
        "images": "DSC00819.jpg",
        "desc": null,
        "comment": null,
        "time": "2023-05-24",
        "Structure_Category": "Turnout (TO)",
        "canal_name": "LATERAL B",
        "station_m": 683.3,
        "elevation_m": 13.783
      }
    },
    {
      "type": "Feature",
      "id": 546,
      "geometry": {
        "type": "Point",
        "coordinates": [
          121.220209,
          13.34014
        ]
      },
      "properties": {
        "id": 546,
        "name": "LATERAL B2A-1 COMBI INLET ROAD CROSSING & TO 2 (0+993)",
        "type": "Turnout",
        "structure": "COMBI INLET RD X-ING & TURNOUT",
        "station": "STA 0+993.0",
        "stationing": null,
        "ele": 10.736,
        "images": "DSC00625.jpg",
        "desc": null,
        "comment": "2023-05-24 9:37:10am",
        "time": "2023-05-24",
        "Structure_Category": "Turnout (TO)",
        "canal_name": "LATERAL B",
        "station_m": 993,
        "elevation_m": 10.736
      }
    },
    {
      "type": "Feature",
      "id": 365,
      "geometry": {
        "type": "Point",
        "coordinates": [
          121.186604,
          13.32272
        ]
      },
      "properties": {
        "id": 365,
        "name": "LATERAL B1 THRESHER CROSSING (0+408.2)",
        "type": "Thresher Crossing",
        "structure": "THRESHER CROSSING",
        "station": "STA 0+408.2",
        "stationing": null,
        "ele": 10.896,
        "images": "DSC00561.jpg",
        "desc": null,
        "comment": "2023-05-18 9:17:01am",
        "time": "2023-05-18",
        "Structure_Category": "Thresher Crossing",
        "canal_name": "LATERAL B",
        "station_m": 408.2,
        "elevation_m": 10.896
      }
    },
    {
      "type": "Feature",
      "id": 380,
      "geometry": {
        "type": "Point",
        "coordinates": [
          121.197853,
          13.338668
        ]
      },
      "properties": {
        "id": 380,
        "name": "LATERAL B1 THRESHER CROSSING (2+700)",
        "type": "Thresher Crossing",
        "structure": "THRESHER CROSSING",
        "station": "STA 2+700.0",
        "stationing": null,
        "ele": 12.045,
        "images": "DSC00576.jpg",
        "desc": null,
        "comment": "2023-05-18 9:57:18am",
        "time": "2023-05-18",
        "Structure_Category": "Thresher Crossing",
        "canal_name": "LATERAL B",
        "station_m": 2700,
        "elevation_m": 12.045
      }
    },
    {
      "type": "Feature",
      "id": 402,
      "geometry": {
        "type": "Point",
        "coordinates": [
          121.21196,
          13.35791
        ]
      },
      "properties": {
        "id": 402,
        "name": "LATERAL B2 THRESHER CROSSING (3+850)",
        "type": "Thresher Crossing",
        "structure": "THRESHER CROSSING",
        "station": "STA 3+850.0",
        "stationing": null,
        "ele": 0.296,
        "images": "DSC00598.jpg",
        "desc": null,
        "comment": "2023-05-19 11:20:50am",
        "time": "2023-05-19",
        "Structure_Category": "Thresher Crossing",
        "canal_name": "LATERAL B",
        "station_m": 3850,
        "elevation_m": 0.296
      }
    },
    {
      "type": "Feature",
      "id": 404,
      "geometry": {
        "type": "Point",
        "coordinates": [
          121.212515,
          13.358653
        ]
      },
      "properties": {
        "id": 404,
        "name": "LATERAL B2 THRESHER CROSSING (3+952)",
        "type": "Thresher Crossing",
        "structure": "THRESHER CROSSING",
        "station": "STA 3+952.0",
        "stationing": null,
        "ele": 8.655,
        "images": "DSC00600.jpg",
        "desc": null,
        "comment": "2023-05-19 11:24:18am",
        "time": "2023-05-19",
        "Structure_Category": "Thresher Crossing",
        "canal_name": "LATERAL B",
        "station_m": 3952,
        "elevation_m": 8.655
      }
    },
    {
      "type": "Feature",
      "id": 518,
      "geometry": {
        "type": "Point",
        "coordinates": [
          121.124266,
          13.384171
        ]
      },
      "properties": {
        "id": 518,
        "name": "LATERAL A7 THRESHER CROSSING (1+191)",
        "type": "Thresher Crossing",
        "structure": "THRESHER CROSSING",
        "station": "STA 1+191.0",
        "stationing": null,
        "ele": 6.04,
        "images": "DSC00844.jpg",
        "desc": null,
        "comment": null,
        "time": "2023-05-26",
        "Structure_Category": "Thresher Crossing",
        "canal_name": "LATERAL A",
        "station_m": 1191,
        "elevation_m": 6.04
      }
    },
    {
      "type": "Feature",
      "id": 534,
      "geometry": {
        "type": "Point",
        "coordinates": [
          121.216911,
          13.346479
        ]
      },
      "properties": {
        "id": 534,
        "name": "LATERAL B2A INLET ROAD CROSSING (2+228)",
        "type": "Inlet",
        "structure": "INLET RD X-ING",
        "station": "STA 2+228.0",
        "stationing": null,
        "ele": 10.771,
        "images": "DSC00613.jpg",
        "desc": null,
        "comment": "2023-05-23 10:46:07am",
        "time": "2023-05-23",
        "Structure_Category": "Inlet",
        "canal_name": "LATERAL B",
        "station_m": 2228,
        "elevation_m": 10.771
      }
    },
    {
      "type": "Feature",
      "id": 538,
      "geometry": {
        "type": "Point",
        "coordinates": [
          121.223472,
          13.355481
        ]
      },
      "properties": {
        "id": 538,
        "name": "LATERAL B2A INLET ROAD CROSSING (3+370)",
        "type": "Inlet",
        "structure": "INLET RD X-ING",
        "station": "STA 3+370.0",
        "stationing": null,
        "ele": 12.742,
        "images": "DSC00617.jpg",
        "desc": null,
        "comment": "2023-05-23 11:18:09am",
        "time": "2023-05-23",
        "Structure_Category": "Inlet",
        "canal_name": "LATERAL B",
        "station_m": 3370,
        "elevation_m": 12.742
      }
    },
    {
      "type": "Feature",
      "id": 364,
      "geometry": {
        "type": "Point",
        "coordinates": [
          121.188493,
          13.319782
        ]
      },
      "properties": {
        "id": 364,
        "name": "LATERAL B1 PARSHALL FLUME (0+011)",
        "type": "Flume",
        "structure": "PARSHALL FLUME",
        "station": "STA 0+011.0",
        "stationing": null,
        "ele": 11.006,
        "images": "DSC00560.jpg",
        "desc": null,
        "comment": "2023-05-18 9:12:39am",
        "time": "2023-05-18",
        "Structure_Category": "Parshall Flume",
        "canal_name": "LATERAL B",
        "station_m": 11,
        "elevation_m": 11.006
      }
    },
    {
      "type": "Feature",
      "id": 382,
      "geometry": {
        "type": "Point",
        "coordinates": [
          121.196899,
          13.341255
        ]
      },
      "properties": {
        "id": 382,
        "name": "LATERAL B1 CHECK STRUCTURE (3+006)",
        "type": "Check Structure",
        "structure": "CHECK STRUCTURE",
        "station": "STA 3+006.0",
        "stationing": null,
        "ele": 12.213,
        "images": "DSC00578.jpg",
        "desc": null,
        "comment": "2023-05-18 10:03:48am",
        "time": "2023-05-18",
        "Structure_Category": "Other Structures",
        "canal_name": "LATERAL B",
        "station_m": 3006,
        "elevation_m": 12.213
      }
    },
    {
      "type": "Feature",
      "id": 822,
      "geometry": {
        "type": "Point",
        "coordinates": [
          121.12985,
          13.382642
        ]
      },
      "properties": {
        "id": 822,
        "name": "LATERAL A8 TO 4 (0+504)",
        "type": "Turnout",
        "structure": "TURNOUT",
        "station": "STA 0+504.0",
        "stationing": null,
        "ele": 22.644,
        "images": "DSC01082.jpg",
        "desc": null,
        "comment": null,
        "time": "2023-08-14",
        "Structure_Category": "Turnout (TO)",
        "canal_name": "LATERAL A",
        "station_m": 504,
        "elevation_m": 22.644
      }
    },
    {
      "type": "Feature",
      "id": 831,
      "geometry": {
        "type": "Point",
        "coordinates": [
          121.131424,
          13.391194
        ]
      },
      "properties": {
        "id": 831,
        "name": "LATERAL A8 OUTLET ROAD CROSSING (1+578.7)",
        "type": "Outlet",
        "structure": "OUTLET RD X-ING",
        "station": "STA 1+578.7",
        "stationing": null,
        "ele": -17.021,
        "images": "DSC01091.jpg",
        "desc": null,
        "comment": null,
        "time": "2023-08-14",
        "Structure_Category": "Outlet",
        "canal_name": "LATERAL A",
        "station_m": 1578.7,
        "elevation_m": -17.021
      }
    },
    {
      "type": "Feature",
      "id": 829,
      "geometry": {
        "type": "Point",
        "coordinates": [
          121.131811,
          13.390408
        ]
      },
      "properties": {
        "id": 829,
        "name": "LATERAL A8 END OF CONCRETE CANAL (1+480.5)",
        "type": "Other Structures",
        "structure": "END OF CONCRETE CANAL",
        "station": "STA 1+480.5",
        "stationing": null,
        "ele": -22.402,
        "images": "DSC01089.jpg",
        "desc": null,
        "comment": null,
        "time": "2023-08-14",
        "Structure_Category": "Other Structures",
        "canal_name": "LATERAL A",
        "station_m": 1480.5,
        "elevation_m": -22.402
      }
    },
    {
      "type": "Feature",
      "id": 832,
      "geometry": {
        "type": "Point",
        "coordinates": [
          121.131371,
          13.391356
        ]
      },
      "properties": {
        "id": 832,
        "name": "LATERAL A8 END OF CANAL (1+598.5)",
        "type": "Other Structures",
        "structure": "END OF CANAL",
        "station": "STA 1+598.5",
        "stationing": null,
        "ele": -15.306,
        "images": "DSC01092.jpg",
        "desc": null,
        "comment": null,
        "time": "2023-08-14",
        "Structure_Category": "Other Structures",
        "canal_name": "LATERAL A",
        "station_m": 1598.5,
        "elevation_m": -15.306
      }
    },
    {
      "type": "Feature",
      "id": 830,
      "geometry": {
        "type": "Point",
        "coordinates": [
          121.131442,
          13.391157
        ]
      },
      "properties": {
        "id": 830,
        "name": "LATERAL A8 INLET ROAD CROSSING (1+569.5)",
        "type": "Inlet",
        "structure": "INLET RD X-ING",
        "station": "STA 1+569.5",
        "stationing": null,
        "ele": -20.244,
        "images": "DSC01090.jpg",
        "desc": null,
        "comment": null,
        "time": "2023-08-14",
        "Structure_Category": "Inlet",
        "canal_name": "LATERAL A",
        "station_m": 1569.5,
        "elevation_m": -20.244
      }
    },
    {
      "type": "Feature",
      "id": 739,
      "geometry": {
        "type": "Point",
        "coordinates": [
          121.142058,
          13.2742
        ]
      },
      "properties": {
        "id": 739,
        "name": "MAIN CANAL END SIPHON (5+681.6)",
        "type": "Siphon",
        "structure": "END SIPHON",
        "station": "STA 5+681.6",
        "stationing": null,
        "ele": 0,
        "images": null,
        "desc": null,
        "comment": null,
        "time": "2024-07-30",
        "Structure_Category": "Siphon",
        "canal_name": "MAIN CANAL",
        "station_m": 5681.6,
        "elevation_m": 0
      }
    },
    {
      "type": "Feature",
      "id": 663,
      "geometry": {
        "type": "Point",
        "coordinates": [
          121.156439,
          13.315859
        ]
      },
      "properties": {
        "id": 663,
        "name": "LATERAL A2 OUTLET ROAD CROSSING (2+022)",
        "type": "Outlet",
        "structure": "OUTLET RD X-ING",
        "station": "STA 2+022.0",
        "stationing": null,
        "ele": 26.276,
        "images": "DSC00910.jpg",
        "desc": null,
        "comment": null,
        "time": "2023-07-21",
        "Structure_Category": "Outlet",
        "canal_name": "LATERAL A",
        "station_m": 2022,
        "elevation_m": 26.276
      }
    },
    {
      "type": "Feature",
      "id": 735,
      "geometry": {
        "type": "Point",
        "coordinates": [
          121.127873,
          13.268757
        ]
      },
      "properties": {
        "id": 735,
        "name": "LATERAL A EXTENSION OUTLET (0+531.7)",
        "type": "Outlet",
        "structure": "OUTLET",
        "station": "STA 0+531.7",
        "stationing": null,
        "ele": 39.691,
        "images": "DSC00984.jpg",
        "desc": null,
        "comment": null,
        "time": "2023-08-08",
        "Structure_Category": "Outlet",
        "canal_name": "LATERAL A",
        "station_m": 531.7,
        "elevation_m": 39.691
      }
    },
    {
      "type": "Feature",
      "id": 743,
      "geometry": {
        "type": "Point",
        "coordinates": [
          121.122191,
          13.268664
        ]
      },
      "properties": {
        "id": 743,
        "name": "LATERAL A EXTENSION OUTLET BAYOG CHECKGATE (1+182)",
        "type": "Outlet",
        "structure": "COMBI OUTLET & BAYOG CHECKGATE",
        "station": "STA 1+182.0",
        "stationing": null,
        "ele": 30.752,
        "images": "DSC00992.jpg",
        "desc": null,
        "comment": null,
        "time": "2023-08-08",
        "Structure_Category": "Outlet",
        "canal_name": "LATERAL A",
        "station_m": 1182,
        "elevation_m": 30.752
      }
    },
    {
      "type": "Feature",
      "id": 745,
      "geometry": {
        "type": "Point",
        "coordinates": [
          121.120432,
          13.268835
        ]
      },
      "properties": {
        "id": 745,
        "name": "LATERAL A EXTENSION OUTLET SIPHON (1+385.2)",
        "type": "Outlet",
        "structure": "OUTLET SIPHON",
        "station": "STA 1+385.2",
        "stationing": null,
        "ele": 32.836,
        "images": "DSC00994.jpg",
        "desc": null,
        "comment": null,
        "time": "2023-08-08",
        "Structure_Category": "Outlet",
        "canal_name": "LATERAL A",
        "station_m": 1385.2,
        "elevation_m": 32.836
      }
    },
    {
      "type": "Feature",
      "id": 670,
      "geometry": {
        "type": "Point",
        "coordinates": [
          121.155641,
          13.323094
        ]
      },
      "properties": {
        "id": 670,
        "name": "LATERAL A2 END OF CANAL (2+888)",
        "type": "Other Structures",
        "structure": "END OF CANAL",
        "station": "STA 2+888.0",
        "stationing": null,
        "ele": -76.994,
        "images": "DSC00919.jpg",
        "desc": null,
        "comment": null,
        "time": "2023-07-24",
        "Structure_Category": "Other Structures",
        "canal_name": "LATERAL A",
        "station_m": 2888,
        "elevation_m": -76.994
      }
    },
    {
      "type": "Feature",
      "id": 680,
      "geometry": {
        "type": "Point",
        "coordinates": [
          121.151079,
          13.329003
        ]
      },
      "properties": {
        "id": 680,
        "name": "LATERAL A3 END OF CANAL (1+172.6)",
        "type": "Other Structures",
        "structure": "END OF CANAL",
        "station": "STA 1+172.6",
        "stationing": null,
        "ele": 88.611,
        "images": "DSC00929.jpg",
        "desc": null,
        "comment": null,
        "time": "2023-07-24",
        "Structure_Category": "Other Structures",
        "canal_name": "LATERAL A",
        "station_m": 1172.6,
        "elevation_m": 88.611
      }
    },
    {
      "type": "Feature",
      "id": 678,
      "geometry": {
        "type": "Point",
        "coordinates": [
          121.150689,
          13.325645
        ]
      },
      "properties": {
        "id": 678,
        "name": "LATERAL A3 INLET ROAD CROSSING (0+790.7)",
        "type": "Inlet",
        "structure": "INLET RD X-ING",
        "station": "STA 0+790.7",
        "stationing": null,
        "ele": 23.776,
        "images": "DSC00927.jpg",
        "desc": null,
        "comment": null,
        "time": "2023-07-24",
        "Structure_Category": "Inlet",
        "canal_name": "LATERAL A",
        "station_m": 790.7,
        "elevation_m": 23.776
      }
    },
    {
      "type": "Feature",
      "id": 688,
      "geometry": {
        "type": "Point",
        "coordinates": [
          121.136494,
          13.325168
        ]
      },
      "properties": {
        "id": 688,
        "name": "LATERAL A4 COMBI CHECK & TURN IN (0+877.2)",
        "type": "Inlet",
        "structure": "COMBI CHECK & TURN IN",
        "station": "STA 0+877.2",
        "stationing": null,
        "ele": 67.508,
        "images": "DSC00937.jpg",
        "desc": null,
        "comment": null,
        "time": "2023-07-24",
        "Structure_Category": "Inlet",
        "canal_name": "LATERAL A",
        "station_m": 877.2,
        "elevation_m": 67.508
      }
    },
    {
      "type": "Feature",
      "id": 690,
      "geometry": {
        "type": "Point",
        "coordinates": [
          121.135088,
          13.326262
        ]
      },
      "properties": {
        "id": 690,
        "name": "LATERAL A4 CHECK (1+072.7)",
        "type": "Check Structure",
        "structure": "CHECK",
        "station": "STA 1+072.7",
        "stationing": null,
        "ele": 21.488,
        "images": "DSC00939.jpg",
        "desc": null,
        "comment": null,
        "time": "2023-07-24",
        "Structure_Category": "Other Structures",
        "canal_name": "LATERAL A",
        "station_m": 1072.7,
        "elevation_m": 21.488
      }
    },
    {
      "type": "Feature",
      "id": 709,
      "geometry": {
        "type": "Point",
        "coordinates": [
          121.157736,
          13.299124
        ]
      },
      "properties": {
        "id": 709,
        "name": "LATERAL A1 PARSHALL FLUME (0+026.3)",
        "type": "Flume",
        "structure": "PARSHALL FLUME",
        "station": "STA 0+026.3",
        "stationing": null,
        "ele": 12.581,
        "images": "DSC00959.jpg",
        "desc": null,
        "comment": null,
        "time": "2023-07-27",
        "Structure_Category": "Parshall Flume",
        "canal_name": "LATERAL A",
        "station_m": 26.3,
        "elevation_m": 12.581
      }
    },
    {
      "type": "Feature",
      "id": 736,
      "geometry": {
        "type": "Point",
        "coordinates": [
          121.126964,
          13.268956
        ]
      },
      "properties": {
        "id": 736,
        "name": "LATERAL A EXTENSION DRAINAGE CROSSING (0+631.5)",
        "type": "Drainage",
        "structure": "DRAINAGE CROSSING",
        "station": "STA 0+631.5",
        "stationing": null,
        "ele": 39.475,
        "images": "DSC00985.jpg",
        "desc": null,
        "comment": null,
        "time": "2023-08-08",
        "Structure_Category": "Drainage",
        "canal_name": "LATERAL A",
        "station_m": 631.5,
        "elevation_m": 39.475
      }
    },
    {
      "type": "Feature",
      "id": 742,
      "geometry": {
        "type": "Point",
        "coordinates": [
          121.122439,
          13.268496
        ]
      },
      "properties": {
        "id": 742,
        "name": "LATERAL A EXTENSION INLET BAYOG CHECKGATE (1+150)",
        "type": "Check Gate",
        "structure": "INLET BAYOG CHECKGATE",
        "station": "STA 1+150.0",
        "stationing": null,
        "ele": 33.198,
        "images": "DSC00991.jpg",
        "desc": null,
        "comment": null,
        "time": "2023-08-08",
        "Structure_Category": "Other Structures",
        "canal_name": "LATERAL A",
        "station_m": 1150,
        "elevation_m": 33.198
      }
    },
    {
      "type": "Feature",
      "id": 660,
      "geometry": {
        "type": "Point",
        "coordinates": [
          121.156862,
          13.313832
        ]
      },
      "properties": {
        "id": 660,
        "name": "LATERAL A2 COMBI INLET ROAD CROSSING & TO 6 (1+804)",
        "type": "Turnout",
        "structure": "COMBI INLET RD X-ING & TURNOUT",
        "station": "STA 1+804.0",
        "stationing": null,
        "ele": 7.251,
        "images": "DSC00907.jpg",
        "desc": null,
        "comment": null,
        "time": "2023-07-21",
        "Structure_Category": "Turnout (TO)",
        "canal_name": "LATERAL A",
        "station_m": 1804,
        "elevation_m": 7.251
      }
    },
    {
      "type": "Feature",
      "id": 651,
      "geometry": {
        "type": "Point",
        "coordinates": [
          121.159309,
          13.311776
        ]
      },
      "properties": {
        "id": 651,
        "name": "LATERAL A2 THRESHER CROSSING (1+433)",
        "type": "Thresher Crossing",
        "structure": "THRESHER CROSSING",
        "station": "STA 1+433.0",
        "stationing": null,
        "ele": 42.093,
        "images": "DSC00898.jpg",
        "desc": null,
        "comment": null,
        "time": "2023-07-21",
        "Structure_Category": "Thresher Crossing",
        "canal_name": "LATERAL A",
        "station_m": 1433,
        "elevation_m": 42.093
      }
    },
    {
      "type": "Feature",
      "id": 659,
      "geometry": {
        "type": "Point",
        "coordinates": [
          121.157564,
          13.312957
        ]
      },
      "properties": {
        "id": 659,
        "name": "LATERAL A2 BULLCART 6 (1+662)",
        "type": "Thresher Crossing",
        "structure": "THRESHER CROSSING",
        "station": "STA 1+662.0",
        "stationing": null,
        "ele": 6.04,
        "images": "DSC00906.jpg",
        "desc": null,
        "comment": null,
        "time": "2023-07-21",
        "Structure_Category": "Thresher Crossing",
        "canal_name": "LATERAL A",
        "station_m": 1662,
        "elevation_m": 6.04
      }
    },
    {
      "type": "Feature",
      "id": 664,
      "geometry": {
        "type": "Point",
        "coordinates": [
          121.155796,
          13.317431
        ]
      },
      "properties": {
        "id": 664,
        "name": "LATERAL A2 BULLCART 7 (2+214)",
        "type": "Thresher Crossing",
        "structure": "THRESHER CROSSING",
        "station": "STA 2+214.0",
        "stationing": null,
        "ele": -0.05,
        "images": "DSC00912.jpg",
        "desc": null,
        "comment": null,
        "time": "2023-07-24",
        "Structure_Category": "Thresher Crossing",
        "canal_name": "LATERAL A",
        "station_m": 2214,
        "elevation_m": -0.05
      }
    },
    {
      "type": "Feature",
      "id": 672,
      "geometry": {
        "type": "Point",
        "coordinates": [
          121.149345,
          13.319597
        ]
      },
      "properties": {
        "id": 672,
        "name": "LATERAL A3 BULLCART 1 (0+108.6)",
        "type": "Thresher Crossing",
        "structure": "THRESHER CROSSING",
        "station": "STA 0+108.6",
        "stationing": null,
        "ele": 22.639,
        "images": "DSC00921.jpg",
        "desc": null,
        "comment": null,
        "time": "2023-07-24",
        "Structure_Category": "Thresher Crossing",
        "canal_name": "LATERAL A",
        "station_m": 108.6,
        "elevation_m": 22.639
      }
    },
    {
      "type": "Feature",
      "id": 676,
      "geometry": {
        "type": "Point",
        "coordinates": [
          121.150624,
          13.325258
        ]
      },
      "properties": {
        "id": 676,
        "name": "LATERAL A3 THRESHER CROSSING (0+754.7)",
        "type": "Thresher Crossing",
        "structure": "THRESHER CROSSING",
        "station": "STA 0+754.7",
        "stationing": null,
        "ele": 23.342,
        "images": "DSC00925.jpg",
        "desc": null,
        "comment": null,
        "time": "2023-07-24",
        "Structure_Category": "Thresher Crossing",
        "canal_name": "LATERAL A",
        "station_m": 754.7,
        "elevation_m": 23.342
      }
    },
    {
      "type": "Feature",
      "id": 740,
      "geometry": {
        "type": "Point",
        "coordinates": [
          121.124819,
          13.268465
        ]
      },
      "properties": {
        "id": 740,
        "name": "LATERAL A EXTENSION BULLCART 1 (0+883.4)",
        "type": "Thresher Crossing",
        "structure": "THRESHER CROSSING",
        "station": "STA 0+883.4",
        "stationing": null,
        "ele": 40.009,
        "images": "DSC00989.jpg",
        "desc": null,
        "comment": null,
        "time": "2023-08-08",
        "Structure_Category": "Thresher Crossing",
        "canal_name": "LATERAL A",
        "station_m": 883.4,
        "elevation_m": 40.009
      }
    },
    {
      "type": "Feature",
      "id": 750,
      "geometry": {
        "type": "Point",
        "coordinates": [
          121.116341,
          13.269611
        ]
      },
      "properties": {
        "id": 750,
        "name": "LATERAL A EXTENSION OUTLET ROAD CROSSING (1+850)",
        "type": "Outlet",
        "structure": "OUTLET RD X-ING",
        "station": "STA 1+850.0",
        "stationing": null,
        "ele": 30.291,
        "images": "DSC00998.jpg",
        "desc": null,
        "comment": null,
        "time": "2023-08-08",
        "Structure_Category": "Outlet",
        "canal_name": "LATERAL A",
        "station_m": 1850,
        "elevation_m": 30.291
      }
    },
    {
      "type": "Feature",
      "id": 746,
      "geometry": {
        "type": "Point",
        "coordinates": [
          121.118922,
          13.268757
        ]
      },
      "properties": {
        "id": 746,
        "name": "LATERAL A EXTENSION INLET ROAD CROSSING (1+560)",
        "type": "Inlet",
        "structure": "INLET RD X-ING",
        "station": "STA 1+560.0",
        "stationing": null,
        "ele": 33.266,
        "images": "DSC00995.jpg",
        "desc": null,
        "comment": null,
        "time": "2023-08-08",
        "Structure_Category": "Inlet",
        "canal_name": "LATERAL A",
        "station_m": 1560,
        "elevation_m": 33.266
      }
    },
    {
      "type": "Feature",
      "id": 776,
      "geometry": {
        "type": "Point",
        "coordinates": [
          121.119694,
          13.289666
        ]
      },
      "properties": {
        "id": 776,
        "name": "BAYOG LATERAL A3 PARSHALL FLUME (0+023.7)",
        "type": "Flume",
        "structure": "PARSHALL FLUME",
        "station": "STA 0+023.7",
        "stationing": null,
        "ele": 37.13,
        "images": "DSC01028.jpg",
        "desc": null,
        "comment": null,
        "time": "2023-08-10",
        "Structure_Category": "Parshall Flume",
        "canal_name": "BAYOG SUB LATERAL A3",
        "station_m": 23.7,
        "elevation_m": 37.13
      }
    },
    {
      "type": "Feature",
      "id": 752,
      "geometry": {
        "type": "Point",
        "coordinates": [
          121.114268,
          13.277509
        ]
      },
      "properties": {
        "id": 752,
        "name": "LATERAL A EXTENSION COMBI INLET ROAD CROSSING & TO 2 (2+807)",
        "type": "Turnout",
        "structure": "COMBI INLET RD X-ING & TURNOUT",
        "station": "STA 2+807.0",
        "stationing": null,
        "ele": 35.228,
        "images": "DSC01000.jpg",
        "desc": null,
        "comment": null,
        "time": "2023-08-08",
        "Structure_Category": "Turnout (TO)",
        "canal_name": "LATERAL A",
        "station_m": 2807,
        "elevation_m": 35.228
      }
    },
    {
      "type": "Feature",
      "id": 755,
      "geometry": {
        "type": "Point",
        "coordinates": [
          121.115187,
          13.281854
        ]
      },
      "properties": {
        "id": 755,
        "name": "LATERAL A EXTENSION COMBI THRESHER CROSSING & TO 3 (3+300)",
        "type": "Turnout",
        "structure": "COMBI THR X-ING & TURNOUT",
        "station": "STA 3+300.0",
        "stationing": null,
        "ele": 33.852,
        "images": "DSC01003.jpg",
        "desc": null,
        "comment": null,
        "time": "2023-08-08",
        "Structure_Category": "Turnout (TO)",
        "canal_name": "LATERAL A",
        "station_m": 3300,
        "elevation_m": 33.852
      }
    },
    {
      "type": "Feature",
      "id": 778,
      "geometry": {
        "type": "Point",
        "coordinates": [
          121.122016,
          13.291603
        ]
      },
      "properties": {
        "id": 778,
        "name": "BAYOG LATERAL A3 COMBI ROAD CROSSING & TO 1 (0+362)",
        "type": "Turnout",
        "structure": "COMBI INLET RD X-ING & TURNOUT",
        "station": "STA 0+362.0",
        "stationing": null,
        "ele": 31.79,
        "images": "DSC01030.jpg",
        "desc": null,
        "comment": null,
        "time": "2023-08-10",
        "Structure_Category": "Turnout (TO)",
        "canal_name": "BAYOG SUB LATERAL A3",
        "station_m": 362,
        "elevation_m": 31.79
      }
    },
    {
      "type": "Feature",
      "id": 782,
      "geometry": {
        "type": "Point",
        "coordinates": [
          121.124635,
          13.29612
        ]
      },
      "properties": {
        "id": 782,
        "name": "BAYOG LATERAL A3 COMBI THRESHER CROSSING & TO 4 (0+962)",
        "type": "Turnout",
        "structure": "COMBI THR X-ING & TURNOUT",
        "station": "STA 0+962.0",
        "stationing": null,
        "ele": 50.941,
        "images": "DSC01035.jpg",
        "desc": null,
        "comment": null,
        "time": "2023-08-11",
        "Structure_Category": "Turnout (TO)",
        "canal_name": "BAYOG SUB LATERAL A3",
        "station_m": 962,
        "elevation_m": 50.941
      }
    },
    {
      "type": "Feature",
      "id": 783,
      "geometry": {
        "type": "Point",
        "coordinates": [
          121.125568,
          13.297715
        ]
      },
      "properties": {
        "id": 783,
        "name": "BAYOG LATERAL A3 COMBI CHECK & TO 5 (1+164)",
        "type": "Turnout",
        "structure": "COMBI CHECK & TURNOUT",
        "station": "STA 1+164.0",
        "stationing": null,
        "ele": 45.994,
        "images": "DSC01036.jpg",
        "desc": null,
        "comment": null,
        "time": "2023-08-11",
        "Structure_Category": "Turnout (TO)",
        "canal_name": "BAYOG SUB LATERAL A3",
        "station_m": 1164,
        "elevation_m": 45.994
      }
    },
    {
      "type": "Feature",
      "id": 789,
      "geometry": {
        "type": "Point",
        "coordinates": [
          121.125403,
          13.306953
        ]
      },
      "properties": {
        "id": 789,
        "name": "BAYOG LATERAL A3 TO 7 (2+210.4)",
        "type": "Turnout",
        "structure": "TURNOUT",
        "station": "STA 2+210.4",
        "stationing": null,
        "ele": 104.255,
        "images": "DSC01042.jpg",
        "desc": null,
        "comment": null,
        "time": "2023-08-11",
        "Structure_Category": "Turnout (TO)",
        "canal_name": "BAYOG SUB LATERAL A3",
        "station_m": 2210.4,
        "elevation_m": 104.255
      }
    },
    {
      "type": "Feature",
      "id": 700,
      "geometry": {
        "type": "Point",
        "coordinates": [
          121.137841,
          13.340881
        ]
      },
      "properties": {
        "id": 700,
        "name": "LATERAL A5 COMBI CHECK & THRESHER CROSSING & TO 1 (0+296.2)",
        "type": "Turnout",
        "structure": "COMBI CHECK & THR X-ING & TURNOUT",
        "station": "STA 0+296.2",
        "stationing": null,
        "ele": 37.93,
        "images": "DSC00950.jpg",
        "desc": null,
        "comment": null,
        "time": "2023-07-25",
        "Structure_Category": "Turnout (TO)",
        "canal_name": "LATERAL A",
        "station_m": 296.2,
        "elevation_m": 37.93
      }
    },
    {
      "type": "Feature",
      "id": 703,
      "geometry": {
        "type": "Point",
        "coordinates": [
          121.13349,
          13.342797
        ]
      },
      "properties": {
        "id": 703,
        "name": "LATERAL A5 COMBI THRESHER CROSSING & TO 3 (0+803.3)",
        "type": "Turnout",
        "structure": "COMBI THR X-ING & TURNOUT",
        "station": "STA 0+803.3",
        "stationing": null,
        "ele": 31.136,
        "images": "DSC00953.jpg",
        "desc": null,
        "comment": null,
        "time": "2023-07-25",
        "Structure_Category": "Turnout (TO)",
        "canal_name": "LATERAL A",
        "station_m": 803.3,
        "elevation_m": 31.136
      }
    },
    {
      "type": "Feature",
      "id": 751,
      "geometry": {
        "type": "Point",
        "coordinates": [
          121.113687,
          13.276363
        ]
      },
      "properties": {
        "id": 751,
        "name": "LATERAL A EXTENSION TO 1 (2+670)",
        "type": "Turnout",
        "structure": "TURNOUT",
        "station": "STA 2+670.0",
        "stationing": null,
        "ele": 59.985,
        "images": "DSC00999.jpg",
        "desc": null,
        "comment": null,
        "time": "2023-08-08",
        "Structure_Category": "Turnout (TO)",
        "canal_name": "LATERAL A",
        "station_m": 2670,
        "elevation_m": 59.985
      }
    },
    {
      "type": "Feature",
      "id": 777,
      "geometry": {
        "type": "Point",
        "coordinates": [
          121.121189,
          13.290803
        ]
      },
      "properties": {
        "id": 777,
        "name": "BAYOG LATERAL A3 THRESHER CROSSING (0+230)",
        "type": "Thresher Crossing",
        "structure": "THRESHER CROSSING",
        "station": "STA 0+230.0",
        "stationing": null,
        "ele": 32.395,
        "images": "DSC01029.jpg",
        "desc": null,
        "comment": null,
        "time": "2023-08-10",
        "Structure_Category": "Thresher Crossing",
        "canal_name": "BAYOG SUB LATERAL A3",
        "station_m": 230,
        "elevation_m": 32.395
      }
    },
    {
      "type": "Feature",
      "id": 754,
      "geometry": {
        "type": "Point",
        "coordinates": [
          121.114742,
          13.28029
        ]
      },
      "properties": {
        "id": 754,
        "name": "LATERAL A EXTENSION THRESHER CROSSING (3+123)",
        "type": "Thresher Crossing",
        "structure": "THRESHER CROSSING",
        "station": "STA 3+123.0",
        "stationing": null,
        "ele": 33.388,
        "images": "DSC01002.jpg",
        "desc": null,
        "comment": null,
        "time": "2023-08-08",
        "Structure_Category": "Thresher Crossing",
        "canal_name": "LATERAL A",
        "station_m": 3123,
        "elevation_m": 33.388
      }
    },
    {
      "type": "Feature",
      "id": 827,
      "geometry": {
        "type": "Point",
        "coordinates": [
          121.132146,
          13.389339
        ]
      },
      "properties": {
        "id": 827,
        "name": "LATERAL A8 THRESHER CROSSING (1+352.8)",
        "type": "Thresher Crossing",
        "structure": "THRESHER CROSSING",
        "station": "STA 1+352.8",
        "stationing": null,
        "ele": 19.228,
        "images": "DSC01087.jpg",
        "desc": null,
        "comment": null,
        "time": "2023-08-14",
        "Structure_Category": "Thresher Crossing",
        "canal_name": "LATERAL A",
        "station_m": 1352.8,
        "elevation_m": 19.228
      }
    },
    {
      "type": "Feature",
      "id": 467,
      "geometry": {
        "type": "Point",
        "coordinates": [
          121.152564,
          13.362
        ]
      },
      "properties": {
        "id": 467,
        "name": "LATERAL E THRESHER CROSSING (3+136)",
        "type": "Road Crossing",
        "structure": "THRESHER CROSSING",
        "station": "STA 3+136.0",
        "stationing": null,
        "ele": 10.155,
        "images": "DSC00792.jpg",
        "desc": null,
        "comment": null,
        "time": "2023-05-22",
        "Structure_Category": "Road Crossing",
        "canal_name": "LATERAL E",
        "station_m": 3136,
        "elevation_m": 10.155
      }
    },
    {
      "type": "Feature",
      "id": 482,
      "geometry": {
        "type": "Point",
        "coordinates": [
          121.19663,
          13.342438
        ]
      },
      "properties": {
        "id": 482,
        "name": "KILO-KILO DAM MAIN CANAL ROAD CROSSING (0+313.6)",
        "type": "Road Crossing",
        "structure": "RD X-ING",
        "station": "STA 0+313.6",
        "stationing": null,
        "ele": 11.618,
        "images": "DSC00807.jpg",
        "desc": null,
        "comment": null,
        "time": "2023-05-24",
        "Structure_Category": "Road Crossing",
        "canal_name": "KILO-KILO DAM MAIN CANAL",
        "station_m": 313.6,
        "elevation_m": 11.618
      }
    },
    {
      "type": "Feature",
      "id": 787,
      "geometry": {
        "type": "Point",
        "coordinates": [
          121.126491,
          13.305014
        ]
      },
      "properties": {
        "id": 787,
        "name": "BAYOG LATERAL A3 INLET ROAD CROSSING (2+000)",
        "type": "Inlet",
        "structure": "INLET RD X-ING",
        "station": "STA 2+000.0",
        "stationing": null,
        "ele": 116.315,
        "images": "DSC01040.jpg",
        "desc": null,
        "comment": null,
        "time": "2023-08-11",
        "Structure_Category": "Inlet",
        "canal_name": "BAYOG SUB LATERAL A3",
        "station_m": 2000,
        "elevation_m": 116.315
      }
    },
    {
      "type": "Feature",
      "id": 385,
      "geometry": {
        "type": "Point",
        "coordinates": [
          121.203158,
          13.326268
        ]
      },
      "properties": {
        "id": 385,
        "name": "LATERAL B2 PARSHALL FLUME (0+022.6)",
        "type": "Flume",
        "structure": "PARSHALL FLUME",
        "station": "STA 0+022.6",
        "stationing": null,
        "ele": 31.232,
        "images": "DSC00581.jpg",
        "desc": null,
        "comment": "2023-05-19 10:07:18am",
        "time": "2023-05-19",
        "Structure_Category": "Parshall Flume",
        "canal_name": "LATERAL B",
        "station_m": 22.6,
        "elevation_m": 31.232
      }
    },
    {
      "type": "Feature",
      "id": 806,
      "geometry": {
        "type": "Point",
        "coordinates": [
          121.136361,
          13.357971
        ]
      },
      "properties": {
        "id": 806,
        "name": "LATERAL A6 INLET ROAD CROSSING (0+158)",
        "type": "Road Crossing",
        "structure": "INLET RD X-ING",
        "station": "STA 0+158.0",
        "stationing": null,
        "ele": 24.82,
        "images": "DSC01059.jpg",
        "desc": null,
        "comment": null,
        "time": "2023-08-14",
        "Structure_Category": "Road Crossing",
        "canal_name": "LATERAL A",
        "station_m": 158,
        "elevation_m": 24.82
      }
    },
    {
      "type": "Feature",
      "id": 817,
      "geometry": {
        "type": "Point",
        "coordinates": [
          121.130613,
          13.378709
        ]
      },
      "properties": {
        "id": 817,
        "name": "LATERAL A8 PARSHALL FLUME (0+031)",
        "type": "Flume",
        "structure": "PARSHALL FLUME",
        "station": "STA 0+031.0",
        "stationing": null,
        "ele": 16.828,
        "images": "DSC01077.jpg",
        "desc": null,
        "comment": null,
        "time": "2023-08-14",
        "Structure_Category": "Parshall Flume",
        "canal_name": "LATERAL A",
        "station_m": 31,
        "elevation_m": 16.828
      }
    },
    {
      "type": "Feature",
      "id": 349,
      "geometry": {
        "type": "Point",
        "coordinates": [
          121.218003,
          13.324022
        ]
      },
      "properties": {
        "id": 349,
        "name": "LATERAL B COMBI THRESHER CROSSING & TO 14 (6+962)",
        "type": "Turnout",
        "structure": "COMBI THR X-ING & TURNOUT",
        "station": "STA 6+962.0",
        "stationing": null,
        "ele": 23.221,
        "images": "DSC00544.jpg",
        "desc": null,
        "comment": "2023-05-15 12:35:09pm",
        "time": "2023-05-15",
        "Structure_Category": "Turnout (TO)",
        "canal_name": "LATERAL B",
        "station_m": 6962,
        "elevation_m": 23.221
      }
    },
    {
      "type": "Feature",
      "id": 392,
      "geometry": {
        "type": "Point",
        "coordinates": [
          121.206403,
          13.335887
        ]
      },
      "properties": {
        "id": 392,
        "name": "LATERAL B2 ROAD CROSSING (1+242)",
        "type": "Outlet",
        "structure": "RD X-ING",
        "station": "STA 1+242.0",
        "stationing": null,
        "ele": 19.652,
        "images": "DSC00588.jpg",
        "desc": null,
        "comment": "2023-05-19 10:32:59am",
        "time": "2023-05-19",
        "Structure_Category": "Outlet",
        "canal_name": "LATERAL B",
        "station_m": 1242,
        "elevation_m": 19.652
      }
    },
    {
      "type": "Feature",
      "id": 708,
      "geometry": {
        "type": "Point",
        "coordinates": [
          121.157969,
          13.299253
        ]
      },
      "properties": {
        "id": 708,
        "name": "LATERAL A1 OUTLET ROAD CROSSING (0+000)",
        "type": "Outlet",
        "structure": "OUTLET RD X-ING",
        "station": "STA 0+000.0",
        "stationing": null,
        "ele": 12.631,
        "images": "DSC00958.jpg",
        "desc": null,
        "comment": null,
        "time": "2023-07-27",
        "Structure_Category": "Outlet",
        "canal_name": "LATERAL A",
        "station_m": 0,
        "elevation_m": 12.631
      }
    },
    {
      "type": "Feature",
      "id": 788,
      "geometry": {
        "type": "Point",
        "coordinates": [
          121.126508,
          13.305077
        ]
      },
      "properties": {
        "id": 788,
        "name": "BAYOG LATERAL A3 OUTLET ROAD CROSSING (2+004)",
        "type": "Outlet",
        "structure": "OUTLET RD X-ING",
        "station": "STA 2+004.0",
        "stationing": null,
        "ele": 114.813,
        "images": "DSC01041.jpg",
        "desc": null,
        "comment": null,
        "time": "2023-08-11",
        "Structure_Category": "Outlet",
        "canal_name": "BAYOG SUB LATERAL A3",
        "station_m": 2004,
        "elevation_m": 114.813
      }
    },
    {
      "type": "Feature",
      "id": 794,
      "geometry": {
        "type": "Point",
        "coordinates": [
          121.123285,
          13.316834
        ]
      },
      "properties": {
        "id": 794,
        "name": "BAYOG LATERAL A3 OUTLET ROAD CROSSING (3+584)",
        "type": "Outlet",
        "structure": "OUTLET RD X-ING",
        "station": "STA 3+584.0",
        "stationing": null,
        "ele": 22.451,
        "images": "DSC01047.jpg",
        "desc": null,
        "comment": null,
        "time": "2023-08-11",
        "Structure_Category": "Outlet",
        "canal_name": "BAYOG SUB LATERAL A3",
        "station_m": 3584,
        "elevation_m": 22.451
      }
    },
    {
      "type": "Feature",
      "id": 667,
      "geometry": {
        "type": "Point",
        "coordinates": [
          121.156019,
          13.320144
        ]
      },
      "properties": {
        "id": 667,
        "name": "LATERAL A2 TO 7 (2+546)",
        "type": "Turnout",
        "structure": "TURNOUT",
        "station": "STA 2+546.0",
        "stationing": null,
        "ele": 3.934,
        "images": "DSC00916.jpg",
        "desc": null,
        "comment": null,
        "time": "2023-07-24",
        "Structure_Category": "Turnout (TO)",
        "canal_name": "LATERAL A",
        "station_m": 2546,
        "elevation_m": 3.934
      }
    },
    {
      "type": "Feature",
      "id": 785,
      "geometry": {
        "type": "Point",
        "coordinates": [
          121.12671,
          13.30293
        ]
      },
      "properties": {
        "id": 785,
        "name": "BAYOG LATERAL A3 COMBI INLET ROAD CROSSING & TO 6 (1+766)",
        "type": "Turnout",
        "structure": "COMBI INLET RD X-ING & TURNOUT",
        "station": "STA 1+766.0",
        "stationing": null,
        "ele": 41.058,
        "images": "DSC01038.jpg",
        "desc": null,
        "comment": null,
        "time": "2023-08-11",
        "Structure_Category": "Turnout (TO)",
        "canal_name": "BAYOG SUB LATERAL A3",
        "station_m": 1766,
        "elevation_m": 41.058
      }
    },
    {
      "type": "Feature",
      "id": 791,
      "geometry": {
        "type": "Point",
        "coordinates": [
          121.121591,
          13.313362
        ]
      },
      "properties": {
        "id": 791,
        "name": "BAYOG LATERAL A3 COMBI INLET ROAD CROSSING & TO 8 (3+140)",
        "type": "Turnout",
        "structure": "COMBI INLET RD X-ING & TURNOUT",
        "station": "STA 3+140.0",
        "stationing": null,
        "ele": 79.216,
        "images": "DSC01044.jpg",
        "desc": null,
        "comment": null,
        "time": "2023-08-11",
        "Structure_Category": "Turnout (TO)",
        "canal_name": "BAYOG SUB LATERAL A3",
        "station_m": 3140,
        "elevation_m": 79.216
      }
    },
    {
      "type": "Feature",
      "id": 330,
      "geometry": {
        "type": "Point",
        "coordinates": [
          121.199603,
          13.325528
        ]
      },
      "properties": {
        "id": 330,
        "name": "LATERAL B COMBI THRESHER CROSSING & TO (4+800)",
        "type": "Turnout",
        "structure": "COMBI THR X-ING & TURNOUT",
        "station": "STA 4+800.0",
        "stationing": null,
        "ele": 25.127,
        "images": "DSC00525.jpg",
        "desc": null,
        "comment": "2023-05-15 11:31:09am",
        "time": "2023-05-15",
        "Structure_Category": "Turnout (TO)",
        "canal_name": "LATERAL B",
        "station_m": 4800,
        "elevation_m": 25.127
      }
    },
    {
      "type": "Feature",
      "id": 804,
      "geometry": {
        "type": "Point",
        "coordinates": [
          121.137855,
          13.354914
        ]
      },
      "properties": {
        "id": 804,
        "name": "LATERAL A6 COMBI OUTLET ROAD C ROSSING & TO 1 (0+646.5)",
        "type": "Turnout",
        "structure": "COMBI OUTLET RD X-ING & TURNOUT",
        "station": "STA 0+646.5",
        "stationing": null,
        "ele": 29.248,
        "images": "DSC01057.jpg",
        "desc": null,
        "comment": null,
        "time": "2023-08-14",
        "Structure_Category": "Turnout (TO)",
        "canal_name": "LATERAL A",
        "station_m": 646.5,
        "elevation_m": 29.248
      }
    },
    {
      "type": "Feature",
      "id": 818,
      "geometry": {
        "type": "Point",
        "coordinates": [
          121.129843,
          13.380866
        ]
      },
      "properties": {
        "id": 818,
        "name": "LATERAL A8 TO 1 (0+301.7)",
        "type": "Turnout",
        "structure": "TURNOUT",
        "station": "STA 0+301.7",
        "stationing": null,
        "ele": 13.831,
        "images": "DSC01078.jpg",
        "desc": null,
        "comment": null,
        "time": "2023-08-14",
        "Structure_Category": "Turnout (TO)",
        "canal_name": "LATERAL A",
        "station_m": 301.7,
        "elevation_m": 13.831
      }
    },
    {
      "type": "Feature",
      "id": 337,
      "geometry": {
        "type": "Point",
        "coordinates": [
          121.205483,
          13.325393
        ]
      },
      "properties": {
        "id": 337,
        "name": "LATERAL B THRESHER CROSSING (5+484)",
        "type": "Thresher Crossing",
        "structure": "THRESHER CROSSING",
        "station": "STA 5+484.0",
        "stationing": null,
        "ele": 24.413,
        "images": "DSC00532.jpg",
        "desc": null,
        "comment": "2023-05-15 11:46:17am",
        "time": "2023-05-15",
        "Structure_Category": "Thresher Crossing",
        "canal_name": "LATERAL B",
        "station_m": 5484,
        "elevation_m": 24.413
      }
    },
    {
      "type": "Feature",
      "id": 800,
      "geometry": {
        "type": "Point",
        "coordinates": [
          121.140512,
          13.351262
        ]
      },
      "properties": {
        "id": 800,
        "name": "LATERAL A6 BULLCART 1 (0+139.4)",
        "type": "Thresher Crossing",
        "structure": "THRESHER CROSSING",
        "station": "STA 0+139.4",
        "stationing": null,
        "ele": -176.72,
        "images": "DSC01053.jpg",
        "desc": null,
        "comment": null,
        "time": "2023-08-14",
        "Structure_Category": "Thresher Crossing",
        "canal_name": "LATERAL A",
        "station_m": 139.4,
        "elevation_m": -176.72
      }
    },
    {
      "type": "Feature",
      "id": 807,
      "geometry": {
        "type": "Point",
        "coordinates": [
          121.136462,
          13.358067
        ]
      },
      "properties": {
        "id": 807,
        "name": "LATERAL A6 OUTLET ROAD CROSSING (1+075.2)",
        "type": "Outlet",
        "structure": "OUTLET RD X-ING",
        "station": "STA 1+075.2",
        "stationing": null,
        "ele": 25.421,
        "images": "DSC01060.jpg",
        "desc": null,
        "comment": null,
        "time": "2023-08-14",
        "Structure_Category": "Outlet",
        "canal_name": "LATERAL A",
        "station_m": 1075.2,
        "elevation_m": 25.421
      }
    },
    {
      "type": "Feature",
      "id": 731,
      "geometry": {
        "type": "Point",
        "coordinates": [
          121.137683,
          13.313984
        ]
      },
      "properties": {
        "id": 731,
        "name": "LATERAL A1 END OF CANAL (3+554)",
        "type": "Other Structures",
        "structure": "END OF CANAL",
        "station": "STA 3+554.0",
        "stationing": null,
        "ele": 19.001,
        "images": "DSC00980.jpg",
        "desc": null,
        "comment": null,
        "time": "2023-07-27",
        "Structure_Category": "Other Structures",
        "canal_name": "LATERAL A",
        "station_m": 3554,
        "elevation_m": 19.001
      }
    },
    {
      "type": "Feature",
      "id": 795,
      "geometry": {
        "type": "Point",
        "coordinates": [
          121.123082,
          13.317511
        ]
      },
      "properties": {
        "id": 795,
        "name": "BAYOG LATERAL A3 END OF CANAL (3+666)",
        "type": "Other Structures",
        "structure": "END OF CANAL",
        "station": "STA 3+666.0",
        "stationing": null,
        "ele": 22.554,
        "images": "DSC01048.jpg",
        "desc": null,
        "comment": null,
        "time": "2023-08-11",
        "Structure_Category": "Other Structures",
        "canal_name": "BAYOG SUB LATERAL A3",
        "station_m": 3666,
        "elevation_m": 22.554
      }
    },
    {
      "type": "Feature",
      "id": 356,
      "geometry": {
        "type": "Point",
        "coordinates": [
          121.227508,
          13.334045
        ]
      },
      "properties": {
        "id": 356,
        "name": "LATERAL B INLET ROAD CROSSING (8+520)",
        "type": "Inlet",
        "structure": "INLET RD X-ING",
        "station": "STA 8+520.0",
        "stationing": null,
        "ele": 12.874,
        "images": "DSC00552.jpg",
        "desc": null,
        "comment": "2023-05-17 9:30:00am",
        "time": "2023-05-17",
        "Structure_Category": "Inlet",
        "canal_name": "LATERAL B",
        "station_m": 8520,
        "elevation_m": 12.874
      }
    },
    {
      "type": "Feature",
      "id": 613,
      "geometry": {
        "type": "Point",
        "coordinates": [
          121.129619,
          13.254426
        ]
      },
      "properties": {
        "id": 613,
        "name": "LATERAL AA INLET ROAD CROSSING (0+152.4)",
        "type": "Inlet",
        "structure": "INLET RD X-ING",
        "station": "STA 0+152.4",
        "stationing": null,
        "ele": 45.528,
        "images": "DSC00861.jpg",
        "desc": null,
        "comment": null,
        "time": "2023-07-17",
        "Structure_Category": "Inlet",
        "canal_name": "LATERAL A",
        "station_m": 152.4,
        "elevation_m": 45.528
      }
    },
    {
      "type": "Feature",
      "id": 848,
      "geometry": {
        "type": "Point",
        "coordinates": [
          121.104711,
          13.285775
        ]
      },
      "properties": {
        "id": 848,
        "name": "BAYOG LATERAL A2 ROAD CROSSING (2+629.7)",
        "type": "Road Crossing",
        "structure": "RD X-ING",
        "station": "STA 2+629.7",
        "stationing": null,
        "ele": 54.206,
        "images": "DSC01130.jpg",
        "desc": null,
        "comment": null,
        "time": "2023-06-23",
        "Structure_Category": "Road Crossing",
        "canal_name": "BAYOG SUB LATERAL A2",
        "station_m": 2629.7,
        "elevation_m": 54.206
      }
    },
    {
      "type": "Feature",
      "id": 821,
      "geometry": {
        "type": "Point",
        "coordinates": [
          121.12991,
          13.382066
        ]
      },
      "properties": {
        "id": 821,
        "name": "LATERAL A8 OUTLET ROAD CROSSING (0+439)",
        "type": "Outlet",
        "structure": "OUTLET RD X-ING",
        "station": "STA 0+439.0",
        "stationing": null,
        "ele": 15.093,
        "images": "DSC01081.jpg",
        "desc": null,
        "comment": null,
        "time": "2023-08-14",
        "Structure_Category": "Outlet",
        "canal_name": "LATERAL A",
        "station_m": 439,
        "elevation_m": 15.093
      }
    },
    {
      "type": "Feature",
      "id": 834,
      "geometry": {
        "type": "Point",
        "coordinates": [
          121.128038,
          13.268903
        ]
      },
      "properties": {
        "id": 834,
        "name": "BAYOG LATERAL A1 ROAD CROSSING (0+018)",
        "type": "Outlet",
        "structure": "OUTLET RD X-ING",
        "station": "STA 0+018.0",
        "stationing": null,
        "ele": 6.873,
        "images": "DSC01116.jpg",
        "desc": null,
        "comment": null,
        "time": "2023-08-23",
        "Structure_Category": "Outlet",
        "canal_name": "BAYOG SUB LATERAL A1",
        "station_m": 18,
        "elevation_m": 6.873
      }
    },
    {
      "type": "Feature",
      "id": 661,
      "geometry": {
        "type": "Point",
        "coordinates": [
          121.156806,
          13.313932
        ]
      },
      "properties": {
        "id": 661,
        "name": "LATERAL A2 OUTLET (1+822.2)",
        "type": "Outlet",
        "structure": "OUTLET",
        "station": "STA 1+822.2",
        "stationing": null,
        "ele": 25.827,
        "images": "DSC00908.jpg",
        "desc": null,
        "comment": null,
        "time": "2023-07-21",
        "Structure_Category": "Outlet",
        "canal_name": "LATERAL A",
        "station_m": 1822.2,
        "elevation_m": 25.827
      }
    },
    {
      "type": "Feature",
      "id": 566,
      "geometry": {
        "type": "Point",
        "coordinates": [
          121.151816,
          13.305888
        ]
      },
      "properties": {
        "id": 566,
        "name": "LATERAL A END OF CONCRETE CANAL (1+956)",
        "type": "Other Structures",
        "structure": "END OF CONCRETE CANAL",
        "station": "STA 1+956.0",
        "stationing": null,
        "ele": 17.506,
        "images": "DSC00645.jpg",
        "desc": null,
        "comment": "2023-05-25 10:11:09am",
        "time": "2023-05-25",
        "Structure_Category": "Other Structures",
        "canal_name": "LATERAL A",
        "station_m": 1956,
        "elevation_m": 17.506
      }
    },
    {
      "type": "Feature",
      "id": 687,
      "geometry": {
        "type": "Point",
        "coordinates": [
          121.136625,
          13.325038
        ]
      },
      "properties": {
        "id": 687,
        "name": "LATERAL A4 END OF CONCRETE CANAL (0+856.5)",
        "type": "Other Structures",
        "structure": "END OF CONCRETE CANAL",
        "station": "STA 0+856.5",
        "stationing": null,
        "ele": 69.39,
        "images": "DSC00936.jpg",
        "desc": null,
        "comment": null,
        "time": "2023-07-24",
        "Structure_Category": "Other Structures",
        "canal_name": "LATERAL A",
        "station_m": 856.5,
        "elevation_m": 69.39
      }
    },
    {
      "type": "Feature",
      "id": 573,
      "geometry": {
        "type": "Point",
        "coordinates": [
          121.144329,
          13.324304
        ]
      },
      "properties": {
        "id": 573,
        "name": "LATERAL A COMBI THRESHER CROSSING LATERAL A4 HEAD GATE (4+371)",
        "type": "Head Gate",
        "structure": "COMBI THR X-ING & LATERAL A4 HGATE",
        "station": "STA 4+371.0",
        "stationing": null,
        "ele": 17.101,
        "images": "DSC00652.jpg",
        "desc": null,
        "comment": "2023-05-25 10:38:06am",
        "time": "2023-05-25",
        "Structure_Category": "Head Gate",
        "canal_name": "LATERAL A",
        "station_m": 4371,
        "elevation_m": 17.101
      }
    },
    {
      "type": "Feature",
      "id": 682,
      "geometry": {
        "type": "Point",
        "coordinates": [
          121.144026,
          13.324098
        ]
      },
      "properties": {
        "id": 682,
        "name": "LATERAL A4 PARSHALL FLUME (0+026)",
        "type": "Flume",
        "structure": "PARSHALL FLUME",
        "station": "STA 0+026.0",
        "stationing": null,
        "ele": 99.187,
        "images": "DSC00931.jpg",
        "desc": null,
        "comment": null,
        "time": "2023-07-24",
        "Structure_Category": "Parshall Flume",
        "canal_name": "LATERAL A",
        "station_m": 26,
        "elevation_m": 99.187
      }
    },
    {
      "type": "Feature",
      "id": 852,
      "geometry": {
        "type": "Point",
        "coordinates": [
          121.110522,
          13.302839
        ]
      },
      "properties": {
        "id": 852,
        "name": "BAYOG LATERAL A4 PARSHALL FLUME (0+039.8)",
        "type": "Flume",
        "structure": "PARSHALL FLUME",
        "station": "STA 0+039.8",
        "stationing": null,
        "ele": 33.294,
        "images": "DSC01134.jpg",
        "desc": null,
        "comment": null,
        "time": "2023-08-23",
        "Structure_Category": "Parshall Flume",
        "canal_name": "BAYOG SUB LATERAL A4",
        "station_m": 39.8,
        "elevation_m": 33.294
      }
    },
    {
      "type": "Feature",
      "id": 854,
      "geometry": {
        "type": "Point",
        "coordinates": [
          121.128531,
          13.344358
        ]
      },
      "properties": {
        "id": 854,
        "name": "LATERAL A5 CUT & COVER (1+382)",
        "type": "Cut and Cover",
        "structure": "CUT AND COVER",
        "station": "STA 1+382.0",
        "stationing": null,
        "ele": 28.56,
        "images": "DSC01111.jpg",
        "desc": null,
        "comment": null,
        "time": "2023-08-22",
        "Structure_Category": "Other Structures",
        "canal_name": "LATERAL A",
        "station_m": 1382,
        "elevation_m": 28.56
      }
    },
    {
      "type": "Feature",
      "id": 486,
      "geometry": {
        "type": "Point",
        "coordinates": [
          121.198811,
          13.34498
        ]
      },
      "properties": {
        "id": 486,
        "name": "KILO-KILO DAM MAIN CANAL THRESHER CROSSING (0+696.8)",
        "type": "Thresher Crossing",
        "structure": "THRESHER CROSSING",
        "station": "STA 0+696.8",
        "stationing": null,
        "ele": 10.076,
        "images": "DSC00812.jpg",
        "desc": null,
        "comment": null,
        "time": "2023-05-24",
        "Structure_Category": "Thresher Crossing",
        "canal_name": "KILO-KILO DAM MAIN CANAL",
        "station_m": 696.8,
        "elevation_m": 10.076
      }
    },
    {
      "type": "Feature",
      "id": 497,
      "geometry": {
        "type": "Point",
        "coordinates": [
          121.231977,
          13.330978
        ]
      },
      "properties": {
        "id": 497,
        "name": "LATERAL B3 THRESHER CROSSING (1+179.5)",
        "type": "Thresher Crossing",
        "structure": "THRESHER CROSSING",
        "station": "STA 1+179.5",
        "stationing": null,
        "ele": 13.156,
        "images": "DSC00823.jpg",
        "desc": null,
        "comment": null,
        "time": "2023-05-24",
        "Structure_Category": "Thresher Crossing",
        "canal_name": "LATERAL B",
        "station_m": 1179.5,
        "elevation_m": 13.156
      }
    },
    {
      "type": "Feature",
      "id": 674,
      "geometry": {
        "type": "Point",
        "coordinates": [
          121.149937,
          13.32176
        ]
      },
      "properties": {
        "id": 674,
        "name": "LATERAL A3 BULLCART 3 (0+359)",
        "type": "Thresher Crossing",
        "structure": "THRESHER CROSSING",
        "station": "STA 0+359.0",
        "stationing": null,
        "ele": 23.566,
        "images": "DSC00923.jpg",
        "desc": null,
        "comment": null,
        "time": "2023-07-24",
        "Structure_Category": "Thresher Crossing",
        "canal_name": "LATERAL A",
        "station_m": 359,
        "elevation_m": 23.566
      }
    },
    {
      "type": "Feature",
      "id": 823,
      "geometry": {
        "type": "Point",
        "coordinates": [
          121.129653,
          13.385399
        ]
      },
      "properties": {
        "id": 823,
        "name": "LATERAL A8 THRESHER CROSSING (0+817.3)",
        "type": "Thresher Crossing",
        "structure": "THRESHER CROSSING",
        "station": "STA 0+817.3",
        "stationing": null,
        "ele": 19.253,
        "images": "DSC01083.jpg",
        "desc": null,
        "comment": null,
        "time": "2023-08-14",
        "Structure_Category": "Thresher Crossing",
        "canal_name": "LATERAL A",
        "station_m": 817.3,
        "elevation_m": 19.253
      }
    },
    {
      "type": "Feature",
      "id": 842,
      "geometry": {
        "type": "Point",
        "coordinates": [
          121.106461,
          13.280981
        ]
      },
      "properties": {
        "id": 842,
        "name": "BAYOG LATERAL A2 TO 1 (2+011.2)",
        "type": "Turnout",
        "structure": "TURNOUT",
        "station": "STA 2+011.2",
        "stationing": null,
        "ele": 64.135,
        "images": "DSC01124.jpg",
        "desc": null,
        "comment": null,
        "time": "2023-08-23",
        "Structure_Category": "Turnout (TO)",
        "canal_name": "BAYOG SUB LATERAL A2",
        "station_m": 2011.2,
        "elevation_m": 64.135
      }
    },
    {
      "type": "Feature",
      "id": 843,
      "geometry": {
        "type": "Point",
        "coordinates": [
          121.105696,
          13.282003
        ]
      },
      "properties": {
        "id": 843,
        "name": "BAYOG LATERAL A2 TO 2 (2+151)",
        "type": "Turnout",
        "structure": "TURNOUT",
        "station": "STA 2+151.0",
        "stationing": null,
        "ele": 62.255,
        "images": "DSC01125.jpg",
        "desc": null,
        "comment": null,
        "time": "2023-08-23",
        "Structure_Category": "Turnout (TO)",
        "canal_name": "BAYOG SUB LATERAL A2",
        "station_m": 2151,
        "elevation_m": 62.255
      }
    },
    {
      "type": "Feature",
      "id": 855,
      "geometry": {
        "type": "Point",
        "coordinates": [
          121.110577,
          13.303156
        ]
      },
      "properties": {
        "id": 855,
        "name": "BAYOG LATERAL A4 TO 1 (0+075)",
        "type": "Turnout",
        "structure": "TURNOUT",
        "station": "STA 0+075.0",
        "stationing": null,
        "ele": 78.122,
        "images": "DSC01135.jpg",
        "desc": null,
        "comment": null,
        "time": "2023-08-25",
        "Structure_Category": "Turnout (TO)",
        "canal_name": "BAYOG SUB LATERAL A4",
        "station_m": 75,
        "elevation_m": 78.122
      }
    },
    {
      "type": "Feature",
      "id": 861,
      "geometry": {
        "type": "Point",
        "coordinates": [
          121.112178,
          13.305924
        ]
      },
      "properties": {
        "id": 861,
        "name": "BAYOG LATERAL A4 TO 4 (0+424.5)",
        "type": "Turnout",
        "structure": "TURNOUT",
        "station": "STA 0+424.5",
        "stationing": null,
        "ele": 59.73,
        "images": "DSC01139.jpg",
        "desc": null,
        "comment": null,
        "time": "2023-08-25",
        "Structure_Category": "Turnout (TO)",
        "canal_name": "BAYOG SUB LATERAL A4",
        "station_m": 424.5,
        "elevation_m": 59.73
      }
    },
    {
      "type": "Feature",
      "id": 819,
      "geometry": {
        "type": "Point",
        "coordinates": [
          121.129828,
          13.381084
        ]
      },
      "properties": {
        "id": 819,
        "name": "LATERAL A8 TO 2 (0+327.1)",
        "type": "Turnout",
        "structure": "TURNOUT",
        "station": "STA 0+327.1",
        "stationing": null,
        "ele": 12.737,
        "images": "DSC01079.jpg",
        "desc": null,
        "comment": null,
        "time": "2023-08-14",
        "Structure_Category": "Turnout (TO)",
        "canal_name": "LATERAL A",
        "station_m": 327.1,
        "elevation_m": 12.737
      }
    },
    {
      "type": "Feature",
      "id": 369,
      "geometry": {
        "type": "Point",
        "coordinates": [
          121.193546,
          13.331465
        ]
      },
      "properties": {
        "id": 369,
        "name": "LATERAL B1 TO 2 (1+702)",
        "type": "Turnout",
        "structure": "TURNOUT",
        "station": "STA 1+702.0",
        "stationing": null,
        "ele": 12.067,
        "images": "DSC00565.jpg",
        "desc": null,
        "comment": "2023-05-18 9:33:31am",
        "time": "2023-05-18",
        "Structure_Category": "Turnout (TO)",
        "canal_name": "LATERAL B",
        "station_m": 1702,
        "elevation_m": 12.067
      }
    },
    {
      "type": "Feature",
      "id": 228,
      "geometry": {
        "type": "Point",
        "coordinates": [
          121.186763,
          13.343959
        ]
      },
      "properties": {
        "id": 228,
        "name": "LATERAL C1 COMBI THRESHER CROSSING & TO (1+311)",
        "type": "Turnout",
        "structure": "COMBI THR X-ING & TURNOUT",
        "station": "STA 1+311.0",
        "stationing": null,
        "ele": 13.417,
        "images": "DSC00691.jpg",
        "desc": null,
        "comment": null,
        "time": "2023-05-15",
        "Structure_Category": "Turnout (TO)",
        "canal_name": "LATERAL C",
        "station_m": 1311,
        "elevation_m": 13.417
      }
    },
    {
      "type": "Feature",
      "id": 276,
      "geometry": {
        "type": "Point",
        "coordinates": [
          121.183526,
          13.350259
        ]
      },
      "properties": {
        "id": 276,
        "name": "LATERAL C2 COMBI THRESHER CROSSING & TO2 (0+719.5)",
        "type": "Turnout",
        "structure": "COMBI THR X-ING & TURNOUT",
        "station": "STA 0+719.5",
        "stationing": null,
        "ele": 71.765,
        "images": "DSC00703.jpg",
        "desc": null,
        "comment": null,
        "time": "2023-05-18",
        "Structure_Category": "Turnout (TO)",
        "canal_name": "LATERAL C",
        "station_m": 719.5,
        "elevation_m": 71.765
      }
    },
    {
      "type": "Feature",
      "id": 4,
      "geometry": {
        "type": "Point",
        "coordinates": [
          121.12909,
          13.260925
        ]
      },
      "properties": {
        "id": 4,
        "name": "MAIN CANAL INLET ROAD CROSSING (3+463.8)",
        "type": "Thresher Crossing",
        "structure": "INLET RD X-ING",
        "station": "STA 3+463.8",
        "stationing": null,
        "ele": 24.203,
        "images": "DSC00424.jpg",
        "desc": null,
        "comment": null,
        "time": "2023-04-24",
        "Structure_Category": "Thresher Crossing",
        "canal_name": "MAIN CANAL",
        "station_m": 3463.8,
        "elevation_m": 24.203
      }
    },
    {
      "type": "Feature",
      "id": 306,
      "geometry": {
        "type": "Point",
        "coordinates": [
          121.168099,
          13.300934
        ]
      },
      "properties": {
        "id": 306,
        "name": "MAIN CANAL LATERAL B HEAD GATE (10+022)",
        "type": "Head Gate",
        "structure": "LATERAL B HEAD GATE",
        "station": "STA 10+022.0",
        "stationing": null,
        "ele": 18.999,
        "images": "DSC00500.jpg",
        "desc": null,
        "comment": "2023-05-12 9:53:43am",
        "time": "2023-05-12",
        "Structure_Category": "Head Gate",
        "canal_name": "MAIN CANAL",
        "station_m": 10022,
        "elevation_m": 18.999
      }
    },
    {
      "type": "Feature",
      "id": 763,
      "geometry": {
        "type": "Point",
        "coordinates": [
          121.170671,
          13.314052
        ]
      },
      "properties": {
        "id": 763,
        "name": "MAIN CANAL THRESHER CROSSING (11+752)",
        "type": "Thresher Crossing",
        "structure": "THRESHER CROSSING",
        "station": "STA 11+752.0",
        "stationing": null,
        "ele": 0,
        "images": null,
        "desc": null,
        "comment": null,
        "time": "2024-07-30",
        "Structure_Category": "Thresher Crossing",
        "canal_name": "MAIN CANAL",
        "station_m": 11752,
        "elevation_m": 0
      }
    },
    {
      "type": "Feature",
      "id": 541,
      "geometry": {
        "type": "Point",
        "coordinates": [
          121.213681,
          13.33775
        ]
      },
      "properties": {
        "id": 541,
        "name": "LATERAL B2A LATERAL B2A-1 HEADGATE (1+070)",
        "type": "Head Gate",
        "structure": "LATERAL B2A-1 HEADGATE",
        "station": "STA 1+070.0",
        "stationing": null,
        "ele": 18.55,
        "images": "DSC00620.jpg",
        "desc": null,
        "comment": "2023-05-24 9:12:45am",
        "time": "2023-05-24",
        "Structure_Category": "Head Gate",
        "canal_name": "LATERAL B",
        "station_m": 1070,
        "elevation_m": 18.55
      }
    },
    {
      "type": "Feature",
      "id": 853,
      "geometry": {
        "type": "Point",
        "coordinates": [
          121.129584,
          13.344251
        ]
      },
      "properties": {
        "id": 853,
        "name": "LATERAL A5 OUTLET ROAD CROSSING (1+263.8)",
        "type": "Outlet",
        "structure": "OUTLET RD X-ING",
        "station": "STA 1+263.8",
        "stationing": null,
        "ele": 33.927,
        "images": "DSC01110.jpg",
        "desc": null,
        "comment": null,
        "time": "2023-08-22",
        "Structure_Category": "Outlet",
        "canal_name": "LATERAL A",
        "station_m": 1263.8,
        "elevation_m": 33.927
      }
    },
    {
      "type": "Feature",
      "id": 862,
      "geometry": {
        "type": "Point",
        "coordinates": [
          121.112214,
          13.305985
        ]
      },
      "properties": {
        "id": 862,
        "name": "BAYOG LATERAL A4 START OF CONCRETE CANAL (0+434)",
        "type": "Other Structures",
        "structure": "START OF CONCRETE CANAL",
        "station": "STA 0+434.0",
        "stationing": null,
        "ele": 59.025,
        "images": "DSC01140.jpg",
        "desc": null,
        "comment": null,
        "time": "2023-08-25",
        "Structure_Category": "Other Structures",
        "canal_name": "BAYOG SUB LATERAL A4",
        "station_m": 434,
        "elevation_m": 59.025
      }
    },
    {
      "type": "Feature",
      "id": 875,
      "geometry": {
        "type": "Point",
        "coordinates": [
          121.115948,
          13.314792
        ]
      },
      "properties": {
        "id": 875,
        "name": "BAYOG LATERAL A4 END OF CANAL (1+528)",
        "type": "Other Structures",
        "structure": "END OF CANAL",
        "station": "STA 1+528.0",
        "stationing": null,
        "ele": 30.236,
        "images": "DSC01153.jpg",
        "desc": null,
        "comment": null,
        "time": "2023-08-25",
        "Structure_Category": "Other Structures",
        "canal_name": "BAYOG SUB LATERAL A4",
        "station_m": 1528,
        "elevation_m": 30.236
      }
    },
    {
      "type": "Feature",
      "id": 729,
      "geometry": {
        "type": "Point",
        "coordinates": [
          121.137817,
          13.313222
        ]
      },
      "properties": {
        "id": 729,
        "name": "LATERAL A1 INLET (3+478)",
        "type": "Inlet",
        "structure": "INLET",
        "station": "STA 3+478.0",
        "stationing": null,
        "ele": 17.865,
        "images": "DSC00978.jpg",
        "desc": null,
        "comment": null,
        "time": "2023-07-27",
        "Structure_Category": "Inlet",
        "canal_name": "LATERAL A",
        "station_m": 3478,
        "elevation_m": 17.865
      }
    },
    {
      "type": "Feature",
      "id": 797,
      "geometry": {
        "type": "Point",
        "coordinates": [
          121.140061,
          13.350319
        ]
      },
      "properties": {
        "id": 797,
        "name": "LATERAL A6 COMBI PARSHALL FLUME & TO (0+018)",
        "type": "Flume",
        "structure": "PARSHALL FLUME",
        "station": "STA 0+018.0",
        "stationing": null,
        "ele": -219.824,
        "images": "DSC01050.jpg",
        "desc": null,
        "comment": null,
        "time": "2023-08-14",
        "Structure_Category": "Parshall Flume",
        "canal_name": "LATERAL A",
        "station_m": 18,
        "elevation_m": -219.824
      }
    },
    {
      "type": "Feature",
      "id": 1000,
      "geometry": {
        "type": "Point",
        "coordinates": [
          121.167946,
          13.302515
        ]
      },
      "properties": {
        "id": 1000,
        "name": "MAIN CANAL THRESHER CROSSING (10+198)",
        "type": "Thresher Crossing",
        "structure": "THRESHER CROSSING",
        "station": "STA 10+198.0",
        "stationing": null,
        "ele": 0,
        "images": null,
        "desc": null,
        "comment": null,
        "time": "2024-07-30",
        "Structure_Category": "Thresher Crossing",
        "canal_name": "MAIN CANAL",
        "station_m": 10198,
        "elevation_m": 0
      }
    },
    {
      "type": "Feature",
      "id": 826,
      "geometry": {
        "type": "Point",
        "coordinates": [
          121.131693,
          13.388372
        ]
      },
      "properties": {
        "id": 826,
        "name": "LATERAL A8 THRESHER CROSSING (1+232.5)",
        "type": "Thresher Crossing",
        "structure": "THRESHER CROSSING",
        "station": "STA 1+232.5",
        "stationing": null,
        "ele": 19.616,
        "images": "DSC01086.jpg",
        "desc": null,
        "comment": null,
        "time": "2023-08-14",
        "Structure_Category": "Thresher Crossing",
        "canal_name": "LATERAL A",
        "station_m": 1232.5,
        "elevation_m": 19.616
      }
    },
    {
      "type": "Feature",
      "id": 863,
      "geometry": {
        "type": "Point",
        "coordinates": [
          121.112539,
          13.30648
        ]
      },
      "properties": {
        "id": 863,
        "name": "BAYOG LATERAL A4 DRAINAGE CROSSING (0+502)",
        "type": "Drainage",
        "structure": "DRAINAGE CROSSING",
        "station": "STA 0+502.0",
        "stationing": null,
        "ele": 55.684,
        "images": "DSC01141.jpg",
        "desc": null,
        "comment": null,
        "time": "2023-08-25",
        "Structure_Category": "Drainage",
        "canal_name": "BAYOG SUB LATERAL A4",
        "station_m": 502,
        "elevation_m": 55.684
      }
    },
    {
      "type": "Feature",
      "id": 793,
      "geometry": {
        "type": "Point",
        "coordinates": [
          121.123269,
          13.316755
        ]
      },
      "properties": {
        "id": 793,
        "name": "BAYOG LATERAL A3 COMBI INLET ROAD CROSSING & THRESHER CROSSING (3+572)",
        "type": "Inlet",
        "structure": "COMBI INLET RD X-ING & THR X-ING",
        "station": "STA 3+572.0",
        "stationing": null,
        "ele": 68.225,
        "images": "DSC01046.jpg",
        "desc": null,
        "comment": null,
        "time": "2023-08-11",
        "Structure_Category": "Inlet",
        "canal_name": "BAYOG SUB LATERAL A3",
        "station_m": 3572,
        "elevation_m": 68.225
      }
    },
    {
      "type": "Feature",
      "id": 1,
      "geometry": {
        "type": "Point",
        "coordinates": [
          121.128129,
          13.254427
        ]
      },
      "properties": {
        "id": 1,
        "name": "MAIN CANAL LATERAL AA HEADGATE  (2+719.3)",
        "type": "Head Gate",
        "structure": "LATERAL AA HEADGATE",
        "station": "STA 2+719.3",
        "stationing": null,
        "ele": 16.744,
        "images": "DSC00421.jpg",
        "desc": null,
        "comment": null,
        "time": "2023-04-24",
        "Structure_Category": "Head Gate",
        "canal_name": "MAIN CANAL",
        "station_m": 2719.3,
        "elevation_m": 16.744
      }
    },
    {
      "type": "Feature",
      "id": 1001,
      "geometry": {
        "type": "Point",
        "coordinates": [
          121.169581,
          13.303965
        ]
      },
      "properties": {
        "id": 1001,
        "name": "MAIN CANAL THRESHER CROSSING (10+438)",
        "type": "Thresher Crossing",
        "structure": "THRESHER CROSSING",
        "station": "STA 10+438.0",
        "stationing": null,
        "ele": 0,
        "images": null,
        "desc": null,
        "comment": null,
        "time": "2024-07-30",
        "Structure_Category": "Thresher Crossing",
        "canal_name": "MAIN CANAL",
        "station_m": 10438,
        "elevation_m": 0
      }
    },
    {
      "type": "Feature",
      "id": 870,
      "geometry": {
        "type": "Point",
        "coordinates": [
          121.115072,
          13.310684
        ]
      },
      "properties": {
        "id": 870,
        "name": "BAYOG LATERAL A4 SIPHON (1+041.6)",
        "type": "Siphon",
        "structure": "SIPHON",
        "station": "STA 1+041.6",
        "stationing": null,
        "ele": 30.323,
        "images": "DSC01148.jpg",
        "desc": null,
        "comment": null,
        "time": "2023-08-25",
        "Structure_Category": "Siphon",
        "canal_name": "BAYOG SUB LATERAL A4",
        "station_m": 1041.6,
        "elevation_m": 30.323
      }
    },
    {
      "type": "Feature",
      "id": 869,
      "geometry": {
        "type": "Point",
        "coordinates": [
          121.114845,
          13.310371
        ]
      },
      "properties": {
        "id": 869,
        "name": "BAYOG LATERAL A4 DRAINAGE CROSSING (0+998.5)",
        "type": "Drainage",
        "structure": "DRAINAGE CROSSING",
        "station": "STA 0+998.5",
        "stationing": null,
        "ele": 31.135,
        "images": "DSC01147.jpg",
        "desc": null,
        "comment": null,
        "time": "2023-08-25",
        "Structure_Category": "Drainage",
        "canal_name": "BAYOG SUB LATERAL A4",
        "station_m": 998.5,
        "elevation_m": 31.135
      }
    },
    {
      "type": "Feature",
      "id": 871,
      "geometry": {
        "type": "Point",
        "coordinates": [
          121.115167,
          13.310818
        ]
      },
      "properties": {
        "id": 871,
        "name": "BAYOG LATERAL A4 SIPHON (1+059)",
        "type": "Siphon",
        "structure": "SIPHON",
        "station": "STA 1+059.0",
        "stationing": null,
        "ele": 28.063,
        "images": "DSC01149.jpg",
        "desc": null,
        "comment": null,
        "time": "2023-08-25",
        "Structure_Category": "Siphon",
        "canal_name": "BAYOG SUB LATERAL A4",
        "station_m": 1059,
        "elevation_m": 28.063
      }
    },
    {
      "type": "Feature",
      "id": 872,
      "geometry": {
        "type": "Point",
        "coordinates": [
          121.115991,
          13.313033
        ]
      },
      "properties": {
        "id": 872,
        "name": "BAYOG LATERAL A4 DRAINAGE CROSSING (1+132)",
        "type": "Drainage",
        "structure": "DRAINAGE CROSSING",
        "station": "STA 1+132.0",
        "stationing": null,
        "ele": 29.212,
        "images": "DSC01150.jpg",
        "desc": null,
        "comment": null,
        "time": "2023-08-25",
        "Structure_Category": "Drainage",
        "canal_name": "BAYOG SUB LATERAL A4",
        "station_m": 1132,
        "elevation_m": 29.212
      }
    },
    {
      "type": "Feature",
      "id": 234,
      "geometry": {
        "type": "Point",
        "coordinates": [
          121.173085,
          13.307957
        ]
      },
      "properties": {
        "id": 234,
        "name": "MAIN CANAL THR CROSSING & LATERAL C HEADGATE (11+038)",
        "type": "Head Gate",
        "structure": "COMBI THR CROSSING & LAT C HGATE",
        "station": "STA 11+038.0",
        "stationing": null,
        "ele": 38.306,
        "images": "DSC00621.jpg",
        "desc": null,
        "comment": null,
        "time": "2023-05-12",
        "Structure_Category": "Head Gate",
        "canal_name": "MAIN CANAL",
        "station_m": 11038,
        "elevation_m": 38.306
      }
    },
    {
      "type": "Feature",
      "id": 779,
      "geometry": {
        "type": "Point",
        "coordinates": [
          121.122266,
          13.292339
        ]
      },
      "properties": {
        "id": 779,
        "name": "BAYOG LATERAL A3 TO 2 (0+448)",
        "type": "Turnout",
        "structure": "TURNOUT",
        "station": "STA 0+448.0",
        "stationing": null,
        "ele": 54.82,
        "images": "DSC01032.jpg",
        "desc": null,
        "comment": null,
        "time": "2023-08-11",
        "Structure_Category": "Turnout (TO)",
        "canal_name": "BAYOG SUB LATERAL A3",
        "station_m": 448,
        "elevation_m": 54.82
      }
    },
    {
      "type": "Feature",
      "id": 858,
      "geometry": {
        "type": "Point",
        "coordinates": [
          121.111009,
          13.304068
        ]
      },
      "properties": {
        "id": 858,
        "name": "BAYOG LATERAL A4  COMBI CHECK & TO 2 (0+056)",
        "type": "Turnout",
        "structure": "COMBI CHECK & TURNOUT",
        "station": "STA 0+056.0",
        "stationing": null,
        "ele": 69.885,
        "images": "DSC01135.jpg",
        "desc": null,
        "comment": null,
        "time": "2023-08-25",
        "Structure_Category": "Turnout (TO)",
        "canal_name": "BAYOG SUB LATERAL A4",
        "station_m": 56,
        "elevation_m": 69.885
      }
    },
    {
      "type": "Feature",
      "id": 873,
      "geometry": {
        "type": "Point",
        "coordinates": [
          121.115898,
          13.313286
        ]
      },
      "properties": {
        "id": 873,
        "name": "BAYOG LATERAL A4 TO 6 (1+058.4)",
        "type": "Turnout",
        "structure": "TURNOUT",
        "station": "STA 1+058.4",
        "stationing": null,
        "ele": 29.4,
        "images": "DSC01151.jpg",
        "desc": null,
        "comment": null,
        "time": "2023-08-25",
        "Structure_Category": "Turnout (TO)",
        "canal_name": "BAYOG SUB LATERAL A4",
        "station_m": 1058.4,
        "elevation_m": 29.4
      }
    },
    {
      "type": "Feature",
      "id": 669,
      "geometry": {
        "type": "Point",
        "coordinates": [
          121.156144,
          13.320745
        ]
      },
      "properties": {
        "id": 669,
        "name": "LATERAL A2 BULLCART 8 (2+623)",
        "type": "Thresher Crossing",
        "structure": "THRESHER CROSSING",
        "station": "STA 2+623.0",
        "stationing": null,
        "ele": -96.659,
        "images": "DSC00918.jpg",
        "desc": null,
        "comment": null,
        "time": "2023-07-24",
        "Structure_Category": "Thresher Crossing",
        "canal_name": "LATERAL A",
        "station_m": 2623,
        "elevation_m": -96.659
      }
    },
    {
      "type": "Feature",
      "id": 694,
      "geometry": {
        "type": "Point",
        "coordinates": [
          121.131065,
          13.331597
        ]
      },
      "properties": {
        "id": 694,
        "name": "LATERAL A4 THRESHER CROSSING (1+850.5)",
        "type": "Thresher Crossing",
        "structure": "THRESHER CROSSING",
        "station": "STA 1+850.5",
        "stationing": null,
        "ele": 22.741,
        "images": "DSC00943.jpg",
        "desc": null,
        "comment": null,
        "time": "2023-07-24",
        "Structure_Category": "Thresher Crossing",
        "canal_name": "LATERAL A",
        "station_m": 1850.5,
        "elevation_m": 22.741
      }
    },
    {
      "type": "Feature",
      "id": 846,
      "geometry": {
        "type": "Point",
        "coordinates": [
          121.104627,
          13.284952
        ]
      },
      "properties": {
        "id": 846,
        "name": "BAYOG LATERAL A2 ROAD CROSSING (2+541)",
        "type": "Road Crossing",
        "structure": "RD X-ING",
        "station": "STA 2+541.0",
        "stationing": null,
        "ele": 55.711,
        "images": "DSC01128.jpg",
        "desc": null,
        "comment": null,
        "time": "2023-08-23",
        "Structure_Category": "Road Crossing",
        "canal_name": "BAYOG SUB LATERAL A2",
        "station_m": 2541,
        "elevation_m": 55.711
      }
    },
    {
      "type": "Feature",
      "id": 8,
      "geometry": {
        "type": "Point",
        "coordinates": [
          121.132771,
          13.268035
        ]
      },
      "properties": {
        "id": 8,
        "name": "MAIN CANAL OUTLET ROAD CROSSING (4+418)",
        "type": "Outlet",
        "structure": "OUTLET RD X-ING",
        "station": "STA 4+418.0",
        "stationing": null,
        "ele": 24.443,
        "images": "DSC00428.jpg",
        "desc": null,
        "comment": null,
        "time": "2023-04-24",
        "Structure_Category": "Outlet",
        "canal_name": "MAIN CANAL",
        "station_m": 4418,
        "elevation_m": 24.443
      }
    },
    {
      "type": "Feature",
      "id": 636,
      "geometry": {
        "type": "Point",
        "coordinates": [
          121.158137,
          13.29938
        ]
      },
      "properties": {
        "id": 636,
        "name": "LATERAL A COMBI LATERAL A2 HEADGATE & THRESHER CROSSING (0+958)",
        "type": "Head Gate",
        "structure": "COMBI LAT A2 HGATE & THR X-ING",
        "station": "STA 0+958.0",
        "stationing": null,
        "ele": 3.115,
        "images": "DSC00882.jpg",
        "desc": null,
        "comment": null,
        "time": "2023-07-21",
        "Structure_Category": "Head Gate",
        "canal_name": "LATERAL A",
        "station_m": 958,
        "elevation_m": 3.115
      }
    },
    {
      "type": "Feature",
      "id": 792,
      "geometry": {
        "type": "Point",
        "coordinates": [
          121.12158,
          13.313524
        ]
      },
      "properties": {
        "id": 792,
        "name": "BAYOG LATERAL A3 ROAD CROSSING (3+152)",
        "type": "Outlet",
        "structure": "RD X-ING",
        "station": "STA 3+152.0",
        "stationing": null,
        "ele": 78.178,
        "images": "DSC01045.jpg",
        "desc": null,
        "comment": null,
        "time": "2023-08-11",
        "Structure_Category": "Outlet",
        "canal_name": "BAYOG SUB LATERAL A3",
        "station_m": 3152,
        "elevation_m": 78.178
      }
    },
    {
      "type": "Feature",
      "id": 734,
      "geometry": {
        "type": "Point",
        "coordinates": [
          121.127996,
          13.268766
        ]
      },
      "properties": {
        "id": 734,
        "name": "LATERAL A EXTENSION COMBI INLET ROAD CROSSING & LATERAL A1 EXTENSION HEAD GATE (0+517.3)",
        "type": "Head Gate",
        "structure": "COMBI INLET RD X-ING & LAT A1 EXT HGATE",
        "station": "STA 0+517.3",
        "stationing": null,
        "ele": 39.822,
        "images": "DSC00983.jpg",
        "desc": null,
        "comment": null,
        "time": "2023-08-08",
        "Structure_Category": "Head Gate",
        "canal_name": "LATERAL A",
        "station_m": 517.3,
        "elevation_m": 39.822
      }
    },
    {
      "type": "Feature",
      "id": 1030,
      "geometry": {
        "type": "Point",
        "coordinates": [
          121.179925,
          13.358652
        ]
      },
      "properties": {
        "id": 1030,
        "name": "LATERAL C TRESHER CROSSING (6+317)",
        "type": "Thresher Crossing",
        "structure": "THRESHER CROSSING",
        "station": "STA 6+317.0",
        "stationing": null,
        "ele": 0,
        "images": null,
        "desc": null,
        "comment": null,
        "time": "2024-08-07",
        "Structure_Category": "Thresher Crossing",
        "canal_name": "LATERAL C",
        "station_m": 6317,
        "elevation_m": 0
      }
    },
    {
      "type": "Feature",
      "id": 1005,
      "geometry": {
        "type": "Point",
        "coordinates": [
          121.169874,
          13.318952
        ]
      },
      "properties": {
        "id": 1005,
        "name": "MAIN CANAL OUTLET ROAD CROSSING (12+331)",
        "type": "Outlet",
        "structure": "OUTLET RD X-ING",
        "station": "STA 12+331.0",
        "stationing": null,
        "ele": 0,
        "images": null,
        "desc": null,
        "comment": null,
        "time": "2024-08-01",
        "Structure_Category": "Outlet",
        "canal_name": "MAIN CANAL",
        "station_m": 12331,
        "elevation_m": 0
      }
    },
    {
      "type": "Feature",
      "id": 1007,
      "geometry": {
        "type": "Point",
        "coordinates": [
          121.158487,
          13.38856
        ]
      },
      "properties": {
        "id": 1007,
        "name": "MAIN CANAL OUTLET ROAD CROSSING (START OF ILLEGAL STRUCTURES) (20+836)",
        "type": "Outlet",
        "structure": "OUTLET RD X-ING",
        "station": "STA 20+836.0",
        "stationing": null,
        "ele": 0,
        "images": null,
        "desc": null,
        "comment": null,
        "time": "2024-08-01",
        "Structure_Category": "Outlet",
        "canal_name": "MAIN CANAL",
        "station_m": 20836,
        "elevation_m": 0
      }
    },
    {
      "type": "Feature",
      "id": 558,
      "geometry": {
        "type": "Point",
        "coordinates": [
          121.160875,
          13.297352
        ]
      },
      "properties": {
        "id": 558,
        "name": "LATERAL A INLET ROAD CROSSING (0+576)",
        "type": "Inlet",
        "structure": "INLET RD X-ING",
        "station": "STA 0+576.0",
        "stationing": null,
        "ele": 19.65,
        "images": "DSC00637.jpg",
        "desc": null,
        "comment": "2023-05-25 9:50:04am",
        "time": "2023-05-25",
        "Structure_Category": "Inlet",
        "canal_name": "LATERAL A",
        "station_m": 576,
        "elevation_m": 19.65
      }
    },
    {
      "type": "Feature",
      "id": 1004,
      "geometry": {
        "type": "Point",
        "coordinates": [
          121.169979,
          13.318904
        ]
      },
      "properties": {
        "id": 1004,
        "name": "MAIN CANAL OUTLET ROAD CROSSING (12+321)",
        "type": "Inlet",
        "structure": "OUTLET RD X-ING",
        "station": "STA 12+321.0",
        "stationing": null,
        "ele": 0,
        "images": null,
        "desc": null,
        "comment": null,
        "time": "2024-08-01",
        "Structure_Category": "Inlet",
        "canal_name": "MAIN CANAL",
        "station_m": 12321,
        "elevation_m": 0
      }
    },
    {
      "type": "Feature",
      "id": 69,
      "geometry": {
        "type": "Point",
        "coordinates": [
          121.162921,
          13.339768
        ]
      },
      "properties": {
        "id": 69,
        "name": "MAIN CANAL COMBI THRESHER CROSING & LATERAL E HEADGATE (14+982)",
        "type": "Head Gate",
        "structure": "COMBI THR X-ING & LAT E HGATE",
        "station": "STA 14+982.0",
        "stationing": null,
        "ele": 15.743,
        "images": "DSC00499.jpg",
        "desc": null,
        "comment": null,
        "time": "2023-05-03",
        "Structure_Category": "Head Gate",
        "canal_name": "MAIN CANAL",
        "station_m": 14982,
        "elevation_m": 15.743
      }
    },
    {
      "type": "Feature",
      "id": 210,
      "geometry": {
        "type": "Point",
        "coordinates": [
          121.183558,
          13.360123
        ]
      },
      "properties": {
        "id": 210,
        "name": "LATERAL C COMBI TRESHER CROSSING & LATERAL C3 HEADGATE (6+758)",
        "type": "Head Gate",
        "structure": "COMBI THR X-ING & LAT C3 HGATE",
        "station": "STA 6+758.0",
        "stationing": null,
        "ele": 27.915,
        "images": "DSC00672.jpg",
        "desc": null,
        "comment": null,
        "time": "2023-05-15",
        "Structure_Category": "Head Gate",
        "canal_name": "LATERAL C",
        "station_m": 6758,
        "elevation_m": 27.915
      }
    },
    {
      "type": "Feature",
      "id": 334,
      "geometry": {
        "type": "Point",
        "coordinates": [
          121.203079,
          13.325967
        ]
      },
      "properties": {
        "id": 334,
        "name": "LATERAL B COMBI THRESHER CROSSING & LATERAL B2 HEADGATE (5+209)",
        "type": "Head Gate",
        "structure": "COMBI THR X-ING & LAT B2 HGATE",
        "station": "STA 5+209.0",
        "stationing": null,
        "ele": 25.373,
        "images": "DSC00529.jpg",
        "desc": null,
        "comment": "2023-05-15 11:39:33am",
        "time": "2023-05-15",
        "Structure_Category": "Head Gate",
        "canal_name": "LATERAL B",
        "station_m": 5209,
        "elevation_m": 25.373
      }
    },
    {
      "type": "Feature",
      "id": 363,
      "geometry": {
        "type": "Point",
        "coordinates": [
          121.188639,
          13.319624
        ]
      },
      "properties": {
        "id": 363,
        "name": "LATERAL B LATERAL B1 HEAD GATE (3+326)",
        "type": "Head Gate",
        "structure": "LATERAL B1 HEAD GATE",
        "station": "STA 3+326.0",
        "stationing": null,
        "ele": 11.292,
        "images": "DSC00559.jpg",
        "desc": null,
        "comment": "2023-05-18 9:10:44am",
        "time": "2023-05-18",
        "Structure_Category": "Head Gate",
        "canal_name": "LATERAL B",
        "station_m": 3326,
        "elevation_m": 11.292
      }
    },
    {
      "type": "Feature",
      "id": 796,
      "geometry": {
        "type": "Point",
        "coordinates": [
          121.170492,
          13.314491
        ]
      },
      "properties": {
        "id": 796,
        "name": "MAIN CANAL THRESHER CROSSING (11+806)",
        "type": "Thresher Crossing",
        "structure": "THRESHER CROSSING",
        "station": "STA 11+806.0",
        "stationing": null,
        "ele": 0,
        "images": null,
        "desc": null,
        "comment": null,
        "time": "2024-07-30",
        "Structure_Category": "Thresher Crossing",
        "canal_name": "MAIN CANAL",
        "station_m": 11806,
        "elevation_m": 0
      }
    },
    {
      "type": "Feature",
      "id": 1003,
      "geometry": {
        "type": "Point",
        "coordinates": [
          121.170311,
          13.317131
        ]
      },
      "properties": {
        "id": 1003,
        "name": "MAIN CANAL TRESHER CROSSING (12+099)",
        "type": "Thresher Crossing",
        "structure": "THRESHER CROSSING",
        "station": "STA 12+099.0",
        "stationing": null,
        "ele": 0,
        "images": null,
        "desc": null,
        "comment": null,
        "time": "2024-07-30",
        "Structure_Category": "Thresher Crossing",
        "canal_name": "MAIN CANAL",
        "station_m": 12099,
        "elevation_m": 0
      }
    },
    {
      "type": "Feature",
      "id": 1008,
      "geometry": {
        "type": "Point",
        "coordinates": [
          121.158641,
          13.388948
        ]
      },
      "properties": {
        "id": 1008,
        "name": "MAIN CANAL THRESHER CROSSING (20+884)",
        "type": "Thresher Crossing",
        "structure": "THRESHER CROSSING",
        "station": "STA 20+884.0",
        "stationing": null,
        "ele": 0,
        "images": null,
        "desc": null,
        "comment": null,
        "time": "2024-08-01",
        "Structure_Category": "Thresher Crossing",
        "canal_name": "MAIN CANAL",
        "station_m": 20884,
        "elevation_m": 0
      }
    },
    {
      "type": "Feature",
      "id": 780,
      "geometry": {
        "type": "Point",
        "coordinates": [
          121.122707,
          13.293552
        ]
      },
      "properties": {
        "id": 780,
        "name": "BAYOG LATERAL A3 COMBI CHECK & TO 3 (0+604)",
        "type": "Turnout",
        "structure": "COMBI CHECK & TURNOUT",
        "station": "STA 0+604.0",
        "stationing": null,
        "ele": 53.873,
        "images": "DSC01033.jpg",
        "desc": null,
        "comment": null,
        "time": "2023-08-11",
        "Structure_Category": "Turnout (TO)",
        "canal_name": "BAYOG SUB LATERAL A3",
        "station_m": 604,
        "elevation_m": 53.873
      }
    },
    {
      "type": "Feature",
      "id": 867,
      "geometry": {
        "type": "Point",
        "coordinates": [
          121.114499,
          13.309804
        ]
      },
      "properties": {
        "id": 867,
        "name": "BAYOG LATERAL A4 COMBI CHECK & TO 5 (0+926)",
        "type": "Turnout",
        "structure": "COMBI CHECK & TURNOUT",
        "station": "STA 0+926.0",
        "stationing": null,
        "ele": 32.03,
        "images": "DSC01145.jpg",
        "desc": null,
        "comment": null,
        "time": "2023-08-25",
        "Structure_Category": "Turnout (TO)",
        "canal_name": "BAYOG SUB LATERAL A4",
        "station_m": 926,
        "elevation_m": 32.03
      }
    },
    {
      "type": "Feature",
      "id": 874,
      "geometry": {
        "type": "Point",
        "coordinates": [
          121.115952,
          13.314661
        ]
      },
      "properties": {
        "id": 874,
        "name": "BAYOG LATERAL A4 COMBI CHECK & TO 7 (1+520)",
        "type": "Turnout",
        "structure": "COMBI CHECK & TURNOUT",
        "station": "STA 1+520.0",
        "stationing": null,
        "ele": 31.686,
        "images": "DSC01152.jpg",
        "desc": null,
        "comment": null,
        "time": "2023-08-25",
        "Structure_Category": "Turnout (TO)",
        "canal_name": "BAYOG SUB LATERAL A4",
        "station_m": 1520,
        "elevation_m": 31.686
      }
    },
    {
      "type": "Feature",
      "id": 1009,
      "geometry": {
        "type": "Point",
        "coordinates": [
          121.159227,
          13.389761
        ]
      },
      "properties": {
        "id": 1009,
        "name": "MAIN CANAL THRESHER CROSSING (20+992)",
        "type": "Thresher Crossing",
        "structure": "THRESHER CROSSING",
        "station": "STA 20+992.0",
        "stationing": null,
        "ele": 0,
        "images": null,
        "desc": null,
        "comment": null,
        "time": "2024-08-01",
        "Structure_Category": "Thresher Crossing",
        "canal_name": "MAIN CANAL",
        "station_m": 20992,
        "elevation_m": 0
      }
    },
    {
      "type": "Feature",
      "id": 1010,
      "geometry": {
        "type": "Point",
        "coordinates": [
          121.159401,
          13.389895
        ]
      },
      "properties": {
        "id": 1010,
        "name": "MAIN CANAL THRESHER CROSSING (21+016)",
        "type": "Thresher Crossing",
        "structure": "THRESHER CROSSING",
        "station": "STA 21+016.0",
        "stationing": null,
        "ele": 0,
        "images": null,
        "desc": null,
        "comment": null,
        "time": "2024-08-01",
        "Structure_Category": "Thresher Crossing",
        "canal_name": "MAIN CANAL",
        "station_m": 21016,
        "elevation_m": 0
      }
    },
    {
      "type": "Feature",
      "id": 1006,
      "geometry": {
        "type": "Point",
        "coordinates": [
          121.167257,
          13.323188
        ]
      },
      "properties": {
        "id": 1006,
        "name": "MAIN CANAL THRESHER CROSSING (12+886)",
        "type": "Thresher Crossing",
        "structure": "THRESHER CROSSING",
        "station": "STA 12+886.0",
        "stationing": null,
        "ele": 0,
        "images": null,
        "desc": null,
        "comment": null,
        "time": "2024-08-01",
        "Structure_Category": "Thresher Crossing",
        "canal_name": "MAIN CANAL",
        "station_m": 12886,
        "elevation_m": 0
      }
    },
    {
      "type": "Feature",
      "id": 559,
      "geometry": {
        "type": "Point",
        "coordinates": [
          121.160586,
          13.297322
        ]
      },
      "properties": {
        "id": 559,
        "name": "LATERAL A OUTLET ROAD CROSSING (0+590)",
        "type": "Outlet",
        "structure": "OUTLET RD X-ING",
        "station": "STA 0+590.0",
        "stationing": null,
        "ele": 18.711,
        "images": "DSC00638.jpg",
        "desc": null,
        "comment": "2023-05-25 9:51:37am",
        "time": "2023-05-25",
        "Structure_Category": "Outlet",
        "canal_name": "LATERAL A",
        "station_m": 590,
        "elevation_m": 18.711
      }
    },
    {
      "type": "Feature",
      "id": 62,
      "geometry": {
        "type": "Point",
        "coordinates": [
          121.163529,
          13.334982
        ]
      },
      "properties": {
        "id": 62,
        "name": "MAIN CANAL OUTLET (14+278)",
        "type": "Outlet",
        "structure": "OUTLET",
        "station": "STA 14+278.0",
        "stationing": null,
        "ele": 1.821,
        "images": "DSC00492.jpg",
        "desc": null,
        "comment": null,
        "time": "2023-05-03",
        "Structure_Category": "Outlet",
        "canal_name": "MAIN CANAL",
        "station_m": 14278,
        "elevation_m": 1.821
      }
    },
    {
      "type": "Feature",
      "id": 586,
      "geometry": {
        "type": "Point",
        "coordinates": [
          121.142839,
          13.342505
        ]
      },
      "properties": {
        "id": 586,
        "name": "LATERAL A OUTLET ROAD CROSSING (6+812)",
        "type": "Outlet",
        "structure": "OUTLET RD X-ING",
        "station": "STA 6+812.0",
        "stationing": null,
        "ele": 25.827,
        "images": "DSC00665.jpg",
        "desc": null,
        "comment": "2023-05-25 12:07:23pm",
        "time": "2023-05-25",
        "Structure_Category": "Outlet",
        "canal_name": "LATERAL A",
        "station_m": 6812,
        "elevation_m": 25.827
      }
    },
    {
      "type": "Feature",
      "id": 786,
      "geometry": {
        "type": "Point",
        "coordinates": [
          121.126701,
          13.303006
        ]
      },
      "properties": {
        "id": 786,
        "name": "BAYOG LATERAL A3 OUTLET ROAD CROSSING (1+776)",
        "type": "Outlet",
        "structure": "OUTLET RD X-ING",
        "station": "STA 1+776.0",
        "stationing": null,
        "ele": 130.21,
        "images": "DSC01039.jpg",
        "desc": null,
        "comment": null,
        "time": "2023-08-11",
        "Structure_Category": "Outlet",
        "canal_name": "BAYOG SUB LATERAL A3",
        "station_m": 1776,
        "elevation_m": 130.21
      }
    },
    {
      "type": "Feature",
      "id": 1025,
      "geometry": {
        "type": "Point",
        "coordinates": [
          121.2281,
          13.336456
        ]
      },
      "properties": {
        "id": 1025,
        "name": "LATERAL B ROAD CROSSING (8+798)",
        "type": "Road Crossing",
        "structure": "RD X-ING",
        "station": "STA 8+798.0",
        "stationing": null,
        "ele": 0,
        "images": null,
        "desc": null,
        "comment": null,
        "time": "2024-08-07",
        "Structure_Category": "Road Crossing",
        "canal_name": "LATERAL B",
        "station_m": 8798,
        "elevation_m": 0
      }
    },
    {
      "type": "Feature",
      "id": 447,
      "geometry": {
        "type": "Point",
        "coordinates": [
          121.162748,
          13.339701
        ]
      },
      "properties": {
        "id": 447,
        "name": "LATERAL E OUTLET (0+000)",
        "type": "Outlet",
        "structure": "OUTLET",
        "station": "STA 0+000.0",
        "stationing": null,
        "ele": 21.759,
        "images": "DSC00771.jpg",
        "desc": null,
        "comment": null,
        "time": "2023-05-22",
        "Structure_Category": "Outlet",
        "canal_name": "LATERAL E",
        "station_m": 0,
        "elevation_m": 21.759
      }
    },
    {
      "type": "Feature",
      "id": 802,
      "geometry": {
        "type": "Point",
        "coordinates": [
          121.136517,
          13.354595
        ]
      },
      "properties": {
        "id": 802,
        "name": "LATERAL A OUTLET ROAD CROSSING (8+356)",
        "type": "Outlet",
        "structure": "OUTLET RD X-ING",
        "station": "STA 8+356.0",
        "stationing": null,
        "ele": 0,
        "images": null,
        "desc": null,
        "comment": null,
        "time": "2024-08-06",
        "Structure_Category": "Outlet",
        "canal_name": "LATERAL A",
        "station_m": 8356,
        "elevation_m": 0
      }
    },
    {
      "type": "Feature",
      "id": 803,
      "geometry": {
        "type": "Point",
        "coordinates": [
          121.129265,
          13.3744
        ]
      },
      "properties": {
        "id": 803,
        "name": "LATERAL A OUTLET ROAD CROSSING (12+476)",
        "type": "Outlet",
        "structure": "OUTLET RD X-ING",
        "station": "STA 12+476.0",
        "stationing": null,
        "ele": 0,
        "images": null,
        "desc": null,
        "comment": null,
        "time": "2024-08-06",
        "Structure_Category": "Outlet",
        "canal_name": "LATERAL A",
        "station_m": 12476,
        "elevation_m": 0
      }
    },
    {
      "type": "Feature",
      "id": 1019,
      "geometry": {
        "type": "Point",
        "coordinates": [
          121.132456,
          13.381858
        ]
      },
      "properties": {
        "id": 1019,
        "name": "LATERAL A OUTLET ROAD CROSSING (13+394)",
        "type": "Outlet",
        "structure": "OUTLET RD X-ING",
        "station": "STA 13+394.0",
        "stationing": null,
        "ele": 0,
        "images": null,
        "desc": null,
        "comment": null,
        "time": "2024-08-06",
        "Structure_Category": "Outlet",
        "canal_name": "LATERAL A",
        "station_m": 13394,
        "elevation_m": 0
      }
    },
    {
      "type": "Feature",
      "id": 1032,
      "geometry": {
        "type": "Point",
        "coordinates": [
          121.170186,
          13.355476
        ]
      },
      "properties": {
        "id": 1032,
        "name": "LATERAL F OUTLET ROAD CROSSING (0+714)",
        "type": "Outlet",
        "structure": "OUTLET RD X-ING",
        "station": "STA 0+714.0",
        "stationing": null,
        "ele": 0,
        "images": null,
        "desc": null,
        "comment": null,
        "time": "2024-08-08",
        "Structure_Category": "Outlet",
        "canal_name": "LATERAL F",
        "station_m": 714,
        "elevation_m": 0
      }
    },
    {
      "type": "Feature",
      "id": 608,
      "geometry": {
        "type": "Point",
        "coordinates": [
          121.129151,
          13.37442
        ]
      },
      "properties": {
        "id": 608,
        "name": "LATERAL A INLET ROAD CROSSING (12+464)",
        "type": "Inlet",
        "structure": "INLET RD X-ING",
        "station": "STA 12+464.0",
        "stationing": null,
        "ele": 9.939,
        "images": "DSC00687.jpg",
        "desc": null,
        "comment": "2023-05-26 10:07:14am",
        "time": "2023-05-26",
        "Structure_Category": "Inlet",
        "canal_name": "LATERAL A",
        "station_m": 12464,
        "elevation_m": 9.939
      }
    },
    {
      "type": "Feature",
      "id": 1018,
      "geometry": {
        "type": "Point",
        "coordinates": [
          121.132411,
          13.381812
        ]
      },
      "properties": {
        "id": 1018,
        "name": "LATERAL A INLET ROAD CROSSING (13+387)",
        "type": "Inlet",
        "structure": "INLET RD X-ING",
        "station": "STA 13+387.0",
        "stationing": null,
        "ele": 0,
        "images": null,
        "desc": null,
        "comment": null,
        "time": "2024-08-06",
        "Structure_Category": "Inlet",
        "canal_name": "LATERAL A",
        "station_m": 13387,
        "elevation_m": 0
      }
    },
    {
      "type": "Feature",
      "id": 1034,
      "geometry": {
        "type": "Point",
        "coordinates": [
          121.137966,
          13.354703
        ]
      },
      "properties": {
        "id": 1034,
        "name": "LATERAL A6 INLET ROAD CROSSING (0+629.5)",
        "type": "Inlet",
        "structure": "INLET RD X-ING",
        "station": "STA 0+629.5",
        "stationing": null,
        "ele": 0,
        "images": null,
        "desc": null,
        "comment": null,
        "time": "2024-08-14",
        "Structure_Category": "Inlet",
        "canal_name": "LATERAL A",
        "station_m": 629.5,
        "elevation_m": 0
      }
    },
    {
      "type": "Feature",
      "id": 737,
      "geometry": {
        "type": "Point",
        "coordinates": [
          121.126377,
          13.269127
        ]
      },
      "properties": {
        "id": 737,
        "name": "LATERAL A EXTENSION INLET SIPHON (0+695.5)",
        "type": "Inlet",
        "structure": "INLET SIPHON",
        "station": "STA 0+695.5",
        "stationing": null,
        "ele": 39.157,
        "images": "DSC00986.jpg",
        "desc": null,
        "comment": null,
        "time": "2023-08-08",
        "Structure_Category": "Inlet",
        "canal_name": "LATERAL A",
        "station_m": 695.5,
        "elevation_m": 39.157
      }
    },
    {
      "type": "Feature",
      "id": 582,
      "geometry": {
        "type": "Point",
        "coordinates": [
          121.140271,
          13.339537
        ]
      },
      "properties": {
        "id": 582,
        "name": "LATERAL A COMBI INLET ROAD CROSSING & LATERAL A5 HEAD GATE (6+290)",
        "type": "Head Gate",
        "structure": "COMBI INLET RD X-ING & LAT A5 HGATE",
        "station": "STA 6+290.0",
        "stationing": null,
        "ele": 23.176,
        "images": "DSC00661.jpg",
        "desc": null,
        "comment": "2023-05-25 11:58:16am",
        "time": "2023-05-25",
        "Structure_Category": "Head Gate",
        "canal_name": "LATERAL A",
        "station_m": 6290,
        "elevation_m": 23.176
      }
    },
    {
      "type": "Feature",
      "id": 589,
      "geometry": {
        "type": "Point",
        "coordinates": [
          121.140005,
          13.350184
        ]
      },
      "properties": {
        "id": 589,
        "name": "LATERAL A COMBI THRESHER CROSSING & LATERAL A6 HEADGATE (7+718)",
        "type": "Head Gate",
        "structure": "COMBI THR X-ING & LAT A6 HGATE",
        "station": "STA 7+718.0",
        "stationing": null,
        "ele": 20.417,
        "images": "DSC00668.jpg",
        "desc": null,
        "comment": "2023-05-25 12:18:38pm",
        "time": "2023-05-25",
        "Structure_Category": "Head Gate",
        "canal_name": "LATERAL A",
        "station_m": 7718,
        "elevation_m": 20.417
      }
    },
    {
      "type": "Feature",
      "id": 237,
      "geometry": {
        "type": "Point",
        "coordinates": [
          121.174243,
          13.311023
        ]
      },
      "properties": {
        "id": 237,
        "name": "LATERAL C THRESHER CROSSING (0+390.6)",
        "type": "Thresher Crossing",
        "structure": "THRESHER CROSSING",
        "station": "STA 0+390.6",
        "stationing": null,
        "ele": 31.331,
        "images": "DSC00624.jpg",
        "desc": null,
        "comment": null,
        "time": "2023-05-12",
        "Structure_Category": "Thresher Crossing",
        "canal_name": "LATERAL C",
        "station_m": 390.6,
        "elevation_m": 31.331
      }
    },
    {
      "type": "Feature",
      "id": 342,
      "geometry": {
        "type": "Point",
        "coordinates": [
          121.21236,
          13.32273
        ]
      },
      "properties": {
        "id": 342,
        "name": "LATERAL B THRESHER CROSSING (6+320)",
        "type": "Thresher Crossing",
        "structure": "THRESHER CROSSING",
        "station": "STA 6+320.0",
        "stationing": null,
        "ele": 23.541,
        "images": "DSC00537.jpg",
        "desc": null,
        "comment": "2023-05-15 12:20:19pm",
        "time": "2023-05-15",
        "Structure_Category": "Thresher Crossing",
        "canal_name": "LATERAL B",
        "station_m": 6320,
        "elevation_m": 23.541
      }
    },
    {
      "type": "Feature",
      "id": 1020,
      "geometry": {
        "type": "Point",
        "coordinates": [
          121.225811,
          13.332077
        ]
      },
      "properties": {
        "id": 1020,
        "name": "LATERAL B THRESHER CROSSING (8+224)",
        "type": "Thresher Crossing",
        "structure": "THRESHER CROSSING",
        "station": "STA 8+224.0",
        "stationing": null,
        "ele": 0,
        "images": null,
        "desc": null,
        "comment": null,
        "time": "2024-08-07",
        "Structure_Category": "Thresher Crossing",
        "canal_name": "LATERAL B",
        "station_m": 8224,
        "elevation_m": 0
      }
    },
    {
      "type": "Feature",
      "id": 1021,
      "geometry": {
        "type": "Point",
        "coordinates": [
          121.225989,
          13.332232
        ]
      },
      "properties": {
        "id": 1021,
        "name": "LATERAL B THRESHER CROSSING (8+252)",
        "type": "Thresher Crossing",
        "structure": "THRESHER CROSSING",
        "station": "STA 8+252.0",
        "stationing": null,
        "ele": 0,
        "images": null,
        "desc": null,
        "comment": null,
        "time": "2024-08-07",
        "Structure_Category": "Thresher Crossing",
        "canal_name": "LATERAL B",
        "station_m": 8252,
        "elevation_m": 0
      }
    },
    {
      "type": "Feature",
      "id": 1022,
      "geometry": {
        "type": "Point",
        "coordinates": [
          121.226262,
          13.33247
        ]
      },
      "properties": {
        "id": 1022,
        "name": "LATERAL B THRESHER CROSSING (8+291)",
        "type": "Thresher Crossing",
        "structure": "THRESHER CROSSING",
        "station": "STA 8+291.0",
        "stationing": null,
        "ele": 0,
        "images": null,
        "desc": null,
        "comment": null,
        "time": "2024-08-07",
        "Structure_Category": "Thresher Crossing",
        "canal_name": "LATERAL B",
        "station_m": 8291,
        "elevation_m": 0
      }
    },
    {
      "type": "Feature",
      "id": 1023,
      "geometry": {
        "type": "Point",
        "coordinates": [
          121.226686,
          13.332836
        ]
      },
      "properties": {
        "id": 1023,
        "name": "LATERAL B THRESHER CROSSING (8+352)",
        "type": "Thresher Crossing",
        "structure": "THRESHER CROSSING",
        "station": "STA 8+352.0",
        "stationing": null,
        "ele": 0,
        "images": null,
        "desc": null,
        "comment": null,
        "time": "2024-08-07",
        "Structure_Category": "Thresher Crossing",
        "canal_name": "LATERAL B",
        "station_m": 8352,
        "elevation_m": 0
      }
    },
    {
      "type": "Feature",
      "id": 1024,
      "geometry": {
        "type": "Point",
        "coordinates": [
          121.227987,
          13.33566
        ]
      },
      "properties": {
        "id": 1024,
        "name": "LATERAL B THRESHER CROSSING (8+706)",
        "type": "Thresher Crossing",
        "structure": "THRESHER CROSSING",
        "station": "STA 8+706.0",
        "stationing": null,
        "ele": 0,
        "images": null,
        "desc": null,
        "comment": null,
        "time": "2024-08-07",
        "Structure_Category": "Thresher Crossing",
        "canal_name": "LATERAL B",
        "station_m": 8706,
        "elevation_m": 0
      }
    },
    {
      "type": "Feature",
      "id": 1026,
      "geometry": {
        "type": "Point",
        "coordinates": [
          121.227526,
          13.337659
        ]
      },
      "properties": {
        "id": 1026,
        "name": "LATERAL B THRESHER CROSSING (8+945)",
        "type": "Thresher Crossing",
        "structure": "THRESHER CROSSING",
        "station": "STA 8+945.0",
        "stationing": null,
        "ele": 0,
        "images": null,
        "desc": null,
        "comment": null,
        "time": "2024-08-07",
        "Structure_Category": "Thresher Crossing",
        "canal_name": "LATERAL B",
        "station_m": 8945,
        "elevation_m": 0
      }
    },
    {
      "type": "Feature",
      "id": 1027,
      "geometry": {
        "type": "Point",
        "coordinates": [
          121.226957,
          13.338743
        ]
      },
      "properties": {
        "id": 1027,
        "name": "LATERAL B THRESHER CROSSING (9+080)",
        "type": "Thresher Crossing",
        "structure": "THRESHER CROSSING",
        "station": "STA 9+080.0",
        "stationing": null,
        "ele": 0,
        "images": null,
        "desc": null,
        "comment": null,
        "time": "2024-08-07",
        "Structure_Category": "Thresher Crossing",
        "canal_name": "LATERAL B",
        "station_m": 9080,
        "elevation_m": 0
      }
    },
    {
      "type": "Feature",
      "id": 1028,
      "geometry": {
        "type": "Point",
        "coordinates": [
          121.226966,
          13.340702
        ]
      },
      "properties": {
        "id": 1028,
        "name": "LATERAL B THRESHER CROSSING (9+306)",
        "type": "Thresher Crossing",
        "structure": "THRESHER CROSSING",
        "station": "STA 9+306.0",
        "stationing": null,
        "ele": 0,
        "images": null,
        "desc": null,
        "comment": null,
        "time": "2024-08-07",
        "Structure_Category": "Thresher Crossing",
        "canal_name": "LATERAL B",
        "station_m": 9306,
        "elevation_m": 0
      }
    },
    {
      "type": "Feature",
      "id": 1029,
      "geometry": {
        "type": "Point",
        "coordinates": [
          121.230912,
          13.350073
        ]
      },
      "properties": {
        "id": 1029,
        "name": "LATERAL B THRESHER CROSSING (10+464)",
        "type": "Thresher Crossing",
        "structure": "THRESHER CROSSING",
        "station": "STA 10+464.0",
        "stationing": null,
        "ele": 0,
        "images": null,
        "desc": null,
        "comment": null,
        "time": "2024-08-07",
        "Structure_Category": "Thresher Crossing",
        "canal_name": "LATERAL B",
        "station_m": 10464,
        "elevation_m": 0
      }
    },
    {
      "type": "Feature",
      "id": 1031,
      "geometry": {
        "type": "Point",
        "coordinates": [
          121.183677,
          13.360415
        ]
      },
      "properties": {
        "id": 1031,
        "name": "LATERAL C TRESHER CROSSING (6+790)",
        "type": "Thresher Crossing",
        "structure": "THRESHER CROSSING",
        "station": "STA 6+790.0",
        "stationing": null,
        "ele": 0,
        "images": null,
        "desc": null,
        "comment": null,
        "time": "2024-08-07",
        "Structure_Category": "Thresher Crossing",
        "canal_name": "LATERAL C",
        "station_m": 6790,
        "elevation_m": 0
      }
    },
    {
      "type": "Feature",
      "id": 1033,
      "geometry": {
        "type": "Point",
        "coordinates": [
          121.159434,
          13.308745
        ]
      },
      "properties": {
        "id": 1033,
        "name": "LATERAL A2 THRESHER CROSSING (1+090)",
        "type": "Thresher Crossing",
        "structure": "THRESHER CROSSING",
        "station": "STA 1+090.0",
        "stationing": null,
        "ele": 0,
        "images": null,
        "desc": null,
        "comment": null,
        "time": "2024-08-09",
        "Structure_Category": "Thresher Crossing",
        "canal_name": "LATERAL A",
        "station_m": 1090,
        "elevation_m": 0
      }
    },
    {
      "type": "Feature",
      "id": 809,
      "geometry": {
        "type": "Point",
        "coordinates": [
          121.175107,
          13.374167
        ]
      },
      "properties": {
        "id": 809,
        "name": "Calapan Dam Right Start of Concrete Canal (0+063)",
        "type": "Other Structures",
        "structure": "Other Structures",
        "station": "STA 0+063.0",
        "stationing": null,
        "ele": 0,
        "images": null,
        "desc": null,
        "comment": null,
        "time": "2024-10-28",
        "Structure_Category": "Other Structures",
        "canal_name": "CALAPAN DAM MAIN CANAL RIGHT",
        "station_m": 63,
        "elevation_m": 0
      }
    },
    {
      "type": "Feature",
      "id": 811,
      "geometry": {
        "type": "Point",
        "coordinates": [
          121.174522,
          13.376134
        ]
      },
      "properties": {
        "id": 811,
        "name": "Calapan Dam Right Outlet (0+292)",
        "type": "Outlet",
        "structure": "Outlet",
        "station": "STA 0+292.0",
        "stationing": null,
        "ele": 0,
        "images": null,
        "desc": null,
        "comment": null,
        "time": "2024-10-28",
        "Structure_Category": "Outlet",
        "canal_name": "CALAPAN DAM MAIN CANAL RIGHT",
        "station_m": 292,
        "elevation_m": 0
      }
    },
    {
      "type": "Feature",
      "id": 810,
      "geometry": {
        "type": "Point",
        "coordinates": [
          121.174742,
          13.37532
        ]
      },
      "properties": {
        "id": 810,
        "name": "Calapan Dam Right Linning (0+199.4)",
        "type": "Other Structures",
        "structure": "Other Structures",
        "station": "STA 0+199.4",
        "stationing": null,
        "ele": 0,
        "images": null,
        "desc": null,
        "comment": null,
        "time": "2024-10-28",
        "Structure_Category": "Other Structures",
        "canal_name": "CALAPAN DAM MAIN CANAL RIGHT",
        "station_m": 199.4,
        "elevation_m": 0
      }
    },
    {
      "type": "Feature",
      "id": 812,
      "geometry": {
        "type": "Point",
        "coordinates": [
          121.174722,
          13.379743
        ]
      },
      "properties": {
        "id": 812,
        "name": "Calapan Dam Right End of Canal (0+702)",
        "type": "Other Structures",
        "structure": "Other Structures",
        "station": "STA 0+702.0",
        "stationing": null,
        "ele": 0,
        "images": null,
        "desc": null,
        "comment": null,
        "time": "2024-10-28",
        "Structure_Category": "Other Structures",
        "canal_name": "CALAPAN DAM MAIN CANAL RIGHT",
        "station_m": 702,
        "elevation_m": 0
      }
    },
    {
      "type": "Feature",
      "id": 813,
      "geometry": {
        "type": "Point",
        "coordinates": [
          121.174458,
          13.376942
        ]
      },
      "properties": {
        "id": 813,
        "name": "Calapan Dam Right End of Linning (0+385.5)",
        "type": "Other Structures",
        "structure": "Other Structures",
        "station": "STA 0+385.5",
        "stationing": null,
        "ele": 0,
        "images": null,
        "desc": null,
        "comment": "Start of Earth Canal",
        "time": "2024-10-28",
        "Structure_Category": "Other Structures",
        "canal_name": "CALAPAN DAM MAIN CANAL RIGHT",
        "station_m": 385.5,
        "elevation_m": 0
      }
    },
    {
      "type": "Feature",
      "id": 770,
      "geometry": {
        "type": "Point",
        "coordinates": [
          121.108158,
          13.303257
        ]
      },
      "properties": {
        "id": 770,
        "name": "LATERAL A EXTENSION TO 7 (6+336)",
        "type": "Turnout",
        "structure": "TURNOUT",
        "station": "STA 6+336.0",
        "stationing": null,
        "ele": 5.779,
        "images": "DSC01022.jpg",
        "desc": null,
        "comment": "Left",
        "time": "2023-08-10",
        "Structure_Category": "Turnout (TO)",
        "canal_name": "LATERAL A",
        "station_m": 6336,
        "elevation_m": 5.779
      }
    }
  ]
}