{
  "type": "FeatureCollection",
  "name": "Batang_Batang_RIS_structures",
  "crs": {
    "type": "name",
    "properties": {
      "name": "urn:ogc:def:crs:OGC:1.3:CRS84"
    }
  },
  "features": [
    {
      "type": "Feature",
      "geometry": {
        "type": "Point",
        "coordinates": [
          118.338814,
          9.246424
        ]
      },
      "properties": {
        "id": 172,
        "name": "DMTO #7 ((R/S) - MC",
        "type": "Turnout",
        "Structure_Category": "Turnout (TO)",
        "canal_name": "BATANG BATANG MAIN CANAL (SEGMENT 943)",
        "station": "STA 0+412.6",
        "station_m": 412.64,
        "offset_m": 0.12,
        "ele": 45.81,
        "desc": "",
        "comment": "Turn out #7 (R/S)",
        "images": "1000GRMN/DSC00197.jpg",
        "elevation_m": 45.81,
        "photo_filename": "DSC00197.jpg",
        "photo_path": "1000GRMN/DSC00197.jpg",
        "surveyor_comment": "Turn out #7 (R/S)",
        "survey_date": "2023-8-9"
      }
    },
    {
      "type": "Feature",
      "geometry": {
        "type": "Point",
        "coordinates": [
          118.335049,
          9.239825
        ]
      },
      "properties": {
        "id": 169,
        "name": "THRESHER CROSSING STRUCTURE - STA. 3+618.10 TO STA. 3+635.20",
        "type": "Thresher Crossing",
        "Structure_Category": "Thresher Crossing",
        "canal_name": "BATANG BATANG MAIN CANAL (SEGMENT 941)",
        "station": "STA 0+558.8",
        "station_m": 558.81,
        "offset_m": 2.23,
        "ele": 45.81,
        "desc": "",
        "comment": "Thresher Crossing",
        "images": "1000GRMN/DSC00193.jpg",
        "elevation_m": 45.81,
        "photo_filename": "DSC00193.jpg",
        "photo_path": "1000GRMN/DSC00193.jpg",
        "surveyor_comment": "Thresher Crossing",
        "survey_date": "2023-8-9"
      }
    },
    {
      "type": "Feature",
      "geometry": {
        "type": "Point",
        "coordinates": [
          118.35825,
          9.274086
        ]
      },
      "properties": {
        "id": 193,
        "name": "MTO #15 (R/S) - MC",
        "type": "Turnout",
        "Structure_Category": "Turnout (TO)",
        "canal_name": "BATANG BATANG MAIN CANAL (SEGMENT 1015)",
        "station": "STA 0+390.4",
        "station_m": 390.36,
        "offset_m": 9.21,
        "ele": 50.44,
        "desc": "",
        "comment": "Turn out #15 (R/S)",
        "images": "1000GRMN/DSC00219.jpg",
        "elevation_m": 50.44,
        "photo_filename": "DSC00219.jpg",
        "photo_path": "1000GRMN/DSC00219.jpg",
        "surveyor_comment": "Turn out #15 (R/S)",
        "survey_date": "2023-8-10"
      }
    },
    {
      "type": "Feature",
      "geometry": {
        "type": "Point",
        "coordinates": [
          118.321875,
          9.238943
        ]
      },
      "properties": {
        "id": 158,
        "name": "CHUTE STRUCTURE - STA. 1+925.30 - STA. 2+110.80",
        "type": "Drop",
        "Structure_Category": "Drop",
        "canal_name": "FARM DITCH (TRUNK 932 - 934)",
        "station": "STA 0+192.1",
        "station_m": 192.1,
        "offset_m": 7.59,
        "ele": 28.39,
        "desc": "",
        "comment": "Chute str.",
        "images": "1000GRMN/DSC00021.jpg",
        "elevation_m": 28.39,
        "photo_filename": "DSC00021.jpg",
        "photo_path": "1000GRMN/DSC00021.jpg",
        "surveyor_comment": "Chute str.",
        "survey_date": "2023-8-8"
      }
    },
    {
      "type": "Feature",
      "geometry": {
        "type": "Point",
        "coordinates": [
          118.326614,
          9.236887
        ]
      },
      "properties": {
        "id": 159,
        "name": "COMB. HDGT. OF LATERAL A & THRESHER CROSSING STRUCTURE - STA. 2+651.10 - 2+669.00",
        "type": "Thresher Crossing",
        "Structure_Category": "Head Gate",
        "canal_name": "LATERAL A (SEGMENT 945)",
        "station": "STA 0+003.0",
        "station_m": 2.99,
        "offset_m": 3.86,
        "ele": 24.03,
        "desc": "",
        "comment": "Comb.Thresher crossing & hdgt. of lat. A.",
        "images": "1000GRMN/DSC00023.jpg",
        "elevation_m": 24.03,
        "photo_filename": "DSC00023.jpg",
        "photo_path": "1000GRMN/DSC00023.jpg",
        "surveyor_comment": "Comb.Thresher crossing & hdgt. of lat. A.",
        "survey_date": "2023-8-8"
      }
    },
    {
      "type": "Feature",
      "geometry": {
        "type": "Point",
        "coordinates": [
          118.352987,
          9.269011
        ]
      },
      "properties": {
        "id": 184,
        "name": "RAOD CROSSING STR.",
        "type": "Road Crossing",
        "Structure_Category": "Road Crossing",
        "canal_name": "FARM DITCH (ANITOAN MAIN CANAL 1 - 1012)",
        "station": "STA 0+011.8",
        "station_m": 11.85,
        "offset_m": 0.3,
        "ele": 31.12,
        "desc": "",
        "comment": "Road crossing",
        "images": "1000GRMN/DSC00040.jpg",
        "elevation_m": 31.12,
        "photo_filename": "DSC00040.jpg",
        "photo_path": "1000GRMN/DSC00040.jpg",
        "surveyor_comment": "Road crossing",
        "survey_date": "2023-8-9"
      }
    },
    {
      "type": "Feature",
      "geometry": {
        "type": "Point",
        "coordinates": [
          118.374301,
          9.279025
        ]
      },
      "properties": {
        "id": 164,
        "name": "SIPHON STR.",
        "type": "Siphon",
        "Structure_Category": "Siphon",
        "canal_name": "FARM DITCH (TRUNK 1030 - 1029)",
        "station": "STA 0+018.6",
        "station_m": 18.6,
        "offset_m": 1.83,
        "ele": 45.72,
        "desc": "",
        "comment": "Comb. of siphon & over flow BRDG.",
        "images": "1000GRMN/DSC00007.jpg",
        "elevation_m": 45.72,
        "photo_filename": "DSC00007.jpg",
        "photo_path": "1000GRMN/DSC00007.jpg",
        "surveyor_comment": "Comb. of siphon & over flow BRDG.",
        "survey_date": "2023-8-9"
      }
    },
    {
      "type": "Feature",
      "geometry": {
        "type": "Point",
        "coordinates": [
          118.394184,
          9.293751
        ]
      },
      "properties": {
        "id": 220,
        "name": "DMTO #4(R/S) - LAT. I",
        "type": "Turnout",
        "Structure_Category": "Turnout (TO)",
        "canal_name": "LATERAL I (SEGMENT 1297)",
        "station": "STA 0+064.8",
        "station_m": 64.78,
        "offset_m": 1.62,
        "ele": 58.16,
        "desc": "",
        "comment": "Turn out #4 (R/S)",
        "images": "1000GRMN/DSC00086.jpg",
        "elevation_m": 58.16,
        "photo_filename": "DSC00086.jpg",
        "photo_path": "1000GRMN/DSC00086.jpg",
        "surveyor_comment": "Turn out #4 (R/S)",
        "survey_date": "2023-8-15"
      }
    },
    {
      "type": "Feature",
      "geometry": {
        "type": "Point",
        "coordinates": [
          118.372941,
          9.273903
        ]
      },
      "properties": {
        "id": 196,
        "name": "MTO #1(R/S) - LAT. F",
        "type": "Turnout",
        "Structure_Category": "Turnout (TO)",
        "canal_name": "LATERAL F (SEGMENT 1202)",
        "station": "STA 0+023.6",
        "station_m": 23.65,
        "offset_m": 6.09,
        "ele": 57.64,
        "desc": "",
        "comment": "Turn out #1 (R/S)",
        "images": "1000GRMN/DSC00224.jpg",
        "elevation_m": 57.64,
        "photo_filename": "DSC00224.jpg",
        "photo_path": "1000GRMN/DSC00224.jpg",
        "surveyor_comment": "Turn out #1 (R/S)",
        "survey_date": "2023-8-10"
      }
    },
    {
      "type": "Feature",
      "geometry": {
        "type": "Point",
        "coordinates": [
          118.345289,
          9.257771
        ]
      },
      "properties": {
        "id": 180,
        "name": "THRESHER CROSSING STR.",
        "type": "Road Crossing",
        "Structure_Category": "Thresher Crossing",
        "canal_name": "FARM DITCH (CENTRAL MALINAO MAIN CANAL - 987)",
        "station": "STA 0+007.1",
        "station_m": 7.08,
        "offset_m": 2.09,
        "ele": 30.67,
        "desc": "",
        "comment": "Thresher crossing",
        "images": "1000GRMN/DSC00035.jpg",
        "elevation_m": 30.67,
        "photo_filename": "DSC00035.jpg",
        "photo_path": "1000GRMN/DSC00035.jpg",
        "surveyor_comment": "Thresher crossing",
        "survey_date": "2023-8-9"
      }
    },
    {
      "type": "Feature",
      "geometry": {
        "type": "Point",
        "coordinates": [
          118.380127,
          9.280323
        ]
      },
      "properties": {
        "id": 260,
        "name": "RCP CROSSING STR.",
        "type": "Road Crossing",
        "Structure_Category": "Road Crossing",
        "canal_name": "FARM DITCH (TRUNK 1030 - 1188)",
        "station": "STA 0+151.3",
        "station_m": 151.29,
        "offset_m": 7.81,
        "ele": 63.25,
        "desc": "",
        "comment": "RCP crossing",
        "images": "1000GRMN/DSC00249.jpg",
        "elevation_m": 63.25,
        "photo_filename": "DSC00249.jpg",
        "photo_path": "1000GRMN/DSC00249.jpg",
        "surveyor_comment": "RCP crossing",
        "survey_date": "2023-8-11"
      }
    },
    {
      "type": "Feature",
      "geometry": {
        "type": "Point",
        "coordinates": [
          118.397549,
          9.290782
        ]
      },
      "properties": {
        "id": 224,
        "name": "MTO #7(L/S) - LAT. I",
        "type": "Unauthorized Turnout",
        "Structure_Category": "Turnout (TO)",
        "canal_name": "LATERAL I (SEGMENT 1313)",
        "station": "STA 0+067.3",
        "station_m": 67.33,
        "offset_m": 2.68,
        "ele": 56.15,
        "desc": "",
        "comment": "Turn out #7 (L/S)",
        "images": "1000GRMN/DSC00097.jpg",
        "elevation_m": 56.15,
        "photo_filename": "DSC00097.jpg",
        "photo_path": "1000GRMN/DSC00097.jpg",
        "surveyor_comment": "Turn out #7 (L/S)",
        "survey_date": "2023-8-15"
      }
    },
    {
      "type": "Feature",
      "geometry": {
        "type": "Point",
        "coordinates": [
          118.37301,
          9.273887
        ]
      },
      "properties": {
        "id": 197,
        "name": "MTO #2(L/S) - LAT. F",
        "type": "Turnout",
        "Structure_Category": "Turnout (TO)",
        "canal_name": "LATERAL F (SEGMENT 1202)",
        "station": "STA 0+028.9",
        "station_m": 28.94,
        "offset_m": 0.35,
        "ele": 57.64,
        "desc": "",
        "comment": "Turn out #2 (L/S)",
        "images": "1000GRMN/DSC00225.jpg",
        "elevation_m": 57.64,
        "photo_filename": "DSC00225.jpg",
        "photo_path": "1000GRMN/DSC00225.jpg",
        "surveyor_comment": "Turn out #2 (L/S)",
        "survey_date": "2023-8-10"
      }
    },
    {
      "type": "Feature",
      "geometry": {
        "type": "Point",
        "coordinates": [
          118.376195,
          9.269106
        ]
      },
      "properties": {
        "id": 201,
        "name": "DMTO #4 - LAT. F",
        "type": "Turnout",
        "Structure_Category": "Turnout (TO)",
        "canal_name": "BB LATERAL F",
        "station": "STA 1+163.8",
        "station_m": 1163.83,
        "offset_m": 2.05,
        "ele": 53.07,
        "desc": "",
        "comment": "Turn out #7 (R/S)",
        "images": "1000GRMN/DSC00229.jpg",
        "elevation_m": 53.07,
        "photo_filename": "DSC00229.jpg",
        "photo_path": "1000GRMN/DSC00229.jpg",
        "surveyor_comment": "Turn out #7 (R/S)",
        "survey_date": "2023-8-10"
      }
    },
    {
      "type": "Feature",
      "geometry": {
        "type": "Point",
        "coordinates": [
          118.3809,
          9.26203
        ]
      },
      "properties": {
        "id": 204,
        "name": "DMTO #7 - LAT. F",
        "type": "Turnout",
        "Structure_Category": "Turnout (TO)",
        "canal_name": "BB LATERAL F",
        "station": "STA 2+104.7",
        "station_m": 2104.73,
        "offset_m": 3.39,
        "ele": 47.66,
        "desc": "",
        "comment": "Turn out #11 (R/S)",
        "images": "1000GRMN/DSC00232.jpg",
        "elevation_m": 47.66,
        "photo_filename": "DSC00232.jpg",
        "photo_path": "1000GRMN/DSC00232.jpg",
        "surveyor_comment": "Turn out #11 (R/S)",
        "survey_date": "2023-8-10"
      }
    },
    {
      "type": "Feature",
      "geometry": {
        "type": "Point",
        "coordinates": [
          118.381443,
          9.261278
        ]
      },
      "properties": {
        "id": 205,
        "name": "DMTO #8 - LAT. F",
        "type": "Turnout",
        "Structure_Category": "Turnout (TO)",
        "canal_name": "LATERAL F (SEGMENT 1239)",
        "station": "STA 0+004.7",
        "station_m": 4.67,
        "offset_m": 0.8,
        "ele": 47.48,
        "desc": "",
        "comment": "Turn out #12 (L/S)",
        "images": "1000GRMN/DSC00233.jpg",
        "elevation_m": 47.48,
        "photo_filename": "DSC00233.jpg",
        "photo_path": "1000GRMN/DSC00233.jpg",
        "surveyor_comment": "Turn out #12 (L/S)",
        "survey_date": "2023-8-10"
      }
    },
    {
      "type": "Feature",
      "geometry": {
        "type": "Point",
        "coordinates": [
          118.38652,
          9.254543
        ]
      },
      "properties": {
        "id": 208,
        "name": "DMTO #10 - LAT. F",
        "type": "Turnout",
        "Structure_Category": "Turnout (TO)",
        "canal_name": "LATERAL F (SEGMENT 1251)",
        "station": "STA 0+129.8",
        "station_m": 129.84,
        "offset_m": 2.51,
        "ele": 46.02,
        "desc": "",
        "comment": "Turn out #14 (R/S)",
        "images": "1000GRMN/DSC00236.jpg",
        "elevation_m": 46.02,
        "photo_filename": "DSC00236.jpg",
        "photo_path": "1000GRMN/DSC00236.jpg",
        "surveyor_comment": "Turn out #14 (R/S)",
        "survey_date": "2023-8-10"
      }
    },
    {
      "type": "Feature",
      "geometry": {
        "type": "Point",
        "coordinates": [
          118.386549,
          9.254556
        ]
      },
      "properties": {
        "id": 209,
        "name": "DMTO #11 - LAT. F",
        "type": "Turnout",
        "Structure_Category": "Turnout (TO)",
        "canal_name": "BB LATERAL F",
        "station": "STA 3+153.3",
        "station_m": 3153.27,
        "offset_m": 0.03,
        "ele": 43.88,
        "desc": "",
        "comment": "Turn out #15 (L/S)",
        "images": "1000GRMN/DSC00237.jpg",
        "elevation_m": 43.88,
        "photo_filename": "DSC00237.jpg",
        "photo_path": "1000GRMN/DSC00237.jpg",
        "surveyor_comment": "Turn out #15 (L/S)",
        "survey_date": "2023-8-10"
      }
    },
    {
      "type": "Feature",
      "geometry": {
        "type": "Point",
        "coordinates": [
          118.388609,
          9.250379
        ]
      },
      "properties": {
        "id": 212,
        "name": "",
        "type": "Unauthorized Turnout",
        "Structure_Category": "Turnout (TO)",
        "canal_name": "BB LATERAL F",
        "station": "STA 3+669.2",
        "station_m": 3669.18,
        "offset_m": 4.26,
        "ele": 44.25,
        "desc": "",
        "comment": "Turn out #18 (L/S)",
        "images": "1000GRMN/DSC00242.jpg",
        "elevation_m": 44.25,
        "photo_filename": "DSC00242.jpg",
        "photo_path": "1000GRMN/DSC00242.jpg",
        "surveyor_comment": "Turn out #18 (L/S)",
        "survey_date": "2023-8-10"
      }
    },
    {
      "type": "Feature",
      "geometry": {
        "type": "Point",
        "coordinates": [
          118.3895,
          9.248318
        ]
      },
      "properties": {
        "id": 213,
        "name": "DMTO #16 - LAT. F",
        "type": "Turnout",
        "Structure_Category": "Turnout (TO)",
        "canal_name": "BB LATERAL F",
        "station": "STA 3+917.8",
        "station_m": 3917.83,
        "offset_m": 1.46,
        "ele": 44.24,
        "desc": "",
        "comment": "Turn out #22 (R/S)",
        "images": "1000GRMN/DSC00243.jpg",
        "elevation_m": 44.24,
        "photo_filename": "DSC00243.jpg",
        "photo_path": "1000GRMN/DSC00243.jpg",
        "surveyor_comment": "Turn out #22 (R/S)",
        "survey_date": "2023-8-10"
      }
    },
    {
      "type": "Feature",
      "geometry": {
        "type": "Point",
        "coordinates": [
          118.3866,
          9.271164
        ]
      },
      "properties": {
        "id": 272,
        "name": "MTO #3(R/S) - LAT. G",
        "type": "Turnout",
        "Structure_Category": "Turnout (TO)",
        "canal_name": "LATERAL G (SEGMENT 1206)",
        "station": "STA 0+002.1",
        "station_m": 2.07,
        "offset_m": 4.12,
        "ele": 50.26,
        "desc": "",
        "comment": "Turn out #5 (R/S)",
        "images": "1000GRMN/DSC00262.jpg",
        "elevation_m": 50.26,
        "photo_filename": "DSC00262.jpg",
        "photo_path": "1000GRMN/DSC00262.jpg",
        "surveyor_comment": "Turn out #5 (R/S)",
        "survey_date": "2023-8-11"
      }
    },
    {
      "type": "Feature",
      "geometry": {
        "type": "Point",
        "coordinates": [
          118.385228,
          9.286348
        ]
      },
      "properties": {
        "id": 290,
        "name": "RCP CROSSING STR.",
        "type": "Thresher Crossing",
        "Structure_Category": "Thresher Crossing",
        "canal_name": "FARM DITCH (TRUNK 1030 - 1280)",
        "station": "STA 0+000.2",
        "station_m": 0.21,
        "offset_m": 4.09,
        "ele": 85.37,
        "desc": "",
        "comment": "RCP crossing",
        "images": "1000GRMN/DSC00280.jpg",
        "elevation_m": 85.37,
        "photo_filename": "DSC00280.jpg",
        "photo_path": "1000GRMN/DSC00280.jpg",
        "surveyor_comment": "RCP crossing",
        "survey_date": "2023-8-11"
      }
    },
    {
      "type": "Feature",
      "geometry": {
        "type": "Point",
        "coordinates": [
          118.383721,
          9.275157
        ]
      },
      "properties": {
        "id": 268,
        "name": "UNAUTHORIZED TURN-OUT",
        "type": "Unauthorized Turnout",
        "Structure_Category": "Turnout (TO)",
        "canal_name": "FARM DITCH (TRUNK 1030 - 1195)",
        "station": "STA 0+008.8",
        "station_m": 8.84,
        "offset_m": 3.03,
        "ele": 55.55,
        "desc": "",
        "comment": "Turn out #4 (L/S)",
        "images": "1000GRMN/DSC00258.jpg",
        "elevation_m": 55.55,
        "photo_filename": "DSC00258.jpg",
        "photo_path": "1000GRMN/DSC00258.jpg",
        "surveyor_comment": "Turn out #4 (L/S)",
        "survey_date": "2023-8-11"
      }
    },
    {
      "type": "Feature",
      "geometry": {
        "type": "Point",
        "coordinates": [
          118.389775,
          9.26684
        ]
      },
      "properties": {
        "id": 276,
        "name": "INCLINED DROP STR.",
        "type": "Drop",
        "Structure_Category": "Drop",
        "canal_name": "FARM DITCH (TRUNK 1223 - 1214)",
        "station": "STA 0+007.8",
        "station_m": 7.84,
        "offset_m": 7.4,
        "ele": 49.41,
        "desc": "",
        "comment": "Inclined drop structure",
        "images": "1000GRMN/DSC00266.jpg",
        "elevation_m": 49.41,
        "photo_filename": "DSC00266.jpg",
        "photo_path": "1000GRMN/DSC00266.jpg",
        "surveyor_comment": "Inclined drop structure",
        "survey_date": "2023-8-11"
      }
    },
    {
      "type": "Feature",
      "geometry": {
        "type": "Point",
        "coordinates": [
          118.404707,
          9.261034
        ]
      },
      "properties": {
        "id": 287,
        "name": "MTO #11 - LAT. G",
        "type": "Turnout",
        "Structure_Category": "Turnout (TO)",
        "canal_name": "LATERAL G (SEGMENT 1243)",
        "station": "STA 0+230.8",
        "station_m": 230.76,
        "offset_m": 2.72,
        "ele": 57.65,
        "desc": "",
        "comment": "Comb. turn out #11 & crossing/oriffice",
        "images": "1000GRMN/DSC00277.jpg",
        "elevation_m": 57.65,
        "photo_filename": "DSC00277.jpg",
        "photo_path": "1000GRMN/DSC00277.jpg",
        "surveyor_comment": "Comb. turn out #11 & crossing/oriffice",
        "survey_date": "2023-8-11"
      }
    },
    {
      "type": "Feature",
      "geometry": {
        "type": "Point",
        "coordinates": [
          118.400014,
          9.288165
        ]
      },
      "properties": {
        "id": 248,
        "name": "THRESHER CROSSING STR.",
        "type": "Thresher Crossing",
        "Structure_Category": "Thresher Crossing",
        "canal_name": "LATERAL I (SEGMENT 1317)",
        "station": "STA 0+168.8",
        "station_m": 168.78,
        "offset_m": 5.86,
        "ele": 53.76,
        "desc": "",
        "comment": "Cart crossing structure",
        "images": "1000GRMN/DSC00309.jpg",
        "elevation_m": 53.76,
        "photo_filename": "DSC00309.jpg",
        "photo_path": "1000GRMN/DSC00309.jpg",
        "surveyor_comment": "Cart crossing structure",
        "survey_date": "2023-8-15"
      }
    },
    {
      "type": "Feature",
      "geometry": {
        "type": "Point",
        "coordinates": [
          118.396047,
          9.258605
        ]
      },
      "properties": {
        "id": 280,
        "name": "047",
        "type": "Road Crossing",
        "Structure_Category": "Road Crossing",
        "canal_name": "FARM DITCH (TRUNK 1223 - 1230)",
        "station": "STA 0+004.0",
        "station_m": 4.05,
        "offset_m": 1.83,
        "ele": 39.92,
        "desc": "",
        "comment": "RCP crossing",
        "images": "1000GRMN/DSC00270.jpg",
        "elevation_m": 39.92,
        "photo_filename": "DSC00270.jpg",
        "photo_path": "1000GRMN/DSC00270.jpg",
        "surveyor_comment": "RCP crossing",
        "survey_date": "2023-8-11"
      }
    },
    {
      "type": "Feature",
      "geometry": {
        "type": "Point",
        "coordinates": [
          118.402465,
          9.259623
        ]
      },
      "properties": {
        "id": 284,
        "name": "051",
        "type": "Road Crossing",
        "Structure_Category": "Road Crossing",
        "canal_name": "FARM DITCH (TRUNK 1223 - 1238)",
        "station": "STA 0+018.9",
        "station_m": 18.9,
        "offset_m": 4.22,
        "ele": 39.91,
        "desc": "",
        "comment": "RCP crossing",
        "images": "1000GRMN/DSC00274.jpg",
        "elevation_m": 39.91,
        "photo_filename": "DSC00274.jpg",
        "photo_path": "1000GRMN/DSC00274.jpg",
        "surveyor_comment": "RCP crossing",
        "survey_date": "2023-8-11"
      }
    },
    {
      "type": "Feature",
      "geometry": {
        "type": "Point",
        "coordinates": [
          118.386763,
          9.28414
        ]
      },
      "properties": {
        "id": 292,
        "name": "MTO #1(L/S) - LAT. H",
        "type": "Turnout",
        "Structure_Category": "Turnout (TO)",
        "canal_name": "LATERAL H (SEGMENT 1291)",
        "station": "STA 0+002.3",
        "station_m": 2.31,
        "offset_m": 2.77,
        "ele": 85.51,
        "desc": "",
        "comment": "Turn out #1 (L/S)",
        "images": "1000GRMN/DSC00282.jpg",
        "elevation_m": 85.51,
        "photo_filename": "DSC00282.jpg",
        "photo_path": "1000GRMN/DSC00282.jpg",
        "surveyor_comment": "Turn out #1 (L/S)",
        "survey_date": "2023-8-11"
      }
    },
    {
      "type": "Feature",
      "geometry": {
        "type": "Point",
        "coordinates": [
          118.386752,
          9.284139
        ]
      },
      "properties": {
        "id": 294,
        "name": "VERTICAL DROP STR.",
        "type": "Drop",
        "Structure_Category": "Drop",
        "canal_name": "LATERAL H (SEGMENT 1291)",
        "station": "STA 0+003.0",
        "station_m": 3,
        "offset_m": 3.77,
        "ele": 85.51,
        "desc": "",
        "comment": "Drop structure",
        "images": "1000GRMN/DSC00284.jpg",
        "elevation_m": 85.51,
        "photo_filename": "DSC00284.jpg",
        "photo_path": "1000GRMN/DSC00284.jpg",
        "surveyor_comment": "Drop structure",
        "survey_date": "2023-8-11"
      }
    },
    {
      "type": "Feature",
      "geometry": {
        "type": "Point",
        "coordinates": [
          118.391549,
          9.29609
        ]
      },
      "properties": {
        "id": 240,
        "name": "DRAINAGE STR.",
        "type": "Drainage",
        "Structure_Category": "Drainage",
        "canal_name": "FARM DITCH (PANACAN SUPPLY CANAL 2 - 1283)",
        "station": "STA 0+014.9",
        "station_m": 14.92,
        "offset_m": 7.06,
        "ele": 62.63,
        "desc": "",
        "comment": "Drainage crossing",
        "images": "1000GRMN/DSC00300.jpg",
        "elevation_m": 62.63,
        "photo_filename": "DSC00300.jpg",
        "photo_path": "1000GRMN/DSC00300.jpg",
        "surveyor_comment": "Drainage crossing",
        "survey_date": "2023-8-15"
      }
    },
    {
      "type": "Feature",
      "geometry": {
        "type": "Point",
        "coordinates": [
          118.38896,
          9.283393
        ]
      },
      "properties": {
        "id": 296,
        "name": "MTO #4(L/S) - LAT. H",
        "type": "Turnout",
        "Structure_Category": "Turnout (TO)",
        "canal_name": "LATERAL H (SEGMENT 1293)",
        "station": "STA 0+048.5",
        "station_m": 48.46,
        "offset_m": 2.18,
        "ele": 85.51,
        "desc": "",
        "comment": "Turn out #4 (L/S)",
        "images": "1000GRMN/DSC00286.jpg",
        "elevation_m": 85.51,
        "photo_filename": "DSC00286.jpg",
        "photo_path": "1000GRMN/DSC00286.jpg",
        "surveyor_comment": "Turn out #4 (L/S)",
        "survey_date": "2023-8-11"
      }
    },
    {
      "type": "Feature",
      "geometry": {
        "type": "Point",
        "coordinates": [
          118.339206,
          9.247441
        ]
      },
      "properties": {
        "id": 176,
        "name": "DMTO #8(R/S) - MC",
        "type": "Turnout",
        "Structure_Category": "Turnout (TO)",
        "canal_name": "BATANG BATANG MAIN CANAL (SEGMENT 946)",
        "station": "STA 0+068.7",
        "station_m": 68.71,
        "offset_m": 1.09,
        "ele": 29.27,
        "desc": "",
        "comment": "Turn out #8  (R/S)  str.",
        "images": "1000GRMN/DSC00029.jpg",
        "elevation_m": 29.27,
        "photo_filename": "DSC00029.jpg",
        "photo_path": "1000GRMN/DSC00029.jpg",
        "surveyor_comment": "Turn out #8 (R/S) str.",
        "survey_date": "2023-8-9"
      }
    },
    {
      "type": "Feature",
      "geometry": {
        "type": "Point",
        "coordinates": [
          118.403615,
          9.286534
        ]
      },
      "properties": {
        "id": 228,
        "name": "DMTO #6 - LAT. I",
        "type": "Turnout",
        "Structure_Category": "Turnout (TO)",
        "canal_name": "LATERAL I (SEGMENT 1323)",
        "station": "STA 0+063.2",
        "station_m": 63.17,
        "offset_m": 1.37,
        "ele": 50.18,
        "desc": "",
        "comment": "Turn out #11 (L/S)",
        "images": "1000GRMN/DSC00096.jpg",
        "elevation_m": 50.18,
        "photo_filename": "DSC00096.jpg",
        "photo_path": "1000GRMN/DSC00096.jpg",
        "surveyor_comment": "Turn out #11 (L/S)",
        "survey_date": "2023-8-15"
      }
    },
    {
      "type": "Feature",
      "geometry": {
        "type": "Point",
        "coordinates": [
          118.396041,
          9.29205
        ]
      },
      "properties": {
        "id": 244,
        "name": "THRESHER CROSSING STR. & VERTICAL DROP STR.",
        "type": "Drop",
        "Structure_Category": "Thresher Crossing",
        "canal_name": "FARM DITCH (PANACAN SUPPLY CANAL 1 - 1302)",
        "station": "STA 0+068.2",
        "station_m": 68.25,
        "offset_m": 8.26,
        "ele": 59.56,
        "desc": "",
        "comment": "Thresher crossing & drop structure",
        "images": "1000GRMN/DSC00304.jpg",
        "elevation_m": 59.56,
        "photo_filename": "DSC00304.jpg",
        "photo_path": "1000GRMN/DSC00304.jpg",
        "surveyor_comment": "Thresher crossing & drop structure",
        "survey_date": "2023-8-15"
      }
    },
    {
      "type": "Feature",
      "geometry": {
        "type": "Point",
        "coordinates": [
          118.398426,
          9.292715
        ]
      },
      "properties": {
        "id": 232,
        "name": "DMTO #3 - PDMC1",
        "type": "Turnout",
        "Structure_Category": "Turnout (TO)",
        "canal_name": "PANACAN DIVERSION MAIN CANAL (SEGMENT 1322)",
        "station": "STA 0+218.4",
        "station_m": 218.37,
        "offset_m": 0,
        "ele": 58.88,
        "desc": "",
        "comment": "Turn out #3 (R/S)\n",
        "images": "1000GRMN/DSC00101.jpg",
        "elevation_m": 58.88,
        "photo_filename": "DSC00101.jpg",
        "photo_path": "1000GRMN/DSC00101.jpg",
        "surveyor_comment": "Turn out #3 (R/S)",
        "survey_date": "2023-8-15"
      }
    },
    {
      "type": "Feature",
      "geometry": {
        "type": "Point",
        "coordinates": [
          118.382142,
          9.27722
        ]
      },
      "properties": {
        "id": 264,
        "name": "MTO #1(R/S) - LAT. G",
        "type": "Turnout",
        "Structure_Category": "Turnout (TO)",
        "canal_name": "LATERAL G (SEGMENT 1191)",
        "station": "STA 0+000.2",
        "station_m": 0.2,
        "offset_m": 6.76,
        "ele": 59.28,
        "desc": "",
        "comment": "Turn out #2 (R/S)",
        "images": "1000GRMN/DSC00253.jpg",
        "elevation_m": 59.28,
        "photo_filename": "DSC00253.jpg",
        "photo_path": "1000GRMN/DSC00253.jpg",
        "surveyor_comment": "Turn out #2 (R/S)",
        "survey_date": "2023-8-11"
      }
    },
    {
      "type": "Feature",
      "geometry": {
        "type": "Point",
        "coordinates": [
          118.405879,
          9.284501
        ]
      },
      "properties": {
        "id": 252,
        "name": "DMTO #7 - LAT. I",
        "type": "Turnout",
        "Structure_Category": "Turnout (TO)",
        "canal_name": "Off-Canal",
        "station": "N/A",
        "station_m": null,
        "offset_m": 76.46,
        "ele": 53.75,
        "desc": "",
        "comment": "Comb.turn out #12 & road crossing/oriffice",
        "images": "1000GRMN/DSC00313.jpg",
        "elevation_m": 53.75,
        "photo_filename": "DSC00313.jpg",
        "photo_path": "1000GRMN/DSC00313.jpg",
        "surveyor_comment": "Comb.turn out #12 & road crossing/oriffice",
        "survey_date": "2023-8-15"
      }
    },
    {
      "type": "Feature",
      "geometry": {
        "type": "Point",
        "coordinates": [
          118.402093,
          9.295571
        ]
      },
      "properties": {
        "id": 236,
        "name": "DMTO #7 - PDMC1",
        "type": "Turnout",
        "Structure_Category": "Turnout (TO)",
        "canal_name": "PANACAN DIVERSION MAIN CANAL (SEGMENT 1322)",
        "station": "STA 0+736.9",
        "station_m": 736.93,
        "offset_m": 0.73,
        "ele": 58.87,
        "desc": "",
        "comment": "Turn out #7 (L/S)",
        "images": "1000GRMN/DSC00106.jpg",
        "elevation_m": 58.87,
        "photo_filename": "DSC00106.jpg",
        "photo_path": "1000GRMN/DSC00106.jpg",
        "surveyor_comment": "Turn out #7 (L/S)",
        "survey_date": "2023-8-15"
      }
    },
    {
      "type": "Feature",
      "geometry": {
        "type": "Point",
        "coordinates": [
          118.399486,
          9.293588
        ]
      },
      "properties": {
        "id": 256,
        "name": "DMTO #4 - PDMC1",
        "type": "Turnout",
        "Structure_Category": "Turnout (TO)",
        "canal_name": "PANACAN SUPPLY CANAL 1",
        "station": "STA 0+708.5",
        "station_m": 708.55,
        "offset_m": 7.48,
        "ele": 61.65,
        "desc": "",
        "comment": "Turn out #4 (R/S)",
        "images": "1000GRMN/DSC00317.jpg",
        "elevation_m": 61.65,
        "photo_filename": "DSC00317.jpg",
        "photo_path": "1000GRMN/DSC00317.jpg",
        "surveyor_comment": "Turn out #4 (R/S)",
        "survey_date": "2023-8-15"
      }
    },
    {
      "type": "Feature",
      "geometry": {
        "type": "Point",
        "coordinates": [
          118.374935,
          9.27083
        ]
      },
      "properties": {
        "id": 200,
        "name": "DMTO #3 - LAT. F",
        "type": "Turnout",
        "Structure_Category": "Turnout (TO)",
        "canal_name": "LATERAL F (SEGMENT 1213)",
        "station": "STA 0+142.9",
        "station_m": 142.94,
        "offset_m": 1.76,
        "ele": 53.07,
        "desc": "",
        "comment": "Turn out #6 (L/S)",
        "images": "1000GRMN/DSC00228.jpg",
        "elevation_m": 53.07,
        "photo_filename": "DSC00228.jpg",
        "photo_path": "1000GRMN/DSC00228.jpg",
        "surveyor_comment": "Turn out #6 (L/S)",
        "survey_date": "2023-8-10"
      }
    },
    {
      "type": "Feature",
      "geometry": {
        "type": "Point",
        "coordinates": [
          118.389992,
          9.297376
        ]
      },
      "properties": {
        "id": 216,
        "name": "MTO #1(R/S) - LAT. I",
        "type": "Turnout",
        "Structure_Category": "Turnout (TO)",
        "canal_name": "LATERAL I (SEGMENT 1279)",
        "station": "STA 0+006.8",
        "station_m": 6.76,
        "offset_m": 2.4,
        "ele": 63.23,
        "desc": "",
        "comment": "Turn out #1 (R/S)",
        "images": "1000GRMN/DSC00082.jpg",
        "elevation_m": 63.23,
        "photo_filename": "DSC00082.jpg",
        "photo_path": "1000GRMN/DSC00082.jpg",
        "surveyor_comment": "Turn out #1 (R/S)",
        "survey_date": "2023-8-15"
      }
    },
    {
      "type": "Feature",
      "geometry": {
        "type": "Point",
        "coordinates": [
          118.314386,
          9.243977
        ]
      },
      "properties": {
        "id": 155,
        "name": "DMTO #2 (R/S) - MC",
        "type": "Turnout",
        "Structure_Category": "Turnout (TO)",
        "canal_name": "BATANG BATANG MAIN CANAL (SEGMENT 932)",
        "station": "STA 0+778.4",
        "station_m": 778.37,
        "offset_m": 6.22,
        "ele": 34.91,
        "desc": "",
        "comment": "Turn out #2 (R/S)",
        "images": "1000GRMN/DSC00015.jpg",
        "elevation_m": 34.91,
        "photo_filename": "DSC00015.jpg",
        "photo_path": "1000GRMN/DSC00015.jpg",
        "surveyor_comment": "Turn out #2 (R/S)",
        "survey_date": "2023-8-8"
      }
    },
    {
      "type": "Feature",
      "geometry": {
        "type": "Point",
        "coordinates": [
          118.365486,
          9.277499
        ]
      },
      "properties": {
        "id": 194,
        "name": "DMTO #17 (R/S) - MC",
        "type": "Turnout",
        "Structure_Category": "Turnout (TO)",
        "canal_name": "LATERAL E (SEGMENT 1021)",
        "station": "STA 0+271.3",
        "station_m": 271.33,
        "offset_m": 11.38,
        "ele": 50.4,
        "desc": "",
        "comment": "Turn out #17 (R/S)",
        "images": "1000GRMN/DSC00220.jpg",
        "elevation_m": 50.4,
        "photo_filename": "DSC00220.jpg",
        "photo_path": "1000GRMN/DSC00220.jpg",
        "surveyor_comment": "Turn out #17 (R/S)",
        "survey_date": "2023-8-10"
      }
    },
    {
      "type": "Feature",
      "geometry": {
        "type": "Point",
        "coordinates": [
          118.318339,
          9.24345
        ]
      },
      "properties": {
        "id": 156,
        "name": "CART CROSSING STRUCTURE - STA. 1+017.30",
        "type": "Thresher Crossing",
        "Structure_Category": "Thresher Crossing",
        "canal_name": "BATANG BATANG MAIN CANAL (SEGMENT 932)",
        "station": "STA 1+225.2",
        "station_m": 1225.21,
        "offset_m": 2.48,
        "ele": 34.9,
        "desc": "",
        "comment": "Cart crossing str.",
        "images": "1000GRMN/DSC00017.jpg",
        "elevation_m": 34.9,
        "photo_filename": "DSC00017.jpg",
        "photo_path": "1000GRMN/DSC00017.jpg",
        "surveyor_comment": "Cart crossing str.",
        "survey_date": "2023-8-8"
      }
    },
    {
      "type": "Feature",
      "geometry": {
        "type": "Point",
        "coordinates": [
          118.337845,
          9.251631
        ]
      },
      "properties": {
        "id": 177,
        "name": "DMTO #9 (R/S) - MC",
        "type": "Turnout",
        "Structure_Category": "Turnout (TO)",
        "canal_name": "BATANG BATANG MAIN CANAL (SEGMENT 948)",
        "station": "STA 0+064.7",
        "station_m": 64.69,
        "offset_m": 0.23,
        "ele": 29.3,
        "desc": "",
        "comment": "Turn out #9 (R/S) str.",
        "images": "1000GRMN/DSC00031.jpg",
        "elevation_m": 29.3,
        "photo_filename": "DSC00031.jpg",
        "photo_path": "1000GRMN/DSC00031.jpg",
        "surveyor_comment": "Turn out #9 (R/S) str.",
        "survey_date": "2023-8-9"
      }
    },
    {
      "type": "Feature",
      "geometry": {
        "type": "Point",
        "coordinates": [
          118.376304,
          9.280125
        ]
      },
      "properties": {
        "id": 165,
        "name": "DMTO #22(R/S) - MC",
        "type": "Turnout",
        "Structure_Category": "Turnout (TO)",
        "canal_name": "BATANG BATANG MAIN CANAL (SEGMENT 1030)",
        "station": "STA 0+214.5",
        "station_m": 214.49,
        "offset_m": 1.64,
        "ele": 48.24,
        "desc": "",
        "comment": "Turn out #22 (R/S)",
        "images": "1000GRMN/DSC00008.jpg",
        "elevation_m": 48.24,
        "photo_filename": "DSC00008.jpg",
        "photo_path": "1000GRMN/DSC00008.jpg",
        "surveyor_comment": "Turn out #22 (R/S)",
        "survey_date": "2023-8-9"
      }
    },
    {
      "type": "Feature",
      "geometry": {
        "type": "Point",
        "coordinates": [
          118.339616,
          9.25465
        ]
      },
      "properties": {
        "id": 178,
        "name": "CHUTE STRUCTURE - STA. 5+578.40 - STA. 5+663.40",
        "type": "Drop",
        "Structure_Category": "Drop",
        "canal_name": "FARM DITCH (BB LATERAL D - 964)",
        "station": "STA 0+050.1",
        "station_m": 50.06,
        "offset_m": 1.49,
        "ele": 23.13,
        "desc": "",
        "comment": "Chute str.#2",
        "images": "1000GRMN/DSC00032.jpg",
        "elevation_m": 23.13,
        "photo_filename": "DSC00032.jpg",
        "photo_path": "1000GRMN/DSC00032.jpg",
        "surveyor_comment": "Chute str.#2",
        "survey_date": "2023-8-9"
      }
    },
    {
      "type": "Feature",
      "geometry": {
        "type": "Point",
        "coordinates": [
          118.373965,
          9.278845
        ]
      },
      "properties": {
        "id": 190,
        "name": "THRESHER CROSSING STR.",
        "type": "Thresher Crossing",
        "Structure_Category": "Thresher Crossing",
        "canal_name": "FARM DITCH (TRUNK 1030 - 1027)",
        "station": "STA 0+006.9",
        "station_m": 6.87,
        "offset_m": 2.82,
        "ele": 35.1,
        "desc": "",
        "comment": "Thresher crossing",
        "images": "1000GRMN/DSC00047.jpg",
        "elevation_m": 35.1,
        "photo_filename": "DSC00047.jpg",
        "photo_path": "1000GRMN/DSC00047.jpg",
        "surveyor_comment": "Thresher crossing",
        "survey_date": "2023-8-9"
      }
    },
    {
      "type": "Feature",
      "geometry": {
        "type": "Point",
        "coordinates": [
          118.346638,
          9.265994
        ]
      },
      "properties": {
        "id": 182,
        "name": "THRESHER CROSSING STR.",
        "type": "Thresher Crossing",
        "Structure_Category": "Thresher Crossing",
        "canal_name": "FARM DITCH (TRUNK 1004 - 1006)",
        "station": "STA 0+012.9",
        "station_m": 12.94,
        "offset_m": 2.18,
        "ele": 31.16,
        "desc": "",
        "comment": "Thresher crossing",
        "images": "1000GRMN/DSC00037.jpg",
        "elevation_m": 31.16,
        "photo_filename": "DSC00037.jpg",
        "photo_path": "1000GRMN/DSC00037.jpg",
        "surveyor_comment": "Thresher crossing",
        "survey_date": "2023-8-9"
      }
    },
    {
      "type": "Feature",
      "geometry": {
        "type": "Point",
        "coordinates": [
          118.355557,
          9.271758
        ]
      },
      "properties": {
        "id": 185,
        "name": "THRESHER CROSSING STR.",
        "type": "Thresher Crossing",
        "Structure_Category": "Thresher Crossing",
        "canal_name": "FARM DITCH (ANITOAN MAIN CANAL 1 - 1014)",
        "station": "STA 0+009.9",
        "station_m": 9.89,
        "offset_m": 1.23,
        "ele": 31.12,
        "desc": "",
        "comment": "Thresher crossing",
        "images": "1000GRMN/DSC00042.jpg",
        "elevation_m": 31.12,
        "photo_filename": "DSC00042.jpg",
        "photo_path": "1000GRMN/DSC00042.jpg",
        "surveyor_comment": "Thresher crossing",
        "survey_date": "2023-8-9"
      }
    },
    {
      "type": "Feature",
      "geometry": {
        "type": "Point",
        "coordinates": [
          118.358696,
          9.274939
        ]
      },
      "properties": {
        "id": 186,
        "name": "THRESHER CROSSING STR.",
        "type": "Thresher Crossing",
        "Structure_Category": "Thresher Crossing",
        "canal_name": "FARM DITCH (BB LATERAL E - 1016)",
        "station": "STA 0+010.7",
        "station_m": 10.72,
        "offset_m": 3.67,
        "ele": 31.12,
        "desc": "",
        "comment": "Thresher crossing",
        "images": "1000GRMN/DSC00043.jpg",
        "elevation_m": 31.12,
        "photo_filename": "DSC00043.jpg",
        "photo_path": "1000GRMN/DSC00043.jpg",
        "surveyor_comment": "Thresher crossing",
        "survey_date": "2023-8-9"
      }
    },
    {
      "type": "Feature",
      "geometry": {
        "type": "Point",
        "coordinates": [
          118.370807,
          9.278026
        ]
      },
      "properties": {
        "id": 162,
        "name": "DMTO #19(R/S) - MC",
        "type": "Turnout",
        "Structure_Category": "Turnout (TO)",
        "canal_name": "BATANG BATANG MAIN CANAL (SEGMENT 1024)",
        "station": "STA 0+102.1",
        "station_m": 102.06,
        "offset_m": 4.33,
        "ele": 46.87,
        "desc": "",
        "comment": "Turn out #19 (R/S)",
        "images": "1000GRMN/DSC00005.jpg",
        "elevation_m": 46.87,
        "photo_filename": "DSC00005.jpg",
        "photo_path": "1000GRMN/DSC00005.jpg",
        "surveyor_comment": "Turn out #19 (R/S)",
        "survey_date": "2023-8-9"
      }
    },
    {
      "type": "Feature",
      "geometry": {
        "type": "Point",
        "coordinates": [
          118.34874,
          9.261433
        ]
      },
      "properties": {
        "id": 181,
        "name": "THRESHER CROSSING STR.",
        "type": "Thresher Crossing",
        "Structure_Category": "Thresher Crossing",
        "canal_name": "FARM DITCH (TRUNK 1002 - 1003)",
        "station": "STA 0+011.8",
        "station_m": 11.84,
        "offset_m": 0.51,
        "ele": 31.14,
        "desc": "",
        "comment": "Thresher crossing",
        "images": "1000GRMN/DSC00036.jpg",
        "elevation_m": 31.14,
        "photo_filename": "DSC00036.jpg",
        "photo_path": "1000GRMN/DSC00036.jpg",
        "surveyor_comment": "Thresher crossing",
        "survey_date": "2023-8-9"
      }
    },
    {
      "type": "Feature",
      "geometry": {
        "type": "Point",
        "coordinates": [
          118.391461,
          9.296197
        ]
      },
      "properties": {
        "id": 217,
        "name": "ROAD CROSSING STR.",
        "type": "Road Crossing",
        "Structure_Category": "Road Crossing",
        "canal_name": "FARM DITCH (PANACAN SUPPLY CANAL 2 - 1283)",
        "station": "STA 0+002.1",
        "station_m": 2.1,
        "offset_m": 1.33,
        "ele": 63.23,
        "desc": "",
        "comment": "RD. crossing",
        "images": "1000GRMN/DSC00083.jpg",
        "elevation_m": 63.23,
        "photo_filename": "DSC00083.jpg",
        "photo_path": "1000GRMN/DSC00083.jpg",
        "surveyor_comment": "RD. crossing",
        "survey_date": "2023-8-15"
      }
    },
    {
      "type": "Feature",
      "geometry": {
        "type": "Point",
        "coordinates": [
          118.37935,
          9.264242
        ]
      },
      "properties": {
        "id": 202,
        "name": "DMTO #5 - LAT. F",
        "type": "Turnout",
        "Structure_Category": "Turnout (TO)",
        "canal_name": "BB LATERAL F",
        "station": "STA 1+805.9",
        "station_m": 1805.92,
        "offset_m": 12.71,
        "ele": 48.59,
        "desc": "",
        "comment": "Turn out #9 (R/S)",
        "images": "1000GRMN/DSC00230.jpg",
        "elevation_m": 48.59,
        "photo_filename": "DSC00230.jpg",
        "photo_path": "1000GRMN/DSC00230.jpg",
        "surveyor_comment": "Turn out #9 (R/S)",
        "survey_date": "2023-8-10"
      }
    },
    {
      "type": "Feature",
      "geometry": {
        "type": "Point",
        "coordinates": [
          118.383269,
          9.258604
        ]
      },
      "properties": {
        "id": 206,
        "name": "DMTO #9 - LAT. F",
        "type": "Turnout",
        "Structure_Category": "Turnout (TO)",
        "canal_name": "LATERAL F (SEGMENT 1245)",
        "station": "STA 0+122.9",
        "station_m": 122.88,
        "offset_m": 0.6,
        "ele": 46.03,
        "desc": "",
        "comment": "Turn out #13 (L/S)",
        "images": "1000GRMN/DSC00234.jpg",
        "elevation_m": 46.03,
        "photo_filename": "DSC00234.jpg",
        "photo_path": "1000GRMN/DSC00234.jpg",
        "surveyor_comment": "Turn out #13 (L/S)",
        "survey_date": "2023-8-10"
      }
    },
    {
      "type": "Feature",
      "geometry": {
        "type": "Point",
        "coordinates": [
          118.387649,
          9.252247
        ]
      },
      "properties": {
        "id": 210,
        "name": "DMTO #12 - LAT. F",
        "type": "Turnout",
        "Structure_Category": "Turnout (TO)",
        "canal_name": "BB LATERAL F",
        "station": "STA 3+436.6",
        "station_m": 3436.6,
        "offset_m": 0.02,
        "ele": 44.26,
        "desc": "",
        "comment": "Turn out #16 (L/S)",
        "images": "1000GRMN/DSC00238.jpg",
        "elevation_m": 44.26,
        "photo_filename": "DSC00238.jpg",
        "photo_path": "1000GRMN/DSC00238.jpg",
        "surveyor_comment": "Turn out #16 (L/S)",
        "survey_date": "2023-8-10"
      }
    },
    {
      "type": "Feature",
      "geometry": {
        "type": "Point",
        "coordinates": [
          118.389558,
          9.24835
        ]
      },
      "properties": {
        "id": 214,
        "name": "",
        "type": "Unauthorized Turnout",
        "Structure_Category": "Turnout (TO)",
        "canal_name": "LATERAL F (SEGMENT 1258)",
        "station": "STA 0+062.2",
        "station_m": 62.25,
        "offset_m": 5.29,
        "ele": 44.25,
        "desc": "",
        "comment": "Turn out #23 (L/S)",
        "images": "1000GRMN/DSC00245.jpg",
        "elevation_m": 44.25,
        "photo_filename": "DSC00245.jpg",
        "photo_path": "1000GRMN/DSC00245.jpg",
        "surveyor_comment": "Turn out #23 (L/S)",
        "survey_date": "2023-8-10"
      }
    },
    {
      "type": "Feature",
      "geometry": {
        "type": "Point",
        "coordinates": [
          118.398406,
          9.292715
        ]
      },
      "properties": {
        "id": 233,
        "name": "PADDY DRAIN",
        "type": "Inlet",
        "Structure_Category": "Inlet",
        "canal_name": "PANACAN SUPPLY CANAL 1",
        "station": "STA 0+555.4",
        "station_m": 555.42,
        "offset_m": 0.12,
        "ele": 58.89,
        "desc": "",
        "comment": "Paddy drain",
        "images": "1000GRMN/DSC00102.jpg",
        "elevation_m": 58.89,
        "photo_filename": "DSC00102.jpg",
        "photo_path": "1000GRMN/DSC00102.jpg",
        "surveyor_comment": "Paddy drain",
        "survey_date": "2023-8-15"
      }
    },
    {
      "type": "Feature",
      "geometry": {
        "type": "Point",
        "coordinates": [
          118.386612,
          9.271199
        ]
      },
      "properties": {
        "id": 273,
        "name": "MTO #4(L/S) - LAT. G",
        "type": "Turnout",
        "Structure_Category": "Turnout (TO)",
        "canal_name": "LATERAL G (SEGMENT 1205)",
        "station": "STA 0+000.4",
        "station_m": 0.36,
        "offset_m": 0.81,
        "ele": 49.6,
        "desc": "",
        "comment": "Turn out #6 (L/S)",
        "images": "1000GRMN/DSC00263.jpg",
        "elevation_m": 49.6,
        "photo_filename": "DSC00263.jpg",
        "photo_path": "1000GRMN/DSC00263.jpg",
        "surveyor_comment": "Turn out #6 (L/S)",
        "survey_date": "2023-8-11"
      }
    },
    {
      "type": "Feature",
      "geometry": {
        "type": "Point",
        "coordinates": [
          118.381079,
          9.278684
        ]
      },
      "properties": {
        "id": 262,
        "name": "ROAD CROSSING STR.",
        "type": "Road Crossing",
        "Structure_Category": "Road Crossing",
        "canal_name": "FARM DITCH (TRUNK 1030 - 1190)",
        "station": "STA 0+003.0",
        "station_m": 2.99,
        "offset_m": 5.63,
        "ele": 63.24,
        "desc": "",
        "comment": "RCP crossing",
        "images": "1000GRMN/DSC00251.jpg",
        "elevation_m": 63.24,
        "photo_filename": "DSC00251.jpg",
        "photo_path": "1000GRMN/DSC00251.jpg",
        "surveyor_comment": "RCP crossing",
        "survey_date": "2023-8-11"
      }
    },
    {
      "type": "Feature",
      "geometry": {
        "type": "Point",
        "coordinates": [
          118.383725,
          9.27514
        ]
      },
      "properties": {
        "id": 269,
        "name": "INCLINED DROP STR.",
        "type": "Drop",
        "Structure_Category": "Drop",
        "canal_name": "FARM DITCH (TRUNK 1030 - 1195)",
        "station": "STA 0+007.1",
        "station_m": 7.06,
        "offset_m": 3.79,
        "ele": 55.55,
        "desc": "",
        "comment": "Inclined drop structure",
        "images": "1000GRMN/DSC00259.jpg",
        "elevation_m": 55.55,
        "photo_filename": "DSC00259.jpg",
        "photo_path": "1000GRMN/DSC00259.jpg",
        "surveyor_comment": "Inclined drop structure",
        "survey_date": "2023-8-11"
      }
    },
    {
      "type": "Feature",
      "geometry": {
        "type": "Point",
        "coordinates": [
          118.380819,
          9.279086
        ]
      },
      "properties": {
        "id": 261,
        "name": "INCLINED DROP STR.",
        "type": "Drop",
        "Structure_Category": "Drop",
        "canal_name": "FARM DITCH (TRUNK 1030 - 1189)",
        "station": "STA 0+051.5",
        "station_m": 51.45,
        "offset_m": 7.43,
        "ele": 63.25,
        "desc": "",
        "comment": "Inclenid Drop STR.",
        "images": "1000GRMN/DSC00250.jpg",
        "elevation_m": 63.25,
        "photo_filename": "DSC00250.jpg",
        "photo_path": "1000GRMN/DSC00250.jpg",
        "surveyor_comment": "Inclenid Drop STR.",
        "survey_date": "2023-8-11"
      }
    },
    {
      "type": "Feature",
      "geometry": {
        "type": "Point",
        "coordinates": [
          118.396882,
          9.29131
        ]
      },
      "properties": {
        "id": 254,
        "name": "ROAD CROSSING STR.",
        "type": "Road Crossing",
        "Structure_Category": "Road Crossing",
        "canal_name": "PANACAN SUPPLY CANAL 1",
        "station": "STA 0+326.3",
        "station_m": 326.33,
        "offset_m": 0.14,
        "ele": 61.67,
        "desc": "",
        "comment": "Road crossing structur",
        "images": "1000GRMN/DSC00321.jpg",
        "elevation_m": 61.67,
        "photo_filename": "DSC00321.jpg",
        "photo_path": "1000GRMN/DSC00321.jpg",
        "surveyor_comment": "Road crossing structur",
        "survey_date": "2023-8-15"
      }
    },
    {
      "type": "Feature",
      "geometry": {
        "type": "Point",
        "coordinates": [
          118.382162,
          9.277227
        ]
      },
      "properties": {
        "id": 265,
        "name": "MTO #2(L/S) - LAT. G",
        "type": "Turnout",
        "Structure_Category": "Turnout (TO)",
        "canal_name": "LATERAL G (SEGMENT 1192)",
        "station": "STA 0+014.0",
        "station_m": 13.97,
        "offset_m": 4.52,
        "ele": 59.28,
        "desc": "",
        "comment": "Turn out #3 (L/S)",
        "images": "1000GRMN/DSC00256.jpg",
        "elevation_m": 59.28,
        "photo_filename": "DSC00256.jpg",
        "photo_path": "1000GRMN/DSC00256.jpg",
        "surveyor_comment": "Turn out #3 (L/S)",
        "survey_date": "2023-8-11"
      }
    },
    {
      "type": "Feature",
      "geometry": {
        "type": "Point",
        "coordinates": [
          118.396587,
          9.25837
        ]
      },
      "properties": {
        "id": 281,
        "name": "MTO #8(R/S) - LAT. G",
        "type": "Turnout",
        "Structure_Category": "Turnout (TO)",
        "canal_name": "LATERAL G (SEGMENT 1232)",
        "station": "STA 0+435.6",
        "station_m": 435.65,
        "offset_m": 5.77,
        "ele": 39.92,
        "desc": "",
        "comment": "Turn out #8 (R/S)",
        "images": "1000GRMN/DSC00271.jpg",
        "elevation_m": 39.92,
        "photo_filename": "DSC00271.jpg",
        "photo_path": "1000GRMN/DSC00271.jpg",
        "surveyor_comment": "Turn out #8 (R/S)",
        "survey_date": "2023-8-11"
      }
    },
    {
      "type": "Feature",
      "geometry": {
        "type": "Point",
        "coordinates": [
          118.39421,
          9.293767
        ]
      },
      "properties": {
        "id": 221,
        "name": "DMTO #5(L/S) - LAT. I",
        "type": "Turnout",
        "Structure_Category": "Turnout (TO)",
        "canal_name": "LATERAL I (SEGMENT 1297)",
        "station": "STA 0+065.7",
        "station_m": 65.68,
        "offset_m": 1.62,
        "ele": 58.16,
        "desc": "",
        "comment": "Turn out #5 (L/S)",
        "images": "1000GRMN/DSC00087.jpg",
        "elevation_m": 58.16,
        "photo_filename": "DSC00087.jpg",
        "photo_path": "1000GRMN/DSC00087.jpg",
        "surveyor_comment": "Turn out #5 (L/S)",
        "survey_date": "2023-8-15"
      }
    },
    {
      "type": "Feature",
      "geometry": {
        "type": "Point",
        "coordinates": [
          118.395426,
          9.290079
        ]
      },
      "properties": {
        "id": 230,
        "name": "DMTO #1 - PDMC1",
        "type": "Turnout",
        "Structure_Category": "Turnout (TO)",
        "canal_name": "PANACAN DIVERSION MAIN CANAL (SEGMENT 1318)",
        "station": "STA 0+106.2",
        "station_m": 106.25,
        "offset_m": 2.23,
        "ele": 56.67,
        "desc": "",
        "comment": "Turn out #1 (R/S)",
        "images": "1000GRMN/DSC00099.jpg",
        "elevation_m": 56.67,
        "photo_filename": "DSC00099.jpg",
        "photo_path": "1000GRMN/DSC00099.jpg",
        "surveyor_comment": "Turn out #1 (R/S)",
        "survey_date": "2023-8-15"
      }
    },
    {
      "type": "Feature",
      "geometry": {
        "type": "Point",
        "coordinates": [
          118.39357,
          9.29425
        ]
      },
      "properties": {
        "id": 242,
        "name": "INCLINED DROP STR. & CART CROSSING STR.",
        "type": "Drop",
        "Structure_Category": "Thresher Crossing",
        "canal_name": "FARM DITCH (PANACAN SUPPLY CANAL 1 - 1290)",
        "station": "STA 0+015.6",
        "station_m": 15.6,
        "offset_m": 6.85,
        "ele": 62.62,
        "desc": "",
        "comment": "Inclined drop & crat crossing",
        "images": "1000GRMN/DSC00302.jpg",
        "elevation_m": 62.62,
        "photo_filename": "DSC00302.jpg",
        "photo_path": "1000GRMN/DSC00302.jpg",
        "surveyor_comment": "Inclined drop & crat crossing",
        "survey_date": "2023-8-15"
      }
    },
    {
      "type": "Feature",
      "geometry": {
        "type": "Point",
        "coordinates": [
          118.392342,
          9.295398
        ]
      },
      "properties": {
        "id": 218,
        "name": "DMTO #2(R/S) - LAT. I",
        "type": "Turnout",
        "Structure_Category": "Turnout (TO)",
        "canal_name": "LATERAL I (SEGMENT 1288)",
        "station": "STA 0+011.6",
        "station_m": 11.64,
        "offset_m": 3.41,
        "ele": 60.65,
        "desc": "",
        "comment": "Turn out #2 (R/S)",
        "images": "1000GRMN/DSC00084.jpg",
        "elevation_m": 60.65,
        "photo_filename": "DSC00084.jpg",
        "photo_path": "1000GRMN/DSC00084.jpg",
        "surveyor_comment": "Turn out #2 (R/S)",
        "survey_date": "2023-8-15"
      }
    },
    {
      "type": "Feature",
      "geometry": {
        "type": "Point",
        "coordinates": [
          118.397539,
          9.290744
        ]
      },
      "properties": {
        "id": 246,
        "name": "THRESHER CROSSING STR. & VERTICAL DROP STR.",
        "type": "Drop",
        "Structure_Category": "Thresher Crossing",
        "canal_name": "LATERAL I (SEGMENT 1313)",
        "station": "STA 0+069.3",
        "station_m": 69.33,
        "offset_m": 6.55,
        "ele": 58.9,
        "desc": "",
        "comment": "Thresher crossing &drop structure",
        "images": "1000GRMN/DSC00306.jpg",
        "elevation_m": 58.9,
        "photo_filename": "DSC00306.jpg",
        "photo_path": "1000GRMN/DSC00306.jpg",
        "surveyor_comment": "Thresher crossing &drop structure",
        "survey_date": "2023-8-15"
      }
    },
    {
      "type": "Feature",
      "geometry": {
        "type": "Point",
        "coordinates": [
          118.391559,
          9.265459
        ]
      },
      "properties": {
        "id": 277,
        "name": "MTO #5(R/S) - LAT. G",
        "type": "Turnout",
        "Structure_Category": "Turnout (TO)",
        "canal_name": "LATERAL G (SEGMENT 1218)",
        "station": "STA 0+003.8",
        "station_m": 3.83,
        "offset_m": 3.64,
        "ele": 49.41,
        "desc": "",
        "comment": "Turn Out #7 (R/S)",
        "images": "1000GRMN/DSC00267.jpg",
        "elevation_m": 49.41,
        "photo_filename": "DSC00267.jpg",
        "photo_path": "1000GRMN/DSC00267.jpg",
        "surveyor_comment": "Turn Out #7 (R/S)",
        "survey_date": "2023-8-11"
      }
    },
    {
      "type": "Feature",
      "geometry": {
        "type": "Point",
        "coordinates": [
          118.400721,
          9.287277
        ]
      },
      "properties": {
        "id": 226,
        "name": "MTO #9(L/S) - LAT. I",
        "type": "Unauthorized Turnout",
        "Structure_Category": "Turnout (TO)",
        "canal_name": "LATERAL I (SEGMENT 1320)",
        "station": "STA 0+066.4",
        "station_m": 66.4,
        "offset_m": 0.26,
        "ele": 53.06,
        "desc": "",
        "comment": "Turn oUt #9 (l/s)",
        "images": "1000GRMN/DSC00094.jpg",
        "elevation_m": 53.06,
        "photo_filename": "DSC00094.jpg",
        "photo_path": "1000GRMN/DSC00094.jpg",
        "surveyor_comment": "Turn oUt #9 (l/s)",
        "survey_date": "2023-8-15"
      }
    },
    {
      "type": "Feature",
      "geometry": {
        "type": "Point",
        "coordinates": [
          118.396931,
          9.291321
        ]
      },
      "properties": {
        "id": 222,
        "name": "VERTICAL DROP STR.",
        "type": "Drop",
        "Structure_Category": "Drop",
        "canal_name": "PANACAN DIVERSION MAIN CANAL (SEGMENT 1318)",
        "station": "STA 0+321.8",
        "station_m": 321.82,
        "offset_m": 1.32,
        "ele": 55.39,
        "desc": "",
        "comment": "Drop str",
        "images": "1000GRMN/DSC00088.jpg",
        "elevation_m": 55.39,
        "photo_filename": "DSC00088.jpg",
        "photo_path": "1000GRMN/DSC00088.jpg",
        "surveyor_comment": "Drop str",
        "survey_date": "2023-8-15"
      }
    },
    {
      "type": "Feature",
      "geometry": {
        "type": "Point",
        "coordinates": [
          118.40075,
          9.287193
        ]
      },
      "properties": {
        "id": 249,
        "name": "THRESHER CROSSING STR. & VERTICAL DROP STR.",
        "type": "Drop",
        "Structure_Category": "Thresher Crossing",
        "canal_name": "LATERAL I (SEGMENT 1320)",
        "station": "STA 0+075.8",
        "station_m": 75.76,
        "offset_m": 3.31,
        "ele": 53.76,
        "desc": "",
        "comment": "Thresher crossing & drop structure",
        "images": "1000GRMN/DSC00310.jpg",
        "elevation_m": 53.76,
        "photo_filename": "DSC00310.jpg",
        "photo_path": "1000GRMN/DSC00310.jpg",
        "surveyor_comment": "Thresher crossing & drop structure",
        "survey_date": "2023-8-15"
      }
    },
    {
      "type": "Feature",
      "geometry": {
        "type": "Point",
        "coordinates": [
          118.401242,
          9.286527
        ]
      },
      "properties": {
        "id": 250,
        "name": "THRESHER CROSSING STR.",
        "type": "Thresher Crossing",
        "Structure_Category": "Thresher Crossing",
        "canal_name": "LATERAL I (SEGMENT 1320)",
        "station": "STA 0+167.3",
        "station_m": 167.33,
        "offset_m": 5.04,
        "ele": 53.75,
        "desc": "",
        "comment": "Thresher crossing structure",
        "images": "1000GRMN/DSC00311.jpg",
        "elevation_m": 53.75,
        "photo_filename": "DSC00311.jpg",
        "photo_path": "1000GRMN/DSC00311.jpg",
        "surveyor_comment": "Thresher crossing structure",
        "survey_date": "2023-8-15"
      }
    },
    {
      "type": "Feature",
      "geometry": {
        "type": "Point",
        "coordinates": [
          118.394562,
          9.290366
        ]
      },
      "properties": {
        "id": 253,
        "name": "PANACAN DAM 1",
        "type": "Dam",
        "Structure_Category": "Diversion Dam / Weir",
        "canal_name": "PANACAN SUPPLY CANAL 1",
        "station": "STA 0+000.0",
        "station_m": 0,
        "offset_m": 7.92,
        "ele": 61.65,
        "desc": "",
        "comment": "Panacan dam 1",
        "images": "1000GRMN/DSC00314.jpg",
        "elevation_m": 61.65,
        "photo_filename": "DSC00314.jpg",
        "photo_path": "1000GRMN/DSC00314.jpg",
        "surveyor_comment": "Panacan dam 1",
        "survey_date": "2023-8-15"
      }
    },
    {
      "type": "Feature",
      "geometry": {
        "type": "Point",
        "coordinates": [
          118.400463,
          9.294516
        ]
      },
      "properties": {
        "id": 234,
        "name": "DMTO #5 - PDMC1",
        "type": "Turnout",
        "Structure_Category": "Turnout (TO)",
        "canal_name": "PANACAN DIVERSION MAIN CANAL (SEGMENT 1322)",
        "station": "STA 0+518.8",
        "station_m": 518.84,
        "offset_m": 1.02,
        "ele": 58.88,
        "desc": "",
        "comment": "Turn out #5 (R/S)",
        "images": "1000GRMN/DSC00104.jpg",
        "elevation_m": 58.88,
        "photo_filename": "DSC00104.jpg",
        "photo_path": "1000GRMN/DSC00104.jpg",
        "surveyor_comment": "Turn out #5 (R/S)",
        "survey_date": "2023-8-15"
      }
    },
    {
      "type": "Feature",
      "geometry": {
        "type": "Point",
        "coordinates": [
          118.333311,
          9.23892
        ]
      },
      "properties": {
        "id": 173,
        "name": "DMTO #4 (R/S) - MC",
        "type": "Turnout",
        "Structure_Category": "Turnout (TO)",
        "canal_name": "BATANG BATANG MAIN CANAL (SEGMENT 941)",
        "station": "STA 0+342.6",
        "station_m": 342.64,
        "offset_m": 3.48,
        "ele": 29.27,
        "desc": "",
        "comment": "Turn out #4 (R/S)",
        "images": "1000GRMN/DSC00024.jpg",
        "elevation_m": 29.27,
        "photo_filename": "DSC00024.jpg",
        "photo_path": "1000GRMN/DSC00024.jpg",
        "surveyor_comment": "Turn out #4 (R/S)",
        "survey_date": "2023-8-9"
      }
    },
    {
      "type": "Feature",
      "geometry": {
        "type": "Point",
        "coordinates": [
          118.373958,
          9.272209
        ]
      },
      "properties": {
        "id": 198,
        "name": "",
        "type": "Unauthorized Turnout",
        "Structure_Category": "Turnout (TO)",
        "canal_name": "BB LATERAL F",
        "station": "STA 0+739.5",
        "station_m": 739.52,
        "offset_m": 5.17,
        "ele": 55.16,
        "desc": "",
        "comment": "Turn out #4 (R/S)",
        "images": "1000GRMN/DSC00226.jpg",
        "elevation_m": 55.16,
        "photo_filename": "DSC00226.jpg",
        "photo_path": "1000GRMN/DSC00226.jpg",
        "surveyor_comment": "Turn out #4 (R/S)",
        "survey_date": "2023-8-10"
      }
    },
    {
      "type": "Feature",
      "geometry": {
        "type": "Point",
        "coordinates": [
          118.400917,
          9.294892
        ]
      },
      "properties": {
        "id": 257,
        "name": "ELEVATED FLUME STR.",
        "type": "Flume",
        "Structure_Category": "Parshall Flume",
        "canal_name": "PANACAN SUPPLY CANAL 1",
        "station": "STA 0+922.6",
        "station_m": 922.64,
        "offset_m": 2.29,
        "ele": 61.65,
        "desc": "",
        "comment": "Elevated flume structure",
        "images": "1000GRMN/DSC00319.jpg",
        "elevation_m": 61.65,
        "photo_filename": "DSC00319.jpg",
        "photo_path": "1000GRMN/DSC00319.jpg",
        "surveyor_comment": "Elevated flume structure",
        "survey_date": "2023-8-15"
      }
    },
    {
      "type": "Feature",
      "geometry": {
        "type": "Point",
        "coordinates": [
          118.402241,
          9.295556
        ]
      },
      "properties": {
        "id": 258,
        "name": "CART CROSSING STR.",
        "type": "Thresher Crossing",
        "Structure_Category": "Thresher Crossing",
        "canal_name": "PANACAN DIVERSION MAIN CANAL (SEGMENT 1322)",
        "station": "STA 0+751.6",
        "station_m": 751.58,
        "offset_m": 6.63,
        "ele": 61.64,
        "desc": "",
        "comment": "Cart crossing structure",
        "images": "1000GRMN/DSC00320.jpg",
        "elevation_m": 61.64,
        "photo_filename": "DSC00320.jpg",
        "photo_path": "1000GRMN/DSC00320.jpg",
        "surveyor_comment": "Cart crossing structure",
        "survey_date": "2023-8-15"
      }
    },
    {
      "type": "Feature",
      "geometry": {
        "type": "Point",
        "coordinates": [
          118.402856,
          9.295867
        ]
      },
      "properties": {
        "id": 237,
        "name": "132",
        "type": "Station",
        "Structure_Category": "Other Structures",
        "canal_name": "PANACAN SUPPLY CANAL 1",
        "station": "STA 1+165.3",
        "station_m": 1165.28,
        "offset_m": 0,
        "ele": 58.87,
        "desc": "",
        "comment": "End of canal lining",
        "images": "1000GRMN/DSC00107.jpg",
        "elevation_m": 58.87,
        "photo_filename": "DSC00107.jpg",
        "photo_path": "1000GRMN/DSC00107.jpg",
        "surveyor_comment": "End of canal lining",
        "survey_date": "2023-8-15"
      }
    },
    {
      "type": "Feature",
      "geometry": {
        "type": "Point",
        "coordinates": [
          118.335443,
          9.240048
        ]
      },
      "properties": {
        "id": 170,
        "name": "DMTO #5 (R/S) - MC",
        "type": "Turnout",
        "Structure_Category": "Turnout (TO)",
        "canal_name": "BATANG BATANG MAIN CANAL (SEGMENT 941)",
        "station": "STA 0+608.8",
        "station_m": 608.78,
        "offset_m": 1.47,
        "ele": 45.81,
        "desc": "",
        "comment": "Turn out #5(R/S)",
        "images": "1000GRMN/DSC00195.jpg",
        "elevation_m": 45.81,
        "photo_filename": "DSC00195.jpg",
        "photo_path": "1000GRMN/DSC00195.jpg",
        "surveyor_comment": "Turn out #5(R/S)",
        "survey_date": "2023-8-9"
      }
    },
    {
      "type": "Feature",
      "geometry": {
        "type": "Point",
        "coordinates": [
          118.388943,
          9.283373
        ]
      },
      "properties": {
        "id": 295,
        "name": "MTO #3(R/S) - LAT. H",
        "type": "Turnout",
        "Structure_Category": "Turnout (TO)",
        "canal_name": "LATERAL H (SEGMENT 1293)",
        "station": "STA 0+050.0",
        "station_m": 50.01,
        "offset_m": 4.64,
        "ele": 85.5,
        "desc": "",
        "comment": "Turn out #3 (R/S)",
        "images": "1000GRMN/DSC00285.jpg",
        "elevation_m": 85.5,
        "photo_filename": "DSC00285.jpg",
        "photo_path": "1000GRMN/DSC00285.jpg",
        "surveyor_comment": "Turn out #3 (R/S)",
        "survey_date": "2023-8-11"
      }
    },
    {
      "type": "Feature",
      "geometry": {
        "type": "Point",
        "coordinates": [
          118.362979,
          9.277246
        ]
      },
      "properties": {
        "id": 187,
        "name": "THRESHER CROSSING STR.",
        "type": "Thresher Crossing",
        "Structure_Category": "Thresher Crossing",
        "canal_name": "FARM DITCH (BB LATERAL E - 1020)",
        "station": "STA 0+007.9",
        "station_m": 7.87,
        "offset_m": 0.17,
        "ele": 31.12,
        "desc": "",
        "comment": "Thresher crossing",
        "images": "1000GRMN/DSC00044.jpg",
        "elevation_m": 31.12,
        "photo_filename": "DSC00044.jpg",
        "photo_path": "1000GRMN/DSC00044.jpg",
        "surveyor_comment": "Thresher crossing",
        "survey_date": "2023-8-9"
      }
    },
    {
      "type": "Feature",
      "geometry": {
        "type": "Point",
        "coordinates": [
          118.33591,
          9.243611
        ]
      },
      "properties": {
        "id": 171,
        "name": "DMTO #6 (R/S)",
        "type": "Turnout",
        "Structure_Category": "Turnout (TO)",
        "canal_name": "BATANG BATANG MAIN CANAL (SEGMENT 941)",
        "station": "STA 1+018.4",
        "station_m": 1018.4,
        "offset_m": 1.43,
        "ele": 45.83,
        "desc": "",
        "comment": "Turn out #6 (R/S)",
        "images": "1000GRMN/DSC00196.jpg",
        "elevation_m": 45.83,
        "photo_filename": "DSC00196.jpg",
        "photo_path": "1000GRMN/DSC00196.jpg",
        "surveyor_comment": "Turn out #6 (R/S)",
        "survey_date": "2023-8-9"
      }
    },
    {
      "type": "Feature",
      "geometry": {
        "type": "Point",
        "coordinates": [
          118.398006,
          9.292303
        ]
      },
      "properties": {
        "id": 231,
        "name": "DMTO #2 - PDMC1",
        "type": "Turnout",
        "Structure_Category": "Turnout (TO)",
        "canal_name": "PANACAN DIVERSION MAIN CANAL (SEGMENT 1322)",
        "station": "STA 0+153.4",
        "station_m": 153.38,
        "offset_m": 2.43,
        "ele": 58.9,
        "desc": "",
        "comment": "Turn out #2 (R/S)",
        "images": "1000GRMN/DSC00100.jpg",
        "elevation_m": 58.9,
        "photo_filename": "DSC00100.jpg",
        "photo_path": "1000GRMN/DSC00100.jpg",
        "surveyor_comment": "Turn out #2 (R/S)",
        "survey_date": "2023-8-15"
      }
    },
    {
      "type": "Feature",
      "geometry": {
        "type": "Point",
        "coordinates": [
          118.385635,
          9.285497
        ]
      },
      "properties": {
        "id": 291,
        "name": "CMBN ROAD CROSSING & VERTICAL DROP STR.",
        "type": "Drop",
        "Structure_Category": "Drop",
        "canal_name": "FARM DITCH (TRUNK 1030 - 1280)",
        "station": "STA 0+105.2",
        "station_m": 105.19,
        "offset_m": 5.07,
        "ele": 85.52,
        "desc": "",
        "comment": "Comb.road crossingdrop.& RCP barrel",
        "images": "1000GRMN/DSC00281.jpg",
        "elevation_m": 85.52,
        "photo_filename": "DSC00281.jpg",
        "photo_path": "1000GRMN/DSC00281.jpg",
        "surveyor_comment": "Comb.road crossingdrop.& RCP barrel",
        "survey_date": "2023-8-11"
      }
    },
    {
      "type": "Feature",
      "geometry": {
        "type": "Point",
        "coordinates": [
          118.383958,
          9.288445
        ]
      },
      "properties": {
        "id": 289,
        "name": "RCP CROSSING STR.",
        "type": "Thresher Crossing",
        "Structure_Category": "Thresher Crossing",
        "canal_name": "FARM DITCH (PANACAN SUPPLY CANAL 2 - 1273)",
        "station": "STA 0+000.8",
        "station_m": 0.85,
        "offset_m": 3.72,
        "ele": 90.51,
        "desc": "",
        "comment": "RCP crossing",
        "images": "1000GRMN/DSC00279.jpg",
        "elevation_m": 90.51,
        "photo_filename": "DSC00279.jpg",
        "photo_path": "1000GRMN/DSC00279.jpg",
        "surveyor_comment": "RCP crossing",
        "survey_date": "2023-8-11"
      }
    },
    {
      "type": "Feature",
      "geometry": {
        "type": "Point",
        "coordinates": [
          118.370768,
          9.277978
        ]
      },
      "properties": {
        "id": 195,
        "name": "DMTO #18 (R/S) - MC",
        "type": "Turnout",
        "Structure_Category": "Turnout (TO)",
        "canal_name": "BATANG BATANG MAIN CANAL (SEGMENT 1024)",
        "station": "STA 0+098.0",
        "station_m": 98,
        "offset_m": 9.83,
        "ele": 50.4,
        "desc": "",
        "comment": "Turn out #18 (R/S)",
        "images": "1000GRMN/DSC00221.jpg",
        "elevation_m": 50.4,
        "photo_filename": "DSC00221.jpg",
        "photo_path": "1000GRMN/DSC00221.jpg",
        "surveyor_comment": "Turn out #18 (R/S)",
        "survey_date": "2023-8-10"
      }
    },
    {
      "type": "Feature",
      "geometry": {
        "type": "Point",
        "coordinates": [
          118.394589,
          9.290426
        ]
      },
      "properties": {
        "id": 229,
        "name": "INTAKE STR.",
        "type": "Intake",
        "Structure_Category": "Inlet",
        "canal_name": "PANACAN DIVERSION MAIN CANAL (SEGMENT 1318)",
        "station": "STA 0+000.0",
        "station_m": 0,
        "offset_m": 2.18,
        "ele": 57.14,
        "desc": "fa",
        "comment": "Intake gate",
        "images": "1000GRMN/DSC00098.jpg",
        "elevation_m": 57.14,
        "photo_filename": "DSC00098.jpg",
        "photo_path": "1000GRMN/DSC00098.jpg",
        "surveyor_comment": "Intake gate",
        "survey_date": "2023-8-15"
      }
    },
    {
      "type": "Feature",
      "geometry": {
        "type": "Point",
        "coordinates": [
          118.388672,
          9.29852
        ]
      },
      "properties": {
        "id": 238,
        "name": "CMBN. ROAD CROSSING STR. & HDGT. OF LATERAL I",
        "type": "Head Gate",
        "Structure_Category": "Head Gate",
        "canal_name": "LATERAL I (SEGMENT 1058)",
        "station": "STA 0+404.6",
        "station_m": 404.62,
        "offset_m": 2,
        "ele": 62.66,
        "desc": "fa",
        "comment": "Comb.road crossingdrop & headgate of lat. I",
        "images": "1000GRMN/DSC00298.jpg",
        "elevation_m": 62.66,
        "photo_filename": "DSC00298.jpg",
        "photo_path": "1000GRMN/DSC00298.jpg",
        "surveyor_comment": "Comb.road crossingdrop & headgate of lat. I",
        "survey_date": "2023-8-15"
      }
    },
    {
      "type": "Feature",
      "geometry": {
        "type": "Point",
        "coordinates": [
          118.377357,
          9.280426
        ]
      },
      "properties": {
        "id": 191,
        "name": "DMTO #23(R/S) - MC",
        "type": "Turnout",
        "Structure_Category": "Turnout (TO)",
        "canal_name": "BATANG BATANG MAIN CANAL (SEGMENT 1030)",
        "station": "STA 0+335.4",
        "station_m": 335.4,
        "offset_m": 1.28,
        "ele": 35.1,
        "desc": "",
        "comment": "Turn out #23 (R/S)",
        "images": "1000GRMN/DSC00048.jpg",
        "elevation_m": 35.1,
        "photo_filename": "DSC00048.jpg",
        "photo_path": "1000GRMN/DSC00048.jpg",
        "surveyor_comment": "Turn out #23 (R/S)",
        "survey_date": "2023-8-9"
      }
    },
    {
      "type": "Feature",
      "geometry": {
        "type": "Point",
        "coordinates": [
          118.379394,
          9.264257
        ]
      },
      "properties": {
        "id": 203,
        "name": "DMTO #6 - LAT. F",
        "type": "Turnout",
        "Structure_Category": "Turnout (TO)",
        "canal_name": "BB LATERAL F",
        "station": "STA 1+807.2",
        "station_m": 1807.18,
        "offset_m": 7.74,
        "ele": 49.28,
        "desc": "",
        "comment": "Turn out #10 (L/S)",
        "images": "1000GRMN/DSC00231.jpg",
        "elevation_m": 49.28,
        "photo_filename": "DSC00231.jpg",
        "photo_path": "1000GRMN/DSC00231.jpg",
        "surveyor_comment": "Turn out #10 (L/S)",
        "survey_date": "2023-8-10"
      }
    },
    {
      "type": "Feature",
      "geometry": {
        "type": "Point",
        "coordinates": [
          118.337513,
          9.245151
        ]
      },
      "properties": {
        "id": 175,
        "name": "UNATHORIZED TURNOUT",
        "type": "Unauthorized Turnout",
        "Structure_Category": "Turnout (TO)",
        "canal_name": "BATANG BATANG MAIN CANAL (SEGMENT 943)",
        "station": "STA 0+210.5",
        "station_m": 210.49,
        "offset_m": 5.89,
        "ele": 29.27,
        "desc": "",
        "comment": "Turn out (R/S)",
        "images": "1000GRMN/DSC00027.jpg",
        "elevation_m": 29.27,
        "photo_filename": "DSC00027.jpg",
        "photo_path": "1000GRMN/DSC00027.jpg",
        "surveyor_comment": "Turn out (R/S)",
        "survey_date": "2023-8-9"
      }
    },
    {
      "type": "Feature",
      "geometry": {
        "type": "Point",
        "coordinates": [
          118.388511,
          9.250385
        ]
      },
      "properties": {
        "id": 211,
        "name": "",
        "type": "Unauthorized Turnout",
        "Structure_Category": "Turnout (TO)",
        "canal_name": "LATERAL F (SEGMENT 1254)",
        "station": "STA 0+293.1",
        "station_m": 293.13,
        "offset_m": 5.15,
        "ele": 44.25,
        "desc": "",
        "comment": "Turn out #17 (R/S)",
        "images": "1000GRMN/DSC00241.jpg",
        "elevation_m": 44.25,
        "photo_filename": "DSC00241.jpg",
        "photo_path": "1000GRMN/DSC00241.jpg",
        "surveyor_comment": "Turn out #17 (R/S)",
        "survey_date": "2023-8-10"
      }
    },
    {
      "type": "Feature",
      "geometry": {
        "type": "Point",
        "coordinates": [
          118.388482,
          9.268611
        ]
      },
      "properties": {
        "id": 275,
        "name": "INCLINED DROP STR.",
        "type": "Drop",
        "Structure_Category": "Drop",
        "canal_name": "FARM DITCH (TRUNK 1223 - 1210)",
        "station": "STA 0+004.5",
        "station_m": 4.51,
        "offset_m": 5.96,
        "ele": 49.42,
        "desc": "",
        "comment": "Inclined drop structure",
        "images": "1000GRMN/DSC00265.jpg",
        "elevation_m": 49.42,
        "photo_filename": "DSC00265.jpg",
        "photo_path": "1000GRMN/DSC00265.jpg",
        "surveyor_comment": "Inclined drop structure",
        "survey_date": "2023-8-11"
      }
    },
    {
      "type": "Feature",
      "geometry": {
        "type": "Point",
        "coordinates": [
          118.390638,
          9.282555
        ]
      },
      "properties": {
        "id": 300,
        "name": "ROAD CROSSING STR.",
        "type": "Road Crossing",
        "Structure_Category": "Road Crossing",
        "canal_name": "FARM DITCH (TRUNK 1310 - 1296)",
        "station": "STA 0+000.0",
        "station_m": 0,
        "offset_m": 6.71,
        "ele": 81.16,
        "desc": "",
        "comment": "Road crossing",
        "images": "1000GRMN/DSC00290.jpg",
        "elevation_m": 81.16,
        "photo_filename": "DSC00290.jpg",
        "photo_path": "1000GRMN/DSC00290.jpg",
        "surveyor_comment": "Road crossing",
        "survey_date": "2023-8-11"
      }
    },
    {
      "type": "Feature",
      "geometry": {
        "type": "Point",
        "coordinates": [
          118.390452,
          9.246332
        ]
      },
      "properties": {
        "id": 215,
        "name": "MTO #26 - LAT. F",
        "type": "Turnout",
        "Structure_Category": "Turnout (TO)",
        "canal_name": "LATERAL F (SEGMENT 1260)",
        "station": "STA 0+001.4",
        "station_m": 1.44,
        "offset_m": 2.13,
        "ele": 39.36,
        "desc": "",
        "comment": "Comb. RCP crossing & turn out #26",
        "images": "1000GRMN/DSC00247.jpg",
        "elevation_m": 39.36,
        "photo_filename": "DSC00247.jpg",
        "photo_path": "1000GRMN/DSC00247.jpg",
        "surveyor_comment": "Comb. RCP crossing & turn out #26",
        "survey_date": "2023-8-10"
      }
    },
    {
      "type": "Feature",
      "geometry": {
        "type": "Point",
        "coordinates": [
          118.380104,
          9.280437
        ]
      },
      "properties": {
        "id": 259,
        "name": "UNAUTHORIZED TURN-OUT",
        "type": "Unauthorized Turnout",
        "Structure_Category": "Turnout (TO)",
        "canal_name": "FARM DITCH (TRUNK 1030 - 1186)",
        "station": "STA 0+004.4",
        "station_m": 4.41,
        "offset_m": 5.83,
        "ele": 63.26,
        "desc": "",
        "comment": "Turn out #1 (L/S)",
        "images": "1000GRMN/DSC00248.jpg",
        "elevation_m": 63.26,
        "photo_filename": "DSC00248.jpg",
        "photo_path": "1000GRMN/DSC00248.jpg",
        "surveyor_comment": "Turn out #1 (L/S)",
        "survey_date": "2023-8-11"
      }
    },
    {
      "type": "Feature",
      "geometry": {
        "type": "Point",
        "coordinates": [
          118.400334,
          9.258136
        ]
      },
      "properties": {
        "id": 283,
        "name": "MTO #9(R/S) - LAT. G",
        "type": "Turnout",
        "Structure_Category": "Turnout (TO)",
        "canal_name": "LATERAL G (SEGMENT 1237)",
        "station": "STA 0+283.3",
        "station_m": 283.31,
        "offset_m": 0.68,
        "ele": 39.92,
        "desc": "",
        "comment": "Turn out #9 (R/S)",
        "images": "1000GRMN/DSC00273.jpg",
        "elevation_m": 39.92,
        "photo_filename": "DSC00273.jpg",
        "photo_path": "1000GRMN/DSC00273.jpg",
        "surveyor_comment": "Turn out #9 (R/S)",
        "survey_date": "2023-8-11"
      }
    },
    {
      "type": "Feature",
      "geometry": {
        "type": "Point",
        "coordinates": [
          118.38359,
          9.27532
        ]
      },
      "properties": {
        "id": 267,
        "name": "THRESHER CROSSING STR.",
        "type": "Thresher Crossing",
        "Structure_Category": "Thresher Crossing",
        "canal_name": "FARM DITCH (TRUNK 1030 - 1195)",
        "station": "STA 0+031.9",
        "station_m": 31.95,
        "offset_m": 3.97,
        "ele": 59.27,
        "desc": "",
        "comment": "Bullcrat crossing",
        "images": "1000GRMN/DSC00257.jpg",
        "elevation_m": 59.27,
        "photo_filename": "DSC00257.jpg",
        "photo_path": "1000GRMN/DSC00257.jpg",
        "surveyor_comment": "Bullcrat crossing",
        "survey_date": "2023-8-11"
      }
    },
    {
      "type": "Feature",
      "geometry": {
        "type": "Point",
        "coordinates": [
          118.384522,
          9.27404
        ]
      },
      "properties": {
        "id": 270,
        "name": "THRESHER CROSSING STR.",
        "type": "Thresher Crossing",
        "Structure_Category": "Thresher Crossing",
        "canal_name": "FARM DITCH (TRUNK 1030 - 1197)",
        "station": "STA 0+007.0",
        "station_m": 6.96,
        "offset_m": 5.25,
        "ele": 55.55,
        "desc": "",
        "comment": "Thresher crossing",
        "images": "1000GRMN/DSC00260.jpg",
        "elevation_m": 55.55,
        "photo_filename": "DSC00260.jpg",
        "photo_path": "1000GRMN/DSC00260.jpg",
        "surveyor_comment": "Thresher crossing",
        "survey_date": "2023-8-11"
      }
    },
    {
      "type": "Feature",
      "geometry": {
        "type": "Point",
        "coordinates": [
          118.38524,
          9.27306
        ]
      },
      "properties": {
        "id": 271,
        "name": "INCLINED DROP STR.",
        "type": "Drop",
        "Structure_Category": "Drop",
        "canal_name": "FARM DITCH (BB LATERAL F - 1199)",
        "station": "STA 0+007.9",
        "station_m": 7.89,
        "offset_m": 5.9,
        "ele": 53.72,
        "desc": "",
        "comment": "Inclined drop struture",
        "images": "1000GRMN/DSC00261.jpg",
        "elevation_m": 53.72,
        "photo_filename": "DSC00261.jpg",
        "photo_path": "1000GRMN/DSC00261.jpg",
        "surveyor_comment": "Inclined drop struture",
        "survey_date": "2023-8-11"
      }
    },
    {
      "type": "Feature",
      "geometry": {
        "type": "Point",
        "coordinates": [
          118.386622,
          9.271158
        ]
      },
      "properties": {
        "id": 274,
        "name": "RCP CROSSING STR.",
        "type": "Road Crossing",
        "Structure_Category": "Road Crossing",
        "canal_name": "LATERAL G (SEGMENT 1206)",
        "station": "STA 0+004.0",
        "station_m": 4.01,
        "offset_m": 2.51,
        "ele": 50.08,
        "desc": "",
        "comment": "RCP crossing",
        "images": "1000GRMN/DSC00264.jpg",
        "elevation_m": 50.08,
        "photo_filename": "DSC00264.jpg",
        "photo_path": "1000GRMN/DSC00264.jpg",
        "surveyor_comment": "RCP crossing",
        "survey_date": "2023-8-11"
      }
    },
    {
      "type": "Feature",
      "geometry": {
        "type": "Point",
        "coordinates": [
          118.3987,
          9.292886
        ]
      },
      "properties": {
        "id": 255,
        "name": "CART CROSSING STR.",
        "type": "Thresher Crossing",
        "Structure_Category": "Thresher Crossing",
        "canal_name": "PANACAN DIVERSION MAIN CANAL (SEGMENT 1322)",
        "station": "STA 0+253.4",
        "station_m": 253.42,
        "offset_m": 6.5,
        "ele": 61.65,
        "desc": "",
        "comment": "Cart crossing structure",
        "images": "1000GRMN/DSC00316.jpg",
        "elevation_m": 61.65,
        "photo_filename": "DSC00316.jpg",
        "photo_path": "1000GRMN/DSC00316.jpg",
        "surveyor_comment": "Cart crossing structure",
        "survey_date": "2023-8-15"
      }
    },
    {
      "type": "Feature",
      "geometry": {
        "type": "Point",
        "coordinates": [
          118.391619,
          9.265464
        ]
      },
      "properties": {
        "id": 278,
        "name": "ROAD CROSSING STR.",
        "type": "Road Crossing",
        "Structure_Category": "Road Crossing",
        "canal_name": "LATERAL G (SEGMENT 1220)",
        "station": "STA 0+002.9",
        "station_m": 2.88,
        "offset_m": 4.77,
        "ele": 45.37,
        "desc": "",
        "comment": "Road Crossing Str",
        "images": "1000GRMN/DSC00268.jpg",
        "elevation_m": 45.37,
        "photo_filename": "DSC00268.jpg",
        "photo_path": "1000GRMN/DSC00268.jpg",
        "surveyor_comment": "Road Crossing Str",
        "survey_date": "2023-8-11"
      }
    },
    {
      "type": "Feature",
      "geometry": {
        "type": "Point",
        "coordinates": [
          118.394295,
          9.259133
        ]
      },
      "properties": {
        "id": 279,
        "name": "ROAD CROSSING STR. & DROP STR. (HIGHWAY)",
        "type": "Road Crossing",
        "Structure_Category": "Road Crossing",
        "canal_name": "FARM DITCH (TRUNK 1223 - 1224)",
        "station": "STA 0+091.1",
        "station_m": 91.13,
        "offset_m": 10.4,
        "ele": 42.17,
        "desc": "",
        "comment": "Road crossing & drop STR. (highway)",
        "images": "1000GRMN/DSC00269.jpg",
        "elevation_m": 42.17,
        "photo_filename": "DSC00269.jpg",
        "photo_path": "1000GRMN/DSC00269.jpg",
        "surveyor_comment": "Road crossing & drop STR. (highway)",
        "survey_date": "2023-8-11"
      }
    },
    {
      "type": "Feature",
      "geometry": {
        "type": "Point",
        "coordinates": [
          118.38487,
          9.256657
        ]
      },
      "properties": {
        "id": 207,
        "name": "VERTICAL DROP STR.",
        "type": "Drop",
        "Structure_Category": "Drop",
        "canal_name": "FARM DITCH (BB LATERAL F - 1248)",
        "station": "STA 0+011.0",
        "station_m": 11.03,
        "offset_m": 2.37,
        "ele": 46.02,
        "desc": "",
        "comment": "Drop structure",
        "images": "1000GRMN/DSC00235.jpg",
        "elevation_m": 46.02,
        "photo_filename": "DSC00235.jpg",
        "photo_path": "1000GRMN/DSC00235.jpg",
        "surveyor_comment": "Drop structure",
        "survey_date": "2023-8-10"
      }
    },
    {
      "type": "Feature",
      "geometry": {
        "type": "Point",
        "coordinates": [
          118.391763,
          9.282378
        ]
      },
      "properties": {
        "id": 302,
        "name": "RCP CROSSING STR.",
        "type": "Thresher Crossing",
        "Structure_Category": "Thresher Crossing",
        "canal_name": "FARM DITCH (TRUNK 1310 - 1305)",
        "station": "STA 0+006.1",
        "station_m": 6.09,
        "offset_m": 0.88,
        "ele": 78.6,
        "desc": "",
        "comment": "RCPC crossing",
        "images": "1000GRMN/DSC00292.jpg",
        "elevation_m": 78.6,
        "photo_filename": "DSC00292.jpg",
        "photo_path": "1000GRMN/DSC00292.jpg",
        "surveyor_comment": "RCPC crossing",
        "survey_date": "2023-8-11"
      }
    },
    {
      "type": "Feature",
      "geometry": {
        "type": "Point",
        "coordinates": [
          118.40007,
          9.257924
        ]
      },
      "properties": {
        "id": 282,
        "name": "049",
        "type": "Road Crossing",
        "Structure_Category": "Road Crossing",
        "canal_name": "FARM DITCH (TRUNK 1223 - 1234)",
        "station": "STA 0+004.2",
        "station_m": 4.18,
        "offset_m": 1.52,
        "ele": 39.91,
        "desc": "",
        "comment": "Road crossing",
        "images": "1000GRMN/DSC00272.jpg",
        "elevation_m": 39.91,
        "photo_filename": "DSC00272.jpg",
        "photo_path": "1000GRMN/DSC00272.jpg",
        "surveyor_comment": "Road crossing",
        "survey_date": "2023-8-11"
      }
    },
    {
      "type": "Feature",
      "geometry": {
        "type": "Point",
        "coordinates": [
          118.402902,
          9.259921
        ]
      },
      "properties": {
        "id": 286,
        "name": "MTO #10(R/S) - LAT. G",
        "type": "Turnout",
        "Structure_Category": "Turnout (TO)",
        "canal_name": "LATERAL G (SEGMENT 1241)",
        "station": "STA 0+003.2",
        "station_m": 3.22,
        "offset_m": 3.69,
        "ele": 39.92,
        "desc": "",
        "comment": "Turn out #10 (R/S)",
        "images": "1000GRMN/DSC00276.jpg",
        "elevation_m": 39.92,
        "photo_filename": "DSC00276.jpg",
        "photo_path": "1000GRMN/DSC00276.jpg",
        "surveyor_comment": "Turn out #10 (R/S)",
        "survey_date": "2023-8-11"
      }
    },
    {
      "type": "Feature",
      "geometry": {
        "type": "Point",
        "coordinates": [
          118.402821,
          9.25993
        ]
      },
      "properties": {
        "id": 285,
        "name": "052",
        "type": "Road Crossing",
        "Structure_Category": "Road Crossing",
        "canal_name": "LATERAL G (SEGMENT 1240)",
        "station": "STA 0+003.0",
        "station_m": 3.03,
        "offset_m": 1.89,
        "ele": 39.92,
        "desc": "",
        "comment": "RCP crossing",
        "images": "1000GRMN/DSC00275.jpg",
        "elevation_m": 39.92,
        "photo_filename": "DSC00275.jpg",
        "photo_path": "1000GRMN/DSC00275.jpg",
        "surveyor_comment": "RCP crossing",
        "survey_date": "2023-8-11"
      }
    },
    {
      "type": "Feature",
      "geometry": {
        "type": "Point",
        "coordinates": [
          118.386717,
          9.284102
        ]
      },
      "properties": {
        "id": 293,
        "name": "MTO #2(R/S) - LAT. H",
        "type": "Turnout",
        "Structure_Category": "Turnout (TO)",
        "canal_name": "LATERAL H (SEGMENT 1291)",
        "station": "STA 0+002.3",
        "station_m": 2.29,
        "offset_m": 9.36,
        "ele": 85.51,
        "desc": "",
        "comment": "Turn out #2 (R/S)",
        "images": "1000GRMN/DSC00283.jpg",
        "elevation_m": 85.51,
        "photo_filename": "DSC00283.jpg",
        "photo_path": "1000GRMN/DSC00283.jpg",
        "surveyor_comment": "Turn out #2 (R/S)",
        "survey_date": "2023-8-11"
      }
    },
    {
      "type": "Feature",
      "geometry": {
        "type": "Point",
        "coordinates": [
          118.394192,
          9.29369
        ]
      },
      "properties": {
        "id": 243,
        "name": "THRESHER CROSSING STR.",
        "type": "Thresher Crossing",
        "Structure_Category": "Thresher Crossing",
        "canal_name": "LATERAL I (SEGMENT 1297)",
        "station": "STA 0+069.8",
        "station_m": 69.81,
        "offset_m": 6.09,
        "ele": 59.76,
        "desc": "",
        "comment": "Thresher crossing",
        "images": "1000GRMN/DSC00303.jpg",
        "elevation_m": 59.76,
        "photo_filename": "DSC00303.jpg",
        "photo_path": "1000GRMN/DSC00303.jpg",
        "surveyor_comment": "Thresher crossing",
        "survey_date": "2023-8-15"
      }
    },
    {
      "type": "Feature",
      "geometry": {
        "type": "Point",
        "coordinates": [
          118.381382,
          9.278275
        ]
      },
      "properties": {
        "id": 263,
        "name": "THRESHER CROSSING STR.",
        "type": "Thresher Crossing",
        "Structure_Category": "Thresher Crossing",
        "canal_name": "LATERAL G (SEGMENT 1191)",
        "station": "STA 0+144.1",
        "station_m": 144.13,
        "offset_m": 5.72,
        "ele": 59.28,
        "desc": "",
        "comment": "Crat crossing",
        "images": "1000GRMN/DSC00252.jpg",
        "elevation_m": 59.28,
        "photo_filename": "DSC00252.jpg",
        "photo_path": "1000GRMN/DSC00252.jpg",
        "surveyor_comment": "Crat crossing",
        "survey_date": "2023-8-11"
      }
    },
    {
      "type": "Feature",
      "geometry": {
        "type": "Point",
        "coordinates": [
          118.389766,
          9.283172
        ]
      },
      "properties": {
        "id": 299,
        "name": "MTO #6(R/S) - LAT. H",
        "type": "Turnout",
        "Structure_Category": "Turnout (TO)",
        "canal_name": "LATERAL H (SEGMENT 1295)",
        "station": "STA 0+110.8",
        "station_m": 110.77,
        "offset_m": 6.7,
        "ele": 81.17,
        "desc": "",
        "comment": "Turn out #6 (R/S)",
        "images": "1000GRMN/DSC00289.jpg",
        "elevation_m": 81.17,
        "photo_filename": "DSC00289.jpg",
        "photo_path": "1000GRMN/DSC00289.jpg",
        "surveyor_comment": "Turn out #6 (R/S)",
        "survey_date": "2023-8-11"
      }
    },
    {
      "type": "Feature",
      "geometry": {
        "type": "Point",
        "coordinates": [
          118.402593,
          9.286361
        ]
      },
      "properties": {
        "id": 227,
        "name": "MTO #10(R/S) - LAT. I",
        "type": "Unauthorized Turnout",
        "Structure_Category": "Turnout (TO)",
        "canal_name": "LATERAL I (SEGMENT 1320)",
        "station": "STA 0+325.1",
        "station_m": 325.09,
        "offset_m": 4.18,
        "ele": 50.35,
        "desc": "",
        "comment": "Turn out #10 (R/S)",
        "images": "1000GRMN/DSC00095.jpg",
        "elevation_m": 50.35,
        "photo_filename": "DSC00095.jpg",
        "photo_path": "1000GRMN/DSC00095.jpg",
        "surveyor_comment": "Turn out #10 (R/S)",
        "survey_date": "2023-8-15"
      }
    },
    {
      "type": "Feature",
      "geometry": {
        "type": "Point",
        "coordinates": [
          118.40211,
          9.29557
        ]
      },
      "properties": {
        "id": 235,
        "name": "DMTO #6 - PDMC1",
        "type": "Turnout",
        "Structure_Category": "Turnout (TO)",
        "canal_name": "PANACAN DIVERSION MAIN CANAL (SEGMENT 1322)",
        "station": "STA 0+738.6",
        "station_m": 738.65,
        "offset_m": 0.04,
        "ele": 58.87,
        "desc": "",
        "comment": "Turn out #6 (R/S)",
        "images": "1000GRMN/DSC00105.jpg",
        "elevation_m": 58.87,
        "photo_filename": "DSC00105.jpg",
        "photo_path": "1000GRMN/DSC00105.jpg",
        "surveyor_comment": "Turn out #6 (R/S)",
        "survey_date": "2023-8-15"
      }
    },
    {
      "type": "Feature",
      "geometry": {
        "type": "Point",
        "coordinates": [
          118.342169,
          9.255105
        ]
      },
      "properties": {
        "id": 179,
        "name": "THRESHER CROSSING STR.",
        "type": "Thresher Crossing",
        "Structure_Category": "Thresher Crossing",
        "canal_name": "FARM DITCH (BB LATERAL D - 972)",
        "station": "STA 0+259.9",
        "station_m": 259.85,
        "offset_m": 3.45,
        "ele": 16.42,
        "desc": "",
        "comment": "Cart crossing",
        "images": "1000GRMN/DSC00033.jpg",
        "elevation_m": 16.42,
        "photo_filename": "DSC00033.jpg",
        "photo_path": "1000GRMN/DSC00033.jpg",
        "surveyor_comment": "Cart crossing",
        "survey_date": "2023-8-9"
      }
    },
    {
      "type": "Feature",
      "geometry": {
        "type": "Point",
        "coordinates": [
          118.389788,
          9.283196
        ]
      },
      "properties": {
        "id": 298,
        "name": "MTO #5(L/S) - LAT. H",
        "type": "Turnout",
        "Structure_Category": "Turnout (TO)",
        "canal_name": "LATERAL H (SEGMENT 1295)",
        "station": "STA 0+109.5",
        "station_m": 109.48,
        "offset_m": 3.34,
        "ele": 81.17,
        "desc": "",
        "comment": "Turn out #5 (L/S)",
        "images": "1000GRMN/DSC00288.jpg",
        "elevation_m": 81.17,
        "photo_filename": "DSC00288.jpg",
        "photo_path": "1000GRMN/DSC00288.jpg",
        "surveyor_comment": "Turn out #5 (L/S)",
        "survey_date": "2023-8-11"
      }
    },
    {
      "type": "Feature",
      "geometry": {
        "type": "Point",
        "coordinates": [
          118.390013,
          9.297353
        ]
      },
      "properties": {
        "id": 239,
        "name": "THRESHER CROSSING STR.",
        "type": "Drop",
        "Structure_Category": "Thresher Crossing",
        "canal_name": "LATERAL I (SEGMENT 1279)",
        "station": "STA 0+010.2",
        "station_m": 10.19,
        "offset_m": 2.75,
        "ele": 62.64,
        "desc": "",
        "comment": "Thresher crossing & inclined drop structure",
        "images": "1000GRMN/DSC00299.jpg",
        "elevation_m": 62.64,
        "photo_filename": "DSC00299.jpg",
        "photo_path": "1000GRMN/DSC00299.jpg",
        "surveyor_comment": "Thresher crossing & inclined drop structure",
        "survey_date": "2023-8-15"
      }
    },
    {
      "type": "Feature",
      "geometry": {
        "type": "Point",
        "coordinates": [
          118.399473,
          9.288917
        ]
      },
      "properties": {
        "id": 247,
        "name": "ROAD CROSSING STR. & VERTICAL DROP STR.",
        "type": "Drop",
        "Structure_Category": "Drop",
        "canal_name": "LATERAL I (SEGMENT 1317)",
        "station": "STA 0+066.0",
        "station_m": 65.98,
        "offset_m": 4.55,
        "ele": 53.75,
        "desc": "",
        "comment": "Road crossing  & drop structure",
        "images": "1000GRMN/DSC00308.jpg",
        "elevation_m": 53.75,
        "photo_filename": "DSC00308.jpg",
        "photo_path": "1000GRMN/DSC00308.jpg",
        "surveyor_comment": "Road crossing & drop structure",
        "survey_date": "2023-8-15"
      }
    },
    {
      "type": "Feature",
      "geometry": {
        "type": "Point",
        "coordinates": [
          118.403673,
          9.286483
        ]
      },
      "properties": {
        "id": 251,
        "name": "THRESHER CROSSING STR.",
        "type": "Thresher Crossing",
        "Structure_Category": "Thresher Crossing",
        "canal_name": "LATERAL I (SEGMENT 1323)",
        "station": "STA 0+069.3",
        "station_m": 69.26,
        "offset_m": 5.06,
        "ele": 53.75,
        "desc": "",
        "comment": "Thresher crossing structure",
        "images": "1000GRMN/DSC00312.jpg",
        "elevation_m": 53.75,
        "photo_filename": "DSC00312.jpg",
        "photo_path": "1000GRMN/DSC00312.jpg",
        "surveyor_comment": "Thresher crossing structure",
        "survey_date": "2023-8-15"
      }
    },
    {
      "type": "Feature",
      "geometry": {
        "type": "Point",
        "coordinates": [
          118.389435,
          9.283327
        ]
      },
      "properties": {
        "id": 297,
        "name": "RCP CROSSING STR. & VERTICAL DROP STR.",
        "type": "Drop",
        "Structure_Category": "Road Crossing",
        "canal_name": "FARM DITCH (TRUNK 1310 - 1294)",
        "station": "STA 0+004.6",
        "station_m": 4.6,
        "offset_m": 1.56,
        "ele": 81.17,
        "desc": "",
        "comment": "RCP crossing & drop STR.",
        "images": "1000GRMN/DSC00287.jpg",
        "elevation_m": 81.17,
        "photo_filename": "DSC00287.jpg",
        "photo_path": "1000GRMN/DSC00287.jpg",
        "surveyor_comment": "RCP crossing & drop STR.",
        "survey_date": "2023-8-11"
      }
    },
    {
      "type": "Feature",
      "geometry": {
        "type": "Point",
        "coordinates": [
          118.396866,
          9.29139
        ]
      },
      "properties": {
        "id": 223,
        "name": "MTO #6(L/S) - LAT. I",
        "type": "Turnout",
        "Structure_Category": "Turnout (TO)",
        "canal_name": "LATERAL I (SEGMENT 1307)",
        "station": "STA 0+051.4",
        "station_m": 51.41,
        "offset_m": 3.61,
        "ele": 54.92,
        "desc": "",
        "comment": "Turn out #6 (L/S)",
        "images": "1000GRMN/DSC00090.jpg",
        "elevation_m": 54.92,
        "photo_filename": "DSC00090.jpg",
        "photo_path": "1000GRMN/DSC00090.jpg",
        "surveyor_comment": "Turn out #6 (L/S)",
        "survey_date": "2023-8-15"
      }
    },
    {
      "type": "Feature",
      "geometry": {
        "type": "Point",
        "coordinates": [
          118.374101,
          9.272087
        ]
      },
      "properties": {
        "id": 199,
        "name": "",
        "type": "Unauthorized Turnout",
        "Structure_Category": "Turnout (TO)",
        "canal_name": "BB LATERAL F",
        "station": "STA 0+759.6",
        "station_m": 759.58,
        "offset_m": 0.41,
        "ele": 55.16,
        "desc": "",
        "comment": "Turn out #5 (L/S)",
        "images": "1000GRMN/DSC00227.jpg",
        "elevation_m": 55.16,
        "photo_filename": "DSC00227.jpg",
        "photo_path": "1000GRMN/DSC00227.jpg",
        "surveyor_comment": "Turn out #5 (L/S)",
        "survey_date": "2023-8-10"
      }
    },
    {
      "type": "Feature",
      "geometry": {
        "type": "Point",
        "coordinates": [
          118.321117,
          9.240269
        ]
      },
      "properties": {
        "id": 157,
        "name": "DMTO #3 (R/S) - MC",
        "type": "Turnout",
        "Structure_Category": "Turnout (TO)",
        "canal_name": "FARM DITCH (TRUNK 932 - 934)",
        "station": "STA 0+020.4",
        "station_m": 20.45,
        "offset_m": 12.17,
        "ele": 34.9,
        "desc": "",
        "comment": "Turn out #3(R/S)",
        "images": "1000GRMN/DSC00019.jpg",
        "elevation_m": 34.9,
        "photo_filename": "DSC00019.jpg",
        "photo_path": "1000GRMN/DSC00019.jpg",
        "surveyor_comment": "Turn out #3(R/S)",
        "survey_date": "2023-8-8"
      }
    },
    {
      "type": "Feature",
      "geometry": {
        "type": "Point",
        "coordinates": [
          118.372682,
          9.278076
        ]
      },
      "properties": {
        "id": 163,
        "name": "DMTO #21(R/S) - MC",
        "type": "Turnout",
        "Structure_Category": "Turnout (TO)",
        "canal_name": "BATANG BATANG MAIN CANAL (SEGMENT 1026)",
        "station": "STA 0+177.6",
        "station_m": 177.56,
        "offset_m": 3.78,
        "ele": 46.88,
        "desc": "",
        "comment": "Turn out #21 (R/S)",
        "images": "1000GRMN/DSC00006.jpg",
        "elevation_m": 46.88,
        "photo_filename": "DSC00006.jpg",
        "photo_path": "1000GRMN/DSC00006.jpg",
        "surveyor_comment": "Turn out #21 (R/S)",
        "survey_date": "2023-8-9"
      }
    },
    {
      "type": "Feature",
      "geometry": {
        "type": "Point",
        "coordinates": [
          118.342242,
          9.251239
        ]
      },
      "properties": {
        "id": 310,
        "name": "VERTICAL DROP STR.",
        "type": "Drop",
        "Structure_Category": "Drop",
        "canal_name": "BB LATERAL D",
        "station": "STA 0+544.3",
        "station_m": 544.27,
        "offset_m": 0.96,
        "ele": 87.94,
        "desc": "",
        "comment": "Drop str.",
        "images": "1000GRMN/DSC00172.jpg",
        "elevation_m": 87.94,
        "photo_filename": "DSC00172.jpg",
        "photo_path": "1000GRMN/DSC00172.jpg",
        "surveyor_comment": "Drop str.",
        "survey_date": "2023-8-22"
      }
    },
    {
      "type": "Feature",
      "geometry": {
        "type": "Point",
        "coordinates": [
          118.342936,
          9.250386
        ]
      },
      "properties": {
        "id": 311,
        "name": "FLUME STR.",
        "type": "Flume",
        "Structure_Category": "Parshall Flume",
        "canal_name": "BB LATERAL D",
        "station": "STA 0+666.6",
        "station_m": 666.56,
        "offset_m": 0.8,
        "ele": 87.21,
        "desc": "",
        "comment": "Elevated plume",
        "images": "1000GRMN/DSC00173.jpg",
        "elevation_m": 87.21,
        "photo_filename": "DSC00173.jpg",
        "photo_path": "1000GRMN/DSC00173.jpg",
        "surveyor_comment": "Elevated plume",
        "survey_date": "2023-8-22"
      }
    },
    {
      "type": "Feature",
      "geometry": {
        "type": "Point",
        "coordinates": [
          118.346836,
          9.2527
        ]
      },
      "properties": {
        "id": 315,
        "name": "MTO #6(R/S) - LAT. D",
        "type": "Turnout",
        "Structure_Category": "Turnout (TO)",
        "canal_name": "BB LATERAL D",
        "station": "STA 1+188.0",
        "station_m": 1188.02,
        "offset_m": 6.77,
        "ele": 87.2,
        "desc": "",
        "comment": "Turn out #6 (R/S)",
        "images": "1000GRMN/DSC00180.jpg",
        "elevation_m": 87.2,
        "photo_filename": "DSC00180.jpg",
        "photo_path": "1000GRMN/DSC00180.jpg",
        "surveyor_comment": "Turn out #6 (R/S)",
        "survey_date": "2023-8-22"
      }
    },
    {
      "type": "Feature",
      "geometry": {
        "type": "Point",
        "coordinates": [
          118.346878,
          9.252715
        ]
      },
      "properties": {
        "id": 316,
        "name": "ROAD CROSSING STR.",
        "type": "Road Crossing",
        "Structure_Category": "Road Crossing",
        "canal_name": "BB LATERAL D",
        "station": "STA 1+189.2",
        "station_m": 1189.17,
        "offset_m": 1.99,
        "ele": 87.2,
        "desc": "",
        "comment": "Rcp crossing",
        "images": "1000GRMN/DSC00181.jpg",
        "elevation_m": 87.2,
        "photo_filename": "DSC00181.jpg",
        "photo_path": "1000GRMN/DSC00181.jpg",
        "surveyor_comment": "Rcp crossing",
        "survey_date": "2023-8-22"
      }
    },
    {
      "type": "Feature",
      "geometry": {
        "type": "Point",
        "coordinates": [
          118.347311,
          9.252081
        ]
      },
      "properties": {
        "id": 318,
        "name": "ELEVATED FLUME STR.",
        "type": "Flume",
        "Structure_Category": "Parshall Flume",
        "canal_name": "BB LATERAL D",
        "station": "STA 1+274.2",
        "station_m": 1274.17,
        "offset_m": 1.56,
        "ele": 87.2,
        "desc": "",
        "comment": "Elevated flume",
        "images": "1000GRMN/DSC00185.jpg",
        "elevation_m": 87.2,
        "photo_filename": "DSC00185.jpg",
        "photo_path": "1000GRMN/DSC00185.jpg",
        "surveyor_comment": "Elevated flume",
        "survey_date": "2023-8-22"
      }
    },
    {
      "type": "Feature",
      "geometry": {
        "type": "Point",
        "coordinates": [
          118.393512,
          9.280033
        ]
      },
      "properties": {
        "id": 304,
        "name": "MTO #7(L/S) - LAT. H",
        "type": "Turnout",
        "Structure_Category": "Turnout (TO)",
        "canal_name": "LATERAL H (SEGMENT 1310)",
        "station": "STA 0+263.5",
        "station_m": 263.54,
        "offset_m": 2.99,
        "ele": 78.59,
        "desc": "",
        "comment": "Turn out #7 (L/S)",
        "images": "1000GRMN/DSC00294.jpg",
        "elevation_m": 78.59,
        "photo_filename": "DSC00294.jpg",
        "photo_path": "1000GRMN/DSC00294.jpg",
        "surveyor_comment": "Turn out #7 (L/S)",
        "survey_date": "2023-8-11"
      }
    },
    {
      "type": "Feature",
      "geometry": {
        "type": "Point",
        "coordinates": [
          118.346934,
          9.252714
        ]
      },
      "properties": {
        "id": 317,
        "name": "MTO #7(L/S) - LAT. D",
        "type": "Turnout",
        "Structure_Category": "Turnout (TO)",
        "canal_name": "BB LATERAL D",
        "station": "STA 1+192.7",
        "station_m": 1192.65,
        "offset_m": 3.11,
        "ele": 87.2,
        "desc": "",
        "comment": "Turn out #7 (L/S)",
        "images": "1000GRMN/DSC00183.jpg",
        "elevation_m": 87.2,
        "photo_filename": "DSC00183.jpg",
        "photo_path": "1000GRMN/DSC00183.jpg",
        "surveyor_comment": "Turn out #7 (L/S)",
        "survey_date": "2023-8-22"
      }
    },
    {
      "type": "Feature",
      "geometry": {
        "type": "Point",
        "coordinates": [
          118.395689,
          9.277137
        ]
      },
      "properties": {
        "id": 306,
        "name": "ROAD CROSSING STR.",
        "type": "Road Crossing",
        "Structure_Category": "Road Crossing",
        "canal_name": "FARM DITCH (TRUNK 1310 - 1312)",
        "station": "STA 0+011.7",
        "station_m": 11.71,
        "offset_m": 0,
        "ele": 73.91,
        "desc": "",
        "comment": "Road crossing SRT.",
        "images": "1000GRMN/DSC00296.jpg",
        "elevation_m": 73.91,
        "photo_filename": "DSC00296.jpg",
        "photo_path": "1000GRMN/DSC00296.jpg",
        "surveyor_comment": "Road crossing SRT.",
        "survey_date": "2023-8-11"
      }
    },
    {
      "type": "Feature",
      "geometry": {
        "type": "Point",
        "coordinates": [
          118.355367,
          9.233664
        ]
      },
      "properties": {
        "id": 342,
        "name": "THRESHER CROSSING STR.",
        "type": "Thresher Crossing",
        "Structure_Category": "Thresher Crossing",
        "canal_name": "LATERAL C (SEGMENT 1140)",
        "station": "STA 0+194.3",
        "station_m": 194.3,
        "offset_m": 4.08,
        "ele": 77.71,
        "desc": "",
        "comment": "Cart crossing",
        "images": "1000GRMN/DSC00207.jpg",
        "elevation_m": 77.71,
        "photo_filename": "DSC00207.jpg",
        "photo_path": "1000GRMN/DSC00207.jpg",
        "surveyor_comment": "Cart crossing",
        "survey_date": "2023-8-23"
      }
    },
    {
      "type": "Feature",
      "geometry": {
        "type": "Point",
        "coordinates": [
          118.345507,
          9.251906
        ]
      },
      "properties": {
        "id": 313,
        "name": "MTO #5(L/S) - LAT. D",
        "type": "Turnout",
        "Structure_Category": "Turnout (TO)",
        "canal_name": "BB LATERAL D",
        "station": "STA 0+999.5",
        "station_m": 999.54,
        "offset_m": 2.91,
        "ele": 87.2,
        "desc": "",
        "comment": "Turn out #5(L/S)",
        "images": "1000GRMN/DSC00177.jpg",
        "elevation_m": 87.2,
        "photo_filename": "DSC00177.jpg",
        "photo_path": "1000GRMN/DSC00177.jpg",
        "surveyor_comment": "Turn out #5(L/S)",
        "survey_date": "2023-8-22"
      }
    },
    {
      "type": "Feature",
      "geometry": {
        "type": "Point",
        "coordinates": [
          118.345154,
          9.251703
        ]
      },
      "properties": {
        "id": 312,
        "name": "MTO #4(R/S) - LAT. D",
        "type": "Turnout",
        "Structure_Category": "Turnout (TO)",
        "canal_name": "BB LATERAL D",
        "station": "STA 0+954.6",
        "station_m": 954.65,
        "offset_m": 0.76,
        "ele": 87.2,
        "desc": "",
        "comment": "Turn out #4(R/S)",
        "images": "1000GRMN/DSC00175.jpg",
        "elevation_m": 87.2,
        "photo_filename": "DSC00175.jpg",
        "photo_path": "1000GRMN/DSC00175.jpg",
        "surveyor_comment": "Turn out #4(R/S)",
        "survey_date": "2023-8-22"
      }
    },
    {
      "type": "Feature",
      "geometry": {
        "type": "Point",
        "coordinates": [
          118.341899,
          9.251673
        ]
      },
      "properties": {
        "id": 322,
        "name": "MTO #2(R/S) - LAT. D",
        "type": "Turnout",
        "Structure_Category": "Turnout (TO)",
        "canal_name": "BB LATERAL D",
        "station": "STA 0+483.6",
        "station_m": 483.58,
        "offset_m": 5.12,
        "ele": 157.12,
        "desc": "",
        "comment": "Turn out #2 (R/S)",
        "images": "1000GRMN/DSC00405.jpg",
        "elevation_m": 157.12,
        "photo_filename": "DSC00405.jpg",
        "photo_path": "1000GRMN/DSC00405.jpg",
        "surveyor_comment": "Turn out #2 (R/S)",
        "survey_date": "2023-8-22"
      }
    },
    {
      "type": "Feature",
      "geometry": {
        "type": "Point",
        "coordinates": [
          118.345316,
          9.24722
        ]
      },
      "properties": {
        "id": 329,
        "name": "DMTO #2 - LAT. C",
        "type": "Turnout",
        "Structure_Category": "Turnout (TO)",
        "canal_name": "BB LATERAL C",
        "station": "STA 0+723.3",
        "station_m": 723.26,
        "offset_m": 5.3,
        "ele": 78.21,
        "desc": "",
        "comment": "Turn out #2 (L/S)",
        "images": "1000GRMN/DSC00193.jpg",
        "elevation_m": 78.21,
        "photo_filename": "DSC00193.jpg",
        "photo_path": "1000GRMN/DSC00193.jpg",
        "surveyor_comment": "Turn out #2 (L/S)",
        "survey_date": "2023-8-23"
      }
    },
    {
      "type": "Feature",
      "geometry": {
        "type": "Point",
        "coordinates": [
          118.340356,
          9.24677
        ]
      },
      "properties": {
        "id": 325,
        "name": "VERTICAL DROP STRUCTURE - STA. 0+165.00 - STA. 0+170.40",
        "type": "Drop",
        "Structure_Category": "Drop",
        "canal_name": "BB LATERAL C",
        "station": "STA 0+156.9",
        "station_m": 156.87,
        "offset_m": 0.39,
        "ele": 92.21,
        "desc": "",
        "comment": "Drop str.",
        "images": "1000GRMN/DSC00189.jpg",
        "elevation_m": 92.21,
        "photo_filename": "DSC00189.jpg",
        "photo_path": "1000GRMN/DSC00189.jpg",
        "surveyor_comment": "Drop str.",
        "survey_date": "2023-8-23"
      }
    },
    {
      "type": "Feature",
      "geometry": {
        "type": "Point",
        "coordinates": [
          118.341412,
          9.247018
        ]
      },
      "properties": {
        "id": 326,
        "name": "VERTICAL DROP STRUCTURE - STA. 0+289.50 - STA. 0+294.80",
        "type": "Drop",
        "Structure_Category": "Drop",
        "canal_name": "BB LATERAL C",
        "station": "STA 0+276.5",
        "station_m": 276.53,
        "offset_m": 0,
        "ele": 92.2,
        "desc": "",
        "comment": "Drop str.",
        "images": "1000GRMN/DSC00190.jpg",
        "elevation_m": 92.2,
        "photo_filename": "DSC00190.jpg",
        "photo_path": "1000GRMN/DSC00190.jpg",
        "surveyor_comment": "Drop str.",
        "survey_date": "2023-8-23"
      }
    },
    {
      "type": "Feature",
      "geometry": {
        "type": "Point",
        "coordinates": [
          118.342483,
          9.247259
        ]
      },
      "properties": {
        "id": 327,
        "name": "INCLINED DROP STRUCTURE - STA. 0+409.60 - STA. 0+409.60",
        "type": "Drop",
        "Structure_Category": "Drop",
        "canal_name": "BB LATERAL C",
        "station": "STA 0+397.5",
        "station_m": 397.54,
        "offset_m": 0.72,
        "ele": 85.41,
        "desc": "",
        "comment": "Enclined drop",
        "images": "1000GRMN/DSC00191.jpg",
        "elevation_m": 85.41,
        "photo_filename": "DSC00191.jpg",
        "photo_path": "1000GRMN/DSC00191.jpg",
        "surveyor_comment": "Enclined drop",
        "survey_date": "2023-8-23"
      }
    },
    {
      "type": "Feature",
      "geometry": {
        "type": "Point",
        "coordinates": [
          118.3437,
          9.247504
        ]
      },
      "properties": {
        "id": 354,
        "name": "INCLINED DROP STRUCTURE - STA. 0+544.10 - STA. 0+560.10",
        "type": "Drop",
        "Structure_Category": "Drop",
        "canal_name": "BB LATERAL C",
        "station": "STA 0+534.2",
        "station_m": 534.23,
        "offset_m": 9.4,
        "ele": 147.96,
        "desc": "",
        "comment": "Inclined drop structure",
        "images": "1000GRMN/DSC00409.jpg",
        "elevation_m": 147.96,
        "photo_filename": "DSC00409.jpg",
        "photo_path": "1000GRMN/DSC00409.jpg",
        "surveyor_comment": "Inclined drop structure",
        "survey_date": "2023-8-23"
      }
    },
    {
      "type": "Feature",
      "geometry": {
        "type": "Point",
        "coordinates": [
          118.356224,
          9.232365
        ]
      },
      "properties": {
        "id": 344,
        "name": "DMTO #9 - LAT. C",
        "type": "Turnout",
        "Structure_Category": "Turnout (TO)",
        "canal_name": "BB LATERAL C",
        "station": "STA 2+874.9",
        "station_m": 2874.93,
        "offset_m": 4.1,
        "ele": 80.56,
        "desc": "",
        "comment": "Turn out #10 (L/S)",
        "images": "1000GRMN/DSC00209.jpg",
        "elevation_m": 80.56,
        "photo_filename": "DSC00209.jpg",
        "photo_path": "1000GRMN/DSC00209.jpg",
        "surveyor_comment": "Turn out #10 (L/S)",
        "survey_date": "2023-8-23"
      }
    },
    {
      "type": "Feature",
      "geometry": {
        "type": "Point",
        "coordinates": [
          118.34675,
          9.244439
        ]
      },
      "properties": {
        "id": 333,
        "name": "RCP CROSSING STR. & INCLINED DROP STR.",
        "type": "Drop",
        "Structure_Category": "Road Crossing",
        "canal_name": "BB LATERAL C",
        "station": "STA 1+080.9",
        "station_m": 1080.92,
        "offset_m": 7.74,
        "ele": 77.72,
        "desc": "",
        "comment": "Rcp x-ing & eclined drop",
        "images": "1000GRMN/DSC00198.jpg",
        "elevation_m": 77.72,
        "photo_filename": "DSC00198.jpg",
        "photo_path": "1000GRMN/DSC00198.jpg",
        "surveyor_comment": "Rcp x-ing & eclined drop",
        "survey_date": "2023-8-23"
      }
    },
    {
      "type": "Feature",
      "geometry": {
        "type": "Point",
        "coordinates": [
          118.347772,
          9.242969
        ]
      },
      "properties": {
        "id": 334,
        "name": "INCLINED DROP STR.",
        "type": "Drop",
        "Structure_Category": "Drop",
        "canal_name": "BB LATERAL C",
        "station": "STA 1+278.5",
        "station_m": 1278.54,
        "offset_m": 7.27,
        "ele": 77.72,
        "desc": "",
        "comment": "Enclined drop str",
        "images": "1000GRMN/DSC00199.jpg",
        "elevation_m": 77.72,
        "photo_filename": "DSC00199.jpg",
        "photo_path": "1000GRMN/DSC00199.jpg",
        "surveyor_comment": "Enclined drop str",
        "survey_date": "2023-8-23"
      }
    },
    {
      "type": "Feature",
      "geometry": {
        "type": "Point",
        "coordinates": [
          118.351683,
          9.237011
        ]
      },
      "properties": {
        "id": 339,
        "name": "THRESHER CROSSING STR.",
        "type": "Thresher Crossing",
        "Structure_Category": "Thresher Crossing",
        "canal_name": "BB LATERAL C",
        "station": "STA 2+067.9",
        "station_m": 2067.87,
        "offset_m": 4.98,
        "ele": 77.72,
        "desc": "",
        "comment": "Cart crossing",
        "images": "1000GRMN/DSC00204.jpg",
        "elevation_m": 77.72,
        "photo_filename": "DSC00204.jpg",
        "photo_path": "1000GRMN/DSC00204.jpg",
        "surveyor_comment": "Cart crossing",
        "survey_date": "2023-8-23"
      }
    },
    {
      "type": "Feature",
      "geometry": {
        "type": "Point",
        "coordinates": [
          118.348916,
          9.241255
        ]
      },
      "properties": {
        "id": 335,
        "name": "THRESHER CROSSING STR.",
        "type": "Thresher Crossing",
        "Structure_Category": "Thresher Crossing",
        "canal_name": "LATERAL C (SEGMENT 1134)",
        "station": "STA 0+051.9",
        "station_m": 51.91,
        "offset_m": 6.88,
        "ele": 77.71,
        "desc": "",
        "comment": "Cart crossing",
        "images": "1000GRMN/DSC00200.jpg",
        "elevation_m": 77.71,
        "photo_filename": "DSC00200.jpg",
        "photo_path": "1000GRMN/DSC00200.jpg",
        "surveyor_comment": "Cart crossing",
        "survey_date": "2023-8-23"
      }
    },
    {
      "type": "Feature",
      "geometry": {
        "type": "Point",
        "coordinates": [
          118.349561,
          9.240225
        ]
      },
      "properties": {
        "id": 337,
        "name": "THRESHER CROSSING STR.",
        "type": "Thresher Crossing",
        "Structure_Category": "Thresher Crossing",
        "canal_name": "LATERAL C (SEGMENT 1135)",
        "station": "STA 0+045.2",
        "station_m": 45.23,
        "offset_m": 7.9,
        "ele": 77.71,
        "desc": "",
        "comment": "Cart crossing",
        "images": "1000GRMN/DSC00202.jpg",
        "elevation_m": 77.71,
        "photo_filename": "DSC00202.jpg",
        "photo_path": "1000GRMN/DSC00202.jpg",
        "surveyor_comment": "Cart crossing",
        "survey_date": "2023-8-23"
      }
    },
    {
      "type": "Feature",
      "geometry": {
        "type": "Point",
        "coordinates": [
          118.351028,
          9.238012
        ]
      },
      "properties": {
        "id": 338,
        "name": "UNAUTHORIZED TURN - OUT",
        "type": "Unauthorized Turnout",
        "Structure_Category": "Turnout (TO)",
        "canal_name": "BB LATERAL C",
        "station": "STA 1+935.5",
        "station_m": 1935.48,
        "offset_m": 3.19,
        "ele": 77.71,
        "desc": "",
        "comment": "Turn out (l/s)",
        "images": "1000GRMN/DSC00203.jpg",
        "elevation_m": 77.71,
        "photo_filename": "DSC00203.jpg",
        "photo_path": "1000GRMN/DSC00203.jpg",
        "surveyor_comment": "Turn out (l/s)",
        "survey_date": "2023-8-23"
      }
    },
    {
      "type": "Feature",
      "geometry": {
        "type": "Point",
        "coordinates": [
          118.349132,
          9.240957
        ]
      },
      "properties": {
        "id": 336,
        "name": "THRESHER CROSSING STR.",
        "type": "Thresher Crossing",
        "Structure_Category": "Thresher Crossing",
        "canal_name": "LATERAL C (SEGMENT 1134)",
        "station": "STA 0+011.2",
        "station_m": 11.24,
        "offset_m": 4.52,
        "ele": 77.72,
        "desc": "",
        "comment": "Cart crossing",
        "images": "1000GRMN/DSC00201.jpg",
        "elevation_m": 77.72,
        "photo_filename": "DSC00201.jpg",
        "photo_path": "1000GRMN/DSC00201.jpg",
        "surveyor_comment": "Cart crossing",
        "survey_date": "2023-8-23"
      }
    },
    {
      "type": "Feature",
      "geometry": {
        "type": "Point",
        "coordinates": [
          118.343632,
          9.247574
        ]
      },
      "properties": {
        "id": 328,
        "name": "DMTO #1 - LAT. C",
        "type": "Turnout",
        "Structure_Category": "Turnout (TO)",
        "canal_name": "BB LATERAL C",
        "station": "STA 0+528.9",
        "station_m": 528.87,
        "offset_m": 0.04,
        "ele": 81.55,
        "desc": "",
        "comment": "Turn out #1 (L /S)",
        "images": "1000GRMN/DSC00192.jpg",
        "elevation_m": 81.55,
        "photo_filename": "DSC00192.jpg",
        "photo_path": "1000GRMN/DSC00192.jpg",
        "surveyor_comment": "Turn out #1 (L /S)",
        "survey_date": "2023-8-23"
      }
    },
    {
      "type": "Feature",
      "geometry": {
        "type": "Point",
        "coordinates": [
          118.352075,
          9.236428
        ]
      },
      "properties": {
        "id": 340,
        "name": "DRAINAGE INLET",
        "type": "Inlet",
        "Structure_Category": "Inlet",
        "canal_name": "LATERAL C (SEGMENT 1137)",
        "station": "STA 0+177.0",
        "station_m": 177.01,
        "offset_m": 5.22,
        "ele": 77.72,
        "desc": "",
        "comment": "Drainage inlet",
        "images": "1000GRMN/DSC00205.jpg",
        "elevation_m": 77.72,
        "photo_filename": "DSC00205.jpg",
        "photo_path": "1000GRMN/DSC00205.jpg",
        "surveyor_comment": "Drainage inlet",
        "survey_date": "2023-8-23"
      }
    },
    {
      "type": "Feature",
      "geometry": {
        "type": "Point",
        "coordinates": [
          118.35502,
          9.234215
        ]
      },
      "properties": {
        "id": 341,
        "name": "THRESHER CROSSING STR.",
        "type": "Thresher Crossing",
        "Structure_Category": "Thresher Crossing",
        "canal_name": "FARM DITCH (BB LATERAL C - 1138)",
        "station": "STA 0+028.4",
        "station_m": 28.37,
        "offset_m": 4.13,
        "ele": 77.71,
        "desc": "",
        "comment": "Cart crossing",
        "images": "1000GRMN/DSC00206.jpg",
        "elevation_m": 77.71,
        "photo_filename": "DSC00206.jpg",
        "photo_path": "1000GRMN/DSC00206.jpg",
        "surveyor_comment": "Cart crossing",
        "survey_date": "2023-8-23"
      }
    },
    {
      "type": "Feature",
      "geometry": {
        "type": "Point",
        "coordinates": [
          118.361733,
          9.224024
        ]
      },
      "properties": {
        "id": 349,
        "name": "VERTICAL DROP STR.",
        "type": "Drop",
        "Structure_Category": "Drop",
        "canal_name": "BB LATERAL C",
        "station": "STA 3+981.7",
        "station_m": 3981.73,
        "offset_m": 0.95,
        "ele": 80.54,
        "desc": "",
        "comment": "Enclined drop",
        "images": "1000GRMN/DSC00214.jpg",
        "elevation_m": 80.54,
        "photo_filename": "DSC00214.jpg",
        "photo_path": "1000GRMN/DSC00214.jpg",
        "surveyor_comment": "Enclined drop",
        "survey_date": "2023-8-23"
      }
    },
    {
      "type": "Feature",
      "geometry": {
        "type": "Point",
        "coordinates": [
          118.359935,
          9.226672
        ]
      },
      "properties": {
        "id": 347,
        "name": "VERTICAL DROP STR.",
        "type": "Drop",
        "Structure_Category": "Drop",
        "canal_name": "BB LATERAL C",
        "station": "STA 3+627.1",
        "station_m": 3627.11,
        "offset_m": 3.94,
        "ele": 80.54,
        "desc": "",
        "comment": "Drop str",
        "images": "1000GRMN/DSC00212.jpg",
        "elevation_m": 80.54,
        "photo_filename": "DSC00212.jpg",
        "photo_path": "1000GRMN/DSC00212.jpg",
        "surveyor_comment": "Drop str",
        "survey_date": "2023-8-23"
      }
    },
    {
      "type": "Feature",
      "geometry": {
        "type": "Point",
        "coordinates": [
          118.356048,
          9.23264
        ]
      },
      "properties": {
        "id": 343,
        "name": "THRESHER CROSSING STR.",
        "type": "Thresher Crossing",
        "Structure_Category": "Thresher Crossing",
        "canal_name": "BB LATERAL C",
        "station": "STA 2+838.8",
        "station_m": 2838.79,
        "offset_m": 3.95,
        "ele": 80.56,
        "desc": "",
        "comment": "Cart crossing",
        "images": "1000GRMN/DSC00208.jpg",
        "elevation_m": 80.56,
        "photo_filename": "DSC00208.jpg",
        "photo_path": "1000GRMN/DSC00208.jpg",
        "surveyor_comment": "Cart crossing",
        "survey_date": "2023-8-23"
      }
    },
    {
      "type": "Feature",
      "geometry": {
        "type": "Point",
        "coordinates": [
          118.356346,
          9.23218
        ]
      },
      "properties": {
        "id": 345,
        "name": "THRESHER CROSSING STR.",
        "type": "Thresher Crossing",
        "Structure_Category": "Thresher Crossing",
        "canal_name": "BB LATERAL C",
        "station": "STA 2+899.5",
        "station_m": 2899.46,
        "offset_m": 3.87,
        "ele": 80.56,
        "desc": "",
        "comment": "Cart crossing",
        "images": "1000GRMN/DSC00210.jpg",
        "elevation_m": 80.56,
        "photo_filename": "DSC00210.jpg",
        "photo_path": "1000GRMN/DSC00210.jpg",
        "surveyor_comment": "Cart crossing",
        "survey_date": "2023-8-23"
      }
    },
    {
      "type": "Feature",
      "geometry": {
        "type": "Point",
        "coordinates": [
          118.359043,
          9.228059
        ]
      },
      "properties": {
        "id": 346,
        "name": "THRESHER CROSSING STR.",
        "type": "Thresher Crossing",
        "Structure_Category": "Thresher Crossing",
        "canal_name": "BB LATERAL C",
        "station": "STA 3+444.8",
        "station_m": 3444.78,
        "offset_m": 4.69,
        "ele": 80.54,
        "desc": "",
        "comment": "Cart crossing",
        "images": "1000GRMN/DSC00211.jpg",
        "elevation_m": 80.54,
        "photo_filename": "DSC00211.jpg",
        "photo_path": "1000GRMN/DSC00211.jpg",
        "surveyor_comment": "Cart crossing",
        "survey_date": "2023-8-23"
      }
    },
    {
      "type": "Feature",
      "geometry": {
        "type": "Point",
        "coordinates": [
          118.346309,
          9.245666
        ]
      },
      "properties": {
        "id": 330,
        "name": "MTO #3 - LAT. C",
        "type": "Turnout",
        "Structure_Category": "Turnout (TO)",
        "canal_name": "BB LATERAL C",
        "station": "STA 0+936.5",
        "station_m": 936.46,
        "offset_m": 4.96,
        "ele": 77.72,
        "desc": "",
        "comment": "Turn out #4 (L/S)",
        "images": "1000GRMN/DSC00195.jpg",
        "elevation_m": 77.72,
        "photo_filename": "DSC00195.jpg",
        "photo_path": "1000GRMN/DSC00195.jpg",
        "surveyor_comment": "Turn out #4 (L/S)",
        "survey_date": "2023-8-23"
      }
    },
    {
      "type": "Feature",
      "geometry": {
        "type": "Point",
        "coordinates": [
          118.363033,
          9.222078
        ]
      },
      "properties": {
        "id": 350,
        "name": "INCLINED DROP STR.",
        "type": "Drop",
        "Structure_Category": "Drop",
        "canal_name": "BB LATERAL C",
        "station": "STA 4+240.9",
        "station_m": 4240.86,
        "offset_m": 1.94,
        "ele": 80.54,
        "desc": "",
        "comment": "Eclined drop",
        "images": "1000GRMN/DSC00215.jpg",
        "elevation_m": 80.54,
        "photo_filename": "DSC00215.jpg",
        "photo_path": "1000GRMN/DSC00215.jpg",
        "surveyor_comment": "Eclined drop",
        "survey_date": "2023-8-23"
      }
    },
    {
      "type": "Feature",
      "geometry": {
        "type": "Point",
        "coordinates": [
          118.342075,
          9.251454
        ]
      },
      "properties": {
        "id": 309,
        "name": "VERTICAL DROP STR.",
        "type": "Drop",
        "Structure_Category": "Drop",
        "canal_name": "BB LATERAL D",
        "station": "STA 0+514.2",
        "station_m": 514.2,
        "offset_m": 2.72,
        "ele": 91.84,
        "desc": "",
        "comment": "Drop str.",
        "images": "1000GRMN/DSC00171.jpg",
        "elevation_m": 91.84,
        "photo_filename": "DSC00171.jpg",
        "photo_path": "1000GRMN/DSC00171.jpg",
        "surveyor_comment": "Drop str.",
        "survey_date": "2023-8-22"
      }
    },
    {
      "type": "Feature",
      "geometry": {
        "type": "Point",
        "coordinates": [
          118.346189,
          9.25238
        ]
      },
      "properties": {
        "id": 314,
        "name": "BARREL",
        "type": "Cut and Cover",
        "Structure_Category": "Road Crossing",
        "canal_name": "BB LATERAL D",
        "station": "STA 1+091.2",
        "station_m": 1091.15,
        "offset_m": 2.27,
        "ele": 87.2,
        "desc": "",
        "comment": "Baril str",
        "images": "1000GRMN/DSC00178.jpg",
        "elevation_m": 87.2,
        "photo_filename": "DSC00178.jpg",
        "photo_path": "1000GRMN/DSC00178.jpg",
        "surveyor_comment": "Baril str",
        "survey_date": "2023-8-22"
      }
    },
    {
      "type": "Feature",
      "geometry": {
        "type": "Point",
        "coordinates": [
          118.339706,
          9.252811
        ]
      },
      "properties": {
        "id": 320,
        "name": "MTO #1(R/S) - LAT. D",
        "type": "Turnout",
        "Structure_Category": "Turnout (TO)",
        "canal_name": "BB LATERAL D",
        "station": "STA 0+186.3",
        "station_m": 186.32,
        "offset_m": 16.04,
        "ele": 102.81,
        "desc": "",
        "comment": "Turn out #1 (R/S)",
        "images": "1000GRMN/DSC00187.jpg",
        "elevation_m": 102.81,
        "photo_filename": "DSC00187.jpg",
        "photo_path": "1000GRMN/DSC00187.jpg",
        "surveyor_comment": "Turn out #1 (R/S)",
        "survey_date": "2023-8-22"
      }
    },
    {
      "type": "Feature",
      "geometry": {
        "type": "Point",
        "coordinates": [
          118.392098,
          9.281925
        ]
      },
      "properties": {
        "id": 303,
        "name": "RCP CROSSING STR.",
        "type": "Thresher Crossing",
        "Structure_Category": "Thresher Crossing",
        "canal_name": "LATERAL H (SEGMENT 1310)",
        "station": "STA 0+002.1",
        "station_m": 2.12,
        "offset_m": 0.77,
        "ele": 78.6,
        "desc": "",
        "comment": "RCP Crossing",
        "images": "1000GRMN/DSC00293.jpg",
        "elevation_m": 78.6,
        "photo_filename": "DSC00293.jpg",
        "photo_path": "1000GRMN/DSC00293.jpg",
        "surveyor_comment": "RCP Crossing",
        "survey_date": "2023-8-11"
      }
    },
    {
      "type": "Feature",
      "geometry": {
        "type": "Point",
        "coordinates": [
          118.341913,
          9.251695
        ]
      },
      "properties": {
        "id": 323,
        "name": "MTO #3(L/S) - LAT. D",
        "type": "Turnout",
        "Structure_Category": "Turnout (TO)",
        "canal_name": "BB LATERAL D",
        "station": "STA 0+482.3",
        "station_m": 482.34,
        "offset_m": 2.58,
        "ele": 157.12,
        "desc": "",
        "comment": "Turn out #3 (L/S)",
        "images": "1000GRMN/DSC00406.jpg",
        "elevation_m": 157.12,
        "photo_filename": "DSC00406.jpg",
        "photo_path": "1000GRMN/DSC00406.jpg",
        "surveyor_comment": "Turn out #3 (L/S)",
        "survey_date": "2023-8-22"
      }
    },
    {
      "type": "Feature",
      "geometry": {
        "type": "Point",
        "coordinates": [
          118.346239,
          9.245746
        ]
      },
      "properties": {
        "id": 331,
        "name": "THRESHER CROSSING STRUCTURE - STA. 0+934.50 - STA. 0+942.50",
        "type": "Thresher Crossing",
        "Structure_Category": "Thresher Crossing",
        "canal_name": "BB LATERAL C",
        "station": "STA 0+924.5",
        "station_m": 924.53,
        "offset_m": 8.74,
        "ele": 77.72,
        "desc": "",
        "comment": "Barrel",
        "images": "1000GRMN/DSC00196.jpg",
        "elevation_m": 77.72,
        "photo_filename": "DSC00196.jpg",
        "photo_path": "1000GRMN/DSC00196.jpg",
        "surveyor_comment": "Barrel",
        "survey_date": "2023-8-23"
      }
    },
    {
      "type": "Feature",
      "geometry": {
        "type": "Point",
        "coordinates": [
          118.394438,
          9.278817
        ]
      },
      "properties": {
        "id": 305,
        "name": "MTO #8(L/S) - LAT. H",
        "type": "Turnout",
        "Structure_Category": "Turnout (TO)",
        "canal_name": "LATERAL H (SEGMENT 1310)",
        "station": "STA 0+432.6",
        "station_m": 432.65,
        "offset_m": 0.55,
        "ele": 78.6,
        "desc": "",
        "comment": "Turn out #8 (L/S)",
        "images": "1000GRMN/DSC00295.jpg",
        "elevation_m": 78.6,
        "photo_filename": "DSC00295.jpg",
        "photo_path": "1000GRMN/DSC00295.jpg",
        "surveyor_comment": "Turn out #8 (L/S)",
        "survey_date": "2023-8-11"
      }
    },
    {
      "type": "Feature",
      "geometry": {
        "type": "Point",
        "coordinates": [
          118.339626,
          9.246537
        ]
      },
      "properties": {
        "id": 324,
        "name": "INCLINED DROP STRUCTURE - STA. 0+080.40 - STA. 0+093.40",
        "type": "Drop",
        "Structure_Category": "Drop",
        "canal_name": "BB LATERAL C",
        "station": "STA 0+072.4",
        "station_m": 72.4,
        "offset_m": 3.53,
        "ele": 92.47,
        "desc": "",
        "comment": "Enclined drop str.",
        "images": "1000GRMN/DSC00188.jpg",
        "elevation_m": 92.47,
        "photo_filename": "DSC00188.jpg",
        "photo_path": "1000GRMN/DSC00188.jpg",
        "surveyor_comment": "Enclined drop str.",
        "survey_date": "2023-8-23"
      }
    },
    {
      "type": "Feature",
      "geometry": {
        "type": "Point",
        "coordinates": [
          118.346564,
          9.244756
        ]
      },
      "properties": {
        "id": 332,
        "name": "UNAUTHORIZED TURN - OUT",
        "type": "Unauthorized Turnout",
        "Structure_Category": "Turnout (TO)",
        "canal_name": "BB LATERAL C",
        "station": "STA 1+040.2",
        "station_m": 1040.18,
        "offset_m": 6.72,
        "ele": 77.72,
        "desc": "",
        "comment": "Turn out (L & R)",
        "images": "1000GRMN/DSC00197.jpg",
        "elevation_m": 77.72,
        "photo_filename": "DSC00197.jpg",
        "photo_path": "1000GRMN/DSC00197.jpg",
        "surveyor_comment": "Turn out (L & R)",
        "survey_date": "2023-8-23"
      }
    },
    {
      "type": "Feature",
      "geometry": {
        "type": "Point",
        "coordinates": [
          118.363695,
          9.221239
        ]
      },
      "properties": {
        "id": 351,
        "name": "DMTO #18 - LAT. C",
        "type": "Turnout",
        "Structure_Category": "Turnout (TO)",
        "canal_name": "BB LATERAL C",
        "station": "STA 4+358.9",
        "station_m": 4358.94,
        "offset_m": 1.47,
        "ele": 80.55,
        "desc": "",
        "comment": "Turn out #20 (L/S)",
        "images": "1000GRMN/DSC00217.jpg",
        "elevation_m": 80.55,
        "photo_filename": "DSC00217.jpg",
        "photo_path": "1000GRMN/DSC00217.jpg",
        "surveyor_comment": "Turn out #20 (L/S)",
        "survey_date": "2023-8-23"
      }
    },
    {
      "type": "Feature",
      "geometry": {
        "type": "Point",
        "coordinates": [
          118.347155,
          9.243888
        ]
      },
      "properties": {
        "id": 360,
        "name": "THRESHER CROSSING STR.",
        "type": "Thresher Crossing",
        "Structure_Category": "Thresher Crossing",
        "canal_name": "BB LATERAL C",
        "station": "STA 1+156.1",
        "station_m": 1156.14,
        "offset_m": 5,
        "ele": 144.36,
        "desc": "",
        "comment": "Bullcart crossing",
        "images": "1000GRMN/DSC00417.jpg",
        "elevation_m": 144.36,
        "photo_filename": "DSC00417.jpg",
        "photo_path": "1000GRMN/DSC00417.jpg",
        "surveyor_comment": "Bullcart crossing",
        "survey_date": "2023-8-23"
      }
    },
    {
      "type": "Feature",
      "geometry": {
        "type": "Point",
        "coordinates": [
          118.348076,
          9.242558
        ]
      },
      "properties": {
        "id": 362,
        "name": "DRAINAGE STR.",
        "type": "Drainage",
        "Structure_Category": "Drainage",
        "canal_name": "FARM DITCH (BB LATERAL C - 1130)",
        "station": "STA 0+059.7",
        "station_m": 59.7,
        "offset_m": 5.01,
        "ele": 141.34,
        "desc": "",
        "comment": "Drainage inlet",
        "images": "1000GRMN/DSC00419.jpg",
        "elevation_m": 141.34,
        "photo_filename": "DSC00419.jpg",
        "photo_path": "1000GRMN/DSC00419.jpg",
        "surveyor_comment": "Drainage inlet",
        "survey_date": "2023-8-23"
      }
    },
    {
      "type": "Feature",
      "geometry": {
        "type": "Point",
        "coordinates": [
          118.34678,
          9.244453
        ]
      },
      "properties": {
        "id": 358,
        "name": "DMTO #4 - LAT. C",
        "type": "Turnout",
        "Structure_Category": "Turnout (TO)",
        "canal_name": "BB LATERAL C",
        "station": "STA 1+081.3",
        "station_m": 1081.31,
        "offset_m": 4.11,
        "ele": 144.91,
        "desc": "",
        "comment": "Turn out #5 (R/S)",
        "images": "1000GRMN/DSC00413.jpg",
        "elevation_m": 144.91,
        "photo_filename": "DSC00413.jpg",
        "photo_path": "1000GRMN/DSC00413.jpg",
        "surveyor_comment": "Turn out #5 (R/S)",
        "survey_date": "2023-8-23"
      }
    },
    {
      "type": "Feature",
      "geometry": {
        "type": "Point",
        "coordinates": [
          118.347816,
          9.242967
        ]
      },
      "properties": {
        "id": 361,
        "name": "UNAUTHORIZED TURN - OUT",
        "type": "Unauthorized Turnout",
        "Structure_Category": "Turnout (TO)",
        "canal_name": "BB LATERAL C",
        "station": "STA 1+281.5",
        "station_m": 1281.54,
        "offset_m": 3.45,
        "ele": 141.35,
        "desc": "",
        "comment": "Turn out (L/S)",
        "images": "1000GRMN/DSC00418.jpg",
        "elevation_m": 141.35,
        "photo_filename": "DSC00418.jpg",
        "photo_path": "1000GRMN/DSC00418.jpg",
        "surveyor_comment": "Turn out (L/S)",
        "survey_date": "2023-8-23"
      }
    },
    {
      "type": "Feature",
      "geometry": {
        "type": "Point",
        "coordinates": [
          118.377406,
          9.248567
        ]
      },
      "properties": {
        "id": 385,
        "name": "MTO #169L/S) - LAT. E",
        "type": "Unauthorized Turnout",
        "Structure_Category": "Turnout (TO)",
        "canal_name": "LATERAL E (SEGMENT 1168)",
        "station": "STA 0+197.9",
        "station_m": 197.9,
        "offset_m": 2.72,
        "ele": 159.45,
        "desc": "",
        "comment": "Turn out #16 (L/S)",
        "images": "1000GRMN/DSC00443.jpg",
        "elevation_m": 159.45,
        "photo_filename": "DSC00443.jpg",
        "photo_path": "1000GRMN/DSC00443.jpg",
        "surveyor_comment": "Turn out #16 (L/S)",
        "survey_date": "2023-8-25"
      }
    },
    {
      "type": "Feature",
      "geometry": {
        "type": "Point",
        "coordinates": [
          118.349155,
          9.240965
        ]
      },
      "properties": {
        "id": 364,
        "name": "DRAINAGE INLET",
        "type": "Inlet",
        "Structure_Category": "Inlet",
        "canal_name": "LATERAL C (SEGMENT 1134)",
        "station": "STA 0+010.6",
        "station_m": 10.63,
        "offset_m": 1.91,
        "ele": 141.34,
        "desc": "",
        "comment": "Drainage inlet",
        "images": "1000GRMN/DSC00421.jpg",
        "elevation_m": 141.34,
        "photo_filename": "DSC00421.jpg",
        "photo_path": "1000GRMN/DSC00421.jpg",
        "surveyor_comment": "Drainage inlet",
        "survey_date": "2023-8-23"
      }
    },
    {
      "type": "Feature",
      "geometry": {
        "type": "Point",
        "coordinates": [
          118.34924,
          9.240837
        ]
      },
      "properties": {
        "id": 365,
        "name": "DRAINAGE INLET",
        "type": "Inlet",
        "Structure_Category": "Inlet",
        "canal_name": "LATERAL C (SEGMENT 1135)",
        "station": "STA 0+121.7",
        "station_m": 121.69,
        "offset_m": 1.68,
        "ele": 141.34,
        "desc": "",
        "comment": "Drainage inlet",
        "images": "1000GRMN/DSC00422.jpg",
        "elevation_m": 141.34,
        "photo_filename": "DSC00422.jpg",
        "photo_path": "1000GRMN/DSC00422.jpg",
        "surveyor_comment": "Drainage inlet",
        "survey_date": "2023-8-23"
      }
    },
    {
      "type": "Feature",
      "geometry": {
        "type": "Point",
        "coordinates": [
          118.350321,
          9.239174
        ]
      },
      "properties": {
        "id": 366,
        "name": "THRESHER CROSSING STR.",
        "type": "Thresher Crossing",
        "Structure_Category": "Thresher Crossing",
        "canal_name": "LATERAL C (SEGMENT 1137)",
        "station": "STA 0+537.7",
        "station_m": 537.73,
        "offset_m": 2.1,
        "ele": 140.73,
        "desc": "",
        "comment": "Bullcart crossing",
        "images": "1000GRMN/DSC00423.jpg",
        "elevation_m": 140.73,
        "photo_filename": "DSC00423.jpg",
        "photo_path": "1000GRMN/DSC00423.jpg",
        "surveyor_comment": "Bullcart crossing",
        "survey_date": "2023-8-23"
      }
    },
    {
      "type": "Feature",
      "geometry": {
        "type": "Point",
        "coordinates": [
          118.351261,
          9.237666
        ]
      },
      "properties": {
        "id": 368,
        "name": "THRESHER CROSSING STR.",
        "type": "Thresher Crossing",
        "Structure_Category": "Thresher Crossing",
        "canal_name": "LATERAL C (SEGMENT 1137)",
        "station": "STA 0+341.0",
        "station_m": 340.99,
        "offset_m": 3.07,
        "ele": 139.97,
        "desc": "",
        "comment": "Bullcart crossing",
        "images": "1000GRMN/DSC00425.jpg",
        "elevation_m": 139.97,
        "photo_filename": "DSC00425.jpg",
        "photo_path": "1000GRMN/DSC00425.jpg",
        "surveyor_comment": "Bullcart crossing",
        "survey_date": "2023-8-23"
      }
    },
    {
      "type": "Feature",
      "geometry": {
        "type": "Point",
        "coordinates": [
          118.354392,
          9.2352
        ]
      },
      "properties": {
        "id": 371,
        "name": "UNAUTHORIZED TURN - OUT",
        "type": "Unauthorized Turnout",
        "Structure_Category": "Turnout (TO)",
        "canal_name": "FARM DITCH (BB LATERAL C - 1138)",
        "station": "STA 0+157.8",
        "station_m": 157.77,
        "offset_m": 5.57,
        "ele": 150.29,
        "desc": "",
        "comment": "Turn out elligal (L/S)",
        "images": "1000GRMN/DSC00428.jpg",
        "elevation_m": 150.29,
        "photo_filename": "DSC00428.jpg",
        "photo_path": "1000GRMN/DSC00428.jpg",
        "surveyor_comment": "Turn out elligal (L/S)",
        "survey_date": "2023-8-23"
      }
    },
    {
      "type": "Feature",
      "geometry": {
        "type": "Point",
        "coordinates": [
          118.35598,
          9.232735
        ]
      },
      "properties": {
        "id": 372,
        "name": "DMTO #8 - LAT. C",
        "type": "Turnout",
        "Structure_Category": "Turnout (TO)",
        "canal_name": "BB LATERAL C",
        "station": "STA 2+825.9",
        "station_m": 2825.87,
        "offset_m": 4.56,
        "ele": 150.28,
        "desc": "",
        "comment": "Turn out #9 (L/S)",
        "images": "1000GRMN/DSC00429.jpg",
        "elevation_m": 150.28,
        "photo_filename": "DSC00429.jpg",
        "photo_path": "1000GRMN/DSC00429.jpg",
        "surveyor_comment": "Turn out #9 (L/S)",
        "survey_date": "2023-8-23"
      }
    },
    {
      "type": "Feature",
      "geometry": {
        "type": "Point",
        "coordinates": [
          118.364813,
          9.219788
        ]
      },
      "properties": {
        "id": 382,
        "name": "ROAD CROSSING STR.",
        "type": "Road Crossing",
        "Structure_Category": "Turnout (TO)",
        "canal_name": "BB LATERAL C",
        "station": "STA 4+561.0",
        "station_m": 4560.99,
        "offset_m": 6.14,
        "ele": 153.61,
        "desc": "",
        "comment": "Comb. turn out & crossing/orifice",
        "images": "1000GRMN/DSC00440.jpg",
        "elevation_m": 153.61,
        "photo_filename": "DSC00440.jpg",
        "photo_path": "1000GRMN/DSC00440.jpg",
        "surveyor_comment": "Comb. turn out & crossing/orifice",
        "survey_date": "2023-8-23"
      }
    },
    {
      "type": "Feature",
      "geometry": {
        "type": "Point",
        "coordinates": [
          118.358762,
          9.228558
        ]
      },
      "properties": {
        "id": 374,
        "name": "DMTO #11 - LAT. C",
        "type": "Turnout",
        "Structure_Category": "Turnout (TO)",
        "canal_name": "LATERAL C (SEGMENT 1142)",
        "station": "STA 0+265.4",
        "station_m": 265.43,
        "offset_m": 0.37,
        "ele": 150.28,
        "desc": "",
        "comment": "Turn out #12 (L/S)",
        "images": "1000GRMN/DSC00431.jpg",
        "elevation_m": 150.28,
        "photo_filename": "DSC00431.jpg",
        "photo_path": "1000GRMN/DSC00431.jpg",
        "surveyor_comment": "Turn out #12 (L/S)",
        "survey_date": "2023-8-23"
      }
    },
    {
      "type": "Feature",
      "geometry": {
        "type": "Point",
        "coordinates": [
          118.359934,
          9.22669
        ]
      },
      "properties": {
        "id": 376,
        "name": "DMTO #13 - LAT. C",
        "type": "Turnout",
        "Structure_Category": "Turnout (TO)",
        "canal_name": "BB LATERAL C",
        "station": "STA 3+625.6",
        "station_m": 3625.57,
        "offset_m": 2.93,
        "ele": 150.28,
        "desc": "",
        "comment": "Turn out #14 (L/S)",
        "images": "1000GRMN/DSC00433.jpg",
        "elevation_m": 150.28,
        "photo_filename": "DSC00433.jpg",
        "photo_path": "1000GRMN/DSC00433.jpg",
        "surveyor_comment": "Turn out #14 (L/S)",
        "survey_date": "2023-8-23"
      }
    },
    {
      "type": "Feature",
      "geometry": {
        "type": "Point",
        "coordinates": [
          118.359328,
          9.227615
        ]
      },
      "properties": {
        "id": 375,
        "name": "DMTO #12 - LAT. C",
        "type": "Turnout",
        "Structure_Category": "Turnout (TO)",
        "canal_name": "BB LATERAL C",
        "station": "STA 3+503.2",
        "station_m": 3503.18,
        "offset_m": 4.27,
        "ele": 150.29,
        "desc": "",
        "comment": "Turn out #13 (L/S)",
        "images": "1000GRMN/DSC00432.jpg",
        "elevation_m": 150.29,
        "photo_filename": "DSC00432.jpg",
        "photo_path": "1000GRMN/DSC00432.jpg",
        "surveyor_comment": "Turn out #13 (L/S)",
        "survey_date": "2023-8-23"
      }
    },
    {
      "type": "Feature",
      "geometry": {
        "type": "Point",
        "coordinates": [
          118.345361,
          9.24744
        ]
      },
      "properties": {
        "id": 392,
        "name": "040",
        "type": "Drainage",
        "Structure_Category": "Drainage",
        "canal_name": "BB LATERAL C",
        "station": "STA 0+719.3",
        "station_m": 719.31,
        "offset_m": 19.15,
        "ele": 197.61,
        "desc": "",
        "comment": "Drainage structure",
        "images": "1000GRMN/DSC00451.jpg",
        "elevation_m": 197.61,
        "photo_filename": "DSC00451.jpg",
        "photo_path": "1000GRMN/DSC00451.jpg",
        "surveyor_comment": "Drainage structure",
        "survey_date": "2023-8-25"
      }
    },
    {
      "type": "Feature",
      "geometry": {
        "type": "Point",
        "coordinates": [
          118.360372,
          9.226118
        ]
      },
      "properties": {
        "id": 377,
        "name": "DMTO #14(L/S) - LAT. C",
        "type": "Turnout",
        "Structure_Category": "Turnout (TO)",
        "canal_name": "BB LATERAL C",
        "station": "STA 3+705.1",
        "station_m": 3705.09,
        "offset_m": 0.21,
        "ele": 150.29,
        "desc": "",
        "comment": "Turn out #15 (L/S)",
        "images": "1000GRMN/DSC00434.jpg",
        "elevation_m": 150.29,
        "photo_filename": "DSC00434.jpg",
        "photo_path": "1000GRMN/DSC00434.jpg",
        "surveyor_comment": "Turn out #15 (L/S)",
        "survey_date": "2023-8-23"
      }
    },
    {
      "type": "Feature",
      "geometry": {
        "type": "Point",
        "coordinates": [
          118.363015,
          9.22211
        ]
      },
      "properties": {
        "id": 381,
        "name": "DMTO #17 - LAT. C",
        "type": "Turnout",
        "Structure_Category": "Turnout (TO)",
        "canal_name": "BB LATERAL C",
        "station": "STA 4+236.7",
        "station_m": 4236.7,
        "offset_m": 1.52,
        "ele": 153.62,
        "desc": "",
        "comment": "Turn out #19 (L/S)",
        "images": "1000GRMN/DSC00438.jpg",
        "elevation_m": 153.62,
        "photo_filename": "DSC00438.jpg",
        "photo_path": "1000GRMN/DSC00438.jpg",
        "surveyor_comment": "Turn out #19 (L/S)",
        "survey_date": "2023-8-23"
      }
    },
    {
      "type": "Feature",
      "geometry": {
        "type": "Point",
        "coordinates": [
          118.361729,
          9.224058
        ]
      },
      "properties": {
        "id": 378,
        "name": "DMTO #15 - LAT. C",
        "type": "Turnout",
        "Structure_Category": "Turnout (TO)",
        "canal_name": "LATERAL C (SEGMENT 1151)",
        "station": "STA 0+100.5",
        "station_m": 100.49,
        "offset_m": 0.63,
        "ele": 150.28,
        "desc": "",
        "comment": "Turn out #16 (L/S)",
        "images": "1000GRMN/DSC00435.jpg",
        "elevation_m": 150.28,
        "photo_filename": "DSC00435.jpg",
        "photo_path": "1000GRMN/DSC00435.jpg",
        "surveyor_comment": "Turn out #16 (L/S)",
        "survey_date": "2023-8-23"
      }
    },
    {
      "type": "Feature",
      "geometry": {
        "type": "Point",
        "coordinates": [
          118.377408,
          9.248526
        ]
      },
      "properties": {
        "id": 386,
        "name": "RCP CROSSING STR. & VERTICAL DROP STR.",
        "type": "Drop",
        "Structure_Category": "Road Crossing",
        "canal_name": "BB LATERAL E",
        "station": "STA 3+637.7",
        "station_m": 3637.72,
        "offset_m": 4.79,
        "ele": 159.45,
        "desc": "",
        "comment": "RCP crossing & dropstructure",
        "images": "1000GRMN/DSC00444.jpg",
        "elevation_m": 159.45,
        "photo_filename": "DSC00444.jpg",
        "photo_path": "1000GRMN/DSC00444.jpg",
        "surveyor_comment": "RCP crossing & dropstructure",
        "survey_date": "2023-8-25"
      }
    },
    {
      "type": "Feature",
      "geometry": {
        "type": "Point",
        "coordinates": [
          118.362328,
          9.223133
        ]
      },
      "properties": {
        "id": 380,
        "name": "",
        "type": "Unauthorized Turnout",
        "Structure_Category": "Turnout (TO)",
        "canal_name": "BB LATERAL C",
        "station": "STA 4+100.3",
        "station_m": 4100.32,
        "offset_m": 0.09,
        "ele": 153.63,
        "desc": "",
        "comment": "Turn out #18 (L/S)",
        "images": "1000GRMN/DSC00437.jpg",
        "elevation_m": 153.63,
        "photo_filename": "DSC00437.jpg",
        "photo_path": "1000GRMN/DSC00437.jpg",
        "surveyor_comment": "Turn out #18 (L/S)",
        "survey_date": "2023-8-23"
      }
    },
    {
      "type": "Feature",
      "geometry": {
        "type": "Point",
        "coordinates": [
          118.361721,
          9.224042
        ]
      },
      "properties": {
        "id": 379,
        "name": "DMTO #16 - LAT. C",
        "type": "Turnout",
        "Structure_Category": "Turnout (TO)",
        "canal_name": "BB LATERAL C",
        "station": "STA 3+979.4",
        "station_m": 3979.36,
        "offset_m": 1.03,
        "ele": 150.29,
        "desc": "",
        "comment": "Turn out #17 (R/S)",
        "images": "1000GRMN/DSC00436.jpg",
        "elevation_m": 150.29,
        "photo_filename": "DSC00436.jpg",
        "photo_path": "1000GRMN/DSC00436.jpg",
        "surveyor_comment": "Turn out #17 (R/S)",
        "survey_date": "2023-8-23"
      }
    },
    {
      "type": "Feature",
      "geometry": {
        "type": "Point",
        "coordinates": [
          118.349245,
          9.24088
        ]
      },
      "properties": {
        "id": 363,
        "name": "DMTO #6 - LAT. C",
        "type": "Turnout",
        "Structure_Category": "Turnout (TO)",
        "canal_name": "BB LATERAL C",
        "station": "STA 1+561.6",
        "station_m": 1561.61,
        "offset_m": 1.4,
        "ele": 141.34,
        "desc": "",
        "comment": "Turn out #7 (L/S)",
        "images": "1000GRMN/DSC00420.jpg",
        "elevation_m": 141.34,
        "photo_filename": "DSC00420.jpg",
        "photo_path": "1000GRMN/DSC00420.jpg",
        "surveyor_comment": "Turn out #7 (L/S)",
        "survey_date": "2023-8-23"
      }
    },
    {
      "type": "Feature",
      "geometry": {
        "type": "Point",
        "coordinates": [
          118.377001,
          9.250043
        ]
      },
      "properties": {
        "id": 384,
        "name": "MTO #10(L/S) - LAT. E",
        "type": "Turnout",
        "Structure_Category": "Turnout (TO)",
        "canal_name": "BB LATERAL E",
        "station": "STA 3+436.0",
        "station_m": 3435.96,
        "offset_m": 6.75,
        "ele": 159.47,
        "desc": "",
        "comment": "Turn out #15 (L/S)",
        "images": "1000GRMN/DSC00442.jpg",
        "elevation_m": 159.47,
        "photo_filename": "DSC00442.jpg",
        "photo_path": "1000GRMN/DSC00442.jpg",
        "surveyor_comment": "Turn out #15 (L/S)",
        "survey_date": "2023-8-25"
      }
    },
    {
      "type": "Feature",
      "geometry": {
        "type": "Point",
        "coordinates": [
          118.346086,
          9.246246
        ]
      },
      "properties": {
        "id": 356,
        "name": "MTO #3(L/S) - LAT. C",
        "type": "Unauthorized Turnout",
        "Structure_Category": "Turnout (TO)",
        "canal_name": "LATERAL C (SEGMENT 1104)",
        "station": "STA 0+053.9",
        "station_m": 53.91,
        "offset_m": 1.66,
        "ele": 144.91,
        "desc": "",
        "comment": "Turn out #3(L/S)",
        "images": "1000GRMN/DSC00411.jpg",
        "elevation_m": 144.91,
        "photo_filename": "DSC00411.jpg",
        "photo_path": "1000GRMN/DSC00411.jpg",
        "surveyor_comment": "Turn out #3(L/S)",
        "survey_date": "2023-8-23"
      }
    },
    {
      "type": "Feature",
      "geometry": {
        "type": "Point",
        "coordinates": [
          118.380919,
          9.242986
        ]
      },
      "properties": {
        "id": 389,
        "name": "MTO #13(L/S) - LAT. E",
        "type": "Turnout",
        "Structure_Category": "Turnout (TO)",
        "canal_name": "LATERAL E (SEGMENT 1181)",
        "station": "STA 0+362.6",
        "station_m": 362.6,
        "offset_m": 2.05,
        "ele": 153.97,
        "desc": "",
        "comment": "Comb. turn out #18 & crossing/orifice",
        "images": "1000GRMN/DSC00447.jpg",
        "elevation_m": 153.97,
        "photo_filename": "DSC00447.jpg",
        "photo_path": "1000GRMN/DSC00447.jpg",
        "surveyor_comment": "Comb. turn out #18 & crossing/orifice",
        "survey_date": "2023-8-25"
      }
    },
    {
      "type": "Feature",
      "geometry": {
        "type": "Point",
        "coordinates": [
          118.376962,
          9.249994
        ]
      },
      "properties": {
        "id": 383,
        "name": "MTO #11(R/S) - LAT. E",
        "type": "Turnout",
        "Structure_Category": "Turnout (TO)",
        "canal_name": "BB LATERAL E",
        "station": "STA 3+453.2",
        "station_m": 3453.23,
        "offset_m": 11.93,
        "ele": 159.47,
        "desc": "",
        "comment": "Turn out #14 (R/S)",
        "images": "1000GRMN/DSC00441.jpg",
        "elevation_m": 159.47,
        "photo_filename": "DSC00441.jpg",
        "photo_path": "1000GRMN/DSC00441.jpg",
        "surveyor_comment": "Turn out #14 (R/S)",
        "survey_date": "2023-8-25"
      }
    },
    {
      "type": "Feature",
      "geometry": {
        "type": "Point",
        "coordinates": [
          118.37809,
          9.247472
        ]
      },
      "properties": {
        "id": 387,
        "name": "MTO #12(L/S) - LAT. E",
        "type": "Turnout",
        "Structure_Category": "Turnout (TO)",
        "canal_name": "BB LATERAL E",
        "station": "STA 3+776.5",
        "station_m": 3776.51,
        "offset_m": 2.09,
        "ele": 159.45,
        "desc": "",
        "comment": "Turn out #17 (L/S)",
        "images": "1000GRMN/DSC00445.jpg",
        "elevation_m": 159.45,
        "photo_filename": "DSC00445.jpg",
        "photo_path": "1000GRMN/DSC00445.jpg",
        "surveyor_comment": "Turn out #17 (L/S)",
        "survey_date": "2023-8-25"
      }
    },
    {
      "type": "Feature",
      "geometry": {
        "type": "Point",
        "coordinates": [
          118.378069,
          9.247458
        ]
      },
      "properties": {
        "id": 388,
        "name": "INCLINED DROP STR.",
        "type": "Drop",
        "Structure_Category": "Drop",
        "canal_name": "BB LATERAL E",
        "station": "STA 3+776.7",
        "station_m": 3776.68,
        "offset_m": 4.87,
        "ele": 159.45,
        "desc": "",
        "comment": "Inclined drop structure",
        "images": "1000GRMN/DSC00446.jpg",
        "elevation_m": 159.45,
        "photo_filename": "DSC00446.jpg",
        "photo_path": "1000GRMN/DSC00446.jpg",
        "surveyor_comment": "Inclined drop structure",
        "survey_date": "2023-8-25"
      }
    },
    {
      "type": "Feature",
      "geometry": {
        "type": "Point",
        "coordinates": [
          118.357353,
          9.230651
        ]
      },
      "properties": {
        "id": 373,
        "name": "DMTO #10 - LAT. C",
        "type": "Turnout",
        "Structure_Category": "Turnout (TO)",
        "canal_name": "BB LATERAL C",
        "station": "STA 3+102.2",
        "station_m": 3102.2,
        "offset_m": 4.66,
        "ele": 150.28,
        "desc": "",
        "comment": "Turn out #11 (L/S)",
        "images": "1000GRMN/DSC00430.jpg",
        "elevation_m": 150.28,
        "photo_filename": "DSC00430.jpg",
        "photo_path": "1000GRMN/DSC00430.jpg",
        "surveyor_comment": "Turn out #11 (L/S)",
        "survey_date": "2023-8-23"
      }
    },
    {
      "type": "Feature",
      "geometry": {
        "type": "Point",
        "coordinates": [
          118.346519,
          9.244913
        ]
      },
      "properties": {
        "id": 357,
        "name": "DRAINAGE STR.",
        "type": "Drainage",
        "Structure_Category": "Drainage",
        "canal_name": "BB LATERAL C",
        "station": "STA 1+023.0",
        "station_m": 1022.97,
        "offset_m": 2.75,
        "ele": 144.91,
        "desc": "",
        "comment": "Drainage inlet",
        "images": "1000GRMN/DSC00412.jpg",
        "elevation_m": 144.91,
        "photo_filename": "DSC00412.jpg",
        "photo_path": "1000GRMN/DSC00412.jpg",
        "surveyor_comment": "Drainage inlet",
        "survey_date": "2023-8-23"
      }
    },
    {
      "type": "Feature",
      "geometry": {
        "type": "Point",
        "coordinates": [
          118.345343,
          9.247382
        ]
      },
      "properties": {
        "id": 391,
        "name": "039",
        "type": "Thresher Crossing",
        "Structure_Category": "Thresher Crossing",
        "canal_name": "LATERAL C (SEGMENT 1099)",
        "station": "STA 0+038.6",
        "station_m": 38.58,
        "offset_m": 12.43,
        "ele": 197,
        "desc": "",
        "comment": "Bullcart crossing",
        "images": "1000GRMN/DSC00449.jpg",
        "elevation_m": 197,
        "photo_filename": "DSC00449.jpg",
        "photo_path": "1000GRMN/DSC00449.jpg",
        "surveyor_comment": "Bullcart crossing",
        "survey_date": "2023-8-25"
      }
    },
    {
      "type": "Feature",
      "geometry": {
        "type": "Point",
        "coordinates": [
          118.35193,
          9.236737
        ]
      },
      "properties": {
        "id": 369,
        "name": "DMTO #7 - LAT. C",
        "type": "Turnout",
        "Structure_Category": "Turnout (TO)",
        "canal_name": "BB LATERAL C",
        "station": "STA 2+108.3",
        "station_m": 2108.28,
        "offset_m": 0.64,
        "ele": 139.97,
        "desc": "",
        "comment": "Turn out #8 (L/S)",
        "images": "1000GRMN/DSC00426.jpg",
        "elevation_m": 139.97,
        "photo_filename": "DSC00426.jpg",
        "photo_path": "1000GRMN/DSC00426.jpg",
        "surveyor_comment": "Turn out #8 (L/S)",
        "survey_date": "2023-8-23"
      }
    },
    {
      "type": "Feature",
      "geometry": {
        "type": "Point",
        "coordinates": [
          118.345486,
          9.247905
        ]
      },
      "properties": {
        "id": 393,
        "name": "041",
        "type": "Thresher Crossing",
        "Structure_Category": "Thresher Crossing",
        "canal_name": "Off-Canal",
        "station": "N/A",
        "station_m": null,
        "offset_m": 72.47,
        "ele": 197.61,
        "desc": "",
        "comment": "Bullcart crossing structure",
        "images": "1000GRMN/DSC00452.jpg",
        "elevation_m": 197.61,
        "photo_filename": "DSC00452.jpg",
        "photo_path": "1000GRMN/DSC00452.jpg",
        "surveyor_comment": "Bullcart crossing structure",
        "survey_date": "2023-8-25"
      }
    },
    {
      "type": "Feature",
      "geometry": {
        "type": "Point",
        "coordinates": [
          118.346002,
          9.248409
        ]
      },
      "properties": {
        "id": 394,
        "name": "042",
        "type": "Thresher Crossing",
        "Structure_Category": "Thresher Crossing",
        "canal_name": "Off-Canal",
        "station": "N/A",
        "station_m": null,
        "offset_m": 145.49,
        "ele": 197.61,
        "desc": "",
        "comment": "Cart crossing structure",
        "images": "1000GRMN/DSC00453.jpg",
        "elevation_m": 197.61,
        "photo_filename": "DSC00453.jpg",
        "photo_path": "1000GRMN/DSC00453.jpg",
        "surveyor_comment": "Cart crossing structure",
        "survey_date": "2023-8-25"
      }
    },
    {
      "type": "Feature",
      "geometry": {
        "type": "Point",
        "coordinates": [
          118.346954,
          9.24821
        ]
      },
      "properties": {
        "id": 397,
        "name": "045",
        "type": "Thresher Crossing",
        "Structure_Category": "Thresher Crossing",
        "canal_name": "Off-Canal",
        "station": "N/A",
        "station_m": null,
        "offset_m": 193.32,
        "ele": 197.61,
        "desc": "",
        "comment": "Cart crossing structure",
        "images": "1000GRMN/DSC00456.jpg",
        "elevation_m": 197.61,
        "photo_filename": "DSC00456.jpg",
        "photo_path": "1000GRMN/DSC00456.jpg",
        "surveyor_comment": "Cart crossing structure",
        "survey_date": "2023-8-25"
      }
    },
    {
      "type": "Feature",
      "geometry": {
        "type": "Point",
        "coordinates": [
          118.346257,
          9.248493
        ]
      },
      "properties": {
        "id": 395,
        "name": "043",
        "type": "Thresher Crossing",
        "Structure_Category": "Thresher Crossing",
        "canal_name": "Off-Canal",
        "station": "N/A",
        "station_m": null,
        "offset_m": 166.97,
        "ele": 197.61,
        "desc": "",
        "comment": "Cart crossing structure",
        "images": "1000GRMN/DSC00454.jpg",
        "elevation_m": 197.61,
        "photo_filename": "DSC00454.jpg",
        "photo_path": "1000GRMN/DSC00454.jpg",
        "surveyor_comment": "Cart crossing structure",
        "survey_date": "2023-8-25"
      }
    },
    {
      "type": "Feature",
      "geometry": {
        "type": "Point",
        "coordinates": [
          118.345915,
          9.248363
        ]
      },
      "properties": {
        "id": 396,
        "name": "044",
        "type": "Drainage",
        "Structure_Category": "Drainage",
        "canal_name": "Off-Canal",
        "station": "N/A",
        "station_m": null,
        "offset_m": 136.92,
        "ele": 197.61,
        "desc": "",
        "comment": "Drainage structure",
        "images": "1000GRMN/DSC00455.jpg",
        "elevation_m": 197.61,
        "photo_filename": "DSC00455.jpg",
        "photo_path": "1000GRMN/DSC00455.jpg",
        "surveyor_comment": "Drainage structure",
        "survey_date": "2023-8-25"
      }
    },
    {
      "type": "Feature",
      "geometry": {
        "type": "Point",
        "coordinates": [
          118.34759,
          9.247239
        ]
      },
      "properties": {
        "id": 399,
        "name": "047",
        "type": "Thresher Crossing",
        "Structure_Category": "Thresher Crossing",
        "canal_name": "Off-Canal",
        "station": "N/A",
        "station_m": null,
        "offset_m": 199.59,
        "ele": 201.35,
        "desc": "",
        "comment": "Cart crossing structure",
        "images": "1000GRMN/DSC00458.jpg",
        "elevation_m": 201.35,
        "photo_filename": "DSC00458.jpg",
        "photo_path": "1000GRMN/DSC00458.jpg",
        "surveyor_comment": "Cart crossing structure",
        "survey_date": "2023-8-25"
      }
    },
    {
      "type": "Feature",
      "geometry": {
        "type": "Point",
        "coordinates": [
          118.346719,
          9.248331
        ]
      },
      "properties": {
        "id": 398,
        "name": "046",
        "type": "Unauthorized Turnout",
        "Structure_Category": "Turnout (TO)",
        "canal_name": "Off-Canal",
        "station": "N/A",
        "station_m": null,
        "offset_m": 182.9,
        "ele": 197.61,
        "desc": "",
        "comment": "Turn out elligal (R/S)",
        "images": "1000GRMN/DSC00457.jpg",
        "elevation_m": 197.61,
        "photo_filename": "DSC00457.jpg",
        "photo_path": "1000GRMN/DSC00457.jpg",
        "surveyor_comment": "Turn out elligal (R/S)",
        "survey_date": "2023-8-25"
      }
    },
    {
      "type": "Feature",
      "geometry": {
        "type": "Point",
        "coordinates": [
          118.347947,
          9.246967
        ]
      },
      "properties": {
        "id": 400,
        "name": "048",
        "type": "Unauthorized Turnout",
        "Structure_Category": "Turnout (TO)",
        "canal_name": "Off-Canal",
        "station": "N/A",
        "station_m": null,
        "offset_m": 220.52,
        "ele": 201.35,
        "desc": "",
        "comment": "Turn out illegal (R/S)",
        "images": "1000GRMN/DSC00459.jpg",
        "elevation_m": 201.35,
        "photo_filename": "DSC00459.jpg",
        "photo_path": "1000GRMN/DSC00459.jpg",
        "surveyor_comment": "Turn out illegal (R/S)",
        "survey_date": "2023-8-25"
      }
    },
    {
      "type": "Feature",
      "geometry": {
        "type": "Point",
        "coordinates": [
          118.348484,
          9.246724
        ]
      },
      "properties": {
        "id": 401,
        "name": "049",
        "type": "Thresher Crossing",
        "Structure_Category": "Thresher Crossing",
        "canal_name": "Off-Canal",
        "station": "N/A",
        "station_m": null,
        "offset_m": 261.27,
        "ele": 201.35,
        "desc": "",
        "comment": "Cart crossing structure",
        "images": "1000GRMN/DSC00460.jpg",
        "elevation_m": 201.35,
        "photo_filename": "DSC00460.jpg",
        "photo_path": "1000GRMN/DSC00460.jpg",
        "surveyor_comment": "Cart crossing structure",
        "survey_date": "2023-8-25"
      }
    },
    {
      "type": "Feature",
      "geometry": {
        "type": "Point",
        "coordinates": [
          118.349404,
          9.246651
        ]
      },
      "properties": {
        "id": 402,
        "name": "050",
        "type": "Turnout",
        "Structure_Category": "Turnout (TO)",
        "canal_name": "Off-Canal",
        "station": "N/A",
        "station_m": null,
        "offset_m": 353.13,
        "ele": 201.34,
        "desc": "",
        "comment": "Turn out #1 (R/S)",
        "images": "1000GRMN/DSC00461.jpg",
        "elevation_m": 201.34,
        "photo_filename": "DSC00461.jpg",
        "photo_path": "1000GRMN/DSC00461.jpg",
        "surveyor_comment": "Turn out #1 (R/S)",
        "survey_date": "2023-8-25"
      }
    },
    {
      "type": "Feature",
      "geometry": {
        "type": "Point",
        "coordinates": [
          118.349457,
          9.246721
        ]
      },
      "properties": {
        "id": 403,
        "name": "051",
        "type": "Thresher Crossing",
        "Structure_Category": "Thresher Crossing",
        "canal_name": "Off-Canal",
        "station": "N/A",
        "station_m": null,
        "offset_m": 361.14,
        "ele": 201.35,
        "desc": "",
        "comment": "Cart crossing structure",
        "images": "1000GRMN/DSC00462.jpg",
        "elevation_m": 201.35,
        "photo_filename": "DSC00462.jpg",
        "photo_path": "1000GRMN/DSC00462.jpg",
        "surveyor_comment": "Cart crossing structure",
        "survey_date": "2023-8-25"
      }
    },
    {
      "type": "Feature",
      "geometry": {
        "type": "Point",
        "coordinates": [
          118.349807,
          9.247503
        ]
      },
      "properties": {
        "id": 404,
        "name": "052",
        "type": "Unauthorized Turnout",
        "Structure_Category": "Turnout (TO)",
        "canal_name": "Off-Canal",
        "station": "N/A",
        "station_m": null,
        "offset_m": 389,
        "ele": 201.35,
        "desc": "",
        "comment": "Turn out illegal (R/S)",
        "images": "1000GRMN/DSC00463.jpg",
        "elevation_m": 201.35,
        "photo_filename": "DSC00463.jpg",
        "photo_path": "1000GRMN/DSC00463.jpg",
        "surveyor_comment": "Turn out illegal (R/S)",
        "survey_date": "2023-8-25"
      }
    },
    {
      "type": "Feature",
      "geometry": {
        "type": "Point",
        "coordinates": [
          118.35032,
          9.248371
        ]
      },
      "properties": {
        "id": 405,
        "name": "053",
        "type": "Thresher Crossing",
        "Structure_Category": "Thresher Crossing",
        "canal_name": "Off-Canal",
        "station": "N/A",
        "station_m": null,
        "offset_m": 289.74,
        "ele": 201.35,
        "desc": "",
        "comment": "Cart crossing structure",
        "images": "1000GRMN/DSC00464.jpg",
        "elevation_m": 201.35,
        "photo_filename": "DSC00464.jpg",
        "photo_path": "1000GRMN/DSC00464.jpg",
        "surveyor_comment": "Cart crossing structure",
        "survey_date": "2023-8-25"
      }
    },
    {
      "type": "Feature",
      "geometry": {
        "type": "Point",
        "coordinates": [
          118.34679,
          9.244465
        ]
      },
      "properties": {
        "id": 359,
        "name": "DMTO #5 - LAT. C",
        "type": "Turnout",
        "Structure_Category": "Turnout (TO)",
        "canal_name": "BB LATERAL C",
        "station": "STA 1+080.8",
        "station_m": 1080.75,
        "offset_m": 2.48,
        "ele": 144.91,
        "desc": "",
        "comment": "Turn out #6 (L/S)",
        "images": "1000GRMN/DSC00414.jpg",
        "elevation_m": 144.91,
        "photo_filename": "DSC00414.jpg",
        "photo_path": "1000GRMN/DSC00414.jpg",
        "surveyor_comment": "Turn out #6 (L/S)",
        "survey_date": "2023-8-23"
      }
    },
    {
      "type": "Feature",
      "geometry": {
        "type": "Point",
        "coordinates": [
          118.351926,
          9.200877
        ]
      },
      "properties": {
        "id": 446,
        "name": "150",
        "type": "Other Structures",
        "Structure_Category": "Other Structures",
        "canal_name": "LATERAL A (SEGMENT 1180)",
        "station": "STA 0+118.5",
        "station_m": 118.48,
        "offset_m": 0,
        "ele": 25.97,
        "desc": "",
        "comment": "End check structure",
        "images": "1000GRMN/DSC00575.jpg",
        "elevation_m": 25.97,
        "photo_filename": "DSC00575.jpg",
        "photo_path": "1000GRMN/DSC00575.jpg",
        "surveyor_comment": "End check structure",
        "survey_date": "2023-9-12"
      }
    },
    {
      "type": "Feature",
      "geometry": {
        "type": "Point",
        "coordinates": [
          118.350203,
          9.218506
        ]
      },
      "properties": {
        "id": 422,
        "name": "VERTICAL DROP STR.",
        "type": "Drop",
        "Structure_Category": "Drop",
        "canal_name": "LATERAL B (SEGMENT 1095)",
        "station": "STA 0+008.4",
        "station_m": 8.45,
        "offset_m": 0.52,
        "ele": 15.78,
        "desc": "",
        "comment": "Drop structure",
        "images": "1000GRMN/DSC00607.jpg",
        "elevation_m": 15.78,
        "photo_filename": "DSC00607.jpg",
        "photo_path": "1000GRMN/DSC00607.jpg",
        "surveyor_comment": "Drop structure",
        "survey_date": "2023-9-19"
      }
    },
    {
      "type": "Feature",
      "geometry": {
        "type": "Point",
        "coordinates": [
          118.351121,
          9.2182
        ]
      },
      "properties": {
        "id": 423,
        "name": "THRESHER CROSSING STR.",
        "type": "Thresher Crossing",
        "Structure_Category": "Thresher Crossing",
        "canal_name": "LATERAL B (SEGMENT 1095)",
        "station": "STA 0+115.1",
        "station_m": 115.13,
        "offset_m": 0.45,
        "ele": 15.78,
        "desc": "",
        "comment": "Cart crossing structure",
        "images": "1000GRMN/DSC00608.jpg",
        "elevation_m": 15.78,
        "photo_filename": "DSC00608.jpg",
        "photo_path": "1000GRMN/DSC00608.jpg",
        "surveyor_comment": "Cart crossing structure",
        "survey_date": "2023-9-19"
      }
    },
    {
      "type": "Feature",
      "geometry": {
        "type": "Point",
        "coordinates": [
          118.34964,
          9.203712
        ]
      },
      "properties": {
        "id": 440,
        "name": "144",
        "type": "Road Crossing",
        "Structure_Category": "Road Crossing",
        "canal_name": "FARM DITCH (BB LATERAL B2 - 1175)",
        "station": "STA 0+029.6",
        "station_m": 29.56,
        "offset_m": 6.96,
        "ele": 25.85,
        "desc": "",
        "comment": "Road crossing structure",
        "images": "1000GRMN/DSC00568.jpg",
        "elevation_m": 25.85,
        "photo_filename": "DSC00568.jpg",
        "photo_path": "1000GRMN/DSC00568.jpg",
        "surveyor_comment": "Road crossing structure",
        "survey_date": "2023-9-12"
      }
    },
    {
      "type": "Feature",
      "geometry": {
        "type": "Point",
        "coordinates": [
          118.350001,
          9.203451
        ]
      },
      "properties": {
        "id": 441,
        "name": "145",
        "type": "Drop",
        "Structure_Category": "Drop",
        "canal_name": "FARM DITCH (BB LATERAL B2 - 1179)",
        "station": "STA 0+232.0",
        "station_m": 232.02,
        "offset_m": 6.4,
        "ele": 25.86,
        "desc": "",
        "comment": "Inclined drop structure",
        "images": "1000GRMN/DSC00570.jpg",
        "elevation_m": 25.86,
        "photo_filename": "DSC00570.jpg",
        "photo_path": "1000GRMN/DSC00570.jpg",
        "surveyor_comment": "Inclined drop structure",
        "survey_date": "2023-9-12"
      }
    },
    {
      "type": "Feature",
      "geometry": {
        "type": "Point",
        "coordinates": [
          118.346814,
          9.205927
        ]
      },
      "properties": {
        "id": 436,
        "name": "",
        "type": "Unauthorized Turnout",
        "Structure_Category": "Turnout (TO)",
        "canal_name": "LATERAL A (SEGMENT 1170)",
        "station": "STA 0+230.0",
        "station_m": 229.99,
        "offset_m": 5.99,
        "ele": 25.86,
        "desc": "",
        "comment": "Turn out #4 (R/S)",
        "images": "1000GRMN/DSC00564.jpg",
        "elevation_m": 25.86,
        "photo_filename": "DSC00564.jpg",
        "photo_path": "1000GRMN/DSC00564.jpg",
        "surveyor_comment": "Turn out #4 (R/S)",
        "survey_date": "2023-9-12"
      }
    },
    {
      "type": "Feature",
      "geometry": {
        "type": "Point",
        "coordinates": [
          118.351371,
          9.201699
        ]
      },
      "properties": {
        "id": 443,
        "name": "147",
        "type": "Drop",
        "Structure_Category": "Drop",
        "canal_name": "FARM DITCH (BB LATERAL B2 - 1179)",
        "station": "STA 0+000.0",
        "station_m": 0,
        "offset_m": 18.38,
        "ele": 25.97,
        "desc": "",
        "comment": "Drop structure",
        "images": "1000GRMN/DSC00572.jpg",
        "elevation_m": 25.97,
        "photo_filename": "DSC00572.jpg",
        "photo_path": "1000GRMN/DSC00572.jpg",
        "surveyor_comment": "Drop structure",
        "survey_date": "2023-9-12"
      }
    },
    {
      "type": "Feature",
      "geometry": {
        "type": "Point",
        "coordinates": [
          118.351891,
          9.200879
        ]
      },
      "properties": {
        "id": 445,
        "name": "DMTO #9 - LAT. A1",
        "type": "Turnout",
        "Structure_Category": "Turnout (TO)",
        "canal_name": "LATERAL A (SEGMENT 1180)",
        "station": "STA 0+118.5",
        "station_m": 118.48,
        "offset_m": 3.86,
        "ele": 25.97,
        "desc": "",
        "comment": "Turn out #8 (R/S)",
        "images": "1000GRMN/DSC00574.jpg",
        "elevation_m": 25.97,
        "photo_filename": "DSC00574.jpg",
        "photo_path": "1000GRMN/DSC00574.jpg",
        "surveyor_comment": "Turn out #8 (R/S)",
        "survey_date": "2023-9-12"
      }
    },
    {
      "type": "Feature",
      "geometry": {
        "type": "Point",
        "coordinates": [
          118.348153,
          9.208781
        ]
      },
      "properties": {
        "id": 454,
        "name": "MTO #3 (L/S) - LAT. A1-1",
        "type": "Turnout",
        "Structure_Category": "Turnout (TO)",
        "canal_name": "LATERAL A (SEGMENT 1269)",
        "station": "STA 0+326.5",
        "station_m": 326.53,
        "offset_m": 2.17,
        "ele": 11.38,
        "desc": "",
        "comment": "Turn out #3 (L/S)",
        "images": "1000GRMN/DSC00583.jpg",
        "elevation_m": 11.38,
        "photo_filename": "DSC00583.jpg",
        "photo_path": "1000GRMN/DSC00583.jpg",
        "surveyor_comment": "Turn out #3 (L/S)",
        "survey_date": "2023-9-14"
      }
    },
    {
      "type": "Feature",
      "geometry": {
        "type": "Point",
        "coordinates": [
          118.345391,
          9.207067
        ]
      },
      "properties": {
        "id": 434,
        "name": "DMTO #4 - LAT. A1",
        "type": "Turnout",
        "Structure_Category": "Turnout (TO)",
        "canal_name": "LATERAL A (SEGMENT 1166)",
        "station": "STA 0+008.4",
        "station_m": 8.36,
        "offset_m": 4.24,
        "ele": 25.86,
        "desc": "",
        "comment": "Turn out #3 (R/S)",
        "images": "1000GRMN/DSC00561.jpg",
        "elevation_m": 25.86,
        "photo_filename": "DSC00561.jpg",
        "photo_path": "1000GRMN/DSC00561.jpg",
        "surveyor_comment": "Turn out #3 (R/S)",
        "survey_date": "2023-9-12"
      }
    },
    {
      "type": "Feature",
      "geometry": {
        "type": "Point",
        "coordinates": [
          118.341115,
          9.210377
        ]
      },
      "properties": {
        "id": 429,
        "name": "133",
        "type": "Drop",
        "Structure_Category": "Drop",
        "canal_name": "LATERAL A (SEGMENT 1157)",
        "station": "STA 0+004.1",
        "station_m": 4.09,
        "offset_m": 6.08,
        "ele": 31.05,
        "desc": "",
        "comment": "Drop structure",
        "images": "1000GRMN/DSC00556.jpg",
        "elevation_m": 31.05,
        "photo_filename": "DSC00556.jpg",
        "photo_path": "1000GRMN/DSC00556.jpg",
        "surveyor_comment": "Drop structure",
        "survey_date": "2023-9-12"
      }
    },
    {
      "type": "Feature",
      "geometry": {
        "type": "Point",
        "coordinates": [
          118.342112,
          9.209614
        ]
      },
      "properties": {
        "id": 430,
        "name": "134",
        "type": "Thresher Crossing",
        "Structure_Category": "Thresher Crossing",
        "canal_name": "LATERAL A (SEGMENT 1158)",
        "station": "STA 0+002.8",
        "station_m": 2.77,
        "offset_m": 5.95,
        "ele": 28.3,
        "desc": "",
        "comment": "Cart crossing structure",
        "images": "1000GRMN/DSC00557.jpg",
        "elevation_m": 28.3,
        "photo_filename": "DSC00557.jpg",
        "photo_path": "1000GRMN/DSC00557.jpg",
        "surveyor_comment": "Cart crossing structure",
        "survey_date": "2023-9-12"
      }
    },
    {
      "type": "Feature",
      "geometry": {
        "type": "Point",
        "coordinates": [
          118.342494,
          9.209281
        ]
      },
      "properties": {
        "id": 431,
        "name": "135",
        "type": "Drop",
        "Structure_Category": "Drop",
        "canal_name": "FARM DITCH (TRUNK 986 - 1159)",
        "station": "STA 0+000.9",
        "station_m": 0.94,
        "offset_m": 9.2,
        "ele": 27.97,
        "desc": "",
        "comment": "Inclined drop structure",
        "images": "1000GRMN/DSC00558.jpg",
        "elevation_m": 27.97,
        "photo_filename": "DSC00558.jpg",
        "photo_path": "1000GRMN/DSC00558.jpg",
        "surveyor_comment": "Inclined drop structure",
        "survey_date": "2023-9-12"
      }
    },
    {
      "type": "Feature",
      "geometry": {
        "type": "Point",
        "coordinates": [
          118.345369,
          9.207084
        ]
      },
      "properties": {
        "id": 433,
        "name": "DMTO #3 - LAT. A1",
        "type": "Turnout",
        "Structure_Category": "Turnout (TO)",
        "canal_name": "LATERAL A (SEGMENT 1164)",
        "station": "STA 0+002.3",
        "station_m": 2.31,
        "offset_m": 4.25,
        "ele": 24.86,
        "desc": "",
        "comment": "Turn out #2 (L/S)",
        "images": "1000GRMN/DSC00560.jpg",
        "elevation_m": 24.86,
        "photo_filename": "DSC00560.jpg",
        "photo_path": "1000GRMN/DSC00560.jpg",
        "surveyor_comment": "Turn out #2 (L/S)",
        "survey_date": "2023-9-12"
      }
    },
    {
      "type": "Feature",
      "geometry": {
        "type": "Point",
        "coordinates": [
          118.343929,
          9.208173
        ]
      },
      "properties": {
        "id": 432,
        "name": "136",
        "type": "Drop",
        "Structure_Category": "Drop",
        "canal_name": "LATERAL A (SEGMENT 1162)",
        "station": "STA 0+010.0",
        "station_m": 10.03,
        "offset_m": 8.28,
        "ele": 27.96,
        "desc": "",
        "comment": "Inclined drop structure",
        "images": "1000GRMN/DSC00559.jpg",
        "elevation_m": 27.96,
        "photo_filename": "DSC00559.jpg",
        "photo_path": "1000GRMN/DSC00559.jpg",
        "surveyor_comment": "Inclined drop structure",
        "survey_date": "2023-9-12"
      }
    },
    {
      "type": "Feature",
      "geometry": {
        "type": "Point",
        "coordinates": [
          118.348544,
          9.204594
        ]
      },
      "properties": {
        "id": 438,
        "name": "DMTO #5 - LAT. A1",
        "type": "Turnout",
        "Structure_Category": "Turnout (TO)",
        "canal_name": "LATERAL A (SEGMENT 1173)",
        "station": "STA 0+138.8",
        "station_m": 138.76,
        "offset_m": 0.2,
        "ele": 25.85,
        "desc": "",
        "comment": "Turn out #5 (L/S)",
        "images": "1000GRMN/DSC00566.jpg",
        "elevation_m": 25.85,
        "photo_filename": "DSC00566.jpg",
        "photo_path": "1000GRMN/DSC00566.jpg",
        "surveyor_comment": "Turn out #5 (L/S)",
        "survey_date": "2023-9-12"
      }
    },
    {
      "type": "Feature",
      "geometry": {
        "type": "Point",
        "coordinates": [
          118.350174,
          9.218501
        ]
      },
      "properties": {
        "id": 421,
        "name": "DMTO #15 LAT. B",
        "type": "Turnout",
        "Structure_Category": "Turnout (TO)",
        "canal_name": "LATERAL B (SEGMENT 1095)",
        "station": "STA 0+005.7",
        "station_m": 5.66,
        "offset_m": 2.21,
        "ele": 15.78,
        "desc": "",
        "comment": "Turn out #1 (R/S)",
        "images": "1000GRMN/DSC00606.jpg",
        "elevation_m": 15.78,
        "photo_filename": "DSC00606.jpg",
        "photo_path": "1000GRMN/DSC00606.jpg",
        "surveyor_comment": "Turn out #1 (R/S)",
        "survey_date": "2023-9-19"
      }
    },
    {
      "type": "Feature",
      "geometry": {
        "type": "Point",
        "coordinates": [
          118.345446,
          9.207038
        ]
      },
      "properties": {
        "id": 435,
        "name": "139",
        "type": "Drop",
        "Structure_Category": "Drop",
        "canal_name": "LATERAL A (SEGMENT 1166)",
        "station": "STA 0+001.6",
        "station_m": 1.59,
        "offset_m": 3.17,
        "ele": 25.86,
        "desc": "",
        "comment": "RCP rossing & drop structure",
        "images": "1000GRMN/DSC00562.jpg",
        "elevation_m": 25.86,
        "photo_filename": "DSC00562.jpg",
        "photo_path": "1000GRMN/DSC00562.jpg",
        "surveyor_comment": "RCP rossing & drop structure",
        "survey_date": "2023-9-12"
      }
    },
    {
      "type": "Feature",
      "geometry": {
        "type": "Point",
        "coordinates": [
          118.351324,
          9.201717
        ]
      },
      "properties": {
        "id": 442,
        "name": "DMTO #7 - LAT. A1",
        "type": "Turnout",
        "Structure_Category": "Turnout (TO)",
        "canal_name": "FARM DITCH (BB LATERAL B2 - 1179)",
        "station": "STA 0+000.0",
        "station_m": 0,
        "offset_m": 14.27,
        "ele": 25.34,
        "desc": "",
        "comment": "Turn out #6 (R/S)",
        "images": "1000GRMN/DSC00571.jpg",
        "elevation_m": 25.34,
        "photo_filename": "DSC00571.jpg",
        "photo_path": "1000GRMN/DSC00571.jpg",
        "surveyor_comment": "Turn out #6 (R/S)",
        "survey_date": "2023-9-12"
      }
    },
    {
      "type": "Feature",
      "geometry": {
        "type": "Point",
        "coordinates": [
          118.346793,
          9.205931
        ]
      },
      "properties": {
        "id": 437,
        "name": "141",
        "type": "Drop",
        "Structure_Category": "Drop",
        "canal_name": "LATERAL A (SEGMENT 1170)",
        "station": "STA 0+232.1",
        "station_m": 232.06,
        "offset_m": 7.11,
        "ele": 25.86,
        "desc": "",
        "comment": "Drop structure",
        "images": "1000GRMN/DSC00565.jpg",
        "elevation_m": 25.86,
        "photo_filename": "DSC00565.jpg",
        "photo_path": "1000GRMN/DSC00565.jpg",
        "surveyor_comment": "Drop structure",
        "survey_date": "2023-9-12"
      }
    },
    {
      "type": "Feature",
      "geometry": {
        "type": "Point",
        "coordinates": [
          118.351896,
          9.200892
        ]
      },
      "properties": {
        "id": 444,
        "name": "DMTO #8 - LAT. A1",
        "type": "Turnout",
        "Structure_Category": "Turnout (TO)",
        "canal_name": "LATERAL A (SEGMENT 1180)",
        "station": "STA 0+118.5",
        "station_m": 118.48,
        "offset_m": 3.7,
        "ele": 25.97,
        "desc": "",
        "comment": "Trun out #7 (L/S)",
        "images": "1000GRMN/DSC00573.jpg",
        "elevation_m": 25.97,
        "photo_filename": "DSC00573.jpg",
        "photo_path": "1000GRMN/DSC00573.jpg",
        "surveyor_comment": "Trun out #7 (L/S)",
        "survey_date": "2023-9-12"
      }
    },
    {
      "type": "Feature",
      "geometry": {
        "type": "Point",
        "coordinates": [
          118.348561,
          9.204559
        ]
      },
      "properties": {
        "id": 439,
        "name": "143",
        "type": "Drop",
        "Structure_Category": "Road Crossing",
        "canal_name": "LATERAL A (SEGMENT 1173)",
        "station": "STA 0+134.9",
        "station_m": 134.95,
        "offset_m": 1.82,
        "ele": 25.86,
        "desc": "",
        "comment": "RCP crossing & drop structure",
        "images": "1000GRMN/DSC00567.jpg",
        "elevation_m": 25.86,
        "photo_filename": "DSC00567.jpg",
        "photo_path": "1000GRMN/DSC00567.jpg",
        "surveyor_comment": "RCP crossing & drop structure",
        "survey_date": "2023-9-12"
      }
    },
    {
      "type": "Feature",
      "geometry": {
        "type": "Point",
        "coordinates": [
          118.345625,
          9.209297
        ]
      },
      "properties": {
        "id": 450,
        "name": "MTO #2 (R/S) - LAT. A1-1",
        "type": "Turnout",
        "Structure_Category": "Turnout (TO)",
        "canal_name": "LATERAL A (SEGMENT 1264)",
        "station": "STA 0+000.5",
        "station_m": 0.45,
        "offset_m": 1.02,
        "ele": 11.39,
        "desc": "",
        "comment": "Turn out #2 (R/S)",
        "images": "1000GRMN/DSC00579.jpg",
        "elevation_m": 11.39,
        "photo_filename": "DSC00579.jpg",
        "photo_path": "1000GRMN/DSC00579.jpg",
        "surveyor_comment": "Turn out #2 (R/S)",
        "survey_date": "2023-9-14"
      }
    },
    {
      "type": "Feature",
      "geometry": {
        "type": "Point",
        "coordinates": [
          118.345589,
          9.209284
        ]
      },
      "properties": {
        "id": 448,
        "name": "152",
        "type": "Thresher Crossing",
        "Structure_Category": "Thresher Crossing",
        "canal_name": "LATERAL A (SEGMENT 1263)",
        "station": "STA 0+003.7",
        "station_m": 3.7,
        "offset_m": 0.06,
        "ele": 11.39,
        "desc": "",
        "comment": "Thersher crossing structure",
        "images": "1000GRMN/DSC00577.jpg",
        "elevation_m": 11.39,
        "photo_filename": "DSC00577.jpg",
        "photo_path": "1000GRMN/DSC00577.jpg",
        "surveyor_comment": "Thersher crossing structure",
        "survey_date": "2023-9-14"
      }
    },
    {
      "type": "Feature",
      "geometry": {
        "type": "Point",
        "coordinates": [
          118.34557,
          9.209236
        ]
      },
      "properties": {
        "id": 449,
        "name": "MTO #1 (R/S ) - LAT A1-1",
        "type": "Turnout",
        "Structure_Category": "Turnout (TO)",
        "canal_name": "LATERAL A (SEGMENT 1263)",
        "station": "STA 0+008.5",
        "station_m": 8.48,
        "offset_m": 3.08,
        "ele": 11.39,
        "desc": "",
        "comment": "Turn out #1 (R/S)",
        "images": "1000GRMN/DSC00578.jpg",
        "elevation_m": 11.39,
        "photo_filename": "DSC00578.jpg",
        "photo_path": "1000GRMN/DSC00578.jpg",
        "surveyor_comment": "Turn out #1 (R/S)",
        "survey_date": "2023-9-14"
      }
    },
    {
      "type": "Feature",
      "geometry": {
        "type": "Point",
        "coordinates": [
          118.346304,
          9.209773
        ]
      },
      "properties": {
        "id": 451,
        "name": "155",
        "type": "Drainage",
        "Structure_Category": "Drainage",
        "canal_name": "LATERAL A (SEGMENT 1265)",
        "station": "STA 0+052.9",
        "station_m": 52.87,
        "offset_m": 0.88,
        "ele": 11.39,
        "desc": "",
        "comment": "Drainage structrue",
        "images": "1000GRMN/DSC00580.jpg",
        "elevation_m": 11.39,
        "photo_filename": "DSC00580.jpg",
        "photo_path": "1000GRMN/DSC00580.jpg",
        "surveyor_comment": "Drainage structrue",
        "survey_date": "2023-9-14"
      }
    },
    {
      "type": "Feature",
      "geometry": {
        "type": "Point",
        "coordinates": [
          118.346453,
          9.209881
        ]
      },
      "properties": {
        "id": 452,
        "name": "156",
        "type": "Drop",
        "Structure_Category": "Drop",
        "canal_name": "LATERAL A (SEGMENT 1265)",
        "station": "STA 0+032.5",
        "station_m": 32.54,
        "offset_m": 0.76,
        "ele": 11.39,
        "desc": "",
        "comment": "Drop structure",
        "images": "1000GRMN/DSC00581.jpg",
        "elevation_m": 11.39,
        "photo_filename": "DSC00581.jpg",
        "photo_path": "1000GRMN/DSC00581.jpg",
        "surveyor_comment": "Drop structure",
        "survey_date": "2023-9-14"
      }
    },
    {
      "type": "Feature",
      "geometry": {
        "type": "Point",
        "coordinates": [
          118.347327,
          9.209581
        ]
      },
      "properties": {
        "id": 453,
        "name": "157",
        "type": "Thresher Crossing",
        "Structure_Category": "Thresher Crossing",
        "canal_name": "FARM DITCH (BB LATERAL B2 - 1267)",
        "station": "STA 0+032.1",
        "station_m": 32.15,
        "offset_m": 6.39,
        "ele": 11.38,
        "desc": "",
        "comment": "Thresher crossing structure",
        "images": "1000GRMN/DSC00582.jpg",
        "elevation_m": 11.38,
        "photo_filename": "DSC00582.jpg",
        "photo_path": "1000GRMN/DSC00582.jpg",
        "surveyor_comment": "Thresher crossing structure",
        "survey_date": "2023-9-14"
      }
    },
    {
      "type": "Feature",
      "geometry": {
        "type": "Point",
        "coordinates": [
          118.348148,
          9.208755
        ]
      },
      "properties": {
        "id": 455,
        "name": "MTO #4 (R/S) - LAT. A1-1",
        "type": "Turnout",
        "Structure_Category": "Turnout (TO)",
        "canal_name": "LATERAL A (SEGMENT 1269)",
        "station": "STA 0+324.8",
        "station_m": 324.8,
        "offset_m": 4.54,
        "ele": 8.62,
        "desc": "",
        "comment": "Turn out #4 (R/S)",
        "images": "1000GRMN/DSC00584.jpg",
        "elevation_m": 8.62,
        "photo_filename": "DSC00584.jpg",
        "photo_path": "1000GRMN/DSC00584.jpg",
        "surveyor_comment": "Turn out #4 (R/S)",
        "survey_date": "2023-9-14"
      }
    },
    {
      "type": "Feature",
      "geometry": {
        "type": "Point",
        "coordinates": [
          118.337785,
          9.209741
        ]
      },
      "properties": {
        "id": 427,
        "name": "FLUME STR.",
        "type": "Flume",
        "Structure_Category": "Parshall Flume",
        "canal_name": "LATERAL A (SEGMENT 1156)",
        "station": "STA 0+353.1",
        "station_m": 353.13,
        "offset_m": 0.3,
        "ele": 31.06,
        "desc": "",
        "comment": "Parshall flume",
        "images": "1000GRMN/DSC00553.jpg",
        "elevation_m": 31.06,
        "photo_filename": "DSC00553.jpg",
        "photo_path": "1000GRMN/DSC00553.jpg",
        "surveyor_comment": "Parshall flume",
        "survey_date": "2023-9-12"
      }
    },
    {
      "type": "Feature",
      "geometry": {
        "type": "Point",
        "coordinates": [
          118.350282,
          9.207132
        ]
      },
      "properties": {
        "id": 456,
        "name": "160",
        "type": "Road Crossing",
        "Structure_Category": "Road Crossing",
        "canal_name": "LATERAL A (SEGMENT 1269)",
        "station": "STA 0+029.3",
        "station_m": 29.28,
        "offset_m": 1.09,
        "ele": 5.77,
        "desc": "",
        "comment": "RCP crossing & drop structure",
        "images": "1000GRMN/DSC00585.jpg",
        "elevation_m": 5.77,
        "photo_filename": "DSC00585.jpg",
        "photo_path": "1000GRMN/DSC00585.jpg",
        "surveyor_comment": "RCP crossing & drop structure",
        "survey_date": "2023-9-14"
      }
    },
    {
      "type": "Feature",
      "geometry": {
        "type": "Point",
        "coordinates": [
          118.353653,
          9.21737
        ]
      },
      "properties": {
        "id": 424,
        "name": "DMTO #16 - LAT. B",
        "type": "Turnout",
        "Structure_Category": "Turnout (TO)",
        "canal_name": "LATERAL B (SEGMENT 1095)",
        "station": "STA 0+409.0",
        "station_m": 408.96,
        "offset_m": 0.13,
        "ele": 15.77,
        "desc": "",
        "comment": "Turn out #2 (R/S)",
        "images": "1000GRMN/DSC00609.jpg",
        "elevation_m": 15.77,
        "photo_filename": "DSC00609.jpg",
        "photo_path": "1000GRMN/DSC00609.jpg",
        "surveyor_comment": "Turn out #2 (R/S)",
        "survey_date": "2023-9-19"
      }
    },
    {
      "type": "Feature",
      "geometry": {
        "type": "Point",
        "coordinates": [
          118.351821,
          9.249008
        ]
      },
      "properties": {
        "id": 408,
        "name": "056",
        "type": "Thresher Crossing",
        "Structure_Category": "Thresher Crossing",
        "canal_name": "Off-Canal",
        "station": "N/A",
        "station_m": null,
        "offset_m": 128.68,
        "ele": 201.82,
        "desc": "",
        "comment": "Cart crossing structure",
        "images": "1000GRMN/DSC00467.jpg",
        "elevation_m": 201.82,
        "photo_filename": "DSC00467.jpg",
        "photo_path": "1000GRMN/DSC00467.jpg",
        "surveyor_comment": "Cart crossing structure",
        "survey_date": "2023-8-25"
      }
    },
    {
      "type": "Feature",
      "geometry": {
        "type": "Point",
        "coordinates": [
          118.344837,
          9.221368
        ]
      },
      "properties": {
        "id": 417,
        "name": "MTO #12(L/S) - LAT. B",
        "type": "Turnout",
        "Structure_Category": "Turnout (TO)",
        "canal_name": "LATERAL B (SEGMENT 1084)",
        "station": "STA 0+004.0",
        "station_m": 3.99,
        "offset_m": 2.23,
        "ele": 20.02,
        "desc": "",
        "comment": "Turn out #10 (L/S)",
        "images": "1000GRMN/DSC00602.jpg",
        "elevation_m": 20.02,
        "photo_filename": "DSC00602.jpg",
        "photo_path": "1000GRMN/DSC00602.jpg",
        "surveyor_comment": "Turn out #10 (L/S)",
        "survey_date": "2023-9-19"
      }
    },
    {
      "type": "Feature",
      "geometry": {
        "type": "Point",
        "coordinates": [
          118.341084,
          9.210447
        ]
      },
      "properties": {
        "id": 428,
        "name": "DMTO #2 - LAT. A1",
        "type": "Turnout",
        "Structure_Category": "Turnout (TO)",
        "canal_name": "LATERAL A (SEGMENT 1157)",
        "station": "STA 0+011.6",
        "station_m": 11.55,
        "offset_m": 2.05,
        "ele": 31.05,
        "desc": "",
        "comment": "Turn out #1 (L/S)",
        "images": "1000GRMN/DSC00555.jpg",
        "elevation_m": 31.05,
        "photo_filename": "DSC00555.jpg",
        "photo_path": "1000GRMN/DSC00555.jpg",
        "surveyor_comment": "Turn out #1 (L/S)",
        "survey_date": "2023-9-12"
      }
    },
    {
      "type": "Feature",
      "geometry": {
        "type": "Point",
        "coordinates": [
          118.351062,
          9.248975
        ]
      },
      "properties": {
        "id": 407,
        "name": "055",
        "type": "Turnout",
        "Structure_Category": "Turnout (TO)",
        "canal_name": "Off-Canal",
        "station": "N/A",
        "station_m": null,
        "offset_m": 184.05,
        "ele": 201.83,
        "desc": "",
        "comment": "Turn out #2 (R/S)",
        "images": "1000GRMN/DSC00466.jpg",
        "elevation_m": 201.83,
        "photo_filename": "DSC00466.jpg",
        "photo_path": "1000GRMN/DSC00466.jpg",
        "surveyor_comment": "Turn out #2 (R/S)",
        "survey_date": "2023-8-25"
      }
    },
    {
      "type": "Feature",
      "geometry": {
        "type": "Point",
        "coordinates": [
          118.35213,
          9.249028
        ]
      },
      "properties": {
        "id": 409,
        "name": "057",
        "type": "Unauthorized Turnout",
        "Structure_Category": "Turnout (TO)",
        "canal_name": "Off-Canal",
        "station": "N/A",
        "station_m": null,
        "offset_m": 115.58,
        "ele": 201.82,
        "desc": "",
        "comment": "Turn out illegal (L/S)",
        "images": "1000GRMN/DSC00468.jpg",
        "elevation_m": 201.82,
        "photo_filename": "DSC00468.jpg",
        "photo_path": "1000GRMN/DSC00468.jpg",
        "surveyor_comment": "Turn out illegal (L/S)",
        "survey_date": "2023-8-25"
      }
    },
    {
      "type": "Feature",
      "geometry": {
        "type": "Point",
        "coordinates": [
          118.352497,
          9.248481
        ]
      },
      "properties": {
        "id": 410,
        "name": "058",
        "type": "Station",
        "Structure_Category": "Other Structures",
        "canal_name": "Off-Canal",
        "station": "N/A",
        "station_m": null,
        "offset_m": 159.36,
        "ele": 200.96,
        "desc": "",
        "comment": "End of vertical lining structre",
        "images": "1000GRMN/DSC00469.jpg",
        "elevation_m": 200.96,
        "photo_filename": "DSC00469.jpg",
        "photo_path": "1000GRMN/DSC00469.jpg",
        "surveyor_comment": "End of vertical lining structre",
        "survey_date": "2023-8-25"
      }
    },
    {
      "type": "Feature",
      "geometry": {
        "type": "Point",
        "coordinates": [
          118.337973,
          9.225352
        ]
      },
      "properties": {
        "id": 414,
        "name": "MTO #7 (R/S) - LAT. B",
        "type": "Turnout",
        "Structure_Category": "Turnout (TO)",
        "canal_name": "LATERAL B (SEGMENT 1069)",
        "station": "STA 0+151.3",
        "station_m": 151.3,
        "offset_m": 1.96,
        "ele": 27.94,
        "desc": "",
        "comment": "Turn out #7 (R/S)",
        "images": "1000GRMN/DSC00599.jpg",
        "elevation_m": 27.94,
        "photo_filename": "DSC00599.jpg",
        "photo_path": "1000GRMN/DSC00599.jpg",
        "surveyor_comment": "Turn out #7 (R/S)",
        "survey_date": "2023-9-19"
      }
    },
    {
      "type": "Feature",
      "geometry": {
        "type": "Point",
        "coordinates": [
          118.351077,
          9.248986
        ]
      },
      "properties": {
        "id": 406,
        "name": "054",
        "type": "Road Crossing",
        "Structure_Category": "Road Crossing",
        "canal_name": "Off-Canal",
        "station": "N/A",
        "station_m": null,
        "offset_m": 182,
        "ele": 201.35,
        "desc": "",
        "comment": "RCP crossing structure",
        "images": "1000GRMN/DSC00465.jpg",
        "elevation_m": 201.35,
        "photo_filename": "DSC00465.jpg",
        "photo_path": "1000GRMN/DSC00465.jpg",
        "surveyor_comment": "RCP crossing structure",
        "survey_date": "2023-8-25"
      }
    },
    {
      "type": "Feature",
      "geometry": {
        "type": "Point",
        "coordinates": [
          118.344811,
          9.221356
        ]
      },
      "properties": {
        "id": 418,
        "name": "MTO #11(R/S) - LAT. B",
        "type": "Turnout",
        "Structure_Category": "Turnout (TO)",
        "canal_name": "LATERAL B (SEGMENT 1084)",
        "station": "STA 0+002.2",
        "station_m": 2.18,
        "offset_m": 0.35,
        "ele": 19.89,
        "desc": "",
        "comment": "Turn uot #11 (R/S)",
        "images": "1000GRMN/DSC00603.jpg",
        "elevation_m": 19.89,
        "photo_filename": "DSC00603.jpg",
        "photo_path": "1000GRMN/DSC00603.jpg",
        "surveyor_comment": "Turn uot #11 (R/S)",
        "survey_date": "2023-9-19"
      }
    },
    {
      "type": "Feature",
      "geometry": {
        "type": "Point",
        "coordinates": [
          118.35402,
          9.217227
        ]
      },
      "properties": {
        "id": 425,
        "name": "DMTO #017 - LAT. B",
        "type": "Turnout",
        "Structure_Category": "Turnout (TO)",
        "canal_name": "LATERAL B (SEGMENT 1095)",
        "station": "STA 0+435.0",
        "station_m": 435.04,
        "offset_m": 17.45,
        "ele": 15.78,
        "desc": "",
        "comment": "End check structure",
        "images": "1000GRMN/DSC00610.jpg",
        "elevation_m": 15.78,
        "photo_filename": "DSC00610.jpg",
        "photo_path": "1000GRMN/DSC00610.jpg",
        "surveyor_comment": "End check structure",
        "survey_date": "2023-9-19"
      }
    },
    {
      "type": "Feature",
      "geometry": {
        "type": "Point",
        "coordinates": [
          118.382496,
          9.285497
        ]
      },
      "properties": {
        "id": 487,
        "name": "DRAINAGE CROSSING STR.",
        "type": "Drainage",
        "Structure_Category": "Drainage",
        "canal_name": "FARM DITCH (TRUNK 1030 - 1034)",
        "station": "STA 0+337.4",
        "station_m": 337.43,
        "offset_m": 9.09,
        "ele": 41.61,
        "desc": "",
        "comment": "Drainage structure",
        "images": "1000GRMN/DSC00532.jpg",
        "elevation_m": 41.61,
        "photo_filename": "DSC00532.jpg",
        "photo_path": "1000GRMN/DSC00532.jpg",
        "surveyor_comment": "Drainage structure",
        "survey_date": "2023-9-7"
      }
    },
    {
      "type": "Feature",
      "geometry": {
        "type": "Point",
        "coordinates": [
          118.381302,
          9.287643
        ]
      },
      "properties": {
        "id": 490,
        "name": "RCP CVROSSING STR.",
        "type": "Road Crossing",
        "Structure_Category": "Road Crossing",
        "canal_name": "FARM DITCH (CARANIOGAN LATERAL A - 1036)",
        "station": "STA 0+006.5",
        "station_m": 6.46,
        "offset_m": 1.17,
        "ele": 48.4,
        "desc": "",
        "comment": "RCP crossing structure",
        "images": "1000GRMN/DSC00535.jpg",
        "elevation_m": 48.4,
        "photo_filename": "DSC00535.jpg",
        "photo_path": "1000GRMN/DSC00535.jpg",
        "surveyor_comment": "RCP crossing structure",
        "survey_date": "2023-9-7"
      }
    },
    {
      "type": "Feature",
      "geometry": {
        "type": "Point",
        "coordinates": [
          118.381891,
          9.283712
        ]
      },
      "properties": {
        "id": 486,
        "name": "DRAINAGE CROSSING STR.",
        "type": "Drainage",
        "Structure_Category": "Drainage",
        "canal_name": "FARM DITCH (TRUNK 1030 - 1034)",
        "station": "STA 0+066.7",
        "station_m": 66.72,
        "offset_m": 6.11,
        "ele": 41.61,
        "desc": "",
        "comment": "Drainag structure",
        "images": "1000GRMN/DSC00531.jpg",
        "elevation_m": 41.61,
        "photo_filename": "DSC00531.jpg",
        "photo_path": "1000GRMN/DSC00531.jpg",
        "surveyor_comment": "Drainag structure",
        "survey_date": "2023-9-7"
      }
    },
    {
      "type": "Feature",
      "geometry": {
        "type": "Point",
        "coordinates": [
          118.382904,
          9.288732
        ]
      },
      "properties": {
        "id": 491,
        "name": "THRESHER CROSSING STR.",
        "type": "Thresher Crossing",
        "Structure_Category": "Thresher Crossing",
        "canal_name": "LATERAL H (SEGMENT 1038)",
        "station": "STA 0+081.4",
        "station_m": 81.38,
        "offset_m": 0.69,
        "ele": 48.75,
        "desc": "",
        "comment": "Cart crossing structure",
        "images": "1000GRMN/DSC00536.jpg",
        "elevation_m": 48.75,
        "photo_filename": "DSC00536.jpg",
        "photo_path": "1000GRMN/DSC00536.jpg",
        "surveyor_comment": "Cart crossing structure",
        "survey_date": "2023-9-7"
      }
    },
    {
      "type": "Feature",
      "geometry": {
        "type": "Point",
        "coordinates": [
          118.381742,
          9.286595
        ]
      },
      "properties": {
        "id": 489,
        "name": "DRAINAGE BOX CULVERT STR.",
        "type": "Drainage",
        "Structure_Category": "Drainage",
        "canal_name": "FARM DITCH (TRUNK 1030 - 1035)",
        "station": "STA 0+002.8",
        "station_m": 2.83,
        "offset_m": 0.51,
        "ele": 45.05,
        "desc": "",
        "comment": "Drainage box culvert structure",
        "images": "1000GRMN/DSC00534.jpg",
        "elevation_m": 45.05,
        "photo_filename": "DSC00534.jpg",
        "photo_path": "1000GRMN/DSC00534.jpg",
        "surveyor_comment": "Drainage box culvert structure",
        "survey_date": "2023-9-7"
      }
    },
    {
      "type": "Feature",
      "geometry": {
        "type": "Point",
        "coordinates": [
          118.384169,
          9.292796
        ]
      },
      "properties": {
        "id": 493,
        "name": "THRESHER CROSSING STR.",
        "type": "Thresher Crossing",
        "Structure_Category": "Thresher Crossing",
        "canal_name": "FARM DITCH (PANACAN SUPPLY CANAL 2 - 1042)",
        "station": "STA 0+058.5",
        "station_m": 58.54,
        "offset_m": 0.07,
        "ele": 48.38,
        "desc": "",
        "comment": "Cart crossing structure",
        "images": "1000GRMN/DSC00538.jpg",
        "elevation_m": 48.38,
        "photo_filename": "DSC00538.jpg",
        "photo_path": "1000GRMN/DSC00538.jpg",
        "surveyor_comment": "Cart crossing structure",
        "survey_date": "2023-9-7"
      }
    },
    {
      "type": "Feature",
      "geometry": {
        "type": "Point",
        "coordinates": [
          118.343274,
          9.20007
        ]
      },
      "properties": {
        "id": 458,
        "name": "ROAD CROSSING STR.",
        "type": "Road Crossing",
        "Structure_Category": "Road Crossing",
        "canal_name": "Off-Canal",
        "station": "N/A",
        "station_m": null,
        "offset_m": 273.57,
        "ele": 9.15,
        "desc": "",
        "comment": "Dainage structure",
        "images": "1000GRMN/DSC00587.jpg",
        "elevation_m": 9.15,
        "photo_filename": "DSC00587.jpg",
        "photo_path": "1000GRMN/DSC00587.jpg",
        "surveyor_comment": "Dainage structure",
        "survey_date": "2023-9-14"
      }
    },
    {
      "type": "Feature",
      "geometry": {
        "type": "Point",
        "coordinates": [
          118.343762,
          9.200371
        ]
      },
      "properties": {
        "id": 459,
        "name": "THRESHER CROSSING STR.",
        "type": "Thresher Crossing",
        "Structure_Category": "Thresher Crossing",
        "canal_name": "Off-Canal",
        "station": "N/A",
        "station_m": null,
        "offset_m": 272.3,
        "ele": 9.15,
        "desc": "",
        "comment": "RCP crossing structure",
        "images": "1000GRMN/DSC00588.jpg",
        "elevation_m": 9.15,
        "photo_filename": "DSC00588.jpg",
        "photo_path": "1000GRMN/DSC00588.jpg",
        "surveyor_comment": "RCP crossing structure",
        "survey_date": "2023-9-14"
      }
    },
    {
      "type": "Feature",
      "geometry": {
        "type": "Point",
        "coordinates": [
          118.34514,
          9.200835
        ]
      },
      "properties": {
        "id": 460,
        "name": "DRAINAGE STR.",
        "type": "Drainage",
        "Structure_Category": "Drainage",
        "canal_name": "Off-Canal",
        "station": "N/A",
        "station_m": null,
        "offset_m": 357.43,
        "ele": 9.14,
        "desc": "",
        "comment": "Drainage structure",
        "images": "1000GRMN/DSC00589.jpg",
        "elevation_m": 9.14,
        "photo_filename": "DSC00589.jpg",
        "photo_path": "1000GRMN/DSC00589.jpg",
        "surveyor_comment": "Drainage structure",
        "survey_date": "2023-9-14"
      }
    },
    {
      "type": "Feature",
      "geometry": {
        "type": "Point",
        "coordinates": [
          118.345937,
          9.201211
        ]
      },
      "properties": {
        "id": 461,
        "name": "RCP CROSSING STR.",
        "type": "Thresher Crossing",
        "Structure_Category": "Thresher Crossing",
        "canal_name": "Off-Canal",
        "station": "N/A",
        "station_m": null,
        "offset_m": 423.26,
        "ele": 9.14,
        "desc": "",
        "comment": "RCP crossing structure",
        "images": "1000GRMN/DSC00590.jpg",
        "elevation_m": 9.14,
        "photo_filename": "DSC00590.jpg",
        "photo_path": "1000GRMN/DSC00590.jpg",
        "surveyor_comment": "RCP crossing structure",
        "survey_date": "2023-9-14"
      }
    },
    {
      "type": "Feature",
      "geometry": {
        "type": "Point",
        "coordinates": [
          118.347953,
          9.201951
        ]
      },
      "properties": {
        "id": 463,
        "name": "ROAD CROSSING STR.",
        "type": "Road Crossing",
        "Structure_Category": "Road Crossing",
        "canal_name": "Off-Canal",
        "station": "N/A",
        "station_m": null,
        "offset_m": 274.58,
        "ele": 10.18,
        "desc": "",
        "comment": "Road crossing structure",
        "images": "1000GRMN/DSC00595.jpg",
        "elevation_m": 10.18,
        "photo_filename": "DSC00595.jpg",
        "photo_path": "1000GRMN/DSC00595.jpg",
        "surveyor_comment": "Road crossing structure",
        "survey_date": "2023-9-14"
      }
    },
    {
      "type": "Feature",
      "geometry": {
        "type": "Point",
        "coordinates": [
          118.349665,
          9.20027
        ]
      },
      "properties": {
        "id": 466,
        "name": "MTO #2 (L/S) - LAT. A2",
        "type": "Turnout",
        "Structure_Category": "Turnout (TO)",
        "canal_name": "Off-Canal",
        "station": "N/A",
        "station_m": null,
        "offset_m": 248.9,
        "ele": 10.19,
        "desc": "",
        "comment": "Turn out #2 (L/S)",
        "images": "1000GRMN/DSC00594.jpg",
        "elevation_m": 10.19,
        "photo_filename": "DSC00594.jpg",
        "photo_path": "1000GRMN/DSC00594.jpg",
        "surveyor_comment": "Turn out #2 (L/S)",
        "survey_date": "2023-9-14"
      }
    },
    {
      "type": "Feature",
      "geometry": {
        "type": "Point",
        "coordinates": [
          118.38188,
          9.286334
        ]
      },
      "properties": {
        "id": 488,
        "name": "THRESHER CROSSING STR.",
        "type": "Thresher Crossing",
        "Structure_Category": "Thresher Crossing",
        "canal_name": "FARM DITCH (TRUNK 1030 - 1034)",
        "station": "STA 0+452.0",
        "station_m": 451.96,
        "offset_m": 1.19,
        "ele": 45.05,
        "desc": "",
        "comment": "Cart crossing structure",
        "images": "1000GRMN/DSC00533.jpg",
        "elevation_m": 45.05,
        "photo_filename": "DSC00533.jpg",
        "photo_path": "1000GRMN/DSC00533.jpg",
        "surveyor_comment": "Cart crossing structure",
        "survey_date": "2023-9-7"
      }
    },
    {
      "type": "Feature",
      "geometry": {
        "type": "Point",
        "coordinates": [
          118.350232,
          9.199692
        ]
      },
      "properties": {
        "id": 465,
        "name": "MTO #3 (R/S) - LAT. A2",
        "type": "Turnout",
        "Structure_Category": "Turnout (TO)",
        "canal_name": "Off-Canal",
        "station": "N/A",
        "station_m": null,
        "offset_m": 228.3,
        "ele": 10.19,
        "desc": "",
        "comment": "Turn out #3 (R/S)",
        "images": "1000GRMN/DSC00593.jpg",
        "elevation_m": 10.19,
        "photo_filename": "DSC00593.jpg",
        "photo_path": "1000GRMN/DSC00593.jpg",
        "surveyor_comment": "Turn out #3 (R/S)",
        "survey_date": "2023-9-14"
      }
    },
    {
      "type": "Feature",
      "geometry": {
        "type": "Point",
        "coordinates": [
          118.383834,
          9.291082
        ]
      },
      "properties": {
        "id": 492,
        "name": "DMTO #26(R/S) - MC",
        "type": "Turnout",
        "Structure_Category": "Turnout (TO)",
        "canal_name": "BATANG BATANG MAIN CANAL (SEGMENT 1041)",
        "station": "STA 0+132.2",
        "station_m": 132.25,
        "offset_m": 0.71,
        "ele": 48.38,
        "desc": "",
        "comment": "Turn out #26 (R/S)",
        "images": "1000GRMN/DSC00537.jpg",
        "elevation_m": 48.38,
        "photo_filename": "DSC00537.jpg",
        "photo_path": "1000GRMN/DSC00537.jpg",
        "surveyor_comment": "Turn out #26 (R/S)",
        "survey_date": "2023-9-7"
      }
    },
    {
      "type": "Feature",
      "geometry": {
        "type": "Point",
        "coordinates": [
          118.357962,
          9.250033
        ]
      },
      "properties": {
        "id": 468,
        "name": "MTO #4(L/S) - CMMC",
        "type": "Unauthorized Turnout",
        "Structure_Category": "Turnout (TO)",
        "canal_name": "CENTRAL MALINAO MAIN CANAL",
        "station": "STA 1+438.5",
        "station_m": 1438.54,
        "offset_m": 2.56,
        "ele": 5.22,
        "desc": "",
        "comment": "Turn out #4(L/S)",
        "images": "1000GRMN/DSC00512.jpg",
        "elevation_m": 5.22,
        "photo_filename": "DSC00512.jpg",
        "photo_path": "1000GRMN/DSC00512.jpg",
        "surveyor_comment": "Turn out #4(L/S)",
        "survey_date": "2023-9-6"
      }
    },
    {
      "type": "Feature",
      "geometry": {
        "type": "Point",
        "coordinates": [
          118.386906,
          9.296861
        ]
      },
      "properties": {
        "id": 499,
        "name": "DMTO #28(R/S) - MC",
        "type": "Turnout",
        "Structure_Category": "Turnout (TO)",
        "canal_name": "LATERAL I (SEGMENT 1058)",
        "station": "STA 0+136.9",
        "station_m": 136.94,
        "offset_m": 5.52,
        "ele": 50.43,
        "desc": "",
        "comment": "Turn out #28 (R/S)",
        "images": "1000GRMN/DSC00544.jpg",
        "elevation_m": 50.43,
        "photo_filename": "DSC00544.jpg",
        "photo_path": "1000GRMN/DSC00544.jpg",
        "surveyor_comment": "Turn out #28 (R/S)",
        "survey_date": "2023-9-7"
      }
    },
    {
      "type": "Feature",
      "geometry": {
        "type": "Point",
        "coordinates": [
          118.385639,
          9.2958
        ]
      },
      "properties": {
        "id": 497,
        "name": "RCP CROSSING STR.",
        "type": "Thresher Crossing",
        "Structure_Category": "Thresher Crossing",
        "canal_name": "FARM DITCH (PANACAN SUPPLY CANAL 2 - 1056)",
        "station": "STA 0+000.8",
        "station_m": 0.82,
        "offset_m": 1.47,
        "ele": 47.33,
        "desc": "",
        "comment": "RCP crossing structure",
        "images": "1000GRMN/DSC00542.jpg",
        "elevation_m": 47.33,
        "photo_filename": "DSC00542.jpg",
        "photo_path": "1000GRMN/DSC00542.jpg",
        "surveyor_comment": "RCP crossing structure",
        "survey_date": "2023-9-7"
      }
    },
    {
      "type": "Feature",
      "geometry": {
        "type": "Point",
        "coordinates": [
          118.38588,
          9.29587
        ]
      },
      "properties": {
        "id": 498,
        "name": "CMBN. SIPHON & OVERFLOW BRIDGE",
        "type": "Siphon",
        "Structure_Category": "Siphon",
        "canal_name": "FARM DITCH (PANACAN SUPPLY CANAL 2 - 1056)",
        "station": "STA 0+026.1",
        "station_m": 26.08,
        "offset_m": 12.76,
        "ele": 47.33,
        "desc": "",
        "comment": "Comb. siphon & overflow bridge",
        "images": "1000GRMN/DSC00543.jpg",
        "elevation_m": 47.33,
        "photo_filename": "DSC00543.jpg",
        "photo_path": "1000GRMN/DSC00543.jpg",
        "surveyor_comment": "Comb. siphon & overflow bridge",
        "survey_date": "2023-9-7"
      }
    },
    {
      "type": "Feature",
      "geometry": {
        "type": "Point",
        "coordinates": [
          118.38923,
          9.298969
        ]
      },
      "properties": {
        "id": 500,
        "name": "DMTO #29(R/S) - MC",
        "type": "Turnout",
        "Structure_Category": "Turnout (TO)",
        "canal_name": "Off-Canal",
        "station": "N/A",
        "station_m": null,
        "offset_m": 63.29,
        "ele": 50.16,
        "desc": "",
        "comment": "Turn out #29 (R/S)",
        "images": "1000GRMN/DSC00545.jpg",
        "elevation_m": 50.16,
        "photo_filename": "DSC00545.jpg",
        "photo_path": "1000GRMN/DSC00545.jpg",
        "surveyor_comment": "Turn out #29 (R/S)",
        "survey_date": "2023-9-7"
      }
    },
    {
      "type": "Feature",
      "geometry": {
        "type": "Point",
        "coordinates": [
          118.350756,
          9.199145
        ]
      },
      "properties": {
        "id": 464,
        "name": "END CHECK STR.",
        "type": "Station",
        "Structure_Category": "Other Structures",
        "canal_name": "Off-Canal",
        "station": "N/A",
        "station_m": null,
        "offset_m": 218.66,
        "ele": 10.17,
        "desc": "",
        "comment": "End check struture",
        "images": "1000GRMN/DSC00592.jpg",
        "elevation_m": 10.17,
        "photo_filename": "DSC00592.jpg",
        "photo_path": "1000GRMN/DSC00592.jpg",
        "surveyor_comment": "End check struture",
        "survey_date": "2023-9-14"
      }
    },
    {
      "type": "Feature",
      "geometry": {
        "type": "Point",
        "coordinates": [
          118.391842,
          9.301247
        ]
      },
      "properties": {
        "id": 502,
        "name": "THRESHER CROSSING STR.",
        "type": "Thresher Crossing",
        "Structure_Category": "Thresher Crossing",
        "canal_name": "Off-Canal",
        "station": "N/A",
        "station_m": null,
        "offset_m": 445.56,
        "ele": 49.21,
        "desc": "",
        "comment": "Cart crossing structure",
        "images": "1000GRMN/DSC00547.jpg",
        "elevation_m": 49.21,
        "photo_filename": "DSC00547.jpg",
        "photo_path": "1000GRMN/DSC00547.jpg",
        "surveyor_comment": "Cart crossing structure",
        "survey_date": "2023-9-7"
      }
    },
    {
      "type": "Feature",
      "geometry": {
        "type": "Point",
        "coordinates": [
          118.343957,
          9.208193
        ]
      },
      "properties": {
        "id": 447,
        "name": "COMB. HDGT. OF LAT. A1A & ROAD CROSSING STR.",
        "type": "Head Gate",
        "Structure_Category": "Head Gate",
        "canal_name": "LATERAL A (SEGMENT 1162)",
        "station": "STA 0+009.0",
        "station_m": 9.03,
        "offset_m": 4.61,
        "ele": 11.41,
        "desc": "fa",
        "comment": "Comb.road crossing & lateral A1a structure",
        "images": "1000GRMN/DSC00576.jpg",
        "elevation_m": 11.41,
        "photo_filename": "DSC00576.jpg",
        "photo_path": "1000GRMN/DSC00576.jpg",
        "surveyor_comment": "Comb.road crossing & lateral A1a structure",
        "survey_date": "2023-9-14"
      }
    },
    {
      "type": "Feature",
      "geometry": {
        "type": "Point",
        "coordinates": [
          118.393777,
          9.302899
        ]
      },
      "properties": {
        "id": 504,
        "name": "THRESHER CROSSING STR.",
        "type": "Thresher Crossing",
        "Structure_Category": "Thresher Crossing",
        "canal_name": "Off-Canal",
        "station": "N/A",
        "station_m": null,
        "offset_m": 170.77,
        "ele": 49.16,
        "desc": "",
        "comment": "Cart crossing structure",
        "images": "1000GRMN/DSC00549.jpg",
        "elevation_m": 49.16,
        "photo_filename": "DSC00549.jpg",
        "photo_path": "1000GRMN/DSC00549.jpg",
        "surveyor_comment": "Cart crossing structure",
        "survey_date": "2023-9-7"
      }
    },
    {
      "type": "Feature",
      "geometry": {
        "type": "Point",
        "coordinates": [
          118.389978,
          9.299497
        ]
      },
      "properties": {
        "id": 501,
        "name": "DMTO #30(R/S) - MC",
        "type": "Turnout",
        "Structure_Category": "Turnout (TO)",
        "canal_name": "Off-Canal",
        "station": "N/A",
        "station_m": null,
        "offset_m": 164.38,
        "ele": 50.16,
        "desc": "",
        "comment": "Turn out #30 (R/S)",
        "images": "1000GRMN/DSC00546.jpg",
        "elevation_m": 50.16,
        "photo_filename": "DSC00546.jpg",
        "photo_path": "1000GRMN/DSC00546.jpg",
        "surveyor_comment": "Turn out #30 (R/S)",
        "survey_date": "2023-9-7"
      }
    },
    {
      "type": "Feature",
      "geometry": {
        "type": "Point",
        "coordinates": [
          118.358035,
          9.250028
        ]
      },
      "properties": {
        "id": 469,
        "name": "MTO #5(R/S) - CMMC",
        "type": "Turnout",
        "Structure_Category": "Turnout (TO)",
        "canal_name": "CENTRAL MALINAO MAIN CANAL",
        "station": "STA 1+446.4",
        "station_m": 1446.43,
        "offset_m": 4.23,
        "ele": 5.22,
        "desc": "",
        "comment": "MTO #5 (R/S)",
        "images": "1000GRMN/DSC00513.jpg",
        "elevation_m": 5.22,
        "photo_filename": "DSC00513.jpg",
        "photo_path": "1000GRMN/DSC00513.jpg",
        "surveyor_comment": "MTO #5 (R/S)",
        "survey_date": "2023-9-6"
      }
    },
    {
      "type": "Feature",
      "geometry": {
        "type": "Point",
        "coordinates": [
          118.358533,
          9.249899
        ]
      },
      "properties": {
        "id": 476,
        "name": "ROAD CROSSING STR.",
        "type": "Road Crossing",
        "Structure_Category": "Road Crossing",
        "canal_name": "CENTRAL MALINAO MAIN CANAL",
        "station": "STA 1+504.5",
        "station_m": 1504.48,
        "offset_m": 2.87,
        "ele": 7.46,
        "desc": "",
        "comment": "Road crossing structure",
        "images": "1000GRMN/DSC00521.jpg",
        "elevation_m": 7.46,
        "photo_filename": "DSC00521.jpg",
        "photo_path": "1000GRMN/DSC00521.jpg",
        "surveyor_comment": "Road crossing structure",
        "survey_date": "2023-9-6"
      }
    },
    {
      "type": "Feature",
      "geometry": {
        "type": "Point",
        "coordinates": [
          118.359463,
          9.250494
        ]
      },
      "properties": {
        "id": 478,
        "name": "MTO #7(R/S) - CMMC",
        "type": "Turnout",
        "Structure_Category": "Turnout (TO)",
        "canal_name": "CENTRAL MALINAO MAIN CANAL",
        "station": "STA 1+628.3",
        "station_m": 1628.31,
        "offset_m": 2.97,
        "ele": 7.46,
        "desc": "",
        "comment": "MTO #7 (R/S)",
        "images": "1000GRMN/DSC00523.jpg",
        "elevation_m": 7.46,
        "photo_filename": "DSC00523.jpg",
        "photo_path": "1000GRMN/DSC00523.jpg",
        "surveyor_comment": "MTO #7 (R/S)",
        "survey_date": "2023-9-6"
      }
    },
    {
      "type": "Feature",
      "geometry": {
        "type": "Point",
        "coordinates": [
          118.359515,
          9.250521
        ]
      },
      "properties": {
        "id": 479,
        "name": "HRESHER CROSSING STR.",
        "type": "Thresher Crossing",
        "Structure_Category": "Thresher Crossing",
        "canal_name": "CENTRAL MALINAO MAIN CANAL",
        "station": "STA 1+634.7",
        "station_m": 1634.67,
        "offset_m": 2.27,
        "ele": 7.46,
        "desc": "",
        "comment": "Cart crossing structure",
        "images": "1000GRMN/DSC00524.jpg",
        "elevation_m": 7.46,
        "photo_filename": "DSC00524.jpg",
        "photo_path": "1000GRMN/DSC00524.jpg",
        "surveyor_comment": "Cart crossing structure",
        "survey_date": "2023-9-6"
      }
    },
    {
      "type": "Feature",
      "geometry": {
        "type": "Point",
        "coordinates": [
          118.361654,
          9.249729
        ]
      },
      "properties": {
        "id": 481,
        "name": "ROAD CROSSING STR.",
        "type": "Road Crossing",
        "Structure_Category": "Road Crossing",
        "canal_name": "CENTRAL MALINAO MAIN CANAL",
        "station": "STA 1+979.6",
        "station_m": 1979.57,
        "offset_m": 1.12,
        "ele": 7.44,
        "desc": "",
        "comment": "Road crossing structure",
        "images": "1000GRMN/DSC00526.jpg",
        "elevation_m": 7.44,
        "photo_filename": "DSC00526.jpg",
        "photo_path": "1000GRMN/DSC00526.jpg",
        "surveyor_comment": "Road crossing structure",
        "survey_date": "2023-9-6"
      }
    },
    {
      "type": "Feature",
      "geometry": {
        "type": "Point",
        "coordinates": [
          118.361436,
          9.24983
        ]
      },
      "properties": {
        "id": 480,
        "name": "THRESHER CROSSING STR.",
        "type": "Thresher Crossing",
        "Structure_Category": "Thresher Crossing",
        "canal_name": "CENTRAL MALINAO MAIN CANAL",
        "station": "STA 1+948.1",
        "station_m": 1948.1,
        "offset_m": 5.69,
        "ele": 7.45,
        "desc": "",
        "comment": "Cart crossing structure",
        "images": "1000GRMN/DSC00525.jpg",
        "elevation_m": 7.45,
        "photo_filename": "DSC00525.jpg",
        "photo_path": "1000GRMN/DSC00525.jpg",
        "surveyor_comment": "Cart crossing structure",
        "survey_date": "2023-9-6"
      }
    },
    {
      "type": "Feature",
      "geometry": {
        "type": "Point",
        "coordinates": [
          118.364106,
          9.251382
        ]
      },
      "properties": {
        "id": 482,
        "name": "INCLINED DROP STR. & ROAD CROSSING STR.",
        "type": "Drop",
        "Structure_Category": "Drop",
        "canal_name": "CENTRAL MALINAO MAIN CANAL",
        "station": "STA 2+306.2",
        "station_m": 2306.15,
        "offset_m": 2.65,
        "ele": 7.44,
        "desc": "",
        "comment": "Inclined drop & road crossing structure",
        "images": "1000GRMN/DSC00527.jpg",
        "elevation_m": 7.44,
        "photo_filename": "DSC00527.jpg",
        "photo_path": "1000GRMN/DSC00527.jpg",
        "surveyor_comment": "Inclined drop & road crossing structure",
        "survey_date": "2023-9-6"
      }
    },
    {
      "type": "Feature",
      "geometry": {
        "type": "Point",
        "coordinates": [
          118.364452,
          9.251574
        ]
      },
      "properties": {
        "id": 483,
        "name": "MTO #8(R/S) - CMMC",
        "type": "Turnout",
        "Structure_Category": "Turnout (TO)",
        "canal_name": "CENTRAL MALINAO MAIN CANAL",
        "station": "STA 2+349.7",
        "station_m": 2349.68,
        "offset_m": 0.3,
        "ele": 7.45,
        "desc": "",
        "comment": "Turn out #8 (R/S)",
        "images": "1000GRMN/DSC00528.jpg",
        "elevation_m": 7.45,
        "photo_filename": "DSC00528.jpg",
        "photo_path": "1000GRMN/DSC00528.jpg",
        "surveyor_comment": "Turn out #8 (R/S)",
        "survey_date": "2023-9-6"
      }
    },
    {
      "type": "Feature",
      "geometry": {
        "type": "Point",
        "coordinates": [
          118.364479,
          9.251613
        ]
      },
      "properties": {
        "id": 484,
        "name": "END OF CANAL STR.",
        "type": "Station",
        "Structure_Category": "Other Structures",
        "canal_name": "CENTRAL MALINAO MAIN CANAL",
        "station": "STA 2+354.5",
        "station_m": 2354.51,
        "offset_m": 1.77,
        "ele": 3.86,
        "desc": "",
        "comment": "End of canal structure",
        "images": "1000GRMN/DSC00529.jpg",
        "elevation_m": 3.86,
        "photo_filename": "DSC00529.jpg",
        "photo_path": "1000GRMN/DSC00529.jpg",
        "surveyor_comment": "End of canal structure",
        "survey_date": "2023-9-6"
      }
    },
    {
      "type": "Feature",
      "geometry": {
        "type": "Point",
        "coordinates": [
          118.385418,
          9.295542
        ]
      },
      "properties": {
        "id": 495,
        "name": "THRESHER CROSSING STR.",
        "type": "Thresher Crossing",
        "Structure_Category": "Thresher Crossing",
        "canal_name": "BATANG BATANG MAIN CANAL (SEGMENT 1054)",
        "station": "STA 0+005.2",
        "station_m": 5.21,
        "offset_m": 6.09,
        "ele": 48.37,
        "desc": "",
        "comment": "Cart crossing structure",
        "images": "1000GRMN/DSC00540.jpg",
        "elevation_m": 48.37,
        "photo_filename": "DSC00540.jpg",
        "photo_path": "1000GRMN/DSC00540.jpg",
        "surveyor_comment": "Cart crossing structure",
        "survey_date": "2023-9-7"
      }
    },
    {
      "type": "Feature",
      "geometry": {
        "type": "Point",
        "coordinates": [
          118.358401,
          9.249483
        ]
      },
      "properties": {
        "id": 471,
        "name": "095",
        "type": "Thresher Crossing",
        "Structure_Category": "Thresher Crossing",
        "canal_name": "FARM DITCH (CENTRAL MALINAO MAIN CANAL - 927)",
        "station": "STA 0+043.9",
        "station_m": 43.85,
        "offset_m": 1.08,
        "ele": 5.22,
        "desc": "",
        "comment": "Cart crossing structure",
        "images": "1000GRMN/DSC00515.jpg",
        "elevation_m": 5.22,
        "photo_filename": "DSC00515.jpg",
        "photo_path": "1000GRMN/DSC00515.jpg",
        "surveyor_comment": "Cart crossing structure",
        "survey_date": "2023-9-6"
      }
    },
    {
      "type": "Feature",
      "geometry": {
        "type": "Point",
        "coordinates": [
          118.358414,
          9.249499
        ]
      },
      "properties": {
        "id": 470,
        "name": "094",
        "type": "Turnout",
        "Structure_Category": "Turnout (TO)",
        "canal_name": "FARM DITCH (CENTRAL MALINAO MAIN CANAL - 927)",
        "station": "STA 0+041.9",
        "station_m": 41.86,
        "offset_m": 0.03,
        "ele": 5.22,
        "desc": "",
        "comment": "STO #1 (L/S)",
        "images": "1000GRMN/DSC00514.jpg",
        "elevation_m": 5.22,
        "photo_filename": "DSC00514.jpg",
        "photo_path": "1000GRMN/DSC00514.jpg",
        "surveyor_comment": "STO #1 (L/S)",
        "survey_date": "2023-9-6"
      }
    },
    {
      "type": "Feature",
      "geometry": {
        "type": "Point",
        "coordinates": [
          118.358031,
          9.247458
        ]
      },
      "properties": {
        "id": 472,
        "name": "096",
        "type": "Thresher Crossing",
        "Structure_Category": "Thresher Crossing",
        "canal_name": "FARM DITCH (CENTRAL MALINAO MAIN CANAL - 927)",
        "station": "STA 0+272.1",
        "station_m": 272.12,
        "offset_m": 2.61,
        "ele": 5.22,
        "desc": "",
        "comment": "RCP crossing structure",
        "images": "1000GRMN/DSC00516.jpg",
        "elevation_m": 5.22,
        "photo_filename": "DSC00516.jpg",
        "photo_path": "1000GRMN/DSC00516.jpg",
        "surveyor_comment": "RCP crossing structure",
        "survey_date": "2023-9-6"
      }
    },
    {
      "type": "Feature",
      "geometry": {
        "type": "Point",
        "coordinates": [
          118.358052,
          9.247176
        ]
      },
      "properties": {
        "id": 475,
        "name": "099",
        "type": "Thresher Crossing",
        "Structure_Category": "Thresher Crossing",
        "canal_name": "FARM DITCH (CENTRAL MALINAO MAIN CANAL - 927)",
        "station": "STA 0+302.5",
        "station_m": 302.53,
        "offset_m": 5.05,
        "ele": 5.22,
        "desc": "",
        "comment": "RCP crossing structure",
        "images": "1000GRMN/DSC00520.jpg",
        "elevation_m": 5.22,
        "photo_filename": "DSC00520.jpg",
        "photo_path": "1000GRMN/DSC00520.jpg",
        "surveyor_comment": "RCP crossing structure",
        "survey_date": "2023-9-6"
      }
    },
    {
      "type": "Feature",
      "geometry": {
        "type": "Point",
        "coordinates": [
          118.358058,
          9.247224
        ]
      },
      "properties": {
        "id": 473,
        "name": "097",
        "type": "Turnout",
        "Structure_Category": "Turnout (TO)",
        "canal_name": "FARM DITCH (CENTRAL MALINAO MAIN CANAL - 927)",
        "station": "STA 0+297.2",
        "station_m": 297.18,
        "offset_m": 4.78,
        "ele": 5.22,
        "desc": "",
        "comment": "STO #2 (R/S)",
        "images": "1000GRMN/DSC00517.jpg",
        "elevation_m": 5.22,
        "photo_filename": "DSC00517.jpg",
        "photo_path": "1000GRMN/DSC00517.jpg",
        "surveyor_comment": "STO #2 (R/S)",
        "survey_date": "2023-9-6"
      }
    },
    {
      "type": "Feature",
      "geometry": {
        "type": "Point",
        "coordinates": [
          118.357983,
          9.247225
        ]
      },
      "properties": {
        "id": 474,
        "name": "098",
        "type": "Turnout",
        "Structure_Category": "Turnout (TO)",
        "canal_name": "FARM DITCH (CENTRAL MALINAO MAIN CANAL - 927)",
        "station": "STA 0+298.5",
        "station_m": 298.49,
        "offset_m": 3.38,
        "ele": 5.22,
        "desc": "",
        "comment": "STO #3 (R/S)",
        "images": "1000GRMN/DSC00518.jpg",
        "elevation_m": 5.22,
        "photo_filename": "DSC00518.jpg",
        "photo_path": "1000GRMN/DSC00518.jpg",
        "surveyor_comment": "STO #3 (R/S)",
        "survey_date": "2023-9-6"
      }
    },
    {
      "type": "Feature",
      "geometry": {
        "type": "Point",
        "coordinates": [
          118.396406,
          9.305284
        ]
      },
      "properties": {
        "id": 505,
        "name": "DMTO #31(R/S) - MC",
        "type": "Turnout",
        "Structure_Category": "Turnout (TO)",
        "canal_name": "Off-Canal",
        "station": "N/A",
        "station_m": null,
        "offset_m": 220.3,
        "ele": 48.88,
        "desc": "",
        "comment": "Turn out #31 (R/S)",
        "images": "1000GRMN/DSC00550.jpg",
        "elevation_m": 48.88,
        "photo_filename": "DSC00550.jpg",
        "photo_path": "1000GRMN/DSC00550.jpg",
        "surveyor_comment": "Turn out #31 (R/S)",
        "survey_date": "2023-9-7"
      }
    },
    {
      "type": "Feature",
      "geometry": {
        "type": "Point",
        "coordinates": [
          118.385408,
          9.295565
        ]
      },
      "properties": {
        "id": 496,
        "name": "DMTO #27(R/S) - MC",
        "type": "Turnout",
        "Structure_Category": "Turnout (TO)",
        "canal_name": "BATANG BATANG MAIN CANAL (SEGMENT 1054)",
        "station": "STA 0+006.1",
        "station_m": 6.13,
        "offset_m": 3.46,
        "ele": 47.33,
        "desc": "",
        "comment": "Turn out #27 (R/S)",
        "images": "1000GRMN/DSC00541.jpg",
        "elevation_m": 47.33,
        "photo_filename": "DSC00541.jpg",
        "photo_path": "1000GRMN/DSC00541.jpg",
        "surveyor_comment": "Turn out #27 (R/S)",
        "survey_date": "2023-9-7"
      }
    },
    {
      "type": "Feature",
      "geometry": {
        "type": "Point",
        "coordinates": [
          118.392724,
          9.301898
        ]
      },
      "properties": {
        "id": 503,
        "name": "DRAINAGE BOX CULVERT STR.",
        "type": "Drainage",
        "Structure_Category": "Drainage",
        "canal_name": "Off-Canal",
        "station": "N/A",
        "station_m": null,
        "offset_m": 329.05,
        "ele": 49.21,
        "desc": "",
        "comment": "Drainage box culvert structure",
        "images": "1000GRMN/DSC00548.jpg",
        "elevation_m": 49.21,
        "photo_filename": "DSC00548.jpg",
        "photo_path": "1000GRMN/DSC00548.jpg",
        "surveyor_comment": "Drainage box culvert structure",
        "survey_date": "2023-9-7"
      }
    },
    {
      "type": "Feature",
      "geometry": {
        "type": "Point",
        "coordinates": [
          118.357926,
          9.250026
        ]
      },
      "properties": {
        "id": 467,
        "name": "THRESHER CROSSING STR.",
        "type": "Thresher Crossing",
        "Structure_Category": "Thresher Crossing",
        "canal_name": "CENTRAL MALINAO MAIN CANAL",
        "station": "STA 1+434.9",
        "station_m": 1434.94,
        "offset_m": 0.73,
        "ele": 5.22,
        "desc": "",
        "comment": "Cart crossing structure",
        "images": "1000GRMN/DSC00511.jpg",
        "elevation_m": 5.22,
        "photo_filename": "DSC00511.jpg",
        "photo_path": "1000GRMN/DSC00511.jpg",
        "surveyor_comment": "Cart crossing structure",
        "survey_date": "2023-9-6"
      }
    },
    {
      "type": "Feature",
      "geometry": {
        "type": "Point",
        "coordinates": [
          118.398271,
          9.306942
        ]
      },
      "properties": {
        "id": 506,
        "name": "DMTO #32(R/S) - MC",
        "type": "Turnout",
        "Structure_Category": "Turnout (TO)",
        "canal_name": "UPPER LAPU - LAPU LATERAL B",
        "station": "STA 1+237.4",
        "station_m": 1237.36,
        "offset_m": 18.01,
        "ele": 48.87,
        "desc": "",
        "comment": "Turn out #32 (R/S)",
        "images": "1000GRMN/DSC00551.jpg",
        "elevation_m": 48.87,
        "photo_filename": "DSC00551.jpg",
        "photo_path": "1000GRMN/DSC00551.jpg",
        "surveyor_comment": "Turn out #32 (R/S)",
        "survey_date": "2023-9-7"
      }
    },
    {
      "type": "Feature",
      "geometry": {
        "type": "Point",
        "coordinates": [
          118.347042,
          9.201643
        ]
      },
      "properties": {
        "id": 462,
        "name": "MTO #1 (L/S) - LAT. A2",
        "type": "Turnout",
        "Structure_Category": "Turnout (TO)",
        "canal_name": "Off-Canal",
        "station": "N/A",
        "station_m": null,
        "offset_m": 361.57,
        "ele": 10.18,
        "desc": "",
        "comment": "Turn out #1 (L/S)",
        "images": "1000GRMN/DSC00591.jpg",
        "elevation_m": 10.18,
        "photo_filename": "DSC00591.jpg",
        "photo_path": "1000GRMN/DSC00591.jpg",
        "surveyor_comment": "Turn out #1 (L/S)",
        "survey_date": "2023-9-14"
      }
    },
    {
      "type": "Feature",
      "geometry": {
        "type": "Point",
        "coordinates": [
          118.328072,
          9.225481
        ]
      },
      "properties": {
        "id": 522,
        "name": "VERTICAL DROP STR.",
        "type": "Drop",
        "Structure_Category": "Drop",
        "canal_name": "FARM DITCH (TRUNK 957 - 975)",
        "station": "STA 0+014.7",
        "station_m": 14.68,
        "offset_m": 0.24,
        "ele": 218.24,
        "desc": "",
        "comment": "Drop struture",
        "images": "1000GRMN/DSC00472.jpg",
        "elevation_m": 218.24,
        "photo_filename": "DSC00472.jpg",
        "photo_path": "1000GRMN/DSC00472.jpg",
        "surveyor_comment": "Drop struture",
        "survey_date": "2023-9-1"
      }
    },
    {
      "type": "Feature",
      "geometry": {
        "type": "Point",
        "coordinates": [
          118.328952,
          9.224097
        ]
      },
      "properties": {
        "id": 523,
        "name": "THRESHER CROSSING STR.",
        "type": "Thresher Crossing",
        "Structure_Category": "Thresher Crossing",
        "canal_name": "FARM DITCH (TRUNK 986 - 976)",
        "station": "STA 0+002.4",
        "station_m": 2.43,
        "offset_m": 2.89,
        "ele": 218.24,
        "desc": "",
        "comment": "Cart crossing structure",
        "images": "1000GRMN/DSC00473.jpg",
        "elevation_m": 218.24,
        "photo_filename": "DSC00473.jpg",
        "photo_path": "1000GRMN/DSC00473.jpg",
        "surveyor_comment": "Cart crossing structure",
        "survey_date": "2023-9-1"
      }
    },
    {
      "type": "Feature",
      "geometry": {
        "type": "Point",
        "coordinates": [
          118.329077,
          9.2239
        ]
      },
      "properties": {
        "id": 524,
        "name": "RCP CROSSING STR. DROP STR.",
        "type": "Drop",
        "Structure_Category": "Road Crossing",
        "canal_name": "FARM DITCH (TRUNK 986 - 981)",
        "station": "STA 0+015.3",
        "station_m": 15.28,
        "offset_m": 0.62,
        "ele": 218.24,
        "desc": "",
        "comment": "Rcp crossing & drop structure",
        "images": "1000GRMN/DSC00474.jpg",
        "elevation_m": 218.24,
        "photo_filename": "DSC00474.jpg",
        "photo_path": "1000GRMN/DSC00474.jpg",
        "surveyor_comment": "Rcp crossing & drop structure",
        "survey_date": "2023-9-1"
      }
    },
    {
      "type": "Feature",
      "geometry": {
        "type": "Point",
        "coordinates": [
          118.390969,
          9.314991
        ]
      },
      "properties": {
        "id": 542,
        "name": "VERTICAL DROP STR.",
        "type": "Drop",
        "Structure_Category": "Drop",
        "canal_name": "UPPER LAPU - LAPU MAIN CANAL",
        "station": "STA 1+049.7",
        "station_m": 1049.72,
        "offset_m": 3.86,
        "ele": 117.82,
        "desc": "",
        "comment": "Drop structure",
        "images": "1000GRMN/DSC00342.jpg",
        "elevation_m": 117.82,
        "photo_filename": "DSC00342.jpg",
        "photo_path": "1000GRMN/DSC00342.jpg",
        "surveyor_comment": "Drop structure",
        "survey_date": "2023-8-17"
      }
    },
    {
      "type": "Feature",
      "geometry": {
        "type": "Point",
        "coordinates": [
          118.335606,
          9.212824
        ]
      },
      "properties": {
        "id": 531,
        "name": "DMTO #5 (R/S) - LAT. A",
        "type": "Turnout",
        "Structure_Category": "Turnout (TO)",
        "canal_name": "LATERAL A (SEGMENT 988)",
        "station": "STA 0+285.0",
        "station_m": 285.03,
        "offset_m": 1.69,
        "ele": 224.13,
        "desc": "",
        "comment": "Turn out #5 (R/S)",
        "images": "1000GRMN/DSC00482.jpg",
        "elevation_m": 224.13,
        "photo_filename": "DSC00482.jpg",
        "photo_path": "1000GRMN/DSC00482.jpg",
        "surveyor_comment": "Turn out #5 (R/S)",
        "survey_date": "2023-9-1"
      }
    },
    {
      "type": "Feature",
      "geometry": {
        "type": "Point",
        "coordinates": [
          118.330964,
          9.22082
        ]
      },
      "properties": {
        "id": 527,
        "name": "RCP CROSSING  STR. INCLINED DROP STR.",
        "type": "Drop",
        "Structure_Category": "Road Crossing",
        "canal_name": "FARM DITCH (TRUNK 986 - 984)",
        "station": "STA 0+027.3",
        "station_m": 27.33,
        "offset_m": 0.18,
        "ele": 218.23,
        "desc": "",
        "comment": "RCP crossing & inclined drop structure",
        "images": "1000GRMN/DSC00478.jpg",
        "elevation_m": 218.23,
        "photo_filename": "DSC00478.jpg",
        "photo_path": "1000GRMN/DSC00478.jpg",
        "surveyor_comment": "RCP crossing & inclined drop structure",
        "survey_date": "2023-9-1"
      }
    },
    {
      "type": "Feature",
      "geometry": {
        "type": "Point",
        "coordinates": [
          118.332741,
          9.217708
        ]
      },
      "properties": {
        "id": 528,
        "name": "RCP CROSSING STR. & DROP STR.",
        "type": "Drop",
        "Structure_Category": "Road Crossing",
        "canal_name": "LATERAL A (SEGMENT 986)",
        "station": "STA 0+354.7",
        "station_m": 354.7,
        "offset_m": 2.57,
        "ele": 214.04,
        "desc": "",
        "comment": "RCP crossing & drop structure",
        "images": "1000GRMN/DSC00479.jpg",
        "elevation_m": 214.04,
        "photo_filename": "DSC00479.jpg",
        "photo_path": "1000GRMN/DSC00479.jpg",
        "surveyor_comment": "RCP crossing & drop structure",
        "survey_date": "2023-9-1"
      }
    },
    {
      "type": "Feature",
      "geometry": {
        "type": "Point",
        "coordinates": [
          118.350114,
          9.252972
        ]
      },
      "properties": {
        "id": 512,
        "name": "MTO #2(L/S) - CMMC",
        "type": "Unauthorized Turnout",
        "Structure_Category": "Turnout (TO)",
        "canal_name": "CENTRAL MALINAO MAIN CANAL",
        "station": "STA 0+361.9",
        "station_m": 361.85,
        "offset_m": 6.48,
        "ele": 37.62,
        "desc": "",
        "comment": "Turn out #2 (L/S)",
        "images": "1000GRMN/DSC00502.jpg",
        "elevation_m": 37.62,
        "photo_filename": "DSC00502.jpg",
        "photo_path": "1000GRMN/DSC00502.jpg",
        "surveyor_comment": "Turn out #2 (L/S)",
        "survey_date": "2023-9-4"
      }
    },
    {
      "type": "Feature",
      "geometry": {
        "type": "Point",
        "coordinates": [
          118.336116,
          9.212055
        ]
      },
      "properties": {
        "id": 533,
        "name": "RCP CROSSING STR. INCLINED DROP STR.",
        "type": "Drop",
        "Structure_Category": "Road Crossing",
        "canal_name": "LATERAL A (SEGMENT 990)",
        "station": "STA 0+027.5",
        "station_m": 27.51,
        "offset_m": 0.56,
        "ele": 224.12,
        "desc": "",
        "comment": "Rcp crossing & inclined drop structure",
        "images": "1000GRMN/DSC00484.jpg",
        "elevation_m": 224.12,
        "photo_filename": "DSC00484.jpg",
        "photo_path": "1000GRMN/DSC00484.jpg",
        "surveyor_comment": "Rcp crossing & inclined drop structure",
        "survey_date": "2023-9-1"
      }
    },
    {
      "type": "Feature",
      "geometry": {
        "type": "Point",
        "coordinates": [
          118.337183,
          9.210528
        ]
      },
      "properties": {
        "id": 534,
        "name": "MTO #7 (L/S) - LAT. A",
        "type": "Turnout",
        "Structure_Category": "Turnout (TO)",
        "canal_name": "LATERAL A (SEGMENT 990)",
        "station": "STA 0+233.7",
        "station_m": 233.71,
        "offset_m": 0.78,
        "ele": 224.12,
        "desc": "",
        "comment": "Turn out #7 (L/S)",
        "images": "1000GRMN/DSC00485.jpg",
        "elevation_m": 224.12,
        "photo_filename": "DSC00485.jpg",
        "photo_path": "1000GRMN/DSC00485.jpg",
        "surveyor_comment": "Turn out #7 (L/S)",
        "survey_date": "2023-9-1"
      }
    },
    {
      "type": "Feature",
      "geometry": {
        "type": "Point",
        "coordinates": [
          118.337712,
          9.209753
        ]
      },
      "properties": {
        "id": 535,
        "name": "MTO #8 (L/S) - LAT. A",
        "type": "Turnout",
        "Structure_Category": "Turnout (TO)",
        "canal_name": "LATERAL A (SEGMENT 992)",
        "station": "STA 0+060.2",
        "station_m": 60.21,
        "offset_m": 3.05,
        "ele": 224.11,
        "desc": "",
        "comment": "Comb. road rossing,turn out #8, drop & haedgate of latera A-1",
        "images": "1000GRMN/DSC00486.jpg",
        "elevation_m": 224.11,
        "photo_filename": "DSC00486.jpg",
        "photo_path": "1000GRMN/DSC00486.jpg",
        "surveyor_comment": "Comb. road rossing,turn out #8, drop & haedgate of latera A-1",
        "survey_date": "2023-9-1"
      }
    },
    {
      "type": "Feature",
      "geometry": {
        "type": "Point",
        "coordinates": [
          118.338908,
          9.207959
        ]
      },
      "properties": {
        "id": 536,
        "name": "VERTICAL DROP STR.",
        "type": "Drop",
        "Structure_Category": "Drop",
        "canal_name": "LATERAL A (SEGMENT 994)",
        "station": "STA 0+060.8",
        "station_m": 60.81,
        "offset_m": 4.93,
        "ele": 224.11,
        "desc": "",
        "comment": "Inclined drop structure",
        "images": "1000GRMN/DSC00487.jpg",
        "elevation_m": 224.11,
        "photo_filename": "DSC00487.jpg",
        "photo_path": "1000GRMN/DSC00487.jpg",
        "surveyor_comment": "Inclined drop structure",
        "survey_date": "2023-9-1"
      }
    },
    {
      "type": "Feature",
      "geometry": {
        "type": "Point",
        "coordinates": [
          118.340658,
          9.205078
        ]
      },
      "properties": {
        "id": 540,
        "name": "RCP CROSSING STR. & VERTICAL DROP STR.",
        "type": "Drop",
        "Structure_Category": "Road Crossing",
        "canal_name": "LATERAL A (SEGMENT 998)",
        "station": "STA 0+063.5",
        "station_m": 63.46,
        "offset_m": 0.22,
        "ele": 216.79,
        "desc": "",
        "comment": "RCP crossing & drop structure",
        "images": "1000GRMN/DSC00492.jpg",
        "elevation_m": 216.79,
        "photo_filename": "DSC00492.jpg",
        "photo_path": "1000GRMN/DSC00492.jpg",
        "surveyor_comment": "RCP crossing & drop structure",
        "survey_date": "2023-9-1"
      }
    },
    {
      "type": "Feature",
      "geometry": {
        "type": "Point",
        "coordinates": [
          118.338899,
          9.207983
        ]
      },
      "properties": {
        "id": 537,
        "name": "MTO #9 (R/S) - LAT. A",
        "type": "Turnout",
        "Structure_Category": "Turnout (TO)",
        "canal_name": "LATERAL A (SEGMENT 994)",
        "station": "STA 0+058.1",
        "station_m": 58.06,
        "offset_m": 4.21,
        "ele": 220.78,
        "desc": "",
        "comment": "Turn out #9 (R/S)",
        "images": "1000GRMN/DSC00488.jpg",
        "elevation_m": 220.78,
        "photo_filename": "DSC00488.jpg",
        "photo_path": "1000GRMN/DSC00488.jpg",
        "surveyor_comment": "Turn out #9 (R/S)",
        "survey_date": "2023-9-1"
      }
    },
    {
      "type": "Feature",
      "geometry": {
        "type": "Point",
        "coordinates": [
          118.340658,
          9.205121
        ]
      },
      "properties": {
        "id": 539,
        "name": "MTO #10 (L/S) - LAT. A",
        "type": "Turnout",
        "Structure_Category": "Turnout (TO)",
        "canal_name": "LATERAL A (SEGMENT 998)",
        "station": "STA 0+059.7",
        "station_m": 59.67,
        "offset_m": 3.12,
        "ele": 216.79,
        "desc": "",
        "comment": "Turn out #10 (L/S)",
        "images": "1000GRMN/DSC00491.jpg",
        "elevation_m": 216.79,
        "photo_filename": "DSC00491.jpg",
        "photo_path": "1000GRMN/DSC00491.jpg",
        "surveyor_comment": "Turn out #10 (L/S)",
        "survey_date": "2023-9-1"
      }
    },
    {
      "type": "Feature",
      "geometry": {
        "type": "Point",
        "coordinates": [
          118.340421,
          9.205375
        ]
      },
      "properties": {
        "id": 538,
        "name": "076",
        "type": "Unauthorized Turnout",
        "Structure_Category": "Turnout (TO)",
        "canal_name": "LATERAL A (SEGMENT 998)",
        "station": "STA 0+021.4",
        "station_m": 21.44,
        "offset_m": 0.59,
        "ele": 220.16,
        "desc": "",
        "comment": "Turn out  (R/S) illegal",
        "images": "1000GRMN/DSC00489.jpg",
        "elevation_m": 220.16,
        "photo_filename": "DSC00489.jpg",
        "photo_path": "1000GRMN/DSC00489.jpg",
        "surveyor_comment": "Turn out (R/S) illegal",
        "survey_date": "2023-9-1"
      }
    },
    {
      "type": "Feature",
      "geometry": {
        "type": "Point",
        "coordinates": [
          118.342255,
          9.202763
        ]
      },
      "properties": {
        "id": 541,
        "name": "INCLINED DROP STR.",
        "type": "Drop",
        "Structure_Category": "Drop",
        "canal_name": "LATERAL A (SEGMENT 998)",
        "station": "STA 0+382.9",
        "station_m": 382.89,
        "offset_m": 3.13,
        "ele": 216.78,
        "desc": "",
        "comment": "Inclined drop structure",
        "images": "1000GRMN/DSC00493.jpg",
        "elevation_m": 216.78,
        "photo_filename": "DSC00493.jpg",
        "photo_path": "1000GRMN/DSC00493.jpg",
        "surveyor_comment": "Inclined drop structure",
        "survey_date": "2023-9-1"
      }
    },
    {
      "type": "Feature",
      "geometry": {
        "type": "Point",
        "coordinates": [
          118.327662,
          9.226347
        ]
      },
      "properties": {
        "id": 521,
        "name": "RCP CROSSING STR.",
        "type": "Road Crossing",
        "Structure_Category": "Road Crossing",
        "canal_name": "FARM DITCH (TRUNK 957 - 973)",
        "station": "STA 0+012.4",
        "station_m": 12.4,
        "offset_m": 3.76,
        "ele": 218.24,
        "desc": "",
        "comment": "RCP crossing structure",
        "images": "1000GRMN/DSC00471.jpg",
        "elevation_m": 218.24,
        "photo_filename": "DSC00471.jpg",
        "photo_path": "1000GRMN/DSC00471.jpg",
        "surveyor_comment": "RCP crossing structure",
        "survey_date": "2023-9-1"
      }
    },
    {
      "type": "Feature",
      "geometry": {
        "type": "Point",
        "coordinates": [
          118.395033,
          9.308994
        ]
      },
      "properties": {
        "id": 555,
        "name": "DMTO #1 - ULLB",
        "type": "Turnout",
        "Structure_Category": "Turnout (TO)",
        "canal_name": "UPPER LAPU - LAPU LATERAL B",
        "station": "STA 0+787.2",
        "station_m": 787.18,
        "offset_m": 0,
        "ele": 101.06,
        "desc": "",
        "comment": "Turn out #2 (R/S)",
        "images": "1000GRMN/DSC00357.jpg",
        "elevation_m": 101.06,
        "photo_filename": "DSC00357.jpg",
        "photo_path": "1000GRMN/DSC00357.jpg",
        "surveyor_comment": "Turn out #2 (R/S)",
        "survey_date": "2023-8-17"
      }
    },
    {
      "type": "Feature",
      "geometry": {
        "type": "Point",
        "coordinates": [
          118.34772,
          9.25493
        ]
      },
      "properties": {
        "id": 508,
        "name": "SILT EJECTOR STR.",
        "type": "Wasteway",
        "Structure_Category": "Drainage",
        "canal_name": "CENTRAL MALINAO MAIN CANAL",
        "station": "STA 0+005.7",
        "station_m": 5.74,
        "offset_m": 0.17,
        "ele": 39.7,
        "desc": "",
        "comment": "Silt ejector structure",
        "images": "1000GRMN/DSC00497.jpg",
        "elevation_m": 39.7,
        "photo_filename": "DSC00497.jpg",
        "photo_path": "1000GRMN/DSC00497.jpg",
        "surveyor_comment": "Silt ejector structure",
        "survey_date": "2023-9-4"
      }
    },
    {
      "type": "Feature",
      "geometry": {
        "type": "Point",
        "coordinates": [
          118.34815,
          9.254862
        ]
      },
      "properties": {
        "id": 510,
        "name": "UNAUTORIZED TURNOUT",
        "type": "Unauthorized Turnout",
        "Structure_Category": "Turnout (TO)",
        "canal_name": "CENTRAL MALINAO MAIN CANAL",
        "station": "STA 0+054.7",
        "station_m": 54.68,
        "offset_m": 2.32,
        "ele": 39.7,
        "desc": "",
        "comment": "Turn out illegal (L/S)",
        "images": "1000GRMN/DSC00500.jpg",
        "elevation_m": 39.7,
        "photo_filename": "DSC00500.jpg",
        "photo_path": "1000GRMN/DSC00500.jpg",
        "surveyor_comment": "Turn out illegal (L/S)",
        "survey_date": "2023-9-4"
      }
    },
    {
      "type": "Feature",
      "geometry": {
        "type": "Point",
        "coordinates": [
          118.329994,
          9.222498
        ]
      },
      "properties": {
        "id": 525,
        "name": "DMTO #3 - LAT. A",
        "type": "Turnout",
        "Structure_Category": "Turnout (TO)",
        "canal_name": "LATERAL A (SEGMENT 983)",
        "station": "STA 0+005.8",
        "station_m": 5.82,
        "offset_m": 3.7,
        "ele": 218.24,
        "desc": "",
        "comment": "Turn out #3 (L/S)",
        "images": "1000GRMN/DSC00475.jpg",
        "elevation_m": 218.24,
        "photo_filename": "DSC00475.jpg",
        "photo_path": "1000GRMN/DSC00475.jpg",
        "surveyor_comment": "Turn out #3 (L/S)",
        "survey_date": "2023-9-1"
      }
    },
    {
      "type": "Feature",
      "geometry": {
        "type": "Point",
        "coordinates": [
          118.347737,
          9.254921
        ]
      },
      "properties": {
        "id": 509,
        "name": "HDGT. STR.",
        "type": "Head Gate",
        "Structure_Category": "Head Gate",
        "canal_name": "CENTRAL MALINAO MAIN CANAL",
        "station": "STA 0+007.8",
        "station_m": 7.85,
        "offset_m": 0.03,
        "ele": 39.7,
        "desc": "fa",
        "comment": "Head gate structure",
        "images": "1000GRMN/DSC00498.jpg",
        "elevation_m": 39.7,
        "photo_filename": "DSC00498.jpg",
        "photo_path": "1000GRMN/DSC00498.jpg",
        "surveyor_comment": "Head gate structure",
        "survey_date": "2023-9-4"
      }
    },
    {
      "type": "Feature",
      "geometry": {
        "type": "Point",
        "coordinates": [
          118.350754,
          9.251901
        ]
      },
      "properties": {
        "id": 513,
        "name": "HRESHER CROSSING STR.",
        "type": "Thresher Crossing",
        "Structure_Category": "Thresher Crossing",
        "canal_name": "CENTRAL MALINAO MAIN CANAL",
        "station": "STA 0+500.4",
        "station_m": 500.4,
        "offset_m": 9.43,
        "ele": 37.61,
        "desc": "",
        "comment": "Cart crossing structure",
        "images": "1000GRMN/DSC00503.jpg",
        "elevation_m": 37.61,
        "photo_filename": "DSC00503.jpg",
        "photo_path": "1000GRMN/DSC00503.jpg",
        "surveyor_comment": "Cart crossing structure",
        "survey_date": "2023-9-4"
      }
    },
    {
      "type": "Feature",
      "geometry": {
        "type": "Point",
        "coordinates": [
          118.351142,
          9.25137
        ]
      },
      "properties": {
        "id": 514,
        "name": "DRAINAGE STR.",
        "type": "Drainage",
        "Structure_Category": "Drainage",
        "canal_name": "CENTRAL MALINAO MAIN CANAL",
        "station": "STA 0+572.2",
        "station_m": 572.19,
        "offset_m": 4.31,
        "ele": 37.61,
        "desc": "",
        "comment": "Drainage structure",
        "images": "1000GRMN/DSC00504.jpg",
        "elevation_m": 37.61,
        "photo_filename": "DSC00504.jpg",
        "photo_path": "1000GRMN/DSC00504.jpg",
        "surveyor_comment": "Drainage structure",
        "survey_date": "2023-9-4"
      }
    },
    {
      "type": "Feature",
      "geometry": {
        "type": "Point",
        "coordinates": [
          118.352221,
          9.250145
        ]
      },
      "properties": {
        "id": 515,
        "name": "UNAUTHORIZED TURNOUT",
        "type": "Unauthorized Turnout",
        "Structure_Category": "Turnout (TO)",
        "canal_name": "CENTRAL MALINAO MAIN CANAL",
        "station": "STA 0+754.3",
        "station_m": 754.26,
        "offset_m": 5,
        "ele": 36.86,
        "desc": "",
        "comment": "Turn out illegal (L/S)",
        "images": "1000GRMN/DSC00505.jpg",
        "elevation_m": 36.86,
        "photo_filename": "DSC00505.jpg",
        "photo_path": "1000GRMN/DSC00505.jpg",
        "surveyor_comment": "Turn out illegal (L/S)",
        "survey_date": "2023-9-4"
      }
    },
    {
      "type": "Feature",
      "geometry": {
        "type": "Point",
        "coordinates": [
          118.353309,
          9.249709
        ]
      },
      "properties": {
        "id": 516,
        "name": "ROAD CROSSING STR.",
        "type": "Road Crossing",
        "Structure_Category": "Road Crossing",
        "canal_name": "CENTRAL MALINAO MAIN CANAL",
        "station": "STA 0+897.2",
        "station_m": 897.25,
        "offset_m": 0.81,
        "ele": 36.86,
        "desc": "",
        "comment": "RCP crossing & division box structure",
        "images": "1000GRMN/DSC00506.jpg",
        "elevation_m": 36.86,
        "photo_filename": "DSC00506.jpg",
        "photo_path": "1000GRMN/DSC00506.jpg",
        "surveyor_comment": "RCP crossing & division box structure",
        "survey_date": "2023-9-4"
      }
    },
    {
      "type": "Feature",
      "geometry": {
        "type": "Point",
        "coordinates": [
          118.355027,
          9.249602
        ]
      },
      "properties": {
        "id": 517,
        "name": "THRESHER CROSSING STR.",
        "type": "Thresher Crossing",
        "Structure_Category": "Thresher Crossing",
        "canal_name": "CENTRAL MALINAO MAIN CANAL",
        "station": "STA 1+093.8",
        "station_m": 1093.79,
        "offset_m": 4.74,
        "ele": 34.64,
        "desc": "",
        "comment": "RCP crossing structure",
        "images": "1000GRMN/DSC00507.jpg",
        "elevation_m": 34.64,
        "photo_filename": "DSC00507.jpg",
        "photo_path": "1000GRMN/DSC00507.jpg",
        "surveyor_comment": "RCP crossing structure",
        "survey_date": "2023-9-4"
      }
    },
    {
      "type": "Feature",
      "geometry": {
        "type": "Point",
        "coordinates": [
          118.355888,
          9.250081
        ]
      },
      "properties": {
        "id": 518,
        "name": "UNAUTHORIZED TURNOUT",
        "type": "Unauthorized Turnout",
        "Structure_Category": "Turnout (TO)",
        "canal_name": "CENTRAL MALINAO MAIN CANAL",
        "station": "STA 1+204.8",
        "station_m": 1204.8,
        "offset_m": 0.5,
        "ele": 34.46,
        "desc": "",
        "comment": "Turn out illegal (R/S)",
        "images": "1000GRMN/DSC00508.jpg",
        "elevation_m": 34.46,
        "photo_filename": "DSC00508.jpg",
        "photo_path": "1000GRMN/DSC00508.jpg",
        "surveyor_comment": "Turn out illegal (R/S)",
        "survey_date": "2023-9-4"
      }
    },
    {
      "type": "Feature",
      "geometry": {
        "type": "Point",
        "coordinates": [
          118.356359,
          9.250199
        ]
      },
      "properties": {
        "id": 519,
        "name": "UNATHORIZED TURNOUT",
        "type": "Unauthorized Turnout",
        "Structure_Category": "Turnout (TO)",
        "canal_name": "CENTRAL MALINAO MAIN CANAL",
        "station": "STA 1+258.4",
        "station_m": 1258.4,
        "offset_m": 1.06,
        "ele": 34.46,
        "desc": "",
        "comment": "Turn out illegal (R/S)",
        "images": "1000GRMN/DSC00509.jpg",
        "elevation_m": 34.46,
        "photo_filename": "DSC00509.jpg",
        "photo_path": "1000GRMN/DSC00509.jpg",
        "surveyor_comment": "Turn out illegal (R/S)",
        "survey_date": "2023-9-4"
      }
    },
    {
      "type": "Feature",
      "geometry": {
        "type": "Point",
        "coordinates": [
          118.332738,
          9.217776
        ]
      },
      "properties": {
        "id": 529,
        "name": "DMTO #4 (L/S) - LAT. A",
        "type": "Turnout",
        "Structure_Category": "Turnout (TO)",
        "canal_name": "LATERAL A (SEGMENT 986)",
        "station": "STA 0+348.3",
        "station_m": 348.32,
        "offset_m": 1.47,
        "ele": 214.78,
        "desc": "",
        "comment": "Turn out #4 (L/S)",
        "images": "1000GRMN/DSC00480.jpg",
        "elevation_m": 214.78,
        "photo_filename": "DSC00480.jpg",
        "photo_path": "1000GRMN/DSC00480.jpg",
        "surveyor_comment": "Turn out #4 (L/S)",
        "survey_date": "2023-9-1"
      }
    },
    {
      "type": "Feature",
      "geometry": {
        "type": "Point",
        "coordinates": [
          118.335614,
          9.212819
        ]
      },
      "properties": {
        "id": 532,
        "name": "DMTO #6 (L/S) - LAT. A",
        "type": "Turnout",
        "Structure_Category": "Turnout (TO)",
        "canal_name": "LATERAL A (SEGMENT 988)",
        "station": "STA 0+285.9",
        "station_m": 285.95,
        "offset_m": 2.18,
        "ele": 224.13,
        "desc": "",
        "comment": "Turn out #6 (L/S)",
        "images": "1000GRMN/DSC00483.jpg",
        "elevation_m": 224.13,
        "photo_filename": "DSC00483.jpg",
        "photo_path": "1000GRMN/DSC00483.jpg",
        "surveyor_comment": "Turn out #6 (L/S)",
        "survey_date": "2023-9-1"
      }
    },
    {
      "type": "Feature",
      "geometry": {
        "type": "Point",
        "coordinates": [
          118.392949,
          9.316833
        ]
      },
      "properties": {
        "id": 545,
        "name": "DMTO #5 - ULLMC",
        "type": "Turnout",
        "Structure_Category": "Turnout (TO)",
        "canal_name": "UPPER LAPU - LAPU MAIN CANAL",
        "station": "STA 1+348.7",
        "station_m": 1348.72,
        "offset_m": 0.34,
        "ele": 114.91,
        "desc": "",
        "comment": "Turn out #5 (R/S)",
        "images": "1000GRMN/DSC00345.jpg",
        "elevation_m": 114.91,
        "photo_filename": "DSC00345.jpg",
        "photo_path": "1000GRMN/DSC00345.jpg",
        "surveyor_comment": "Turn out #5 (R/S)",
        "survey_date": "2023-8-17"
      }
    },
    {
      "type": "Feature",
      "geometry": {
        "type": "Point",
        "coordinates": [
          118.391463,
          9.315503
        ]
      },
      "properties": {
        "id": 543,
        "name": "VERTICAL DROP STR.",
        "type": "Drop",
        "Structure_Category": "Drop",
        "canal_name": "UPPER LAPU - LAPU MAIN CANAL",
        "station": "STA 1+128.3",
        "station_m": 1128.3,
        "offset_m": 0.57,
        "ele": 117.82,
        "desc": "",
        "comment": "Drop structure",
        "images": "1000GRMN/DSC00343.jpg",
        "elevation_m": 117.82,
        "photo_filename": "DSC00343.jpg",
        "photo_path": "1000GRMN/DSC00343.jpg",
        "surveyor_comment": "Drop structure",
        "survey_date": "2023-8-17"
      }
    },
    {
      "type": "Feature",
      "geometry": {
        "type": "Point",
        "coordinates": [
          118.391861,
          9.315879
        ]
      },
      "properties": {
        "id": 544,
        "name": "CART CROSSING STR.",
        "type": "Thresher Crossing",
        "Structure_Category": "Thresher Crossing",
        "canal_name": "UPPER LAPU - LAPU MAIN CANAL",
        "station": "STA 1+188.8",
        "station_m": 1188.84,
        "offset_m": 0.59,
        "ele": 117.82,
        "desc": "",
        "comment": "Cart crossing structure",
        "images": "1000GRMN/DSC00344.jpg",
        "elevation_m": 117.82,
        "photo_filename": "DSC00344.jpg",
        "photo_path": "1000GRMN/DSC00344.jpg",
        "surveyor_comment": "Cart crossing structure",
        "survey_date": "2023-8-17"
      }
    },
    {
      "type": "Feature",
      "geometry": {
        "type": "Point",
        "coordinates": [
          118.394938,
          9.316333
        ]
      },
      "properties": {
        "id": 547,
        "name": "VERTICAL DROP STR.",
        "type": "Drop",
        "Structure_Category": "Drop",
        "canal_name": "UPPER LAPU - LAPU LATERAL C",
        "station": "STA 0+197.5",
        "station_m": 197.51,
        "offset_m": 6.38,
        "ele": 111.03,
        "desc": "",
        "comment": "Drop structure",
        "images": "1000GRMN/DSC00347.jpg",
        "elevation_m": 111.03,
        "photo_filename": "DSC00347.jpg",
        "photo_path": "1000GRMN/DSC00347.jpg",
        "surveyor_comment": "Drop structure",
        "survey_date": "2023-8-17"
      }
    },
    {
      "type": "Feature",
      "geometry": {
        "type": "Point",
        "coordinates": [
          118.40009,
          9.313548
        ]
      },
      "properties": {
        "id": 552,
        "name": "DMTO #1 - ULLC",
        "type": "Turnout",
        "Structure_Category": "Turnout (TO)",
        "canal_name": "UPPER LAPU - LAPU LATERAL C",
        "station": "STA 0+901.1",
        "station_m": 901.11,
        "offset_m": 2.31,
        "ele": 96.68,
        "desc": "",
        "comment": "Turn out #1 (L/S)",
        "images": "1000GRMN/DSC00354.jpg",
        "elevation_m": 96.68,
        "photo_filename": "DSC00354.jpg",
        "photo_path": "1000GRMN/DSC00354.jpg",
        "surveyor_comment": "Turn out #1 (L/S)",
        "survey_date": "2023-8-17"
      }
    },
    {
      "type": "Feature",
      "geometry": {
        "type": "Point",
        "coordinates": [
          118.330036,
          9.222425
        ]
      },
      "properties": {
        "id": 526,
        "name": "INCLINED DROP STR.",
        "type": "Drop",
        "Structure_Category": "Drop",
        "canal_name": "LATERAL A (SEGMENT 983)",
        "station": "STA 0+015.1",
        "station_m": 15.12,
        "offset_m": 4.02,
        "ele": 218.24,
        "desc": "",
        "comment": "Drop structure",
        "images": "1000GRMN/DSC00476.jpg",
        "elevation_m": 218.24,
        "photo_filename": "DSC00476.jpg",
        "photo_path": "1000GRMN/DSC00476.jpg",
        "surveyor_comment": "Drop structure",
        "survey_date": "2023-9-1"
      }
    },
    {
      "type": "Feature",
      "geometry": {
        "type": "Point",
        "coordinates": [
          118.394961,
          9.309073
        ]
      },
      "properties": {
        "id": 553,
        "name": "118",
        "type": "Turnout",
        "Structure_Category": "Turnout (TO)",
        "canal_name": "UPPER LAPU - LAPU LATERAL B",
        "station": "STA 0+775.5",
        "station_m": 775.51,
        "offset_m": 1.92,
        "ele": 101.07,
        "desc": "",
        "comment": "Turn out #1 (L/S) & road crossing",
        "images": "1000GRMN/DSC00355.jpg",
        "elevation_m": 101.07,
        "photo_filename": "DSC00355.jpg",
        "photo_path": "1000GRMN/DSC00355.jpg",
        "surveyor_comment": "Turn out #1 (L/S) & road crossing",
        "survey_date": "2023-8-17"
      }
    },
    {
      "type": "Feature",
      "geometry": {
        "type": "Point",
        "coordinates": [
          118.396062,
          9.315441
        ]
      },
      "properties": {
        "id": 548,
        "name": "VERTICAL DROP STR.",
        "type": "Drop",
        "Structure_Category": "Drop",
        "canal_name": "UPPER LAPU - LAPU LATERAL C",
        "station": "STA 0+365.0",
        "station_m": 365.04,
        "offset_m": 3.73,
        "ele": 106.33,
        "desc": "",
        "comment": "Drop structure",
        "images": "1000GRMN/DSC00348.jpg",
        "elevation_m": 106.33,
        "photo_filename": "DSC00348.jpg",
        "photo_path": "1000GRMN/DSC00348.jpg",
        "surveyor_comment": "Drop structure",
        "survey_date": "2023-8-17"
      }
    },
    {
      "type": "Feature",
      "geometry": {
        "type": "Point",
        "coordinates": [
          118.395425,
          9.309333
        ]
      },
      "properties": {
        "id": 556,
        "name": "121",
        "type": "Turnout",
        "Structure_Category": "Turnout (TO)",
        "canal_name": "UPPER LAPU - LAPU LATERAL B",
        "station": "STA 0+842.9",
        "station_m": 842.89,
        "offset_m": 1.65,
        "ele": 101.06,
        "desc": "",
        "comment": "Turn out #3 (L/S)",
        "images": "1000GRMN/DSC00358.jpg",
        "elevation_m": 101.06,
        "photo_filename": "DSC00358.jpg",
        "photo_path": "1000GRMN/DSC00358.jpg",
        "surveyor_comment": "Turn out #3 (L/S)",
        "survey_date": "2023-8-17"
      }
    },
    {
      "type": "Feature",
      "geometry": {
        "type": "Point",
        "coordinates": [
          118.397238,
          9.315664
        ]
      },
      "properties": {
        "id": 549,
        "name": "VERTICAL DROP STR.",
        "type": "Drop",
        "Structure_Category": "Drop",
        "canal_name": "UPPER LAPU - LAPU LATERAL C",
        "station": "STA 0+508.4",
        "station_m": 508.39,
        "offset_m": 4.92,
        "ele": 102.09,
        "desc": "",
        "comment": "Drop structure",
        "images": "1000GRMN/DSC00349.jpg",
        "elevation_m": 102.09,
        "photo_filename": "DSC00349.jpg",
        "photo_path": "1000GRMN/DSC00349.jpg",
        "surveyor_comment": "Drop structure",
        "survey_date": "2023-8-17"
      }
    },
    {
      "type": "Feature",
      "geometry": {
        "type": "Point",
        "coordinates": [
          118.399356,
          9.314146
        ]
      },
      "properties": {
        "id": 550,
        "name": "VERTICAL DROP STR.",
        "type": "Drop",
        "Structure_Category": "Drop",
        "canal_name": "UPPER LAPU - LAPU LATERAL C",
        "station": "STA 0+796.5",
        "station_m": 796.52,
        "offset_m": 2.03,
        "ele": 97.35,
        "desc": "",
        "comment": "Drop structure",
        "images": "1000GRMN/DSC00350.jpg",
        "elevation_m": 97.35,
        "photo_filename": "DSC00350.jpg",
        "photo_path": "1000GRMN/DSC00350.jpg",
        "surveyor_comment": "Drop structure",
        "survey_date": "2023-8-17"
      }
    },
    {
      "type": "Feature",
      "geometry": {
        "type": "Point",
        "coordinates": [
          118.399827,
          9.313752
        ]
      },
      "properties": {
        "id": 551,
        "name": "CART CROSSING STR.",
        "type": "Thresher Crossing",
        "Structure_Category": "Thresher Crossing",
        "canal_name": "UPPER LAPU - LAPU LATERAL C",
        "station": "STA 0+864.4",
        "station_m": 864.35,
        "offset_m": 3.09,
        "ele": 96.68,
        "desc": "",
        "comment": "Cart crossing structure",
        "images": "1000GRMN/DSC00351.jpg",
        "elevation_m": 96.68,
        "photo_filename": "DSC00351.jpg",
        "photo_path": "1000GRMN/DSC00351.jpg",
        "surveyor_comment": "Cart crossing structure",
        "survey_date": "2023-8-17"
      }
    },
    {
      "type": "Feature",
      "geometry": {
        "type": "Point",
        "coordinates": [
          118.39501,
          9.309024
        ]
      },
      "properties": {
        "id": 554,
        "name": "ROAD CROSSING STR.",
        "type": "Road Crossing",
        "Structure_Category": "Road Crossing",
        "canal_name": "UPPER LAPU - LAPU LATERAL B",
        "station": "STA 0+783.1",
        "station_m": 783.12,
        "offset_m": 1.03,
        "ele": 101.06,
        "desc": "",
        "comment": "Road crossing structure",
        "images": "1000GRMN/DSC00356.jpg",
        "elevation_m": 101.06,
        "photo_filename": "DSC00356.jpg",
        "photo_path": "1000GRMN/DSC00356.jpg",
        "surveyor_comment": "Road crossing structure",
        "survey_date": "2023-8-17"
      }
    },
    {
      "type": "Feature",
      "geometry": {
        "type": "Point",
        "coordinates": [
          118.392974,
          9.307259
        ]
      },
      "properties": {
        "id": 571,
        "name": "DMTO #2 - ULLA",
        "type": "Turnout",
        "Structure_Category": "Turnout (TO)",
        "canal_name": "UPPER LAPU - LAPU LATERAL A",
        "station": "STA 1+004.9",
        "station_m": 1004.88,
        "offset_m": 2.17,
        "ele": 133.88,
        "desc": "",
        "comment": "Turn out #2 (L/S)",
        "images": "1000GRMN/DSC00373.jpg",
        "elevation_m": 133.88,
        "photo_filename": "DSC00373.jpg",
        "photo_path": "1000GRMN/DSC00373.jpg",
        "surveyor_comment": "Turn out #2 (L/S)",
        "survey_date": "2023-8-17"
      }
    },
    {
      "type": "Feature",
      "geometry": {
        "type": "Point",
        "coordinates": [
          118.326541,
          9.23686
        ]
      },
      "properties": {
        "id": 602,
        "name": "RCP CROSSING & INCLINED DROP STRUCTURE",
        "type": "Outlet",
        "Structure_Category": "Road Crossing",
        "canal_name": "LATERAL A (SEGMENT 945)",
        "station": "STA 0+010.2",
        "station_m": 10.24,
        "offset_m": 0.74,
        "ele": 69.77,
        "desc": "",
        "comment": "STATION 0+008",
        "images": "1000GRMN/DSC00025.jpg",
        "elevation_m": 69.77,
        "photo_filename": "DSC00025.jpg",
        "photo_path": "1000GRMN/DSC00025.jpg",
        "surveyor_comment": "STATION 0+008",
        "survey_date": "2023-8-31"
      }
    },
    {
      "type": "Feature",
      "geometry": {
        "type": "Point",
        "coordinates": [
          118.327113,
          9.234396
        ]
      },
      "properties": {
        "id": 607,
        "name": "CART CROSSING STRUCTURE",
        "type": "Road Crossing",
        "Structure_Category": "Thresher Crossing",
        "canal_name": "LATERAL A (SEGMENT 957)",
        "station": "STA 0+095.8",
        "station_m": 95.84,
        "offset_m": 1.97,
        "ele": 64.65,
        "desc": "",
        "comment": "Cart Crossing Structure",
        "images": "1000GRMN/DSC00027.jpg",
        "elevation_m": 64.65,
        "photo_filename": "DSC00027.jpg",
        "photo_path": "1000GRMN/DSC00027.jpg",
        "surveyor_comment": "Cart Crossing Structure",
        "survey_date": "2023-8-31"
      }
    },
    {
      "type": "Feature",
      "geometry": {
        "type": "Point",
        "coordinates": [
          118.327088,
          9.235264
        ]
      },
      "properties": {
        "id": 606,
        "name": "ROAD CROSSING AND DROP STRUCTURE",
        "type": "Road Crossing",
        "Structure_Category": "Road Crossing",
        "canal_name": "LATERAL A (SEGMENT 954)",
        "station": "STA 0+012.7",
        "station_m": 12.69,
        "offset_m": 5.2,
        "ele": 63.89,
        "desc": "",
        "comment": "Rcp Crossing &Drop Str",
        "images": "1000GRMN/DSC00023.jpg",
        "elevation_m": 63.89,
        "photo_filename": "DSC00023.jpg",
        "photo_path": "1000GRMN/DSC00023.jpg",
        "surveyor_comment": "Rcp Crossing &Drop Str",
        "survey_date": "2023-8-31"
      }
    },
    {
      "type": "Feature",
      "geometry": {
        "type": "Point",
        "coordinates": [
          118.327011,
          9.233686
        ]
      },
      "properties": {
        "id": 608,
        "name": "CART CROSSING STRUCTURE",
        "type": "Road Crossing",
        "Structure_Category": "Thresher Crossing",
        "canal_name": "LATERAL A (SEGMENT 957)",
        "station": "STA 0+175.4",
        "station_m": 175.43,
        "offset_m": 1.06,
        "ele": 61.7,
        "desc": "",
        "comment": "Cart Crossing Structure",
        "images": "1000GRMN/DSC00028.jpg",
        "elevation_m": 61.7,
        "photo_filename": "DSC00028.jpg",
        "photo_path": "1000GRMN/DSC00028.jpg",
        "surveyor_comment": "Cart Crossing Structure",
        "survey_date": "2023-8-31"
      }
    },
    {
      "type": "Feature",
      "geometry": {
        "type": "Point",
        "coordinates": [
          118.382874,
          9.315166
        ]
      },
      "properties": {
        "id": 568,
        "name": "UPPER LAPU - LAPU TERRUVIAN DAM",
        "type": "Dam",
        "Structure_Category": "Diversion Dam / Weir",
        "canal_name": "UPPER LAPU - LAPU MAIN CANAL",
        "station": "STA 0+000.0",
        "station_m": 0,
        "offset_m": 12.14,
        "ele": 174.77,
        "desc": "",
        "comment": "Upper lapu-lapu dam",
        "images": "1000GRMN/DSC00370.jpg",
        "elevation_m": 174.77,
        "photo_filename": "DSC00370.jpg",
        "photo_path": "1000GRMN/DSC00370.jpg",
        "surveyor_comment": "Upper lapu-lapu dam",
        "survey_date": "2023-8-17"
      }
    },
    {
      "type": "Feature",
      "geometry": {
        "type": "Point",
        "coordinates": [
          118.383534,
          9.314921
        ]
      },
      "properties": {
        "id": 567,
        "name": "SILT EJECTOR",
        "type": "Wasteway",
        "Structure_Category": "Drainage",
        "canal_name": "UPPER LAPU - LAPU MAIN CANAL",
        "station": "STA 0+079.7",
        "station_m": 79.68,
        "offset_m": 1.18,
        "ele": 174.24,
        "desc": "",
        "comment": "Silt ejector",
        "images": "1000GRMN/DSC00369.jpg",
        "elevation_m": 174.24,
        "photo_filename": "DSC00369.jpg",
        "photo_path": "1000GRMN/DSC00369.jpg",
        "surveyor_comment": "Silt ejector",
        "survey_date": "2023-8-17"
      }
    },
    {
      "type": "Feature",
      "geometry": {
        "type": "Point",
        "coordinates": [
          118.39691,
          9.305805
        ]
      },
      "properties": {
        "id": 598,
        "name": "THRESHER CROSSING STR.",
        "type": "Thresher Crossing",
        "Structure_Category": "Thresher Crossing",
        "canal_name": "Off-Canal",
        "station": "N/A",
        "station_m": null,
        "offset_m": 201.35,
        "ele": 118.14,
        "desc": "",
        "comment": "Cart crossing str",
        "images": "1000GRMN/DSC00151.jpg",
        "elevation_m": 118.14,
        "photo_filename": "DSC00151.jpg",
        "photo_path": "1000GRMN/DSC00151.jpg",
        "surveyor_comment": "Cart crossing str",
        "survey_date": "2023-8-17"
      }
    },
    {
      "type": "Feature",
      "geometry": {
        "type": "Point",
        "coordinates": [
          118.395438,
          9.309302
        ]
      },
      "properties": {
        "id": 557,
        "name": "DMTO #2 - ULLB",
        "type": "Turnout",
        "Structure_Category": "Turnout (TO)",
        "canal_name": "UPPER LAPU - LAPU LATERAL B",
        "station": "STA 0+845.9",
        "station_m": 845.87,
        "offset_m": 0.15,
        "ele": 101.06,
        "desc": "",
        "comment": "Turn out #4 (L/S)",
        "images": "1000GRMN/DSC00359.jpg",
        "elevation_m": 101.06,
        "photo_filename": "DSC00359.jpg",
        "photo_path": "1000GRMN/DSC00359.jpg",
        "surveyor_comment": "Turn out #4 (L/S)",
        "survey_date": "2023-8-17"
      }
    },
    {
      "type": "Feature",
      "geometry": {
        "type": "Point",
        "coordinates": [
          118.32707,
          9.235383
        ]
      },
      "properties": {
        "id": 605,
        "name": "MTO #1 (L/S) - LAT. A",
        "type": "Turnout",
        "Structure_Category": "Turnout (TO)",
        "canal_name": "LATERAL A (SEGMENT 954)",
        "station": "STA 0+000.3",
        "station_m": 0.33,
        "offset_m": 0.72,
        "ele": 64.42,
        "desc": "",
        "comment": "STATION 0+210 - LATERAL A",
        "images": "1000GRMN/DSC00021.jpg",
        "elevation_m": 64.42,
        "photo_filename": "DSC00021.jpg",
        "photo_path": "1000GRMN/DSC00021.jpg",
        "surveyor_comment": "STATION 0+210 - LATERAL A",
        "survey_date": "2023-8-31"
      }
    },
    {
      "type": "Feature",
      "geometry": {
        "type": "Point",
        "coordinates": [
          118.398319,
          9.307077
        ]
      },
      "properties": {
        "id": 566,
        "name": "131",
        "type": "Station",
        "Structure_Category": "Other Structures",
        "canal_name": "UPPER LAPU - LAPU LATERAL B",
        "station": "STA 1+237.4",
        "station_m": 1237.36,
        "offset_m": 12.27,
        "ele": 98.77,
        "desc": "",
        "comment": "End of canal structure",
        "images": "1000GRMN/DSC00368.jpg",
        "elevation_m": 98.77,
        "photo_filename": "DSC00368.jpg",
        "photo_path": "1000GRMN/DSC00368.jpg",
        "surveyor_comment": "End of canal structure",
        "survey_date": "2023-8-17"
      }
    },
    {
      "type": "Feature",
      "geometry": {
        "type": "Point",
        "coordinates": [
          118.395572,
          9.304613
        ]
      },
      "properties": {
        "id": 578,
        "name": "THRESHER CROSSING STR.",
        "type": "Thresher Crossing",
        "Structure_Category": "Thresher Crossing",
        "canal_name": "Off-Canal",
        "station": "N/A",
        "station_m": null,
        "offset_m": 102.1,
        "ele": 129.68,
        "desc": "",
        "comment": "Thresher crossing structure",
        "images": "1000GRMN/DSC00382.jpg",
        "elevation_m": 129.68,
        "photo_filename": "DSC00382.jpg",
        "photo_path": "1000GRMN/DSC00382.jpg",
        "surveyor_comment": "Thresher crossing structure",
        "survey_date": "2023-8-17"
      }
    },
    {
      "type": "Feature",
      "geometry": {
        "type": "Point",
        "coordinates": [
          118.394902,
          9.30395
        ]
      },
      "properties": {
        "id": 577,
        "name": "ROAD CROSSING STR.",
        "type": "Road Crossing",
        "Structure_Category": "Road Crossing",
        "canal_name": "UPPER LAPU - LAPU LATERAL A",
        "station": "STA 1+568.0",
        "station_m": 1567.96,
        "offset_m": 7.19,
        "ele": 128.51,
        "desc": "",
        "comment": "Road crossing structure",
        "images": "1000GRMN/DSC00381.jpg",
        "elevation_m": 128.51,
        "photo_filename": "DSC00381.jpg",
        "photo_path": "1000GRMN/DSC00381.jpg",
        "surveyor_comment": "Road crossing structure",
        "survey_date": "2023-8-17"
      }
    },
    {
      "type": "Feature",
      "geometry": {
        "type": "Point",
        "coordinates": [
          118.391802,
          9.315822
        ]
      },
      "properties": {
        "id": 581,
        "name": "VERTICAL DROP STR.",
        "type": "Drop",
        "Structure_Category": "Drop",
        "canal_name": "UPPER LAPU - LAPU MAIN CANAL",
        "station": "STA 1+179.8",
        "station_m": 1179.78,
        "offset_m": 0.17,
        "ele": 113.11,
        "desc": "",
        "comment": "Drop str.",
        "images": "1000GRMN/DSC00132.jpg",
        "elevation_m": 113.11,
        "photo_filename": "DSC00132.jpg",
        "photo_path": "1000GRMN/DSC00132.jpg",
        "surveyor_comment": "Drop str.",
        "survey_date": "2023-8-17"
      }
    },
    {
      "type": "Feature",
      "geometry": {
        "type": "Point",
        "coordinates": [
          118.393643,
          9.317433
        ]
      },
      "properties": {
        "id": 585,
        "name": "END",
        "type": "Station",
        "Structure_Category": "Other Structures",
        "canal_name": "UPPER LAPU - LAPU MAIN CANAL",
        "station": "STA 1+450.1",
        "station_m": 1450.07,
        "offset_m": 0.52,
        "ele": 113.76,
        "desc": "",
        "comment": "End of canal",
        "images": "1000GRMN/DSC00136.jpg",
        "elevation_m": 113.76,
        "photo_filename": "DSC00136.jpg",
        "photo_path": "1000GRMN/DSC00136.jpg",
        "surveyor_comment": "End of canal",
        "survey_date": "2023-8-17"
      }
    },
    {
      "type": "Feature",
      "geometry": {
        "type": "Point",
        "coordinates": [
          118.392687,
          9.3166
        ]
      },
      "properties": {
        "id": 582,
        "name": "VERTICAL DROP STR.",
        "type": "Drop",
        "Structure_Category": "Drop",
        "canal_name": "UPPER LAPU - LAPU MAIN CANAL",
        "station": "STA 1+310.0",
        "station_m": 1309.98,
        "offset_m": 0.13,
        "ele": 113.76,
        "desc": "",
        "comment": "Drop str.",
        "images": "1000GRMN/DSC00133.jpg",
        "elevation_m": 113.76,
        "photo_filename": "DSC00133.jpg",
        "photo_path": "1000GRMN/DSC00133.jpg",
        "surveyor_comment": "Drop str.",
        "survey_date": "2023-8-17"
      }
    },
    {
      "type": "Feature",
      "geometry": {
        "type": "Point",
        "coordinates": [
          118.392825,
          9.316862
        ]
      },
      "properties": {
        "id": 583,
        "name": "CHECK GATE",
        "type": "Check Gate",
        "Structure_Category": "Check Gate",
        "canal_name": "UPPER LAPU - LAPU MAIN CANAL",
        "station": "STA 1+340.6",
        "station_m": 1340.62,
        "offset_m": 11.81,
        "ele": 113.76,
        "desc": "",
        "comment": "Check str.",
        "images": "1000GRMN/DSC00134.jpg",
        "elevation_m": 113.76,
        "photo_filename": "DSC00134.jpg",
        "photo_path": "1000GRMN/DSC00134.jpg",
        "surveyor_comment": "Check str.",
        "survey_date": "2023-8-17"
      }
    },
    {
      "type": "Feature",
      "geometry": {
        "type": "Point",
        "coordinates": [
          118.393816,
          9.316907
        ]
      },
      "properties": {
        "id": 586,
        "name": "VERTICAL DROP STR.",
        "type": "Drop",
        "Structure_Category": "Drop",
        "canal_name": "UPPER LAPU - LAPU LATERAL C",
        "station": "STA 0+058.6",
        "station_m": 58.59,
        "offset_m": 2.25,
        "ele": 113.76,
        "desc": "",
        "comment": "Drop str.",
        "images": "1000GRMN/DSC00137.jpg",
        "elevation_m": 113.76,
        "photo_filename": "DSC00137.jpg",
        "photo_path": "1000GRMN/DSC00137.jpg",
        "surveyor_comment": "Drop str.",
        "survey_date": "2023-8-17"
      }
    },
    {
      "type": "Feature",
      "geometry": {
        "type": "Point",
        "coordinates": [
          118.395449,
          9.315762
        ]
      },
      "properties": {
        "id": 587,
        "name": "VERTICAL DROP STR.",
        "type": "Drop",
        "Structure_Category": "Drop",
        "canal_name": "UPPER LAPU - LAPU LATERAL C",
        "station": "STA 0+286.4",
        "station_m": 286.44,
        "offset_m": 0,
        "ele": 109.24,
        "desc": "",
        "comment": "Drop str.",
        "images": "1000GRMN/DSC00138.jpg",
        "elevation_m": 109.24,
        "photo_filename": "DSC00138.jpg",
        "photo_path": "1000GRMN/DSC00138.jpg",
        "surveyor_comment": "Drop str.",
        "survey_date": "2023-8-17"
      }
    },
    {
      "type": "Feature",
      "geometry": {
        "type": "Point",
        "coordinates": [
          118.391997,
          9.306316
        ]
      },
      "properties": {
        "id": 573,
        "name": "ROAD CROSSING STR.",
        "type": "Road Crossing",
        "Structure_Category": "Road Crossing",
        "canal_name": "UPPER LAPU - LAPU LATERAL A",
        "station": "STA 1+160.4",
        "station_m": 1160.37,
        "offset_m": 0.57,
        "ele": 134.02,
        "desc": "",
        "comment": "Road crossing structure",
        "images": "1000GRMN/DSC00376.jpg",
        "elevation_m": 134.02,
        "photo_filename": "DSC00376.jpg",
        "photo_path": "1000GRMN/DSC00376.jpg",
        "surveyor_comment": "Road crossing structure",
        "survey_date": "2023-8-17"
      }
    },
    {
      "type": "Feature",
      "geometry": {
        "type": "Point",
        "coordinates": [
          118.396579,
          9.315624
        ]
      },
      "properties": {
        "id": 588,
        "name": "VERTICAL DROP STR.",
        "type": "Drop",
        "Structure_Category": "Drop",
        "canal_name": "UPPER LAPU - LAPU LATERAL C",
        "station": "STA 0+424.8",
        "station_m": 424.79,
        "offset_m": 4.42,
        "ele": 104.72,
        "desc": "",
        "comment": "Drop str.",
        "images": "1000GRMN/DSC00139.jpg",
        "elevation_m": 104.72,
        "photo_filename": "DSC00139.jpg",
        "photo_path": "1000GRMN/DSC00139.jpg",
        "surveyor_comment": "Drop str.",
        "survey_date": "2023-8-17"
      }
    },
    {
      "type": "Feature",
      "geometry": {
        "type": "Point",
        "coordinates": [
          118.39293,
          9.307235
        ]
      },
      "properties": {
        "id": 592,
        "name": "ROAD CROSSING STR.",
        "type": "Road Crossing",
        "Structure_Category": "Road Crossing",
        "canal_name": "UPPER LAPU - LAPU LATERAL A",
        "station": "STA 1+008.1",
        "station_m": 1008.1,
        "offset_m": 1.17,
        "ele": 123.89,
        "desc": "",
        "comment": "Rd crossing",
        "images": "1000GRMN/DSC00144.jpg",
        "elevation_m": 123.89,
        "photo_filename": "DSC00144.jpg",
        "photo_path": "1000GRMN/DSC00144.jpg",
        "surveyor_comment": "Rd crossing",
        "survey_date": "2023-8-17"
      }
    },
    {
      "type": "Feature",
      "geometry": {
        "type": "Point",
        "coordinates": [
          118.389382,
          9.313443
        ]
      },
      "properties": {
        "id": 579,
        "name": "COMB. HDGT OF LATERAL B & ROAD CROSSING STR.",
        "type": "Drop",
        "Structure_Category": "Head Gate",
        "canal_name": "UPPER LAPU - LAPU MAIN CANAL",
        "station": "STA 0+798.4",
        "station_m": 798.39,
        "offset_m": 1.64,
        "ele": 116.95,
        "desc": "",
        "comment": "Comb.Rd xing drop & Hdgt lat.B",
        "images": "1000GRMN/DSC00130.jpg",
        "elevation_m": 116.95,
        "photo_filename": "DSC00130.jpg",
        "photo_path": "1000GRMN/DSC00130.jpg",
        "surveyor_comment": "Comb.Rd xing drop & Hdgt lat.B",
        "survey_date": "2023-8-17"
      }
    },
    {
      "type": "Feature",
      "geometry": {
        "type": "Point",
        "coordinates": [
          118.393019,
          9.307261
        ]
      },
      "properties": {
        "id": 572,
        "name": "ROAD CROSSING STR.",
        "type": "Road Crossing",
        "Structure_Category": "Road Crossing",
        "canal_name": "UPPER LAPU - LAPU LATERAL A",
        "station": "STA 1+004.9",
        "station_m": 1004.88,
        "offset_m": 6.82,
        "ele": 134.01,
        "desc": "",
        "comment": "Road crossing structure",
        "images": "1000GRMN/DSC00375.jpg",
        "elevation_m": 134.01,
        "photo_filename": "DSC00375.jpg",
        "photo_path": "1000GRMN/DSC00375.jpg",
        "surveyor_comment": "Road crossing structure",
        "survey_date": "2023-8-17"
      }
    },
    {
      "type": "Feature",
      "geometry": {
        "type": "Point",
        "coordinates": [
          118.39015,
          9.309502
        ]
      },
      "properties": {
        "id": 569,
        "name": "DMTO #1 - ULLA",
        "type": "Turnout",
        "Structure_Category": "Turnout (TO)",
        "canal_name": "UPPER LAPU - LAPU LATERAL A",
        "station": "STA 0+607.0",
        "station_m": 606.95,
        "offset_m": 0.65,
        "ele": 144.52,
        "desc": "",
        "comment": "Turnt out #1 (L/S)",
        "images": "1000GRMN/DSC00371.jpg",
        "elevation_m": 144.52,
        "photo_filename": "DSC00371.jpg",
        "photo_path": "1000GRMN/DSC00371.jpg",
        "surveyor_comment": "Turnt out #1 (L/S)",
        "survey_date": "2023-8-17"
      }
    },
    {
      "type": "Feature",
      "geometry": {
        "type": "Point",
        "coordinates": [
          118.392467,
          9.305915
        ]
      },
      "properties": {
        "id": 574,
        "name": "DMTO #3 - ULLA",
        "type": "Turnout",
        "Structure_Category": "Turnout (TO)",
        "canal_name": "UPPER LAPU - LAPU LATERAL A",
        "station": "STA 1+228.6",
        "station_m": 1228.58,
        "offset_m": 2.8,
        "ele": 134.01,
        "desc": "",
        "comment": "Turn out #3 (L/S)",
        "images": "1000GRMN/DSC00377.jpg",
        "elevation_m": 134.01,
        "photo_filename": "DSC00377.jpg",
        "photo_path": "1000GRMN/DSC00377.jpg",
        "surveyor_comment": "Turn out #3 (L/S)",
        "survey_date": "2023-8-17"
      }
    },
    {
      "type": "Feature",
      "geometry": {
        "type": "Point",
        "coordinates": [
          118.392215,
          9.306138
        ]
      },
      "properties": {
        "id": 593,
        "name": "CART CROSSING STR.",
        "type": "Thresher Crossing",
        "Structure_Category": "Thresher Crossing",
        "canal_name": "UPPER LAPU - LAPU LATERAL A",
        "station": "STA 1+191.5",
        "station_m": 1191.45,
        "offset_m": 0.81,
        "ele": 123.89,
        "desc": "",
        "comment": "Cart crossig str.",
        "images": "1000GRMN/DSC00145.jpg",
        "elevation_m": 123.89,
        "photo_filename": "DSC00145.jpg",
        "photo_path": "1000GRMN/DSC00145.jpg",
        "surveyor_comment": "Cart crossig str.",
        "survey_date": "2023-8-17"
      }
    },
    {
      "type": "Feature",
      "geometry": {
        "type": "Point",
        "coordinates": [
          118.392501,
          9.305882
        ]
      },
      "properties": {
        "id": 594,
        "name": "VERTICAL DROP STR.",
        "type": "Drop",
        "Structure_Category": "Drop",
        "canal_name": "UPPER LAPU - LAPU LATERAL A",
        "station": "STA 1+233.8",
        "station_m": 1233.79,
        "offset_m": 3.32,
        "ele": 123.89,
        "desc": "",
        "comment": "Dror str.",
        "images": "1000GRMN/DSC00146.jpg",
        "elevation_m": 123.89,
        "photo_filename": "DSC00146.jpg",
        "photo_path": "1000GRMN/DSC00146.jpg",
        "surveyor_comment": "Dror str.",
        "survey_date": "2023-8-17"
      }
    },
    {
      "type": "Feature",
      "geometry": {
        "type": "Point",
        "coordinates": [
          118.393754,
          9.304917
        ]
      },
      "properties": {
        "id": 576,
        "name": "DMTO #6 - ULLA",
        "type": "Turnout",
        "Structure_Category": "Turnout (TO)",
        "canal_name": "UPPER LAPU - LAPU LATERAL A",
        "station": "STA 1+408.7",
        "station_m": 1408.66,
        "offset_m": 3.25,
        "ele": 132.14,
        "desc": "",
        "comment": "Turn out #6 (R/S)",
        "images": "1000GRMN/DSC00380.jpg",
        "elevation_m": 132.14,
        "photo_filename": "DSC00380.jpg",
        "photo_path": "1000GRMN/DSC00380.jpg",
        "surveyor_comment": "Turn out #6 (R/S)",
        "survey_date": "2023-8-17"
      }
    },
    {
      "type": "Feature",
      "geometry": {
        "type": "Point",
        "coordinates": [
          118.392478,
          9.305917
        ]
      },
      "properties": {
        "id": 575,
        "name": "DMTO #4 - ULLA",
        "type": "Turnout",
        "Structure_Category": "Turnout (TO)",
        "canal_name": "UPPER LAPU - LAPU LATERAL A",
        "station": "STA 1+229.4",
        "station_m": 1229.39,
        "offset_m": 1.87,
        "ele": 134.01,
        "desc": "",
        "comment": "Turn out #4 (R/S)",
        "images": "1000GRMN/DSC00378.jpg",
        "elevation_m": 134.01,
        "photo_filename": "DSC00378.jpg",
        "photo_path": "1000GRMN/DSC00378.jpg",
        "surveyor_comment": "Turn out #4 (R/S)",
        "survey_date": "2023-8-17"
      }
    },
    {
      "type": "Feature",
      "geometry": {
        "type": "Point",
        "coordinates": [
          118.393571,
          9.305036
        ]
      },
      "properties": {
        "id": 595,
        "name": "ELEVATED FLUME STR.",
        "type": "Flume",
        "Structure_Category": "Parshall Flume",
        "canal_name": "UPPER LAPU - LAPU LATERAL A",
        "station": "STA 1+384.7",
        "station_m": 1384.67,
        "offset_m": 0.95,
        "ele": 123.89,
        "desc": "",
        "comment": "Elevated flume",
        "images": "1000GRMN/DSC00148.jpg",
        "elevation_m": 123.89,
        "photo_filename": "DSC00148.jpg",
        "photo_path": "1000GRMN/DSC00148.jpg",
        "surveyor_comment": "Elevated flume",
        "survey_date": "2023-8-17"
      }
    },
    {
      "type": "Feature",
      "geometry": {
        "type": "Point",
        "coordinates": [
          118.39105,
          9.308785
        ]
      },
      "properties": {
        "id": 570,
        "name": "CART CROSSING STR.",
        "type": "Thresher Crossing",
        "Structure_Category": "Thresher Crossing",
        "canal_name": "UPPER LAPU - LAPU LATERAL A",
        "station": "STA 0+734.0",
        "station_m": 734.05,
        "offset_m": 0.04,
        "ele": 144.5,
        "desc": "",
        "comment": "Cart crossing structure",
        "images": "1000GRMN/DSC00372.jpg",
        "elevation_m": 144.5,
        "photo_filename": "DSC00372.jpg",
        "photo_path": "1000GRMN/DSC00372.jpg",
        "surveyor_comment": "Cart crossing structure",
        "survey_date": "2023-8-17"
      }
    },
    {
      "type": "Feature",
      "geometry": {
        "type": "Point",
        "coordinates": [
          118.393742,
          9.304906
        ]
      },
      "properties": {
        "id": 596,
        "name": "DMTO #5 - ULLA",
        "type": "Turnout",
        "Structure_Category": "Turnout (TO)",
        "canal_name": "UPPER LAPU - LAPU LATERAL A",
        "station": "STA 1+408.4",
        "station_m": 1408.39,
        "offset_m": 1.47,
        "ele": 120.77,
        "desc": "",
        "comment": "Turn out #5 L/s)",
        "images": "1000GRMN/DSC00149.jpg",
        "elevation_m": 120.77,
        "photo_filename": "DSC00149.jpg",
        "photo_path": "1000GRMN/DSC00149.jpg",
        "surveyor_comment": "Turn out #5 L/s)",
        "survey_date": "2023-8-17"
      }
    },
    {
      "type": "Feature",
      "geometry": {
        "type": "Point",
        "coordinates": [
          118.394872,
          9.303976
        ]
      },
      "properties": {
        "id": 597,
        "name": "DMTO #7 - ULLA",
        "type": "Turnout",
        "Structure_Category": "Turnout (TO)",
        "canal_name": "UPPER LAPU - LAPU LATERAL A",
        "station": "STA 1+568.0",
        "station_m": 1567.96,
        "offset_m": 3.58,
        "ele": 117.67,
        "desc": "",
        "comment": "Turn out #7 (L/S)",
        "images": "1000GRMN/DSC00150.jpg",
        "elevation_m": 117.67,
        "photo_filename": "DSC00150.jpg",
        "photo_path": "1000GRMN/DSC00150.jpg",
        "surveyor_comment": "Turn out #7 (L/S)",
        "survey_date": "2023-8-17"
      }
    },
    {
      "type": "Feature",
      "geometry": {
        "type": "Point",
        "coordinates": [
          118.390938,
          9.314957
        ]
      },
      "properties": {
        "id": 580,
        "name": "DMTO #4 - ULLMC",
        "type": "Turnout",
        "Structure_Category": "Turnout (TO)",
        "canal_name": "UPPER LAPU - LAPU MAIN CANAL",
        "station": "STA 1+044.6",
        "station_m": 1044.63,
        "offset_m": 3.93,
        "ele": 116.95,
        "desc": "",
        "comment": "Turn out #4 (R/s)",
        "images": "1000GRMN/DSC00131.jpg",
        "elevation_m": 116.95,
        "photo_filename": "DSC00131.jpg",
        "photo_path": "1000GRMN/DSC00131.jpg",
        "surveyor_comment": "Turn out #4 (R/s)",
        "survey_date": "2023-8-17"
      }
    },
    {
      "type": "Feature",
      "geometry": {
        "type": "Point",
        "coordinates": [
          118.395683,
          9.309106
        ]
      },
      "properties": {
        "id": 558,
        "name": "VERTICAL DROP STR.",
        "type": "Drop",
        "Structure_Category": "Drop",
        "canal_name": "UPPER LAPU - LAPU LATERAL B",
        "station": "STA 0+880.5",
        "station_m": 880.53,
        "offset_m": 0.07,
        "ele": 101.06,
        "desc": "",
        "comment": "Drop structure",
        "images": "1000GRMN/DSC00360.jpg",
        "elevation_m": 101.06,
        "photo_filename": "DSC00360.jpg",
        "photo_path": "1000GRMN/DSC00360.jpg",
        "surveyor_comment": "Drop structure",
        "survey_date": "2023-8-17"
      }
    },
    {
      "type": "Feature",
      "geometry": {
        "type": "Point",
        "coordinates": [
          118.395723,
          9.309084
        ]
      },
      "properties": {
        "id": 559,
        "name": "124",
        "type": "Thresher Crossing",
        "Structure_Category": "Thresher Crossing",
        "canal_name": "UPPER LAPU - LAPU LATERAL B",
        "station": "STA 0+885.5",
        "station_m": 885.49,
        "offset_m": 0.81,
        "ele": 101.06,
        "desc": "",
        "comment": "Cart crossing structure",
        "images": "1000GRMN/DSC00361.jpg",
        "elevation_m": 101.06,
        "photo_filename": "DSC00361.jpg",
        "photo_path": "1000GRMN/DSC00361.jpg",
        "surveyor_comment": "Cart crossing structure",
        "survey_date": "2023-8-17"
      }
    },
    {
      "type": "Feature",
      "geometry": {
        "type": "Point",
        "coordinates": [
          118.396239,
          9.30868
        ]
      },
      "properties": {
        "id": 560,
        "name": "125",
        "type": "Drop",
        "Structure_Category": "Drop",
        "canal_name": "UPPER LAPU - LAPU LATERAL B",
        "station": "STA 0+957.9",
        "station_m": 957.87,
        "offset_m": 1.68,
        "ele": 101.06,
        "desc": "",
        "comment": "Drop structure",
        "images": "1000GRMN/DSC00362.jpg",
        "elevation_m": 101.06,
        "photo_filename": "DSC00362.jpg",
        "photo_path": "1000GRMN/DSC00362.jpg",
        "surveyor_comment": "Drop structure",
        "survey_date": "2023-8-17"
      }
    },
    {
      "type": "Feature",
      "geometry": {
        "type": "Point",
        "coordinates": [
          118.396837,
          9.30819
        ]
      },
      "properties": {
        "id": 561,
        "name": "126",
        "type": "Drop",
        "Structure_Category": "Drop",
        "canal_name": "UPPER LAPU - LAPU LATERAL B",
        "station": "STA 1+043.3",
        "station_m": 1043.27,
        "offset_m": 0.28,
        "ele": 101.05,
        "desc": "",
        "comment": "Drop structure",
        "images": "1000GRMN/DSC00363.jpg",
        "elevation_m": 101.05,
        "photo_filename": "DSC00363.jpg",
        "photo_path": "1000GRMN/DSC00363.jpg",
        "surveyor_comment": "Drop structure",
        "survey_date": "2023-8-17"
      }
    },
    {
      "type": "Feature",
      "geometry": {
        "type": "Point",
        "coordinates": [
          118.397104,
          9.307952
        ]
      },
      "properties": {
        "id": 562,
        "name": "127",
        "type": "Drop",
        "Structure_Category": "Drop",
        "canal_name": "UPPER LAPU - LAPU LATERAL B",
        "station": "STA 1+082.7",
        "station_m": 1082.73,
        "offset_m": 2.94,
        "ele": 101.05,
        "desc": "",
        "comment": "Drop structure",
        "images": "1000GRMN/DSC00364.jpg",
        "elevation_m": 101.05,
        "photo_filename": "DSC00364.jpg",
        "photo_path": "1000GRMN/DSC00364.jpg",
        "surveyor_comment": "Drop structure",
        "survey_date": "2023-8-17"
      }
    },
    {
      "type": "Feature",
      "geometry": {
        "type": "Point",
        "coordinates": [
          118.397405,
          9.307747
        ]
      },
      "properties": {
        "id": 563,
        "name": "128",
        "type": "Drop",
        "Structure_Category": "Drop",
        "canal_name": "UPPER LAPU - LAPU LATERAL B",
        "station": "STA 1+122.8",
        "station_m": 1122.83,
        "offset_m": 0.04,
        "ele": 98.77,
        "desc": "",
        "comment": "Drop structure",
        "images": "1000GRMN/DSC00365.jpg",
        "elevation_m": 98.77,
        "photo_filename": "DSC00365.jpg",
        "photo_path": "1000GRMN/DSC00365.jpg",
        "surveyor_comment": "Drop structure",
        "survey_date": "2023-8-17"
      }
    },
    {
      "type": "Feature",
      "geometry": {
        "type": "Point",
        "coordinates": [
          118.397702,
          9.307516
        ]
      },
      "properties": {
        "id": 564,
        "name": "129",
        "type": "Thresher Crossing",
        "Structure_Category": "Thresher Crossing",
        "canal_name": "UPPER LAPU - LAPU LATERAL B",
        "station": "STA 1+164.4",
        "station_m": 1164.39,
        "offset_m": 0.56,
        "ele": 98.77,
        "desc": "",
        "comment": "Cart crossing structure",
        "images": "1000GRMN/DSC00366.jpg",
        "elevation_m": 98.77,
        "photo_filename": "DSC00366.jpg",
        "photo_path": "1000GRMN/DSC00366.jpg",
        "surveyor_comment": "Cart crossing structure",
        "survey_date": "2023-8-17"
      }
    },
    {
      "type": "Feature",
      "geometry": {
        "type": "Point",
        "coordinates": [
          118.397819,
          9.307432
        ]
      },
      "properties": {
        "id": 565,
        "name": "130",
        "type": "Drop",
        "Structure_Category": "Drop",
        "canal_name": "UPPER LAPU - LAPU LATERAL B",
        "station": "STA 1+180.3",
        "station_m": 1180.26,
        "offset_m": 1.46,
        "ele": 98.77,
        "desc": "",
        "comment": "Drop structure",
        "images": "1000GRMN/DSC00367.jpg",
        "elevation_m": 98.77,
        "photo_filename": "DSC00367.jpg",
        "photo_path": "1000GRMN/DSC00367.jpg",
        "surveyor_comment": "Drop structure",
        "survey_date": "2023-8-17"
      }
    },
    {
      "type": "Feature",
      "geometry": {
        "type": "Point",
        "coordinates": [
          118.39835,
          9.314947
        ]
      },
      "properties": {
        "id": 589,
        "name": "CART CROSSING STR.",
        "type": "Thresher Crossing",
        "Structure_Category": "Thresher Crossing",
        "canal_name": "UPPER LAPU - LAPU LATERAL C",
        "station": "STA 0+654.5",
        "station_m": 654.46,
        "offset_m": 1.98,
        "ele": 99.73,
        "desc": "",
        "comment": "Cart x-ing",
        "images": "1000GRMN/DSC00140.jpg",
        "elevation_m": 99.73,
        "photo_filename": "DSC00140.jpg",
        "photo_path": "1000GRMN/DSC00140.jpg",
        "surveyor_comment": "Cart x-ing",
        "survey_date": "2023-8-17"
      }
    },
    {
      "type": "Feature",
      "geometry": {
        "type": "Point",
        "coordinates": [
          118.399702,
          9.313855
        ]
      },
      "properties": {
        "id": 590,
        "name": "ELEVATED FLUME STR.",
        "type": "Flume",
        "Structure_Category": "Parshall Flume",
        "canal_name": "UPPER LAPU - LAPU LATERAL C",
        "station": "STA 0+846.5",
        "station_m": 846.46,
        "offset_m": 2.95,
        "ele": 96.46,
        "desc": "",
        "comment": "Elevated flume str",
        "images": "1000GRMN/DSC00141.jpg",
        "elevation_m": 96.46,
        "photo_filename": "DSC00141.jpg",
        "photo_path": "1000GRMN/DSC00141.jpg",
        "surveyor_comment": "Elevated flume str",
        "survey_date": "2023-8-17"
      }
    },
    {
      "type": "Feature",
      "geometry": {
        "type": "Point",
        "coordinates": [
          118.400115,
          9.313528
        ]
      },
      "properties": {
        "id": 591,
        "name": "ROAD CROSSING STR.",
        "type": "Road Crossing",
        "Structure_Category": "Road Crossing",
        "canal_name": "UPPER LAPU - LAPU LATERAL C",
        "station": "STA 0+904.6",
        "station_m": 904.64,
        "offset_m": 2.29,
        "ele": 94.93,
        "desc": "",
        "comment": "Rd x-ing",
        "images": "1000GRMN/DSC00143.jpg",
        "elevation_m": 94.93,
        "photo_filename": "DSC00143.jpg",
        "photo_path": "1000GRMN/DSC00143.jpg",
        "surveyor_comment": "Rd x-ing",
        "survey_date": "2023-8-17"
      }
    },
    {
      "type": "Feature",
      "geometry": {
        "type": "Point",
        "coordinates": [
          118.327102,
          9.235257
        ]
      },
      "properties": {
        "id": 604,
        "name": "MTO #2(R/S) - LAT. A",
        "type": "Turnout",
        "Structure_Category": "Turnout (TO)",
        "canal_name": "LATERAL A (SEGMENT 954)",
        "station": "STA 0+014.1",
        "station_m": 14.14,
        "offset_m": 4.26,
        "ele": 63.5,
        "desc": "",
        "comment": "Turn out #2(R/S)",
        "images": "1000GRMN/DSC00022.jpg",
        "elevation_m": 63.5,
        "photo_filename": "DSC00022.jpg",
        "photo_path": "1000GRMN/DSC00022.jpg",
        "surveyor_comment": "Turn out #2(R/S)",
        "survey_date": "2023-8-31"
      }
    },
    {
      "type": "Feature",
      "geometry": {
        "type": "Point",
        "coordinates": [
          118.349715,
          9.217261
        ]
      },
      "properties": {
        "id": 600,
        "name": "ROAD CROSSING STR.",
        "type": "Road Crossing",
        "Structure_Category": "Road Crossing",
        "canal_name": "BB LATERAL B2",
        "station": "STA 0+227.5",
        "station_m": 227.49,
        "offset_m": 23.49,
        "ele": 34.78,
        "desc": "",
        "comment": "RCP Crossing",
        "images": "1000GRMN/DSC00014.jpg",
        "elevation_m": 34.78,
        "photo_filename": "DSC00014.jpg",
        "photo_path": "1000GRMN/DSC00014.jpg",
        "surveyor_comment": "RCP Crossing",
        "survey_date": "2023-8-31"
      }
    },
    {
      "type": "Feature",
      "geometry": {
        "type": "Point",
        "coordinates": [
          118.32696,
          9.231716
        ]
      },
      "properties": {
        "id": 610,
        "name": "CART CROSSING STRUCTURE",
        "type": "Road Crossing",
        "Structure_Category": "Thresher Crossing",
        "canal_name": "LATERAL A (SEGMENT 957)",
        "station": "STA 0+408.7",
        "station_m": 408.7,
        "offset_m": 0.34,
        "ele": 60.5,
        "desc": "",
        "comment": "Cart Crossing Structure",
        "images": "1000GRMN/DSC00030.jpg",
        "elevation_m": 60.5,
        "photo_filename": "DSC00030.jpg",
        "photo_path": "1000GRMN/DSC00030.jpg",
        "surveyor_comment": "Cart Crossing Structure",
        "survey_date": "2023-8-31"
      }
    },
    {
      "type": "Feature",
      "geometry": {
        "type": "Point",
        "coordinates": [
          118.325884,
          9.230887
        ]
      },
      "properties": {
        "id": 611,
        "name": "CART CROSSING STRUCTURE",
        "type": "Road Crossing",
        "Structure_Category": "Thresher Crossing",
        "canal_name": "LATERAL A (SEGMENT 957)",
        "station": "STA 0+563.7",
        "station_m": 563.7,
        "offset_m": 0.06,
        "ele": 60.5,
        "desc": "",
        "comment": "Cart Crossing Structure",
        "images": "1000GRMN/DSC00031.jpg",
        "elevation_m": 60.5,
        "photo_filename": "DSC00031.jpg",
        "photo_path": "1000GRMN/DSC00031.jpg",
        "surveyor_comment": "Cart Crossing Structure",
        "survey_date": "2023-8-31"
      }
    },
    {
      "type": "Feature",
      "geometry": {
        "type": "Point",
        "coordinates": [
          118.335495,
          9.227787
        ]
      },
      "properties": {
        "id": 629,
        "name": "MTO #5(R/S) - LAT. B",
        "type": "Turnout",
        "Structure_Category": "Turnout (TO)",
        "canal_name": "LATERAL B (SEGMENT 1065)",
        "station": "STA 0+004.5",
        "station_m": 4.5,
        "offset_m": 2.75,
        "ele": 122.46,
        "desc": "",
        "comment": "Turn out #6 (R/S)",
        "images": "1000GRMN/DSC00234.jpg",
        "elevation_m": 122.46,
        "photo_filename": "DSC00234.jpg",
        "photo_path": "1000GRMN/DSC00234.jpg",
        "surveyor_comment": "Turn out #6 (R/S)",
        "survey_date": "2023-8-30"
      }
    },
    {
      "type": "Feature",
      "geometry": {
        "type": "Point",
        "coordinates": [
          118.330945,
          9.235568
        ]
      },
      "properties": {
        "id": 620,
        "name": "COMB. THRESHER CROSSING & INCLINED DROP STRUCTURE - STA. 0+255.70 - STA. 0+269.40",
        "type": "Drop",
        "Structure_Category": "Thresher Crossing",
        "canal_name": "FARM DITCH (TRUNK 941 - 1049)",
        "station": "STA 0+003.1",
        "station_m": 3.15,
        "offset_m": 4.54,
        "ele": 122.23,
        "desc": "",
        "comment": "Inclined drop & thresher crossing",
        "images": "1000GRMN/DSC00225.jpg",
        "elevation_m": 122.23,
        "photo_filename": "DSC00225.jpg",
        "photo_path": "1000GRMN/DSC00225.jpg",
        "surveyor_comment": "Inclined drop & thresher crossing",
        "survey_date": "2023-8-30"
      }
    },
    {
      "type": "Feature",
      "geometry": {
        "type": "Point",
        "coordinates": [
          118.331444,
          9.234572
        ]
      },
      "properties": {
        "id": 621,
        "name": "TURN OUT",
        "type": "Unauthorized Turnout",
        "Structure_Category": "Turnout (TO)",
        "canal_name": "FARM DITCH (TRUNK 941 - 1051)",
        "station": "STA 0+030.7",
        "station_m": 30.67,
        "offset_m": 4.45,
        "ele": 122.47,
        "desc": "",
        "comment": "Turn out (l/s)",
        "images": "1000GRMN/DSC00226.jpg",
        "elevation_m": 122.47,
        "photo_filename": "DSC00226.jpg",
        "photo_path": "1000GRMN/DSC00226.jpg",
        "surveyor_comment": "Turn out (l/s)",
        "survey_date": "2023-8-30"
      }
    },
    {
      "type": "Feature",
      "geometry": {
        "type": "Point",
        "coordinates": [
          118.332511,
          9.232911
        ]
      },
      "properties": {
        "id": 623,
        "name": "RCP CROSSING STRUCTURE & VERTICAL DROP STRUCTURE - 0+598.00 - STA. 0+610.00",
        "type": "Drop",
        "Structure_Category": "Road Crossing",
        "canal_name": "FARM DITCH (TRUNK 925 - 1053)",
        "station": "STA 0+002.1",
        "station_m": 2.12,
        "offset_m": 2.86,
        "ele": 122.46,
        "desc": "",
        "comment": "Drop & Rcp crossing",
        "images": "1000GRMN/DSC00228.jpg",
        "elevation_m": 122.46,
        "photo_filename": "DSC00228.jpg",
        "photo_path": "1000GRMN/DSC00228.jpg",
        "surveyor_comment": "Drop & Rcp crossing",
        "survey_date": "2023-8-30"
      }
    },
    {
      "type": "Feature",
      "geometry": {
        "type": "Point",
        "coordinates": [
          118.333431,
          9.231769
        ]
      },
      "properties": {
        "id": 624,
        "name": "MTO #3 (L/S) - LAT. B",
        "type": "Turnout",
        "Structure_Category": "Turnout (TO)",
        "canal_name": "LATERAL B (SEGMENT 1055)",
        "station": "STA 0+152.2",
        "station_m": 152.16,
        "offset_m": 3.52,
        "ele": 122.45,
        "desc": "",
        "comment": "Turn out #3 (L/S)",
        "images": "1000GRMN/DSC00229.jpg",
        "elevation_m": 122.45,
        "photo_filename": "DSC00229.jpg",
        "photo_path": "1000GRMN/DSC00229.jpg",
        "surveyor_comment": "Turn out #3 (L/S)",
        "survey_date": "2023-8-30"
      }
    },
    {
      "type": "Feature",
      "geometry": {
        "type": "Point",
        "coordinates": [
          118.332086,
          9.233497
        ]
      },
      "properties": {
        "id": 622,
        "name": "MTO #2 (L/S) - LAT.B",
        "type": "Turnout",
        "Structure_Category": "Turnout (TO)",
        "canal_name": "FARM DITCH (TRUNK 941 - 1051)",
        "station": "STA 0+169.2",
        "station_m": 169.17,
        "offset_m": 1.45,
        "ele": 122.46,
        "desc": "",
        "comment": "Turn out #2 (L/S)",
        "images": "1000GRMN/DSC00227.jpg",
        "elevation_m": 122.46,
        "photo_filename": "DSC00227.jpg",
        "photo_path": "1000GRMN/DSC00227.jpg",
        "surveyor_comment": "Turn out #2 (L/S)",
        "survey_date": "2023-8-30"
      }
    },
    {
      "type": "Feature",
      "geometry": {
        "type": "Point",
        "coordinates": [
          118.335499,
          9.227793
        ]
      },
      "properties": {
        "id": 630,
        "name": "VERTICAL DROP STRUCTURE - STA. 1+253.10 - STA. 1+258.20",
        "type": "Drop",
        "Structure_Category": "Drop",
        "canal_name": "LATERAL B (SEGMENT 1065)",
        "station": "STA 0+004.0",
        "station_m": 4.05,
        "offset_m": 2.09,
        "ele": 122.46,
        "desc": "",
        "comment": "Vertica drop str",
        "images": "1000GRMN/DSC00235.jpg",
        "elevation_m": 122.46,
        "photo_filename": "DSC00235.jpg",
        "photo_path": "1000GRMN/DSC00235.jpg",
        "surveyor_comment": "Vertica drop str",
        "survey_date": "2023-8-30"
      }
    },
    {
      "type": "Feature",
      "geometry": {
        "type": "Point",
        "coordinates": [
          118.336771,
          9.22601
        ]
      },
      "properties": {
        "id": 632,
        "name": "RCP CROSSING & VERTICAL DROP STRUCTURE - STA. 1+490.00 - STA. 1+503.60",
        "type": "Drop",
        "Structure_Category": "Road Crossing",
        "canal_name": "LATERAL B (SEGMENT 1069)",
        "station": "STA 0+000.1",
        "station_m": 0.1,
        "offset_m": 1.21,
        "ele": 117.95,
        "desc": "",
        "comment": "Rcp crossing & drop str.",
        "images": "1000GRMN/DSC00237.jpg",
        "elevation_m": 117.95,
        "photo_filename": "DSC00237.jpg",
        "photo_path": "1000GRMN/DSC00237.jpg",
        "surveyor_comment": "Rcp crossing & drop str.",
        "survey_date": "2023-8-30"
      }
    },
    {
      "type": "Feature",
      "geometry": {
        "type": "Point",
        "coordinates": [
          118.337981,
          9.22533
        ]
      },
      "properties": {
        "id": 633,
        "name": "MTO #8 (L/S) - LAT. B",
        "type": "Turnout",
        "Structure_Category": "Turnout (TO)",
        "canal_name": "LATERAL B (SEGMENT 1069)",
        "station": "STA 0+153.3",
        "station_m": 153.29,
        "offset_m": 0.29,
        "ele": 118.5,
        "desc": "",
        "comment": "Turn out #8 (L/S)",
        "images": "1000GRMN/DSC00238.jpg",
        "elevation_m": 118.5,
        "photo_filename": "DSC00238.jpg",
        "photo_path": "1000GRMN/DSC00238.jpg",
        "surveyor_comment": "Turn out #8 (L/S)",
        "survey_date": "2023-8-30"
      }
    },
    {
      "type": "Feature",
      "geometry": {
        "type": "Point",
        "coordinates": [
          118.338319,
          9.225147
        ]
      },
      "properties": {
        "id": 634,
        "name": "VERTICAL DROP STRUCTURE - STA. 1+689.00 - STA. 1+694.70",
        "type": "Drop",
        "Structure_Category": "Drop",
        "canal_name": "LATERAL B (SEGMENT 1072)",
        "station": "STA 0+004.1",
        "station_m": 4.12,
        "offset_m": 1.29,
        "ele": 116.44,
        "desc": "",
        "comment": "Vertical drop str.",
        "images": "1000GRMN/DSC00239.jpg",
        "elevation_m": 116.44,
        "photo_filename": "DSC00239.jpg",
        "photo_path": "1000GRMN/DSC00239.jpg",
        "surveyor_comment": "Vertical drop str.",
        "survey_date": "2023-8-30"
      }
    },
    {
      "type": "Feature",
      "geometry": {
        "type": "Point",
        "coordinates": [
          118.342259,
          9.22285
        ]
      },
      "properties": {
        "id": 640,
        "name": "VERTICAL DROP STRUCTURE - STA. 2+186.80 - STA. 2+193.00",
        "type": "Drop",
        "Structure_Category": "Drop",
        "canal_name": "FARM DITCH (BB LATERAL B2 - 1081)",
        "station": "STA 0+007.8",
        "station_m": 7.83,
        "offset_m": 0.25,
        "ele": 111.28,
        "desc": "",
        "comment": "Vertical drop",
        "images": "1000GRMN/DSC00245.jpg",
        "elevation_m": 111.28,
        "photo_filename": "DSC00245.jpg",
        "photo_path": "1000GRMN/DSC00245.jpg",
        "surveyor_comment": "Vertical drop",
        "survey_date": "2023-8-30"
      }
    },
    {
      "type": "Feature",
      "geometry": {
        "type": "Point",
        "coordinates": [
          118.344857,
          9.221344
        ]
      },
      "properties": {
        "id": 644,
        "name": "COMB. INCLINED DROP STRUCTURE & CART CROSSING STRUCTURE - 2+516.10 - STA. 2+524.10",
        "type": "Drop",
        "Structure_Category": "Thresher Crossing",
        "canal_name": "LATERAL B (SEGMENT 1084)",
        "station": "STA 0+007.2",
        "station_m": 7.23,
        "offset_m": 1.03,
        "ele": 111.27,
        "desc": "",
        "comment": "Iclined drop & cart crossing",
        "images": "1000GRMN/DSC00249.jpg",
        "elevation_m": 111.27,
        "photo_filename": "DSC00249.jpg",
        "photo_path": "1000GRMN/DSC00249.jpg",
        "surveyor_comment": "Iclined drop & cart crossing",
        "survey_date": "2023-8-30"
      }
    },
    {
      "type": "Feature",
      "geometry": {
        "type": "Point",
        "coordinates": [
          118.346494,
          9.220398
        ]
      },
      "properties": {
        "id": 646,
        "name": "VERTICAL DROP STRUCTURE - STA. 2+725.60 - STA. 2+730.80",
        "type": "Drop",
        "Structure_Category": "Drop",
        "canal_name": "LATERAL B (SEGMENT 1087)",
        "station": "STA 0+008.7",
        "station_m": 8.73,
        "offset_m": 0.2,
        "ele": 111.27,
        "desc": "",
        "comment": "Drop str.",
        "images": "1000GRMN/DSC00251.jpg",
        "elevation_m": 111.27,
        "photo_filename": "DSC00251.jpg",
        "photo_path": "1000GRMN/DSC00251.jpg",
        "surveyor_comment": "Drop str.",
        "survey_date": "2023-8-30"
      }
    },
    {
      "type": "Feature",
      "geometry": {
        "type": "Point",
        "coordinates": [
          118.341883,
          9.223078
        ]
      },
      "properties": {
        "id": 639,
        "name": "UNAUTHORIZED TURN - OUT",
        "type": "Unauthorized Turnout",
        "Structure_Category": "Turnout (TO)",
        "canal_name": "FARM DITCH (TRUNK 925 - 1079)",
        "station": "STA 0+002.5",
        "station_m": 2.55,
        "offset_m": 0.37,
        "ele": 111.58,
        "desc": "",
        "comment": "Turn out (l/s)",
        "images": "1000GRMN/DSC00244.jpg",
        "elevation_m": 111.58,
        "photo_filename": "DSC00244.jpg",
        "photo_path": "1000GRMN/DSC00244.jpg",
        "surveyor_comment": "Turn out (l/s)",
        "survey_date": "2023-8-30"
      }
    },
    {
      "type": "Feature",
      "geometry": {
        "type": "Point",
        "coordinates": [
          118.326064,
          9.230288
        ]
      },
      "properties": {
        "id": 612,
        "name": "085",
        "type": "Drop",
        "Structure_Category": "Road Crossing",
        "canal_name": "FARM DITCH (TRUNK 957 - 958)",
        "station": "STA 0+004.0",
        "station_m": 4.05,
        "offset_m": 0.42,
        "ele": 60.5,
        "desc": "",
        "comment": "Rcp Crossing & Drop STR",
        "images": "1000GRMN/DSC00032.jpg",
        "elevation_m": 60.5,
        "photo_filename": "DSC00032.jpg",
        "photo_path": "1000GRMN/DSC00032.jpg",
        "surveyor_comment": "Rcp Crossing & Drop STR",
        "survey_date": "2023-8-31"
      }
    },
    {
      "type": "Feature",
      "geometry": {
        "type": "Point",
        "coordinates": [
          118.326076,
          9.230218
        ]
      },
      "properties": {
        "id": 613,
        "name": "086",
        "type": "Drainage",
        "Structure_Category": "Drainage",
        "canal_name": "FARM DITCH (TRUNK 957 - 958)",
        "station": "STA 0+011.7",
        "station_m": 11.69,
        "offset_m": 2.34,
        "ele": 60.5,
        "desc": "",
        "comment": "Drainage Str",
        "images": "1000GRMN/DSC00033.jpg",
        "elevation_m": 60.5,
        "photo_filename": "DSC00033.jpg",
        "photo_path": "1000GRMN/DSC00033.jpg",
        "surveyor_comment": "Drainage Str",
        "survey_date": "2023-8-31"
      }
    },
    {
      "type": "Feature",
      "geometry": {
        "type": "Point",
        "coordinates": [
          118.32678,
          9.228531
        ]
      },
      "properties": {
        "id": 615,
        "name": "ROAD CROSSING STR.",
        "type": "Road Crossing",
        "Structure_Category": "Road Crossing",
        "canal_name": "FARM DITCH (TRUNK 957 - 961)",
        "station": "STA 0+045.6",
        "station_m": 45.64,
        "offset_m": 0.18,
        "ele": 59.93,
        "desc": "",
        "comment": "Road Crossing Structure",
        "images": "1000GRMN/DSC00037.jpg",
        "elevation_m": 59.93,
        "photo_filename": "DSC00037.jpg",
        "photo_path": "1000GRMN/DSC00037.jpg",
        "surveyor_comment": "Road Crossing Structure",
        "survey_date": "2023-8-31"
      }
    },
    {
      "type": "Feature",
      "geometry": {
        "type": "Point",
        "coordinates": [
          118.327091,
          9.227718
        ]
      },
      "properties": {
        "id": 616,
        "name": "ROAD CROSSING STR. & DROP STR. (HIGHWAY)",
        "type": "Road Crossing",
        "Structure_Category": "Road Crossing",
        "canal_name": "FARM DITCH (TRUNK 957 - 967)",
        "station": "STA 0+005.3",
        "station_m": 5.34,
        "offset_m": 2.83,
        "ele": 57.13,
        "desc": "",
        "comment": "Road Crossing & Drop Structure (Highway)",
        "images": "1000GRMN/DSC00038.jpg",
        "elevation_m": 57.13,
        "photo_filename": "DSC00038.jpg",
        "photo_path": "1000GRMN/DSC00038.jpg",
        "surveyor_comment": "Road Crossing & Drop Structure (Highway)",
        "survey_date": "2023-8-31"
      }
    },
    {
      "type": "Feature",
      "geometry": {
        "type": "Point",
        "coordinates": [
          118.341726,
          9.22315
        ]
      },
      "properties": {
        "id": 638,
        "name": "UNAUTHORIZED TURN - OUT",
        "type": "Unauthorized Turnout",
        "Structure_Category": "Turnout (TO)",
        "canal_name": "FARM DITCH (TRUNK 925 - 1078)",
        "station": "STA 0+042.6",
        "station_m": 42.6,
        "offset_m": 1.34,
        "ele": 110.32,
        "desc": "",
        "comment": "Turn out (r/s)",
        "images": "1000GRMN/DSC00243.jpg",
        "elevation_m": 110.32,
        "photo_filename": "DSC00243.jpg",
        "photo_path": "1000GRMN/DSC00243.jpg",
        "surveyor_comment": "Turn out (r/s)",
        "survey_date": "2023-8-30"
      }
    },
    {
      "type": "Feature",
      "geometry": {
        "type": "Point",
        "coordinates": [
          118.379992,
          9.282247
        ]
      },
      "properties": {
        "id": 648,
        "name": "DMTO #24(R/S) - MC",
        "type": "Turnout",
        "Structure_Category": "Turnout (TO)",
        "canal_name": "BATANG BATANG MAIN CANAL (SEGMENT 1032)",
        "station": "STA 0+063.6",
        "station_m": 63.63,
        "offset_m": 0.63,
        "ele": 32.45,
        "desc": "",
        "comment": "Turn out #24 (R/S)",
        "images": "1000GRMN/DSC00051.jpg",
        "elevation_m": 32.45,
        "photo_filename": "DSC00051.jpg",
        "photo_path": "1000GRMN/DSC00051.jpg",
        "surveyor_comment": "Turn out #24 (R/S)",
        "survey_date": "2023-8-10"
      }
    },
    {
      "type": "Feature",
      "geometry": {
        "type": "Point",
        "coordinates": [
          118.34361,
          9.222071
        ]
      },
      "properties": {
        "id": 641,
        "name": "THRESHER CROSSING STR.",
        "type": "Thresher Crossing",
        "Structure_Category": "Thresher Crossing",
        "canal_name": "FARM DITCH (BB LATERAL B2 - 1081)",
        "station": "STA 0+180.0",
        "station_m": 179.96,
        "offset_m": 1.16,
        "ele": 111.27,
        "desc": "",
        "comment": "Ball cart crossing",
        "images": "1000GRMN/DSC00246.jpg",
        "elevation_m": 111.27,
        "photo_filename": "DSC00246.jpg",
        "photo_path": "1000GRMN/DSC00246.jpg",
        "surveyor_comment": "Ball cart crossing",
        "survey_date": "2023-8-30"
      }
    },
    {
      "type": "Feature",
      "geometry": {
        "type": "Point",
        "coordinates": [
          118.371593,
          9.276093
        ]
      },
      "properties": {
        "id": 650,
        "name": "INCLINED DROP STR.",
        "type": "Drop",
        "Structure_Category": "Drop",
        "canal_name": "FARM DITCH (BB LATERAL F - 1184)",
        "station": "STA 0+219.5",
        "station_m": 219.47,
        "offset_m": 0.6,
        "ele": 34.91,
        "desc": "",
        "comment": "Inclined drop str",
        "images": "1000GRMN/DSC00053.jpg",
        "elevation_m": 34.91,
        "photo_filename": "DSC00053.jpg",
        "photo_path": "1000GRMN/DSC00053.jpg",
        "surveyor_comment": "Inclined drop str",
        "survey_date": "2023-8-10"
      }
    },
    {
      "type": "Feature",
      "geometry": {
        "type": "Point",
        "coordinates": [
          118.334696,
          9.22966
        ]
      },
      "properties": {
        "id": 627,
        "name": "HDGT. OF LATERAL B1 - STA. 1+024.60",
        "type": "Head Gate",
        "Structure_Category": "Head Gate",
        "canal_name": "LATERAL B (SEGMENT 1062)",
        "station": "STA 0+006.5",
        "station_m": 6.5,
        "offset_m": 0.02,
        "ele": 122.46,
        "desc": "fa",
        "comment": "HDGT. OF LATERAL B1",
        "images": "1000GRMN/DSC00232.jpg",
        "elevation_m": 122.46,
        "photo_filename": "DSC00232.jpg",
        "photo_path": "1000GRMN/DSC00232.jpg",
        "surveyor_comment": "HDGT. OF LATERAL B1",
        "survey_date": "2023-8-30"
      }
    },
    {
      "type": "Feature",
      "geometry": {
        "type": "Point",
        "coordinates": [
          118.372998,
          9.273872
        ]
      },
      "properties": {
        "id": 651,
        "name": "ROAD CROSSING STR. & INCLINED DROP",
        "type": "Road Crossing",
        "Structure_Category": "Road Crossing",
        "canal_name": "LATERAL F (SEGMENT 1204)",
        "station": "STA 0+000.7",
        "station_m": 0.67,
        "offset_m": 2.31,
        "ele": 34.9,
        "desc": "",
        "comment": "Rcp crossing & drop str",
        "images": "1000GRMN/DSC00055.jpg",
        "elevation_m": 34.9,
        "photo_filename": "DSC00055.jpg",
        "photo_path": "1000GRMN/DSC00055.jpg",
        "surveyor_comment": "Rcp crossing & drop str",
        "survey_date": "2023-8-10"
      }
    },
    {
      "type": "Feature",
      "geometry": {
        "type": "Point",
        "coordinates": [
          118.37414,
          9.272026
        ]
      },
      "properties": {
        "id": 653,
        "name": "VERTICAL DROP STR.",
        "type": "Drop",
        "Structure_Category": "Drop",
        "canal_name": "BB LATERAL F",
        "station": "STA 0+767.6",
        "station_m": 767.6,
        "offset_m": 0.91,
        "ele": 34.03,
        "desc": "",
        "comment": "Inclined & drop str.",
        "images": "1000GRMN/DSC00059.jpg",
        "elevation_m": 34.03,
        "photo_filename": "DSC00059.jpg",
        "photo_path": "1000GRMN/DSC00059.jpg",
        "surveyor_comment": "Inclined & drop str.",
        "survey_date": "2023-8-10"
      }
    },
    {
      "type": "Feature",
      "geometry": {
        "type": "Point",
        "coordinates": [
          118.326542,
          9.229101
        ]
      },
      "properties": {
        "id": 614,
        "name": "ROAD CROSSING STR.",
        "type": "Road Crossing",
        "Structure_Category": "Road Crossing",
        "canal_name": "FARM DITCH (TRUNK 957 - 960)",
        "station": "STA 0+133.7",
        "station_m": 133.66,
        "offset_m": 1.21,
        "ele": 59.39,
        "desc": "",
        "comment": "Road Crossing Structure",
        "images": "1000GRMN/DSC00036.jpg",
        "elevation_m": 59.39,
        "photo_filename": "DSC00036.jpg",
        "photo_path": "1000GRMN/DSC00036.jpg",
        "surveyor_comment": "Road Crossing Structure",
        "survey_date": "2023-8-31"
      }
    },
    {
      "type": "Feature",
      "geometry": {
        "type": "Point",
        "coordinates": [
          118.376825,
          9.268127
        ]
      },
      "properties": {
        "id": 656,
        "name": "RCP CROSSING STR. & VERTICAL DROP STR.",
        "type": "Drop",
        "Structure_Category": "Road Crossing",
        "canal_name": "BB LATERAL F",
        "station": "STA 1+293.0",
        "station_m": 1292.96,
        "offset_m": 2.8,
        "ele": 30.58,
        "desc": "",
        "comment": "Rcp crossing & drop str.",
        "images": "1000GRMN/DSC00063.jpg",
        "elevation_m": 30.58,
        "photo_filename": "DSC00063.jpg",
        "photo_path": "1000GRMN/DSC00063.jpg",
        "surveyor_comment": "Rcp crossing & drop str.",
        "survey_date": "2023-8-10"
      }
    },
    {
      "type": "Feature",
      "geometry": {
        "type": "Point",
        "coordinates": [
          118.375264,
          9.270296
        ]
      },
      "properties": {
        "id": 654,
        "name": "INCLINED DROP STR.",
        "type": "Drop",
        "Structure_Category": "Drop",
        "canal_name": "BB LATERAL F",
        "station": "STA 0+996.0",
        "station_m": 996.01,
        "offset_m": 2.01,
        "ele": 33.66,
        "desc": "",
        "comment": "Inclined drop str",
        "images": "1000GRMN/DSC00060.jpg",
        "elevation_m": 33.66,
        "photo_filename": "DSC00060.jpg",
        "photo_path": "1000GRMN/DSC00060.jpg",
        "surveyor_comment": "Inclined drop str",
        "survey_date": "2023-8-10"
      }
    },
    {
      "type": "Feature",
      "geometry": {
        "type": "Point",
        "coordinates": [
          118.379391,
          9.264254
        ]
      },
      "properties": {
        "id": 658,
        "name": "THRESHER CROSSING STR.",
        "type": "Thresher Crossing",
        "Structure_Category": "Thresher Crossing",
        "canal_name": "BB LATERAL F",
        "station": "STA 1+807.3",
        "station_m": 1807.27,
        "offset_m": 8.2,
        "ele": 25.48,
        "desc": "",
        "comment": "Cart crossing",
        "images": "1000GRMN/DSC00065.jpg",
        "elevation_m": 25.48,
        "photo_filename": "DSC00065.jpg",
        "photo_path": "1000GRMN/DSC00065.jpg",
        "surveyor_comment": "Cart crossing",
        "survey_date": "2023-8-10"
      }
    },
    {
      "type": "Feature",
      "geometry": {
        "type": "Point",
        "coordinates": [
          118.376203,
          9.269083
        ]
      },
      "properties": {
        "id": 655,
        "name": "RCP CROSSING STR. & VERTICAL DROP STR.",
        "type": "Drop",
        "Structure_Category": "Road Crossing",
        "canal_name": "LATERAL F (SEGMENT 1219)",
        "station": "STA 0+154.6",
        "station_m": 154.56,
        "offset_m": 2.93,
        "ele": 30.59,
        "desc": "",
        "comment": "Rsp crossing & drop str",
        "images": "1000GRMN/DSC00062.jpg",
        "elevation_m": 30.59,
        "photo_filename": "DSC00062.jpg",
        "photo_path": "1000GRMN/DSC00062.jpg",
        "surveyor_comment": "Rsp crossing & drop str",
        "survey_date": "2023-8-10"
      }
    },
    {
      "type": "Feature",
      "geometry": {
        "type": "Point",
        "coordinates": [
          118.38144,
          9.261243
        ]
      },
      "properties": {
        "id": 659,
        "name": "RCP CROSSING STR. & VERTICAL DROP STR.",
        "type": "Drop",
        "Structure_Category": "Road Crossing",
        "canal_name": "BB LATERAL F",
        "station": "STA 2+210.4",
        "station_m": 2210.44,
        "offset_m": 1.53,
        "ele": 22.88,
        "desc": "",
        "comment": "Rcp crossing & drop str",
        "images": "1000GRMN/DSC00067.jpg",
        "elevation_m": 22.88,
        "photo_filename": "DSC00067.jpg",
        "photo_path": "1000GRMN/DSC00067.jpg",
        "surveyor_comment": "Rcp crossing & drop str",
        "survey_date": "2023-8-10"
      }
    },
    {
      "type": "Feature",
      "geometry": {
        "type": "Point",
        "coordinates": [
          118.373659,
          9.27274
        ]
      },
      "properties": {
        "id": 652,
        "name": "",
        "type": "Unauthorized Turnout",
        "Structure_Category": "Turnout (TO)",
        "canal_name": "FARM DITCH (BB LATERAL F - 1207)",
        "station": "STA 0+127.8",
        "station_m": 127.8,
        "offset_m": 0.96,
        "ele": 34.89,
        "desc": "",
        "comment": "Turn out #3 (L/S)",
        "images": "1000GRMN/DSC00057.jpg",
        "elevation_m": 34.89,
        "photo_filename": "DSC00057.jpg",
        "photo_path": "1000GRMN/DSC00057.jpg",
        "surveyor_comment": "Turn out #3 (L/S)",
        "survey_date": "2023-8-10"
      }
    },
    {
      "type": "Feature",
      "geometry": {
        "type": "Point",
        "coordinates": [
          118.336626,
          9.226077
        ]
      },
      "properties": {
        "id": 631,
        "name": "MTO #6(R/S) - LAT. B",
        "type": "Turnout",
        "Structure_Category": "Turnout (TO)",
        "canal_name": "LATERAL B (SEGMENT 1065)",
        "station": "STA 0+229.6",
        "station_m": 229.55,
        "offset_m": 5.23,
        "ele": 122.45,
        "desc": "",
        "comment": "Turn out #7 (R/S)",
        "images": "1000GRMN/DSC00236.jpg",
        "elevation_m": 122.45,
        "photo_filename": "DSC00236.jpg",
        "photo_path": "1000GRMN/DSC00236.jpg",
        "surveyor_comment": "Turn out #7 (R/S)",
        "survey_date": "2023-8-30"
      }
    },
    {
      "type": "Feature",
      "geometry": {
        "type": "Point",
        "coordinates": [
          118.339909,
          9.224231
        ]
      },
      "properties": {
        "id": 635,
        "name": "MTO #9(L/S) - LAT. B",
        "type": "Turnout",
        "Structure_Category": "Turnout (TO)",
        "canal_name": "LATERAL B (SEGMENT 1076)",
        "station": "STA 0+003.0",
        "station_m": 2.96,
        "offset_m": 2.2,
        "ele": 116.43,
        "desc": "",
        "comment": "Turn out #9 (l/s)",
        "images": "1000GRMN/DSC00240.jpg",
        "elevation_m": 116.43,
        "photo_filename": "DSC00240.jpg",
        "photo_path": "1000GRMN/DSC00240.jpg",
        "surveyor_comment": "Turn out #9 (l/s)",
        "survey_date": "2023-8-30"
      }
    },
    {
      "type": "Feature",
      "geometry": {
        "type": "Point",
        "coordinates": [
          118.339885,
          9.224214
        ]
      },
      "properties": {
        "id": 636,
        "name": "MTO #10(R/S) - LAT. B",
        "type": "Turnout",
        "Structure_Category": "Turnout (TO)",
        "canal_name": "LATERAL B (SEGMENT 1076)",
        "station": "STA 0+001.7",
        "station_m": 1.66,
        "offset_m": 0.78,
        "ele": 113.68,
        "desc": "",
        "comment": "Turn out #10 (R/S)",
        "images": "1000GRMN/DSC00241.jpg",
        "elevation_m": 113.68,
        "photo_filename": "DSC00241.jpg",
        "photo_path": "1000GRMN/DSC00241.jpg",
        "surveyor_comment": "Turn out #10 (R/S)",
        "survey_date": "2023-8-30"
      }
    },
    {
      "type": "Feature",
      "geometry": {
        "type": "Point",
        "coordinates": [
          118.33037,
          9.236914
        ]
      },
      "properties": {
        "id": 618,
        "name": "MTO #1 (L/S) - LAT. B",
        "type": "Turnout",
        "Structure_Category": "Turnout (TO)",
        "canal_name": "LATERAL B (SEGMENT 1046)",
        "station": "STA 0+002.4",
        "station_m": 2.35,
        "offset_m": 2.11,
        "ele": 126.44,
        "desc": "",
        "comment": "Turn out #1 (L/S)",
        "images": "1000GRMN/DSC00222.jpg",
        "elevation_m": 126.44,
        "photo_filename": "DSC00222.jpg",
        "photo_path": "1000GRMN/DSC00222.jpg",
        "surveyor_comment": "Turn out #1 (L/S)",
        "survey_date": "2023-8-30"
      }
    },
    {
      "type": "Feature",
      "geometry": {
        "type": "Point",
        "coordinates": [
          118.379363,
          9.264298
        ]
      },
      "properties": {
        "id": 657,
        "name": "INCLINED DROP STR.",
        "type": "Drop",
        "Structure_Category": "Drop",
        "canal_name": "LATERAL F (SEGMENT 1233)",
        "station": "STA 0+018.2",
        "station_m": 18.19,
        "offset_m": 8.04,
        "ele": 25.72,
        "desc": "",
        "comment": "Inclined drop str",
        "images": "1000GRMN/DSC00064.jpg",
        "elevation_m": 25.72,
        "photo_filename": "DSC00064.jpg",
        "photo_path": "1000GRMN/DSC00064.jpg",
        "surveyor_comment": "Inclined drop str",
        "survey_date": "2023-8-10"
      }
    },
    {
      "type": "Feature",
      "geometry": {
        "type": "Point",
        "coordinates": [
          118.346479,
          9.220402
        ]
      },
      "properties": {
        "id": 645,
        "name": "MTO #13(R/S) - LAT. B",
        "type": "Turnout",
        "Structure_Category": "Turnout (TO)",
        "canal_name": "LATERAL B (SEGMENT 1087)",
        "station": "STA 0+007.1",
        "station_m": 7.08,
        "offset_m": 0.24,
        "ele": 111.26,
        "desc": "",
        "comment": "Turn out #13 (R/S)",
        "images": "1000GRMN/DSC00250.jpg",
        "elevation_m": 111.26,
        "photo_filename": "DSC00250.jpg",
        "photo_path": "1000GRMN/DSC00250.jpg",
        "surveyor_comment": "Turn out #13 (R/S)",
        "survey_date": "2023-8-30"
      }
    },
    {
      "type": "Feature",
      "geometry": {
        "type": "Point",
        "coordinates": [
          118.348746,
          9.219053
        ]
      },
      "properties": {
        "id": 647,
        "name": "MTO #14(R/S) - LAT. B",
        "type": "Turnout",
        "Structure_Category": "Turnout (TO)",
        "canal_name": "LATERAL B (SEGMENT 1090)",
        "station": "STA 0+019.3",
        "station_m": 19.33,
        "offset_m": 0.59,
        "ele": 123.12,
        "desc": "",
        "comment": "Turn out #14 (R/S)",
        "images": "1000GRMN/DSC00252.jpg",
        "elevation_m": 123.12,
        "photo_filename": "DSC00252.jpg",
        "photo_path": "1000GRMN/DSC00252.jpg",
        "surveyor_comment": "Turn out #14 (R/S)",
        "survey_date": "2023-8-30"
      }
    },
    {
      "type": "Feature",
      "geometry": {
        "type": "Point",
        "coordinates": [
          118.382928,
          9.315181
        ]
      },
      "properties": {
        "id": 678,
        "name": "101",
        "type": "Other Structures",
        "Structure_Category": "Other Structures",
        "canal_name": "UPPER LAPU - LAPU MAIN CANAL",
        "station": "STA 0+003.6",
        "station_m": 3.56,
        "offset_m": 9.15,
        "ele": 140.17,
        "desc": "",
        "comment": "Delta falls dum",
        "images": "../../Lateral F/#8/1000GRMN/DSC00333.jpg",
        "elevation_m": 140.17,
        "photo_filename": "DSC00333.jpg",
        "photo_path": "../../Lateral F/#8/1000GRMN/DSC00333.jpg",
        "surveyor_comment": "Delta falls dum",
        "survey_date": "2023-8-16"
      }
    },
    {
      "type": "Feature",
      "geometry": {
        "type": "Point",
        "coordinates": [
          118.386006,
          9.255635
        ]
      },
      "properties": {
        "id": 661,
        "name": "ROAD CROSSING STR. & VERTICAL DROP STR. (HIGHWAY)",
        "type": "Road Crossing",
        "Structure_Category": "Road Crossing",
        "canal_name": "FARM DITCH (BB LATERAL F - 1250)",
        "station": "STA 0+054.9",
        "station_m": 54.9,
        "offset_m": 2.17,
        "ele": 22.99,
        "desc": "",
        "comment": "Road crossing & drop str (highway)",
        "images": "1000GRMN/DSC00070.jpg",
        "elevation_m": 22.99,
        "photo_filename": "DSC00070.jpg",
        "photo_path": "1000GRMN/DSC00070.jpg",
        "surveyor_comment": "Road crossing & drop str (highway)",
        "survey_date": "2023-8-10"
      }
    },
    {
      "type": "Feature",
      "geometry": {
        "type": "Point",
        "coordinates": [
          118.38406,
          9.314524
        ]
      },
      "properties": {
        "id": 702,
        "name": "VERTICAL DROP STRUCTURE",
        "type": "Drop",
        "Structure_Category": "Drop",
        "canal_name": "UPPER LAPU - LAPU MAIN CANAL",
        "station": "STA 0+152.6",
        "station_m": 152.55,
        "offset_m": 0.6,
        "ele": 137.01,
        "desc": "",
        "comment": "Drop str.",
        "images": "1000GRMN/DSC00126.jpg",
        "elevation_m": 137.01,
        "photo_filename": "DSC00126.jpg",
        "photo_path": "1000GRMN/DSC00126.jpg",
        "surveyor_comment": "Drop str.",
        "survey_date": "2023-8-16"
      }
    },
    {
      "type": "Feature",
      "geometry": {
        "type": "Point",
        "coordinates": [
          118.385208,
          9.313654
        ]
      },
      "properties": {
        "id": 703,
        "name": "VERTICAL DROP STRUCTURE",
        "type": "Drop",
        "Structure_Category": "Drop",
        "canal_name": "UPPER LAPU - LAPU MAIN CANAL",
        "station": "STA 0+311.6",
        "station_m": 311.61,
        "offset_m": 1.58,
        "ele": 130.49,
        "desc": "",
        "comment": "Drop str.",
        "images": "1000GRMN/DSC00127.jpg",
        "elevation_m": 130.49,
        "photo_filename": "DSC00127.jpg",
        "photo_path": "1000GRMN/DSC00127.jpg",
        "surveyor_comment": "Drop str.",
        "survey_date": "2023-8-16"
      }
    },
    {
      "type": "Feature",
      "geometry": {
        "type": "Point",
        "coordinates": [
          118.385882,
          9.313106
        ]
      },
      "properties": {
        "id": 704,
        "name": "COMB. VERTICAL DROP STRUCTURE WITH STILLING POOL",
        "type": "Drop",
        "Structure_Category": "Drop",
        "canal_name": "UPPER LAPU - LAPU MAIN CANAL",
        "station": "STA 0+407.5",
        "station_m": 407.53,
        "offset_m": 0.82,
        "ele": 127.61,
        "desc": "",
        "comment": "Drop & stillig fall",
        "images": "1000GRMN/DSC00128.jpg",
        "elevation_m": 127.61,
        "photo_filename": "DSC00128.jpg",
        "photo_path": "1000GRMN/DSC00128.jpg",
        "surveyor_comment": "Drop & stillig fall",
        "survey_date": "2023-8-16"
      }
    },
    {
      "type": "Feature",
      "geometry": {
        "type": "Point",
        "coordinates": [
          118.383691,
          9.257941
        ]
      },
      "properties": {
        "id": 660,
        "name": "INCLINED DROP STR. & THRESHER CROSSING STR.",
        "type": "Drop",
        "Structure_Category": "Thresher Crossing",
        "canal_name": "FARM DITCH (BB LATERAL F - 1246)",
        "station": "STA 0+008.9",
        "station_m": 8.93,
        "offset_m": 1.86,
        "ele": 22.91,
        "desc": "",
        "comment": "Inclined drop & cart crossing",
        "images": "1000GRMN/DSC00069.jpg",
        "elevation_m": 22.91,
        "photo_filename": "DSC00069.jpg",
        "photo_path": "1000GRMN/DSC00069.jpg",
        "surveyor_comment": "Inclined drop & cart crossing",
        "survey_date": "2023-8-10"
      }
    },
    {
      "type": "Feature",
      "geometry": {
        "type": "Point",
        "coordinates": [
          118.387204,
          9.253069
        ]
      },
      "properties": {
        "id": 662,
        "name": "ROAD CROSSING STR.",
        "type": "Road Crossing",
        "Structure_Category": "Road Crossing",
        "canal_name": "FARM DITCH (BB LATERAL F - 1253)",
        "station": "STA 0+058.2",
        "station_m": 58.19,
        "offset_m": 5.71,
        "ele": 22.98,
        "desc": "",
        "comment": "Rcp crossing",
        "images": "1000GRMN/DSC00071.jpg",
        "elevation_m": 22.98,
        "photo_filename": "DSC00071.jpg",
        "photo_path": "1000GRMN/DSC00071.jpg",
        "surveyor_comment": "Rcp crossing",
        "survey_date": "2023-8-10"
      }
    },
    {
      "type": "Feature",
      "geometry": {
        "type": "Point",
        "coordinates": [
          118.38764,
          9.252263
        ]
      },
      "properties": {
        "id": 663,
        "name": "RCP CROSSING STR. & VERTICAL DROP STR.",
        "type": "Drop",
        "Structure_Category": "Road Crossing",
        "canal_name": "BB LATERAL F",
        "station": "STA 3+434.6",
        "station_m": 3434.57,
        "offset_m": 0.15,
        "ele": 22.99,
        "desc": "",
        "comment": "Rcp crossing & drop str",
        "images": "1000GRMN/DSC00073.jpg",
        "elevation_m": 22.99,
        "photo_filename": "DSC00073.jpg",
        "photo_path": "1000GRMN/DSC00073.jpg",
        "surveyor_comment": "Rcp crossing & drop str",
        "survey_date": "2023-8-10"
      }
    },
    {
      "type": "Feature",
      "geometry": {
        "type": "Point",
        "coordinates": [
          118.389503,
          9.24835
        ]
      },
      "properties": {
        "id": 668,
        "name": "RCP CROSSING STR.",
        "type": "Road Crossing",
        "Structure_Category": "Road Crossing",
        "canal_name": "LATERAL F (SEGMENT 1258)",
        "station": "STA 0+059.8",
        "station_m": 59.77,
        "offset_m": 0.24,
        "ele": 23.61,
        "desc": "",
        "comment": "Rcp crossing",
        "images": "1000GRMN/DSC00079.jpg",
        "elevation_m": 23.61,
        "photo_filename": "DSC00079.jpg",
        "photo_path": "1000GRMN/DSC00079.jpg",
        "surveyor_comment": "Rcp crossing",
        "survey_date": "2023-8-10"
      }
    },
    {
      "type": "Feature",
      "geometry": {
        "type": "Point",
        "coordinates": [
          118.3899,
          9.247532
        ]
      },
      "properties": {
        "id": 669,
        "name": "DMTO #17 - LAT. F",
        "type": "Turnout",
        "Structure_Category": "Turnout (TO)",
        "canal_name": "BB LATERAL F",
        "station": "STA 4+015.4",
        "station_m": 4015.45,
        "offset_m": 2.06,
        "ele": 23.62,
        "desc": "",
        "comment": "Turn out #24 (R/S)",
        "images": "1000GRMN/DSC00080.jpg",
        "elevation_m": 23.62,
        "photo_filename": "DSC00080.jpg",
        "photo_path": "1000GRMN/DSC00080.jpg",
        "surveyor_comment": "Turn out #24 (R/S)",
        "survey_date": "2023-8-10"
      }
    },
    {
      "type": "Feature",
      "geometry": {
        "type": "Point",
        "coordinates": [
          118.402336,
          9.304944
        ]
      },
      "properties": {
        "id": 688,
        "name": "THRESHER CROSSING STR. & VERTICAL DROP STR.",
        "type": "Drop",
        "Structure_Category": "Thresher Crossing",
        "canal_name": "BB LATERAL J",
        "station": "STA 0+482.1",
        "station_m": 482.05,
        "offset_m": 5.79,
        "ele": 50.65,
        "desc": "",
        "comment": "Thresher crossing &drop str",
        "images": "1000GRMN/DSC00110.jpg",
        "elevation_m": 50.65,
        "photo_filename": "DSC00110.jpg",
        "photo_path": "1000GRMN/DSC00110.jpg",
        "surveyor_comment": "Thresher crossing &drop str",
        "survey_date": "2023-8-16"
      }
    },
    {
      "type": "Feature",
      "geometry": {
        "type": "Point",
        "coordinates": [
          118.400509,
          9.306398
        ]
      },
      "properties": {
        "id": 686,
        "name": "DMTO #1 - LAT. J",
        "type": "Turnout",
        "Structure_Category": "Turnout (TO)",
        "canal_name": "BB LATERAL J",
        "station": "STA 0+224.4",
        "station_m": 224.43,
        "offset_m": 3.75,
        "ele": 54.15,
        "desc": "",
        "comment": "Turn out #1 (L/S)",
        "images": "1000GRMN/DSC00108.jpg",
        "elevation_m": 54.15,
        "photo_filename": "DSC00108.jpg",
        "photo_path": "1000GRMN/DSC00108.jpg",
        "surveyor_comment": "Turn out #1 (L/S)",
        "survey_date": "2023-8-16"
      }
    },
    {
      "type": "Feature",
      "geometry": {
        "type": "Point",
        "coordinates": [
          118.389005,
          9.24947
        ]
      },
      "properties": {
        "id": 667,
        "name": "DMTO #15 - LAT. F",
        "type": "Turnout",
        "Structure_Category": "Turnout (TO)",
        "canal_name": "LATERAL F (SEGMENT 1256)",
        "station": "STA 0+077.8",
        "station_m": 77.85,
        "offset_m": 0.43,
        "ele": 23.62,
        "desc": "",
        "comment": "Turn out str #21 (L/S)",
        "images": "1000GRMN/DSC00078.jpg",
        "elevation_m": 23.62,
        "photo_filename": "DSC00078.jpg",
        "photo_path": "1000GRMN/DSC00078.jpg",
        "surveyor_comment": "Turn out str #21 (L/S)",
        "survey_date": "2023-8-10"
      }
    },
    {
      "type": "Feature",
      "geometry": {
        "type": "Point",
        "coordinates": [
          118.405048,
          9.30279
        ]
      },
      "properties": {
        "id": 691,
        "name": "DRAINAGE CROSSING STR.",
        "type": "Drainage",
        "Structure_Category": "Drainage",
        "canal_name": "BB LATERAL J",
        "station": "STA 0+865.6",
        "station_m": 865.62,
        "offset_m": 10.6,
        "ele": 50.63,
        "desc": "",
        "comment": "Drainage str",
        "images": "1000GRMN/DSC00114.jpg",
        "elevation_m": 50.63,
        "photo_filename": "DSC00114.jpg",
        "photo_path": "1000GRMN/DSC00114.jpg",
        "surveyor_comment": "Drainage str",
        "survey_date": "2023-8-16"
      }
    },
    {
      "type": "Feature",
      "geometry": {
        "type": "Point",
        "coordinates": [
          118.389922,
          9.247562
        ]
      },
      "properties": {
        "id": 670,
        "name": "DMTO #18 - LAT. F",
        "type": "Turnout",
        "Structure_Category": "Turnout (TO)",
        "canal_name": "BB LATERAL F",
        "station": "STA 4+013.4",
        "station_m": 4013.43,
        "offset_m": 5.64,
        "ele": 23.62,
        "desc": "",
        "comment": "Turn out #25 (L/s)",
        "images": "1000GRMN/DSC00081.jpg",
        "elevation_m": 23.62,
        "photo_filename": "DSC00081.jpg",
        "photo_path": "1000GRMN/DSC00081.jpg",
        "surveyor_comment": "Turn out #25 (L/s)",
        "survey_date": "2023-8-10"
      }
    },
    {
      "type": "Feature",
      "geometry": {
        "type": "Point",
        "coordinates": [
          118.402325,
          9.305009
        ]
      },
      "properties": {
        "id": 672,
        "name": "DMTO #3 - LAT. J",
        "type": "Turnout",
        "Structure_Category": "Turnout (TO)",
        "canal_name": "BB LATERAL J",
        "station": "STA 0+476.9",
        "station_m": 476.92,
        "offset_m": 0.75,
        "ele": 56.73,
        "desc": "",
        "comment": "Turn out #3 (L/S)",
        "images": "../../Lateral F/#8/1000GRMN/DSC00325.jpg",
        "elevation_m": 56.73,
        "photo_filename": "DSC00325.jpg",
        "photo_path": "../../Lateral F/#8/1000GRMN/DSC00325.jpg",
        "surveyor_comment": "Turn out #3 (L/S)",
        "survey_date": "2023-8-16"
      }
    },
    {
      "type": "Feature",
      "geometry": {
        "type": "Point",
        "coordinates": [
          118.403613,
          9.303989
        ]
      },
      "properties": {
        "id": 673,
        "name": "",
        "type": "Unauthorized Turnout",
        "Structure_Category": "Turnout (TO)",
        "canal_name": "BB LATERAL J",
        "station": "STA 0+658.4",
        "station_m": 658.43,
        "offset_m": 3.69,
        "ele": 56.46,
        "desc": "",
        "comment": "Turn Out #4 (L/S)",
        "images": "../../Lateral F/#8/1000GRMN/DSC00326.jpg",
        "elevation_m": 56.46,
        "photo_filename": "DSC00326.jpg",
        "photo_path": "../../Lateral F/#8/1000GRMN/DSC00326.jpg",
        "surveyor_comment": "Turn Out #4 (L/S)",
        "survey_date": "2023-8-16"
      }
    },
    {
      "type": "Feature",
      "geometry": {
        "type": "Point",
        "coordinates": [
          118.40471,
          9.303097
        ]
      },
      "properties": {
        "id": 689,
        "name": "DMTO #4 - LAT. J",
        "type": "Turnout",
        "Structure_Category": "Turnout (TO)",
        "canal_name": "BB LATERAL J",
        "station": "STA 0+814.6",
        "station_m": 814.59,
        "offset_m": 5.72,
        "ele": 50.64,
        "desc": "",
        "comment": "Turn out #5 (R/S)",
        "images": "1000GRMN/DSC00111.jpg",
        "elevation_m": 50.64,
        "photo_filename": "DSC00111.jpg",
        "photo_path": "1000GRMN/DSC00111.jpg",
        "surveyor_comment": "Turn out #5 (R/S)",
        "survey_date": "2023-8-16"
      }
    },
    {
      "type": "Feature",
      "geometry": {
        "type": "Point",
        "coordinates": [
          118.404746,
          9.303098
        ]
      },
      "properties": {
        "id": 693,
        "name": "THRESHER CROSSING & VERTICAL DROP STR.",
        "type": "Drop",
        "Structure_Category": "Thresher Crossing",
        "canal_name": "BB LATERAL J",
        "station": "STA 0+817.5",
        "station_m": 817.46,
        "offset_m": 3.31,
        "ele": 50.65,
        "desc": "",
        "comment": "Thresher crossing &drop str",
        "images": "1000GRMN/DSC00116.jpg",
        "elevation_m": 50.65,
        "photo_filename": "DSC00116.jpg",
        "photo_path": "1000GRMN/DSC00116.jpg",
        "surveyor_comment": "Thresher crossing &drop str",
        "survey_date": "2023-8-16"
      }
    },
    {
      "type": "Feature",
      "geometry": {
        "type": "Point",
        "coordinates": [
          118.405885,
          9.301309
        ]
      },
      "properties": {
        "id": 676,
        "name": "DMTO #6 - LAT. J",
        "type": "Turnout",
        "Structure_Category": "Turnout (TO)",
        "canal_name": "BB LATERAL J",
        "station": "STA 1+062.0",
        "station_m": 1062.02,
        "offset_m": 6.81,
        "ele": 56.71,
        "desc": "",
        "comment": "Turn out #7 (L/S)",
        "images": "../../Lateral F/#8/1000GRMN/DSC00330.jpg",
        "elevation_m": 56.71,
        "photo_filename": "DSC00330.jpg",
        "photo_path": "../../Lateral F/#8/1000GRMN/DSC00330.jpg",
        "surveyor_comment": "Turn out #7 (L/S)",
        "survey_date": "2023-8-16"
      }
    },
    {
      "type": "Feature",
      "geometry": {
        "type": "Point",
        "coordinates": [
          118.341923,
          9.25167
        ]
      },
      "properties": {
        "id": 308,
        "name": "INCLINED DROP STR.",
        "type": "Drop",
        "Structure_Category": "Drop",
        "canal_name": "BB LATERAL D",
        "station": "STA 0+485.2",
        "station_m": 485.19,
        "offset_m": 3,
        "ele": 91.84,
        "desc": "",
        "comment": "Drop str.",
        "images": "1000GRMN/DSC00170.jpg",
        "elevation_m": 91.84,
        "photo_filename": "DSC00170.jpg",
        "photo_path": "1000GRMN/DSC00170.jpg",
        "surveyor_comment": "Drop str.",
        "survey_date": "2023-8-22"
      }
    },
    {
      "type": "Feature",
      "geometry": {
        "type": "Point",
        "coordinates": [
          118.388703,
          9.250017
        ]
      },
      "properties": {
        "id": 664,
        "name": "DMTO #13 - LAT. F",
        "type": "Turnout",
        "Structure_Category": "Turnout (TO)",
        "canal_name": "BB LATERAL F",
        "station": "STA 3+709.8",
        "station_m": 3709.81,
        "offset_m": 4.02,
        "ele": 23.62,
        "desc": "",
        "comment": "Turn out #19 (R/S)",
        "images": "1000GRMN/DSC00074.jpg",
        "elevation_m": 23.62,
        "photo_filename": "DSC00074.jpg",
        "photo_path": "1000GRMN/DSC00074.jpg",
        "surveyor_comment": "Turn out #19 (R/S)",
        "survey_date": "2023-8-10"
      }
    },
    {
      "type": "Feature",
      "geometry": {
        "type": "Point",
        "coordinates": [
          118.405646,
          9.302035
        ]
      },
      "properties": {
        "id": 694,
        "name": "UNATHORIZED STR.",
        "type": "Unauthorized Turnout",
        "Structure_Category": "Turnout (TO)",
        "canal_name": "BB LATERAL J",
        "station": "STA 0+975.7",
        "station_m": 975.7,
        "offset_m": 5.04,
        "ele": 50.64,
        "desc": "",
        "comment": "Turn out (L/S)",
        "images": "1000GRMN/DSC00117.jpg",
        "elevation_m": 50.64,
        "photo_filename": "DSC00117.jpg",
        "photo_path": "1000GRMN/DSC00117.jpg",
        "surveyor_comment": "Turn out (L/S)",
        "survey_date": "2023-8-16"
      }
    },
    {
      "type": "Feature",
      "geometry": {
        "type": "Point",
        "coordinates": [
          118.405635,
          9.302012
        ]
      },
      "properties": {
        "id": 695,
        "name": "THRESHER CROSSING STR.",
        "type": "Thresher Crossing",
        "Structure_Category": "Thresher Crossing",
        "canal_name": "BB LATERAL J",
        "station": "STA 0+977.3",
        "station_m": 977.34,
        "offset_m": 7.34,
        "ele": 50.64,
        "desc": "",
        "comment": "Bull cart crossing",
        "images": "1000GRMN/DSC00118.jpg",
        "elevation_m": 50.64,
        "photo_filename": "DSC00118.jpg",
        "photo_path": "1000GRMN/DSC00118.jpg",
        "surveyor_comment": "Bull cart crossing",
        "survey_date": "2023-8-16"
      }
    },
    {
      "type": "Feature",
      "geometry": {
        "type": "Point",
        "coordinates": [
          118.405868,
          9.301317
        ]
      },
      "properties": {
        "id": 696,
        "name": "VERTICAL DROP STR.",
        "type": "Drop",
        "Structure_Category": "Drop",
        "canal_name": "BB LATERAL J",
        "station": "STA 1+060.7",
        "station_m": 1060.65,
        "offset_m": 8.37,
        "ele": 50.64,
        "desc": "",
        "comment": "Drop str",
        "images": "1000GRMN/DSC00119.jpg",
        "elevation_m": 50.64,
        "photo_filename": "DSC00119.jpg",
        "photo_path": "1000GRMN/DSC00119.jpg",
        "surveyor_comment": "Drop str",
        "survey_date": "2023-8-16"
      }
    },
    {
      "type": "Feature",
      "geometry": {
        "type": "Point",
        "coordinates": [
          118.404727,
          9.303118
        ]
      },
      "properties": {
        "id": 690,
        "name": "DMTO #5 - LAT. J",
        "type": "Turnout",
        "Structure_Category": "Turnout (TO)",
        "canal_name": "BB LATERAL J",
        "station": "STA 0+814.6",
        "station_m": 814.61,
        "offset_m": 2.73,
        "ele": 50.64,
        "desc": "",
        "comment": "Turn out #6 (L/S)",
        "images": "1000GRMN/DSC00112.jpg",
        "elevation_m": 50.64,
        "photo_filename": "DSC00112.jpg",
        "photo_path": "1000GRMN/DSC00112.jpg",
        "surveyor_comment": "Turn out #6 (L/S)",
        "survey_date": "2023-8-16"
      }
    },
    {
      "type": "Feature",
      "geometry": {
        "type": "Point",
        "coordinates": [
          118.385115,
          9.313676
        ]
      },
      "properties": {
        "id": 681,
        "name": "DMTO #1 - ULLMC",
        "type": "Turnout",
        "Structure_Category": "Turnout (TO)",
        "canal_name": "UPPER LAPU - LAPU MAIN CANAL",
        "station": "STA 0+302.0",
        "station_m": 302.02,
        "offset_m": 2.76,
        "ele": 136.38,
        "desc": "",
        "comment": "Turn out #1 (L/S)",
        "images": "../../Lateral F/#8/1000GRMN/DSC00336.jpg",
        "elevation_m": 136.38,
        "photo_filename": "DSC00336.jpg",
        "photo_path": "../../Lateral F/#8/1000GRMN/DSC00336.jpg",
        "surveyor_comment": "Turn out #1 (L/S)",
        "survey_date": "2023-8-16"
      }
    },
    {
      "type": "Feature",
      "geometry": {
        "type": "Point",
        "coordinates": [
          118.400492,
          9.306395
        ]
      },
      "properties": {
        "id": 687,
        "name": "DMTO #2 - LAT. J",
        "type": "Turnout",
        "Structure_Category": "Turnout (TO)",
        "canal_name": "BB LATERAL J",
        "station": "STA 0+223.2",
        "station_m": 223.17,
        "offset_m": 5.17,
        "ele": 54.11,
        "desc": "",
        "comment": "Turn out #2 (R/S)",
        "images": "1000GRMN/DSC00109.jpg",
        "elevation_m": 54.11,
        "photo_filename": "DSC00109.jpg",
        "photo_path": "1000GRMN/DSC00109.jpg",
        "surveyor_comment": "Turn out #2 (R/S)",
        "survey_date": "2023-8-16"
      }
    },
    {
      "type": "Feature",
      "geometry": {
        "type": "Point",
        "coordinates": [
          118.405938,
          9.301285
        ]
      },
      "properties": {
        "id": 677,
        "name": "THRESHER CROSSING STR.",
        "type": "Thresher Crossing",
        "Structure_Category": "Thresher Crossing",
        "canal_name": "BB LATERAL J",
        "station": "STA 1+066.2",
        "station_m": 1066.19,
        "offset_m": 1.93,
        "ele": 56.71,
        "desc": "",
        "comment": "Bull cart crossing structure",
        "images": "../../Lateral F/#8/1000GRMN/DSC00331.jpg",
        "elevation_m": 56.71,
        "photo_filename": "DSC00331.jpg",
        "photo_path": "../../Lateral F/#8/1000GRMN/DSC00331.jpg",
        "surveyor_comment": "Bull cart crossing structure",
        "survey_date": "2023-8-16"
      }
    },
    {
      "type": "Feature",
      "geometry": {
        "type": "Point",
        "coordinates": [
          118.406126,
          9.300431
        ]
      },
      "properties": {
        "id": 698,
        "name": "DRAINAGE CROSSING STR.",
        "type": "Drainage",
        "Structure_Category": "Drainage",
        "canal_name": "BB LATERAL J",
        "station": "STA 1+162.5",
        "station_m": 1162.5,
        "offset_m": 11.03,
        "ele": 50.65,
        "desc": "",
        "comment": "Drainage str",
        "images": "1000GRMN/DSC00121.jpg",
        "elevation_m": 50.65,
        "photo_filename": "DSC00121.jpg",
        "photo_path": "1000GRMN/DSC00121.jpg",
        "surveyor_comment": "Drainage str",
        "survey_date": "2023-8-16"
      }
    },
    {
      "type": "Feature",
      "geometry": {
        "type": "Point",
        "coordinates": [
          118.406279,
          9.300196
        ]
      },
      "properties": {
        "id": 697,
        "name": "END OF CANAL LINING",
        "type": "Station",
        "Structure_Category": "Other Structures",
        "canal_name": "BB LATERAL J",
        "station": "STA 1+190.1",
        "station_m": 1190.09,
        "offset_m": 8.72,
        "ele": 50.63,
        "desc": "",
        "comment": "End canal lining",
        "images": "1000GRMN/DSC00120.jpg",
        "elevation_m": 50.63,
        "photo_filename": "DSC00120.jpg",
        "photo_path": "1000GRMN/DSC00120.jpg",
        "surveyor_comment": "End canal lining",
        "survey_date": "2023-8-16"
      }
    },
    {
      "type": "Feature",
      "geometry": {
        "type": "Point",
        "coordinates": [
          118.404238,
          9.303524
        ]
      },
      "properties": {
        "id": 674,
        "name": "UNATHORIZED TURNOUT",
        "type": "Unauthorized Turnout",
        "Structure_Category": "Turnout (TO)",
        "canal_name": "BB LATERAL J",
        "station": "STA 0+744.4",
        "station_m": 744.41,
        "offset_m": 1.1,
        "ele": 57.75,
        "desc": "",
        "comment": "Turn out illegal (L/S)",
        "images": "../../Lateral F/#8/1000GRMN/DSC00327.jpg",
        "elevation_m": 57.75,
        "photo_filename": "DSC00327.jpg",
        "photo_path": "../../Lateral F/#8/1000GRMN/DSC00327.jpg",
        "surveyor_comment": "Turn out illegal (L/S)",
        "survey_date": "2023-8-16"
      }
    },
    {
      "type": "Feature",
      "geometry": {
        "type": "Point",
        "coordinates": [
          118.388969,
          9.24945
        ]
      },
      "properties": {
        "id": 666,
        "name": "DMTO #14 - LAT. F",
        "type": "Turnout",
        "Structure_Category": "Turnout (TO)",
        "canal_name": "LATERAL F (SEGMENT 1256)",
        "station": "STA 0+078.3",
        "station_m": 78.31,
        "offset_m": 4.96,
        "ele": 23.62,
        "desc": "",
        "comment": "Turn out str #20 (R/S)",
        "images": "1000GRMN/DSC00077.jpg",
        "elevation_m": 23.62,
        "photo_filename": "DSC00077.jpg",
        "photo_path": "1000GRMN/DSC00077.jpg",
        "surveyor_comment": "Turn out str #20 (R/S)",
        "survey_date": "2023-8-10"
      }
    },
    {
      "type": "Feature",
      "geometry": {
        "type": "Point",
        "coordinates": [
          118.385118,
          9.313671
        ]
      },
      "properties": {
        "id": 682,
        "name": "DMTO #2 - ULLMC",
        "type": "Turnout",
        "Structure_Category": "Turnout (TO)",
        "canal_name": "UPPER LAPU - LAPU MAIN CANAL",
        "station": "STA 0+302.6",
        "station_m": 302.62,
        "offset_m": 3,
        "ele": 136.89,
        "desc": "",
        "comment": "Turn out #2 (R/S)",
        "images": "../../Lateral F/#8/1000GRMN/DSC00337.jpg",
        "elevation_m": 136.89,
        "photo_filename": "DSC00337.jpg",
        "photo_path": "../../Lateral F/#8/1000GRMN/DSC00337.jpg",
        "surveyor_comment": "Turn out #2 (R/S)",
        "survey_date": "2023-8-16"
      }
    },
    {
      "type": "Feature",
      "geometry": {
        "type": "Point",
        "coordinates": [
          118.383312,
          9.315111
        ]
      },
      "properties": {
        "id": 701,
        "name": "CUT & COVER",
        "type": "Cut and Cover",
        "Structure_Category": "Road Crossing",
        "canal_name": "UPPER LAPU - LAPU MAIN CANAL",
        "station": "STA 0+047.4",
        "station_m": 47.39,
        "offset_m": 1.38,
        "ele": 137.01,
        "desc": "",
        "comment": "Barrel str",
        "images": "1000GRMN/DSC00125.jpg",
        "elevation_m": 137.01,
        "photo_filename": "DSC00125.jpg",
        "photo_path": "1000GRMN/DSC00125.jpg",
        "surveyor_comment": "Barrel str",
        "survey_date": "2023-8-16"
      }
    },
    {
      "type": "Feature",
      "geometry": {
        "type": "Point",
        "coordinates": [
          118.386854,
          9.313154
        ]
      },
      "properties": {
        "id": 705,
        "name": "VERTICAL DROP STR.",
        "type": "Drop",
        "Structure_Category": "Drop",
        "canal_name": "UPPER LAPU - LAPU MAIN CANAL",
        "station": "STA 0+517.8",
        "station_m": 517.84,
        "offset_m": 2.35,
        "ele": 128.5,
        "desc": "",
        "comment": "Drop str",
        "images": "1000GRMN/DSC00129.jpg",
        "elevation_m": 128.5,
        "photo_filename": "DSC00129.jpg",
        "photo_path": "1000GRMN/DSC00129.jpg",
        "surveyor_comment": "Drop str",
        "survey_date": "2023-8-16"
      }
    },
    {
      "type": "Feature",
      "geometry": {
        "type": "Point",
        "coordinates": [
          118.383524,
          9.314834
        ]
      },
      "properties": {
        "id": 680,
        "name": "103",
        "type": "Wasteway",
        "Structure_Category": "Head Gate",
        "canal_name": "UPPER LAPU - LAPU MAIN CANAL",
        "station": "STA 0+085.1",
        "station_m": 85.09,
        "offset_m": 6.88,
        "ele": 142.11,
        "desc": "",
        "comment": "Headgate & drainage structure",
        "images": "../../Lateral F/#8/1000GRMN/DSC00335.jpg",
        "elevation_m": 142.11,
        "photo_filename": "DSC00335.jpg",
        "photo_path": "../../Lateral F/#8/1000GRMN/DSC00335.jpg",
        "surveyor_comment": "Headgate & drainage structure",
        "survey_date": "2023-8-16"
      }
    },
    {
      "type": "Feature",
      "geometry": {
        "type": "Point",
        "coordinates": [
          118.386084,
          9.313042
        ]
      },
      "properties": {
        "id": 683,
        "name": "DMTO #3 - ULLMC",
        "type": "Turnout",
        "Structure_Category": "Turnout (TO)",
        "canal_name": "UPPER LAPU - LAPU MAIN CANAL",
        "station": "STA 0+432.2",
        "station_m": 432.19,
        "offset_m": 1.51,
        "ele": 132.67,
        "desc": "",
        "comment": "Turn out #3 (R/S)",
        "images": "../../Lateral F/#8/1000GRMN/DSC00338.jpg",
        "elevation_m": 132.67,
        "photo_filename": "DSC00338.jpg",
        "photo_path": "../../Lateral F/#8/1000GRMN/DSC00338.jpg",
        "surveyor_comment": "Turn out #3 (R/S)",
        "survey_date": "2023-8-16"
      }
    },
    {
      "type": "Feature",
      "geometry": {
        "type": "Point",
        "coordinates": [
          118.383237,
          9.315118
        ]
      },
      "properties": {
        "id": 700,
        "name": "MANHOLE",
        "type": "Cut and Cover",
        "Structure_Category": "Road Crossing",
        "canal_name": "UPPER LAPU - LAPU MAIN CANAL",
        "station": "STA 0+040.2",
        "station_m": 40.21,
        "offset_m": 2.57,
        "ele": 137.01,
        "desc": "",
        "comment": "Manhole",
        "images": "1000GRMN/DSC00124.jpg",
        "elevation_m": 137.01,
        "photo_filename": "DSC00124.jpg",
        "photo_path": "1000GRMN/DSC00124.jpg",
        "surveyor_comment": "Manhole",
        "survey_date": "2023-8-16"
      }
    },
    {
      "type": "Feature",
      "geometry": {
        "type": "Point",
        "coordinates": [
          118.387871,
          9.313236
        ]
      },
      "properties": {
        "id": 685,
        "name": "VERTICAL DROP STR.",
        "type": "Drop",
        "Structure_Category": "Drop",
        "canal_name": "UPPER LAPU - LAPU MAIN CANAL",
        "station": "STA 0+630.2",
        "station_m": 630.23,
        "offset_m": 0.05,
        "ele": 126.6,
        "desc": "",
        "comment": "Drop structure",
        "images": "../../Lateral F/#8/1000GRMN/DSC00341.jpg",
        "elevation_m": 126.6,
        "photo_filename": "DSC00341.jpg",
        "photo_path": "../../Lateral F/#8/1000GRMN/DSC00341.jpg",
        "surveyor_comment": "Drop structure",
        "survey_date": "2023-8-16"
      }
    },
    {
      "type": "Feature",
      "geometry": {
        "type": "Point",
        "coordinates": [
          118.32702,
          9.235466
        ]
      },
      "properties": {
        "id": 603,
        "name": "TRESHER CROSSING STRUCTURE",
        "type": "Thresher Crossing",
        "Structure_Category": "Thresher Crossing",
        "canal_name": "LATERAL A (SEGMENT 949)",
        "station": "STA 0+160.1",
        "station_m": 160.09,
        "offset_m": 1.01,
        "ele": 64.96,
        "desc": "",
        "comment": "STATION 0+185 - LATERAL A",
        "images": "1000GRMN/DSC00026.jpg",
        "elevation_m": 64.96,
        "photo_filename": "DSC00026.jpg",
        "photo_path": "1000GRMN/DSC00026.jpg",
        "surveyor_comment": "STATION 0+185 - LATERAL A",
        "survey_date": "2023-8-31"
      }
    },
    {
      "type": "Feature",
      "geometry": {
        "type": "Point",
        "coordinates": [
          118.326546,
          9.236875
        ]
      },
      "properties": {
        "id": 601,
        "name": "STA. 2+651.10",
        "type": "Inlet",
        "Structure_Category": "Head Gate",
        "canal_name": "LATERAL A (SEGMENT 945)",
        "station": "STA 0+008.6",
        "station_m": 8.58,
        "offset_m": 1.31,
        "ele": 69.78,
        "desc": "",
        "comment": "HEADGATE OF LATERAL A",
        "images": "1000GRMN/DSC00024.jpg",
        "elevation_m": 69.78,
        "photo_filename": "DSC00024.jpg",
        "photo_path": "1000GRMN/DSC00024.jpg",
        "surveyor_comment": "HEADGATE OF LATERAL A",
        "survey_date": "2023-8-31"
      }
    },
    {
      "type": "Feature",
      "geometry": {
        "type": "Point",
        "coordinates": [
          118.366448,
          9.275744
        ]
      },
      "properties": {
        "id": 723,
        "name": "INCLINED DROP STRUCTURE - STA. 0+223.50 - STA. 0+242.00",
        "type": "Drop",
        "Structure_Category": "Drop",
        "canal_name": "FARM DITCH (BB LATERAL E - 1103)",
        "station": "STA 0+002.4",
        "station_m": 2.37,
        "offset_m": 6.18,
        "ele": 47.18,
        "desc": "",
        "comment": "Inclined Drop Structure",
        "images": "1000GRMN/DSC00620.jpg",
        "elevation_m": 47.18,
        "photo_filename": "DSC00620.jpg",
        "photo_path": "1000GRMN/DSC00620.jpg",
        "surveyor_comment": "Inclined Drop Structure",
        "survey_date": "2023-10-10"
      }
    },
    {
      "type": "Feature",
      "geometry": {
        "type": "Point",
        "coordinates": [
          118.367321,
          9.272457
        ]
      },
      "properties": {
        "id": 724,
        "name": "INCLINED DROP STRUCTURE - STA. 0+601.00 - STA. 0+613.50",
        "type": "Drop",
        "Structure_Category": "Drop",
        "canal_name": "LATERAL E (SEGMENT 1107)",
        "station": "STA 0+001.1",
        "station_m": 1.1,
        "offset_m": 5.65,
        "ele": 41.22,
        "desc": "",
        "comment": "Inclined Drop Structure",
        "images": "1000GRMN/DSC00621.jpg",
        "elevation_m": 41.22,
        "photo_filename": "DSC00621.jpg",
        "photo_path": "1000GRMN/DSC00621.jpg",
        "surveyor_comment": "Inclined Drop Structure",
        "survey_date": "2023-10-10"
      }
    },
    {
      "type": "Feature",
      "geometry": {
        "type": "Point",
        "coordinates": [
          118.368546,
          9.270087
        ]
      },
      "properties": {
        "id": 727,
        "name": "VERTICAL DROP STRUCTURE - STA. 0+899.00 - STA. 0+905.20",
        "type": "Drop",
        "Structure_Category": "Drop",
        "canal_name": "BB LATERAL E",
        "station": "STA 0+900.0",
        "station_m": 900.03,
        "offset_m": 3.83,
        "ele": 40.96,
        "desc": "",
        "comment": "Drop Structure",
        "images": "1000GRMN/DSC00624.jpg",
        "elevation_m": 40.96,
        "photo_filename": "DSC00624.jpg",
        "photo_path": "1000GRMN/DSC00624.jpg",
        "surveyor_comment": "Drop Structure",
        "survey_date": "2023-10-10"
      }
    },
    {
      "type": "Feature",
      "geometry": {
        "type": "Point",
        "coordinates": [
          118.369717,
          9.268267
        ]
      },
      "properties": {
        "id": 729,
        "name": "MTO #2(R/S) - LAT. E",
        "type": "Turnout",
        "Structure_Category": "Turnout (TO)",
        "canal_name": "LATERAL E (SEGMENT 1115)",
        "station": "STA 0+232.1",
        "station_m": 232.13,
        "offset_m": 4.5,
        "ele": 40.96,
        "desc": "",
        "comment": "Turn Out #2 (R/S)",
        "images": "1000GRMN/DSC00626.jpg",
        "elevation_m": 40.96,
        "photo_filename": "DSC00626.jpg",
        "photo_path": "1000GRMN/DSC00626.jpg",
        "surveyor_comment": "Turn Out #2 (R/S)",
        "survey_date": "2023-10-10"
      }
    },
    {
      "type": "Feature",
      "geometry": {
        "type": "Point",
        "coordinates": [
          118.369726,
          9.268268
        ]
      },
      "properties": {
        "id": 730,
        "name": "VERTICAL DROP STRUCTURE - STA. 1+141.70 - STA. 1+151.20",
        "type": "Drop",
        "Structure_Category": "Drop",
        "canal_name": "LATERAL E (SEGMENT 1115)",
        "station": "STA 0+232.6",
        "station_m": 232.56,
        "offset_m": 3.6,
        "ele": 40.96,
        "desc": "",
        "comment": "Drop Structure",
        "images": "1000GRMN/DSC00627.jpg",
        "elevation_m": 40.96,
        "photo_filename": "DSC00627.jpg",
        "photo_path": "1000GRMN/DSC00627.jpg",
        "surveyor_comment": "Drop Structure",
        "survey_date": "2023-10-10"
      }
    },
    {
      "type": "Feature",
      "geometry": {
        "type": "Point",
        "coordinates": [
          118.369101,
          9.269251
        ]
      },
      "properties": {
        "id": 728,
        "name": "THRESHER CROSSING STR.",
        "type": "Thresher Crossing",
        "Structure_Category": "Thresher Crossing",
        "canal_name": "LATERAL E (SEGMENT 1115)",
        "station": "STA 0+103.5",
        "station_m": 103.53,
        "offset_m": 3.33,
        "ele": 40.95,
        "desc": "",
        "comment": "Cart Crossing",
        "images": "1000GRMN/DSC00625.jpg",
        "elevation_m": 40.95,
        "photo_filename": "DSC00625.jpg",
        "photo_path": "1000GRMN/DSC00625.jpg",
        "surveyor_comment": "Cart Crossing",
        "survey_date": "2023-10-10"
      }
    },
    {
      "type": "Feature",
      "geometry": {
        "type": "Point",
        "coordinates": [
          118.347938,
          9.251021
        ]
      },
      "properties": {
        "id": 319,
        "name": "197",
        "type": "Station",
        "Structure_Category": "Other Structures",
        "canal_name": "BB LATERAL D",
        "station": "STA 1+411.6",
        "station_m": 1411.61,
        "offset_m": 3.26,
        "ele": 87.2,
        "desc": "",
        "comment": "End canal lining",
        "images": "1000GRMN/DSC00186.jpg",
        "elevation_m": 87.2,
        "photo_filename": "DSC00186.jpg",
        "photo_path": "1000GRMN/DSC00186.jpg",
        "surveyor_comment": "End canal lining",
        "survey_date": "2023-8-22"
      }
    },
    {
      "type": "Feature",
      "geometry": {
        "type": "Point",
        "coordinates": [
          118.348157,
          9.254883
        ]
      },
      "properties": {
        "id": 713,
        "name": "HRESHER CROSSING STR.",
        "type": "Thresher Crossing",
        "Structure_Category": "Thresher Crossing",
        "canal_name": "CENTRAL MALINAO MAIN CANAL",
        "station": "STA 0+054.7",
        "station_m": 54.73,
        "offset_m": 0.14,
        "ele": 47.92,
        "desc": "",
        "comment": "Cart crossing str.",
        "images": "GPS 08/1000GRMN/",
        "elevation_m": 47.92,
        "photo_filename": "",
        "photo_path": "GPS 08/1000GRMN/",
        "surveyor_comment": "Cart crossing str.",
        "survey_date": "2023-9-4"
      }
    },
    {
      "type": "Feature",
      "geometry": {
        "type": "Point",
        "coordinates": [
          118.373245,
          9.262902
        ]
      },
      "properties": {
        "id": 739,
        "name": "MTO #4(R/S) - LAT. E",
        "type": "Turnout",
        "Structure_Category": "Turnout (TO)",
        "canal_name": "LATERAL E (SEGMENT 1121)",
        "station": "STA 0+237.3",
        "station_m": 237.35,
        "offset_m": 4.07,
        "ele": 36.58,
        "desc": "",
        "comment": "Turn Out #6 (R/S)",
        "images": "1000GRMN/DSC00639.jpg",
        "elevation_m": 36.58,
        "photo_filename": "DSC00639.jpg",
        "photo_path": "1000GRMN/DSC00639.jpg",
        "surveyor_comment": "Turn Out #6 (R/S)",
        "survey_date": "2023-10-10"
      }
    },
    {
      "type": "Feature",
      "geometry": {
        "type": "Point",
        "coordinates": [
          118.374416,
          9.254143
        ]
      },
      "properties": {
        "id": 747,
        "name": "CART CROSSING STR.",
        "type": "Thresher Crossing",
        "Structure_Category": "Thresher Crossing",
        "canal_name": "BB LATERAL E",
        "station": "STA 2+899.9",
        "station_m": 2899.87,
        "offset_m": 5.01,
        "ele": 33.3,
        "desc": "",
        "comment": "Cart Crossing Str",
        "images": "1000GRMN/DSC00648.jpg",
        "elevation_m": 33.3,
        "photo_filename": "DSC00648.jpg",
        "photo_path": "1000GRMN/DSC00648.jpg",
        "surveyor_comment": "Cart Crossing Str",
        "survey_date": "2023-10-10"
      }
    },
    {
      "type": "Feature",
      "geometry": {
        "type": "Point",
        "coordinates": [
          118.37109,
          9.266212
        ]
      },
      "properties": {
        "id": 732,
        "name": "MTO #3(L/S) - LAT. E",
        "type": "Unauthorized Turnout",
        "Structure_Category": "Turnout (TO)",
        "canal_name": "BB LATERAL E",
        "station": "STA 1+413.3",
        "station_m": 1413.27,
        "offset_m": 2.51,
        "ele": 40.96,
        "desc": "",
        "comment": "Turn Out #3 (L/S)",
        "images": "1000GRMN/DSC00629.jpg",
        "elevation_m": 40.96,
        "photo_filename": "DSC00629.jpg",
        "photo_path": "1000GRMN/DSC00629.jpg",
        "surveyor_comment": "Turn Out #3 (L/S)",
        "survey_date": "2023-10-10"
      }
    },
    {
      "type": "Feature",
      "geometry": {
        "type": "Point",
        "coordinates": [
          118.373265,
          9.262908
        ]
      },
      "properties": {
        "id": 738,
        "name": "MTO 3(L/S) - LAT. E",
        "type": "Turnout",
        "Structure_Category": "Turnout (TO)",
        "canal_name": "LATERAL E (SEGMENT 1121)",
        "station": "STA 0+238.0",
        "station_m": 237.99,
        "offset_m": 1.85,
        "ele": 36.58,
        "desc": "",
        "comment": "Turn Out #5 (L/S)",
        "images": "1000GRMN/DSC00637.jpg",
        "elevation_m": 36.58,
        "photo_filename": "DSC00637.jpg",
        "photo_path": "1000GRMN/DSC00637.jpg",
        "surveyor_comment": "Turn Out #5 (L/S)",
        "survey_date": "2023-10-10"
      }
    },
    {
      "type": "Feature",
      "geometry": {
        "type": "Point",
        "coordinates": [
          118.370431,
          9.267215
        ]
      },
      "properties": {
        "id": 731,
        "name": "CART CROSSING STR.",
        "type": "Thresher Crossing",
        "Structure_Category": "Thresher Crossing",
        "canal_name": "BB LATERAL E",
        "station": "STA 1+280.2",
        "station_m": 1280.25,
        "offset_m": 3.77,
        "ele": 40.95,
        "desc": "",
        "comment": "Cart Crossing Structure",
        "images": "1000GRMN/DSC00628.jpg",
        "elevation_m": 40.95,
        "photo_filename": "DSC00628.jpg",
        "photo_path": "1000GRMN/DSC00628.jpg",
        "surveyor_comment": "Cart Crossing Structure",
        "survey_date": "2023-10-10"
      }
    },
    {
      "type": "Feature",
      "geometry": {
        "type": "Point",
        "coordinates": [
          118.371164,
          9.266094
        ]
      },
      "properties": {
        "id": 733,
        "name": "INCLINED DROP STR.",
        "type": "Drop",
        "Structure_Category": "Drop",
        "canal_name": "BB LATERAL E",
        "station": "STA 1+428.6",
        "station_m": 1428.64,
        "offset_m": 2.41,
        "ele": 40.96,
        "desc": "",
        "comment": "Inclined Drop Structure",
        "images": "1000GRMN/DSC00631.jpg",
        "elevation_m": 40.96,
        "photo_filename": "DSC00631.jpg",
        "photo_path": "1000GRMN/DSC00631.jpg",
        "surveyor_comment": "Inclined Drop Structure",
        "survey_date": "2023-10-10"
      }
    },
    {
      "type": "Feature",
      "geometry": {
        "type": "Point",
        "coordinates": [
          118.371872,
          9.265003
        ]
      },
      "properties": {
        "id": 735,
        "name": "CART CROSSING STR.",
        "type": "Thresher Crossing",
        "Structure_Category": "Thresher Crossing",
        "canal_name": "BB LATERAL E",
        "station": "STA 1+572.5",
        "station_m": 1572.53,
        "offset_m": 4.46,
        "ele": 40.95,
        "desc": "",
        "comment": "Cart Crossing Structur",
        "images": "1000GRMN/DSC00632.jpg",
        "elevation_m": 40.95,
        "photo_filename": "DSC00632.jpg",
        "photo_path": "1000GRMN/DSC00632.jpg",
        "surveyor_comment": "Cart Crossing Structur",
        "survey_date": "2023-10-10"
      }
    },
    {
      "type": "Feature",
      "geometry": {
        "type": "Point",
        "coordinates": [
          118.373105,
          9.256512
        ]
      },
      "properties": {
        "id": 745,
        "name": "MTO #6(L/S) - LAT. E",
        "type": "Turnout",
        "Structure_Category": "Turnout (TO)",
        "canal_name": "BB LATERAL E",
        "station": "STA 2+600.4",
        "station_m": 2600.44,
        "offset_m": 2.87,
        "ele": 32.88,
        "desc": "",
        "comment": "Turn Out #9 (L/S)",
        "images": "1000GRMN/DSC00646.jpg",
        "elevation_m": 32.88,
        "photo_filename": "DSC00646.jpg",
        "photo_path": "1000GRMN/DSC00646.jpg",
        "surveyor_comment": "Turn Out #9 (L/S)",
        "survey_date": "2023-10-10"
      }
    },
    {
      "type": "Feature",
      "geometry": {
        "type": "Point",
        "coordinates": [
          118.374838,
          9.253494
        ]
      },
      "properties": {
        "id": 750,
        "name": "MTO #8(L/S) - LAT. E",
        "type": "Turnout",
        "Structure_Category": "Turnout (TO)",
        "canal_name": "BB LATERAL E",
        "station": "STA 2+985.5",
        "station_m": 2985.46,
        "offset_m": 0.75,
        "ele": 33.06,
        "desc": "",
        "comment": "Turn Out #11 (L/S)",
        "images": "1000GRMN/DSC00652.jpg",
        "elevation_m": 33.06,
        "photo_filename": "DSC00652.jpg",
        "photo_path": "1000GRMN/DSC00652.jpg",
        "surveyor_comment": "Turn Out #11 (L/S)",
        "survey_date": "2023-10-10"
      }
    },
    {
      "type": "Feature",
      "geometry": {
        "type": "Point",
        "coordinates": [
          118.373272,
          9.262869
        ]
      },
      "properties": {
        "id": 737,
        "name": "VERTICAL DROP STR.",
        "type": "Drop",
        "Structure_Category": "Drop",
        "canal_name": "BB LATERAL E",
        "station": "STA 1+854.9",
        "station_m": 1854.86,
        "offset_m": 3.57,
        "ele": 36.58,
        "desc": "",
        "comment": "Drop Structure",
        "images": "1000GRMN/DSC00635.jpg",
        "elevation_m": 36.58,
        "photo_filename": "DSC00635.jpg",
        "photo_path": "1000GRMN/DSC00635.jpg",
        "surveyor_comment": "Drop Structure",
        "survey_date": "2023-10-10"
      }
    },
    {
      "type": "Feature",
      "geometry": {
        "type": "Point",
        "coordinates": [
          118.374082,
          9.261266
        ]
      },
      "properties": {
        "id": 740,
        "name": "MTO #5(L/S) - LAT. E",
        "type": "Turnout",
        "Structure_Category": "Turnout (TO)",
        "canal_name": "BB LATERAL E",
        "station": "STA 2+062.9",
        "station_m": 2062.89,
        "offset_m": 1.61,
        "ele": 36.58,
        "desc": "",
        "comment": "Turn Out #7 (L/S)",
        "images": "1000GRMN/DSC00640.jpg",
        "elevation_m": 36.58,
        "photo_filename": "DSC00640.jpg",
        "photo_path": "1000GRMN/DSC00640.jpg",
        "surveyor_comment": "Turn Out #7 (L/S)",
        "survey_date": "2023-10-10"
      }
    },
    {
      "type": "Feature",
      "geometry": {
        "type": "Point",
        "coordinates": [
          118.374044,
          9.261235
        ]
      },
      "properties": {
        "id": 742,
        "name": "INCLINED DROP STR.",
        "type": "Drop",
        "Structure_Category": "Drop",
        "canal_name": "LATERAL E (SEGMENT 1123)",
        "station": "STA 0+184.8",
        "station_m": 184.82,
        "offset_m": 5.08,
        "ele": 36.58,
        "desc": "",
        "comment": "Inclined Drop Str",
        "images": "1000GRMN/DSC00643.jpg",
        "elevation_m": 36.58,
        "photo_filename": "DSC00643.jpg",
        "photo_path": "1000GRMN/DSC00643.jpg",
        "surveyor_comment": "Inclined Drop Str",
        "survey_date": "2023-10-10"
      }
    },
    {
      "type": "Feature",
      "geometry": {
        "type": "Point",
        "coordinates": [
          118.371961,
          9.264863
        ]
      },
      "properties": {
        "id": 736,
        "name": "ROAD CROSSING STR.",
        "type": "Road Crossing",
        "Structure_Category": "Road Crossing",
        "canal_name": "BB LATERAL E",
        "station": "STA 1+590.9",
        "station_m": 1590.91,
        "offset_m": 4.9,
        "ele": 40.96,
        "desc": "",
        "comment": "Road Crossing Structure",
        "images": "1000GRMN/DSC00634.jpg",
        "elevation_m": 40.96,
        "photo_filename": "DSC00634.jpg",
        "photo_path": "1000GRMN/DSC00634.jpg",
        "surveyor_comment": "Road Crossing Structure",
        "survey_date": "2023-10-10"
      }
    },
    {
      "type": "Feature",
      "geometry": {
        "type": "Point",
        "coordinates": [
          118.374054,
          9.26125
        ]
      },
      "properties": {
        "id": 741,
        "name": "THRESHER CROSSING STR.",
        "type": "Thresher Crossing",
        "Structure_Category": "Thresher Crossing",
        "canal_name": "LATERAL E (SEGMENT 1123)",
        "station": "STA 0+183.0",
        "station_m": 182.98,
        "offset_m": 4.31,
        "ele": 36.58,
        "desc": "",
        "comment": "Thresher Crossing Structure",
        "images": "1000GRMN/DSC00642.jpg",
        "elevation_m": 36.58,
        "photo_filename": "DSC00642.jpg",
        "photo_path": "1000GRMN/DSC00642.jpg",
        "surveyor_comment": "Thresher Crossing Structure",
        "survey_date": "2023-10-10"
      }
    },
    {
      "type": "Feature",
      "geometry": {
        "type": "Point",
        "coordinates": [
          118.373578,
          9.259001
        ]
      },
      "properties": {
        "id": 743,
        "name": "CART CROSSING STR.",
        "type": "Thresher Crossing",
        "Structure_Category": "Thresher Crossing",
        "canal_name": "BB LATERAL E",
        "station": "STA 2+320.2",
        "station_m": 2320.23,
        "offset_m": 6.22,
        "ele": 36.58,
        "desc": "",
        "comment": "Cart crossing str",
        "images": "1000GRMN/DSC00644.jpg",
        "elevation_m": 36.58,
        "photo_filename": "DSC00644.jpg",
        "photo_path": "1000GRMN/DSC00644.jpg",
        "surveyor_comment": "Cart crossing str",
        "survey_date": "2023-10-10"
      }
    },
    {
      "type": "Feature",
      "geometry": {
        "type": "Point",
        "coordinates": [
          118.373065,
          9.256507
        ]
      },
      "properties": {
        "id": 744,
        "name": "MTO #7(R/S) - LAT. E",
        "type": "Turnout",
        "Structure_Category": "Turnout (TO)",
        "canal_name": "BB LATERAL E",
        "station": "STA 2+600.6",
        "station_m": 2600.63,
        "offset_m": 7.31,
        "ele": 36.58,
        "desc": "",
        "comment": "Turn Out #8 (R/S)",
        "images": "1000GRMN/DSC00645.jpg",
        "elevation_m": 36.58,
        "photo_filename": "DSC00645.jpg",
        "photo_path": "1000GRMN/DSC00645.jpg",
        "surveyor_comment": "Turn Out #8 (R/S)",
        "survey_date": "2023-10-10"
      }
    },
    {
      "type": "Feature",
      "geometry": {
        "type": "Point",
        "coordinates": [
          118.373082,
          9.256474
        ]
      },
      "properties": {
        "id": 746,
        "name": "217",
        "type": "Thresher Crossing",
        "Structure_Category": "Thresher Crossing",
        "canal_name": "BB LATERAL E",
        "station": "STA 2+604.4",
        "station_m": 2604.43,
        "offset_m": 5.74,
        "ele": 32.88,
        "desc": "",
        "comment": "Thresher Crossing Str",
        "images": "1000GRMN/DSC00647.jpg",
        "elevation_m": 32.88,
        "photo_filename": "DSC00647.jpg",
        "photo_path": "1000GRMN/DSC00647.jpg",
        "surveyor_comment": "Thresher Crossing Str",
        "survey_date": "2023-10-10"
      }
    },
    {
      "type": "Feature",
      "geometry": {
        "type": "Point",
        "coordinates": [
          118.375697,
          9.25211
        ]
      },
      "properties": {
        "id": 751,
        "name": "VERTICAL DROP STR.",
        "type": "Drop",
        "Structure_Category": "Drop",
        "canal_name": "BB LATERAL E",
        "station": "STA 3+165.9",
        "station_m": 3165.88,
        "offset_m": 5.4,
        "ele": 33.06,
        "desc": "",
        "comment": "Drop Structure",
        "images": "1000GRMN/DSC00653.jpg",
        "elevation_m": 33.06,
        "photo_filename": "DSC00653.jpg",
        "photo_path": "1000GRMN/DSC00653.jpg",
        "surveyor_comment": "Drop Structure",
        "survey_date": "2023-10-10"
      }
    },
    {
      "type": "Feature",
      "geometry": {
        "type": "Point",
        "coordinates": [
          118.37483,
          9.253501
        ]
      },
      "properties": {
        "id": 749,
        "name": "MTO #9(R/S) - LAT. E",
        "type": "Turnout",
        "Structure_Category": "Turnout (TO)",
        "canal_name": "BB LATERAL E",
        "station": "STA 2+984.3",
        "station_m": 2984.35,
        "offset_m": 1.12,
        "ele": 33.06,
        "desc": "",
        "comment": "Turn Out #10 (R/S)",
        "images": "1000GRMN/DSC00651.jpg",
        "elevation_m": 33.06,
        "photo_filename": "DSC00651.jpg",
        "photo_path": "1000GRMN/DSC00651.jpg",
        "surveyor_comment": "Turn Out #10 (R/S)",
        "survey_date": "2023-10-10"
      }
    },
    {
      "type": "Feature",
      "geometry": {
        "type": "Point",
        "coordinates": [
          118.352985,
          9.235056
        ]
      },
      "properties": {
        "id": 370,
        "name": "ROAD CROSSING STR. (HIGHWAY)",
        "type": "Road Crossing",
        "Structure_Category": "Road Crossing",
        "canal_name": "BB LATERAL C",
        "station": "STA 2+327.7",
        "station_m": 2327.72,
        "offset_m": 8.6,
        "ele": 140.88,
        "desc": "",
        "comment": "Road crossing (highway)",
        "images": "1000GRMN/DSC00427.jpg",
        "elevation_m": 140.88,
        "photo_filename": "DSC00427.jpg",
        "photo_path": "1000GRMN/DSC00427.jpg",
        "surveyor_comment": "Road crossing (highway)",
        "survey_date": "2023-8-23"
      }
    },
    {
      "type": "Feature",
      "geometry": {
        "type": "Point",
        "coordinates": [
          118.374845,
          9.253475
        ]
      },
      "properties": {
        "id": 748,
        "name": "219",
        "type": "Road Crossing",
        "Structure_Category": "Road Crossing",
        "canal_name": "BB LATERAL E",
        "station": "STA 2+987.6",
        "station_m": 2987.55,
        "offset_m": 1.16,
        "ele": 33.05,
        "desc": "",
        "comment": "Rcp crossing & drop structure",
        "images": "1000GRMN/DSC00649.jpg",
        "elevation_m": 33.05,
        "photo_filename": "DSC00649.jpg",
        "photo_path": "1000GRMN/DSC00649.jpg",
        "surveyor_comment": "Rcp crossing & drop structure",
        "survey_date": "2023-10-10"
      }
    },
    {
      "type": "Feature",
      "geometry": {
        "type": "Point",
        "coordinates": [
          118.34981,
          9.253426
        ]
      },
      "properties": {
        "id": 714,
        "name": "HRESHER CROSSING STR.",
        "type": "Thresher Crossing",
        "Structure_Category": "Thresher Crossing",
        "canal_name": "CENTRAL MALINAO MAIN CANAL",
        "station": "STA 0+299.9",
        "station_m": 299.93,
        "offset_m": 2.2,
        "ele": 47.07,
        "desc": "",
        "comment": "Cart crossing",
        "images": "GPS 08/1000GRMN/",
        "elevation_m": 47.07,
        "photo_filename": "",
        "photo_path": "GPS 08/1000GRMN/",
        "surveyor_comment": "Cart crossing",
        "survey_date": "2023-9-4"
      }
    },
    {
      "type": "Feature",
      "geometry": {
        "type": "Point",
        "coordinates": [
          118.350447,
          9.252492
        ]
      },
      "properties": {
        "id": 715,
        "name": "HRESHER CROSSING STR.",
        "type": "Thresher Crossing",
        "Structure_Category": "Thresher Crossing",
        "canal_name": "CENTRAL MALINAO MAIN CANAL",
        "station": "STA 0+426.8",
        "station_m": 426.82,
        "offset_m": 4.15,
        "ele": 44.12,
        "desc": "",
        "comment": "Cart crossing",
        "images": "GPS 08/1000GRMN/",
        "elevation_m": 44.12,
        "photo_filename": "",
        "photo_path": "GPS 08/1000GRMN/",
        "surveyor_comment": "Cart crossing",
        "survey_date": "2023-9-4"
      }
    },
    {
      "type": "Feature",
      "geometry": {
        "type": "Point",
        "coordinates": [
          118.383528,
          9.314885
        ]
      },
      "properties": {
        "id": 679,
        "name": "STEEL GATE",
        "type": "Head Gate",
        "Structure_Category": "Head Gate",
        "canal_name": "UPPER LAPU - LAPU MAIN CANAL",
        "station": "STA 0+081.8",
        "station_m": 81.76,
        "offset_m": 2.28,
        "ele": 142.11,
        "desc": "fa",
        "comment": "Headgate structure",
        "images": "../../Lateral F/#8/1000GRMN/DSC00334.jpg",
        "elevation_m": 142.11,
        "photo_filename": "DSC00334.jpg",
        "photo_path": "../../Lateral F/#8/1000GRMN/DSC00334.jpg",
        "surveyor_comment": "Headgate structure",
        "survey_date": "2023-8-16"
      }
    },
    {
      "type": "Feature",
      "geometry": {
        "type": "Point",
        "coordinates": [
          118.36567,
          9.277552
        ]
      },
      "properties": {
        "id": 722,
        "name": "COMB. HDGT. OF LATERAL E & THRESHER CROSSING STRUCTURE - STA. 10+798.40 - STA. 10+811.40",
        "type": "Head Gate",
        "Structure_Category": "Head Gate",
        "canal_name": "LATERAL E (SEGMENT 1098)",
        "station": "STA 0+006.8",
        "station_m": 6.82,
        "offset_m": 4.15,
        "ele": 46.01,
        "desc": "fa",
        "comment": "Combination of RCP Crossing & Headgate of Lateral E",
        "images": "1000GRMN/DSC00619.jpg",
        "elevation_m": 46.01,
        "photo_filename": "DSC00619.jpg",
        "photo_path": "1000GRMN/DSC00619.jpg",
        "surveyor_comment": "Combination of RCP Crossing & Headgate of Lateral E",
        "survey_date": "2023-10-10"
      }
    },
    {
      "type": "Feature",
      "geometry": {
        "type": "Point",
        "coordinates": [
          118.351222,
          9.251352
        ]
      },
      "properties": {
        "id": 716,
        "name": "THRESHER CROSSING STR.",
        "type": "Thresher Crossing",
        "Structure_Category": "Thresher Crossing",
        "canal_name": "CENTRAL MALINAO MAIN CANAL",
        "station": "STA 0+579.6",
        "station_m": 579.6,
        "offset_m": 0.86,
        "ele": 44.12,
        "desc": "",
        "comment": "Cart crossing",
        "images": "GPS 08/1000GRMN/",
        "elevation_m": 44.12,
        "photo_filename": "",
        "photo_path": "GPS 08/1000GRMN/",
        "surveyor_comment": "Cart crossing",
        "survey_date": "2023-9-4"
      }
    },
    {
      "type": "Feature",
      "geometry": {
        "type": "Point",
        "coordinates": [
          118.35225,
          9.250126
        ]
      },
      "properties": {
        "id": 717,
        "name": "THRESHER CROSSING STR.",
        "type": "Thresher Crossing",
        "Structure_Category": "Thresher Crossing",
        "canal_name": "CENTRAL MALINAO MAIN CANAL",
        "station": "STA 0+757.7",
        "station_m": 757.74,
        "offset_m": 3.41,
        "ele": 45.68,
        "desc": "",
        "comment": "Cart crossing",
        "images": "GPS 08/1000GRMN/",
        "elevation_m": 45.68,
        "photo_filename": "",
        "photo_path": "GPS 08/1000GRMN/",
        "surveyor_comment": "Cart crossing",
        "survey_date": "2023-9-4"
      }
    },
    {
      "type": "Feature",
      "geometry": {
        "type": "Point",
        "coordinates": [
          118.353443,
          9.249668
        ]
      },
      "properties": {
        "id": 719,
        "name": "THRESHER CROSSING STR.",
        "type": "Thresher Crossing",
        "Structure_Category": "Thresher Crossing",
        "canal_name": "CENTRAL MALINAO MAIN CANAL",
        "station": "STA 0+917.3",
        "station_m": 917.28,
        "offset_m": 6.62,
        "ele": 45.68,
        "desc": "",
        "comment": "Cart crossing",
        "images": "GPS 08/1000GRMN/",
        "elevation_m": 45.68,
        "photo_filename": "",
        "photo_path": "GPS 08/1000GRMN/",
        "surveyor_comment": "Cart crossing",
        "survey_date": "2023-9-4"
      }
    },
    {
      "type": "Feature",
      "geometry": {
        "type": "Point",
        "coordinates": [
          118.355764,
          9.250013
        ]
      },
      "properties": {
        "id": 721,
        "name": "THRESHER CROSSING STR.",
        "type": "Thresher Crossing",
        "Structure_Category": "Thresher Crossing",
        "canal_name": "CENTRAL MALINAO MAIN CANAL",
        "station": "STA 1+189.1",
        "station_m": 1189.14,
        "offset_m": 1.73,
        "ele": 42.6,
        "desc": "",
        "comment": "Cart crossing",
        "images": "GPS 08/1000GRMN/",
        "elevation_m": 42.6,
        "photo_filename": "",
        "photo_path": "GPS 08/1000GRMN/",
        "surveyor_comment": "Cart crossing",
        "survey_date": "2023-9-4"
      }
    },
    {
      "type": "Feature",
      "geometry": {
        "type": "Point",
        "coordinates": [
          118.36146,
          9.258852
        ]
      },
      "properties": {
        "id": 707,
        "name": "THRESHER CROSSING STR.",
        "type": "Thresher Crossing",
        "Structure_Category": "Thresher Crossing",
        "canal_name": "ANITOAN MAIN CANAL 2",
        "station": "STA 0+110.4",
        "station_m": 110.41,
        "offset_m": 6.3,
        "ele": 15.43,
        "desc": "",
        "comment": "Cart crossing str; Calibrated (2026-10-06): Re-indexed to STA 0+110.4 measuring downstream from Malinao Dam (0+000 Origin). Previous legacy calculation: STA 0+273.2.",
        "images": "DCIM/1000GRMN/DSC00613.jpg",
        "elevation_m": 15.43,
        "photo_filename": "DSC00613.jpg",
        "photo_path": "DCIM/1000GRMN/DSC00613.jpg",
        "surveyor_comment": "Cart crossing str",
        "survey_date": "2023-10-3",
        "station_source": "Calibrated Projection (Dam 0+000 Origin)"
      }
    },
    {
      "type": "Feature",
      "geometry": {
        "type": "Point",
        "coordinates": [
          118.361736,
          9.258093
        ]
      },
      "properties": {
        "id": 709,
        "name": "MTO #1(L/S) - M2MC",
        "type": "Turnout",
        "Structure_Category": "Turnout (TO)",
        "canal_name": "ANITOAN MAIN CANAL 2",
        "station": "STA 0+200.5",
        "station_m": 200.51,
        "offset_m": 6.43,
        "ele": 15.42,
        "desc": "",
        "comment": "Turn out #1 (L/S); Calibrated (2026-10-06): Re-indexed to STA 0+200.5 measuring downstream from Malinao Dam (0+000 Origin). Previous legacy calculation: STA 0+183.1.",
        "images": "DCIM/1000GRMN/DSC00615.jpg",
        "elevation_m": 15.42,
        "photo_filename": "DSC00615.jpg",
        "photo_path": "DCIM/1000GRMN/DSC00615.jpg",
        "surveyor_comment": "Turn out #1 (L/S)",
        "survey_date": "2023-10-3",
        "station_source": "Calibrated Projection (Dam 0+000 Origin)"
      }
    },
    {
      "type": "Feature",
      "geometry": {
        "type": "Point",
        "coordinates": [
          118.362612,
          9.256693
        ]
      },
      "properties": {
        "id": 711,
        "name": "END OF CANAL LINING",
        "type": "Station",
        "Structure_Category": "Other Structures",
        "canal_name": "ANITOAN MAIN CANAL 2",
        "station": "STA 0+383.0",
        "station_m": 383.01,
        "offset_m": 0.91,
        "ele": 15.42,
        "desc": "",
        "comment": "Enb of canal structure; Calibrated (2026-10-06): Re-indexed to STA 0+383.0 measuring downstream from Malinao Dam (0+000 Origin). Previous legacy calculation: STA 0+000.6.",
        "images": "DCIM/1000GRMN/DSC00618.jpg",
        "elevation_m": 15.42,
        "photo_filename": "DSC00618.jpg",
        "photo_path": "DCIM/1000GRMN/DSC00618.jpg",
        "surveyor_comment": "Enb of canal structure",
        "survey_date": "2023-10-3",
        "station_source": "Calibrated Projection (Dam 0+000 Origin)"
      }
    },
    {
      "type": "Feature",
      "geometry": {
        "type": "Point",
        "coordinates": [
          118.355088,
          9.249576
        ]
      },
      "properties": {
        "id": 720,
        "name": "MTO #2(R/S) - CMMC",
        "type": "Turnout",
        "Structure_Category": "Turnout (TO)",
        "canal_name": "CENTRAL MALINAO MAIN CANAL",
        "station": "STA 1+100.2",
        "station_m": 1100.2,
        "offset_m": 0.15,
        "ele": 45.67,
        "desc": "",
        "comment": "Tur out #3 (R/S)",
        "images": "GPS 08/1000GRMN/",
        "elevation_m": 45.67,
        "photo_filename": "",
        "photo_path": "GPS 08/1000GRMN/",
        "surveyor_comment": "Tur out #3 (R/S)",
        "survey_date": "2023-9-4"
      }
    },
    {
      "type": "Feature",
      "geometry": {
        "type": "Point",
        "coordinates": [
          118.361988,
          9.257757
        ]
      },
      "properties": {
        "id": 710,
        "name": "UNATHORIZED TUROUT",
        "type": "Unauthorized Turnout",
        "Structure_Category": "Turnout (TO)",
        "canal_name": "ANITOAN MAIN CANAL 2",
        "station": "STA 0+246.3",
        "station_m": 246.29,
        "offset_m": 0.82,
        "ele": 15.42,
        "desc": "",
        "comment": "Turn out #2 (L/S); Calibrated (2026-10-06): Re-indexed to STA 0+246.3 measuring downstream from Malinao Dam (0+000 Origin). Previous legacy calculation: STA 0+137.3.",
        "images": "DCIM/1000GRMN/DSC00617.jpg",
        "elevation_m": 15.42,
        "photo_filename": "DSC00617.jpg",
        "photo_path": "DCIM/1000GRMN/DSC00617.jpg",
        "surveyor_comment": "Turn out #2 (L/S)",
        "survey_date": "2023-10-3",
        "station_source": "Calibrated Projection (Dam 0+000 Origin)"
      }
    },
    {
      "type": "Feature",
      "geometry": {
        "type": "Point",
        "coordinates": [
          118.361731,
          9.258078
        ]
      },
      "properties": {
        "id": 708,
        "name": "190",
        "type": "Road Crossing",
        "Structure_Category": "Road Crossing",
        "canal_name": "ANITOAN MAIN CANAL 2",
        "station": "STA 0+201.8",
        "station_m": 201.76,
        "offset_m": 7.66,
        "ele": 15.42,
        "desc": "",
        "comment": "RCP crossing structure; Calibrated (2026-10-06): Re-indexed to STA 0+201.8 measuring downstream from Malinao Dam (0+000 Origin). Previous legacy calculation: STA 0+181.8.",
        "images": "DCIM/1000GRMN/DSC00614.jpg",
        "elevation_m": 15.42,
        "photo_filename": "DSC00614.jpg",
        "photo_path": "DCIM/1000GRMN/DSC00614.jpg",
        "surveyor_comment": "RCP crossing structure",
        "survey_date": "2023-10-3",
        "station_source": "Calibrated Projection (Dam 0+000 Origin)"
      }
    },
    {
      "type": "Feature",
      "geometry": {
        "type": "Point",
        "coordinates": [
          118.367288,
          9.272461
        ]
      },
      "properties": {
        "id": 725,
        "name": "MTO #1(R/S) - LAT. E",
        "type": "Turnout",
        "Structure_Category": "Turnout (TO)",
        "canal_name": "LATERAL E (SEGMENT 1106)",
        "station": "STA 0+359.6",
        "station_m": 359.64,
        "offset_m": 9.11,
        "ele": 41.23,
        "desc": "",
        "comment": "Turn Out # 1 (R/S)",
        "images": "1000GRMN/DSC00622.jpg",
        "elevation_m": 41.23,
        "photo_filename": "DSC00622.jpg",
        "photo_path": "1000GRMN/DSC00622.jpg",
        "surveyor_comment": "Turn Out # 1 (R/S)",
        "survey_date": "2023-10-10"
      }
    },
    {
      "type": "Feature",
      "geometry": {
        "type": "Point",
        "coordinates": [
          118.350387,
          9.262013
        ]
      },
      "properties": {
        "id": 758,
        "name": "THRESHER CROSSING STR.",
        "type": "Thresher Crossing",
        "Structure_Category": "Thresher Crossing",
        "canal_name": "ANITOAN MAIN CANAL 1",
        "station": "STA 0+618.1",
        "station_m": 618.08,
        "offset_m": 3.23,
        "ele": 36.4,
        "desc": "",
        "comment": "Calibrated (2026-10-06): Re-indexed to STA 0+618.1 measuring downstream from Malinao Dam (0+000 Origin). Previous legacy calculation: STA 0+374.0.",
        "images": "1000GRMN/DSC00018.jpg",
        "elevation_m": 36.4,
        "photo_filename": "DSC00018.jpg",
        "photo_path": "1000GRMN/DSC00018.jpg",
        "surveyor_comment": null,
        "survey_date": "2023-11-7",
        "station_source": "Calibrated Projection (Dam 0+000 Origin)"
      }
    },
    {
      "type": "Feature",
      "geometry": {
        "type": "Point",
        "coordinates": [
          118.3517,
          9.260067
        ]
      },
      "properties": {
        "id": 762,
        "name": "UNATHORIZED TURNOUT",
        "type": "Unauthorized Turnout",
        "Structure_Category": "Turnout (TO)",
        "canal_name": "ANITOAN MAIN CANAL 1",
        "station": "STA 0+882.3",
        "station_m": 882.27,
        "offset_m": 0.38,
        "ele": 39,
        "desc": "",
        "comment": "Turn out #3 (L/S); Calibrated (2026-10-06): Re-indexed to STA 0+882.3 measuring downstream from Malinao Dam (0+000 Origin). Previous legacy calculation: STA 0+109.8.",
        "images": "1000GRMN/DSC00023.jpg",
        "elevation_m": 39,
        "photo_filename": "DSC00023.jpg",
        "photo_path": "1000GRMN/DSC00023.jpg",
        "surveyor_comment": "Turn out #3 (L/S)",
        "survey_date": "2023-11-7",
        "station_source": "Calibrated Projection (Dam 0+000 Origin)"
      }
    },
    {
      "type": "Feature",
      "geometry": {
        "type": "Point",
        "coordinates": [
          118.352238,
          9.259234
        ]
      },
      "properties": {
        "id": 763,
        "name": "END OF CANAL LINING",
        "type": "Station",
        "Structure_Category": "Other Structures",
        "canal_name": "ANITOAN MAIN CANAL 1",
        "station": "STA 0+992.0",
        "station_m": 992.04,
        "offset_m": 0,
        "ele": 38.99,
        "desc": "",
        "comment": "End check str; Calibrated (2026-10-06): Re-indexed to STA 0+992.0 measuring downstream from Malinao Dam (0+000 Origin). Previous legacy calculation: STA 0+000.0.",
        "images": "1000GRMN/DSC00024.jpg",
        "elevation_m": 38.99,
        "photo_filename": "DSC00024.jpg",
        "photo_path": "1000GRMN/DSC00024.jpg",
        "surveyor_comment": "End check str",
        "survey_date": "2023-11-7",
        "station_source": "Calibrated Projection (Dam 0+000 Origin)"
      }
    },
    {
      "type": "Feature",
      "geometry": {
        "type": "Point",
        "coordinates": [
          118.361132,
          9.259804
        ]
      },
      "properties": {
        "id": 706,
        "name": "MALINAO DAM 2",
        "type": "Dam",
        "Structure_Category": "Diversion Dam / Weir",
        "canal_name": "ANITOAN MAIN CANAL 2",
        "station": "STA 0+000.0",
        "station_m": 0,
        "offset_m": 2.7,
        "ele": 12.69,
        "desc": "",
        "comment": "Anitoan dam 2; Calibrated (2026-10-06): Re-indexed to STA 0+000.0 measuring downstream from Malinao Dam (0+000 Origin). Previous legacy calculation: STA 0+383.6.",
        "images": "DCIM/1000GRMN/DSC00612.jpg",
        "elevation_m": 12.69,
        "photo_filename": "DSC00612.jpg",
        "photo_path": "DCIM/1000GRMN/DSC00612.jpg",
        "surveyor_comment": "Anitoan dam 2",
        "survey_date": "2023-10-3",
        "station_source": "Calibrated Projection (Dam 0+000 Origin)"
      }
    },
    {
      "type": "Feature",
      "geometry": {
        "type": "Point",
        "coordinates": [
          118.34734,
          9.26292
        ]
      },
      "properties": {
        "id": 756,
        "name": "DRAINAGE STR.",
        "type": "Drainage",
        "Structure_Category": "Drainage",
        "canal_name": "ANITOAN MAIN CANAL 1",
        "station": "STA 0+264.9",
        "station_m": 264.91,
        "offset_m": 3.7,
        "ele": 34.97,
        "desc": "",
        "comment": "Drainage structure; Calibrated (2026-10-06): Re-indexed to STA 0+264.9 measuring downstream from Malinao Dam (0+000 Origin). Previous legacy calculation: STA 0+727.1.",
        "images": "1000GRMN/DSC00016.jpg",
        "elevation_m": 34.97,
        "photo_filename": "DSC00016.jpg",
        "photo_path": "1000GRMN/DSC00016.jpg",
        "surveyor_comment": "Drainage structure",
        "survey_date": "2023-11-7",
        "station_source": "Calibrated Projection (Dam 0+000 Origin)"
      }
    },
    {
      "type": "Feature",
      "geometry": {
        "type": "Point",
        "coordinates": [
          118.334374,
          9.214883
        ]
      },
      "properties": {
        "id": 530,
        "name": "RCP CROSSING STR. DROP STR.",
        "type": "Drop",
        "Structure_Category": "Road Crossing",
        "canal_name": "LATERAL A (SEGMENT 988)",
        "station": "STA 0+019.2",
        "station_m": 19.18,
        "offset_m": 4.42,
        "ele": 224.14,
        "desc": "",
        "comment": "RCP crossing & drop structure",
        "images": "1000GRMN/DSC00481.jpg",
        "elevation_m": 224.14,
        "photo_filename": "DSC00481.jpg",
        "photo_path": "1000GRMN/DSC00481.jpg",
        "surveyor_comment": "RCP crossing & drop structure",
        "survey_date": "2023-9-1"
      }
    },
    {
      "type": "Feature",
      "geometry": {
        "type": "Point",
        "coordinates": [
          118.345304,
          9.247229
        ]
      },
      "properties": {
        "id": 390,
        "name": "038",
        "type": "Drop",
        "Structure_Category": "Road Crossing",
        "canal_name": "BB LATERAL C",
        "station": "STA 0+721.6",
        "station_m": 721.65,
        "offset_m": 4.89,
        "ele": 195.02,
        "desc": "",
        "comment": "Com. RCP crossing & check gate of lateral C-1",
        "images": "1000GRMN/DSC00450.jpg",
        "elevation_m": 195.02,
        "photo_filename": "DSC00450.jpg",
        "photo_path": "1000GRMN/DSC00450.jpg",
        "surveyor_comment": "Com. RCP crossing & check gate of lateral C-1",
        "survey_date": "2023-8-25"
      }
    },
    {
      "type": "Feature",
      "geometry": {
        "type": "Point",
        "coordinates": [
          118.309445,
          9.244278
        ]
      },
      "properties": {
        "id": 152,
        "name": "DMTO  #1 (R/S) - MC",
        "type": "Turnout",
        "Structure_Category": "Turnout (TO)",
        "canal_name": "BATANG BATANG MAIN CANAL (SEGMENT 932)",
        "station": "STA 0+195.6",
        "station_m": 195.55,
        "offset_m": 7.73,
        "ele": 34.91,
        "desc": "",
        "comment": "Turn out #1 (R/S)",
        "images": "1000GRMN/DSC00016.jpg",
        "elevation_m": 34.91,
        "photo_filename": "DSC00016.jpg",
        "photo_path": "1000GRMN/DSC00016.jpg",
        "surveyor_comment": "Turn out #1 (R/S)",
        "survey_date": "2023-8-8"
      }
    },
    {
      "type": "Feature",
      "geometry": {
        "type": "Point",
        "coordinates": [
          118.327019,
          9.233598
        ]
      },
      "properties": {
        "id": 609,
        "name": "DAINAGE STRCTURE",
        "type": "Drainage",
        "Structure_Category": "Drainage",
        "canal_name": "LATERAL A (SEGMENT 957)",
        "station": "STA 0+185.0",
        "station_m": 185.03,
        "offset_m": 3.04,
        "ele": 60.5,
        "desc": "",
        "comment": "Drainage Structure",
        "images": "1000GRMN/DSC00029.jpg",
        "elevation_m": 60.5,
        "photo_filename": "DSC00029.jpg",
        "photo_path": "1000GRMN/DSC00029.jpg",
        "surveyor_comment": "Drainage Structure",
        "survey_date": "2023-8-31"
      }
    },
    {
      "type": "Feature",
      "geometry": {
        "type": "Point",
        "coordinates": [
          118.307939,
          9.244332
        ]
      },
      "properties": {
        "id": 151,
        "name": "CART CROSSING STRUCTURE  - STA. 0+276.86",
        "type": "Thresher Crossing",
        "Structure_Category": "Thresher Crossing",
        "canal_name": "BATANG BATANG MAIN CANAL (SEGMENT 932)",
        "station": "STA 0+028.1",
        "station_m": 28.15,
        "offset_m": 1.96,
        "ele": 34.88,
        "desc": "",
        "comment": "Cart crossing structure",
        "images": "1000GRMN/DSC00011.jpg",
        "elevation_m": 34.88,
        "photo_filename": "DSC00011.jpg",
        "photo_path": "1000GRMN/DSC00011.jpg",
        "surveyor_comment": "Cart crossing structure",
        "survey_date": "2023-8-8"
      }
    },
    {
      "type": "Feature",
      "geometry": {
        "type": "Point",
        "coordinates": [
          118.312918,
          9.243986
        ]
      },
      "properties": {
        "id": 153,
        "name": "CART CROSSING STRUCTURE - STA. 0+856.80",
        "type": "Thresher Crossing",
        "Structure_Category": "Thresher Crossing",
        "canal_name": "BATANG BATANG MAIN CANAL (SEGMENT 932)",
        "station": "STA 0+616.6",
        "station_m": 616.65,
        "offset_m": 1.73,
        "ele": 34.9,
        "desc": "",
        "comment": "Cart crossing str.",
        "images": "1000GRMN/DSC00013.jpg",
        "elevation_m": 34.9,
        "photo_filename": "DSC00013.jpg",
        "photo_path": "1000GRMN/DSC00013.jpg",
        "surveyor_comment": "Cart crossing str.",
        "survey_date": "2023-8-8"
      }
    },
    {
      "type": "Feature",
      "geometry": {
        "type": "Point",
        "coordinates": [
          118.328106,
          9.237106
        ]
      },
      "properties": {
        "id": 167,
        "name": "ROAD CROSSING STRUCUTURE - STA. 2+831.20 - STA. 2+862.20",
        "type": "Road Crossing",
        "Structure_Category": "Road Crossing",
        "canal_name": "FARM DITCH (TRUNK 935 - 938)",
        "station": "STA 0+003.2",
        "station_m": 3.25,
        "offset_m": 2.95,
        "ele": 45.83,
        "desc": "",
        "comment": "Road crossing",
        "images": "1000GRMN/DSC00191.jpg",
        "elevation_m": 45.83,
        "photo_filename": "DSC00191.jpg",
        "photo_path": "1000GRMN/DSC00191.jpg",
        "surveyor_comment": "Road crossing",
        "survey_date": "2023-8-9"
      }
    },
    {
      "type": "Feature",
      "geometry": {
        "type": "Point",
        "coordinates": [
          118.368076,
          9.270804
        ]
      },
      "properties": {
        "id": 726,
        "name": "THRESHER CROSSING STRUCTURE - STA. 0+804.00 - STA. 0+810.70",
        "type": "Thresher Crossing",
        "Structure_Category": "Thresher Crossing",
        "canal_name": "BB LATERAL E",
        "station": "STA 0+805.1",
        "station_m": 805.14,
        "offset_m": 5.67,
        "ele": 40.96,
        "desc": "",
        "comment": "Thresher Crossing Structure",
        "images": "1000GRMN/DSC00623.jpg",
        "elevation_m": 40.96,
        "photo_filename": "DSC00623.jpg",
        "photo_path": "1000GRMN/DSC00623.jpg",
        "surveyor_comment": "Thresher Crossing Structure",
        "survey_date": "2023-10-10"
      }
    },
    {
      "type": "Feature",
      "geometry": {
        "type": "Point",
        "coordinates": [
          118.33025,
          9.237817
        ]
      },
      "properties": {
        "id": 168,
        "name": "COMB. HDGT. OF LATERAL B & THRESHER CROSSING STRUCTURE -  STA.  3+090.50 - STA. 3+107.60",
        "type": "Thresher Crossing",
        "Structure_Category": "Head Gate",
        "canal_name": "LATERAL B (SEGMENT 940)",
        "station": "STA 0+000.9",
        "station_m": 0.92,
        "offset_m": 0.04,
        "ele": 45.82,
        "desc": "",
        "comment": "Comb.thresher crossing &hdgt. of Lateral B",
        "images": "1000GRMN/DSC00192.jpg",
        "elevation_m": 45.82,
        "photo_filename": "DSC00192.jpg",
        "photo_path": "1000GRMN/DSC00192.jpg",
        "surveyor_comment": "Comb.thresher crossing &hdgt. of Lateral B",
        "survey_date": "2023-8-9"
      }
    },
    {
      "type": "Feature",
      "geometry": {
        "type": "Point",
        "coordinates": [
          118.336,
          9.243859
        ]
      },
      "properties": {
        "id": 174,
        "name": "THRESHER CROSSING STRUCTURE - STA. 4+156.80 -  STA. 4+174.10",
        "type": "Thresher Crossing",
        "Structure_Category": "Thresher Crossing",
        "canal_name": "FARM DITCH (TRUNK 941 - 942)",
        "station": "STA 0+004.1",
        "station_m": 4.11,
        "offset_m": 2.47,
        "ele": 29.28,
        "desc": "",
        "comment": "Thresher Crossing",
        "images": "1000GRMN/DSC00025.jpg",
        "elevation_m": 29.28,
        "photo_filename": "DSC00025.jpg",
        "photo_path": "1000GRMN/DSC00025.jpg",
        "surveyor_comment": "Thresher Crossing",
        "survey_date": "2023-8-9"
      }
    },
    {
      "type": "Feature",
      "geometry": {
        "type": "Point",
        "coordinates": [
          118.341276,
          9.246957
        ]
      },
      "properties": {
        "id": 353,
        "name": "CART CROSSING STRUCTURE",
        "type": "Thresher Crossing",
        "Structure_Category": "Thresher Crossing",
        "canal_name": "BB LATERAL C",
        "station": "STA 0+260.5",
        "station_m": 260.54,
        "offset_m": 3.95,
        "ele": 153.94,
        "desc": "",
        "comment": "Cart crossing structure",
        "images": "1000GRMN/DSC00408.jpg",
        "elevation_m": 153.94,
        "photo_filename": "DSC00408.jpg",
        "photo_path": "1000GRMN/DSC00408.jpg",
        "surveyor_comment": "Cart crossing structure",
        "survey_date": "2023-8-23"
      }
    },
    {
      "type": "Feature",
      "geometry": {
        "type": "Point",
        "coordinates": [
          118.335536,
          9.227805
        ]
      },
      "properties": {
        "id": 411,
        "name": "MTO #4 (L/S) - LAT. B",
        "type": "Turnout",
        "Structure_Category": "Turnout (TO)",
        "canal_name": "LATERAL B (SEGMENT 1065)",
        "station": "STA 0+004.4",
        "station_m": 4.38,
        "offset_m": 2.18,
        "ele": 30.25,
        "desc": "",
        "comment": "Turn out #4 (L/S)",
        "images": "1000GRMN/DSC00596.jpg",
        "elevation_m": 30.25,
        "photo_filename": "DSC00596.jpg",
        "photo_path": "1000GRMN/DSC00596.jpg",
        "surveyor_comment": "Turn out #4 (L/S)",
        "survey_date": "2023-9-19"
      }
    },
    {
      "type": "Feature",
      "geometry": {
        "type": "Point",
        "coordinates": [
          118.330373,
          9.236888
        ]
      },
      "properties": {
        "id": 619,
        "name": "INCLINED DROP STRUCTURE - STA. 0+094.80 - STA. 0+115.55",
        "type": "Drop",
        "Structure_Category": "Drop",
        "canal_name": "LATERAL B (SEGMENT 1046)",
        "station": "STA 0+005.2",
        "station_m": 5.25,
        "offset_m": 2.22,
        "ele": 126.17,
        "desc": "",
        "comment": "Inclined drop",
        "images": "1000GRMN/DSC00224.jpg",
        "elevation_m": 126.17,
        "photo_filename": "DSC00224.jpg",
        "photo_path": "1000GRMN/DSC00224.jpg",
        "surveyor_comment": "Inclined drop",
        "survey_date": "2023-8-30"
      }
    },
    {
      "type": "Feature",
      "geometry": {
        "type": "Point",
        "coordinates": [
          118.333486,
          9.231697
        ]
      },
      "properties": {
        "id": 625,
        "name": "ROAD CROSSING STRUCTURE - STA. 0+763.00 - STA. 0+770.50",
        "type": "Road Crossing",
        "Structure_Category": "Road Crossing",
        "canal_name": "LATERAL B (SEGMENT 1060)",
        "station": "STA 0+001.2",
        "station_m": 1.23,
        "offset_m": 4.04,
        "ele": 122.46,
        "desc": "",
        "comment": "RD crossing",
        "images": "1000GRMN/DSC00230.jpg",
        "elevation_m": 122.46,
        "photo_filename": "DSC00230.jpg",
        "photo_path": "1000GRMN/DSC00230.jpg",
        "surveyor_comment": "RD crossing",
        "survey_date": "2023-8-30"
      }
    },
    {
      "type": "Feature",
      "geometry": {
        "type": "Point",
        "coordinates": [
          118.334612,
          9.229869
        ]
      },
      "properties": {
        "id": 626,
        "name": "COMB. ROAD CROSSING STRUCTURE (HIGHWAY) & VERTICAL DROP STRUCTURE - STA. 1+002.30 - STA. 1+030.70",
        "type": "Road Crossing",
        "Structure_Category": "Road Crossing",
        "canal_name": "LATERAL B1 (SEGMENT 1061)",
        "station": "STA 0+011.0",
        "station_m": 11.03,
        "offset_m": 6.07,
        "ele": 122.45,
        "desc": "",
        "comment": "RD crossing & drop str. Highway",
        "images": "1000GRMN/DSC00231.jpg",
        "elevation_m": 122.45,
        "photo_filename": "DSC00231.jpg",
        "photo_path": "1000GRMN/DSC00231.jpg",
        "surveyor_comment": "RD crossing & drop str. Highway",
        "survey_date": "2023-8-30"
      }
    },
    {
      "type": "Feature",
      "geometry": {
        "type": "Point",
        "coordinates": [
          118.339886,
          9.22422
        ]
      },
      "properties": {
        "id": 637,
        "name": "COMB. RCP CROSSING STRUCTURE & VERTICAL DROP STRUCTURE - STA. 1+888.27 - STA. 1+897.87",
        "type": "Drop",
        "Structure_Category": "Road Crossing",
        "canal_name": "LATERAL B (SEGMENT 1076)",
        "station": "STA 0+001.4",
        "station_m": 1.4,
        "offset_m": 0.16,
        "ele": 113.68,
        "desc": "",
        "comment": "Drop & RCP crossing",
        "images": "1000GRMN/DSC00242.jpg",
        "elevation_m": 113.68,
        "photo_filename": "DSC00242.jpg",
        "photo_path": "1000GRMN/DSC00242.jpg",
        "surveyor_comment": "Drop & RCP crossing",
        "survey_date": "2023-8-30"
      }
    },
    {
      "type": "Feature",
      "geometry": {
        "type": "Point",
        "coordinates": [
          118.348734,
          9.219018
        ]
      },
      "properties": {
        "id": 599,
        "name": "COMB. ROAD CROSSING STRUCTURE & VERTICAL DROP STRUCTURE - STA. 3+010.80 - STA. 3+022.80",
        "type": "Drop",
        "Structure_Category": "Road Crossing",
        "canal_name": "BB LATERAL B2",
        "station": "STA 0+003.5",
        "station_m": 3.49,
        "offset_m": 1.27,
        "ele": 37.31,
        "desc": "",
        "comment": "Rcp crossing & DropStructure",
        "images": "1000GRMN/DSC00013.jpg",
        "elevation_m": 37.31,
        "photo_filename": "DSC00013.jpg",
        "photo_path": "1000GRMN/DSC00013.jpg",
        "surveyor_comment": "Rcp crossing & DropStructure",
        "survey_date": "2023-8-31"
      }
    },
    {
      "type": "Feature",
      "geometry": {
        "type": "Point",
        "coordinates": [
          118.345414,
          9.24716
        ]
      },
      "properties": {
        "id": 355,
        "name": "COMB. RCP CROSSING STRUCTURE & VERTICAL DROP STRUCTURE",
        "type": "Thresher Crossing",
        "Structure_Category": "Thresher Crossing",
        "canal_name": "BB LATERAL C",
        "station": "STA 0+735.8",
        "station_m": 735.78,
        "offset_m": 7.3,
        "ele": 144.91,
        "desc": "",
        "comment": "RCP crossing & drop structure",
        "images": "1000GRMN/DSC00410.jpg",
        "elevation_m": 144.91,
        "photo_filename": "DSC00410.jpg",
        "photo_path": "1000GRMN/DSC00410.jpg",
        "surveyor_comment": "RCP crossing & drop structure",
        "survey_date": "2023-8-23"
      }
    },
    {
      "type": "Feature",
      "geometry": {
        "type": "Point",
        "coordinates": [
          118.34673,
          9.264012
        ]
      },
      "properties": {
        "id": 755,
        "name": "START OF CANAL LINING",
        "type": "Station",
        "Structure_Category": "Other Structures",
        "canal_name": "ANITOAN MAIN CANAL 1",
        "station": "STA 0+110.2",
        "station_m": 110.16,
        "offset_m": 0,
        "ele": 34.54,
        "desc": "",
        "comment": "Vertical lining (start); Calibrated (2026-10-06): Re-indexed to STA 0+110.2 measuring downstream from Malinao Dam (0+000 Origin). Previous legacy calculation: STA 0+881.9.",
        "images": "1000GRMN/",
        "elevation_m": 34.54,
        "photo_filename": "",
        "photo_path": "1000GRMN/",
        "surveyor_comment": "Vertical lining (start)",
        "survey_date": "2023-10-27",
        "station_source": "Calibrated Projection (Dam 0+000 Origin)"
      }
    },
    {
      "type": "Feature",
      "geometry": {
        "type": "Point",
        "coordinates": [
          118.349208,
          9.262275
        ]
      },
      "properties": {
        "id": 757,
        "name": "THRESHER CROSSING STR.",
        "type": "Thresher Crossing",
        "Structure_Category": "Thresher Crossing",
        "canal_name": "ANITOAN MAIN CANAL 1",
        "station": "STA 0+482.7",
        "station_m": 482.73,
        "offset_m": 2.52,
        "ele": 36.24,
        "desc": "",
        "comment": "Cart crossing str; Calibrated (2026-10-06): Re-indexed to STA 0+482.7 measuring downstream from Malinao Dam (0+000 Origin). Previous legacy calculation: STA 0+509.3.",
        "images": "1000GRMN/DSC00017.jpg",
        "elevation_m": 36.24,
        "photo_filename": "DSC00017.jpg",
        "photo_path": "1000GRMN/DSC00017.jpg",
        "surveyor_comment": "Cart crossing str",
        "survey_date": "2023-11-7",
        "station_source": "Calibrated Projection (Dam 0+000 Origin)"
      }
    },
    {
      "type": "Feature",
      "geometry": {
        "type": "Point",
        "coordinates": [
          118.350441,
          9.262007
        ]
      },
      "properties": {
        "id": 759,
        "name": "MTO #1(L/S) - M1MC",
        "type": "Turnout",
        "Structure_Category": "Turnout (TO)",
        "canal_name": "ANITOAN MAIN CANAL 1",
        "station": "STA 0+623.8",
        "station_m": 623.79,
        "offset_m": 1.42,
        "ele": 36.4,
        "desc": "",
        "comment": "Turn out #1 (L/S); Calibrated (2026-10-06): Re-indexed to STA 0+623.8 measuring downstream from Malinao Dam (0+000 Origin). Previous legacy calculation: STA 0+368.2.",
        "images": "1000GRMN/DSC00020.jpg",
        "elevation_m": 36.4,
        "photo_filename": "DSC00020.jpg",
        "photo_path": "1000GRMN/DSC00020.jpg",
        "surveyor_comment": "Turn out #1 (L/S)",
        "survey_date": "2023-11-7",
        "station_source": "Calibrated Projection (Dam 0+000 Origin)"
      }
    },
    {
      "type": "Feature",
      "geometry": {
        "type": "Point",
        "coordinates": [
          118.351496,
          9.260294
        ]
      },
      "properties": {
        "id": 761,
        "name": "ROAD CROSSING STR.",
        "type": "Road Crossing",
        "Structure_Category": "Road Crossing",
        "canal_name": "ANITOAN MAIN CANAL 1",
        "station": "STA 0+849.0",
        "station_m": 848.95,
        "offset_m": 5.82,
        "ele": 39,
        "desc": "",
        "comment": "Road crossing str; Calibrated (2026-10-06): Re-indexed to STA 0+849.0 measuring downstream from Malinao Dam (0+000 Origin). Previous legacy calculation: STA 0+143.1.",
        "images": "1000GRMN/DSC00022.jpg",
        "elevation_m": 39,
        "photo_filename": "DSC00022.jpg",
        "photo_path": "1000GRMN/DSC00022.jpg",
        "surveyor_comment": "Road crossing str",
        "survey_date": "2023-11-7",
        "station_source": "Calibrated Projection (Dam 0+000 Origin)"
      }
    },
    {
      "type": "Feature",
      "geometry": {
        "type": "Point",
        "coordinates": [
          118.307452,
          9.244293
        ]
      },
      "properties": {
        "id": 150,
        "name": "INTAKE STRUCTURE - STA. 0+222.26 - STA. 0+241.76",
        "type": "Intake",
        "Structure_Category": "Inlet",
        "canal_name": "FARM DITCH (TRUNK 932 - 931)",
        "station": "STA 0+000.0",
        "station_m": 0,
        "offset_m": 8.18,
        "ele": 37.25,
        "desc": "fa",
        "comment": "Batang batang intake",
        "images": "1000GRMN/DSC00007.jpg",
        "elevation_m": 37.25,
        "photo_filename": "DSC00007.jpg",
        "photo_path": "1000GRMN/DSC00007.jpg",
        "surveyor_comment": "Batang batang intake",
        "survey_date": "2023-8-8"
      }
    },
    {
      "type": "Feature",
      "geometry": {
        "type": "Point",
        "coordinates": [
          118.343176,
          9.20017
        ]
      },
      "properties": {
        "id": 457,
        "name": "HDGT. OF LAT. A2",
        "type": "Head Gate",
        "Structure_Category": "Head Gate",
        "canal_name": "Off-Canal",
        "station": "N/A",
        "station_m": null,
        "offset_m": 259.1,
        "ele": 9.15,
        "desc": "fa",
        "comment": "Headgate of lateral A2 & vertical canal lining",
        "images": "1000GRMN/DSC00586.jpg",
        "elevation_m": 9.15,
        "photo_filename": "DSC00586.jpg",
        "photo_path": "1000GRMN/DSC00586.jpg",
        "surveyor_comment": "Headgate of lateral A2 & vertical canal lining",
        "survey_date": "2023-9-14"
      }
    },
    {
      "type": "Feature",
      "geometry": {
        "type": "Point",
        "coordinates": [
          118.338946,
          9.246684
        ]
      },
      "properties": {
        "id": 352,
        "name": "COMB.  HDGT. OF LATERAL C & THRESHER CROSSING STRUCTURE - STA. 4+622.90 - STA. 4+642.40",
        "type": "Head Gate",
        "Structure_Category": "Head Gate",
        "canal_name": "BATANG BATANG MAIN CANAL (SEGMENT 943)",
        "station": "STA 0+444.9",
        "station_m": 444.93,
        "offset_m": 0.41,
        "ele": 163.26,
        "desc": "fa",
        "comment": "Comb. headgate, road crossing & inclined drop structure",
        "images": "1000GRMN/DSC00407.jpg",
        "elevation_m": 163.26,
        "photo_filename": "DSC00407.jpg",
        "photo_path": "1000GRMN/DSC00407.jpg",
        "surveyor_comment": "Comb. headgate, road crossing & inclined drop structure",
        "survey_date": "2023-8-23"
      }
    },
    {
      "type": "Feature",
      "geometry": {
        "type": "Point",
        "coordinates": [
          118.345819,
          9.264385
        ]
      },
      "properties": {
        "id": 754,
        "name": "INTAKE GATE STR.",
        "type": "Intake",
        "Structure_Category": "Inlet",
        "canal_name": "ANITOAN MAIN CANAL 1",
        "station": "STA 0+000.0",
        "station_m": 0,
        "offset_m": 1.14,
        "ele": 35.08,
        "desc": "fa",
        "comment": "Intake; Calibrated (2026-10-06): Re-indexed to STA 0+000.0 measuring downstream from Malinao Dam (0+000 Origin). Previous legacy calculation: STA 0+992.0.",
        "images": "1000GRMN/",
        "elevation_m": 35.08,
        "photo_filename": "",
        "photo_path": "1000GRMN/",
        "surveyor_comment": "Intake",
        "survey_date": "2023-10-27",
        "station_source": "Calibrated Projection (Dam 0+000 Origin)"
      }
    },
    {
      "type": "Feature",
      "geometry": {
        "type": "Point",
        "coordinates": [
          118.350168,
          9.2683
        ]
      },
      "properties": {
        "id": 183,
        "name": "THRESHER CROSSING STR. STA. 8+615.90-8+831.90",
        "type": "Thresher Crossing",
        "Structure_Category": "Thresher Crossing",
        "canal_name": "FARM DITCH (TRUNK 1004 - 1010)",
        "station": "STA 0+012.4",
        "station_m": 12.4,
        "offset_m": 2,
        "ele": 31.14,
        "desc": "",
        "comment": "Thresher crossig",
        "images": "1000GRMN/DSC00038.jpg",
        "elevation_m": 31.14,
        "photo_filename": "DSC00038.jpg",
        "photo_path": "1000GRMN/DSC00038.jpg",
        "surveyor_comment": "Thresher crossig",
        "survey_date": "2023-8-9"
      }
    },
    {
      "type": "Feature",
      "geometry": {
        "type": "Point",
        "coordinates": [
          118.327452,
          9.2269
        ]
      },
      "properties": {
        "id": 520,
        "name": "RCP CROSSING STR.",
        "type": "Road Crossing",
        "Structure_Category": "Road Crossing",
        "canal_name": "FARM DITCH (TRUNK 957 - 969)",
        "station": "STA 0+017.5",
        "station_m": 17.5,
        "offset_m": 0.84,
        "ele": 218.26,
        "desc": "",
        "comment": "RCP crossing structure",
        "images": "1000GRMN/DSC00470.jpg",
        "elevation_m": 218.26,
        "photo_filename": "DSC00470.jpg",
        "photo_path": "1000GRMN/DSC00470.jpg",
        "surveyor_comment": "RCP crossing structure",
        "survey_date": "2023-9-1"
      }
    },
    {
      "type": "Feature",
      "geometry": {
        "type": "Point",
        "coordinates": [
          118.350899,
          9.238252
        ]
      },
      "properties": {
        "id": 367,
        "name": "UNAUTHORIZED TURN - OUT",
        "type": "Unauthorized Turnout",
        "Structure_Category": "Turnout (TO)",
        "canal_name": "BB LATERAL C",
        "station": "STA 1+905.4",
        "station_m": 1905.44,
        "offset_m": 0.28,
        "ele": 139.97,
        "desc": "",
        "comment": "Turn out (L/S) elligal",
        "images": "1000GRMN/DSC00424.jpg",
        "elevation_m": 139.97,
        "photo_filename": "DSC00424.jpg",
        "photo_path": "1000GRMN/DSC00424.jpg",
        "surveyor_comment": "Turn out (L/S) elligal",
        "survey_date": "2023-8-23"
      }
    },
    {
      "type": "Feature",
      "geometry": {
        "type": "Point",
        "coordinates": [
          118.361036,
          9.22514
        ]
      },
      "properties": {
        "id": 348,
        "name": "THRESHER CROSSING STR.",
        "type": "Thresher Crossing",
        "Structure_Category": "Thresher Crossing",
        "canal_name": "BB LATERAL C",
        "station": "STA 3+835.9",
        "station_m": 3835.95,
        "offset_m": 1.09,
        "ele": 80.55,
        "desc": "",
        "comment": "Cart crossing",
        "images": "1000GRMN/DSC00213.jpg",
        "elevation_m": 80.55,
        "photo_filename": "DSC00213.jpg",
        "photo_path": "1000GRMN/DSC00213.jpg",
        "surveyor_comment": "Cart crossing",
        "survey_date": "2023-8-23"
      }
    },
    {
      "type": "Feature",
      "geometry": {
        "type": "Point",
        "coordinates": [
          118.381306,
          9.283361
        ]
      },
      "properties": {
        "id": 485,
        "name": "THRESHER CROSSING STR.",
        "type": "Thresher Crossing",
        "Structure_Category": "Thresher Crossing",
        "canal_name": "FARM DITCH (TRUNK 1030 - 1033)",
        "station": "STA 0+001.5",
        "station_m": 1.48,
        "offset_m": 4.16,
        "ele": 41.61,
        "desc": "",
        "comment": "Thresher crossing structure",
        "images": "1000GRMN/DSC00530.jpg",
        "elevation_m": 41.61,
        "photo_filename": "DSC00530.jpg",
        "photo_path": "1000GRMN/DSC00530.jpg",
        "surveyor_comment": "Thresher crossing structure",
        "survey_date": "2023-9-7"
      }
    },
    {
      "type": "Feature",
      "geometry": {
        "type": "Point",
        "coordinates": [
          118.384146,
          9.29415
        ]
      },
      "properties": {
        "id": 494,
        "name": "THRESHER CROSSING STR.",
        "type": "Thresher Crossing",
        "Structure_Category": "Thresher Crossing",
        "canal_name": "FARM DITCH (PANACAN SUPPLY CANAL 2 - 1048)",
        "station": "STA 0+002.1",
        "station_m": 2.1,
        "offset_m": 1.09,
        "ele": 48.38,
        "desc": "",
        "comment": "Thresher crossing structure",
        "images": "1000GRMN/DSC00539.jpg",
        "elevation_m": 48.38,
        "photo_filename": "DSC00539.jpg",
        "photo_path": "1000GRMN/DSC00539.jpg",
        "surveyor_comment": "Thresher crossing structure",
        "survey_date": "2023-9-7"
      }
    },
    {
      "type": "Feature",
      "geometry": {
        "type": "Point",
        "coordinates": [
          118.392362,
          9.295376
        ]
      },
      "properties": {
        "id": 241,
        "name": "INCLINED DROP STR.",
        "type": "Drop",
        "Structure_Category": "Thresher Crossing",
        "canal_name": "LATERAL I (SEGMENT 1288)",
        "station": "STA 0+014.8",
        "station_m": 14.84,
        "offset_m": 3.66,
        "ele": 62.63,
        "desc": "",
        "comment": "Inclined drop & cart crossing",
        "images": "1000GRMN/DSC00301.jpg",
        "elevation_m": 62.63,
        "photo_filename": "DSC00301.jpg",
        "photo_path": "1000GRMN/DSC00301.jpg",
        "surveyor_comment": "Inclined drop & cart crossing",
        "survey_date": "2023-8-15"
      }
    },
    {
      "type": "Feature",
      "geometry": {
        "type": "Point",
        "coordinates": [
          118.376935,
          9.250146
        ]
      },
      "properties": {
        "id": 752,
        "name": "ROAD CROSSING STR. (HIGHWAY)",
        "type": "Road Crossing",
        "Structure_Category": "Road Crossing",
        "canal_name": "LATERAL E (SEGMENT 1165)",
        "station": "STA 0+012.9",
        "station_m": 12.91,
        "offset_m": 5.89,
        "ele": 33.05,
        "desc": "",
        "comment": "Road Crossing & Drop Str (Highway)",
        "images": "1000GRMN/DSC00654.jpg",
        "elevation_m": 33.05,
        "photo_filename": "DSC00654.jpg",
        "photo_path": "1000GRMN/DSC00654.jpg",
        "surveyor_comment": "Road Crossing & Drop Str (Highway)",
        "survey_date": "2023-10-10"
      }
    },
    {
      "type": "Feature",
      "geometry": {
        "type": "Point",
        "coordinates": [
          118.382185,
          9.277192
        ]
      },
      "properties": {
        "id": 266,
        "name": "RCP CROSSING STR. INCLINED DROP STR.",
        "type": "Drop",
        "Structure_Category": "Road Crossing",
        "canal_name": "LATERAL G (SEGMENT 1192)",
        "station": "STA 0+009.3",
        "station_m": 9.35,
        "offset_m": 4.82,
        "ele": 59.28,
        "desc": "",
        "comment": "RCP crossing & inclined drop STR.",
        "images": "1000GRMN/DSC00255.jpg",
        "elevation_m": 59.28,
        "photo_filename": "DSC00255.jpg",
        "photo_path": "1000GRMN/DSC00255.jpg",
        "surveyor_comment": "RCP crossing & inclined drop STR.",
        "survey_date": "2023-8-11"
      }
    },
    {
      "type": "Feature",
      "geometry": {
        "type": "Point",
        "coordinates": [
          118.349422,
          9.253766
        ]
      },
      "properties": {
        "id": 511,
        "name": "MTO #1(L/S) - CMMC",
        "type": "Turnout",
        "Structure_Category": "Turnout (TO)",
        "canal_name": "CENTRAL MALINAO MAIN CANAL",
        "station": "STA 0+242.8",
        "station_m": 242.79,
        "offset_m": 0.65,
        "ele": 37.59,
        "desc": "",
        "comment": "Turn out #1 (L/S)",
        "images": "1000GRMN/DSC00501.jpg",
        "elevation_m": 37.59,
        "photo_filename": "DSC00501.jpg",
        "photo_path": "1000GRMN/DSC00501.jpg",
        "surveyor_comment": "Turn out #1 (L/S)",
        "survey_date": "2023-9-4"
      }
    },
    {
      "type": "Feature",
      "geometry": {
        "type": "Point",
        "coordinates": [
          118.352482,
          9.250037
        ]
      },
      "properties": {
        "id": 718,
        "name": "THRESHER CROSSING STR.",
        "type": "Thresher Crossing",
        "Structure_Category": "Thresher Crossing",
        "canal_name": "CENTRAL MALINAO MAIN CANAL",
        "station": "STA 0+786.1",
        "station_m": 786.12,
        "offset_m": 0.9,
        "ele": 45.68,
        "desc": "",
        "comment": "Cart crossing",
        "images": "GPS 08/1000GRMN/",
        "elevation_m": 45.68,
        "photo_filename": "",
        "photo_path": "GPS 08/1000GRMN/",
        "surveyor_comment": "Cart crossing",
        "survey_date": "2023-9-4"
      }
    },
    {
      "type": "Feature",
      "geometry": {
        "type": "Point",
        "coordinates": [
          118.359212,
          9.250353
        ]
      },
      "properties": {
        "id": 477,
        "name": "THRESHER CROSSING STR.",
        "type": "Thresher Crossing",
        "Structure_Category": "Thresher Crossing",
        "canal_name": "CENTRAL MALINAO MAIN CANAL",
        "station": "STA 1+596.7",
        "station_m": 1596.68,
        "offset_m": 5.92,
        "ele": 7.46,
        "desc": "",
        "comment": "Cart crossing structure",
        "images": "1000GRMN/DSC00522.jpg",
        "elevation_m": 7.46,
        "photo_filename": "DSC00522.jpg",
        "photo_path": "1000GRMN/DSC00522.jpg",
        "surveyor_comment": "Cart crossing structure",
        "survey_date": "2023-9-6"
      }
    },
    {
      "type": "Feature",
      "geometry": {
        "type": "Point",
        "coordinates": [
          118.388914,
          9.249612
        ]
      },
      "properties": {
        "id": 665,
        "name": "RCP CROSSING STR.",
        "type": "Road Crossing",
        "Structure_Category": "Road Crossing",
        "canal_name": "BB LATERAL F",
        "station": "STA 3+760.3",
        "station_m": 3760.32,
        "offset_m": 2.86,
        "ele": 23.62,
        "desc": "",
        "comment": "Rcp crossing",
        "images": "1000GRMN/DSC00076.jpg",
        "elevation_m": 23.62,
        "photo_filename": "DSC00076.jpg",
        "photo_path": "1000GRMN/DSC00076.jpg",
        "surveyor_comment": "Rcp crossing",
        "survey_date": "2023-8-10"
      }
    },
    {
      "type": "Feature",
      "geometry": {
        "type": "Point",
        "coordinates": [
          118.391603,
          9.282624
        ]
      },
      "properties": {
        "id": 301,
        "name": "THRESHER CROSSING STR.",
        "type": "Thresher Crossing",
        "Structure_Category": "Thresher Crossing",
        "canal_name": "FARM DITCH (TRUNK 1310 - 1301)",
        "station": "STA 0+020.1",
        "station_m": 20.08,
        "offset_m": 0.55,
        "ele": 81.16,
        "desc": "",
        "comment": "Bull-cart crossing",
        "images": "1000GRMN/DSC00291.jpg",
        "elevation_m": 81.16,
        "photo_filename": "DSC00291.jpg",
        "photo_path": "1000GRMN/DSC00291.jpg",
        "surveyor_comment": "Bull-cart crossing",
        "survey_date": "2023-8-11"
      }
    },
    {
      "type": "Feature",
      "geometry": {
        "type": "Point",
        "coordinates": [
          118.396989,
          9.291262
        ]
      },
      "properties": {
        "id": 245,
        "name": "ROAD CROSSING STR.",
        "type": "Road Crossing",
        "Structure_Category": "Road Crossing",
        "canal_name": "LATERAL I (SEGMENT 1307)",
        "station": "STA 0+071.2",
        "station_m": 71.2,
        "offset_m": 4.83,
        "ele": 59.55,
        "desc": "",
        "comment": "Road crossing structure",
        "images": "1000GRMN/DSC00305.jpg",
        "elevation_m": 59.55,
        "photo_filename": "DSC00305.jpg",
        "photo_path": "1000GRMN/DSC00305.jpg",
        "surveyor_comment": "Road crossing structure",
        "survey_date": "2023-8-15"
      }
    },
    {
      "type": "Feature",
      "geometry": {
        "type": "Point",
        "coordinates": [
          118.345749,
          9.264379
        ]
      },
      "properties": {
        "id": 753,
        "name": "MALINAO DAM 1",
        "type": "Dam",
        "Structure_Category": "Diversion Dam / Weir",
        "canal_name": "ANITOAN MAIN CANAL 1",
        "station": "STA 0+000.0",
        "station_m": 0,
        "offset_m": 8.7,
        "ele": 35.09,
        "desc": "",
        "comment": "Anitoan Dam 1; Calibrated (2026-10-06): Re-indexed to STA 0+000.0 measuring downstream from Malinao Dam (0+000 Origin). Previous legacy calculation: STA 0+992.0.",
        "images": "1000GRMN/",
        "elevation_m": 35.09,
        "photo_filename": "",
        "photo_path": "1000GRMN/",
        "surveyor_comment": "Anitoan Dam 1",
        "survey_date": "2023-10-27",
        "station_source": "Calibrated Projection (Dam 0+000 Origin)"
      }
    },
    {
      "type": "Feature",
      "geometry": {
        "type": "Point",
        "coordinates": [
          118.350933,
          9.261305
        ]
      },
      "properties": {
        "id": 760,
        "name": "MTO #2(L/S) - M1MC",
        "type": "Turnout",
        "Structure_Category": "Turnout (TO)",
        "canal_name": "ANITOAN MAIN CANAL 1",
        "station": "STA 0+721.0",
        "station_m": 721.03,
        "offset_m": 0.56,
        "ele": 39,
        "desc": "",
        "comment": "Turn out #2 (L/S); Calibrated (2026-10-06): Re-indexed to STA 0+721.0 measuring downstream from Malinao Dam (0+000 Origin). Previous legacy calculation: STA 0+271.0.",
        "images": "1000GRMN/DSC00021.jpg",
        "elevation_m": 39,
        "photo_filename": "DSC00021.jpg",
        "photo_path": "1000GRMN/DSC00021.jpg",
        "surveyor_comment": "Turn out #2 (L/S)",
        "survey_date": "2023-11-7",
        "station_source": "Calibrated Projection (Dam 0+000 Origin)"
      }
    },
    {
      "type": "Feature",
      "geometry": {
        "type": "Point",
        "coordinates": [
          118.396387,
          9.27615
        ]
      },
      "properties": {
        "id": 307,
        "name": "CMBN. MTO #9 & SIPHON STR.",
        "type": "Siphon",
        "Structure_Category": "Turnout (TO)",
        "canal_name": "FARM DITCH (TRUNK 1310 - 1315)",
        "station": "STA 0+008.2",
        "station_m": 8.15,
        "offset_m": 3.1,
        "ele": 70.08,
        "desc": "",
        "comment": "Comb.turn out #9 &crossing/oriffice",
        "images": "1000GRMN/DSC00297.jpg",
        "elevation_m": 70.08,
        "photo_filename": "DSC00297.jpg",
        "photo_path": "1000GRMN/DSC00297.jpg",
        "surveyor_comment": "Comb.turn out #9 &crossing/oriffice",
        "survey_date": "2023-8-11"
      }
    },
    {
      "type": "Feature",
      "geometry": {
        "type": "Point",
        "coordinates": [
          118.405084,
          9.302832
        ]
      },
      "properties": {
        "id": 692,
        "name": "UNATHORIZED TURNOUT",
        "type": "Unauthorized Turnout",
        "Structure_Category": "Turnout (TO)",
        "canal_name": "BB LATERAL J",
        "station": "STA 0+865.5",
        "station_m": 865.45,
        "offset_m": 4.49,
        "ele": 50.64,
        "desc": "",
        "comment": "Turn out  (L/S)",
        "images": "1000GRMN/DSC00122.jpg",
        "elevation_m": 50.64,
        "photo_filename": "DSC00122.jpg",
        "photo_path": "1000GRMN/DSC00122.jpg",
        "surveyor_comment": "Turn out (L/S)",
        "survey_date": "2023-8-16"
      }
    },
    {
      "type": "Feature",
      "geometry": {
        "type": "Point",
        "coordinates": [
          118.41447,
          9.27484
        ]
      },
      "properties": {
        "id": 764,
        "name": "545",
        "type": "Other Structures",
        "Structure_Category": "Diversion Dam / Weir",
        "canal_name": "Off-Canal",
        "station": "N/A",
        "station_m": null,
        "offset_m": 1506.09,
        "ele": 16.42,
        "desc": "",
        "comment": "GUMINOBAT DAM",
        "images": "1000GRMN/DSC00567.jpg",
        "elevation_m": 16.42,
        "photo_filename": "DSC00567.jpg",
        "photo_path": "1000GRMN/DSC00567.jpg",
        "surveyor_comment": "GUMINOBAT DAM",
        "survey_date": "2025-5-20"
      }
    },
    {
      "type": "Feature",
      "geometry": {
        "type": "Point",
        "coordinates": [
          118.342015,
          9.23118
        ]
      },
      "properties": {
        "id": 771,
        "name": "ROAD CROSSING STRUCTURE",
        "type": "Road Crossing",
        "Structure_Category": "Road Crossing",
        "canal_name": "FARM DITCH (TRUNK 925 - 1334)",
        "station": "STA 0+003.1",
        "station_m": 3.14,
        "offset_m": 4.62,
        "ele": 28.33,
        "desc": "",
        "comment": "",
        "images": "1000GRMN/DSC00574.jpg",
        "elevation_m": 28.33,
        "photo_filename": "DSC00574.jpg",
        "photo_path": "1000GRMN/DSC00574.jpg",
        "surveyor_comment": null,
        "survey_date": "2025-5-20"
      }
    },
    {
      "type": "Feature",
      "geometry": {
        "type": "Point",
        "coordinates": [
          118.400141,
          9.288034
        ]
      },
      "properties": {
        "id": 225,
        "name": "MTO #8(L/S) - LAT. I",
        "type": "Unauthorized Turnout",
        "Structure_Category": "Turnout (TO)",
        "canal_name": "LATERAL I (SEGMENT 1317)",
        "station": "STA 0+188.8",
        "station_m": 188.75,
        "offset_m": 2.99,
        "ele": 52.61,
        "desc": "",
        "comment": "Turn out #8 (L/S)",
        "images": "1000GRMN/DSC00093.jpg",
        "elevation_m": 52.61,
        "photo_filename": "DSC00093.jpg",
        "photo_path": "1000GRMN/DSC00093.jpg",
        "surveyor_comment": "Turn out #8 (L/S)",
        "survey_date": "2023-8-15"
      }
    },
    {
      "type": "Feature",
      "geometry": {
        "type": "Point",
        "coordinates": [
          118.342728,
          9.231365
        ]
      },
      "properties": {
        "id": 773,
        "name": "THRESHER CROSSING STR.",
        "type": "Thresher Crossing",
        "Structure_Category": "Thresher Crossing",
        "canal_name": "LATERAL B1 (SEGMENT 925)",
        "station": "STA 0+907.3",
        "station_m": 907.34,
        "offset_m": 0.83,
        "ele": 28.33,
        "desc": "",
        "comment": "",
        "images": "1000GRMN/DSC00576.jpg",
        "elevation_m": 28.33,
        "photo_filename": "DSC00576.jpg",
        "photo_path": "1000GRMN/DSC00576.jpg",
        "surveyor_comment": null,
        "survey_date": "2025-5-20"
      }
    },
    {
      "type": "Feature",
      "geometry": {
        "type": "Point",
        "coordinates": [
          118.343046,
          9.231475
        ]
      },
      "properties": {
        "id": 774,
        "name": "THRESHER CROSSING STR.",
        "type": "Thresher Crossing",
        "Structure_Category": "Thresher Crossing",
        "canal_name": "LATERAL B1 (SEGMENT 925)",
        "station": "STA 0+944.4",
        "station_m": 944.43,
        "offset_m": 2,
        "ele": 28.32,
        "desc": "",
        "comment": "",
        "images": "1000GRMN/DSC00577.jpg",
        "elevation_m": 28.32,
        "photo_filename": "DSC00577.jpg",
        "photo_path": "1000GRMN/DSC00577.jpg",
        "surveyor_comment": null,
        "survey_date": "2025-5-20"
      }
    },
    {
      "type": "Feature",
      "geometry": {
        "type": "Point",
        "coordinates": [
          118.344312,
          9.231864
        ]
      },
      "properties": {
        "id": 775,
        "name": "THRESHER CROSSING STR.",
        "type": "Thresher Crossing",
        "Structure_Category": "Thresher Crossing",
        "canal_name": "LATERAL B1 (SEGMENT 925)",
        "station": "STA 1+090.5",
        "station_m": 1090.46,
        "offset_m": 1.65,
        "ele": 28.32,
        "desc": "",
        "comment": "",
        "images": "1000GRMN/DSC00578.jpg",
        "elevation_m": 28.32,
        "photo_filename": "DSC00578.jpg",
        "photo_path": "1000GRMN/DSC00578.jpg",
        "surveyor_comment": null,
        "survey_date": "2025-5-20"
      }
    },
    {
      "type": "Feature",
      "geometry": {
        "type": "Point",
        "coordinates": [
          118.344785,
          9.231999
        ]
      },
      "properties": {
        "id": 776,
        "name": "DMTO #1",
        "type": "Turnout",
        "Structure_Category": "Turnout (TO)",
        "canal_name": "LATERAL B1 (SEGMENT 925)",
        "station": "STA 1+144.7",
        "station_m": 1144.68,
        "offset_m": 0.49,
        "ele": 28.32,
        "desc": "",
        "comment": "",
        "images": "1000GRMN/DSC00579.jpg",
        "elevation_m": 28.32,
        "photo_filename": "DSC00579.jpg",
        "photo_path": "1000GRMN/DSC00579.jpg",
        "surveyor_comment": null,
        "survey_date": "2025-5-20"
      }
    },
    {
      "type": "Feature",
      "geometry": {
        "type": "Point",
        "coordinates": [
          118.393257,
          9.317104
        ]
      },
      "properties": {
        "id": 584,
        "name": "THRESHER CROSSING STR.",
        "type": "Thresher Crossing",
        "Structure_Category": "Thresher Crossing",
        "canal_name": "UPPER LAPU - LAPU MAIN CANAL",
        "station": "STA 1+394.0",
        "station_m": 1394.05,
        "offset_m": 0.35,
        "ele": 113.76,
        "desc": "",
        "comment": "Thesher x-ing",
        "images": "1000GRMN/DSC00135.jpg",
        "elevation_m": 113.76,
        "photo_filename": "DSC00135.jpg",
        "photo_path": "1000GRMN/DSC00135.jpg",
        "surveyor_comment": "Thesher x-ing",
        "survey_date": "2023-8-17"
      }
    },
    {
      "type": "Feature",
      "geometry": {
        "type": "Point",
        "coordinates": [
          118.372018,
          9.264928
        ]
      },
      "properties": {
        "id": 766,
        "name": "ROAD CROSSING STR.",
        "type": "Road Crossing",
        "Structure_Category": "Road Crossing",
        "canal_name": "LATERAL E (SEGMENT 926)",
        "station": "STA 0+210.9",
        "station_m": 210.93,
        "offset_m": 0.05,
        "ele": 16.43,
        "desc": "",
        "comment": "Road crossing str",
        "images": "1000GRMN/DSC00569.jpg",
        "elevation_m": 16.43,
        "photo_filename": "DSC00569.jpg",
        "photo_path": "1000GRMN/DSC00569.jpg",
        "surveyor_comment": "Road crossing str",
        "survey_date": "2025-5-20"
      }
    },
    {
      "type": "Feature",
      "geometry": {
        "type": "Point",
        "coordinates": [
          118.373352,
          9.262844
        ]
      },
      "properties": {
        "id": 767,
        "name": "CART CROSSING STR.",
        "type": "Thresher Crossing",
        "Structure_Category": "Thresher Crossing",
        "canal_name": "LATERAL E (SEGMENT 1121)",
        "station": "STA 0+249.3",
        "station_m": 249.3,
        "offset_m": 1.77,
        "ele": 16.42,
        "desc": "",
        "comment": "Cart crossing",
        "images": "1000GRMN/DSC00570.jpg",
        "elevation_m": 16.42,
        "photo_filename": "DSC00570.jpg",
        "photo_path": "1000GRMN/DSC00570.jpg",
        "surveyor_comment": "Cart crossing",
        "survey_date": "2025-5-20"
      }
    },
    {
      "type": "Feature",
      "geometry": {
        "type": "Point",
        "coordinates": [
          118.373354,
          9.262798
        ]
      },
      "properties": {
        "id": 768,
        "name": "OUTLET OF SUPPLY CANAL",
        "type": "Outlet",
        "Structure_Category": "Outlet",
        "canal_name": "LATERAL E (SEGMENT 926)",
        "station": "STA 0+494.5",
        "station_m": 494.49,
        "offset_m": 0.34,
        "ele": 16.42,
        "desc": "",
        "comment": "End of canal",
        "images": "1000GRMN/DSC00571.jpg",
        "elevation_m": 16.42,
        "photo_filename": "DSC00571.jpg",
        "photo_path": "1000GRMN/DSC00571.jpg",
        "surveyor_comment": "End of canal",
        "survey_date": "2025-5-20"
      }
    },
    {
      "type": "Feature",
      "geometry": {
        "type": "Point",
        "coordinates": [
          118.37358,
          9.266006
        ]
      },
      "properties": {
        "id": 765,
        "name": "START OF CANAL LINING",
        "type": "Inlet",
        "Structure_Category": "Inlet",
        "canal_name": "LATERAL E (SEGMENT 926)",
        "station": "STA 0+000.0",
        "station_m": 0,
        "offset_m": 0.97,
        "ele": 16.43,
        "desc": "",
        "comment": "Canal lining",
        "images": "1000GRMN/DSC00568.jpg",
        "elevation_m": 16.43,
        "photo_filename": "DSC00568.jpg",
        "photo_path": "1000GRMN/DSC00568.jpg",
        "surveyor_comment": "Canal lining",
        "survey_date": "2025-5-20"
      }
    },
    {
      "type": "Feature",
      "geometry": {
        "type": "Point",
        "coordinates": [
          118.334749,
          9.229671
        ]
      },
      "properties": {
        "id": 770,
        "name": "START OF EARTH CANAL",
        "type": "Inlet",
        "Structure_Category": "Inlet",
        "canal_name": "LATERAL B1 (SEGMENT 925)",
        "station": "STA 0+005.9",
        "station_m": 5.92,
        "offset_m": 0.8,
        "ele": 34.97,
        "desc": "",
        "comment": "",
        "images": "1000GRMN/DSC00573.jpg",
        "elevation_m": 34.97,
        "photo_filename": "DSC00573.jpg",
        "photo_path": "1000GRMN/DSC00573.jpg",
        "surveyor_comment": null,
        "survey_date": "2025-5-20"
      }
    },
    {
      "type": "Feature",
      "geometry": {
        "type": "Point",
        "coordinates": [
          118.342072,
          9.231173
        ]
      },
      "properties": {
        "id": 772,
        "name": "START OF CANAL LINING",
        "type": "Inlet",
        "Structure_Category": "Inlet",
        "canal_name": "FARM DITCH (TRUNK 925 - 1334)",
        "station": "STA 0+008.9",
        "station_m": 8.94,
        "offset_m": 2.07,
        "ele": 28.33,
        "desc": "",
        "comment": "",
        "images": "1000GRMN/DSC00575.jpg",
        "elevation_m": 28.33,
        "photo_filename": "DSC00575.jpg",
        "photo_path": "1000GRMN/DSC00575.jpg",
        "surveyor_comment": null,
        "survey_date": "2025-5-20"
      }
    },
    {
      "type": "Feature",
      "geometry": {
        "type": "Point",
        "coordinates": [
          118.344949,
          9.231761
        ]
      },
      "properties": {
        "id": 777,
        "name": "END OF CANAL LINING",
        "type": "Outlet",
        "Structure_Category": "Outlet",
        "canal_name": "LATERAL B1 (SEGMENT 925)",
        "station": "STA 1+176.3",
        "station_m": 1176.35,
        "offset_m": 0.29,
        "ele": 28.31,
        "desc": "",
        "comment": "",
        "images": "1000GRMN/DSC00580.jpg",
        "elevation_m": 28.31,
        "photo_filename": "DSC00580.jpg",
        "photo_path": "1000GRMN/DSC00580.jpg",
        "surveyor_comment": null,
        "survey_date": "2025-5-20"
      }
    },
    {
      "type": "Feature",
      "geometry": {
        "type": "Point",
        "coordinates": [
          118.371139,
          9.266118
        ]
      },
      "properties": {
        "id": 734,
        "name": "MTO #4(R/S) - LAT. E",
        "type": "Unauthorized Turnout",
        "Structure_Category": "Turnout (TO)",
        "canal_name": "BB LATERAL E",
        "station": "STA 1+424.9",
        "station_m": 1424.91,
        "offset_m": 3.32,
        "ele": 40.96,
        "desc": "",
        "comment": "Turn Out #4 (R/S)",
        "images": "1000GRMN/DSC00630.jpg",
        "elevation_m": 40.96,
        "photo_filename": "DSC00630.jpg",
        "photo_path": "1000GRMN/DSC00630.jpg",
        "surveyor_comment": "Turn Out #4 (R/S)",
        "survey_date": "2023-10-10"
      }
    },
    {
      "type": "Feature",
      "geometry": {
        "type": "Point",
        "coordinates": [
          118.379643,
          9.28174
        ]
      },
      "properties": {
        "id": 192,
        "name": "CMBN. THRESHER CROSSING STR. & HDGT OF LATERAL G",
        "type": "Head Gate",
        "Structure_Category": "Head Gate",
        "canal_name": "LATERAL G (SEGMENT 1031)",
        "station": "STA 0+008.2",
        "station_m": 8.22,
        "offset_m": 0.44,
        "ele": 35.09,
        "desc": "fa",
        "comment": "Comb. thresher crossing & hdgt lateral G.",
        "images": "1000GRMN/DSC00050.jpg",
        "elevation_m": 35.09,
        "photo_filename": "DSC00050.jpg",
        "photo_path": "1000GRMN/DSC00050.jpg",
        "surveyor_comment": "Comb. thresher crossing & hdgt lateral G.",
        "survey_date": "2023-8-9"
      }
    },
    {
      "type": "Feature",
      "geometry": {
        "type": "Point",
        "coordinates": [
          118.399003,
          9.307598
        ]
      },
      "properties": {
        "id": 671,
        "name": "CMBN. THRESHER CROSSING STR., INCLINED DROP STR. & HDGT. OF LATERAL J",
        "type": "Head Gate",
        "Structure_Category": "Head Gate",
        "canal_name": "BB LATERAL J",
        "station": "STA 0+011.7",
        "station_m": 11.74,
        "offset_m": 2.05,
        "ele": 64.9,
        "desc": "fa",
        "comment": "Comb.thresher crossing,inclined drop & headgate of lateral J",
        "images": "../../Lateral F/#8/1000GRMN/DSC00322.jpg",
        "elevation_m": 64.9,
        "photo_filename": "DSC00322.jpg",
        "photo_path": "../../Lateral F/#8/1000GRMN/DSC00322.jpg",
        "surveyor_comment": "Comb.thresher crossing,inclined drop & headgate of lateral J",
        "survey_date": "2023-8-16"
      }
    },
    {
      "type": "Feature",
      "geometry": {
        "type": "Point",
        "coordinates": [
          118.383549,
          9.289129
        ]
      },
      "properties": {
        "id": 288,
        "name": "CMBN ROAD CROSSING STR. HDGT. OF LAT. H",
        "type": "Head Gate",
        "Structure_Category": "Head Gate",
        "canal_name": "LATERAL H (SEGMENT 1271)",
        "station": "STA 0+006.4",
        "station_m": 6.38,
        "offset_m": 1.12,
        "ele": 90.28,
        "desc": "fa",
        "comment": "Comb. road crossing & headgate of lat.H",
        "images": "1000GRMN/DSC00278.jpg",
        "elevation_m": 90.28,
        "photo_filename": "DSC00278.jpg",
        "photo_path": "1000GRMN/DSC00278.jpg",
        "surveyor_comment": "Comb. road crossing & headgate of lat.H",
        "survey_date": "2023-8-11"
      }
    },
    {
      "type": "Feature",
      "geometry": {
        "type": "Point",
        "coordinates": [
          118.334686,
          9.229674
        ]
      },
      "properties": {
        "id": 769,
        "name": "COMB. HDGT. OF LATERAL B1 & ROAD CROSSING",
        "type": "Head Gate",
        "Structure_Category": "Head Gate",
        "canal_name": "LATERAL B (SEGMENT 1062)",
        "station": "STA 0+004.8",
        "station_m": 4.83,
        "offset_m": 0.91,
        "ele": 34.92,
        "desc": "fa",
        "comment": "",
        "images": "1000GRMN/DSC00572.jpg",
        "elevation_m": 34.92,
        "photo_filename": "DSC00572.jpg",
        "photo_path": "1000GRMN/DSC00572.jpg",
        "surveyor_comment": null,
        "survey_date": "2025-5-20"
      }
    },
    {
      "type": "Feature",
      "geometry": {
        "type": "Point",
        "coordinates": [
          118.39334,
          9.317152
        ]
      },
      "properties": {
        "id": 546,
        "name": "HDGT. OF UPPER LAPU-LAPU LATERAL B",
        "type": "Head Gate",
        "Structure_Category": "Head Gate",
        "canal_name": "UPPER LAPU - LAPU MAIN CANAL",
        "station": "STA 1+404.4",
        "station_m": 1404.42,
        "offset_m": 1.72,
        "ele": 114.91,
        "desc": "fa",
        "comment": "Headgate.of lateral.C",
        "images": "1000GRMN/DSC00346.jpg",
        "elevation_m": 114.91,
        "photo_filename": "DSC00346.jpg",
        "photo_path": "1000GRMN/DSC00346.jpg",
        "surveyor_comment": "Headgate.of lateral.C",
        "survey_date": "2023-8-17"
      }
    },
    {
      "type": "Feature",
      "geometry": {
        "type": "Point",
        "coordinates": [
          118.365713,
          9.277649
        ]
      },
      "properties": {
        "id": 188,
        "name": "085",
        "type": "Head Gate",
        "Structure_Category": "Head Gate",
        "canal_name": "LATERAL E (SEGMENT 1022)",
        "station": "STA 0+006.2",
        "station_m": 6.25,
        "offset_m": 1.49,
        "ele": 31.12,
        "desc": "fa",
        "comment": "Comb. thresher crossing, turn out #18 gt of lateral E",
        "images": "1000GRMN/DSC00045.jpg",
        "elevation_m": 31.12,
        "photo_filename": "DSC00045.jpg",
        "photo_path": "1000GRMN/DSC00045.jpg",
        "surveyor_comment": "Comb. thresher crossing, turn out #18 gt of lateral E",
        "survey_date": "2023-8-9"
      }
    },
    {
      "type": "Feature",
      "geometry": {
        "type": "Point",
        "coordinates": [
          118.371012,
          9.278061
        ]
      },
      "properties": {
        "id": 189,
        "name": "086",
        "type": "Head Gate",
        "Structure_Category": "Head Gate",
        "canal_name": "FARM DITCH (BB LATERAL F - 1025)",
        "station": "STA 0+007.2",
        "station_m": 7.17,
        "offset_m": 0.49,
        "ele": 31.12,
        "desc": "fa",
        "comment": "Comb.thresher crossing turn out #20 &hdgt of tateral F",
        "images": "1000GRMN/DSC00046.jpg",
        "elevation_m": 31.12,
        "photo_filename": "DSC00046.jpg",
        "photo_path": "1000GRMN/DSC00046.jpg",
        "surveyor_comment": "Comb.thresher crossing turn out #20 &hdgt of tateral F",
        "survey_date": "2023-8-9"
      }
    },
    {
      "type": "Feature",
      "geometry": {
        "type": "Point",
        "coordinates": [
          118.33774,
          9.209732
        ]
      },
      "properties": {
        "id": 426,
        "name": "HDGT. OF LATERAL A1 & DMTO #1 - LAT. A1",
        "type": "Head Gate",
        "Structure_Category": "Head Gate",
        "canal_name": "LATERAL A (SEGMENT 992)",
        "station": "STA 0+064.0",
        "station_m": 63.97,
        "offset_m": 2.11,
        "ele": 31.07,
        "desc": "fa",
        "comment": "Headgate of lateral A1",
        "images": "1000GRMN/DSC00554.jpg",
        "elevation_m": 31.07,
        "photo_filename": "DSC00554.jpg",
        "photo_path": "1000GRMN/DSC00554.jpg",
        "surveyor_comment": "Headgate of lateral A1",
        "survey_date": "2023-9-12"
      }
    },
    {
      "type": "Feature",
      "geometry": {
        "type": "Point",
        "coordinates": [
          118.347628,
          9.254968
        ]
      },
      "properties": {
        "id": 507,
        "name": "INLET STR.",
        "type": "Intake",
        "Structure_Category": "Inlet",
        "canal_name": "CENTRAL MALINAO MAIN CANAL",
        "station": "STA 0+000.0",
        "station_m": 0,
        "offset_m": 5.24,
        "ele": 39.71,
        "desc": "fa",
        "comment": "Inlet structure",
        "images": "1000GRMN/DSC00499.jpg",
        "elevation_m": 39.71,
        "photo_filename": "DSC00499.jpg",
        "photo_path": "1000GRMN/DSC00499.jpg",
        "surveyor_comment": "Inlet structure",
        "survey_date": "2023-9-4"
      }
    },
    {
      "type": "Feature",
      "geometry": {
        "type": "Point",
        "coordinates": [
          118.330238,
          9.237747
        ]
      },
      "properties": {
        "id": 617,
        "name": "STA. 3+090.50",
        "type": "Head Gate",
        "Structure_Category": "Head Gate",
        "canal_name": "LATERAL B (SEGMENT 1044)",
        "station": "STA 0+003.8",
        "station_m": 3.82,
        "offset_m": 3.81,
        "ele": 132.6,
        "desc": "fa",
        "comment": "HDGate & lnkined drop",
        "images": "1000GRMN/DSC00221.jpg",
        "elevation_m": 132.6,
        "photo_filename": "DSC00221.jpg",
        "photo_path": "1000GRMN/DSC00221.jpg",
        "surveyor_comment": "HDGate & lnkined drop",
        "survey_date": "2023-8-30"
      }
    },
    {
      "type": "Feature",
      "geometry": {
        "type": "Point",
        "coordinates": [
          118.338161,
          9.253408
        ]
      },
      "properties": {
        "id": 321,
        "name": "COMB. HDGT. OF LATERAL D & THRESHER CROSSING STRUCTURE - STA. 5+424.40 - STA. 5+434.40",
        "type": "Head Gate",
        "Structure_Category": "Head Gate",
        "canal_name": "LATERAL D (SEGMENT 950)",
        "station": "STA 0+002.0",
        "station_m": 2.01,
        "offset_m": 0.17,
        "ele": 157.45,
        "desc": "fa",
        "comment": "Comb. RCP crossing & headgate of lateral D",
        "images": "1000GRMN/DSC00402.jpg",
        "elevation_m": 157.45,
        "photo_filename": "DSC00402.jpg",
        "photo_path": "1000GRMN/DSC00402.jpg",
        "surveyor_comment": "Comb. RCP crossing & headgate of lateral D",
        "survey_date": "2023-8-22"
      }
    },
    {
      "type": "Feature",
      "geometry": {
        "type": "Point",
        "coordinates": [
          118.382998,
          9.315192
        ]
      },
      "properties": {
        "id": 699,
        "name": "INTAKE",
        "type": "Intake",
        "Structure_Category": "Inlet",
        "canal_name": "UPPER LAPU - LAPU MAIN CANAL",
        "station": "STA 0+010.9",
        "station_m": 10.86,
        "offset_m": 6.38,
        "ele": 137.11,
        "desc": "fa",
        "comment": "Intake",
        "images": "1000GRMN/DSC00123.jpg",
        "elevation_m": 137.11,
        "photo_filename": "DSC00123.jpg",
        "photo_path": "1000GRMN/DSC00123.jpg",
        "surveyor_comment": "Intake",
        "survey_date": "2023-8-16"
      }
    },
    {
      "type": "Feature",
      "geometry": {
        "type": "Point",
        "coordinates": [
          118.385917,
          9.313037
        ]
      },
      "properties": {
        "id": 684,
        "name": "107",
        "type": "Head Gate",
        "Structure_Category": "Head Gate",
        "canal_name": "UPPER LAPU - LAPU MAIN CANAL",
        "station": "STA 0+415.1",
        "station_m": 415.1,
        "offset_m": 2.98,
        "ele": 132.41,
        "desc": "fa",
        "comment": "Comb.check gate,Lat.A & road crossing structure",
        "images": "../../Lateral F/#8/1000GRMN/DSC00340.jpg",
        "elevation_m": 132.41,
        "photo_filename": "DSC00340.jpg",
        "photo_path": "../../Lateral F/#8/1000GRMN/DSC00340.jpg",
        "surveyor_comment": "Comb.check gate,Lat.A & road crossing structure",
        "survey_date": "2023-8-16"
      }
    },
    {
      "type": "Feature",
      "geometry": {
        "type": "Point",
        "coordinates": [
          118.348869,
          9.219122
        ]
      },
      "properties": {
        "id": 420,
        "name": "COMB. HDGT. OF LATERAL B2 & ROAD CROSSING STRUCTURE - STA. 3+020.80 - STA. 3+042.00",
        "type": "Head Gate",
        "Structure_Category": "Head Gate",
        "canal_name": "LATERAL B2 (SEGMENT 1091)",
        "station": "STA 0+002.7",
        "station_m": 2.73,
        "offset_m": 0.91,
        "ele": 15.32,
        "desc": "fa",
        "comment": "Comb.RCP crossing & Headgate of lateral B2",
        "images": "1000GRMN/DSC00605.jpg",
        "elevation_m": 15.32,
        "photo_filename": "DSC00605.jpg",
        "photo_path": "1000GRMN/DSC00605.jpg",
        "surveyor_comment": "Comb.RCP crossing & Headgate of lateral B2",
        "survey_date": "2023-9-19"
      }
    }
  ]
}