{
  "type": "FeatureCollection",
  "name": "Caguray RIS",
  "crs": {
    "type": "name",
    "properties": {
      "name": "urn:ogc:def:crs:OGC:1.3:CRS84"
    }
  },
  "features": [
    {
      "type": "Feature",
      "properties": {
        "id": 11,
        "canal_id": 11,
        "canal_type": "Lateral",
        "remarks": "LATERAL B1-A",
        "Length": 2.469,
        "canal_widt": null,
        "station_no": "STA 0+000",
        "canal_leng": 2468.78,
        "station__1": "STA 2+468.8",
        "station__2": "2468.78",
        "canal": "LATERAL B1-A",
        "canaltype": "Lateral",
        "canal_lining": "Unspecified"
      },
      "geometry": {
        "type": "LineString",
        "coordinates": [
          [
            121.17610878925024,
            12.303039014147338
          ],
          [
            121.17630136277137,
            12.302685827701637
          ],
          [
            121.17649565964216,
            12.302352698780444
          ],
          [
            121.17667022681462,
            12.302069953947855
          ],
          [
            121.17691459466948,
            12.301681169399163
          ],
          [
            121.17713449209268,
            12.301304561960633
          ],
          [
            121.1772280207863,
            12.30114847206826
          ],
          [
            121.1773596610548,
            12.30094092175448
          ],
          [
            121.17764633569068,
            12.300477112686261
          ],
          [
            121.17774374648577,
            12.300310500523898
          ],
          [
            121.17783823530087,
            12.300160308379555
          ],
          [
            121.17791930067372,
            12.300035955296432
          ],
          [
            121.17799830269828,
            12.299904553536736
          ],
          [
            121.17819042000953,
            12.29958976487654
          ],
          [
            121.17830540175122,
            12.299408891447962
          ],
          [
            121.17843999089375,
            12.29918736607855
          ],
          [
            121.17856129969933,
            12.298995371064823
          ],
          [
            121.17865082399388,
            12.298852752316456
          ],
          [
            121.1787708656596,
            12.298655771974431
          ],
          [
            121.17890459008417,
            12.298437386286091
          ],
          [
            121.17897357375038,
            12.298322452246177
          ],
          [
            121.17906067997656,
            12.298182543863001
          ],
          [
            121.17913529598798,
            12.298041219148473
          ],
          [
            121.1793069411804,
            12.297793616209015
          ],
          [
            121.1794051689917,
            12.29762590081987
          ],
          [
            121.1795981449347,
            12.29731288321115
          ],
          [
            121.17981408566068,
            12.296960364590149
          ],
          [
            121.18000972426708,
            12.2966539871499
          ],
          [
            121.18008355015631,
            12.29651556360762
          ],
          [
            121.1801660318605,
            12.296386082090908
          ],
          [
            121.1802957995878,
            12.29613720592539
          ],
          [
            121.18036408853533,
            12.295996936735877
          ],
          [
            121.18043237748286,
            12.295838211074061
          ],
          [
            121.18046375348577,
            12.29576253953762
          ],
          [
            121.18049328384144,
            12.295624115995336
          ],
          [
            121.18052722710426,
            12.29546469561484
          ],
          [
            121.18058237882015,
            12.295057454593842
          ],
          [
            121.1806124574932,
            12.294914350261903
          ],
          [
            121.18060186169048,
            12.294803840648576
          ],
          [
            121.1806336215405,
            12.294744034563234
          ],
          [
            121.18069702056326,
            12.294329070954754
          ],
          [
            121.1807384533433,
            12.294146399002502
          ],
          [
            121.18077434693987,
            12.293924969614826
          ],
          [
            121.18086131006076,
            12.293416217996155
          ],
          [
            121.18092715404589,
            12.292973766572484
          ],
          [
            121.18095105205636,
            12.292795338106293
          ],
          [
            121.18098379668886,
            12.292466812899281
          ],
          [
            121.1809882280956,
            12.292340890984557
          ],
          [
            121.1809849580213,
            12.29227463748239
          ],
          [
            121.18097328482277,
            12.292194951143022
          ],
          [
            121.18096243904434,
            12.292099624503964
          ],
          [
            121.18092576185326,
            12.291928885690881
          ],
          [
            121.18088689200756,
            12.29172434135696
          ],
          [
            121.18080251569737,
            12.291372165544459
          ],
          [
            121.18074412100053,
            12.291114106538927
          ],
          [
            121.18067406050605,
            12.29081222626222
          ],
          [
            121.18055112186399,
            12.290289388454694
          ],
          [
            121.18041066324507,
            12.289691304726151
          ],
          [
            121.18037594748004,
            12.289543482965607
          ],
          [
            121.180278585613,
            12.289119441095014
          ],
          [
            121.18019653467435,
            12.288765486024255
          ],
          [
            121.18012869406603,
            12.28850413456622
          ],
          [
            121.17988849248819,
            12.287689571075994
          ],
          [
            121.17979267094158,
            12.287375778922915
          ],
          [
            121.1796117004053,
            12.28677827978758
          ],
          [
            121.17949921669585,
            12.286379191612152
          ],
          [
            121.17939610348743,
            12.286025049683099
          ],
          [
            121.17933996403211,
            12.285839699491998
          ],
          [
            121.17928550432045,
            12.285666461899208
          ],
          [
            121.17921971965768,
            12.28545073366964
          ],
          [
            121.1791585885051,
            12.285239205364915
          ],
          [
            121.17912257505394,
            12.285108681696675
          ],
          [
            121.17907544755417,
            12.284950427825125
          ],
          [
            121.17903868204154,
            12.284803047132153
          ],
          [
            121.17894099523421,
            12.2844639081045
          ],
          [
            121.17887643033077,
            12.284264359283698
          ],
          [
            121.17878982970379,
            12.284100436532448
          ],
          [
            121.17869424317271,
            12.28394652788901
          ],
          [
            121.17858923511163,
            12.283777443980412
          ],
          [
            121.17847383413908,
            12.283602809188018
          ],
          [
            121.17829671693646,
            12.283319615280144
          ],
          [
            121.17807114478913,
            12.282977837074418
          ],
          [
            121.17781859169449,
            12.282591576527338
          ],
          [
            121.17776311432038,
            12.282534050129195
          ]
        ]
      }
    },
    {
      "type": "Feature",
      "properties": {
        "id": 12,
        "canal_id": 12,
        "canal_type": "Main",
        "remarks": "SUPPLY CANAL",
        "Length": 1.054,
        "canal_widt": null,
        "station_no": "STA 0+000",
        "canal_leng": 1054.56,
        "station__1": "STA 1+054.6",
        "station__2": "1054.56",
        "canal": "SUPPLY CANAL",
        "canaltype": "Supply Canal",
        "canal_lining": "Unspecified"
      },
      "geometry": {
        "type": "LineString",
        "coordinates": [
          [
            121.19628399099571,
            12.348977148698415
          ],
          [
            121.19629681791794,
            12.34859234103165
          ],
          [
            121.19629040445682,
            12.348136985292635
          ],
          [
            121.19629927747692,
            12.347758949098175
          ],
          [
            121.19630366726318,
            12.34765276897862
          ],
          [
            121.19630228962728,
            12.347448316543762
          ],
          [
            121.19629908289674,
            12.347140470410347
          ],
          [
            121.19629647548135,
            12.347074553428339
          ],
          [
            121.19629508227082,
            12.346747256756805
          ],
          [
            121.19629448295566,
            12.34636243351544
          ],
          [
            121.19629168096007,
            12.346108907221293
          ],
          [
            121.19629185996568,
            12.345721071829558
          ],
          [
            121.19629652220513,
            12.345558734886588
          ],
          [
            121.19629469311046,
            12.34542388877221
          ],
          [
            121.19628324382415,
            12.345312929706003
          ],
          [
            121.19624894268897,
            12.345231235949768
          ],
          [
            121.19613693284886,
            12.345125351543047
          ],
          [
            121.19598419283791,
            12.344998327674872
          ],
          [
            121.19571163631518,
            12.344808126521919
          ],
          [
            121.19547069563932,
            12.344640582637641
          ],
          [
            121.19523561583316,
            12.344472844173177
          ],
          [
            121.19479511069122,
            12.344162001463983
          ],
          [
            121.19438380856086,
            12.34386038978608
          ],
          [
            121.19377674801017,
            12.343435676992952
          ],
          [
            121.1930838840552,
            12.342939801237833
          ],
          [
            121.1928642230121,
            12.342776257979452
          ],
          [
            121.19272792138884,
            12.342666014935633
          ],
          [
            121.19264899847902,
            12.342580079249537
          ],
          [
            121.19245798785613,
            12.342323136070055
          ],
          [
            121.1923118870356,
            12.34211170200811
          ],
          [
            121.19215699106799,
            12.341911639359529
          ],
          [
            121.19200321585768,
            12.341716161077404
          ],
          [
            121.19194787639368,
            12.341655023042053
          ],
          [
            121.19187876825572,
            12.341610082090492
          ],
          [
            121.19177423822524,
            12.341556571721153
          ]
        ]
      }
    },
    {
      "type": "Feature",
      "properties": {
        "id": 13,
        "canal_id": 13,
        "canal_type": "Lateral",
        "remarks": "LATERAL B (FLUME)",
        "Length": 0.119,
        "canal_widt": null,
        "station_no": "STA 0+000",
        "canal_leng": 118.54,
        "station__1": "STA 0+118.5",
        "station__2": "118.54",
        "canal": "LATERAL B (FLUME)",
        "canaltype": "Lateral",
        "canal_lining": "Unspecified"
      },
      "geometry": {
        "type": "LineString",
        "coordinates": [
          [
            121.18908800158168,
            12.310887618590742
          ],
          [
            121.18910464286324,
            12.310961099431195
          ],
          [
            121.18913606587688,
            12.311009563983967
          ],
          [
            121.1892827109488,
            12.31109474790077
          ],
          [
            121.1894359673793,
            12.311127934491573
          ],
          [
            121.18953461299317,
            12.311126222741514
          ],
          [
            121.18970930460495,
            12.311120756976045
          ],
          [
            121.18976988021866,
            12.311127781782645
          ],
          [
            121.18982058705444,
            12.31117069684479
          ],
          [
            121.1899347459226,
            12.31136258597404
          ]
        ]
      }
    },
    {
      "type": "Feature",
      "properties": {
        "id": 9,
        "canal_id": 9,
        "canal_type": "Lateral",
        "remarks": "LATERAL B1-B",
        "Length": 0.901,
        "canal_widt": null,
        "station_no": "STA 0+000",
        "canal_leng": 900.66,
        "station__1": "STA 0+900.7",
        "station__2": "900.66",
        "canal": "LATERAL B1-B",
        "canaltype": "Lateral",
        "canal_lining": "Unspecified"
      },
      "geometry": {
        "type": "LineString",
        "coordinates": [
          [
            121.16969624754368,
            12.272437249839875
          ],
          [
            121.17023886782943,
            12.272776848930267
          ],
          [
            121.1708123125047,
            12.273108275309527
          ],
          [
            121.17120575480305,
            12.273342795493647
          ],
          [
            121.17177953836959,
            12.273692808793967
          ],
          [
            121.17224194736524,
            12.273961853468862
          ],
          [
            121.17248542155403,
            12.274113448836276
          ],
          [
            121.17273665078942,
            12.27426147871778
          ],
          [
            121.172894203258,
            12.274355119434228
          ],
          [
            121.17301090872151,
            12.27440910064881
          ],
          [
            121.17313327081875,
            12.274446231414244
          ],
          [
            121.17343517823937,
            12.274500638792405
          ],
          [
            121.17373636933102,
            12.2745316301305
          ],
          [
            121.17408459734243,
            12.274601213111863
          ],
          [
            121.17427016988873,
            12.274633140728168
          ],
          [
            121.17513227795237,
            12.274763078454743
          ],
          [
            121.17583606886231,
            12.274869240468368
          ],
          [
            121.17629997333404,
            12.274930194528737
          ],
          [
            121.17667334568799,
            12.274981872651185
          ],
          [
            121.17711246800117,
            12.275043484380106
          ],
          [
            121.17736024741276,
            12.27506429686698
          ]
        ]
      }
    },
    {
      "type": "Feature",
      "properties": {
        "id": 10,
        "canal_id": 10,
        "canal_type": "Lateral",
        "remarks": "LATERAL B2",
        "Length": 4.383,
        "canal_widt": null,
        "station_no": "STA 0+000",
        "canal_leng": 4383.24,
        "station__1": "STA 4+383.2",
        "station__2": "4383.24",
        "canal": "LATERAL B2",
        "canaltype": "Lateral",
        "canal_lining": "Unspecified"
      },
      "geometry": {
        "type": "LineString",
        "coordinates": [
          [
            121.19283245803956,
            12.307840455014908
          ],
          [
            121.1928195570799,
            12.307620818351712
          ],
          [
            121.19281815582521,
            12.307453685594558
          ],
          [
            121.19280262858769,
            12.30720124430976
          ],
          [
            121.19278384980551,
            12.306633093344358
          ],
          [
            121.19277569150381,
            12.30623067709813
          ],
          [
            121.19276832940177,
            12.305875009430347
          ],
          [
            121.19275859021411,
            12.305576458544799
          ],
          [
            121.19274424058426,
            12.305248170812677
          ],
          [
            121.19272788219621,
            12.305084379790896
          ],
          [
            121.19272175170491,
            12.305004386268436
          ],
          [
            121.19270080032285,
            12.304939705046067
          ],
          [
            121.19264896021218,
            12.304665485568211
          ],
          [
            121.19264203383314,
            12.304186720515009
          ],
          [
            121.19264577282937,
            12.30383355487702
          ],
          [
            121.19263862874926,
            12.303318019984495
          ],
          [
            121.19263733471543,
            12.303106826077983
          ],
          [
            121.19264052209826,
            12.302188531581065
          ],
          [
            121.19264435649801,
            12.301580461096593
          ],
          [
            121.19265639050289,
            12.301302477805022
          ],
          [
            121.19265598199479,
            12.301023185758034
          ],
          [
            121.19266775059687,
            12.30074643407695
          ],
          [
            121.19266640886127,
            12.30060735743153
          ],
          [
            121.19267295362621,
            12.300437041802276
          ],
          [
            121.19267868137496,
            12.300222699579306
          ],
          [
            121.19269390276267,
            12.29975397977845
          ],
          [
            121.1927041119281,
            12.299344341496761
          ],
          [
            121.19271319705896,
            12.299081156363213
          ],
          [
            121.19272642969415,
            12.298620248467165
          ],
          [
            121.19275591234809,
            12.297531221197513
          ],
          [
            121.19277820322013,
            12.296815709387149
          ],
          [
            121.1927879830697,
            12.296545093962918
          ],
          [
            121.19278268463684,
            12.29642251801746
          ],
          [
            121.19197933672177,
            12.296409471543573
          ],
          [
            121.19113055575146,
            12.296411916505958
          ],
          [
            121.19042920980377,
            12.296402688269804
          ],
          [
            121.18965992041765,
            12.296399860748048
          ],
          [
            121.18883976202903,
            12.296401133478925
          ],
          [
            121.18826461481173,
            12.29641987616182
          ],
          [
            121.18768623250982,
            12.296443583365235
          ],
          [
            121.18734663341938,
            12.296450965954161
          ],
          [
            121.18723774023276,
            12.296474959368158
          ],
          [
            121.18718606211029,
            12.296474959368158
          ],
          [
            121.18711039057384,
            12.296467576779236
          ],
          [
            121.18674679806936,
            12.296467576779238
          ],
          [
            121.18655485075739,
            12.296463885484775
          ],
          [
            121.18590887422661,
            12.29647311372093
          ],
          [
            121.18582582010124,
            12.296478650662618
          ],
          [
            121.1854491378723,
            12.296427268508916
          ],
          [
            121.18534492768012,
            12.296376938439195
          ],
          [
            121.18528813495932,
            12.296216299745444
          ],
          [
            121.1853263426914,
            12.295998230679846
          ],
          [
            121.18531298284415,
            12.29564157767511
          ],
          [
            121.18526151970784,
            12.295013096971179
          ],
          [
            121.1851351872422,
            12.293899546550263
          ],
          [
            121.18508302528333,
            12.29315417720772
          ],
          [
            121.18506272219854,
            12.292736737447308
          ],
          [
            121.18507279517345,
            12.29158287509749
          ],
          [
            121.18510607806664,
            12.290390110831366
          ],
          [
            121.18511478242374,
            12.28901959469447
          ],
          [
            121.1852228021827,
            12.287538581289597
          ],
          [
            121.18535879803322,
            12.28524277551967
          ],
          [
            121.18535892007759,
            12.284617054128415
          ],
          [
            121.18529823587647,
            12.283569662252608
          ],
          [
            121.18518260209218,
            12.281493856510345
          ],
          [
            121.18515522128762,
            12.281016280226593
          ],
          [
            121.18513095863669,
            12.28061787487121
          ],
          [
            121.18511272101422,
            12.280221812485179
          ],
          [
            121.18512048114023,
            12.279840796547878
          ],
          [
            121.18508269801464,
            12.27848682061457
          ],
          [
            121.18507031156051,
            12.277899075170414
          ],
          [
            121.18500614489233,
            12.275562651221952
          ]
        ]
      }
    },
    {
      "type": "Feature",
      "properties": {
        "id": 14,
        "canal_id": 14,
        "canal_type": "Lateral",
        "remarks": "LATERAL A",
        "Length": 7.607,
        "canal_widt": null,
        "station_no": "STA 0+000",
        "canal_leng": 7608.19,
        "station__1": "STA 7+608.2",
        "station__2": "7608.19",
        "canal": "LATERAL A",
        "canaltype": "Lateral",
        "canal_lining": "Unspecified"
      },
      "geometry": {
        "type": "LineString",
        "coordinates": [
          [
            121.17680060514293,
            12.325100947908965
          ],
          [
            121.17663390239251,
            12.325112771662415
          ],
          [
            121.1761552852602,
            12.325134919429178
          ],
          [
            121.17540160454239,
            12.32515262603141
          ],
          [
            121.17526227371354,
            12.325154939835906
          ],
          [
            121.17517374479465,
            12.325153970401173
          ],
          [
            121.17509675996251,
            12.32515365761429
          ],
          [
            121.17502606194213,
            12.325147182311946
          ],
          [
            121.17494110002141,
            12.325131822634413
          ],
          [
            121.17486236276427,
            12.325106984081993
          ],
          [
            121.17478700401472,
            12.32507967430858
          ],
          [
            121.17471586891116,
            12.325045889232811
          ],
          [
            121.17455657982374,
            12.324968904400684
          ],
          [
            121.17450671627445,
            12.324938466758422
          ],
          [
            121.17441781242051,
            12.324888884921938
          ],
          [
            121.17413824347624,
            12.324743578022083
          ],
          [
            121.17398139453576,
            12.324661712896113
          ],
          [
            121.17385432658968,
            12.324597239539358
          ],
          [
            121.17367589330802,
            12.324509462536653
          ],
          [
            121.17354579071532,
            12.324449401316482
          ],
          [
            121.17346918081824,
            12.324416743091957
          ],
          [
            121.17340877471405,
            12.324393218858292
          ],
          [
            121.17332034004045,
            12.324363501035087
          ],
          [
            121.17316837139379,
            12.324325962516715
          ],
          [
            121.17305394126552,
            12.324297370521679
          ],
          [
            121.17289978311067,
            12.324264774445309
          ],
          [
            121.17263623049178,
            12.324197330636215
          ],
          [
            121.17244306310636,
            12.32415309725084
          ],
          [
            121.17221970871745,
            12.324095225538859
          ],
          [
            121.1721101899571,
            12.324066977404781
          ],
          [
            121.1719508697956,
            12.324025809740105
          ],
          [
            121.17183953646212,
            12.324005445472421
          ],
          [
            121.17156384730286,
            12.323942975179401
          ],
          [
            121.17130242204401,
            12.323889919566984
          ],
          [
            121.17097818263119,
            12.323821568471313
          ],
          [
            121.17068006194626,
            12.323770453774483
          ],
          [
            121.17053053549267,
            12.323748587720527
          ],
          [
            121.17009105188721,
            12.323682457207125
          ],
          [
            121.16991080403241,
            12.323653960480447
          ],
          [
            121.16937960149106,
            12.323588892624
          ],
          [
            121.16895535326684,
            12.32353108306017
          ],
          [
            121.16805683585258,
            12.323411397703014
          ],
          [
            121.16730443735642,
            12.323312358326346
          ],
          [
            121.16710308107439,
            12.323286586355952
          ],
          [
            121.16672152561857,
            12.32322761597026
          ],
          [
            121.1665248304936,
            12.32315851500452
          ],
          [
            121.16633068753507,
            12.323031662530841
          ],
          [
            121.16577036064716,
            12.32267385556078
          ],
          [
            121.16523136950778,
            12.322338981393886
          ],
          [
            121.1648763796658,
            12.322115627004948
          ],
          [
            121.16454507045091,
            12.321907006719778
          ],
          [
            121.1637970820452,
            12.3214402133409
          ],
          [
            121.16359145393854,
            12.321314141214735
          ],
          [
            121.16341403255976,
            12.321200687256212
          ],
          [
            121.16331130188861,
            12.32112066777747
          ],
          [
            121.1632062106643,
            12.321036093192015
          ],
          [
            121.16312914623845,
            12.320946238577172
          ],
          [
            121.16306701980636,
            12.320860682156736
          ],
          [
            121.16297836659115,
            12.320725042622348
          ],
          [
            121.16282821251767,
            12.320500561382177
          ],
          [
            121.16252346116002,
            12.320019067019743
          ],
          [
            121.16228005529028,
            12.319655880524497
          ],
          [
            121.1620970234276,
            12.319375936645189
          ],
          [
            121.16198756681541,
            12.319216898196506
          ],
          [
            121.16187867362882,
            12.319079413014892
          ],
          [
            121.161526693033,
            12.318695948358087
          ],
          [
            121.16104290822041,
            12.318153492604996
          ],
          [
            121.16071285015306,
            12.317783706511104
          ],
          [
            121.16049526885658,
            12.317553395666685
          ],
          [
            121.15993742767763,
            12.316924198327428
          ],
          [
            121.15924931404764,
            12.31617402041352
          ],
          [
            121.15897337424967,
            12.315869770333341
          ],
          [
            121.158876806094,
            12.315757185852297
          ],
          [
            121.15876700562083,
            12.315633558561947
          ],
          [
            121.15870672483601,
            12.31555113001035
          ],
          [
            121.15866233608025,
            12.315488784013635
          ],
          [
            121.15862639257037,
            12.315423092629546
          ],
          [
            121.15858694625662,
            12.315281039940967
          ],
          [
            121.15856423506425,
            12.315189571643806
          ],
          [
            121.15854490237946,
            12.315110459451638
          ],
          [
            121.15850113919745,
            12.31491341228119
          ],
          [
            121.15846322574407,
            12.314742674375353
          ],
          [
            121.15844677028936,
            12.314633124540924
          ],
          [
            121.15843285024995,
            12.314533397442338
          ],
          [
            121.15842584612992,
            12.314335249664403
          ],
          [
            121.15840215965248,
            12.3140443748867
          ],
          [
            121.15834257095216,
            12.313310452124679
          ],
          [
            121.15830087093593,
            12.31266560244533
          ],
          [
            121.15830205993531,
            12.312607792881499
          ],
          [
            121.15830546951697,
            12.312517043380332
          ],
          [
            121.15831967126918,
            12.312402582177983
          ],
          [
            121.15833165243916,
            12.312313052750271
          ],
          [
            121.15836806410633,
            12.312204816211537
          ],
          [
            121.15845671732151,
            12.311950711393456
          ],
          [
            121.15878289560378,
            12.311058669281554
          ],
          [
            121.15893843124859,
            12.310568321618002
          ],
          [
            121.15907870043807,
            12.310114292399359
          ],
          [
            121.15918590334783,
            12.309678688578943
          ],
          [
            121.15946350030245,
            12.308661830177307
          ],
          [
            121.15967669014071,
            12.307857065836767
          ],
          [
            121.15967991123179,
            12.307740446200304
          ],
          [
            121.15965767024281,
            12.307615567762415
          ],
          [
            121.15960470989872,
            12.30749716462687
          ],
          [
            121.15941645388124,
            12.307092967883444
          ],
          [
            121.15930386940018,
            12.306877027157508
          ],
          [
            121.15912484161886,
            12.306493132533616
          ],
          [
            121.1588719879483,
            12.306050177198355
          ],
          [
            121.15859076184739,
            12.30560177814363
          ],
          [
            121.15820423960906,
            12.304991463410115
          ],
          [
            121.15790680971527,
            12.304526234988723
          ],
          [
            121.15754334150718,
            12.30394898551191
          ],
          [
            121.15727447151126,
            12.303545132629445
          ],
          [
            121.15698511090524,
            12.303122226728858
          ],
          [
            121.15690897121151,
            12.303022313185815
          ],
          [
            121.15677223180771,
            12.302878222267173
          ],
          [
            121.15663596465343,
            12.302750151766162
          ],
          [
            121.1564826267013,
            12.302603413412704
          ],
          [
            121.15635839154328,
            12.302487818090526
          ],
          [
            121.15591166505934,
            12.302058854257558
          ],
          [
            121.15555573685668,
            12.30172363418357
          ],
          [
            121.15515516721347,
            12.301343118067257
          ],
          [
            121.15508747276562,
            12.301273358407544
          ],
          [
            121.15502597190735,
            12.30120563288564
          ],
          [
            121.15496810019536,
            12.301131587431774
          ],
          [
            121.15490519077304,
            12.301034986155901
          ],
          [
            121.15484281984062,
            12.300927571866026
          ],
          [
            121.15475969947485,
            12.300797651625532
          ],
          [
            121.15463228766781,
            12.300581835195896
          ],
          [
            121.15453351805657,
            12.300435508525391
          ],
          [
            121.15435976226695,
            12.300200712449973
          ],
          [
            121.1542391038415,
            12.300043957913616
          ],
          [
            121.15399250472676,
            12.299752545089818
          ],
          [
            121.15384500831871,
            12.299567887144569
          ],
          [
            121.15365619092172,
            12.2993634573852
          ],
          [
            121.1534348375504,
            12.299110448344278
          ],
          [
            121.15328812413267,
            12.29894243229817
          ],
          [
            121.15306946154698,
            12.29869567899494
          ],
          [
            121.15287404250522,
            12.298474607336418
          ],
          [
            121.15245996087778,
            12.297995708491284
          ],
          [
            121.15214942193973,
            12.297636996280767
          ],
          [
            121.15207446919929,
            12.29754174346692
          ],
          [
            121.15205025826677,
            12.297521596717768
          ],
          [
            121.1518324408195,
            12.297305061492132
          ],
          [
            121.15158456066503,
            12.297046764102125
          ],
          [
            121.15133048692103,
            12.296785995491115
          ],
          [
            121.15102323326832,
            12.296468513093435
          ],
          [
            121.15072258126037,
            12.296153501916757
          ],
          [
            121.15031660511012,
            12.295732822736818
          ],
          [
            121.14982756665002,
            12.295224797498971
          ],
          [
            121.14965470138411,
            12.295042985709754
          ],
          [
            121.14946553808005,
            12.29484268637416
          ],
          [
            121.14929085824102,
            12.294665754878784
          ],
          [
            121.14915096398657,
            12.294512375621963
          ],
          [
            121.14910163278881,
            12.294446309302838
          ],
          [
            121.14904247885522,
            12.294375047856853
          ],
          [
            121.14886404557356,
            12.294101173270777
          ],
          [
            121.14874902094562,
            12.293917859695286
          ],
          [
            121.14858660398934,
            12.293655715640435
          ],
          [
            121.14846013054296,
            12.293455134592033
          ],
          [
            121.14838602294094,
            12.29333360358764
          ],
          [
            121.14831892299281,
            12.293225493391333
          ],
          [
            121.14818240724591,
            12.293012398821427
          ],
          [
            121.14808330572107,
            12.292853484669042
          ],
          [
            121.14798730099106,
            12.292700859374547
          ],
          [
            121.14791481947158,
            12.292581360461844
          ],
          [
            121.1478741220103,
            12.292513634939942
          ],
          [
            121.14782250603601,
            12.292404022957358
          ],
          [
            121.1477754264946,
            12.29230739060741
          ],
          [
            121.14776098964067,
            12.292267241034699
          ],
          [
            121.14773635511588,
            12.292203612816369
          ],
          [
            121.14771935381873,
            12.29215448564624
          ],
          [
            121.14770840423168,
            12.292087259355673
          ],
          [
            121.14770072439289,
            12.29204812378267
          ],
          [
            121.14769459295151,
            12.292001139509615
          ],
          [
            121.14768315967012,
            12.291923105511438
          ],
          [
            121.14768032905114,
            12.291823348361842
          ],
          [
            121.14768500531736,
            12.291712892263899
          ],
          [
            121.1476888851024,
            12.291615401284615
          ],
          [
            121.14771200230388,
            12.29143143106128
          ],
          [
            121.14773890402206,
            12.29124993205894
          ],
          [
            121.14776211444577,
            12.291166877933575
          ],
          [
            121.14790412378353,
            12.29076515816739
          ],
          [
            121.1480614241301,
            12.290391972272625
          ],
          [
            121.14815755315645,
            12.290171745752524
          ],
          [
            121.14837330743794,
            12.289681992588653
          ],
          [
            121.14858571223981,
            12.289187421279081
          ],
          [
            121.14871844142388,
            12.288911794267998
          ],
          [
            121.14884776307244,
            12.288608358252159
          ],
          [
            121.1490856340466,
            12.288103538568334
          ],
          [
            121.14911586970737,
            12.288017698388954
          ],
          [
            121.14913876734421,
            12.287950332265046
          ],
          [
            121.14915425131802,
            12.287885579241609
          ],
          [
            121.14915586186356,
            12.287809717168457
          ],
          [
            121.14914642959978,
            12.287707647237427
          ],
          [
            121.14912942830264,
            12.28763083535884
          ],
          [
            121.1490962377266,
            12.287530167853468
          ],
          [
            121.14904964392561,
            12.287412734152644
          ],
          [
            121.14903170222168,
            12.287350075369039
          ],
          [
            121.14898130632083,
            12.287209856882903
          ],
          [
            121.14870802623442,
            12.286345421794222
          ],
          [
            121.14848811454736,
            12.285692812544745
          ],
          [
            121.14836620451564,
            12.285396844155533
          ],
          [
            121.14829209895976,
            12.285259893371581
          ],
          [
            121.1482170799789,
            12.285130192695732
          ],
          [
            121.14808056423202,
            12.284923449131858
          ],
          [
            121.14797964813401,
            12.284793379659359
          ],
          [
            121.1478886210123,
            12.284667741952742
          ],
          [
            121.14766420192028,
            12.284378867087117
          ],
          [
            121.14749427807881,
            12.284152291607104
          ],
          [
            121.14719101501653,
            12.28376526911435
          ],
          [
            121.14709021912257,
            12.283634698364386
          ],
          [
            121.14695087892974,
            12.283535019822484
          ],
          [
            121.14679263223192,
            12.283439185152105
          ],
          [
            121.14639406830192,
            12.283211823537846
          ],
          [
            121.14617015048735,
            12.283070990922724
          ],
          [
            121.14589092540402,
            12.28290658643975
          ],
          [
            121.14559050645161,
            12.282750456295238
          ],
          [
            121.14549944416356,
            12.282707913186716
          ],
          [
            121.14540642542288,
            12.282662273283426
          ],
          [
            121.14533261711682,
            12.282630209558592
          ],
          [
            121.14520619028157,
            12.282562732629291
          ],
          [
            121.14508215698207,
            12.282507303110359
          ],
          [
            121.14472873107452,
            12.282325804108016
          ],
          [
            121.14411869805376,
            12.282039056602432
          ],
          [
            121.14381114715117,
            12.281880721412694
          ],
          [
            121.1437091839333,
            12.281832750121744
          ],
          [
            121.14355824564507,
            12.281759953731964
          ],
          [
            121.14309922859772,
            12.28153230009527
          ],
          [
            121.14272639232016,
            12.281353006138156
          ],
          [
            121.1425151123234,
            12.281247147598181
          ],
          [
            121.14179052283194,
            12.280902339890028
          ],
          [
            121.14148827479245,
            12.280753922704493
          ],
          [
            121.14131802160395,
            12.280666333169302
          ],
          [
            121.14062829742839,
            12.28032785990709
          ],
          [
            121.14047629770765,
            12.280258756895218
          ],
          [
            121.14040559968727,
            12.280225129235959
          ],
          [
            121.14036752881736,
            12.280201887738164
          ],
          [
            121.1401559030422,
            12.280317640883883
          ],
          [
            121.13901917317348,
            12.277915138931599
          ]
        ]
      }
    },
    {
      "type": "Feature",
      "properties": {
        "id": 16,
        "canal_id": 16,
        "canal_type": "Lateral",
        "remarks": "LATERAL B",
        "Length": 6.253,
        "canal_widt": null,
        "station_no": "STA 0+000",
        "canal_leng": 6253.22,
        "station__1": "STA 6+253.2",
        "station__2": "6253.22",
        "canal": "LATERAL B",
        "canaltype": "Lateral",
        "canal_lining": "Unspecified"
      },
      "geometry": {
        "type": "LineString",
        "coordinates": [
          [
            121.17671245988429,
            12.31859359388186
          ],
          [
            121.17696177576958,
            12.31858113056111
          ],
          [
            121.17729906259902,
            12.318565861471637
          ],
          [
            121.17747933671242,
            12.318546901087705
          ],
          [
            121.17758462360419,
            12.318533429943702
          ],
          [
            121.17767760068439,
            12.318514002946019
          ],
          [
            121.17782502435787,
            12.318475292055943
          ],
          [
            121.17794596195326,
            12.318431691241097
          ],
          [
            121.1780634363591,
            12.31838103134579
          ],
          [
            121.17818478246252,
            12.318343243279335
          ],
          [
            121.17842762817861,
            12.318230982306744
          ],
          [
            121.17866438533963,
            12.318132887196835
          ],
          [
            121.17897039156964,
            12.318008306008778
          ],
          [
            121.17928747168305,
            12.317871680411967
          ],
          [
            121.17961706281896,
            12.317728510050209
          ],
          [
            121.180214129698,
            12.317500572617254
          ],
          [
            121.18024919699538,
            12.317480270497722
          ],
          [
            121.18053965832924,
            12.317333313437969
          ],
          [
            121.1808822539954,
            12.317192349529781
          ],
          [
            121.18124021415457,
            12.317000163708997
          ],
          [
            121.18141749169223,
            12.316895200325684
          ],
          [
            121.18148393499253,
            12.316861978675538
          ],
          [
            121.18165927147939,
            12.316723555133258
          ],
          [
            121.1817330973686,
            12.316677413952497
          ],
          [
            121.18185121879137,
            12.31657774900206
          ],
          [
            121.18233746183692,
            12.316220531263339
          ],
          [
            121.18264494250394,
            12.3159985019823
          ],
          [
            121.18280067158997,
            12.315880523664843
          ],
          [
            121.18350122741533,
            12.315363313124458
          ],
          [
            121.1839488072726,
            12.314997248763698
          ],
          [
            121.18424521405623,
            12.314773183028368
          ],
          [
            121.18482743075776,
            12.314317403565992
          ],
          [
            121.18494361112971,
            12.31422780467568
          ],
          [
            121.18524998503291,
            12.314034158358828
          ],
          [
            121.18615157683813,
            12.313351557643328
          ],
          [
            121.18655443184598,
            12.31303156595378
          ],
          [
            121.18665120183516,
            12.31295821987987
          ],
          [
            121.18669887492214,
            12.312909673996373
          ],
          [
            121.1869092254301,
            12.312746376158811
          ],
          [
            121.18706332656996,
            12.312629909576238
          ],
          [
            121.18726450211805,
            12.312456418736582
          ],
          [
            121.18773883345627,
            12.312050376345894
          ],
          [
            121.18814303019973,
            12.311712622902734
          ],
          [
            121.18838480998691,
            12.311498527824003
          ],
          [
            121.18908800158168,
            12.310887618590742
          ],
          [
            121.1893556204301,
            12.310660603981402
          ],
          [
            121.1900901880278,
            12.31004784910091
          ],
          [
            121.19100378340684,
            12.309304053267065
          ],
          [
            121.19159254487334,
            12.308842641459465
          ],
          [
            121.19184031781208,
            12.308652948302834
          ],
          [
            121.19221781077634,
            12.308379023198299
          ],
          [
            121.19246172242133,
            12.30819484008937
          ],
          [
            121.19281026353728,
            12.307934916934455
          ],
          [
            121.19321335705398,
            12.307655876843322
          ],
          [
            121.19388776071351,
            12.307197352760978
          ],
          [
            121.19464524539241,
            12.306712764555584
          ],
          [
            121.19509555642263,
            12.306382509912652
          ],
          [
            121.19587951373269,
            12.305849192458819
          ],
          [
            121.19661581812707,
            12.305357385577567
          ],
          [
            121.19680850198289,
            12.305223137085791
          ],
          [
            121.19696363763038,
            12.305078910546824
          ],
          [
            121.19705522527319,
            12.304985334151464
          ],
          [
            121.19712574148207,
            12.30488090157377
          ],
          [
            121.19715287457713,
            12.304818871180599
          ],
          [
            121.19717394601109,
            12.304747367956255
          ],
          [
            121.19724561314851,
            12.304399998576619
          ],
          [
            121.19734866237508,
            12.304070262566883
          ],
          [
            121.19748387164051,
            12.303581559837358
          ],
          [
            121.19757790424575,
            12.303276816429507
          ],
          [
            121.19767701758279,
            12.302890885351301
          ],
          [
            121.19768777836161,
            12.302828813342579
          ],
          [
            121.19769452785059,
            12.302771423232096
          ],
          [
            121.19769017562221,
            12.30269852953124
          ],
          [
            121.19768061347374,
            12.302572283099122
          ],
          [
            121.19761450408578,
            12.302214874553348
          ],
          [
            121.19749448931404,
            12.301395502586582
          ],
          [
            121.19742296528192,
            12.30096920577812
          ],
          [
            121.19736380916703,
            12.300572248518291
          ],
          [
            121.19726810091385,
            12.299993314603103
          ],
          [
            121.19721992327878,
            12.299677157313315
          ],
          [
            121.19717193645081,
            12.299415998230211
          ],
          [
            121.19715347997848,
            12.299214822682103
          ],
          [
            121.19708888232542,
            12.298827236763719
          ],
          [
            121.19693938489976,
            12.297930252209747
          ],
          [
            121.19681941782979,
            12.297210449789889
          ],
          [
            121.19673820935164,
            12.296629070912312
          ],
          [
            121.19673313382177,
            12.296538172786219
          ],
          [
            121.19672021429118,
            12.296366066181983
          ],
          [
            121.19672298276204,
            12.296226719816085
          ],
          [
            121.19671652299674,
            12.2959969367359
          ],
          [
            121.19671098605504,
            12.295758848243176
          ],
          [
            121.1967091404078,
            12.295288208199427
          ],
          [
            121.19671283170227,
            12.295051965353935
          ],
          [
            121.1966906839355,
            12.29466253378832
          ],
          [
            121.19668330134657,
            12.294380149762071
          ],
          [
            121.1966786872285,
            12.294071926674595
          ],
          [
            121.19667591875765,
            12.293686186403445
          ],
          [
            121.19664731122556,
            12.292864873385914
          ],
          [
            121.19664085146027,
            12.292616633833427
          ],
          [
            121.19663010108536,
            12.292470323790601
          ],
          [
            121.19661900030799,
            12.292280352278114
          ],
          [
            121.19660302609594,
            12.291980558669215
          ],
          [
            121.19658419494124,
            12.291538636892188
          ],
          [
            121.19658070092584,
            12.291224183852743
          ],
          [
            121.19657019637637,
            12.290801415211133
          ],
          [
            121.19656110892271,
            12.2905836477726
          ],
          [
            121.19655775248577,
            12.290414333158553
          ],
          [
            121.1965531413707,
            12.290228926352635
          ],
          [
            121.19654203413764,
            12.289949790061716
          ],
          [
            121.19652138926428,
            12.289678137165009
          ],
          [
            121.19650007794381,
            12.289445522182508
          ],
          [
            121.1964529182882,
            12.289209822558576
          ],
          [
            121.19639321656594,
            12.288975390615805
          ],
          [
            121.19626856756601,
            12.288562641852579
          ],
          [
            121.19619166404921,
            12.28835446533
          ],
          [
            121.19608141012947,
            12.288028537977114
          ],
          [
            121.1959367813253,
            12.287597582351841
          ],
          [
            121.19582017069229,
            12.287217118265149
          ],
          [
            121.1956689582629,
            12.286742460830785
          ],
          [
            121.19553925345441,
            12.286357394920195
          ],
          [
            121.19544970321101,
            12.286101931878692
          ],
          [
            121.19534692728364,
            12.285804943382722
          ],
          [
            121.19528637107972,
            12.285666153973194
          ],
          [
            121.19516868542858,
            12.285463920514283
          ],
          [
            121.19506854671128,
            12.285278529114386
          ],
          [
            121.1948801313461,
            12.284975600759353
          ],
          [
            121.19470070665345,
            12.284673337473725
          ],
          [
            121.19457841177754,
            12.284490177485262
          ],
          [
            121.19436893106463,
            12.284128992893129
          ],
          [
            121.19423861587404,
            12.283909825878245
          ],
          [
            121.19396487837162,
            12.283431147432983
          ],
          [
            121.193549419693,
            12.282744143803116
          ],
          [
            121.19342718876119,
            12.282534159628245
          ],
          [
            121.19321560611442,
            12.282148637565802
          ],
          [
            121.19294357899584,
            12.28165880945067
          ],
          [
            121.19275539853372,
            12.281364904950387
          ],
          [
            121.19265009803881,
            12.28131440808344
          ],
          [
            121.1926205039552,
            12.28124251696544
          ],
          [
            121.19260256574658,
            12.280922145950825
          ],
          [
            121.19255771616112,
            12.280617903540726
          ],
          [
            121.19253138943063,
            12.280430241281989
          ],
          [
            121.19247777301271,
            12.2800837232134
          ],
          [
            121.19244565458933,
            12.279920161414786
          ],
          [
            121.19241536462572,
            12.279781952738114
          ],
          [
            121.19231939096971,
            12.27928789219702
          ],
          [
            121.1922178257191,
            12.278668500398831
          ],
          [
            121.19207461090635,
            12.277670987121597
          ],
          [
            121.19196859989435,
            12.276854401925915
          ],
          [
            121.19185702788212,
            12.2760454415284
          ],
          [
            121.19181551122335,
            12.275688628966856
          ],
          [
            121.19177013376628,
            12.275603343959864
          ],
          [
            121.19161884534638,
            12.275478876475574
          ],
          [
            121.19058159160289,
            12.274851356417244
          ],
          [
            121.19052253089151,
            12.274740617583419
          ]
        ]
      }
    },
    {
      "type": "Feature",
      "properties": {
        "id": 17,
        "canal_id": 17,
        "canal_type": "Lateral",
        "remarks": "LATERAL B1-1",
        "Length": 6.716,
        "canal_widt": null,
        "station_no": "STA 0+000",
        "canal_leng": 6716.97,
        "station__1": "STA 6+717.0",
        "station__2": "6716.97",
        "canal": "LATERAL B1-1",
        "canaltype": "Lateral",
        "canal_lining": "Unspecified"
      },
      "geometry": {
        "type": "LineString",
        "coordinates": [
          [
            121.18704164021504,
            12.31264467475406
          ],
          [
            121.18689407623012,
            12.312518735970267
          ],
          [
            121.18675391005415,
            12.312321454066126
          ],
          [
            121.18657212420585,
            12.312030414224896
          ],
          [
            121.18629980623972,
            12.31160545915204
          ],
          [
            121.18600800317026,
            12.31110085503769
          ],
          [
            121.18573415266145,
            12.310649053080361
          ],
          [
            121.18546015904741,
            12.310166978346887
          ],
          [
            121.18532187861041,
            12.3099275004168
          ],
          [
            121.18523304903454,
            12.309802548018526
          ],
          [
            121.18516564561274,
            12.309729512251524
          ],
          [
            121.18507249853327,
            12.309563860210648
          ],
          [
            121.18474742611193,
            12.308957936305687
          ],
          [
            121.1844736233049,
            12.308443600043564
          ],
          [
            121.1842797349422,
            12.308120611778243
          ],
          [
            121.18415173826635,
            12.307919463124113
          ],
          [
            121.18404958065176,
            12.307788088258404
          ],
          [
            121.18397151185471,
            12.307685209031145
          ],
          [
            121.18389634422988,
            12.307591632635786
          ],
          [
            121.18372091233947,
            12.307430462011586
          ],
          [
            121.18361511113218,
            12.307330531658337
          ],
          [
            121.18336175354999,
            12.307102747734568
          ],
          [
            121.18312011686812,
            12.306888366445255
          ],
          [
            121.18273833329422,
            12.30657765069363
          ],
          [
            121.18238715640881,
            12.30627621087992
          ],
          [
            121.1819479877715,
            12.305900849773463
          ],
          [
            121.1814088202714,
            12.30544082740323
          ],
          [
            121.18105478991552,
            12.305135028470362
          ],
          [
            121.18072473216586,
            12.304823877316652
          ],
          [
            121.1804637534859,
            12.304617954949059
          ],
          [
            121.18024190283951,
            12.304468546840718
          ],
          [
            121.17998757650047,
            12.304409396812027
          ],
          [
            121.17989160284449,
            12.304394631634182
          ],
          [
            121.17945233880364,
            12.30428942974205
          ],
          [
            121.17926408278613,
            12.304222986441758
          ],
          [
            121.17897431617097,
            12.304104865019015
          ],
          [
            121.1785701194275,
            12.303947985004427
          ],
          [
            121.17839653318433,
            12.3038775373051
          ],
          [
            121.17802476796881,
            12.303739713077983
          ],
          [
            121.17777699503007,
            12.303649827977079
          ],
          [
            121.17742212685019,
            12.303521640494209
          ],
          [
            121.1770511517569,
            12.303392445188077
          ],
          [
            121.17672816349156,
            12.303272478118105
          ],
          [
            121.1762919142851,
            12.30310858240714
          ],
          [
            121.17598837205674,
            12.30299903611742
          ],
          [
            121.17577926230632,
            12.302910826664478
          ],
          [
            121.175540887603,
            12.30280037404124
          ],
          [
            121.1754219014623,
            12.302736975018485
          ],
          [
            121.17524813049828,
            12.30264277850019
          ],
          [
            121.1751521568423,
            12.30258187214159
          ],
          [
            121.17493951971048,
            12.30244946255864
          ],
          [
            121.17477992933071,
            12.30235598156681
          ],
          [
            121.17449653748119,
            12.30218258613068
          ],
          [
            121.17435092215706,
            12.302104061123751
          ],
          [
            121.17416825078301,
            12.301987186033081
          ],
          [
            121.17398769045899,
            12.301876855707354
          ],
          [
            121.17316208683184,
            12.301379729585456
          ],
          [
            121.17260599540211,
            12.301048854819587
          ],
          [
            121.17225033710005,
            12.300834160425705
          ],
          [
            121.17201764244373,
            12.300691350870283
          ],
          [
            121.1718060877309,
            12.300562046713633
          ],
          [
            121.17157642390514,
            12.300425925028447
          ],
          [
            121.17135145919708,
            12.300291935201077
          ],
          [
            121.17105076180381,
            12.300107479328554
          ],
          [
            121.17075921069016,
            12.299936671960106
          ],
          [
            121.17051537427821,
            12.299789333286249
          ],
          [
            121.17039131412918,
            12.299712667373536
          ],
          [
            121.16998601415892,
            12.299464907881797
          ],
          [
            121.16978923807096,
            12.29934487966306
          ],
          [
            121.16966417682217,
            12.299262029791743
          ],
          [
            121.16951089269854,
            12.29914879829377
          ],
          [
            121.1693569004092,
            12.299005437124952
          ],
          [
            121.16929015745131,
            12.298943284434271
          ],
          [
            121.1692256075,
            12.298877992062529
          ],
          [
            121.16914542765291,
            12.298719484101754
          ],
          [
            121.16908082999983,
            12.29856248178966
          ],
          [
            121.16893907596943,
            12.298238655700361
          ],
          [
            121.16878557414475,
            12.297910539001451
          ],
          [
            121.16863444877286,
            12.297549152950626
          ],
          [
            121.16855245625874,
            12.297362516243949
          ],
          [
            121.16844357779371,
            12.297154375250381
          ],
          [
            121.16813391756715,
            12.296447131554805
          ],
          [
            121.16791289610936,
            12.295947056558889
          ],
          [
            121.16773137566385,
            12.295540394045268
          ],
          [
            121.167682932626,
            12.295442452444545
          ],
          [
            121.16764388782359,
            12.295356497146926
          ],
          [
            121.16754975981485,
            12.295105489123594
          ],
          [
            121.16747224263116,
            12.29495783734516
          ],
          [
            121.16734489297222,
            12.294668070729992
          ],
          [
            121.16726553014134,
            12.294500116832026
          ],
          [
            121.16718432166319,
            12.294311860814524
          ],
          [
            121.16716032824921,
            12.294228806689159
          ],
          [
            121.16714740871859,
            12.294099611383027
          ],
          [
            121.16714556307139,
            12.294025785493814
          ],
          [
            121.16714740871862,
            12.293920583601682
          ],
          [
            121.1671714021326,
            12.293230311537517
          ],
          [
            121.16718470327731,
            12.292749244627297
          ],
          [
            121.16719033562254,
            12.292547422062265
          ],
          [
            121.16721528915802,
            12.291878099134552
          ],
          [
            121.16723745180663,
            12.291184202475327
          ],
          [
            121.16724978172861,
            12.290920293907522
          ],
          [
            121.16727358433555,
            12.290240738632331
          ],
          [
            121.1672942986636,
            12.289495156449789
          ],
          [
            121.16732450474034,
            12.288736230919834
          ],
          [
            121.16735048320643,
            12.288099613234541
          ],
          [
            121.16734914517124,
            12.287601249587738
          ],
          [
            121.16731917854845,
            12.287387283262236
          ],
          [
            121.16728160328974,
            12.287145857779853
          ],
          [
            121.16721108983614,
            12.286821798242645
          ],
          [
            121.16713767615546,
            12.286486868171032
          ],
          [
            121.16705894228899,
            12.286095245449067
          ],
          [
            121.1669943033899,
            12.285826627573071
          ],
          [
            121.16686051226591,
            12.285160891740617
          ],
          [
            121.16680728260314,
            12.284898887184937
          ],
          [
            121.16673591002233,
            12.284548721327738
          ],
          [
            121.16664051668384,
            12.284112726216685
          ],
          [
            121.16655092844515,
            12.283709099139115
          ],
          [
            121.16645184751266,
            12.283221289256039
          ],
          [
            121.16640861910093,
            12.282985709300311
          ],
          [
            121.16639661939094,
            12.282814968055632
          ],
          [
            121.16638761066595,
            12.282639282808843
          ],
          [
            121.16634964499167,
            12.281648431003353
          ],
          [
            121.16631456054688,
            12.280979052027872
          ],
          [
            121.16629774361753,
            12.280586293674562
          ],
          [
            121.16626301023253,
            12.279748149375633
          ],
          [
            121.16626209135703,
            12.27935324524494
          ],
          [
            121.16624635772888,
            12.278388710463464
          ],
          [
            121.16624504661455,
            12.278085089508027
          ],
          [
            121.16623505736598,
            12.27768252461569
          ],
          [
            121.16624404571564,
            12.277375801666318
          ],
          [
            121.16627357374854,
            12.277088585140714
          ],
          [
            121.16632078990739,
            12.276842400173463
          ],
          [
            121.16638512865343,
            12.276615301448327
          ],
          [
            121.16647821697497,
            12.27638425844545
          ],
          [
            121.1665888826887,
            12.276218176288726
          ],
          [
            121.16669456163886,
            12.276055100951357
          ],
          [
            121.16683821411894,
            12.275860506576134
          ],
          [
            121.16698314611504,
            12.275685588965372
          ],
          [
            121.16742201509479,
            12.275169011994912
          ],
          [
            121.16796503044161,
            12.274544978976989
          ],
          [
            121.16962658996657,
            12.272527421151358
          ],
          [
            121.16970925880135,
            12.272416026303127
          ],
          [
            121.16980317278555,
            12.272249593137525
          ],
          [
            121.16984603337552,
            12.272183197302716
          ],
          [
            121.16990753685373,
            12.272119798516245
          ],
          [
            121.16996061786053,
            12.272069796041748
          ],
          [
            121.17025133115018,
            12.271915578690592
          ],
          [
            121.17035058132699,
            12.271858028998455
          ],
          [
            121.17067967701374,
            12.271685689946382
          ],
          [
            121.17091399105622,
            12.271571654632657
          ],
          [
            121.17117486293108,
            12.271444305076916
          ],
          [
            121.17161202936887,
            12.271208048784432
          ],
          [
            121.1718403857138,
            12.271082040861138
          ],
          [
            121.17199152453263,
            12.27099034436778
          ],
          [
            121.17207504831487,
            12.270932005269078
          ],
          [
            121.17229152720721,
            12.270697356115004
          ],
          [
            121.1725323603199,
            12.270422702037013
          ],
          [
            121.17290019573214,
            12.269999306400807
          ],
          [
            121.17329694873791,
            12.269632656171884
          ],
          [
            121.17384027718933,
            12.269166967201661
          ],
          [
            121.17450360696549,
            12.268626036010875
          ],
          [
            121.1747480001295,
            12.268452507346856
          ],
          [
            121.1749931865854,
            12.268321674217134
          ],
          [
            121.17554325796961,
            12.268026152959232
          ],
          [
            121.17576104434279,
            12.267904340242026
          ],
          [
            121.17589862368497,
            12.267789142939897
          ],
          [
            121.17755087178271,
            12.266906922425134
          ]
        ]
      }
    },
    {
      "type": "Feature",
      "properties": {
        "id": 18,
        "canal_id": 18,
        "canal_type": "Lateral",
        "remarks": "PROPOSED LATERAL B2",
        "Length": null,
        "canal_widt": null,
        "station_no": "STA 0+000",
        "canal_leng": 1448.88,
        "station__1": "STA 1+448.9",
        "station__2": "1448.88",
        "canal": "PROPOSED LATERAL B2",
        "canaltype": "Lateral",
        "canal_lining": "Unspecified"
      },
      "geometry": {
        "type": "LineString",
        "coordinates": [
          [
            121.18655485075739,
            12.296463885484775
          ],
          [
            121.18590887422661,
            12.29647311372093
          ],
          [
            121.1858872500711,
            12.296217892002574
          ],
          [
            121.18587656419999,
            12.296057657099999
          ],
          [
            121.18586573,
            12.295840331799997
          ],
          [
            121.1858494209,
            12.2956645857
          ],
          [
            121.18586496740001,
            12.2954059077
          ],
          [
            121.18588729600002,
            12.295222961299999
          ],
          [
            121.1859144383,
            12.2949055836
          ],
          [
            121.1859411808,
            12.294636761
          ],
          [
            121.1859926829,
            12.2943649855
          ],
          [
            121.1861447717,
            12.2938316232
          ],
          [
            121.1862344026,
            12.2936028854
          ],
          [
            121.18629470490002,
            12.293448704199998
          ],
          [
            121.18632741519998,
            12.2932400742
          ],
          [
            121.18635565760002,
            12.292878777299999
          ],
          [
            121.18637304870002,
            12.292701635499999
          ],
          [
            121.18644055110002,
            12.2924851075
          ],
          [
            121.1864625481,
            12.2922568846
          ],
          [
            121.18647868790002,
            12.292135455499999
          ],
          [
            121.1864956003,
            12.291857004499999
          ],
          [
            121.18652550669998,
            12.291614495
          ],
          [
            121.18653576670002,
            12.291470611699996
          ],
          [
            121.1865585757,
            12.291277133799998
          ],
          [
            121.1865913193,
            12.2910620958
          ],
          [
            121.1865973491,
            12.2908490143
          ],
          [
            121.1866022074,
            12.290653018899999
          ],
          [
            121.1865719981,
            12.290422155
          ],
          [
            121.18639049480001,
            12.290318717399996
          ],
          [
            121.186179598,
            12.290225251799999
          ],
          [
            121.1860835877,
            12.2901762132
          ],
          [
            121.1860920759,
            12.290036381400002
          ],
          [
            121.186094532,
            12.2898769967
          ],
          [
            121.1861033668,
            12.2896999077
          ],
          [
            121.18610572460001,
            12.2895291476
          ],
          [
            121.1861076813,
            12.289367174399999
          ],
          [
            121.18612056430001,
            12.2890917646
          ],
          [
            121.18612118840001,
            12.288906494799999
          ],
          [
            121.18595330950001,
            12.288907416500003
          ],
          [
            121.1857313379,
            12.288909698899998
          ],
          [
            121.1857329443,
            12.288764531700002
          ],
          [
            121.185733288,
            12.2885839624
          ],
          [
            121.18574833230001,
            12.288380520599999
          ],
          [
            121.1857463834,
            12.2881760425
          ],
          [
            121.18570295280001,
            12.287944303699998
          ],
          [
            121.18552014319998,
            12.287929790899998
          ],
          [
            121.18527692990001,
            12.287911278299998
          ],
          [
            121.1852919021,
            12.287696465099996
          ],
          [
            121.1853064795,
            12.287490673799999
          ],
          [
            121.18532005759998,
            12.2872909871
          ],
          [
            121.1853363746,
            12.2870848485
          ],
          [
            121.1853474154,
            12.286883877
          ],
          [
            121.18536464189998,
            12.286679493
          ],
          [
            121.18537890420001,
            12.2864784946
          ],
          [
            121.18539040269998,
            12.286273695400002
          ],
          [
            121.18540544760002,
            12.286070917699998
          ],
          [
            121.18542041610002,
            12.2858675016
          ],
          [
            121.185439679,
            12.2856310384
          ],
          [
            121.18544369259999,
            12.285601881099996
          ],
          [
            121.1854550198,
            12.2854539443
          ],
          [
            121.1854623077,
            12.285286624900001
          ],
          [
            121.1854615822,
            12.285256743599998
          ],
          [
            121.18546315110001,
            12.285248346499996
          ],
          [
            121.18546474700001,
            12.285227451100003
          ],
          [
            121.18546565910002,
            12.2851760062
          ]
        ]
      }
    },
    {
      "type": "Feature",
      "properties": {
        "id": 15,
        "canal_id": 15,
        "canal_type": "Main",
        "remarks": "MAIN CANAL",
        "Length": 16.673,
        "canal_widt": null,
        "station_no": "STA 0+000",
        "canal_leng": 16674.35,
        "station__1": "STA 16+674.3",
        "station__2": "16674.35",
        "canal": "MAIN CANAL",
        "canaltype": "Main Canal",
        "canal_lining": "Unspecified"
      },
      "geometry": {
        "type": "LineString",
        "coordinates": [
          [
            121.1934887384104,
            12.381529439439678
          ],
          [
            121.19396632648552,
            12.380429563675053
          ],
          [
            121.19406533766785,
            12.379752659624193
          ],
          [
            121.194183624563,
            12.379415613625026
          ],
          [
            121.19427711053136,
            12.378984113785034
          ],
          [
            121.19436022550144,
            12.378638207194529
          ],
          [
            121.19442907222154,
            12.37821716125423
          ],
          [
            121.1944664541874,
            12.377926207734339
          ],
          [
            121.19447425259446,
            12.377661587398077
          ],
          [
            121.19450132189048,
            12.377258351849418
          ],
          [
            121.19452401345414,
            12.377029850443195
          ],
          [
            121.19450705669668,
            12.376809632692634
          ],
          [
            121.19450560338842,
            12.376227689450708
          ],
          [
            121.19452235355278,
            12.37478726448082
          ],
          [
            121.19453684062103,
            12.373689618996224
          ],
          [
            121.19454170749754,
            12.373268820781783
          ],
          [
            121.19453067160968,
            12.372442235170022
          ],
          [
            121.19446783913332,
            12.370996437146262
          ],
          [
            121.19444702478152,
            12.370699922858162
          ],
          [
            121.19441358590528,
            12.370321435097203
          ],
          [
            121.19439895497234,
            12.369920298172643
          ],
          [
            121.19437999438799,
            12.369253399999721
          ],
          [
            121.19431471975864,
            12.368337723794818
          ],
          [
            121.19426687970437,
            12.367423243544938
          ],
          [
            121.19420676129376,
            12.366578464623585
          ],
          [
            121.19416384401704,
            12.36615035051975
          ],
          [
            121.19412317614453,
            12.36587777842247
          ],
          [
            121.19402953491948,
            12.365491188384864
          ],
          [
            121.19392850733237,
            12.365126531704034
          ],
          [
            121.19385718093935,
            12.364868856927599
          ],
          [
            121.19372348673154,
            12.364373339183713
          ],
          [
            121.19367439729766,
            12.364174747618598
          ],
          [
            121.19363973815128,
            12.364061554722783
          ],
          [
            121.19340360757127,
            12.363173259209542
          ],
          [
            121.19317873169739,
            12.362350670523519
          ],
          [
            121.19307680513754,
            12.361980230845912
          ],
          [
            121.19281235494404,
            12.361141686380062
          ],
          [
            121.192589502745,
            12.360453500239162
          ],
          [
            121.19236943696694,
            12.359769143403657
          ],
          [
            121.1921120890525,
            12.35893775957049
          ],
          [
            121.19200932581829,
            12.3585965075343
          ],
          [
            121.19161750537528,
            12.35733946915628
          ],
          [
            121.19139980570866,
            12.35661076299927
          ],
          [
            121.19127537368131,
            12.35624555372706
          ],
          [
            121.19110340886158,
            12.355848518453248
          ],
          [
            121.19099993968779,
            12.355650036012277
          ],
          [
            121.1908468392679,
            12.355308199929127
          ],
          [
            121.1905325796734,
            12.35461272855881
          ],
          [
            121.19026486439573,
            12.354040280430755
          ],
          [
            121.19012373710207,
            12.35374307411375
          ],
          [
            121.19000126645119,
            12.35347630058784
          ],
          [
            121.18989229991065,
            12.353254662593674
          ],
          [
            121.18961364121427,
            12.352641966902665
          ],
          [
            121.18951487860598,
            12.352425333584524
          ],
          [
            121.18945493920093,
            12.352210241333298
          ],
          [
            121.18943330155696,
            12.352050068236498
          ],
          [
            121.18941926042986,
            12.351897974264453
          ],
          [
            121.1894050870209,
            12.351674164739032
          ],
          [
            121.18939622957538,
            12.351380180727169
          ],
          [
            121.18936076095909,
            12.350769072826845
          ],
          [
            121.18934671983195,
            12.350398734281887
          ],
          [
            121.18932231134158,
            12.350083291631657
          ],
          [
            121.18929939719436,
            12.349731002729218
          ],
          [
            121.18928219606043,
            12.34950299799772
          ],
          [
            121.18925391922602,
            12.349077623591102
          ],
          [
            121.18923508357761,
            12.348801580199618
          ],
          [
            121.18923749641284,
            12.347823885391179
          ],
          [
            121.18923748083824,
            12.347546323988071
          ],
          [
            121.18923848488836,
            12.34737381446646
          ],
          [
            121.18924412002875,
            12.347245428536981
          ],
          [
            121.18925297747424,
            12.347175759918137
          ],
          [
            121.18926698745217,
            12.347070303710478
          ],
          [
            121.18929682092812,
            12.346994182796244
          ],
          [
            121.18936307266165,
            12.346818069289805
          ],
          [
            121.18946920605741,
            12.346489558617787
          ],
          [
            121.18955475258313,
            12.346260682117984
          ],
          [
            121.1897417781547,
            12.345683034733712
          ],
          [
            121.18982050648432,
            12.345450562342972
          ],
          [
            121.18994375545599,
            12.345125483926468
          ],
          [
            121.19007602530415,
            12.344829094866677
          ],
          [
            121.1904425888504,
            12.344115566168709
          ],
          [
            121.19059068219653,
            12.343848224476814
          ],
          [
            121.19085364967675,
            12.343340961733757
          ],
          [
            121.19101839156544,
            12.34302853123388
          ],
          [
            121.19125829704201,
            12.342559912688507
          ],
          [
            121.19160601715257,
            12.341885269492183
          ],
          [
            121.19170983116068,
            12.341680443471546
          ],
          [
            121.19175896731835,
            12.341578769845501
          ],
          [
            121.19178265656683,
            12.341512393903605
          ],
          [
            121.19179302714956,
            12.341469639873946
          ],
          [
            121.19180726285686,
            12.341415078730718
          ],
          [
            121.19182046336488,
            12.341302438426276
          ],
          [
            121.19182532018449,
            12.341175398983518
          ],
          [
            121.19180804117761,
            12.340882956038548
          ],
          [
            121.1917567646379,
            12.340525600161707
          ],
          [
            121.1917203466083,
            12.340303092271137
          ],
          [
            121.19169901233872,
            12.340067037692151
          ],
          [
            121.19166414303754,
            12.33963592701251
          ],
          [
            121.19165173642487,
            12.339302185730691
          ],
          [
            121.19163188115179,
            12.33912432889205
          ],
          [
            121.19161924880974,
            12.338987785964852
          ],
          [
            121.19160762051786,
            12.338867043275972
          ],
          [
            121.19158920517903,
            12.338769315866958
          ],
          [
            121.19157997414774,
            12.338694751594229
          ],
          [
            121.19154993051701,
            12.338589933535994
          ],
          [
            121.19151260165687,
            12.338509165956928
          ],
          [
            121.19143183407782,
            12.338407733634849
          ],
          [
            121.19134525235279,
            12.338322350540135
          ],
          [
            121.1912436410251,
            12.338217727062084
          ],
          [
            121.19110993124268,
            12.338083884997838
          ],
          [
            121.1909255442357,
            12.337921945104743
          ],
          [
            121.19074276059398,
            12.337796882613048
          ],
          [
            121.19065985445475,
            12.337749704313959
          ],
          [
            121.19041301317482,
            12.33760159954599
          ],
          [
            121.19040445052029,
            12.337596461953272
          ],
          [
            121.1900709816916,
            12.337408385607802
          ],
          [
            121.18968897602043,
            12.33717430985178
          ],
          [
            121.18932098032721,
            12.336951862387679
          ],
          [
            121.18884120052323,
            12.3366637936544
          ],
          [
            121.18840464928344,
            12.336394638442442
          ],
          [
            121.18806486812629,
            12.336180519092148
          ],
          [
            121.18773766490231,
            12.335976191254023
          ],
          [
            121.18740857028531,
            12.335774151654384
          ],
          [
            121.18672035299518,
            12.335356887521687
          ],
          [
            121.18597077194035,
            12.334899282378474
          ],
          [
            121.18548514684127,
            12.334601025287553
          ],
          [
            121.185161913094,
            12.334414241019944
          ],
          [
            121.18479910108239,
            12.334192603025771
          ],
          [
            121.18438642131618,
            12.333934640221582
          ],
          [
            121.18385432977321,
            12.333606790958674
          ],
          [
            121.18340116114007,
            12.333320598043814
          ],
          [
            121.1831838350592,
            12.333188865212453
          ],
          [
            121.18304057506856,
            12.333105832654592
          ],
          [
            121.18293435611474,
            12.333034015968586
          ],
          [
            121.18287145128308,
            12.332994110842229
          ],
          [
            121.18282011244503,
            12.332950205089967
          ],
          [
            121.18277643242212,
            12.332891869050206
          ],
          [
            121.18273314155961,
            12.332798064394138
          ],
          [
            121.18268388869473,
            12.332691300534023
          ],
          [
            121.1826502024493,
            12.332601737807817
          ],
          [
            121.18262475875963,
            12.332521180383532
          ],
          [
            121.18257667337586,
            12.332336388641574
          ],
          [
            121.18252197995082,
            12.332053776043065
          ],
          [
            121.18248609102493,
            12.331852771642724
          ],
          [
            121.18238465870286,
            12.331389399077338
          ],
          [
            121.18227605017348,
            12.33088294580421
          ],
          [
            121.18220289468583,
            12.330400348430075
          ],
          [
            121.18217361380127,
            12.330173075295548
          ],
          [
            121.18214857484656,
            12.330030165631005
          ],
          [
            121.18213774045,
            12.329902705878688
          ],
          [
            121.1821245555166,
            12.329814715368578
          ],
          [
            121.18211593937502,
            12.329735146419825
          ],
          [
            121.1820978820474,
            12.329624109480664
          ],
          [
            121.18206662421177,
            12.32942009292996
          ],
          [
            121.18198185600681,
            12.32876509485194
          ],
          [
            121.18192836121207,
            12.328387720271007
          ],
          [
            121.18191289572526,
            12.328220386541513
          ],
          [
            121.18190364911933,
            12.32812078331408
          ],
          [
            121.18189482282305,
            12.328043012310792
          ],
          [
            121.18185767691327,
            12.327780928228723
          ],
          [
            121.18184270566422,
            12.32765549215124
          ],
          [
            121.181824348679,
            12.32750898659577
          ],
          [
            121.18180322084741,
            12.327412379944114
          ],
          [
            121.1817864983767,
            12.327350043278456
          ],
          [
            121.18176553397608,
            12.327288111347764
          ],
          [
            121.18174179872909,
            12.327242796810411
          ],
          [
            121.18172014551051,
            12.327205273370089
          ],
          [
            121.18169218390827,
            12.327161620551633
          ],
          [
            121.18166152538778,
            12.327110958901656
          ],
          [
            121.18162885876708,
            12.32707068018952
          ],
          [
            121.18158814417076,
            12.327013527205478
          ],
          [
            121.18154096648156,
            12.326976733677352
          ],
          [
            121.18149212125968,
            12.326941227911547
          ],
          [
            121.18143543530897,
            12.326911573441196
          ],
          [
            121.18132679563043,
            12.32687709330042
          ],
          [
            121.18116425642219,
            12.326842691032597
          ],
          [
            121.1810151434513,
            12.326825054014538
          ],
          [
            121.18074738144988,
            12.326799400170088
          ],
          [
            121.18040105454978,
            12.326760919403409
          ],
          [
            121.1801348959136,
            12.326741679020072
          ],
          [
            121.17990882140937,
            12.326730455463126
          ],
          [
            121.17948553297595,
            12.326693578061729
          ],
          [
            121.17923981335342,
            12.326685483362384
          ],
          [
            121.17859566524656,
            12.326623388000682
          ],
          [
            121.17812046980906,
            12.32657227489197
          ],
          [
            121.17744545302696,
            12.326505159279659
          ],
          [
            121.17722358930341,
            12.326500107879863
          ],
          [
            121.17702436727394,
            12.326464296826952
          ],
          [
            121.17693778554892,
            12.326453073270004
          ],
          [
            121.17687846103362,
            12.32643062615611
          ],
          [
            121.17684158363224,
            12.326398558850547
          ],
          [
            121.17682715334473,
            12.326360078083871
          ],
          [
            121.17682394661416,
            12.326323200682474
          ],
          [
            121.17681592978778,
            12.326164467519932
          ],
          [
            121.17681432642249,
            12.325943203111544
          ],
          [
            121.17681111969193,
            12.325596876211462
          ],
          [
            121.17680470623083,
            12.32517679450858
          ],
          [
            121.17679989613501,
            12.325064558939111
          ],
          [
            121.17679348267386,
            12.32496675365714
          ],
          [
            121.17678068690084,
            12.324862939649028
          ],
          [
            121.17676965792408,
            12.324465904375199
          ],
          [
            121.17676186682704,
            12.323948359826952
          ],
          [
            121.17675145274005,
            12.323693471471497
          ],
          [
            121.17674842501509,
            12.323282963236514
          ],
          [
            121.17674602775443,
            12.322945509356527
          ],
          [
            121.17674181697377,
            12.322228594922409
          ],
          [
            121.17673418930777,
            12.321868047889598
          ],
          [
            121.17672606740399,
            12.32175570724274
          ],
          [
            121.1767254836634,
            12.32159246364194
          ],
          [
            121.17672277117063,
            12.321469409250488
          ],
          [
            121.17672277117063,
            12.321265182545005
          ],
          [
            121.17671637328414,
            12.320899809841773
          ],
          [
            121.1767087456181,
            12.320422411723845
          ],
          [
            121.17670012947656,
            12.320131003978185
          ],
          [
            121.17669932000662,
            12.320038802687394
          ],
          [
            121.1766956929665,
            12.3198215544795
          ],
          [
            121.176691513335,
            12.319476636364504
          ],
          [
            121.17669310112571,
            12.319342747576483
          ],
          [
            121.17669209707559,
            12.318986395749763
          ],
          [
            121.17669068829049,
            12.318785181194643
          ],
          [
            121.17669384653583,
            12.318605449280621
          ],
          [
            121.1766824924585,
            12.318543898082172
          ],
          [
            121.17667907557318,
            12.318391337076777
          ],
          [
            121.17667696239552,
            12.318220092224186
          ],
          [
            121.17667604784816,
            12.317907751227136
          ],
          [
            121.17667125332694,
            12.317595484158266
          ],
          [
            121.17667144790714,
            12.317299460896953
          ],
          [
            121.17666543918098,
            12.316855928030051
          ],
          [
            121.17666564933575,
            12.316450681349636
          ],
          [
            121.17666266833459,
            12.315934786890432
          ],
          [
            121.17666006091916,
            12.315640382568995
          ],
          [
            121.17665322714849,
            12.315094428904475
          ],
          [
            121.17664446927688,
            12.314635029805414
          ],
          [
            121.17662919224392,
            12.31391997162545
          ],
          [
            121.17662958231577,
            12.313397719834061
          ],
          [
            121.17661903467338,
            12.312634989108876
          ],
          [
            121.17661734055655,
            12.312406956105926
          ],
          [
            121.17661711249474,
            12.312190339125491
          ],
          [
            121.17661631081035,
            12.31187206942967
          ],
          [
            121.17661711249296,
            12.31118663077321
          ],
          [
            121.17660446688139,
            12.310516436865695
          ],
          [
            121.17660265839153,
            12.31019732727122
          ],
          [
            121.17660904905924,
            12.310052209212017
          ],
          [
            121.17660909566658,
            12.309913558742268
          ],
          [
            121.17658828821811,
            12.309850486572362
          ],
          [
            121.17653689762173,
            12.309774827018881
          ],
          [
            121.17648784222858,
            12.30971081649296
          ],
          [
            121.17643432885126,
            12.309658623663017
          ],
          [
            121.17617671027186,
            12.309496128063053
          ],
          [
            121.17599406925083,
            12.309393775357266
          ],
          [
            121.17527415824087,
            12.309000950864093
          ],
          [
            121.17466421358404,
            12.308669347286324
          ],
          [
            121.17417791475327,
            12.30841236860289
          ],
          [
            121.1732690325474,
            12.307902898146196
          ],
          [
            121.17322118483362,
            12.30787728483886
          ],
          [
            121.17310093243773,
            12.307712138215194
          ],
          [
            121.17306325335372,
            12.307650408651984
          ],
          [
            121.17291608884383,
            12.307378895412214
          ],
          [
            121.17262003571898,
            12.306794009225905
          ],
          [
            121.17231407703383,
            12.306151059749318
          ],
          [
            121.17227013657066,
            12.30609989113481
          ],
          [
            121.17208923230905,
            12.305965855485042
          ],
          [
            121.17156216750024,
            12.305582030077185
          ],
          [
            121.17074413852792,
            12.305009787782343
          ],
          [
            121.1697753966095,
            12.304331942558333
          ],
          [
            121.16940773172298,
            12.30407161364269
          ],
          [
            121.16918624262712,
            12.303910065317833
          ],
          [
            121.16898664596998,
            12.303739117714928
          ],
          [
            121.16871816459876,
            12.303488656130103
          ],
          [
            121.16835113472088,
            12.303093290319955
          ],
          [
            121.16795793250165,
            12.302667608522931
          ],
          [
            121.16751302618513,
            12.302181782210239
          ],
          [
            121.16704400778976,
            12.301678340069262
          ],
          [
            121.16661215209307,
            12.30121408011538
          ],
          [
            121.16597219919225,
            12.300535794304304
          ],
          [
            121.16583395500781,
            12.300382695490581
          ],
          [
            121.16543981600431,
            12.29996812105495
          ],
          [
            121.16524241193612,
            12.299781698269861
          ],
          [
            121.1650753158382,
            12.29961955883964
          ],
          [
            121.16497774348056,
            12.29950872891488
          ],
          [
            121.16491316396055,
            12.299407388107452
          ],
          [
            121.1648629783297,
            12.299301404643714
          ],
          [
            121.16473247164184,
            12.298982514914735
          ],
          [
            121.16454984424365,
            12.298495520072684
          ],
          [
            121.16432691001982,
            12.297871354498493
          ],
          [
            121.1642553129497,
            12.297657348559229
          ],
          [
            121.16415920878177,
            12.297374419072781
          ],
          [
            121.16405318528588,
            12.29709003826637
          ],
          [
            121.16399682614718,
            12.296902564553656
          ],
          [
            121.1639233284908,
            12.296727863112684
          ],
          [
            121.16377740228106,
            12.296447874458206
          ],
          [
            121.16349042796429,
            12.29589870166621
          ],
          [
            121.16335095075966,
            12.295651363103795
          ],
          [
            121.16320970505915,
            12.295382866861177
          ],
          [
            121.16306179138863,
            12.295097693607218
          ],
          [
            121.16295939521854,
            12.294886452941753
          ],
          [
            121.16293273338195,
            12.294803800909287
          ],
          [
            121.16292807014231,
            12.294741333525623
          ],
          [
            121.16294699488965,
            12.294596307025696
          ],
          [
            121.1630765779297,
            12.294129115124095
          ],
          [
            121.16314778540149,
            12.293764398237647
          ],
          [
            121.16320461950363,
            12.293433983619122
          ],
          [
            121.16330066331255,
            12.292901771649232
          ],
          [
            121.16336798060419,
            12.292584326138547
          ],
          [
            121.16341791179754,
            12.292336585649426
          ],
          [
            121.1634699168146,
            12.292047230659673
          ],
          [
            121.1635292629315,
            12.291726707268587
          ],
          [
            121.1635744535031,
            12.291457598805007
          ],
          [
            121.16365052636439,
            12.291055262888847
          ],
          [
            121.16369597233401,
            12.290858102307281
          ],
          [
            121.16376733097529,
            12.290474435969593
          ],
          [
            121.16384999447719,
            12.290071163769634
          ],
          [
            121.16392122783441,
            12.28965482509691
          ],
          [
            121.16396138531515,
            12.28944000651053
          ],
          [
            121.16405677787434,
            12.288953542520533
          ],
          [
            121.1640796794113,
            12.288808072539958
          ],
          [
            121.16410741992978,
            12.28865062486366
          ],
          [
            121.16413556556415,
            12.288496055005501
          ],
          [
            121.16415369196494,
            12.288394367446333
          ],
          [
            121.16415757282036,
            12.288319795130107
          ],
          [
            121.16415398406798,
            12.288190954515855
          ],
          [
            121.16409927422966,
            12.28773264094779
          ],
          [
            121.16403824972521,
            12.287212325663273
          ],
          [
            121.1638795514073,
            12.28649727192376
          ],
          [
            121.16373336781957,
            12.285904358890878
          ],
          [
            121.16342686077692,
            12.284660626284332
          ],
          [
            121.16325679759323,
            12.284004407215068
          ],
          [
            121.1632247193115,
            12.283908335111182
          ],
          [
            121.16289924749573,
            12.282743666784402
          ],
          [
            121.16284392638208,
            12.282531912921835
          ],
          [
            121.16280102457999,
            12.282340710917344
          ],
          [
            121.16275625813866,
            12.282008671932076
          ],
          [
            121.16273946414418,
            12.281617569822277
          ],
          [
            121.16273761849695,
            12.281250286023468
          ],
          [
            121.16274114814685,
            12.280816508846822
          ],
          [
            121.16273192261859,
            12.280096373637509
          ],
          [
            121.16272379037629,
            12.27952891820614
          ],
          [
            121.16273412796144,
            12.279393694643787
          ],
          [
            121.16281429043207,
            12.278967149741622
          ],
          [
            121.16319140449592,
            12.277466822969235
          ],
          [
            121.16333840611334,
            12.276998626871134
          ],
          [
            121.16334376686986,
            12.276893716424564
          ],
          [
            121.16345823136474,
            12.276498147154763
          ],
          [
            121.16351824698792,
            12.276231667747144
          ],
          [
            121.16355559501456,
            12.275992080597502
          ],
          [
            121.16354802928996,
            12.275865046068672
          ],
          [
            121.16352031305095,
            12.27573388689017
          ],
          [
            121.16347982353547,
            12.275603426712092
          ],
          [
            121.16340176956705,
            12.2754522674717
          ],
          [
            121.16327618776938,
            12.275316926416538
          ],
          [
            121.16288598035268,
            12.275018316011243
          ],
          [
            121.1623076481342,
            12.274580942496588
          ],
          [
            121.16203296032165,
            12.274367483093252
          ],
          [
            121.16174166808773,
            12.274133658431465
          ],
          [
            121.16151988815608,
            12.273940064226615
          ],
          [
            121.16124283019599,
            12.273690774280057
          ],
          [
            121.1605845831289,
            12.273075936363064
          ],
          [
            121.16013229895199,
            12.272675242716515
          ],
          [
            121.1593816265053,
            12.272003620382556
          ],
          [
            121.15903399149687,
            12.271694307272224
          ],
          [
            121.15834069116694,
            12.27107832777555
          ],
          [
            121.15720829497428,
            12.270072058014065
          ],
          [
            121.15701128863275,
            12.269892077880714
          ],
          [
            121.15602501520186,
            12.269013002137358
          ],
          [
            121.15562332838519,
            12.26866396715576
          ],
          [
            121.15532680724019,
            12.268443785902203
          ],
          [
            121.15501914068675,
            12.268231978861591
          ],
          [
            121.15481997052541,
            12.268105750149271
          ],
          [
            121.1543353344806,
            12.267794423314422
          ],
          [
            121.15369482068233,
            12.267373968247712
          ],
          [
            121.15302764197642,
            12.266933680620673
          ],
          [
            121.15257027026402,
            12.266630147775398
          ],
          [
            121.15227544113446,
            12.266435367346634
          ],
          [
            121.15162821420435,
            12.266004545433349
          ],
          [
            121.1513830755155,
            12.26584856166908
          ],
          [
            121.15081331568173,
            12.26548192315934
          ],
          [
            121.15064772189103,
            12.265387052554537
          ],
          [
            121.1504943538739,
            12.265309256263674
          ],
          [
            121.14969509197346,
            12.264934330595162
          ],
          [
            121.14935635943756,
            12.264775847526264
          ],
          [
            121.14878136428311,
            12.264503265724407
          ],
          [
            121.14776811746992,
            12.264043674296559
          ],
          [
            121.14498435110238,
            12.262757208302137
          ],
          [
            121.14452914211503,
            12.26254506932863
          ],
          [
            121.14405054791973,
            12.261468726017387
          ],
          [
            121.1399530962252,
            12.261526666845016
          ]
        ]
      }
    }
  ]
}