{
  "type": "FeatureCollection",
  "name": "Mag Asawang Tubig RIS",
  "crs": {
    "type": "name",
    "properties": {
      "name": "urn:ogc:def:crs:OGC:1.3:CRS84"
    }
  },
  "features": [
    {
      "type": "Feature",
      "properties": {
        "id": 390,
        "canal_id": 390,
        "canal_type": "Main",
        "remarks": "MAPALO NORTH MAIN CANAL",
        "canal_leng": 7352.74,
        "canal_widt": null,
        "station_no": "STA 0+000",
        "station__1": "STA 7+352.7",
        "station__2": "7352.74",
        "canal": "MAPALO NORTH MAIN CANAL",
        "canaltype": "Main Canal",
        "canal_lining": "Unspecified"
      },
      "geometry": {
        "type": "LineString",
        "coordinates": [
          [
            121.2523260767573,
            13.242490563003107
          ],
          [
            121.2521814645713,
            13.24256013777258
          ],
          [
            121.2521358268211,
            13.24258437174946
          ],
          [
            121.25203155383672,
            13.242726653865388
          ],
          [
            121.25198472281731,
            13.242797769943236
          ],
          [
            121.2519316129575,
            13.242967013006972
          ],
          [
            121.2518666784411,
            13.243179017776397
          ],
          [
            121.2518647685425,
            13.243431739636177
          ],
          [
            121.25186322156868,
            13.24368690577494
          ],
          [
            121.2519223688312,
            13.244809694236652
          ],
          [
            121.2520004197188,
            13.245033497500508
          ],
          [
            121.2520613507745,
            13.245166597063237
          ],
          [
            121.25218907560502,
            13.245418515472208
          ],
          [
            121.2522924683716,
            13.245580871346629
          ],
          [
            121.2524263028218,
            13.245794275604778
          ],
          [
            121.2525998556875,
            13.246056514315928
          ],
          [
            121.25272842924811,
            13.246261974909386
          ],
          [
            121.2528555246716,
            13.246459020224068
          ],
          [
            121.25294589844852,
            13.246606663100097
          ],
          [
            121.25305145905028,
            13.24678621144079
          ],
          [
            121.25318388797001,
            13.246996358070207
          ],
          [
            121.2533394768976,
            13.247264398286337
          ],
          [
            121.25351350359391,
            13.247574290205666
          ],
          [
            121.2536303574453,
            13.24778186301614
          ],
          [
            121.2537713411144,
            13.248030386888502
          ],
          [
            121.25384358878068,
            13.248152461570019
          ],
          [
            121.2539465296487,
            13.24831112697707
          ],
          [
            121.25402562781962,
            13.248439836482651
          ],
          [
            121.25416368055592,
            13.24864437756833
          ],
          [
            121.2545100114625,
            13.249258016836269
          ],
          [
            121.25451331746231,
            13.249261443291019
          ],
          [
            121.254580029324,
            13.249543782198627
          ],
          [
            121.2546232552386,
            13.249729639447759
          ],
          [
            121.2546807939427,
            13.249995077263058
          ],
          [
            121.2547521041196,
            13.250288585732276
          ],
          [
            121.25482298629642,
            13.250605535325253
          ],
          [
            121.25487379586428,
            13.250835845782058
          ],
          [
            121.25495719687962,
            13.25120211925977
          ],
          [
            121.25502082550939,
            13.251472326935666
          ],
          [
            121.25507225822422,
            13.251702313432979
          ],
          [
            121.2551375907533,
            13.251985721858848
          ],
          [
            121.25519184343888,
            13.25222254449894
          ],
          [
            121.2552687993405,
            13.25256781378754
          ],
          [
            121.2553253583553,
            13.2528076936987
          ],
          [
            121.25538931581822,
            13.25309627279331
          ],
          [
            121.25545720618379,
            13.253373932323646
          ],
          [
            121.25551283545418,
            13.25360698490304
          ],
          [
            121.25557493993011,
            13.253840317492957
          ],
          [
            121.25565433026512,
            13.254172894776698
          ],
          [
            121.25572691118218,
            13.254451877446252
          ],
          [
            121.2557878144742,
            13.254698808530538
          ],
          [
            121.25585179677482,
            13.25495440659388
          ],
          [
            121.25591665561508,
            13.255209082656888
          ],
          [
            121.25601456936901,
            13.255598795957079
          ],
          [
            121.25606693470671,
            13.255802240445277
          ],
          [
            121.256138671651,
            13.25608700646333
          ],
          [
            121.2562120851852,
            13.256384713887956
          ],
          [
            121.25631174135611,
            13.256790380448749
          ],
          [
            121.2564291283269,
            13.257253044197501
          ],
          [
            121.2564953057777,
            13.257518828497906
          ],
          [
            121.25656646003121,
            13.25781723723882
          ],
          [
            121.2566733754807,
            13.258272390128129
          ],
          [
            121.25673212408559,
            13.258522741210767
          ],
          [
            121.25679392024351,
            13.258768175987841
          ],
          [
            121.25685543591021,
            13.258997832063407
          ],
          [
            121.2569145487115,
            13.259220452760829
          ],
          [
            121.2569978232233,
            13.259541357248958
          ],
          [
            121.25709211430681,
            13.25990125184038
          ],
          [
            121.2573778443117,
            13.260479374156796
          ],
          [
            121.25751455433918,
            13.26076446521193
          ],
          [
            121.25770112658809,
            13.261149116633389
          ],
          [
            121.25814450024531,
            13.262037074294748
          ],
          [
            121.2583818207974,
            13.262530963729738
          ],
          [
            121.2586023476271,
            13.262974700905419
          ],
          [
            121.2592275422228,
            13.264290696353836
          ],
          [
            121.2600255110737,
            13.26591641857957
          ],
          [
            121.2603548445901,
            13.26668524207187
          ],
          [
            121.26068778048291,
            13.268457179610897
          ],
          [
            121.260608115511,
            13.26911972058744
          ],
          [
            121.2618208214409,
            13.269989897130449
          ],
          [
            121.2625185692974,
            13.270546254128309
          ],
          [
            121.2630728510283,
            13.27150281560963
          ],
          [
            121.2633865810049,
            13.271847132764043
          ],
          [
            121.26410272339739,
            13.272268810142512
          ],
          [
            121.2645575806468,
            13.27282058923112
          ],
          [
            121.26466929730988,
            13.27326806304361
          ],
          [
            121.26470242349481,
            13.273461561638438
          ],
          [
            121.26440915382531,
            13.274190650637468
          ],
          [
            121.26420744396262,
            13.27476143417446
          ],
          [
            121.26393716371601,
            13.275531349898307
          ],
          [
            121.26435960785591,
            13.276850256314532
          ],
          [
            121.2648796298491,
            13.278231248260914
          ],
          [
            121.26536783594929,
            13.279448056110848
          ],
          [
            121.26645752396911,
            13.281964522848472
          ],
          [
            121.2672369344274,
            13.283636728498118
          ],
          [
            121.26797850095402,
            13.285423894075889
          ],
          [
            121.2685743006448,
            13.286815447727726
          ],
          [
            121.26945267406488,
            13.28888539765301
          ],
          [
            121.2704993760579,
            13.291177130391
          ],
          [
            121.27112182276751,
            13.292660781737577
          ],
          [
            121.2716962950007,
            13.293649984101027
          ],
          [
            121.2719866150974,
            13.294079745357948
          ],
          [
            121.27341003403752,
            13.296559172185201
          ],
          [
            121.27395996773184,
            13.297423692066893
          ],
          [
            121.27548932191202,
            13.302794786200836
          ]
        ]
      }
    },
    {
      "type": "Feature",
      "properties": {
        "id": 386,
        "canal_id": 386,
        "canal_type": "Lateral",
        "remarks": "MAPALO LATERAL AN1-1",
        "canal_leng": 3931.64,
        "canal_widt": null,
        "station_no": "STA 0+000",
        "station__1": "STA 3+931.6",
        "station__2": "3931.64",
        "canal": "MAPALO LATERAL AN1-1",
        "canaltype": "Lateral",
        "canal_lining": "Unspecified"
      },
      "geometry": {
        "type": "LineString",
        "coordinates": [
          [
            121.27862975449351,
            13.265751102452864
          ],
          [
            121.27863161996942,
            13.266236137316156
          ],
          [
            121.2787148553474,
            13.266364757621583
          ],
          [
            121.27873324513,
            13.26680242779886
          ],
          [
            121.27874118198442,
            13.267397941843612
          ],
          [
            121.2787904154243,
            13.268234455503002
          ],
          [
            121.278834464765,
            13.268739618935358
          ],
          [
            121.2788649581016,
            13.269119347791122
          ],
          [
            121.2791924781176,
            13.269392017724797
          ],
          [
            121.27957154797632,
            13.269812378777537
          ],
          [
            121.27996403807401,
            13.27027689546781
          ],
          [
            121.2804434277921,
            13.270855099572548
          ],
          [
            121.2808512848765,
            13.271280216932167
          ],
          [
            121.2812628426078,
            13.27175764606332
          ],
          [
            121.28175984492108,
            13.27214620930658
          ],
          [
            121.282386571249,
            13.272579200230687
          ],
          [
            121.28298073758219,
            13.273015020983058
          ],
          [
            121.28369201244992,
            13.27349081510977
          ],
          [
            121.28423778763411,
            13.27408192766904
          ],
          [
            121.2849814128355,
            13.274767246082469
          ],
          [
            121.28569194364002,
            13.27545315890483
          ],
          [
            121.28633895259021,
            13.276110290340029
          ],
          [
            121.28696805900881,
            13.276678500663888
          ],
          [
            121.28717827430391,
            13.27681486246538
          ],
          [
            121.28828639818359,
            13.277214764433518
          ],
          [
            121.2891772422835,
            13.277523987564686
          ],
          [
            121.2900726498098,
            13.277873453332369
          ],
          [
            121.29075348908762,
            13.27820016816199
          ],
          [
            121.2916700302887,
            13.278781448544201
          ],
          [
            121.2924305072331,
            13.279247079499278
          ],
          [
            121.2927981561901,
            13.279462419169437
          ],
          [
            121.2938407757035,
            13.279566564993809
          ],
          [
            121.2948601550232,
            13.27964706308887
          ],
          [
            121.29561471306612,
            13.27972401722031
          ],
          [
            121.2960692524683,
            13.27983617078567
          ],
          [
            121.29643860261662,
            13.280067170626749
          ],
          [
            121.29718477456248,
            13.280534875480146
          ],
          [
            121.29795275688268,
            13.2810293301602
          ],
          [
            121.29823603154739,
            13.281483857031391
          ],
          [
            121.2986940027572,
            13.282378121176158
          ],
          [
            121.29915847395091,
            13.28329382693277
          ],
          [
            121.2995938369744,
            13.284153075556198
          ],
          [
            121.30002688254521,
            13.284961332091129
          ],
          [
            121.30058893928918,
            13.2859760504491
          ],
          [
            121.30116924228011,
            13.28692586296027
          ],
          [
            121.30155350734469,
            13.287570846203767
          ],
          [
            121.30195582737278,
            13.287963468289913
          ],
          [
            121.30229318339968,
            13.288254955661941
          ],
          [
            121.30272814277878,
            13.28903451970205
          ]
        ]
      }
    },
    {
      "type": "Feature",
      "properties": {
        "id": 387,
        "canal_id": 387,
        "canal_type": "Lateral",
        "remarks": "MAPALO LATERAL AN1-2",
        "canal_leng": 617.76,
        "canal_widt": null,
        "station_no": "STA 0+000",
        "station__1": "STA 0+617.8",
        "station__2": "617.76",
        "canal": "MAPALO LATERAL AN1-2",
        "canaltype": "Lateral",
        "canal_lining": "Unspecified"
      },
      "geometry": {
        "type": "LineString",
        "coordinates": [
          [
            121.30498569825652,
            13.28003928723379
          ],
          [
            121.30480888653531,
            13.28054291709144
          ],
          [
            121.3045446808142,
            13.281283600095296
          ],
          [
            121.30431925777151,
            13.281866415451152
          ],
          [
            121.30408084840948,
            13.282498354960778
          ],
          [
            121.3040510545052,
            13.282582131529422
          ],
          [
            121.30408538673431,
            13.282653726237498
          ],
          [
            121.3039868828306,
            13.282985455742418
          ],
          [
            121.3039224081886,
            13.283397647574892
          ],
          [
            121.3038048126938,
            13.283912112481769
          ],
          [
            121.3037597299555,
            13.284318782748256
          ],
          [
            121.3037876299836,
            13.28441147866114
          ],
          [
            121.30374718189742,
            13.284982643237049
          ],
          [
            121.3036928551231,
            13.285413278625951
          ]
        ]
      }
    },
    {
      "type": "Feature",
      "properties": {
        "id": 388,
        "canal_id": 388,
        "canal_type": "Lateral",
        "remarks": "MAPALO LATERAL AS",
        "canal_leng": 1741.57,
        "canal_widt": null,
        "station_no": "STA 0+000",
        "station__1": "STA 1+741.6",
        "station__2": "1741.57",
        "canal": "MAPALO LATERAL AS",
        "canaltype": "Lateral",
        "canal_lining": "Unspecified"
      },
      "geometry": {
        "type": "LineString",
        "coordinates": [
          [
            121.2528562285928,
            13.242310380190348
          ],
          [
            121.2529402162576,
            13.24234983513372
          ],
          [
            121.2531199743425,
            13.242656731523
          ],
          [
            121.25337517580522,
            13.24302676709334
          ],
          [
            121.2537705374361,
            13.243577111575469
          ],
          [
            121.2541726801851,
            13.243932877449138
          ],
          [
            121.25472899288522,
            13.244521100356652
          ],
          [
            121.25552163564082,
            13.245305285785927
          ],
          [
            121.25681532747939,
            13.24648382753481
          ],
          [
            121.25793633306269,
            13.24771281704693
          ],
          [
            121.2588352843888,
            13.24870093529178
          ],
          [
            121.25897986884601,
            13.248829205264906
          ],
          [
            121.25928524306899,
            13.248911352864392
          ],
          [
            121.2607216313478,
            13.249310773828938
          ],
          [
            121.26272319250971,
            13.249769828475497
          ],
          [
            121.26287029227548,
            13.249827600001916
          ],
          [
            121.2658244711701,
            13.249572921804823
          ]
        ]
      }
    },
    {
      "type": "Feature",
      "properties": {
        "id": 389,
        "canal_id": 389,
        "canal_type": "Lateral",
        "remarks": "MAPALO LATERAL BS",
        "canal_leng": 3670.17,
        "canal_widt": null,
        "station_no": "STA 0+000",
        "station__1": "STA 3+670.2",
        "station__2": "3670.17",
        "canal": "MAPALO LATERAL BS",
        "canaltype": "Lateral",
        "canal_lining": "Unspecified"
      },
      "geometry": {
        "type": "LineString",
        "coordinates": [
          [
            121.2734572686773,
            13.24255634332635
          ],
          [
            121.27349379953525,
            13.242553621172958
          ],
          [
            121.2737486540255,
            13.242534630147707
          ],
          [
            121.273869993216,
            13.24251086863306
          ],
          [
            121.2746702415439,
            13.242588442767302
          ],
          [
            121.2757423302548,
            13.24269728644329
          ],
          [
            121.27711325287771,
            13.24281426474828
          ],
          [
            121.2776496690969,
            13.242397107631437
          ],
          [
            121.27802496115238,
            13.242158278343638
          ],
          [
            121.278175689414,
            13.24209903457667
          ],
          [
            121.2786692887513,
            13.24200951930738
          ],
          [
            121.2788818198576,
            13.24197271099313
          ],
          [
            121.2802457168832,
            13.241390566359858
          ],
          [
            121.28070720817391,
            13.241201228987299
          ],
          [
            121.2816871115652,
            13.240751426813118
          ],
          [
            121.28220514726272,
            13.24054543976629
          ],
          [
            121.2827158939076,
            13.240349233907416
          ],
          [
            121.2835290152246,
            13.24006447229299
          ],
          [
            121.28409336652152,
            13.240212973918819
          ],
          [
            121.2851262359244,
            13.24061125851753
          ],
          [
            121.2863709721951,
            13.241056915029091
          ],
          [
            121.2869371660869,
            13.241224462680288
          ],
          [
            121.2878498784862,
            13.241389514301957
          ],
          [
            121.28875550228251,
            13.241558944437136
          ],
          [
            121.28907191591769,
            13.24162242310213
          ],
          [
            121.28982455095762,
            13.241797502735468
          ],
          [
            121.2901038657659,
            13.24189173869416
          ],
          [
            121.2905367796573,
            13.241870256899398
          ],
          [
            121.2913088155837,
            13.24191979230868
          ],
          [
            121.29268700312399,
            13.242120107868608
          ],
          [
            121.2934473941465,
            13.242299274954789
          ],
          [
            121.2943939157133,
            13.242472556741449
          ],
          [
            121.2951625236467,
            13.24260032144252
          ],
          [
            121.2956545418167,
            13.242687330965651
          ],
          [
            121.29692452933182,
            13.242606272576937
          ],
          [
            121.2977473950523,
            13.24254302547967
          ],
          [
            121.2982490325837,
            13.242519625418199
          ],
          [
            121.29847296250098,
            13.242539228089562
          ],
          [
            121.29945896671701,
            13.242977771266272
          ],
          [
            121.3005467045954,
            13.24348478931316
          ],
          [
            121.3010076462835,
            13.24381791499195
          ],
          [
            121.3021458777886,
            13.244621417652127
          ],
          [
            121.3033301303662,
            13.245461187137948
          ],
          [
            121.3036890479665,
            13.24574142169067
          ],
          [
            121.30450191850521,
            13.246314228526558
          ],
          [
            121.30512328674989,
            13.246489578591834
          ]
        ]
      }
    },
    {
      "type": "Feature",
      "properties": {
        "id": 408,
        "canal_id": 408,
        "canal_type": "Main",
        "remarks": "MC3 LATERAL B",
        "canal_leng": 794.05,
        "canal_widt": null,
        "station_no": "STA 0+000",
        "station__1": "STA 0+794.0",
        "station__2": "794.05",
        "canal": "MC3 LATERAL B",
        "canaltype": "Main Canal",
        "canal_lining": "Unspecified"
      },
      "geometry": {
        "type": "LineString",
        "coordinates": [
          [
            121.30504905856169,
            13.190104236490237
          ],
          [
            121.30511038227745,
            13.19007778656255
          ],
          [
            121.30541447260747,
            13.190006461617317
          ],
          [
            121.30576197359228,
            13.189907534816744
          ],
          [
            121.30644514139601,
            13.189744203958057
          ],
          [
            121.3066188133866,
            13.189706101367216
          ],
          [
            121.30677034183397,
            13.189668885213264
          ],
          [
            121.30715009302638,
            13.189632144172556
          ],
          [
            121.30755597671632,
            13.189627595416248
          ],
          [
            121.30798822754306,
            13.189621154332636
          ],
          [
            121.30844670344976,
            13.18963347806838
          ],
          [
            121.30888637586489,
            13.189620887000286
          ],
          [
            121.30928589966216,
            13.189621458069768
          ],
          [
            121.30968541644184,
            13.18962306138084
          ],
          [
            121.31121136481948,
            13.189693033573738
          ],
          [
            121.31231163599276,
            13.189733337212312
          ]
        ]
      }
    },
    {
      "type": "Feature",
      "properties": {
        "id": 385,
        "canal_id": 385,
        "canal_type": "Lateral",
        "remarks": "MAPALO LATERAL AN1",
        "canal_leng": 6792.53,
        "canal_widt": null,
        "station_no": "STA 0+000",
        "station__1": "STA 6+792.5",
        "station__2": "6792.53",
        "canal": "MAPALO LATERAL AN1",
        "canaltype": "Lateral",
        "canal_lining": "Unspecified"
      },
      "geometry": {
        "type": "LineString",
        "coordinates": [
          [
            121.26706180394672,
            13.26377921748277
          ],
          [
            121.26706374465137,
            13.26377844996825
          ],
          [
            121.2671695654366,
            13.263736599679778
          ],
          [
            121.26729079730322,
            13.26368742492871
          ],
          [
            121.2673783471797,
            13.263556307787725
          ],
          [
            121.2675096785489,
            13.26346452117872
          ],
          [
            121.26761069864479,
            13.263333403340479
          ],
          [
            121.26776897136982,
            13.263248170874776
          ],
          [
            121.26784656500001,
            13.263202254364096
          ],
          [
            121.26847964971242,
            13.263034571045198
          ],
          [
            121.26889011045711,
            13.262944517439593
          ],
          [
            121.26937372212349,
            13.26286105580844
          ],
          [
            121.2695288615954,
            13.26278274112621
          ],
          [
            121.2697414125827,
            13.2627437997788
          ],
          [
            121.2699138620217,
            13.26271592496287
          ],
          [
            121.2707954109947,
            13.26246327256401
          ],
          [
            121.2720606352728,
            13.262209679745197
          ],
          [
            121.27294423806428,
            13.26199202539082
          ],
          [
            121.2732262001194,
            13.261919568752056
          ],
          [
            121.2744092295102,
            13.262482850638918
          ],
          [
            121.2747673070162,
            13.26238510008721
          ],
          [
            121.27608205972714,
            13.261868390715325
          ],
          [
            121.27633276152051,
            13.261857208383788
          ],
          [
            121.2767175221419,
            13.26267921803043
          ],
          [
            121.27710991309411,
            13.26387421776652
          ],
          [
            121.2773270324603,
            13.264349567976202
          ],
          [
            121.27771601901868,
            13.264956951797199
          ],
          [
            121.2781567827436,
            13.265589026953648
          ],
          [
            121.27862975449351,
            13.265751102452864
          ],
          [
            121.2786892810051,
            13.26577150061369
          ],
          [
            121.2800772793483,
            13.2654689020168
          ],
          [
            121.28098213391601,
            13.266183780942653
          ],
          [
            121.28191383931741,
            13.26726425643468
          ],
          [
            121.28284858220042,
            13.268799812497067
          ],
          [
            121.28530799688971,
            13.268768859941048
          ],
          [
            121.28738433721732,
            13.268650645215718
          ],
          [
            121.28791853840781,
            13.268670301026269
          ],
          [
            121.2902052392318,
            13.269713399645498
          ],
          [
            121.29132830945471,
            13.270461767959517
          ],
          [
            121.2927373720494,
            13.27039177389491
          ],
          [
            121.29343916487896,
            13.270332750503425
          ],
          [
            121.29447963338951,
            13.270501689165334
          ],
          [
            121.29541652981902,
            13.270786970746656
          ],
          [
            121.29654432282035,
            13.271390656855067
          ],
          [
            121.296831289233,
            13.271685656242349
          ],
          [
            121.2979975073458,
            13.273593333967092
          ],
          [
            121.2994207162992,
            13.27596512012372
          ],
          [
            121.30061329802328,
            13.278063467056597
          ],
          [
            121.30094879693762,
            13.278503089189359
          ],
          [
            121.30224988358941,
            13.279018523064348
          ],
          [
            121.30407373184019,
            13.27972939965381
          ],
          [
            121.3050531096501,
            13.280057422666443
          ],
          [
            121.30632905110691,
            13.28114996283897
          ],
          [
            121.30727410290761,
            13.281499639594918
          ],
          [
            121.30898127507538,
            13.28224620618833
          ],
          [
            121.3099694134602,
            13.282796648095863
          ],
          [
            121.3112103090082,
            13.283530435125451
          ],
          [
            121.3117510644641,
            13.28410476183907
          ],
          [
            121.31208005402388,
            13.284222180665317
          ],
          [
            121.31221338804272,
            13.284232138684509
          ],
          [
            121.31262657592478,
            13.283962665708234
          ],
          [
            121.31318584290956,
            13.283467316107398
          ],
          [
            121.31563207572383,
            13.282989223018626
          ],
          [
            121.3182317998185,
            13.282687016662138
          ]
        ]
      }
    },
    {
      "type": "Feature",
      "properties": {
        "id": 398,
        "canal_id": 398,
        "canal_type": "Lateral",
        "remarks": "BAGONG BUHAY LATERAL B",
        "canal_leng": 563.08,
        "canal_widt": null,
        "station_no": "STA 0+000",
        "station__1": "STA 0+563.1",
        "station__2": "563.08",
        "canal": "BAGONG BUHAY LATERAL B",
        "canaltype": "Lateral",
        "canal_lining": "Unspecified"
      },
      "geometry": {
        "type": "LineString",
        "coordinates": [
          [
            121.21268485003267,
            13.197382244893003
          ],
          [
            121.21266374071934,
            13.19794211528573
          ],
          [
            121.21270860287169,
            13.198162995514597
          ],
          [
            121.21265236671782,
            13.198665629681596
          ],
          [
            121.21264925380906,
            13.199082285080223
          ],
          [
            121.21267303030521,
            13.199362712859221
          ],
          [
            121.21284534633571,
            13.199381115997591
          ],
          [
            121.21303158891341,
            13.19947246407216
          ],
          [
            121.21327721760136,
            13.19963353313389
          ],
          [
            121.21344609786178,
            13.199698453601096
          ],
          [
            121.21361317044224,
            13.199727949199078
          ],
          [
            121.21382175546559,
            13.19987105323859
          ],
          [
            121.21403599626956,
            13.199946407599096
          ],
          [
            121.21443071871211,
            13.1999531090308
          ],
          [
            121.21461523720438,
            13.20001756117919
          ],
          [
            121.21500303479871,
            13.19997942992417
          ],
          [
            121.21528755731529,
            13.19993354092072
          ],
          [
            121.21544163360178,
            13.199979841593033
          ],
          [
            121.21561456989271,
            13.20002756556898
          ],
          [
            121.2156582555538,
            13.200031127947867
          ]
        ]
      }
    },
    {
      "type": "Feature",
      "properties": {
        "id": 402,
        "canal_id": 402,
        "canal_type": "Main",
        "remarks": "MC2 LATERAL A",
        "canal_leng": 2223.92,
        "canal_widt": null,
        "station_no": "STA 0+000",
        "station__1": "STA 2+223.9",
        "station__2": "2223.92",
        "canal": "MC2 LATERAL A",
        "canaltype": "Main Canal",
        "canal_lining": "Unspecified"
      },
      "geometry": {
        "type": "LineString",
        "coordinates": [
          [
            121.29741312204301,
            13.198401490747079
          ],
          [
            121.29741761792928,
            13.198401432115123
          ],
          [
            121.2974126809072,
            13.199076873729208
          ],
          [
            121.29737163585652,
            13.199538758037539
          ],
          [
            121.29735137450082,
            13.199794303877109
          ],
          [
            121.2974870203231,
            13.200718868594132
          ],
          [
            121.298539186107,
            13.20075681007773
          ],
          [
            121.2993326198253,
            13.200795077565294
          ],
          [
            121.2998298934487,
            13.2007732300432
          ],
          [
            121.30144885995459,
            13.2006948562818
          ],
          [
            121.30174902570701,
            13.200722671000776
          ],
          [
            121.30182524627,
            13.200863121191926
          ],
          [
            121.3020628011035,
            13.200892808843918
          ],
          [
            121.302426574588,
            13.20091969973454
          ],
          [
            121.3024437738266,
            13.201699932061956
          ],
          [
            121.3031696888691,
            13.20180963356749
          ],
          [
            121.30316289546539,
            13.202262874608738
          ],
          [
            121.3033536794133,
            13.202271839898668
          ],
          [
            121.30342019751549,
            13.203016157904388
          ],
          [
            121.3052898314974,
            13.202965922533147
          ],
          [
            121.30529746024531,
            13.203965590853771
          ],
          [
            121.30535007211571,
            13.2049350888918
          ],
          [
            121.30539489315389,
            13.20580100568557
          ],
          [
            121.305392757415,
            13.20643806178861
          ],
          [
            121.3072122974371,
            13.206760782724135
          ],
          [
            121.30778799716691,
            13.206863875341538
          ],
          [
            121.3089468142681,
            13.207197589108896
          ],
          [
            121.3094556351717,
            13.207306426219057
          ],
          [
            121.31002879652091,
            13.207311258324868
          ]
        ]
      }
    },
    {
      "type": "Feature",
      "properties": {
        "id": 403,
        "canal_id": 403,
        "canal_type": "Main",
        "remarks": "MC2 LATERAL B",
        "canal_leng": 693.86,
        "canal_widt": null,
        "station_no": "STA 0+000",
        "station__1": "STA 0+693.9",
        "station__2": "693.86",
        "canal": "MC2 LATERAL B",
        "canaltype": "Main Canal",
        "canal_lining": "Unspecified"
      },
      "geometry": {
        "type": "LineString",
        "coordinates": [
          [
            121.29753842461652,
            13.197693411895088
          ],
          [
            121.2977581036654,
            13.196591572658278
          ],
          [
            121.2977764472026,
            13.19618219136311
          ],
          [
            121.2977432648161,
            13.195232295336247
          ],
          [
            121.2977358871133,
            13.19472489629118
          ],
          [
            121.297715792011,
            13.194340904706047
          ],
          [
            121.2977167858008,
            13.194081321108326
          ],
          [
            121.29762011255109,
            13.193780377953168
          ],
          [
            121.2976050196913,
            13.193656501661007
          ],
          [
            121.2974968823961,
            13.19326686020151
          ],
          [
            121.29748782993781,
            13.192930714072501
          ],
          [
            121.29751724860701,
            13.192358402980418
          ],
          [
            121.2975410169478,
            13.191805474346218
          ],
          [
            121.29754732952068,
            13.191475107928136
          ]
        ]
      }
    },
    {
      "type": "Feature",
      "properties": {
        "id": 404,
        "canal_id": 404,
        "canal_type": "Main",
        "remarks": "MC2 LATERAL C",
        "canal_leng": 704.05,
        "canal_widt": null,
        "station_no": "STA 0+000",
        "station__1": "STA 0+704.0",
        "station__2": "704.05",
        "canal": "MC2 LATERAL C",
        "canaltype": "Main Canal",
        "canal_lining": "Unspecified"
      },
      "geometry": {
        "type": "LineString",
        "coordinates": [
          [
            121.30937055218591,
            13.198418461977772
          ],
          [
            121.30952860478209,
            13.19843360088855
          ],
          [
            121.31004415265309,
            13.198477077812079
          ],
          [
            121.3105032475236,
            13.198524145526509
          ],
          [
            121.31061051820309,
            13.19857364203557
          ],
          [
            121.31100019155951,
            13.198633192402532
          ],
          [
            121.31181121207361,
            13.198706718553797
          ],
          [
            121.312112188317,
            13.198781020321745
          ],
          [
            121.312502493589,
            13.198769361482158
          ],
          [
            121.3129983934505,
            13.198832914829119
          ],
          [
            121.31346927452802,
            13.198883178307238
          ],
          [
            121.31390470903642,
            13.198933511191678
          ],
          [
            121.31395345906961,
            13.198945803434587
          ],
          [
            121.31428367952572,
            13.198945603640938
          ],
          [
            121.31476453967382,
            13.19900149508738
          ],
          [
            121.3150094105468,
            13.19902531883402
          ],
          [
            121.3152131914246,
            13.19904522284204
          ],
          [
            121.31551406168201,
            13.199085173054756
          ],
          [
            121.3158102906763,
            13.199109196493858
          ]
        ]
      }
    },
    {
      "type": "Feature",
      "properties": {
        "id": 391,
        "canal_id": 391,
        "canal_type": "Main",
        "remarks": "MAPALO SOUTH MAIN CANAL",
        "canal_leng": 7965.85,
        "canal_widt": null,
        "station_no": "STA 0+000",
        "station__1": "STA 7+965.9",
        "station__2": "7965.85",
        "canal": "MAPALO SOUTH MAIN CANAL",
        "canaltype": "Main Canal",
        "canal_lining": "Unspecified"
      },
      "geometry": {
        "type": "LineString",
        "coordinates": [
          [
            121.2523260767573,
            13.242490563003107
          ],
          [
            121.2523583824594,
            13.242476483733908
          ],
          [
            121.25244314073468,
            13.24244116210207
          ],
          [
            121.25257928759612,
            13.242419252379708
          ],
          [
            121.2526553447716,
            13.242371335443826
          ],
          [
            121.2527756877294,
            13.242296695323798
          ],
          [
            121.2528762333922,
            13.24226966630614
          ],
          [
            121.2529969321013,
            13.242214682675522
          ],
          [
            121.2531906597861,
            13.242117713184149
          ],
          [
            121.2533499577359,
            13.242029623690119
          ],
          [
            121.25347135940939,
            13.241979247571148
          ],
          [
            121.2536504652582,
            13.24187082095072
          ],
          [
            121.25380001350011,
            13.24182029654811
          ],
          [
            121.2540562600433,
            13.24171048823041
          ],
          [
            121.25422566104041,
            13.2416074254516
          ],
          [
            121.2543397818923,
            13.241536635217921
          ],
          [
            121.2544018599949,
            13.241457280592478
          ],
          [
            121.254467531132,
            13.241399460377126
          ],
          [
            121.2546882803287,
            13.241269151115517
          ],
          [
            121.2548786522207,
            13.24115763143162
          ],
          [
            121.2549655645088,
            13.241099066101828
          ],
          [
            121.2552098075182,
            13.240991128617107
          ],
          [
            121.25532478832982,
            13.240924849063106
          ],
          [
            121.2554327755925,
            13.24084291509813
          ],
          [
            121.25560337057702,
            13.240604256011522
          ],
          [
            121.2556666771231,
            13.24052937846859
          ],
          [
            121.2557918340833,
            13.240375104547981
          ],
          [
            121.25589593772932,
            13.240244154060608
          ],
          [
            121.256042047017,
            13.240055542477089
          ],
          [
            121.25614026667462,
            13.239983812944837
          ],
          [
            121.2562248372737,
            13.239928285417486
          ],
          [
            121.2563742276694,
            13.23967434127179
          ],
          [
            121.2564359718927,
            13.239587398056889
          ],
          [
            121.25650988710441,
            13.23950725184854
          ],
          [
            121.2566232018367,
            13.239391387128828
          ],
          [
            121.2567125905234,
            13.239249555051128
          ],
          [
            121.2568157789171,
            13.23912675297081
          ],
          [
            121.25697694259081,
            13.238912799659229
          ],
          [
            121.257100132424,
            13.23874969701447
          ],
          [
            121.2573707215159,
            13.23840165285696
          ],
          [
            121.2575426431203,
            13.23816746729101
          ],
          [
            121.2576547539437,
            13.238029528643327
          ],
          [
            121.2577741369139,
            13.237872111851921
          ],
          [
            121.2579090752282,
            13.237722523401171
          ],
          [
            121.2580220603919,
            13.23758920117228
          ],
          [
            121.25824157740281,
            13.23735364695903
          ],
          [
            121.2584097254482,
            13.237188197655392
          ],
          [
            121.25856471946888,
            13.237014046345568
          ],
          [
            121.25871242441501,
            13.236891650829618
          ],
          [
            121.2588296079092,
            13.23680735632585
          ],
          [
            121.2590365054757,
            13.23679143773582
          ],
          [
            121.2591838162691,
            13.236790403891108
          ],
          [
            121.25939022483242,
            13.236837097943031
          ],
          [
            121.25964784473331,
            13.23695507973549
          ],
          [
            121.25980325645851,
            13.23704058531456
          ],
          [
            121.26028224482478,
            13.237276658244108
          ],
          [
            121.26067836223721,
            13.237497433204409
          ],
          [
            121.26104798126809,
            13.237684568138528
          ],
          [
            121.26131785389322,
            13.23782164324399
          ],
          [
            121.2615445228387,
            13.237915167572949
          ],
          [
            121.2617675994427,
            13.23800237819201
          ],
          [
            121.26218291881871,
            13.23811236749238
          ],
          [
            121.26251510358561,
            13.238200548444201
          ],
          [
            121.26311526714309,
            13.238263894224207
          ],
          [
            121.26410324977721,
            13.238366161612658
          ],
          [
            121.265002763014,
            13.238410484327717
          ],
          [
            121.2662022014927,
            13.238464583115569
          ],
          [
            121.26711617094651,
            13.238464842933709
          ],
          [
            121.26726530845902,
            13.23844451014119
          ],
          [
            121.2674949771624,
            13.238402134258019
          ],
          [
            121.2676545579582,
            13.238454387936859
          ],
          [
            121.2681154455449,
            13.238611417228869
          ],
          [
            121.2684720160441,
            13.238704234746848
          ],
          [
            121.2692058747921,
            13.238869533045046
          ],
          [
            121.2694696818837,
            13.238952371028127
          ],
          [
            121.26958139143042,
            13.23898229985638
          ],
          [
            121.2698762593213,
            13.23901005033564
          ],
          [
            121.270441427258,
            13.2389939348215
          ],
          [
            121.2708323500306,
            13.238957987970398
          ],
          [
            121.271048050653,
            13.238929584242449
          ],
          [
            121.27131744851361,
            13.238909494955891
          ],
          [
            121.2714629415442,
            13.238922805799477
          ],
          [
            121.271525073017,
            13.238968547484061
          ],
          [
            121.2716168302984,
            13.23908132259226
          ],
          [
            121.27201200539328,
            13.239702746107458
          ],
          [
            121.27214718505822,
            13.239839544250534
          ],
          [
            121.2722121273988,
            13.239930072594408
          ],
          [
            121.27237445951701,
            13.239944461754831
          ],
          [
            121.27254583911538,
            13.23993614659147
          ],
          [
            121.2726640482487,
            13.23994970437035
          ],
          [
            121.27285065777231,
            13.239965148455319
          ],
          [
            121.27301540844978,
            13.240102498580088
          ],
          [
            121.27305560797072,
            13.24018756608626
          ],
          [
            121.2731282692031,
            13.240377263621417
          ],
          [
            121.2731567762692,
            13.24093701977581
          ],
          [
            121.27330096681939,
            13.241708069367592
          ],
          [
            121.27349462398111,
            13.242534868587947
          ],
          [
            121.27349379953525,
            13.242553621172958
          ],
          [
            121.2734865509333,
            13.242718495277042
          ],
          [
            121.27373236951732,
            13.24375833997931
          ],
          [
            121.2737595071795,
            13.24408368780658
          ],
          [
            121.2738869307243,
            13.244517058925398
          ],
          [
            121.27423908539438,
            13.246185753748506
          ],
          [
            121.27438093677631,
            13.246675295903039
          ],
          [
            121.2744484892798,
            13.246909876920636
          ],
          [
            121.2745440960963,
            13.24709706438511
          ],
          [
            121.27471193760762,
            13.247228896765321
          ],
          [
            121.27493156248399,
            13.247313985588269
          ],
          [
            121.2758150565945,
            13.247597162869917
          ],
          [
            121.2766726973906,
            13.24786295841937
          ],
          [
            121.2769663319771,
            13.2479373714309
          ],
          [
            121.27759514406752,
            13.248128382917082
          ],
          [
            121.27807763475711,
            13.248258358188828
          ],
          [
            121.27869395878788,
            13.24841168457286
          ],
          [
            121.27887368784071,
            13.248451256718509
          ],
          [
            121.2792214704845,
            13.24852009193852
          ],
          [
            121.2794945586887,
            13.248678177935238
          ],
          [
            121.2796387632154,
            13.24888378447768
          ],
          [
            121.2799930163319,
            13.24922805006421
          ],
          [
            121.2802739112819,
            13.24942570006276
          ],
          [
            121.2806767152674,
            13.249793315158348
          ],
          [
            121.2813074926472,
            13.250418772514667
          ],
          [
            121.2819664414986,
            13.251061329061782
          ],
          [
            121.282581745363,
            13.25169786664917
          ],
          [
            121.2830199598532,
            13.25210567184147
          ],
          [
            121.28330493567331,
            13.25229118552598
          ],
          [
            121.2836692103158,
            13.25259461371241
          ],
          [
            121.28402366818338,
            13.252817074776436
          ],
          [
            121.2842333692892,
            13.252916408381136
          ],
          [
            121.2844363421272,
            13.253035830397597
          ],
          [
            121.2848140310035,
            13.25333045461998
          ],
          [
            121.2854114985738,
            13.25372908105175
          ],
          [
            121.2862807180882,
            13.2543043782619
          ],
          [
            121.2866393937467,
            13.254533161761369
          ],
          [
            121.2874424042735,
            13.255105542330949
          ],
          [
            121.288268121051,
            13.25554301539242
          ],
          [
            121.28859464566192,
            13.255774043128879
          ],
          [
            121.28898352430951,
            13.25597560136542
          ],
          [
            121.28937040783092,
            13.256192026073206
          ],
          [
            121.2899963597845,
            13.256507836277407
          ],
          [
            121.29035418685872,
            13.256779975645651
          ],
          [
            121.290766772859,
            13.257026426794308
          ],
          [
            121.291430821493,
            13.257367142515802
          ],
          [
            121.29203683291242,
            13.257739635711323
          ],
          [
            121.29222564183011,
            13.257863125685928
          ],
          [
            121.29267012694258,
            13.258162556523192
          ],
          [
            121.2928443555455,
            13.25834533709951
          ],
          [
            121.29328271848661,
            13.258665490902331
          ],
          [
            121.29366599617912,
            13.25887228215512
          ],
          [
            121.29407631417989,
            13.259153832751478
          ],
          [
            121.2946352744425,
            13.25952907002531
          ],
          [
            121.29484456057259,
            13.259675166200621
          ],
          [
            121.2951132085161,
            13.259910898747417
          ],
          [
            121.29550803662198,
            13.260200797265469
          ],
          [
            121.29590530136011,
            13.260456387301868
          ],
          [
            121.29633458376361,
            13.260711517761113
          ],
          [
            121.29710784565088,
            13.26116654400504
          ],
          [
            121.29738786587681,
            13.261315796346247
          ],
          [
            121.29831516843893,
            13.261784878315435
          ],
          [
            121.29957251658715,
            13.262428240479942
          ],
          [
            121.30014952453992,
            13.26270837450032
          ],
          [
            121.30136817339975,
            13.263225445787755
          ],
          [
            121.30314921736687,
            13.263991036162965
          ],
          [
            121.30397687516196,
            13.264520034147735
          ],
          [
            121.30463757597789,
            13.264863728619039
          ],
          [
            121.30610695904846,
            13.265619956430195
          ],
          [
            121.30740898546998,
            13.266249039894147
          ],
          [
            121.30870085455226,
            13.266916827041452
          ],
          [
            121.31040690909771,
            13.267800629055166
          ]
        ]
      }
    },
    {
      "type": "Feature",
      "properties": {
        "id": 393,
        "canal_id": 393,
        "canal_type": "Main",
        "remarks": "MAPALO MAIN CANAL 1 LATERAL 1",
        "canal_leng": 848.76,
        "canal_widt": null,
        "station_no": "STA 0+000",
        "station__1": "STA 0+848.8",
        "station__2": "848.76",
        "canal": "MAPALO MAIN CANAL 1 LATERAL 1",
        "canaltype": "Main Canal",
        "canal_lining": "Unspecified"
      },
      "geometry": {
        "type": "LineString",
        "coordinates": [
          [
            121.25357676046822,
            13.24191615096051
          ],
          [
            121.2535974470103,
            13.24196766000404
          ],
          [
            121.25371752950699,
            13.242033706303275
          ],
          [
            121.2538463479834,
            13.242095785682357
          ],
          [
            121.2540102602229,
            13.24218878139123
          ],
          [
            121.2543213489169,
            13.242389382378137
          ],
          [
            121.25449637687032,
            13.242504554145578
          ],
          [
            121.25463587394582,
            13.242606055213914
          ],
          [
            121.25477803392872,
            13.24270095307073
          ],
          [
            121.2549182163551,
            13.242819604307368
          ],
          [
            121.25530160204342,
            13.243047705398231
          ],
          [
            121.25542610533391,
            13.24310182466423
          ],
          [
            121.2555255778054,
            13.24311460505915
          ],
          [
            121.2555896087828,
            13.24313687344191
          ],
          [
            121.2559290961559,
            13.24326208129785
          ],
          [
            121.2562364490911,
            13.24336067234461
          ],
          [
            121.25661598852041,
            13.243498026436516
          ],
          [
            121.2568724436079,
            13.243584971646708
          ],
          [
            121.2571724240673,
            13.243695788680558
          ],
          [
            121.2572989113176,
            13.24375003927018
          ],
          [
            121.2573894365223,
            13.24376613610588
          ],
          [
            121.25764110187981,
            13.243793259266448
          ],
          [
            121.2577739835344,
            13.243826202160466
          ],
          [
            121.2579464613602,
            13.243883804217639
          ],
          [
            121.25826530232412,
            13.24397753932986
          ],
          [
            121.25868856478252,
            13.244100393825782
          ],
          [
            121.25879906030602,
            13.244109969528079
          ],
          [
            121.25898495432618,
            13.244126664907569
          ],
          [
            121.2593285031581,
            13.244181935034348
          ],
          [
            121.25955118320921,
            13.24420697122308
          ],
          [
            121.25989371406149,
            13.244259949151578
          ],
          [
            121.26003066458452,
            13.24427712268755
          ],
          [
            121.26016402759439,
            13.244336390641708
          ],
          [
            121.2603802128633,
            13.244529614390707
          ],
          [
            121.26053038793002,
            13.244672379830732
          ],
          [
            121.26059519879162,
            13.24473431811349
          ],
          [
            121.26067501832021,
            13.244757616013901
          ]
        ]
      }
    },
    {
      "type": "Feature",
      "properties": {
        "id": 394,
        "canal_id": 394,
        "canal_type": "Main",
        "remarks": "MAPALO MAIN CANAL 1 LATERAL 2",
        "canal_leng": 1182.76,
        "canal_widt": null,
        "station_no": "STA 0+000",
        "station__1": "STA 1+182.8",
        "station__2": "1182.76",
        "canal": "MAPALO MAIN CANAL 1 LATERAL 2",
        "canaltype": "Main Canal",
        "canal_lining": "Unspecified"
      },
      "geometry": {
        "type": "LineString",
        "coordinates": [
          [
            121.2544018599949,
            13.241457280592478
          ],
          [
            121.25450108796588,
            13.241485308973944
          ],
          [
            121.25451383938318,
            13.241493718295844
          ],
          [
            121.2550475711291,
            13.2416463046555
          ],
          [
            121.2554338494673,
            13.24177035701547
          ],
          [
            121.2559315559605,
            13.241915987523797
          ],
          [
            121.2564141061614,
            13.24205042411778
          ],
          [
            121.25687561798169,
            13.24219395108385
          ],
          [
            121.2572573366949,
            13.242344585403632
          ],
          [
            121.2579795446948,
            13.242919993484488
          ],
          [
            121.25866872415881,
            13.243447588531428
          ],
          [
            121.25887545936791,
            13.243502928960318
          ],
          [
            121.2594886743056,
            13.24358103142604
          ],
          [
            121.26041022565359,
            13.243683516987268
          ],
          [
            121.26109593027171,
            13.24375632958982
          ],
          [
            121.26186734660989,
            13.24394003721851
          ],
          [
            121.26262664145868,
            13.244108534514718
          ],
          [
            121.2630539818369,
            13.24421131801729
          ],
          [
            121.26332196797891,
            13.244370341407912
          ],
          [
            121.26380605777702,
            13.24484409415111
          ],
          [
            121.264235752472,
            13.245321075543092
          ]
        ]
      }
    },
    {
      "type": "Feature",
      "properties": {
        "id": 395,
        "canal_id": 395,
        "canal_type": "Main",
        "remarks": "ANTONINO MAIN CANAL",
        "canal_leng": 1321.85,
        "canal_widt": null,
        "station_no": "STA 0+000",
        "station__1": "STA 1+321.8",
        "station__2": "1321.85",
        "canal": "ANTONINO MAIN CANAL",
        "canaltype": "Main Canal",
        "canal_lining": "Unspecified"
      },
      "geometry": {
        "type": "LineString",
        "coordinates": [
          [
            121.20811894251912,
            13.188968201542336
          ],
          [
            121.2083182360919,
            13.189090476237096
          ],
          [
            121.2085160204471,
            13.189158418733506
          ],
          [
            121.20880608081251,
            13.189202095302996
          ],
          [
            121.2089855044579,
            13.18926438741114
          ],
          [
            121.2091875073127,
            13.189288674467532
          ],
          [
            121.2094294985925,
            13.189347138726422
          ],
          [
            121.2095817325412,
            13.18937448334771
          ],
          [
            121.2097731439411,
            13.189423810127847
          ],
          [
            121.20993892721862,
            13.189462289417502
          ],
          [
            121.21000467650832,
            13.189507057080982
          ],
          [
            121.2100893738231,
            13.18926945650585
          ],
          [
            121.21019125715542,
            13.189104419808888
          ],
          [
            121.21027520169372,
            13.18885452869073
          ],
          [
            121.21039529863491,
            13.188773844242098
          ],
          [
            121.21066115162441,
            13.18880618430832
          ],
          [
            121.2108331574738,
            13.188745873206242
          ],
          [
            121.2108901093489,
            13.18865617542025
          ],
          [
            121.21096478044818,
            13.18845514204103
          ],
          [
            121.21103407834211,
            13.18836504601733
          ],
          [
            121.211166551199,
            13.188283253792788
          ],
          [
            121.2116257480082,
            13.18840120771652
          ],
          [
            121.2119237802596,
            13.188541699781728
          ],
          [
            121.21225785614568,
            13.188655519971558
          ],
          [
            121.2125138350926,
            13.188725353299048
          ],
          [
            121.21251974669082,
            13.188627096628187
          ],
          [
            121.2127772431217,
            13.18870955853481
          ],
          [
            121.21313915476058,
            13.188846704761058
          ],
          [
            121.21347370193669,
            13.188948802627051
          ],
          [
            121.2138744614033,
            13.189107564028719
          ],
          [
            121.2141732961469,
            13.18925984573679
          ],
          [
            121.2145880871349,
            13.189258256050437
          ],
          [
            121.21461293152922,
            13.188865295285026
          ],
          [
            121.2145858520246,
            13.188646625452938
          ],
          [
            121.2146040107983,
            13.18835165400072
          ],
          [
            121.21453936430238,
            13.188135345726819
          ],
          [
            121.21469026120718,
            13.188138053823659
          ],
          [
            121.2149790251399,
            13.1881441683949
          ],
          [
            121.2152319255594,
            13.1881650101192
          ],
          [
            121.2153570846393,
            13.18815713267482
          ],
          [
            121.21554482036582,
            13.18814531704063
          ],
          [
            121.2156478185667,
            13.188175656874897
          ],
          [
            121.21584176222719,
            13.188237214203237
          ],
          [
            121.21611515697292,
            13.188171288015301
          ],
          [
            121.2163463469949,
            13.188230421032317
          ],
          [
            121.2164957840539,
            13.188220831646998
          ],
          [
            121.21658663277202,
            13.18809241262634
          ],
          [
            121.21690253354042,
            13.18812144635405
          ],
          [
            121.21722723835849,
            13.188112970170467
          ],
          [
            121.21751827777861,
            13.18817987725271
          ],
          [
            121.21750378739118,
            13.1884993700897
          ]
        ]
      }
    },
    {
      "type": "Feature",
      "properties": {
        "id": 397,
        "canal_id": 397,
        "canal_type": "Lateral",
        "remarks": "BAGONG BUHAY LATERAL A",
        "canal_leng": 1037.93,
        "canal_widt": null,
        "station_no": "STA 0+000",
        "station__1": "STA 1+037.9",
        "station__2": "1037.93",
        "canal": "BAGONG BUHAY LATERAL A",
        "canaltype": "Lateral",
        "canal_lining": "Unspecified"
      },
      "geometry": {
        "type": "LineString",
        "coordinates": [
          [
            121.2079195140433,
            13.197352469674396
          ],
          [
            121.2078907531112,
            13.197922904601217
          ],
          [
            121.20787199118992,
            13.19798097284317
          ],
          [
            121.2078980349616,
            13.198602101563319
          ],
          [
            121.20791429380571,
            13.19920409073483
          ],
          [
            121.20791927929551,
            13.199532373050031
          ],
          [
            121.20790591354961,
            13.199756567661622
          ],
          [
            121.20795500035722,
            13.20068529019352
          ],
          [
            121.2079265365385,
            13.201119390443479
          ],
          [
            121.20791593913792,
            13.201878189279219
          ],
          [
            121.207904346583,
            13.20236201772923
          ],
          [
            121.2078957578177,
            13.202708179658098
          ],
          [
            121.2078847067638,
            13.203255054299728
          ],
          [
            121.2078906815649,
            13.20375422661352
          ],
          [
            121.20787953066171,
            13.204142003111262
          ],
          [
            121.2087270867455,
            13.204136540107019
          ],
          [
            121.2092145896261,
            13.20413626986199
          ],
          [
            121.20957697272232,
            13.204139284337847
          ],
          [
            121.2100924078709,
            13.20411329665149
          ],
          [
            121.2105162548893,
            13.204121562037898
          ]
        ]
      }
    },
    {
      "type": "Feature",
      "properties": {
        "id": 400,
        "canal_id": 400,
        "canal_type": "Main",
        "remarks": "BAGONG BUHAY MAIN CANAL 2",
        "canal_leng": 389.42,
        "canal_widt": null,
        "station_no": "STA 0+000",
        "station__1": "STA 0+389.4",
        "station__2": "389.42",
        "canal": "BAGONG BUHAY MAIN CANAL 2",
        "canaltype": "Main Canal",
        "canal_lining": "Unspecified"
      },
      "geometry": {
        "type": "LineString",
        "coordinates": [
          [
            121.2011279470815,
            13.189705109731179
          ],
          [
            121.2013028157139,
            13.18983282019045
          ],
          [
            121.20147271299142,
            13.190187247372688
          ],
          [
            121.20177121092172,
            13.190273506969117
          ],
          [
            121.20187373785741,
            13.190386928550168
          ],
          [
            121.2019871268801,
            13.190844533045999
          ],
          [
            121.20214149485,
            13.190945796779147
          ],
          [
            121.2024346727721,
            13.191242114255639
          ],
          [
            121.2025668886097,
            13.191258677064651
          ],
          [
            121.2027580236572,
            13.191207072614768
          ],
          [
            121.202878917268,
            13.191187145046
          ],
          [
            121.20316252642712,
            13.19118754874085
          ],
          [
            121.20331721722239,
            13.19116197998603
          ],
          [
            121.20346258439211,
            13.19104356753484
          ],
          [
            121.20356445629518,
            13.19099299758495
          ],
          [
            121.2037714959114,
            13.1909114654203
          ]
        ]
      }
    },
    {
      "type": "Feature",
      "properties": {
        "id": 399,
        "canal_id": 399,
        "canal_type": "Main",
        "remarks": "BAGONG BUHAY MAIN CANAL 1",
        "canal_leng": 2562.71,
        "canal_widt": null,
        "station_no": "STA 0+000",
        "station__1": "STA 2+562.7",
        "station__2": "2562.71",
        "canal": "BAGONG BUHAY MAIN CANAL 1",
        "canaltype": "Main Canal",
        "canal_lining": "Unspecified"
      },
      "geometry": {
        "type": "LineString",
        "coordinates": [
          [
            121.2007634835388,
            13.189805947801037
          ],
          [
            121.20072408435242,
            13.18985356896183
          ],
          [
            121.20089406367302,
            13.190309817855908
          ],
          [
            121.20102849318259,
            13.190624452380769
          ],
          [
            121.20110693929989,
            13.190911325797398
          ],
          [
            121.20127650217931,
            13.191215589140468
          ],
          [
            121.2014061567299,
            13.191350856753049
          ],
          [
            121.20158601770936,
            13.191550290485107
          ],
          [
            121.20194752031654,
            13.191709322584783
          ],
          [
            121.20212453095714,
            13.191790832204575
          ],
          [
            121.20265845548509,
            13.192769926381995
          ],
          [
            121.20283790158467,
            13.19308348551814
          ],
          [
            121.20300136112382,
            13.193512274304645
          ],
          [
            121.2031439906093,
            13.193768854079119
          ],
          [
            121.20328207138427,
            13.194004952703681
          ],
          [
            121.2033256612504,
            13.19406900008499
          ],
          [
            121.20333876498644,
            13.194496516263005
          ],
          [
            121.20301619439678,
            13.194496831528111
          ],
          [
            121.20307567481171,
            13.194929784675116
          ],
          [
            121.20308982291729,
            13.195160466934828
          ],
          [
            121.20300918616998,
            13.1954186332232
          ],
          [
            121.2029791869035,
            13.195962341520069
          ],
          [
            121.2029839873947,
            13.19645751962958
          ],
          [
            121.202931351324,
            13.19695708417236
          ],
          [
            121.202969671957,
            13.197114333427912
          ],
          [
            121.2029546423305,
            13.19733154960053
          ],
          [
            121.20341526387972,
            13.197293223013746
          ],
          [
            121.20433287897662,
            13.197270959829172
          ],
          [
            121.2044434078494,
            13.19724663825872
          ],
          [
            121.2052427910887,
            13.1972153548763
          ],
          [
            121.2054510833081,
            13.197226933089338
          ],
          [
            121.206091920166,
            13.197280561728402
          ],
          [
            121.2065161337258,
            13.197265907700828
          ],
          [
            121.2069549872967,
            13.197301319585689
          ],
          [
            121.2072519284784,
            13.19728361739799
          ],
          [
            121.2079141679208,
            13.197349668654597
          ],
          [
            121.2082654551951,
            13.19730372374581
          ],
          [
            121.2086917191849,
            13.197328223612308
          ],
          [
            121.20920275430748,
            13.197354239164508
          ],
          [
            121.20954970937142,
            13.197291491555836
          ],
          [
            121.2099064115576,
            13.197326422608546
          ],
          [
            121.21008287102944,
            13.197349903936164
          ],
          [
            121.21036064013599,
            13.197350833775616
          ],
          [
            121.21050014778767,
            13.197336632207415
          ],
          [
            121.21058310111968,
            13.19739559537474
          ],
          [
            121.210983412622,
            13.197383648082912
          ],
          [
            121.2111576511791,
            13.197403865637868
          ],
          [
            121.2114054128418,
            13.19738406787755
          ],
          [
            121.2117258122477,
            13.197370889412298
          ],
          [
            121.21234536871748,
            13.197371509683169
          ],
          [
            121.21274287262591,
            13.197374668900778
          ],
          [
            121.21338438986061,
            13.197373114640472
          ],
          [
            121.2140728619443,
            13.197321716865606
          ],
          [
            121.21542133594986,
            13.197273880680918
          ],
          [
            121.2163690444457,
            13.197358088069928
          ],
          [
            121.2167893050766,
            13.197373644319699
          ],
          [
            121.2176221344752,
            13.197389365786522
          ]
        ]
      }
    },
    {
      "type": "Feature",
      "properties": {
        "id": 396,
        "canal_id": 396,
        "canal_type": "Main",
        "remarks": "ANTONINO SUPPLY CANAL",
        "canal_leng": 723.46,
        "canal_widt": null,
        "station_no": "STA 0+000",
        "station__1": "STA 0+723.5",
        "station__2": "723.46",
        "canal": "ANTONINO SUPPLY CANAL",
        "canaltype": "Supply Canal",
        "canal_lining": "Unspecified"
      },
      "geometry": {
        "type": "LineString",
        "coordinates": [
          [
            121.21886352370062,
            13.191488465470043
          ],
          [
            121.2189626859154,
            13.191453590783333
          ],
          [
            121.21904716478662,
            13.191433183439429
          ],
          [
            121.2191366937598,
            13.191446359460809
          ],
          [
            121.21931091011902,
            13.191401241908927
          ],
          [
            121.2194304365148,
            13.191370113691228
          ],
          [
            121.22012579841169,
            13.19164076650077
          ],
          [
            121.2214692000722,
            13.192149094051258
          ],
          [
            121.22267613448061,
            13.192617011374022
          ],
          [
            121.22387011821792,
            13.1930944275979
          ],
          [
            121.224497463036,
            13.19332805102118
          ],
          [
            121.22455492911752,
            13.193195207413629
          ],
          [
            121.22499477419893,
            13.193380104829567
          ],
          [
            121.2250075367372,
            13.193385469795466
          ]
        ]
      }
    },
    {
      "type": "Feature",
      "properties": {
        "id": 401,
        "canal_id": 401,
        "canal_type": "Main",
        "remarks": "MAIN CANAL 2 (URDANETA)",
        "canal_leng": 5049.14,
        "canal_widt": null,
        "station_no": "STA 0+000",
        "station__1": "STA 5+049.1",
        "station__2": "5049.14",
        "canal": "MAIN CANAL 2 (URDANETA)",
        "canaltype": "Main Canal",
        "canal_lining": "Unspecified"
      },
      "geometry": {
        "type": "LineString",
        "coordinates": [
          [
            121.2829583527626,
            13.18407088841005
          ],
          [
            121.2829076032473,
            13.184544118337419
          ],
          [
            121.2829184779274,
            13.184665903387407
          ],
          [
            121.28298399104031,
            13.184748655656339
          ],
          [
            121.2836572277356,
            13.18502810252196
          ],
          [
            121.28470788699241,
            13.18546323827276
          ],
          [
            121.2855550129354,
            13.185807552014538
          ],
          [
            121.2863010211658,
            13.1861669671012
          ],
          [
            121.28655030258791,
            13.186309143021779
          ],
          [
            121.28665340425292,
            13.186477645785466
          ],
          [
            121.2867084730442,
            13.18662975459874
          ],
          [
            121.2872049057033,
            13.18781070110994
          ],
          [
            121.28770944782488,
            13.189064858969619
          ],
          [
            121.2882278982176,
            13.190217672554358
          ],
          [
            121.28875635275752,
            13.19151295804345
          ],
          [
            121.28929866381118,
            13.19279577504888
          ],
          [
            121.28970997263599,
            13.193778261674963
          ],
          [
            121.28996348479421,
            13.19440026667625
          ],
          [
            121.29006811904098,
            13.19449231604629
          ],
          [
            121.29024581908811,
            13.19453021322047
          ],
          [
            121.2910277867356,
            13.194467535126408
          ],
          [
            121.29111119345419,
            13.194485965073667
          ],
          [
            121.2911555178556,
            13.19455611744351
          ],
          [
            121.29120491086121,
            13.195839317000921
          ],
          [
            121.29129616020441,
            13.19780361143438
          ],
          [
            121.2926621824163,
            13.197776417401027
          ],
          [
            121.29439822748981,
            13.197737967592067
          ],
          [
            121.2961162388038,
            13.19770641040808
          ],
          [
            121.29753842461652,
            13.197693411895088
          ],
          [
            121.29741312204301,
            13.198401490747079
          ],
          [
            121.29741761792928,
            13.198401432115123
          ],
          [
            121.29893722167418,
            13.198381610055568
          ],
          [
            121.30131932111411,
            13.19841109010461
          ],
          [
            121.30220946549221,
            13.198378052081539
          ],
          [
            121.3030485790056,
            13.198302875911779
          ],
          [
            121.3037787985502,
            13.198305588726848
          ],
          [
            121.3051442255489,
            13.19836035961577
          ],
          [
            121.3057916939588,
            13.198400619379882
          ],
          [
            121.3075624932041,
            13.19836883477199
          ],
          [
            121.30937055218591,
            13.198418461977772
          ],
          [
            121.30955097961791,
            13.19856815649997
          ],
          [
            121.3101348281419,
            13.19933817164368
          ],
          [
            121.31109479042101,
            13.199813427516577
          ],
          [
            121.3122975252851,
            13.20052560754644
          ],
          [
            121.31278069698078,
            13.20130424533741
          ],
          [
            121.3131140359028,
            13.20183506485439
          ],
          [
            121.31338632928411,
            13.20244385521015
          ],
          [
            121.3137012423342,
            13.203141086826331
          ],
          [
            121.31378823125671,
            13.203488554568716
          ],
          [
            121.31385960051522,
            13.203522835866178
          ],
          [
            121.3138693686146,
            13.204082009402569
          ],
          [
            121.31378531931242,
            13.204487178425092
          ],
          [
            121.3139548200734,
            13.2052530099659
          ],
          [
            121.314012502647,
            13.205553731802848
          ],
          [
            121.3140392490413,
            13.205756890128256
          ]
        ]
      }
    },
    {
      "type": "Feature",
      "properties": {
        "id": 406,
        "canal_id": 406,
        "canal_type": "Main",
        "remarks": "MAIN CANAL 3 (SAN NARCISO)",
        "canal_leng": 3038.19,
        "canal_widt": null,
        "station_no": "STA 0+000",
        "station__1": "STA 3+038.2",
        "station__2": "3038.19",
        "canal": "MAIN CANAL 3 (SAN NARCISO)",
        "canaltype": "Main Canal",
        "canal_lining": "Unspecified"
      },
      "geometry": {
        "type": "LineString",
        "coordinates": [
          [
            121.2829731666695,
            13.18366372647589
          ],
          [
            121.2830082594007,
            13.18347150188609
          ],
          [
            121.28308765920401,
            13.183398725480581
          ],
          [
            121.28452939243341,
            13.182966841146689
          ],
          [
            121.286003184735,
            13.18254555332757
          ],
          [
            121.28743672548771,
            13.182153556799706
          ],
          [
            121.2889986913451,
            13.181735450672848
          ],
          [
            121.2898420204788,
            13.18150911577383
          ],
          [
            121.2899103047688,
            13.181510271019208
          ],
          [
            121.29124252617702,
            13.18228667223553
          ],
          [
            121.2921663427463,
            13.182834930695636
          ],
          [
            121.2931437815861,
            13.183414399246159
          ],
          [
            121.2932606396027,
            13.18345497148398
          ],
          [
            121.293694485909,
            13.183498501690547
          ],
          [
            121.2939255859895,
            13.18352987549216
          ],
          [
            121.294177653149,
            13.18355197272554
          ],
          [
            121.2945620967793,
            13.183589683188336
          ],
          [
            121.29462636022,
            13.183599313394986
          ],
          [
            121.29496117991562,
            13.18366763554267
          ],
          [
            121.2954418796929,
            13.18379344233794
          ],
          [
            121.29577890627318,
            13.18379403697837
          ],
          [
            121.29637677923171,
            13.1837877717894
          ],
          [
            121.29732301595028,
            13.183882783430398
          ],
          [
            121.29804934565091,
            13.183980392109708
          ],
          [
            121.2986305725181,
            13.18404190282373
          ],
          [
            121.2994468464842,
            13.184166653294088
          ],
          [
            121.2996170481055,
            13.184225882726816
          ],
          [
            121.29972705858994,
            13.184355252716417
          ],
          [
            121.2997302150392,
            13.18435896463113
          ],
          [
            121.2997851397638,
            13.184549122181851
          ],
          [
            121.2994819652344,
            13.184566085610362
          ],
          [
            121.2994755146639,
            13.185259134557867
          ],
          [
            121.2994655449307,
            13.18627203037686
          ],
          [
            121.2994122428512,
            13.187009873023488
          ],
          [
            121.29945307061959,
            13.18715733838482
          ],
          [
            121.29970394267451,
            13.18722477686509
          ],
          [
            121.3001115275775,
            13.187326982216142
          ],
          [
            121.3002712744913,
            13.187353196506129
          ],
          [
            121.3009266377402,
            13.18771616298728
          ],
          [
            121.30135193657011,
            13.187992998514728
          ],
          [
            121.30150535810292,
            13.188089043491619
          ],
          [
            121.30215233578322,
            13.188365009053468
          ],
          [
            121.30253513333622,
            13.188540232573118
          ],
          [
            121.30294702904112,
            13.188710023732337
          ],
          [
            121.30334650083361,
            13.188937127212826
          ],
          [
            121.30346758674742,
            13.189048809084792
          ],
          [
            121.3036134173938,
            13.18933485344066
          ],
          [
            121.3037365703051,
            13.189460686913627
          ],
          [
            121.30395364098372,
            13.18952645723422
          ],
          [
            121.3041438635174,
            13.189564027474617
          ],
          [
            121.30440817760962,
            13.189631719659328
          ],
          [
            121.3047499261887,
            13.189808573749369
          ],
          [
            121.30491434800821,
            13.18993064572595
          ],
          [
            121.30501824951361,
            13.190034608554678
          ],
          [
            121.3051688133541,
            13.19030996158862
          ],
          [
            121.30525983670582,
            13.190506325916878
          ]
        ]
      }
    },
    {
      "type": "Feature",
      "properties": {
        "id": 407,
        "canal_id": 407,
        "canal_type": "Main",
        "remarks": "MC3 LATERAL A",
        "canal_leng": 1102.24,
        "canal_widt": null,
        "station_no": "STA 0+000",
        "station__1": "STA 1+102.2",
        "station__2": "1102.24",
        "canal": "MC3 LATERAL A",
        "canaltype": "Main Canal",
        "canal_lining": "Unspecified"
      },
      "geometry": {
        "type": "LineString",
        "coordinates": [
          [
            121.29972221483152,
            13.184359740150231
          ],
          [
            121.29972705858994,
            13.184355252716417
          ],
          [
            121.30142515989668,
            13.1827820528795
          ],
          [
            121.301537461616,
            13.182699729192848
          ],
          [
            121.30188895910202,
            13.182698142859937
          ],
          [
            121.3019963781859,
            13.18266633518046
          ],
          [
            121.3025664801756,
            13.1827159982434
          ],
          [
            121.3031121402527,
            13.1827352207307
          ],
          [
            121.3039732233905,
            13.182743305473636
          ],
          [
            121.30455064923508,
            13.18278013508777
          ],
          [
            121.30509824103062,
            13.18283388161841
          ],
          [
            121.3051876256674,
            13.182906029254754
          ],
          [
            121.3052818127751,
            13.18298277156558
          ],
          [
            121.30592812918351,
            13.182953868312659
          ],
          [
            121.30610118736782,
            13.1829446956888
          ],
          [
            121.3065562198103,
            13.182954515883086
          ],
          [
            121.3072852531331,
            13.182908719018792
          ],
          [
            121.3076073242284,
            13.18289401829125
          ],
          [
            121.30798160051418,
            13.18288017608019
          ],
          [
            121.308484918473,
            13.182884689201211
          ],
          [
            121.3088823168236,
            13.182857297891648
          ],
          [
            121.30915023144559,
            13.182838309746622
          ]
        ]
      }
    },
    {
      "type": "Feature",
      "properties": {
        "id": 392,
        "canal_id": 392,
        "canal_type": "Main",
        "remarks": "SUPPLY CANAL",
        "canal_leng": 1500.74,
        "canal_widt": null,
        "station_no": "STA 0+000",
        "station__1": "STA 1+500.7",
        "station__2": "1500.74",
        "canal": "SUPPLY CANAL",
        "canaltype": "Supply Canal",
        "canal_lining": "Unspecified"
      },
      "geometry": {
        "type": "LineString",
        "coordinates": [
          [
            121.2411929636947,
            13.239715255181034
          ],
          [
            121.24200853005469,
            13.240220407775201
          ],
          [
            121.2421203103219,
            13.240308773687728
          ],
          [
            121.24222916525879,
            13.24039555969542
          ],
          [
            121.24231275872381,
            13.240491810775529
          ],
          [
            121.24242183094582,
            13.240668107904849
          ],
          [
            121.2424506686384,
            13.24074217592679
          ],
          [
            121.2426436364705,
            13.240739492901746
          ],
          [
            121.2427975250706,
            13.24068040611789
          ],
          [
            121.2428589716558,
            13.240574418913948
          ],
          [
            121.24287639475418,
            13.240560662881947
          ],
          [
            121.24298285487211,
            13.24046391296376
          ],
          [
            121.2430768533799,
            13.24048061447655
          ],
          [
            121.24315983256419,
            13.240530079898162
          ],
          [
            121.24321418426422,
            13.240622045359968
          ],
          [
            121.24332522373241,
            13.240760678330197
          ],
          [
            121.24342084060102,
            13.240836494719428
          ],
          [
            121.24349025445501,
            13.24084745414755
          ],
          [
            121.2437843214409,
            13.24065631500369
          ],
          [
            121.2438360659938,
            13.240587696732437
          ],
          [
            121.24393575345839,
            13.240463898394419
          ],
          [
            121.2440241210558,
            13.240318354494411
          ],
          [
            121.2441069514569,
            13.24021652909499
          ],
          [
            121.24411334687268,
            13.240212322562181
          ],
          [
            121.2441876528541,
            13.240179860723858
          ],
          [
            121.24428727275732,
            13.240200021683671
          ],
          [
            121.2444026632139,
            13.24017873722747
          ],
          [
            121.24453515983731,
            13.240143086786798
          ],
          [
            121.24462913788692,
            13.240070408382437
          ],
          [
            121.2448592885592,
            13.239789353128002
          ],
          [
            121.2449760359518,
            13.23969088105676
          ],
          [
            121.24511366127682,
            13.23963872191359
          ],
          [
            121.245291294825,
            13.23966234507312
          ],
          [
            121.2454527636656,
            13.23976230623287
          ],
          [
            121.2455692213698,
            13.239891949969696
          ],
          [
            121.2456618996471,
            13.23995399392705
          ],
          [
            121.2458133460116,
            13.23995535647325
          ],
          [
            121.2459651632902,
            13.23990658015329
          ],
          [
            121.24610112441871,
            13.23987229679351
          ],
          [
            121.24628417711591,
            13.23986755043691
          ],
          [
            121.24644345122522,
            13.239904118403768
          ],
          [
            121.24657506098491,
            13.240003158378348
          ],
          [
            121.24671255875671,
            13.240183290264728
          ],
          [
            121.2467385585234,
            13.240333834208789
          ],
          [
            121.24692516686288,
            13.240803023597453
          ],
          [
            121.2470468670207,
            13.24097528064186
          ],
          [
            121.24715493328371,
            13.241108859022791
          ],
          [
            121.2472984134698,
            13.241125063279307
          ],
          [
            121.24752140258852,
            13.241139636833388
          ],
          [
            121.2476427280751,
            13.24109674144262
          ],
          [
            121.24773315515039,
            13.24103697315448
          ],
          [
            121.24787328232331,
            13.24100858889475
          ],
          [
            121.24805415877131,
            13.24093649679184
          ],
          [
            121.24814767389562,
            13.24089837387942
          ],
          [
            121.24825557942792,
            13.240864067014549
          ],
          [
            121.2483450133476,
            13.24082734888778
          ],
          [
            121.2484999915333,
            13.24081115533931
          ],
          [
            121.2486939719975,
            13.240808453876628
          ],
          [
            121.2488138097028,
            13.24078843675306
          ],
          [
            121.24897145743309,
            13.24079309079929
          ],
          [
            121.2492715055821,
            13.24089157937045
          ],
          [
            121.24942548104671,
            13.24093713852969
          ],
          [
            121.24971034581081,
            13.241081909624986
          ],
          [
            121.2498478112792,
            13.241149447240279
          ],
          [
            121.24999806518072,
            13.241263336257786
          ],
          [
            121.25008829294332,
            13.241301222173583
          ],
          [
            121.2501602425428,
            13.24139147023446
          ],
          [
            121.2502284575451,
            13.241432842427129
          ],
          [
            121.2504625340201,
            13.241441650947886
          ],
          [
            121.25060919235898,
            13.24141685585879
          ],
          [
            121.25069760437401,
            13.24143030208807
          ],
          [
            121.2508327959448,
            13.241446032004468
          ],
          [
            121.2509751544371,
            13.24150471828703
          ],
          [
            121.2512675275107,
            13.241649712303152
          ],
          [
            121.25146663273661,
            13.24179029534415
          ],
          [
            121.25161763402131,
            13.24192396511169
          ],
          [
            121.25183245921012,
            13.24203439316833
          ],
          [
            121.2520052160988,
            13.242156948348141
          ],
          [
            121.25215057067601,
            13.24226438371057
          ],
          [
            121.252296222305,
            13.24239149087977
          ],
          [
            121.2523260767573,
            13.242490563003107
          ]
        ]
      }
    },
    {
      "type": "Feature",
      "properties": {
        "id": 384,
        "canal_id": 384,
        "canal_type": "Lateral",
        "remarks": "MAPALO LATERAL AN",
        "canal_leng": 8163.67,
        "canal_widt": null,
        "station_no": "STA 0+000",
        "station__1": "STA 8+163.7",
        "station__2": "8163.67",
        "canal": "MAPALO LATERAL AN",
        "canaltype": "Lateral",
        "canal_lining": "Unspecified"
      },
      "geometry": {
        "type": "LineString",
        "coordinates": [
          [
            121.2545100114625,
            13.249258016836269
          ],
          [
            121.25461970856442,
            13.249276621077007
          ],
          [
            121.2569799190442,
            13.25079034493581
          ],
          [
            121.2577100044587,
            13.251279467306938
          ],
          [
            121.25811283866578,
            13.251564920999288
          ],
          [
            121.25819657658681,
            13.251681913629959
          ],
          [
            121.25857780320169,
            13.252778150645856
          ],
          [
            121.25888840639239,
            13.253656643544248
          ],
          [
            121.2593381329438,
            13.254908024751908
          ],
          [
            121.25959111909651,
            13.255628731086457
          ],
          [
            121.25982426985948,
            13.256470660623874
          ],
          [
            121.2601642692019,
            13.257537515019356
          ],
          [
            121.2602907203789,
            13.2577076780837
          ],
          [
            121.2604714988112,
            13.258169940834332
          ],
          [
            121.26072151994501,
            13.258562558267359
          ],
          [
            121.261221960146,
            13.259183887545701
          ],
          [
            121.2616200295994,
            13.2597824114744
          ],
          [
            121.26238468534248,
            13.260637551567568
          ],
          [
            121.2636380448531,
            13.26164844697682
          ],
          [
            121.26458696955122,
            13.262455394074694
          ],
          [
            121.26533469412252,
            13.26287514025962
          ],
          [
            121.26706374465137,
            13.26377844996825
          ],
          [
            121.26714190194481,
            13.263819281353708
          ],
          [
            121.26892007357722,
            13.26479850939906
          ],
          [
            121.26915967463641,
            13.265014700439032
          ],
          [
            121.2693323237498,
            13.265452415904509
          ],
          [
            121.26974766059108,
            13.265663438557441
          ],
          [
            121.2699387941431,
            13.26572350732232
          ],
          [
            121.2701504860595,
            13.26580613380602
          ],
          [
            121.2706328507017,
            13.266600342719507
          ],
          [
            121.2711539233215,
            13.26740373267961
          ],
          [
            121.27184592039862,
            13.26815638034843
          ],
          [
            121.2720870368385,
            13.268373776926962
          ],
          [
            121.27276959899122,
            13.26937091258562
          ],
          [
            121.2733622209201,
            13.27045992879722
          ],
          [
            121.2740052264786,
            13.271571391621428
          ],
          [
            121.2745606456782,
            13.272479906929478
          ],
          [
            121.27521999484118,
            13.273545743728198
          ],
          [
            121.27584857471201,
            13.274524184775922
          ],
          [
            121.27660395694872,
            13.275733985660999
          ],
          [
            121.2772086709539,
            13.276690709064937
          ],
          [
            121.2778125912837,
            13.277636057383058
          ],
          [
            121.27860515093,
            13.27902236897801
          ],
          [
            121.27934194769732,
            13.280332922544517
          ],
          [
            121.2804217151753,
            13.28212999146327
          ],
          [
            121.2812346086796,
            13.283514757409039
          ],
          [
            121.28206213539642,
            13.2849246458192
          ],
          [
            121.28239592461162,
            13.285464297476308
          ],
          [
            121.282687818254,
            13.286002705809468
          ],
          [
            121.28349968278421,
            13.28732552362815
          ],
          [
            121.28442959904821,
            13.288870549473716
          ],
          [
            121.28516444908,
            13.290124105026646
          ],
          [
            121.2860901365346,
            13.291710142496168
          ],
          [
            121.2866781110661,
            13.292692115246592
          ],
          [
            121.2873412935133,
            13.293816601293917
          ],
          [
            121.28787214869182,
            13.294625740345252
          ],
          [
            121.28844386149682,
            13.295610263532879
          ],
          [
            121.288988540312,
            13.29652912619331
          ],
          [
            121.28958565913851,
            13.297439890297442
          ],
          [
            121.29074179172221,
            13.29933863148691
          ],
          [
            121.29251653198992,
            13.302382795004888
          ],
          [
            121.2943570319964,
            13.305808464073882
          ],
          [
            121.2960869919931,
            13.308936060740871
          ]
        ]
      }
    }
  ]
}