{
  "type": "FeatureCollection",
  "name": "Mag_Asawang_Tubig_structures",
  "crs": {
    "type": "name",
    "properties": {
      "name": "urn:ogc:def:crs:OGC:1.3:CRS84"
    }
  },
  "features": [
    {
      "type": "Feature",
      "properties": {
        "id": 39,
        "name": "MC3 BULLCART 5 (2+904.8)",
        "type": "Thresher Crossing",
        "Structure_Category": "Thresher Crossing",
        "canal_name": "MAIN CANAL 3 (SAN NARCISO)",
        "station": "STA 2+904.8",
        "station_m": 2904.8,
        "offset_m": 2.82,
        "elevation": 18.57,
        "desc": "",
        "comment": "2023-03-23 11:41:15am",
        "elevation_m": 18.57,
        "photo_filename": "DSC00062.jpg",
        "photo_path": "DSC00062.jpg",
        "surveyor_comment": "2023-03-23 11:41:15am",
        "survey_date": "2023-3-23",
        "station_source": "Native (Survey / POW)",
        "native_station": " (2+904.8)"
      },
      "geometry": {
        "type": "Point",
        "coordinates": [
          121.304348,
          13.18959
        ]
      }
    },
    {
      "type": "Feature",
      "properties": {
        "id": 33,
        "name": "MC3 DRAINAGE 2 (2+178.2)",
        "type": "Drainage",
        "Structure_Category": "Drainage",
        "canal_name": "MAIN CANAL 3 (SAN NARCISO)",
        "station": "STA 2+178.2",
        "station_m": 2178.2,
        "offset_m": 0.05,
        "elevation": 17.87,
        "desc": "",
        "comment": "2023-03-23 11:14:01am",
        "elevation_m": 17.87,
        "photo_filename": "DSC00056.jpg",
        "photo_path": "DSC00056.jpg",
        "surveyor_comment": "2023-03-23 11:14:01am",
        "survey_date": "2023-3-23",
        "station_source": "Native (Survey / POW)",
        "native_station": " (2+178.2)"
      },
      "geometry": {
        "type": "Point",
        "coordinates": [
          121.299467,
          13.186077
        ]
      }
    },
    {
      "type": "Feature",
      "properties": {
        "id": 65,
        "name": "LATERAL B TO 2 (0+187.5)",
        "type": "Turnout",
        "Structure_Category": "Turnout (TO)",
        "canal_name": "MC3 LATERAL B",
        "station": "STA 0+187.5",
        "station_m": 187.5,
        "offset_m": 0.56,
        "elevation": 19.76,
        "desc": "",
        "comment": "2023-03-23 2:47:07pm",
        "elevation_m": 19.76,
        "photo_filename": "DSC00090.jpg",
        "photo_path": "DSC00090.jpg",
        "surveyor_comment": "2023-03-23 2:47:07pm",
        "survey_date": "2023-3-23",
        "station_source": "Native (Survey / POW)",
        "native_station": " (0+187.5)"
      },
      "geometry": {
        "type": "Point",
        "coordinates": [
          121.306704,
          13.18968
        ]
      }
    },
    {
      "type": "Feature",
      "properties": {
        "id": 49,
        "name": "LATERAL A BULLCART 4 (0+477.2)",
        "type": "Thresher Crossing",
        "Structure_Category": "Thresher Crossing",
        "canal_name": "MC3 LATERAL A",
        "station": "STA 0+477.2",
        "station_m": 477.2,
        "offset_m": 4.21,
        "elevation": 25.53,
        "desc": "",
        "comment": "2023-03-23 1:34:18pm",
        "elevation_m": 25.53,
        "photo_filename": "DSC00073.jpg",
        "photo_path": "DSC00073.jpg",
        "surveyor_comment": "2023-03-23 1:34:18pm",
        "survey_date": "2023-3-23",
        "station_source": "Native (Survey / POW)",
        "native_station": " (0+477.2)"
      },
      "geometry": {
        "type": "Point",
        "coordinates": [
          121.303523,
          13.182701
        ]
      }
    },
    {
      "type": "Feature",
      "properties": {
        "id": 53,
        "name": "LATERAL A BULLCART 8 (0+814.3)",
        "type": "Thresher Crossing",
        "Structure_Category": "Thresher Crossing",
        "canal_name": "MC3 LATERAL A",
        "station": "STA 0+814.3",
        "station_m": 814.3,
        "offset_m": 3.09,
        "elevation": 22.4,
        "desc": "",
        "comment": "2023-03-23 1:51:41pm",
        "elevation_m": 22.4,
        "photo_filename": "DSC00077.jpg",
        "photo_path": "DSC00077.jpg",
        "surveyor_comment": "2023-03-23 1:51:41pm",
        "survey_date": "2023-3-23",
        "station_source": "Native (Survey / POW)",
        "native_station": " (0+814.3)"
      },
      "geometry": {
        "type": "Point",
        "coordinates": [
          121.30658,
          13.182925
        ]
      }
    },
    {
      "type": "Feature",
      "properties": {
        "id": 51,
        "name": "LATERAL A BULLCART 6 (0+648.7)",
        "type": "Thresher Crossing",
        "Structure_Category": "Thresher Crossing",
        "canal_name": "MC3 LATERAL A",
        "station": "STA 0+648.7",
        "station_m": 648.7,
        "offset_m": 1.62,
        "elevation": 23.51,
        "desc": "",
        "comment": "2023-03-23 1:43:58pm",
        "elevation_m": 23.51,
        "photo_filename": "DSC00075.jpg",
        "photo_path": "DSC00075.jpg",
        "surveyor_comment": "2023-03-23 1:43:58pm",
        "survey_date": "2023-3-23",
        "station_source": "Native (Survey / POW)",
        "native_station": " (0+648.7)"
      },
      "geometry": {
        "type": "Point",
        "coordinates": [
          121.305103,
          13.18282
        ]
      }
    },
    {
      "type": "Feature",
      "properties": {
        "id": 55,
        "name": "LATERAL A BULLCART 10 (0+964.8)",
        "type": "Thresher Crossing",
        "Structure_Category": "Thresher Crossing",
        "canal_name": "MC3 LATERAL A",
        "station": "STA 0+964.8",
        "station_m": 964.8,
        "offset_m": 1.27,
        "elevation": 21.53,
        "desc": "",
        "comment": "2023-03-23 1:58:27pm",
        "elevation_m": 21.53,
        "photo_filename": "DSC00079.jpg",
        "photo_path": "DSC00079.jpg",
        "surveyor_comment": "2023-03-23 1:58:27pm",
        "survey_date": "2023-3-23",
        "station_source": "Native (Survey / POW)",
        "native_station": " (0+964.8)"
      },
      "geometry": {
        "type": "Point",
        "coordinates": [
          121.307972,
          13.182869
        ]
      }
    },
    {
      "type": "Feature",
      "properties": {
        "id": 57,
        "name": "LATERAL A BULLCART 12 (1+054.9)",
        "type": "Thresher Crossing",
        "Structure_Category": "Thresher Crossing",
        "canal_name": "MC3 LATERAL A",
        "station": "STA 1+054.9",
        "station_m": 1054.9,
        "offset_m": 0.63,
        "elevation": 21.76,
        "desc": "",
        "comment": "2023-03-23 2:04:37pm",
        "elevation_m": 21.76,
        "photo_filename": "DSC00081.jpg",
        "photo_path": "DSC00081.jpg",
        "surveyor_comment": "2023-03-23 2:04:37pm",
        "survey_date": "2023-3-23",
        "station_source": "Native (Survey / POW)",
        "native_station": " (1+054.9)"
      },
      "geometry": {
        "type": "Point",
        "coordinates": [
          121.308775,
          13.182859
        ]
      }
    },
    {
      "type": "Feature",
      "properties": {
        "id": 59,
        "name": "END OF LATERAL A LINED CANAL (1+100.3)",
        "type": "Other Structures",
        "Structure_Category": "Other Structures",
        "canal_name": "MC3 LATERAL A",
        "station": "STA 1+100.3",
        "station_m": 1100.3,
        "offset_m": 5.9,
        "elevation": 20.68,
        "desc": "",
        "comment": "2023-03-23 2:13:14pm",
        "elevation_m": 20.68,
        "photo_filename": "DSC00083.jpg",
        "photo_path": "DSC00083.jpg",
        "surveyor_comment": "2023-03-23 2:13:14pm",
        "survey_date": "2023-3-23",
        "station_source": "Native (Survey / POW)",
        "native_station": " (1+100.3)"
      },
      "geometry": {
        "type": "Point",
        "coordinates": [
          121.309195,
          13.182808
        ]
      }
    },
    {
      "type": "Feature",
      "properties": {
        "id": 37,
        "name": "MC3 TO 6(2+616.5)",
        "type": "Turnout",
        "Structure_Category": "Turnout (TO)",
        "canal_name": "MAIN CANAL 3 (SAN NARCISO)",
        "station": "STA 2+616.5",
        "station_m": 2616.5,
        "offset_m": 2.86,
        "elevation": 20.52,
        "desc": "",
        "comment": "2023-03-23 11:34:00am",
        "elevation_m": 20.52,
        "photo_filename": "DSC00060.jpg",
        "photo_path": "DSC00060.jpg",
        "surveyor_comment": "2023-03-23 11:34:00am",
        "survey_date": "2023-3-23",
        "station_source": "Native (Survey / POW)",
        "native_station": "(2+616.5)"
      },
      "geometry": {
        "type": "Point",
        "coordinates": [
          121.30212,
          13.188323
        ]
      }
    },
    {
      "type": "Feature",
      "properties": {
        "id": 45,
        "name": "LATERAL A TO 1 (0+116.6)",
        "type": "Turnout",
        "Structure_Category": "Turnout (TO)",
        "canal_name": "MC3 LATERAL A",
        "station": "STA 0+116.6",
        "station_m": 116.6,
        "offset_m": 4.31,
        "elevation": 27.47,
        "desc": "",
        "comment": "2023-03-23 1:15:58pm",
        "elevation_m": 27.47,
        "photo_filename": "DSC00068.jpg",
        "photo_path": "DSC00068.jpg",
        "surveyor_comment": "2023-03-23 1:15:58pm",
        "survey_date": "2023-3-23",
        "station_source": "Native (Survey / POW)",
        "native_station": " (0+116.6)"
      },
      "geometry": {
        "type": "Point",
        "coordinates": [
          121.300519,
          13.183568
        ]
      }
    },
    {
      "type": "Feature",
      "properties": {
        "id": 29,
        "name": "MC3 DRAINAGE 1 (1+737",
        "type": "Drainage",
        "Structure_Category": "Drainage",
        "canal_name": "MAIN CANAL 3 (SAN NARCISO)",
        "station": "STA 1+737.0",
        "station_m": 1737,
        "offset_m": 6.5,
        "elevation": 19.76,
        "desc": "",
        "comment": "2023-03-23 10:49:00am",
        "elevation_m": 19.76,
        "photo_filename": "DSC00052.jpg",
        "photo_path": "DSC00052.jpg",
        "surveyor_comment": "2023-03-23 10:49:00am",
        "survey_date": "2023-3-23",
        "station_source": "Native (Survey / POW)",
        "native_station": " (1+737"
      },
      "geometry": {
        "type": "Point",
        "coordinates": [
          121.297855,
          13.183895
        ]
      }
    },
    {
      "type": "Feature",
      "properties": {
        "id": 61,
        "name": "LATERAL B END OF CUT AND COVER (0+084.2)",
        "type": "Cut and Cover",
        "Structure_Category": "Other Structures",
        "canal_name": "MC3 LATERAL B",
        "station": "STA 0+084.2",
        "station_m": 84.2,
        "offset_m": 4.64,
        "elevation": 20.69,
        "desc": "",
        "comment": "2023-03-23 2:36:25pm",
        "elevation_m": 20.69,
        "photo_filename": "DSC00085.jpg",
        "photo_path": "DSC00085.jpg",
        "surveyor_comment": "2023-03-23 2:36:25pm",
        "survey_date": "2023-3-23",
        "station_source": "Native (Survey / POW)",
        "native_station": " (0+084.2)"
      },
      "geometry": {
        "type": "Point",
        "coordinates": [
          121.305755,
          13.189866
        ]
      }
    },
    {
      "type": "Feature",
      "properties": {
        "id": 67,
        "name": "LATERAL B TO 3 (0+276.3)",
        "type": "Turnout",
        "Structure_Category": "Turnout (TO)",
        "canal_name": "MC3 LATERAL B",
        "station": "STA 0+276.3",
        "station_m": 276.3,
        "offset_m": 2.13,
        "elevation": 18.1,
        "desc": "",
        "comment": "2023-03-23 2:53:29pm",
        "elevation_m": 18.1,
        "photo_filename": "DSC00092.jpg",
        "photo_path": "DSC00092.jpg",
        "surveyor_comment": "2023-03-23 2:53:29pm",
        "survey_date": "2023-3-23",
        "station_source": "Native (Survey / POW)",
        "native_station": " (0+276.3)"
      },
      "geometry": {
        "type": "Point",
        "coordinates": [
          121.307501,
          13.189609
        ]
      }
    },
    {
      "type": "Feature",
      "properties": {
        "id": 41,
        "name": "MC3 OUTLET (3+005.23)",
        "type": "Outlet",
        "Structure_Category": "Outlet",
        "canal_name": "MAIN CANAL 3 (SAN NARCISO)",
        "station": "STA 3+005.2",
        "station_m": 3005.23,
        "offset_m": 2.33,
        "elevation": 19.33,
        "desc": "",
        "comment": "2023-03-23 11:50:28am",
        "elevation_m": 19.33,
        "photo_filename": "DSC00064.jpg",
        "photo_path": "DSC00064.jpg",
        "surveyor_comment": "2023-03-23 11:50:28am",
        "survey_date": "2023-3-23",
        "station_source": "Native (Survey / POW)",
        "native_station": " (3+005.23)"
      },
      "geometry": {
        "type": "Point",
        "coordinates": [
          121.305097,
          13.190134
        ]
      }
    },
    {
      "type": "Feature",
      "properties": {
        "id": 63,
        "name": "LATERAL B BULLCART 1 (0+110.3)",
        "type": "Thresher Crossing",
        "Structure_Category": "Thresher Crossing",
        "canal_name": "MC3 LATERAL B",
        "station": "STA 0+110.3",
        "station_m": 110.3,
        "offset_m": 2.25,
        "elevation": 19.36,
        "desc": "",
        "comment": "2023-03-23 2:41:57pm",
        "elevation_m": 19.36,
        "photo_filename": "DSC00088.jpg",
        "photo_path": "DSC00088.jpg",
        "surveyor_comment": "2023-03-23 2:41:57pm",
        "survey_date": "2023-3-23",
        "station_source": "Native (Survey / POW)",
        "native_station": " (0+110.3)"
      },
      "geometry": {
        "type": "Point",
        "coordinates": [
          121.306007,
          13.189828
        ]
      }
    },
    {
      "type": "Feature",
      "properties": {
        "id": 69,
        "name": "LATERAL B BULLCART 5 (0+341.5)",
        "type": "Thresher Crossing",
        "Structure_Category": "Thresher Crossing",
        "canal_name": "MC3 LATERAL B",
        "station": "STA 0+341.5",
        "station_m": 341.5,
        "offset_m": 0.29,
        "elevation": 18.09,
        "desc": "",
        "comment": "2023-03-23 2:59:14pm",
        "elevation_m": 18.09,
        "photo_filename": "DSC00094.jpg",
        "photo_path": "DSC00094.jpg",
        "surveyor_comment": "2023-03-23 2:59:14pm",
        "survey_date": "2023-3-23",
        "station_source": "Native (Survey / POW)",
        "native_station": " (0+341.5)"
      },
      "geometry": {
        "type": "Point",
        "coordinates": [
          121.308107,
          13.189627
        ]
      }
    },
    {
      "type": "Feature",
      "properties": {
        "id": 77,
        "name": "LATERAL B TO 4 (0+476.3)",
        "type": "Turnout",
        "Structure_Category": "Turnout (TO)",
        "canal_name": "MC3 LATERAL B",
        "station": "STA 0+476.3",
        "station_m": 476.3,
        "offset_m": 3.67,
        "elevation": 16.83,
        "desc": "",
        "comment": "2023-03-24 11:23:02am",
        "elevation_m": 16.83,
        "photo_filename": "DSC00101.jpg",
        "photo_path": "DSC00101.jpg",
        "surveyor_comment": "2023-03-24 11:23:02am",
        "survey_date": "2023-3-24",
        "station_source": "Native (Survey / POW)",
        "native_station": " (0+476.3)"
      },
      "geometry": {
        "type": "Point",
        "coordinates": [
          121.309369,
          13.189655
        ]
      }
    },
    {
      "type": "Feature",
      "properties": {
        "id": 71,
        "name": "LATERAL B BULLCART 7 (0+379.2)",
        "type": "Thresher Crossing",
        "Structure_Category": "Thresher Crossing",
        "canal_name": "MC3 LATERAL B",
        "station": "STA 0+379.2",
        "station_m": 379.2,
        "offset_m": 3.66,
        "elevation": 16.96,
        "desc": "",
        "comment": "2023-03-24 11:14:14am",
        "elevation_m": 16.96,
        "photo_filename": "DSC00096.jpg",
        "photo_path": "DSC00096.jpg",
        "surveyor_comment": "2023-03-24 11:14:14am",
        "survey_date": "2023-3-24",
        "station_source": "Native (Survey / POW)",
        "native_station": " (0+379.2)"
      },
      "geometry": {
        "type": "Point",
        "coordinates": [
          121.308467,
          13.189666
        ]
      }
    },
    {
      "type": "Feature",
      "properties": {
        "id": 73,
        "name": "LATERAL B BULLCART 8 (0+408.5)",
        "type": "Thresher Crossing",
        "Structure_Category": "Thresher Crossing",
        "canal_name": "MC3 LATERAL B",
        "station": "STA 0+408.5",
        "station_m": 408.5,
        "offset_m": 4.52,
        "elevation": 16.36,
        "desc": "",
        "comment": "2023-03-24 11:18:20am",
        "elevation_m": 16.36,
        "photo_filename": "DSC00098.jpg",
        "photo_path": "DSC00098.jpg",
        "surveyor_comment": "2023-03-24 11:18:20am",
        "survey_date": "2023-3-24",
        "station_source": "Native (Survey / POW)",
        "native_station": " (0+408.5)"
      },
      "geometry": {
        "type": "Point",
        "coordinates": [
          121.308737,
          13.189666
        ]
      }
    },
    {
      "type": "Feature",
      "properties": {
        "id": 75,
        "name": "LATERAL B BULLCART 9 (0+446.1)",
        "type": "Thresher Crossing",
        "Structure_Category": "Thresher Crossing",
        "canal_name": "MC3 LATERAL B",
        "station": "STA 0+446.1",
        "station_m": 446.1,
        "offset_m": 4.08,
        "elevation": 17.07,
        "desc": "",
        "comment": "2023-03-24 11:20:00am",
        "elevation_m": 17.07,
        "photo_filename": "DSC00099.jpg",
        "photo_path": "DSC00099.jpg",
        "surveyor_comment": "2023-03-24 11:20:00am",
        "survey_date": "2023-3-24",
        "station_source": "Native (Survey / POW)",
        "native_station": " (0+446.1)"
      },
      "geometry": {
        "type": "Point",
        "coordinates": [
          121.309066,
          13.189658
        ]
      }
    },
    {
      "type": "Feature",
      "properties": {
        "id": 79,
        "name": "LATERAL B TO 5 (0+513.5)",
        "type": "Turnout",
        "Structure_Category": "Turnout (TO)",
        "canal_name": "MC3 LATERAL B",
        "station": "STA 0+513.5",
        "station_m": 513.5,
        "offset_m": 5.01,
        "elevation": 16.31,
        "desc": "",
        "comment": "2023-03-24 11:26:00am",
        "elevation_m": 16.31,
        "photo_filename": "DSC00103.jpg",
        "photo_path": "DSC00103.jpg",
        "surveyor_comment": "2023-03-24 11:26:00am",
        "survey_date": "2023-3-24",
        "station_source": "Native (Survey / POW)",
        "native_station": " (0+513.5)"
      },
      "geometry": {
        "type": "Point",
        "coordinates": [
          121.309698,
          13.189669
        ]
      }
    },
    {
      "type": "Feature",
      "properties": {
        "id": 81,
        "name": "LATERAL B TO 6 (0+592)",
        "type": "Turnout",
        "Structure_Category": "Turnout (TO)",
        "canal_name": "MC3 LATERAL B",
        "station": "STA 0+592.0",
        "station_m": 592,
        "offset_m": 1.67,
        "elevation": 17.15,
        "desc": "",
        "comment": "2023-03-24 11:30:05am",
        "elevation_m": 17.15,
        "photo_filename": "DSC00105.jpg",
        "photo_path": "DSC00105.jpg",
        "surveyor_comment": "2023-03-24 11:30:05am",
        "survey_date": "2023-3-24",
        "station_source": "Native (Survey / POW)",
        "native_station": " (0+592)"
      },
      "geometry": {
        "type": "Point",
        "coordinates": [
          121.310445,
          13.189673
        ]
      }
    },
    {
      "type": "Feature",
      "properties": {
        "id": 88,
        "name": "LATERAL A TO 1 (0+247.2)",
        "type": "Turnout",
        "Structure_Category": "Turnout (TO)",
        "canal_name": "MC2 LATERAL A",
        "station": "STA 0+247.2",
        "station_m": 247.2,
        "offset_m": 3.56,
        "elevation": 12.55,
        "desc": "",
        "comment": "2023-03-25 10:02:12am",
        "elevation_m": 12.55,
        "photo_filename": "DSC00113.jpg",
        "photo_path": "DSC00113.jpg",
        "surveyor_comment": "2023-03-25 10:02:12am",
        "survey_date": "2023-3-25",
        "station_source": "Native (Survey / POW)",
        "native_station": " (0+247.2)"
      },
      "geometry": {
        "type": "Point",
        "coordinates": [
          121.297454,
          13.20072
        ]
      }
    },
    {
      "type": "Feature",
      "properties": {
        "id": 83,
        "name": "END OF LINED CANAL (0+793.2)",
        "type": "Other Structures",
        "Structure_Category": "Other Structures",
        "canal_name": "MC3 LATERAL B",
        "station": "STA 0+793.2",
        "station_m": 793.2,
        "offset_m": 4.99,
        "elevation": 16.62,
        "desc": "",
        "comment": "2023-03-24 11:35:19am",
        "elevation_m": 16.62,
        "photo_filename": "DSC00107.jpg",
        "photo_path": "DSC00107.jpg",
        "surveyor_comment": "2023-03-24 11:35:19am",
        "survey_date": "2023-3-24",
        "station_source": "Native (Survey / POW)",
        "native_station": " (0+793.2)"
      },
      "geometry": {
        "type": "Point",
        "coordinates": [
          121.312305,
          13.189688
        ]
      }
    },
    {
      "type": "Feature",
      "properties": {
        "id": 47,
        "name": "LATERAL A TO 2 (0+346.7)",
        "type": "Turnout",
        "Structure_Category": "Turnout (TO)",
        "canal_name": "MC3 LATERAL A",
        "station": "STA 0+346.7",
        "station_m": 346.7,
        "offset_m": 8.13,
        "elevation": 26.5,
        "desc": "",
        "comment": "2023-03-23 1:26:23pm",
        "elevation_m": 26.5,
        "photo_filename": "DSC00071.jpg",
        "photo_path": "DSC00071.jpg",
        "surveyor_comment": "2023-03-23 1:26:23pm",
        "survey_date": "2023-3-23",
        "station_source": "Native (Survey / POW)",
        "native_station": " (0+346.7)"
      },
      "geometry": {
        "type": "Point",
        "coordinates": [
          121.302323,
          13.182621
        ]
      }
    },
    {
      "type": "Feature",
      "properties": {
        "id": 85,
        "name": "LATERAL A BULLCART 1 (0+027)",
        "type": "Thresher Crossing",
        "Structure_Category": "Thresher Crossing",
        "canal_name": "MC2 LATERAL A",
        "station": "STA 0+027.0",
        "station_m": 27,
        "offset_m": 1.23,
        "elevation": 11.82,
        "desc": "",
        "comment": "2023-03-25 9:56:15am",
        "elevation_m": 11.82,
        "photo_filename": "DSC00109.jpg",
        "photo_path": "DSC00109.jpg",
        "surveyor_comment": "2023-03-25 9:56:15am",
        "survey_date": "2023-3-25",
        "station_source": "Native (Survey / POW)",
        "native_station": " (0+027)"
      },
      "geometry": {
        "type": "Point",
        "coordinates": [
          121.297404,
          13.198709
        ]
      }
    },
    {
      "type": "Feature",
      "properties": {
        "id": 87,
        "name": "LATERAL A BULLCART 3 (0+105)",
        "type": "Thresher Crossing",
        "Structure_Category": "Thresher Crossing",
        "canal_name": "MC2 LATERAL A",
        "station": "STA 0+105.0",
        "station_m": 105,
        "offset_m": 3.07,
        "elevation": 11.89,
        "desc": "",
        "comment": "2023-03-25 9:59:36am",
        "elevation_m": 11.89,
        "photo_filename": "DSC00111.jpg",
        "photo_path": "DSC00111.jpg",
        "surveyor_comment": "2023-03-25 9:59:36am",
        "survey_date": "2023-3-25",
        "station_source": "Native (Survey / POW)",
        "native_station": " (0+105)"
      },
      "geometry": {
        "type": "Point",
        "coordinates": [
          121.297352,
          13.19944
        ]
      }
    },
    {
      "type": "Feature",
      "properties": {
        "id": 90,
        "name": "LATERAL A TO 2 (0+314)",
        "type": "Turnout",
        "Structure_Category": "Turnout (TO)",
        "canal_name": "MC2 LATERAL A",
        "station": "STA 0+314.0",
        "station_m": 314,
        "offset_m": 1.15,
        "elevation": 10.71,
        "desc": "",
        "comment": "2023-03-25 10:07:00am",
        "elevation_m": 10.71,
        "photo_filename": "DSC00115.jpg",
        "photo_path": "DSC00115.jpg",
        "surveyor_comment": "2023-03-25 10:07:00am",
        "survey_date": "2023-3-25",
        "station_source": "Native (Survey / POW)",
        "native_station": " (0+314)"
      },
      "geometry": {
        "type": "Point",
        "coordinates": [
          121.298085,
          13.20073
        ]
      }
    },
    {
      "type": "Feature",
      "properties": {
        "id": 89,
        "name": "LATERAL A BULLCART 4 (0+289)",
        "type": "Thresher Crossing",
        "Structure_Category": "Thresher Crossing",
        "canal_name": "MC2 LATERAL A",
        "station": "STA 0+289.0",
        "station_m": 289,
        "offset_m": 1.56,
        "elevation": 12.8,
        "desc": "",
        "comment": "2023-03-25 10:05:32am",
        "elevation_m": 12.8,
        "photo_filename": "DSC00114.jpg",
        "photo_path": "DSC00114.jpg",
        "surveyor_comment": "2023-03-25 10:05:32am",
        "survey_date": "2023-3-25",
        "station_source": "Native (Survey / POW)",
        "native_station": " (0+289)"
      },
      "geometry": {
        "type": "Point",
        "coordinates": [
          121.297855,
          13.200718
        ]
      }
    },
    {
      "type": "Feature",
      "properties": {
        "id": 93,
        "name": "LATERAL A TO 3 (0+418)",
        "type": "Turnout",
        "Structure_Category": "Turnout (TO)",
        "canal_name": "MC2 LATERAL A",
        "station": "STA 0+418.0",
        "station_m": 418,
        "offset_m": 2.68,
        "elevation": 13,
        "desc": "",
        "comment": "2023-03-25 10:12:09am",
        "elevation_m": 13,
        "photo_filename": "DSC00118.jpg",
        "photo_path": "DSC00118.jpg",
        "surveyor_comment": "2023-03-25 10:12:09am",
        "survey_date": "2023-3-25",
        "station_source": "Native (Survey / POW)",
        "native_station": " (0+418)"
      },
      "geometry": {
        "type": "Point",
        "coordinates": [
          121.299046,
          13.200757
        ]
      }
    },
    {
      "type": "Feature",
      "properties": {
        "id": 91,
        "name": "LATERAL A BULLCART 5 (0+373.6)",
        "type": "Thresher Crossing",
        "Structure_Category": "Thresher Crossing",
        "canal_name": "MC2 LATERAL A",
        "station": "STA 0+373.6",
        "station_m": 373.6,
        "offset_m": 1.71,
        "elevation": 12.39,
        "desc": "",
        "comment": "2023-03-25 10:08:52am",
        "elevation_m": 12.39,
        "photo_filename": "DSC00116.jpg",
        "photo_path": "DSC00116.jpg",
        "surveyor_comment": "2023-03-25 10:08:52am",
        "survey_date": "2023-3-25",
        "station_source": "Native (Survey / POW)",
        "native_station": " (0+373.6)"
      },
      "geometry": {
        "type": "Point",
        "coordinates": [
          121.298635,
          13.200746
        ]
      }
    },
    {
      "type": "Feature",
      "properties": {
        "id": 92,
        "name": "LATERAL A BULLCART 6 (0+412.9)",
        "type": "Thresher Crossing",
        "Structure_Category": "Thresher Crossing",
        "canal_name": "MC2 LATERAL A",
        "station": "STA 0+412.9",
        "station_m": 412.9,
        "offset_m": 2.1,
        "elevation": 11.55,
        "desc": "",
        "comment": "2023-03-25 10:10:52am",
        "elevation_m": 11.55,
        "photo_filename": "DSC00117.jpg",
        "photo_path": "DSC00117.jpg",
        "surveyor_comment": "2023-03-25 10:10:52am",
        "survey_date": "2023-3-25",
        "station_source": "Native (Survey / POW)",
        "native_station": " (0+412.9)"
      },
      "geometry": {
        "type": "Point",
        "coordinates": [
          121.299021,
          13.200761
        ]
      }
    },
    {
      "type": "Feature",
      "properties": {
        "id": 97,
        "name": "LATERAL A TO 4 (0+548.1)",
        "type": "Turnout",
        "Structure_Category": "Turnout (TO)",
        "canal_name": "MC2 LATERAL A",
        "station": "STA 0+548.1",
        "station_m": 548.1,
        "offset_m": 0.7,
        "elevation": 12.09,
        "desc": "",
        "comment": "2023-03-25 10:17:25am",
        "elevation_m": 12.09,
        "photo_filename": "DSC00122.jpg",
        "photo_path": "DSC00122.jpg",
        "surveyor_comment": "2023-03-25 10:17:25am",
        "survey_date": "2023-3-25",
        "station_source": "Native (Survey / POW)",
        "native_station": " (0+548.1)"
      },
      "geometry": {
        "type": "Point",
        "coordinates": [
          121.300255,
          13.200759
        ]
      }
    },
    {
      "type": "Feature",
      "properties": {
        "id": 95,
        "name": "LATERAL A BULLCART 9 (0+493.7)",
        "type": "Thresher Crossing",
        "Structure_Category": "Thresher Crossing",
        "canal_name": "MC2 LATERAL A",
        "station": "STA 0+493.7",
        "station_m": 493.7,
        "offset_m": 1.05,
        "elevation": 12.3,
        "desc": "",
        "comment": "2023-03-25 10:15:05am",
        "elevation_m": 12.3,
        "photo_filename": "DSC00120.jpg",
        "photo_path": "DSC00120.jpg",
        "surveyor_comment": "2023-03-25 10:15:05am",
        "survey_date": "2023-3-25",
        "station_source": "Native (Survey / POW)",
        "native_station": " (0+493.7)"
      },
      "geometry": {
        "type": "Point",
        "coordinates": [
          121.299756,
          13.200767
        ]
      }
    },
    {
      "type": "Feature",
      "properties": {
        "id": 96,
        "name": "LATERAL A BULLCART 10 (0+526.7)",
        "type": "Thresher Crossing",
        "Structure_Category": "Thresher Crossing",
        "canal_name": "MC2 LATERAL A",
        "station": "STA 0+526.7",
        "station_m": 526.7,
        "offset_m": 0.78,
        "elevation": 12.14,
        "desc": "",
        "comment": "2023-03-25 10:16:19am",
        "elevation_m": 12.14,
        "photo_filename": "DSC00121.jpg",
        "photo_path": "DSC00121.jpg",
        "surveyor_comment": "2023-03-25 10:16:19am",
        "survey_date": "2023-3-25",
        "station_source": "Native (Survey / POW)",
        "native_station": " (0+526.7)"
      },
      "geometry": {
        "type": "Point",
        "coordinates": [
          121.300042,
          13.20077
        ]
      }
    },
    {
      "type": "Feature",
      "properties": {
        "id": 103,
        "name": "LATERAL A TO 5 (0+713)",
        "type": "Turnout",
        "Structure_Category": "Turnout (TO)",
        "canal_name": "MC2 LATERAL A",
        "station": "STA 0+713.0",
        "station_m": 713,
        "offset_m": 6.82,
        "elevation": 13.19,
        "desc": "",
        "comment": "2023-03-25 10:25:28am",
        "elevation_m": 13.19,
        "photo_filename": "DSC00128.jpg",
        "photo_path": "DSC00128.jpg",
        "surveyor_comment": "2023-03-25 10:25:28am",
        "survey_date": "2023-3-25",
        "station_source": "Native (Survey / POW)",
        "native_station": " (0+713)"
      },
      "geometry": {
        "type": "Point",
        "coordinates": [
          121.301776,
          13.200667
        ]
      }
    },
    {
      "type": "Feature",
      "properties": {
        "id": 98,
        "name": "LATERAL A BULLCART 11 (0+562.8)",
        "type": "Thresher Crossing",
        "Structure_Category": "Thresher Crossing",
        "canal_name": "MC2 LATERAL A",
        "station": "STA 0+562.8",
        "station_m": 562.8,
        "offset_m": 1.24,
        "elevation": 11.29,
        "desc": "",
        "comment": "2023-03-25 10:18:29am",
        "elevation_m": 11.29,
        "photo_filename": "DSC00123.jpg",
        "photo_path": "DSC00123.jpg",
        "surveyor_comment": "2023-03-25 10:18:29am",
        "survey_date": "2023-3-25",
        "station_source": "Native (Survey / POW)",
        "native_station": " (0+562.8)"
      },
      "geometry": {
        "type": "Point",
        "coordinates": [
          121.300377,
          13.200758
        ]
      }
    },
    {
      "type": "Feature",
      "properties": {
        "id": 99,
        "name": "LATERAL A BULLCART 12 (0+594.9)",
        "type": "Thresher Crossing",
        "Structure_Category": "Thresher Crossing",
        "canal_name": "MC2 LATERAL A",
        "station": "STA 0+594.9",
        "station_m": 594.9,
        "offset_m": 0.44,
        "elevation": 12.95,
        "desc": "",
        "comment": "2023-03-25 10:20:04am",
        "elevation_m": 12.95,
        "photo_filename": "DSC00124.jpg",
        "photo_path": "DSC00124.jpg",
        "surveyor_comment": "2023-03-25 10:20:04am",
        "survey_date": "2023-3-25",
        "station_source": "Native (Survey / POW)",
        "native_station": " (0+594.9)"
      },
      "geometry": {
        "type": "Point",
        "coordinates": [
          121.300681,
          13.200736
        ]
      }
    },
    {
      "type": "Feature",
      "properties": {
        "id": 100,
        "name": "LATERAL A BULLCART 13 (0+629.2)",
        "type": "Thresher Crossing",
        "Structure_Category": "Thresher Crossing",
        "canal_name": "MC2 LATERAL A",
        "station": "STA 0+629.2",
        "station_m": 629.2,
        "offset_m": 0.33,
        "elevation": 12.45,
        "desc": "",
        "comment": "2023-03-25 10:21:18am",
        "elevation_m": 12.45,
        "photo_filename": "DSC00125.jpg",
        "photo_path": "DSC00125.jpg",
        "surveyor_comment": "2023-03-25 10:21:18am",
        "survey_date": "2023-3-25",
        "station_source": "Native (Survey / POW)",
        "native_station": " (0+629.2)"
      },
      "geometry": {
        "type": "Point",
        "coordinates": [
          121.300991,
          13.20072
        ]
      }
    },
    {
      "type": "Feature",
      "properties": {
        "id": 102,
        "name": "LATERAL A BULLCART 15 (0+698.8)",
        "type": "Thresher Crossing",
        "Structure_Category": "Thresher Crossing",
        "canal_name": "MC2 LATERAL A",
        "station": "STA 0+698.8",
        "station_m": 698.8,
        "offset_m": 2.81,
        "elevation": 12.44,
        "desc": "",
        "comment": "2023-03-25 10:24:24am",
        "elevation_m": 12.44,
        "photo_filename": "DSC00127.jpg",
        "photo_path": "DSC00127.jpg",
        "surveyor_comment": "2023-03-25 10:24:24am",
        "survey_date": "2023-3-25",
        "station_source": "Native (Survey / POW)",
        "native_station": " (0+698.8)"
      },
      "geometry": {
        "type": "Point",
        "coordinates": [
          121.301639,
          13.200687
        ]
      }
    },
    {
      "type": "Feature",
      "properties": {
        "id": 105,
        "name": "LATERAL A TO 6  (0+800.8)",
        "type": "Turnout",
        "Structure_Category": "Turnout (TO)",
        "canal_name": "MC2 LATERAL A",
        "station": "STA 0+800.8",
        "station_m": 800.8,
        "offset_m": 4.1,
        "elevation": 13.5,
        "desc": "",
        "comment": "2023-03-25 10:28:48am",
        "elevation_m": 13.5,
        "photo_filename": "DSC00130.jpg",
        "photo_path": "DSC00130.jpg",
        "surveyor_comment": "2023-03-25 10:28:48am",
        "survey_date": "2023-3-25",
        "station_source": "Native (Survey / POW)",
        "native_station": "  (0+800.8)"
      },
      "geometry": {
        "type": "Point",
        "coordinates": [
          121.302406,
          13.200881
        ]
      }
    },
    {
      "type": "Feature",
      "properties": {
        "id": 104,
        "name": "LATERAL A BULLCART 16 (0+765.8)",
        "type": "Thresher Crossing",
        "Structure_Category": "Thresher Crossing",
        "canal_name": "MC2 LATERAL A",
        "station": "STA 0+765.8",
        "station_m": 765.8,
        "offset_m": 3.84,
        "elevation": 13.01,
        "desc": "",
        "comment": "2023-03-25 10:27:17am",
        "elevation_m": 13.01,
        "photo_filename": "DSC00129.jpg",
        "photo_path": "DSC00129.jpg",
        "surveyor_comment": "2023-03-25 10:27:17am",
        "survey_date": "2023-3-25",
        "station_source": "Native (Survey / POW)",
        "native_station": " (0+765.8)"
      },
      "geometry": {
        "type": "Point",
        "coordinates": [
          121.30209,
          13.20086
        ]
      }
    },
    {
      "type": "Feature",
      "properties": {
        "id": 35,
        "name": "MC3 TO 5 (2+252.7)",
        "type": "Turnout",
        "Structure_Category": "Turnout (TO)",
        "canal_name": "MAIN CANAL 3 (SAN NARCISO)",
        "station": "STA 2+252.7",
        "station_m": 2252.7,
        "offset_m": 2.23,
        "elevation": 20.07,
        "desc": "",
        "comment": "2023-03-23 11:22:32am",
        "elevation_m": 20.07,
        "photo_filename": "DSC00058.jpg",
        "photo_path": "DSC00058.jpg",
        "surveyor_comment": "2023-03-23 11:22:32am",
        "survey_date": "2023-3-23",
        "station_source": "Native (Survey / POW)",
        "native_station": " (2+252.7)"
      },
      "geometry": {
        "type": "Point",
        "coordinates": [
          121.29945,
          13.186773
        ]
      }
    },
    {
      "type": "Feature",
      "properties": {
        "id": 84,
        "name": "LATERAL A ROAD CROSSING",
        "type": "Road Crossing",
        "Structure_Category": "Road Crossing",
        "canal_name": "MC2 LATERAL A",
        "station": "STA 0+006.6",
        "station_m": 6.64,
        "offset_m": 0.67,
        "elevation": 11.97,
        "desc": "",
        "comment": "2023-03-25 9:53:55am",
        "elevation_m": 11.97,
        "photo_filename": "DSC00108.jpg",
        "photo_path": "DSC00108.jpg",
        "surveyor_comment": "2023-03-25 9:53:55am",
        "survey_date": "2023-3-25",
        "station_source": "Geometric Projection",
        "native_station": null
      },
      "geometry": {
        "type": "Point",
        "coordinates": [
          121.297411,
          13.198457
        ]
      }
    },
    {
      "type": "Feature",
      "properties": {
        "id": 262,
        "name": "BAGONG BUHAY MAIN CANAL BULLCART 6 (1+212.5)",
        "type": "Thresher Crossing",
        "Structure_Category": "Thresher Crossing",
        "canal_name": "BAGONG BUHAY MAIN CANAL 1",
        "station": "STA 1+212.5",
        "station_m": 1212.5,
        "offset_m": 2.26,
        "elevation": 42.37,
        "desc": "",
        "comment": "2023-03-28 11:03:42am",
        "elevation_m": 42.37,
        "photo_filename": "DSC00253.jpg",
        "photo_path": "DSC00253.jpg",
        "surveyor_comment": "2023-03-28 11:03:42am",
        "survey_date": "2023-3-28",
        "station_source": "Native (Survey / POW)",
        "native_station": " (1+212.5)"
      },
      "geometry": {
        "type": "Point",
        "coordinates": [
          121.205163,
          13.197198
        ]
      }
    },
    {
      "type": "Feature",
      "properties": {
        "id": 254,
        "name": "BAGONG BUHAY MAIN CANAL BULLCART  2 (0+407.6)",
        "type": "Thresher Crossing",
        "Structure_Category": "Thresher Crossing",
        "canal_name": "BAGONG BUHAY MAIN CANAL 1",
        "station": "STA 0+407.6",
        "station_m": 407.6,
        "offset_m": 2.87,
        "elevation": 44.24,
        "desc": "",
        "comment": "2023-03-28 10:40:12am",
        "elevation_m": 44.24,
        "photo_filename": "DSC00245.jpg",
        "photo_path": "DSC00245.jpg",
        "surveyor_comment": "2023-03-28 10:40:12am",
        "survey_date": "2023-3-28",
        "station_source": "Native (Survey / POW)",
        "native_station": " (0+407.6)"
      },
      "geometry": {
        "type": "Point",
        "coordinates": [
          121.202643,
          13.192796
        ]
      }
    },
    {
      "type": "Feature",
      "properties": {
        "id": 258,
        "name": "BAGONG BUHAY MAIN CANAL TURN IN 4 (0+970)",
        "type": "Other Structures",
        "Structure_Category": "Other Structures",
        "canal_name": "BAGONG BUHAY MAIN CANAL 1",
        "station": "STA 0+970.0",
        "station_m": 970,
        "offset_m": 0.12,
        "elevation": 43.02,
        "desc": "",
        "comment": "2023-03-28 10:55:37am",
        "elevation_m": 43.02,
        "photo_filename": "DSC00249.jpg",
        "photo_path": "DSC00249.jpg",
        "surveyor_comment": "2023-03-28 10:55:37am",
        "survey_date": "2023-3-28",
        "station_source": "Native (Survey / POW)",
        "native_station": " (0+970)"
      },
      "geometry": {
        "type": "Point",
        "coordinates": [
          121.20296,
          13.19733
        ]
      }
    },
    {
      "type": "Feature",
      "properties": {
        "id": 266,
        "name": "BAGONG BUHAY MAIN CANAL BULLCART 7 (1+437.6)",
        "type": "Thresher Crossing",
        "Structure_Category": "Thresher Crossing",
        "canal_name": "BAGONG BUHAY MAIN CANAL 1",
        "station": "STA 1+437.6",
        "station_m": 1437.6,
        "offset_m": 6.92,
        "elevation": 41.69,
        "desc": "",
        "comment": "2023-03-28 11:10:59am",
        "elevation_m": 41.69,
        "photo_filename": "DSC00257.jpg",
        "photo_path": "DSC00257.jpg",
        "surveyor_comment": "2023-03-28 11:10:59am",
        "survey_date": "2023-3-28",
        "station_source": "Native (Survey / POW)",
        "native_station": " (1+437.6)"
      },
      "geometry": {
        "type": "Point",
        "coordinates": [
          121.207217,
          13.197223
        ]
      }
    },
    {
      "type": "Feature",
      "properties": {
        "id": 46,
        "name": "LATERAL A BULLCART 2 (0+301,4)",
        "type": "Thresher Crossing",
        "Structure_Category": "Thresher Crossing",
        "canal_name": "MC3 LATERAL A",
        "station": "STA 0+301.0",
        "station_m": 301,
        "offset_m": 4.23,
        "elevation": 27.08,
        "desc": "",
        "comment": "2023-03-23 1:21:27pm",
        "elevation_m": 27.08,
        "photo_filename": "DSC00069.jpg",
        "photo_path": "DSC00069.jpg",
        "surveyor_comment": "2023-03-23 1:21:27pm",
        "survey_date": "2023-3-23",
        "station_source": "Native (Survey / POW)",
        "native_station": " (0+301"
      },
      "geometry": {
        "type": "Point",
        "coordinates": [
          121.301893,
          13.182657
        ]
      }
    },
    {
      "type": "Feature",
      "properties": {
        "id": 60,
        "name": "LATERAL B START CUT AND COVER (0+001.6)",
        "type": "Cut and Cover",
        "Structure_Category": "Other Structures",
        "canal_name": "MC3 LATERAL B",
        "station": "STA 0+001.6",
        "station_m": 1.6,
        "offset_m": 5.84,
        "elevation": 20.04,
        "desc": "",
        "comment": "2023-03-23 2:31:42pm",
        "elevation_m": 20.04,
        "photo_filename": "DSC00084.jpg",
        "photo_path": "DSC00084.jpg",
        "surveyor_comment": "2023-03-23 2:31:42pm",
        "survey_date": "2023-3-23",
        "station_source": "Native (Survey / POW)",
        "native_station": " (0+001.6)"
      },
      "geometry": {
        "type": "Point",
        "coordinates": [
          121.305048,
          13.190047
        ]
      }
    },
    {
      "type": "Feature",
      "properties": {
        "id": 4,
        "name": "MC3 TO 1 & 2 (0+80.2)",
        "type": "Turnout",
        "Structure_Category": "Turnout (TO)",
        "canal_name": "MAIN CANAL 3 (SAN NARCISO)",
        "station": "STA 0+080.2",
        "station_m": 80.2,
        "offset_m": 2.27,
        "elevation": 26.2,
        "desc": "",
        "comment": "2023-03-22 12:38:56pm",
        "elevation_m": 26.2,
        "photo_filename": "DSC00018.jpg",
        "photo_path": "../DCIM/DSC00018.jpg",
        "surveyor_comment": "2023-03-22 12:38:56pm",
        "survey_date": "2023-3-22",
        "station_source": "Native (Survey / POW)",
        "native_station": " (0+80.2)"
      },
      "geometry": {
        "type": "Point",
        "coordinates": [
          121.283506,
          13.183252
        ]
      }
    },
    {
      "type": "Feature",
      "properties": {
        "id": 34,
        "name": "MC3 BULLCART 2 (2+237)",
        "type": "Thresher Crossing",
        "Structure_Category": "Thresher Crossing",
        "canal_name": "MAIN CANAL 3 (SAN NARCISO)",
        "station": "STA 2+237.0",
        "station_m": 2237,
        "offset_m": 1.31,
        "elevation": 18.36,
        "desc": "",
        "comment": "2023-03-23 11:19:10am",
        "elevation_m": 18.36,
        "photo_filename": "DSC00057.jpg",
        "photo_path": "DSC00057.jpg",
        "surveyor_comment": "2023-03-23 11:19:10am",
        "survey_date": "2023-3-23",
        "station_source": "Native (Survey / POW)",
        "native_station": " (2+237)"
      },
      "geometry": {
        "type": "Point",
        "coordinates": [
          121.299452,
          13.186627
        ]
      }
    },
    {
      "type": "Feature",
      "properties": {
        "id": 48,
        "name": "LATERAL A BULLCART 3 (0+450.2)",
        "type": "Thresher Crossing",
        "Structure_Category": "Thresher Crossing",
        "canal_name": "MC3 LATERAL A",
        "station": "STA 0+450.2",
        "station_m": 450.2,
        "offset_m": 5.04,
        "elevation": 25.66,
        "desc": "",
        "comment": "2023-03-23 1:31:34pm",
        "elevation_m": 25.66,
        "photo_filename": "DSC00072.jpg",
        "photo_path": "DSC00072.jpg",
        "surveyor_comment": "2023-03-23 1:31:34pm",
        "survey_date": "2023-3-23",
        "station_source": "Native (Survey / POW)",
        "native_station": " (0+450.2)"
      },
      "geometry": {
        "type": "Point",
        "coordinates": [
          121.303254,
          13.182691
        ]
      }
    },
    {
      "type": "Feature",
      "properties": {
        "id": 13,
        "name": "MC3 INLET (0+441)",
        "type": "Inlet",
        "Structure_Category": "Inlet",
        "canal_name": "MAIN CANAL 3 (SAN NARCISO)",
        "station": "STA 0+441.0",
        "station_m": 441,
        "offset_m": 3.7,
        "elevation": 24.26,
        "desc": "",
        "comment": "2023-03-22 1:25:24pm",
        "elevation_m": 24.26,
        "photo_filename": "DSC00030.jpg",
        "photo_path": "../DCIM/DSC00030.jpg",
        "surveyor_comment": "2023-03-22 1:25:24pm",
        "survey_date": "2023-3-22",
        "station_source": "Native (Survey / POW)",
        "native_station": " (0+441)"
      },
      "geometry": {
        "type": "Point",
        "coordinates": [
          121.286668,
          13.182329
        ]
      }
    },
    {
      "type": "Feature",
      "properties": {
        "id": 12,
        "name": "MC3 TO 3 (0+421.6)",
        "type": "Turnout",
        "Structure_Category": "Turnout (TO)",
        "canal_name": "MAIN CANAL 3 (SAN NARCISO)",
        "station": "STA 0+421.6",
        "station_m": 421.6,
        "offset_m": 2.94,
        "elevation": 24.97,
        "desc": "",
        "comment": "2023-03-22 1:20:47pm",
        "elevation_m": 24.97,
        "photo_filename": "DSC00029.jpg",
        "photo_path": "../DCIM/DSC00029.jpg",
        "surveyor_comment": "2023-03-22 1:20:47pm",
        "survey_date": "2023-3-22",
        "station_source": "Native (Survey / POW)",
        "native_station": " (0+421.6)"
      },
      "geometry": {
        "type": "Point",
        "coordinates": [
          121.286493,
          13.182384
        ]
      }
    },
    {
      "type": "Feature",
      "properties": {
        "id": 28,
        "name": "MC3 TO 4 (1+734)",
        "type": "Turnout",
        "Structure_Category": "Turnout (TO)",
        "canal_name": "MAIN CANAL 3 (SAN NARCISO)",
        "station": "STA 1+734.0",
        "station_m": 1734,
        "offset_m": 4.18,
        "elevation": 20.88,
        "desc": "",
        "comment": "2023-03-23 10:46:00am",
        "elevation_m": 20.88,
        "photo_filename": "DSC00051.jpg",
        "photo_path": "DSC00051.jpg",
        "surveyor_comment": "2023-03-23 10:46:00am",
        "survey_date": "2023-3-23",
        "station_source": "Native (Survey / POW)",
        "native_station": " (1+734)"
      },
      "geometry": {
        "type": "Point",
        "coordinates": [
          121.297824,
          13.183912
        ]
      }
    },
    {
      "type": "Feature",
      "properties": {
        "id": 58,
        "name": "LATERAL A TO 3 (1+067.3)",
        "type": "Turnout",
        "Structure_Category": "Turnout (TO)",
        "canal_name": "MC3 LATERAL A",
        "station": "STA 1+067.3",
        "station_m": 1067.3,
        "offset_m": 1.76,
        "elevation": 23.58,
        "desc": "",
        "comment": "2023-03-23 2:07:20pm",
        "elevation_m": 23.58,
        "photo_filename": "DSC00082.jpg",
        "photo_path": "DSC00082.jpg",
        "surveyor_comment": "2023-03-23 2:07:20pm",
        "survey_date": "2023-3-23",
        "station_source": "Native (Survey / POW)",
        "native_station": " (1+067.3)"
      },
      "geometry": {
        "type": "Point",
        "coordinates": [
          121.308915,
          13.182839
        ]
      }
    },
    {
      "type": "Feature",
      "properties": {
        "id": 38,
        "name": "MC3 BULLCART 4 (2+622.4)",
        "type": "Thresher Crossing",
        "Structure_Category": "Thresher Crossing",
        "canal_name": "MAIN CANAL 3 (SAN NARCISO)",
        "station": "STA 2+622.4",
        "station_m": 2622.4,
        "offset_m": 4.71,
        "elevation": 17.88,
        "desc": "",
        "comment": "2023-03-23 11:37:23am",
        "elevation_m": 17.88,
        "photo_filename": "DSC00061.jpg",
        "photo_path": "DSC00061.jpg",
        "surveyor_comment": "2023-03-23 11:37:23am",
        "survey_date": "2023-3-23",
        "station_source": "Native (Survey / POW)",
        "native_station": " (2+622.4)"
      },
      "geometry": {
        "type": "Point",
        "coordinates": [
          121.302172,
          13.188327
        ]
      }
    },
    {
      "type": "Feature",
      "properties": {
        "id": 50,
        "name": "LATERAL A BULLCART 5 (0+586.6)",
        "type": "Thresher Crossing",
        "Structure_Category": "Thresher Crossing",
        "canal_name": "MC3 LATERAL A",
        "station": "STA 0+586.6",
        "station_m": 586.6,
        "offset_m": 3.22,
        "elevation": 24.21,
        "desc": "",
        "comment": "2023-03-23 1:40:09pm",
        "elevation_m": 24.21,
        "photo_filename": "DSC00074.jpg",
        "photo_path": "DSC00074.jpg",
        "surveyor_comment": "2023-03-23 1:40:09pm",
        "survey_date": "2023-3-23",
        "station_source": "Native (Survey / POW)",
        "native_station": " (0+586.6)"
      },
      "geometry": {
        "type": "Point",
        "coordinates": [
          121.304535,
          13.18275
        ]
      }
    },
    {
      "type": "Feature",
      "properties": {
        "id": 62,
        "name": "LATERAL B TO 1 (0+086.6)",
        "type": "Turnout",
        "Structure_Category": "Turnout (TO)",
        "canal_name": "MC3 LATERAL B",
        "station": "STA 0+086.6",
        "station_m": 86.6,
        "offset_m": 4.34,
        "elevation": 19.77,
        "desc": "",
        "comment": "2023-03-23 2:39:05pm",
        "elevation_m": 19.77,
        "photo_filename": "DSC00086.jpg",
        "photo_path": "DSC00086.jpg",
        "surveyor_comment": "2023-03-23 2:39:05pm",
        "survey_date": "2023-3-23",
        "station_source": "Native (Survey / POW)",
        "native_station": " (0+086.6)"
      },
      "geometry": {
        "type": "Point",
        "coordinates": [
          121.305792,
          13.18986
        ]
      }
    },
    {
      "type": "Feature",
      "properties": {
        "id": 64,
        "name": "LATERAL B BULLCART 2 (0+162)",
        "type": "Thresher Crossing",
        "Structure_Category": "Thresher Crossing",
        "canal_name": "MC3 LATERAL B",
        "station": "STA 0+162.0",
        "station_m": 162,
        "offset_m": 1.1,
        "elevation": 19.92,
        "desc": "",
        "comment": "2023-03-23 2:44:53pm",
        "elevation_m": 19.92,
        "photo_filename": "DSC00089.jpg",
        "photo_path": "DSC00089.jpg",
        "surveyor_comment": "2023-03-23 2:44:53pm",
        "survey_date": "2023-3-23",
        "station_source": "Native (Survey / POW)",
        "native_station": " (0+162)"
      },
      "geometry": {
        "type": "Point",
        "coordinates": [
          121.306468,
          13.189729
        ]
      }
    },
    {
      "type": "Feature",
      "properties": {
        "id": 76,
        "name": "LATERAL B BULLCART 10 (0+461)",
        "type": "Thresher Crossing",
        "Structure_Category": "Thresher Crossing",
        "canal_name": "MC3 LATERAL B",
        "station": "STA 0+461.0",
        "station_m": 461,
        "offset_m": 5.16,
        "elevation": 17.15,
        "desc": "",
        "comment": "2023-03-24 11:21:37am",
        "elevation_m": 17.15,
        "photo_filename": "DSC00100.jpg",
        "photo_path": "DSC00100.jpg",
        "surveyor_comment": "2023-03-24 11:21:37am",
        "survey_date": "2023-3-24",
        "station_source": "Native (Survey / POW)",
        "native_station": " (0+461)"
      },
      "geometry": {
        "type": "Point",
        "coordinates": [
          121.309211,
          13.189668
        ]
      }
    },
    {
      "type": "Feature",
      "properties": {
        "id": 15,
        "name": "MC3 ROAD CROSSING 2 (0+771)",
        "type": "Road Crossing",
        "Structure_Category": "Road Crossing",
        "canal_name": "MAIN CANAL 3 (SAN NARCISO)",
        "station": "STA 0+771.0",
        "station_m": 771,
        "offset_m": 5.91,
        "elevation": 23.76,
        "desc": "",
        "comment": "2023-03-22 1:37:50pm",
        "elevation_m": 23.76,
        "photo_filename": "DSC00033.jpg",
        "photo_path": "../DCIM/DSC00033.jpg",
        "surveyor_comment": "2023-03-22 1:37:50pm",
        "survey_date": "2023-3-22",
        "station_source": "Native (Survey / POW)",
        "native_station": " (0+771)"
      },
      "geometry": {
        "type": "Point",
        "coordinates": [
          121.289558,
          13.18153
        ]
      }
    },
    {
      "type": "Feature",
      "properties": {
        "id": 17,
        "name": "MC3 INLET 2 (0+900.9)",
        "type": "Inlet",
        "Structure_Category": "Inlet",
        "canal_name": "MAIN CANAL 3 (SAN NARCISO)",
        "station": "STA 0+900.9",
        "station_m": 900.9,
        "offset_m": 2.18,
        "elevation": 24,
        "desc": "",
        "comment": "2023-03-22 1:59:43pm",
        "elevation_m": 24,
        "photo_filename": "DSC00035.jpg",
        "photo_path": "../DCIM/DSC00035.jpg",
        "surveyor_comment": "2023-03-22 1:59:43pm",
        "survey_date": "2023-3-22",
        "station_source": "Native (Survey / POW)",
        "native_station": " (0+900.9)"
      },
      "geometry": {
        "type": "Point",
        "coordinates": [
          121.290675,
          13.181933
        ]
      }
    },
    {
      "type": "Feature",
      "properties": {
        "id": 52,
        "name": "LATERAL A BULLCART 7 (0+714)",
        "type": "Thresher Crossing",
        "Structure_Category": "Thresher Crossing",
        "canal_name": "MC3 LATERAL A",
        "station": "STA 0+714.0",
        "station_m": 714,
        "offset_m": 0.59,
        "elevation": 22.79,
        "desc": "",
        "comment": "2023-03-23 1:47:59pm",
        "elevation_m": 22.79,
        "photo_filename": "DSC00076.jpg",
        "photo_path": "DSC00076.jpg",
        "surveyor_comment": "2023-03-23 1:47:59pm",
        "survey_date": "2023-3-23",
        "station_source": "Native (Survey / POW)",
        "native_station": " (0+714)"
      },
      "geometry": {
        "type": "Point",
        "coordinates": [
          121.305671,
          13.18296
        ]
      }
    },
    {
      "type": "Feature",
      "properties": {
        "id": 24,
        "name": "MC3 BULLCART 1 (1+277.8)",
        "type": "Thresher Crossing",
        "Structure_Category": "Thresher Crossing",
        "canal_name": "MAIN CANAL 3 (SAN NARCISO)",
        "station": "STA 1+277.8",
        "station_m": 1277.8,
        "offset_m": 7.66,
        "elevation": 23.22,
        "desc": "",
        "comment": "2023-03-22 2:42:16pm",
        "elevation_m": 23.22,
        "photo_filename": "DSC00043.jpg",
        "photo_path": "../DCIM/DSC00043.jpg",
        "surveyor_comment": "2023-03-22 2:42:16pm",
        "survey_date": "2023-3-22",
        "station_source": "Native (Survey / POW)",
        "native_station": " (1+277.8)"
      },
      "geometry": {
        "type": "Point",
        "coordinates": [
          121.293734,
          13.183434
        ]
      }
    },
    {
      "type": "Feature",
      "properties": {
        "id": 30,
        "name": "HEADGATE LATERAL A (1+946.8)",
        "type": "Head Gate",
        "Structure_Category": "Head Gate",
        "canal_name": "MC3 LATERAL A",
        "station": "STA 1+946.8",
        "station_m": 1946.8,
        "offset_m": 5.51,
        "elevation": 20.02,
        "desc": "",
        "comment": "2023-03-23 10:57:44am",
        "elevation_m": 20.02,
        "photo_filename": "DSC00053.jpg",
        "photo_path": "DSC00053.jpg",
        "surveyor_comment": "2023-03-23 10:57:44am",
        "survey_date": "2023-3-23",
        "station_source": "Native (Survey / POW)",
        "native_station": " (1+946.8)"
      },
      "geometry": {
        "type": "Point",
        "coordinates": [
          121.29973,
          13.184284
        ]
      }
    },
    {
      "type": "Feature",
      "properties": {
        "id": 66,
        "name": "LATERAL B BULLCART 3 (0+200.5)",
        "type": "Thresher Crossing",
        "Structure_Category": "Thresher Crossing",
        "canal_name": "MC3 LATERAL B",
        "station": "STA 0+200.5",
        "station_m": 200.5,
        "offset_m": 1.78,
        "elevation": 19.02,
        "desc": "",
        "comment": "2023-03-23 2:51:14pm",
        "elevation_m": 19.02,
        "photo_filename": "DSC00091.jpg",
        "photo_path": "DSC00091.jpg",
        "surveyor_comment": "2023-03-23 2:51:14pm",
        "survey_date": "2023-3-23",
        "station_source": "Native (Survey / POW)",
        "native_station": " (0+200.5)"
      },
      "geometry": {
        "type": "Point",
        "coordinates": [
          121.306829,
          13.189647
        ]
      }
    },
    {
      "type": "Feature",
      "properties": {
        "id": 68,
        "name": "LATERAL B BULLCART 4 (0+290.1)",
        "type": "Thresher Crossing",
        "Structure_Category": "Thresher Crossing",
        "canal_name": "MC3 LATERAL B",
        "station": "STA 0+290.1",
        "station_m": 290.1,
        "offset_m": 1.58,
        "elevation": 17.49,
        "desc": "",
        "comment": "2023-03-23 2:55:57pm",
        "elevation_m": 17.49,
        "photo_filename": "DSC00093.jpg",
        "photo_path": "DSC00093.jpg",
        "surveyor_comment": "2023-03-23 2:55:57pm",
        "survey_date": "2023-3-23",
        "station_source": "Native (Survey / POW)",
        "native_station": " (0+290.1)"
      },
      "geometry": {
        "type": "Point",
        "coordinates": [
          121.307646,
          13.189612
        ]
      }
    },
    {
      "type": "Feature",
      "properties": {
        "id": 70,
        "name": "LATERAL B BULLCART 6 (0+369)",
        "type": "Thresher Crossing",
        "Structure_Category": "Thresher Crossing",
        "canal_name": "MC3 LATERAL B",
        "station": "STA 0+369.0",
        "station_m": 369,
        "offset_m": 3.18,
        "elevation": 21.31,
        "desc": "",
        "comment": "2023-03-23 3:01:59pm",
        "elevation_m": 21.31,
        "photo_filename": "DSC00095.jpg",
        "photo_path": "DSC00095.jpg",
        "surveyor_comment": "2023-03-23 3:01:59pm",
        "survey_date": "2023-3-23",
        "station_source": "Native (Survey / POW)",
        "native_station": " (0+369)"
      },
      "geometry": {
        "type": "Point",
        "coordinates": [
          121.308384,
          13.189603
        ]
      }
    },
    {
      "type": "Feature",
      "properties": {
        "id": 72,
        "name": "LATERAL B BULLCART 7 (0+393.5)",
        "type": "Thresher Crossing",
        "Structure_Category": "Thresher Crossing",
        "canal_name": "MC3 LATERAL B",
        "station": "STA 0+393.5",
        "station_m": 393.5,
        "offset_m": 3.22,
        "elevation": 17.22,
        "desc": "",
        "comment": "2023-03-24 11:16:44am",
        "elevation_m": 17.22,
        "photo_filename": "DSC00097.jpg",
        "photo_path": "DSC00097.jpg",
        "surveyor_comment": "2023-03-24 11:16:44am",
        "survey_date": "2023-3-24",
        "station_source": "Native (Survey / POW)",
        "native_station": " (0+393.5)"
      },
      "geometry": {
        "type": "Point",
        "coordinates": [
          121.308606,
          13.189658
        ]
      }
    },
    {
      "type": "Feature",
      "properties": {
        "id": 78,
        "name": "LATERAL B BULLCART 11 (0+504.4)",
        "type": "Thresher Crossing",
        "Structure_Category": "Thresher Crossing",
        "canal_name": "MC3 LATERAL B",
        "station": "STA 0+504.4",
        "station_m": 504.4,
        "offset_m": 5.33,
        "elevation": 16.64,
        "desc": "",
        "comment": "2023-03-24 11:24:46am",
        "elevation_m": 16.64,
        "photo_filename": "DSC00102.jpg",
        "photo_path": "DSC00102.jpg",
        "surveyor_comment": "2023-03-24 11:24:46am",
        "survey_date": "2023-3-24",
        "station_source": "Native (Survey / POW)",
        "native_station": " (0+504.4)"
      },
      "geometry": {
        "type": "Point",
        "coordinates": [
          121.309629,
          13.189671
        ]
      }
    },
    {
      "type": "Feature",
      "properties": {
        "id": 80,
        "name": "LATERAL B BULLCART 12 (0+564.6)",
        "type": "Thresher Crossing",
        "Structure_Category": "Thresher Crossing",
        "canal_name": "MC3 LATERAL B",
        "station": "STA 0+564.6",
        "station_m": 564.6,
        "offset_m": 0.06,
        "elevation": 16.97,
        "desc": "",
        "comment": "2023-03-24 11:28:12am",
        "elevation_m": 16.97,
        "photo_filename": "DSC00104.jpg",
        "photo_path": "DSC00104.jpg",
        "surveyor_comment": "2023-03-24 11:28:12am",
        "survey_date": "2023-3-24",
        "station_source": "Native (Survey / POW)",
        "native_station": " (0+564.6)"
      },
      "geometry": {
        "type": "Point",
        "coordinates": [
          121.310173,
          13.189646
        ]
      }
    },
    {
      "type": "Feature",
      "properties": {
        "id": 82,
        "name": "LATERAL B BULLCART 13 (0+684)",
        "type": "Thresher Crossing",
        "Structure_Category": "Thresher Crossing",
        "canal_name": "MC3 LATERAL B",
        "station": "STA 0+684.0",
        "station_m": 684,
        "offset_m": 0.16,
        "elevation": 17.19,
        "desc": "",
        "comment": "2023-03-24 11:32:29am",
        "elevation_m": 17.19,
        "photo_filename": "DSC00106.jpg",
        "photo_path": "DSC00106.jpg",
        "surveyor_comment": "2023-03-24 11:32:29am",
        "survey_date": "2023-3-24",
        "station_source": "Native (Survey / POW)",
        "native_station": " (0+684)"
      },
      "geometry": {
        "type": "Point",
        "coordinates": [
          121.311304,
          13.189695
        ]
      }
    },
    {
      "type": "Feature",
      "properties": {
        "id": 44,
        "name": "LATERAL A BULLCART 1 (0+112.2)",
        "type": "Thresher Crossing",
        "Structure_Category": "Thresher Crossing",
        "canal_name": "MC3 LATERAL A",
        "station": "STA 0+112.2",
        "station_m": 112.2,
        "offset_m": 5.57,
        "elevation": 27.57,
        "desc": "",
        "comment": "2023-03-23 1:14:05pm",
        "elevation_m": 27.57,
        "photo_filename": "DSC00067.jpg",
        "photo_path": "DSC00067.jpg",
        "surveyor_comment": "2023-03-23 1:14:05pm",
        "survey_date": "2023-3-23",
        "station_source": "Native (Survey / POW)",
        "native_station": " (0+112.2)"
      },
      "geometry": {
        "type": "Point",
        "coordinates": [
          121.300488,
          13.183581
        ]
      }
    },
    {
      "type": "Feature",
      "properties": {
        "id": 54,
        "name": "LATERAL A BULLCART 9 (0+922.3)",
        "type": "Thresher Crossing",
        "Structure_Category": "Thresher Crossing",
        "canal_name": "MC3 LATERAL A",
        "station": "STA 0+922.3",
        "station_m": 922.3,
        "offset_m": 2.62,
        "elevation": 22.51,
        "desc": "",
        "comment": "2023-03-23 1:55:28pm",
        "elevation_m": 22.51,
        "photo_filename": "DSC00078.jpg",
        "photo_path": "DSC00078.jpg",
        "surveyor_comment": "2023-03-23 1:55:28pm",
        "survey_date": "2023-3-23",
        "station_source": "Native (Survey / POW)",
        "native_station": " (0+922.3)"
      },
      "geometry": {
        "type": "Point",
        "coordinates": [
          121.30757,
          13.182872
        ]
      }
    },
    {
      "type": "Feature",
      "properties": {
        "id": 56,
        "name": "LATERAL A BULLCART 11 (1+023.3)",
        "type": "Thresher Crossing",
        "Structure_Category": "Thresher Crossing",
        "canal_name": "MC3 LATERAL A",
        "station": "STA 1+023.3",
        "station_m": 1023.3,
        "offset_m": 2.81,
        "elevation": 21.68,
        "desc": "",
        "comment": "2023-03-23 2:01:44pm",
        "elevation_m": 21.68,
        "photo_filename": "DSC00080.jpg",
        "photo_path": "DSC00080.jpg",
        "surveyor_comment": "2023-03-23 2:01:44pm",
        "survey_date": "2023-3-23",
        "station_source": "Native (Survey / POW)",
        "native_station": " (1+023.3)"
      },
      "geometry": {
        "type": "Point",
        "coordinates": [
          121.308488,
          13.182859
        ]
      }
    },
    {
      "type": "Feature",
      "properties": {
        "id": 32,
        "name": "MC3 ROAD CROSSING 3 (1+976.4)",
        "type": "Road Crossing",
        "Structure_Category": "Road Crossing",
        "canal_name": "MAIN CANAL 3 (SAN NARCISO)",
        "station": "STA 1+976.4",
        "station_m": 1976.4,
        "offset_m": 4.22,
        "elevation": 19.99,
        "desc": "",
        "comment": "2023-03-23 11:05:47am",
        "elevation_m": 19.99,
        "photo_filename": "DSC00055.jpg",
        "photo_path": "DSC00055.jpg",
        "surveyor_comment": "2023-03-23 11:05:47am",
        "survey_date": "2023-3-23",
        "station_source": "Native (Survey / POW)",
        "native_station": " (1+976.4)"
      },
      "geometry": {
        "type": "Point",
        "coordinates": [
          121.299817,
          13.184571
        ]
      }
    },
    {
      "type": "Feature",
      "properties": {
        "id": 6,
        "name": "MC3 ROAD CROSSING 1",
        "type": "Road Crossing",
        "Structure_Category": "Road Crossing",
        "canal_name": "MAIN CANAL 3 (SAN NARCISO)",
        "station": "STA 0+134.1",
        "station_m": 134.11,
        "offset_m": 5.62,
        "elevation": 26.33,
        "desc": "",
        "comment": "2023-03-22 12:47:45pm",
        "elevation_m": 26.33,
        "photo_filename": "DSC00021.jpg",
        "photo_path": "../DCIM/DSC00021.jpg",
        "surveyor_comment": "2023-03-22 12:47:45pm",
        "survey_date": "2023-3-22",
        "station_source": "Geometric Projection",
        "native_station": null
      },
      "geometry": {
        "type": "Point",
        "coordinates": [
          121.283961,
          13.183084
        ]
      }
    },
    {
      "type": "Feature",
      "properties": {
        "id": 42,
        "name": "MC3 END OF LINED CANAL (3+051)",
        "type": "Other Structures",
        "Structure_Category": "Other Structures",
        "canal_name": "MAIN CANAL 3 (SAN NARCISO)",
        "station": "STA 3+051.0",
        "station_m": 3051,
        "offset_m": 2.69,
        "elevation": 19.52,
        "desc": "",
        "comment": "2023-03-23 11:54:54am",
        "elevation_m": 19.52,
        "photo_filename": "DSC00065.jpg",
        "photo_path": "DSC00065.jpg",
        "surveyor_comment": "2023-03-23 11:54:54am",
        "survey_date": "2023-3-23",
        "station_source": "Native (Survey / POW)",
        "native_station": " (3+051)"
      },
      "geometry": {
        "type": "Point",
        "coordinates": [
          121.305271,
          13.190528
        ]
      }
    },
    {
      "type": "Feature",
      "properties": {
        "id": 40,
        "name": "HEADGATE LATERAL B (2+996.2)",
        "type": "Head Gate",
        "Structure_Category": "Head Gate",
        "canal_name": "MC3 LATERAL B",
        "station": "STA 2+996.2",
        "station_m": 2996.2,
        "offset_m": 3.14,
        "elevation": 18.23,
        "desc": "",
        "comment": "2023-03-23 11:45:58am",
        "elevation_m": 18.23,
        "photo_filename": "DSC00063.jpg",
        "photo_path": "DSC00063.jpg",
        "surveyor_comment": "2023-03-23 11:45:58am",
        "survey_date": "2023-3-23",
        "station_source": "Native (Survey / POW)",
        "native_station": " (2+996.2)"
      },
      "geometry": {
        "type": "Point",
        "coordinates": [
          121.305045,
          13.190075
        ]
      }
    },
    {
      "type": "Feature",
      "properties": {
        "id": 36,
        "name": "MC3 BULLCART 3 (2+328)",
        "type": "Thresher Crossing",
        "Structure_Category": "Thresher Crossing",
        "canal_name": "MAIN CANAL 3 (SAN NARCISO)",
        "station": "STA 2+328.0",
        "station_m": 2328,
        "offset_m": 0.33,
        "elevation": 19.24,
        "desc": "",
        "comment": "2023-03-23 11:27:51am",
        "elevation_m": 19.24,
        "photo_filename": "DSC00059.jpg",
        "photo_path": "DSC00059.jpg",
        "surveyor_comment": "2023-03-23 11:27:51am",
        "survey_date": "2023-3-23",
        "station_source": "Native (Survey / POW)",
        "native_station": " (2+328)"
      },
      "geometry": {
        "type": "Point",
        "coordinates": [
          121.299713,
          13.187224
        ]
      }
    },
    {
      "type": "Feature",
      "properties": {
        "id": 11,
        "name": "ILLEGAL TURNOUT (0+410)",
        "type": "Unauthorized Turnout",
        "Structure_Category": "Turnout (TO)",
        "canal_name": "MAIN CANAL 3 (SAN NARCISO)",
        "station": "STA 0+410.0",
        "station_m": 410,
        "offset_m": 0.73,
        "elevation": 24.1,
        "desc": "",
        "comment": "2023-03-22 1:14:25pm",
        "elevation_m": 24.1,
        "photo_filename": "DSC00028.jpg",
        "photo_path": "../DCIM/DSC00028.jpg",
        "surveyor_comment": "2023-03-22 1:14:25pm",
        "survey_date": "2023-3-22",
        "station_source": "Native (Survey / POW)",
        "native_station": " (0+410)"
      },
      "geometry": {
        "type": "Point",
        "coordinates": [
          121.286386,
          13.182434
        ]
      }
    },
    {
      "type": "Feature",
      "properties": {
        "id": 135,
        "name": "MC2 LAT D TO  (0+671.7)",
        "type": "Turnout",
        "Structure_Category": "Turnout (TO)",
        "canal_name": "Off-Canal",
        "station": "STA 0+671.7",
        "station_m": 671.7,
        "offset_m": 402.69,
        "elevation": 17.25,
        "desc": "",
        "comment": "2023-03-25 1:07:33pm",
        "elevation_m": 17.25,
        "photo_filename": "DSC00162.jpg",
        "photo_path": "DSC00162.jpg",
        "surveyor_comment": "2023-03-25 1:07:33pm",
        "survey_date": "2023-3-25",
        "station_source": "Native (Survey / POW)",
        "native_station": "  (0+671.7)"
      },
      "geometry": {
        "type": "Point",
        "coordinates": [
          121.315758,
          13.199096
        ]
      }
    },
    {
      "type": "Feature",
      "properties": {
        "id": 154,
        "name": "MC2 BULLCART 1 (0+325.9)",
        "type": "Thresher Crossing",
        "Structure_Category": "Thresher Crossing",
        "canal_name": "MAIN CANAL 2 (URDANETA)",
        "station": "STA 0+325.9",
        "station_m": 325.9,
        "offset_m": 2.23,
        "elevation": 15.21,
        "desc": "",
        "comment": "2023-03-26 10:23:35am",
        "elevation_m": 15.21,
        "photo_filename": "DSC00183.jpg",
        "photo_path": "DSC00183.jpg",
        "surveyor_comment": "2023-03-26 10:23:35am",
        "survey_date": "2023-3-26",
        "station_source": "Native (Survey / POW)",
        "native_station": " (0+325.9)"
      },
      "geometry": {
        "type": "Point",
        "coordinates": [
          121.284948,
          13.185539
        ]
      }
    },
    {
      "type": "Feature",
      "properties": {
        "id": 155,
        "name": "MC2 BULLCART 2 (0+397)",
        "type": "Thresher Crossing",
        "Structure_Category": "Thresher Crossing",
        "canal_name": "MAIN CANAL 2 (URDANETA)",
        "station": "STA 0+397.0",
        "station_m": 397,
        "offset_m": 2.14,
        "elevation": 15.96,
        "desc": "",
        "comment": "2023-03-26 10:26:34am",
        "elevation_m": 15.96,
        "photo_filename": "DSC00185.jpg",
        "photo_path": "DSC00185.jpg",
        "surveyor_comment": "2023-03-26 10:26:34am",
        "survey_date": "2023-3-26",
        "station_source": "Native (Survey / POW)",
        "native_station": " (0+397)"
      },
      "geometry": {
        "type": "Point",
        "coordinates": [
          121.285584,
          13.1858
        ]
      }
    },
    {
      "type": "Feature",
      "properties": {
        "id": 139,
        "name": "LATERAL B TO 1 (0+359.8)",
        "type": "Turnout",
        "Structure_Category": "Turnout (TO)",
        "canal_name": "MC2 LATERAL B",
        "station": "STA 0+359.8",
        "station_m": 359.8,
        "offset_m": 1.47,
        "elevation": 14.86,
        "desc": "",
        "comment": "2023-03-26 9:01:50am",
        "elevation_m": 14.86,
        "photo_filename": "DSC00166.jpg",
        "photo_path": "DSC00166.jpg",
        "surveyor_comment": "2023-03-26 9:01:50am",
        "survey_date": "2023-3-26",
        "station_source": "Native (Survey / POW)",
        "native_station": " (0+359.8)"
      },
      "geometry": {
        "type": "Point",
        "coordinates": [
          121.297708,
          13.194452
        ]
      }
    },
    {
      "type": "Feature",
      "properties": {
        "id": 157,
        "name": "MC2 OUTLET 2 (0+561.6)",
        "type": "Outlet",
        "Structure_Category": "Outlet",
        "canal_name": "MAIN CANAL 2 (URDANETA)",
        "station": "STA 0+561.6",
        "station_m": 561.6,
        "offset_m": 1.52,
        "elevation": 16.36,
        "desc": "",
        "comment": "2023-03-26 10:33:44am",
        "elevation_m": 16.36,
        "photo_filename": "DSC00187.jpg",
        "photo_path": "DSC00187.jpg",
        "surveyor_comment": "2023-03-26 10:33:44am",
        "survey_date": "2023-3-26",
        "station_source": "Native (Survey / POW)",
        "native_station": " (0+561.6)"
      },
      "geometry": {
        "type": "Point",
        "coordinates": [
          121.28673,
          13.186717
        ]
      }
    },
    {
      "type": "Feature",
      "properties": {
        "id": 158,
        "name": "MC2 DRAINAGE CROSSING 2 (0+689)",
        "type": "Drainage",
        "Structure_Category": "Drainage",
        "canal_name": "MAIN CANAL 2 (URDANETA)",
        "station": "STA 0+689.0",
        "station_m": 689,
        "offset_m": 3.23,
        "elevation": 15,
        "desc": "",
        "comment": "2023-03-26 10:37:11am",
        "elevation_m": 15,
        "photo_filename": "DSC00188.jpg",
        "photo_path": "DSC00188.jpg",
        "surveyor_comment": "2023-03-26 10:37:11am",
        "survey_date": "2023-3-26",
        "station_source": "Native (Survey / POW)",
        "native_station": " (0+689)"
      },
      "geometry": {
        "type": "Point",
        "coordinates": [
          121.287181,
          13.187831
        ]
      }
    },
    {
      "type": "Feature",
      "properties": {
        "id": 137,
        "name": "MC2 LATERAL B START CUT AND COVER (0+00000)",
        "type": "Cut and Cover",
        "Structure_Category": "Other Structures",
        "canal_name": "MAIN CANAL 2 (URDANETA)",
        "station": "STA 0+000.0",
        "station_m": 0,
        "offset_m": 8.39,
        "elevation": 5.51,
        "desc": "",
        "comment": "2023-03-26 8:48:18am",
        "elevation_m": 5.51,
        "photo_filename": "DSC00164.jpg",
        "photo_path": "DSC00164.jpg",
        "surveyor_comment": "2023-03-26 8:48:18am",
        "survey_date": "2023-3-26",
        "station_source": "Native (Survey / POW)",
        "native_station": " (0+00000)"
      },
      "geometry": {
        "type": "Point",
        "coordinates": [
          121.297446,
          13.197772
        ]
      }
    },
    {
      "type": "Feature",
      "properties": {
        "id": 125,
        "name": "OUTLET LATERAL D (0+0000)",
        "type": "Outlet",
        "Structure_Category": "Outlet",
        "canal_name": "MC2 LATERAL C",
        "station": "STA 0+000.0",
        "station_m": 0,
        "offset_m": 0.27,
        "elevation": 25.01,
        "desc": "",
        "comment": "2023-03-25 12:46:08pm",
        "elevation_m": 25.01,
        "photo_filename": "DSC00150.jpg",
        "photo_path": "DSC00150.jpg",
        "surveyor_comment": "2023-03-25 12:46:08pm",
        "survey_date": "2023-3-25",
        "station_source": "Native (Survey / POW)",
        "native_station": " (0+0000)"
      },
      "geometry": {
        "type": "Point",
        "coordinates": [
          121.30954,
          13.198437
        ]
      }
    },
    {
      "type": "Feature",
      "properties": {
        "id": 148,
        "name": "LATERAL B ROAD CROSSING (0+683)",
        "type": "Road Crossing",
        "Structure_Category": "Road Crossing",
        "canal_name": "MC2 LATERAL B",
        "station": "STA 0+683.0",
        "station_m": 683,
        "offset_m": 3.54,
        "elevation": 12.91,
        "desc": "",
        "comment": "2023-03-26 9:23:04am",
        "elevation_m": 12.91,
        "photo_filename": "DSC00176.jpg",
        "photo_path": "DSC00176.jpg",
        "surveyor_comment": "2023-03-26 9:23:04am",
        "survey_date": "2023-3-26",
        "station_source": "Native (Survey / POW)",
        "native_station": " (0+683)"
      },
      "geometry": {
        "type": "Point",
        "coordinates": [
          121.297514,
          13.191512
        ]
      }
    },
    {
      "type": "Feature",
      "properties": {
        "id": 147,
        "name": "LATERAL B BULLCART 6 (0+559.4)",
        "type": "Thresher Crossing",
        "Structure_Category": "Thresher Crossing",
        "canal_name": "MC2 LATERAL B",
        "station": "STA 0+559.4",
        "station_m": 559.4,
        "offset_m": 1.81,
        "elevation": 13.46,
        "desc": "",
        "comment": "2023-03-26 9:19:57am",
        "elevation_m": 13.46,
        "photo_filename": "DSC00175.jpg",
        "photo_path": "DSC00175.jpg",
        "surveyor_comment": "2023-03-26 9:19:57am",
        "survey_date": "2023-3-26",
        "station_source": "Native (Survey / POW)",
        "native_station": " (0+559.4)"
      },
      "geometry": {
        "type": "Point",
        "coordinates": [
          121.297519,
          13.192649
        ]
      }
    },
    {
      "type": "Feature",
      "properties": {
        "id": 146,
        "name": "LATERAL B BULLCART 6 (0+518.9)",
        "type": "Thresher Crossing",
        "Structure_Category": "Thresher Crossing",
        "canal_name": "MC2 LATERAL B",
        "station": "STA 0+518.9",
        "station_m": 518.9,
        "offset_m": 0.22,
        "elevation": 13.3,
        "desc": "",
        "comment": "2023-03-26 9:17:52am",
        "elevation_m": 13.3,
        "photo_filename": "DSC00174.jpg",
        "photo_path": "DSC00174.jpg",
        "surveyor_comment": "2023-03-26 9:17:52am",
        "survey_date": "2023-3-26",
        "station_source": "Native (Survey / POW)",
        "native_station": " (0+518.9)"
      },
      "geometry": {
        "type": "Point",
        "coordinates": [
          121.297488,
          13.193014
        ]
      }
    },
    {
      "type": "Feature",
      "properties": {
        "id": 145,
        "name": "LATERAL B BULLCART 5 (0+505.5)",
        "type": "Thresher Crossing",
        "Structure_Category": "Thresher Crossing",
        "canal_name": "MC2 LATERAL B",
        "station": "STA 0+505.5",
        "station_m": 505.5,
        "offset_m": 2.45,
        "elevation": 13.35,
        "desc": "",
        "comment": "2023-03-26 9:15:45am",
        "elevation_m": 13.35,
        "photo_filename": "DSC00173.jpg",
        "photo_path": "DSC00173.jpg",
        "surveyor_comment": "2023-03-26 9:15:45am",
        "survey_date": "2023-3-26",
        "station_source": "Native (Survey / POW)",
        "native_station": " (0+505.5)"
      },
      "geometry": {
        "type": "Point",
        "coordinates": [
          121.297471,
          13.193144
        ]
      }
    },
    {
      "type": "Feature",
      "properties": {
        "id": 144,
        "name": "LATERAL B BULLCART 4 (0+464.8)",
        "type": "Thresher Crossing",
        "Structure_Category": "Thresher Crossing",
        "canal_name": "MC2 LATERAL B",
        "station": "STA 0+464.8",
        "station_m": 464.8,
        "offset_m": 2.36,
        "elevation": 13.81,
        "desc": "",
        "comment": "2023-03-26 9:13:33am",
        "elevation_m": 13.81,
        "photo_filename": "DSC00172.jpg",
        "photo_path": "DSC00172.jpg",
        "surveyor_comment": "2023-03-26 9:13:33am",
        "survey_date": "2023-3-26",
        "station_source": "Native (Survey / POW)",
        "native_station": " (0+464.8)"
      },
      "geometry": {
        "type": "Point",
        "coordinates": [
          121.297541,
          13.193507
        ]
      }
    },
    {
      "type": "Feature",
      "properties": {
        "id": 143,
        "name": "LATERAL B BULLCART 3 (0+452.8)",
        "type": "Thresher Crossing",
        "Structure_Category": "Thresher Crossing",
        "canal_name": "MC2 LATERAL B",
        "station": "STA 0+452.8",
        "station_m": 452.8,
        "offset_m": 0.84,
        "elevation": 14.24,
        "desc": "",
        "comment": "2023-03-26 9:11:30am",
        "elevation_m": 14.24,
        "photo_filename": "DSC00171.jpg",
        "photo_path": "DSC00171.jpg",
        "surveyor_comment": "2023-03-26 9:11:30am",
        "survey_date": "2023-3-26",
        "station_source": "Native (Survey / POW)",
        "native_station": " (0+452.8)"
      },
      "geometry": {
        "type": "Point",
        "coordinates": [
          121.297601,
          13.193613
        ]
      }
    },
    {
      "type": "Feature",
      "properties": {
        "id": 142,
        "name": "LATERAL B BULLCART 2 (0+421)",
        "type": "Thresher Crossing",
        "Structure_Category": "Thresher Crossing",
        "canal_name": "MC2 LATERAL B",
        "station": "STA 0+421.0",
        "station_m": 421,
        "offset_m": 1.73,
        "elevation": 14.3,
        "desc": "",
        "comment": "2023-03-26 9:09:12am",
        "elevation_m": 14.3,
        "photo_filename": "DSC00170.jpg",
        "photo_path": "DSC00170.jpg",
        "surveyor_comment": "2023-03-26 9:09:12am",
        "survey_date": "2023-3-26",
        "station_source": "Native (Survey / POW)",
        "native_station": " (0+421)"
      },
      "geometry": {
        "type": "Point",
        "coordinates": [
          121.297638,
          13.193888
        ]
      }
    },
    {
      "type": "Feature",
      "properties": {
        "id": 108,
        "name": "LATERAL A TO 8 (1+021.7)",
        "type": "Turnout",
        "Structure_Category": "Turnout (TO)",
        "canal_name": "MC2 LATERAL A",
        "station": "STA 1+021.7",
        "station_m": 1021.7,
        "offset_m": 0.24,
        "elevation": 14.62,
        "desc": "",
        "comment": "2023-03-25 10:36:17am",
        "elevation_m": 14.62,
        "photo_filename": "DSC00133.jpg",
        "photo_path": "DSC00133.jpg",
        "surveyor_comment": "2023-03-25 10:36:17am",
        "survey_date": "2023-3-25",
        "station_source": "Native (Survey / POW)",
        "native_station": " (1+021.7)"
      },
      "geometry": {
        "type": "Point",
        "coordinates": [
          121.303161,
          13.202241
        ]
      }
    },
    {
      "type": "Feature",
      "properties": {
        "id": 140,
        "name": "LATERAL B BULLCART 1 (0+371.4)",
        "type": "Thresher Crossing",
        "Structure_Category": "Thresher Crossing",
        "canal_name": "MC2 LATERAL B",
        "station": "STA 0+371.4",
        "station_m": 371.4,
        "offset_m": 2.69,
        "elevation": 15.18,
        "desc": "",
        "comment": "2023-03-26 9:04:27am",
        "elevation_m": 15.18,
        "photo_filename": "DSC00168.jpg",
        "photo_path": "DSC00168.jpg",
        "surveyor_comment": "2023-03-26 9:04:27am",
        "survey_date": "2023-3-26",
        "station_source": "Native (Survey / POW)",
        "native_station": " (0+371.4)"
      },
      "geometry": {
        "type": "Point",
        "coordinates": [
          121.297691,
          13.194338
        ]
      }
    },
    {
      "type": "Feature",
      "properties": {
        "id": 141,
        "name": "LATERAL B T0 2 (0+407.9)",
        "type": "Turnout",
        "Structure_Category": "Turnout (TO)",
        "canal_name": "MC2 LATERAL B",
        "station": "STA 0+407.9",
        "station_m": 407.9,
        "offset_m": 1.01,
        "elevation": 14.96,
        "desc": "",
        "comment": "2023-03-26 9:07:40am",
        "elevation_m": 14.96,
        "photo_filename": "DSC00169.jpg",
        "photo_path": "DSC00169.jpg",
        "surveyor_comment": "2023-03-26 9:07:40am",
        "survey_date": "2023-3-26",
        "station_source": "Native (Survey / POW)",
        "native_station": " (0+407.9)"
      },
      "geometry": {
        "type": "Point",
        "coordinates": [
          121.297678,
          13.193991
        ]
      }
    },
    {
      "type": "Feature",
      "properties": {
        "id": 138,
        "name": "LATERAL B END OF CUT AND COVER (0+072.1)",
        "type": "Cut and Cover",
        "Structure_Category": "Other Structures",
        "canal_name": "MC2 LATERAL B",
        "station": "STA 0+072.1",
        "station_m": 72.1,
        "offset_m": 0.97,
        "elevation": 15.72,
        "desc": "",
        "comment": "2023-03-26 8:52:23am",
        "elevation_m": 15.72,
        "photo_filename": "DSC00165.jpg",
        "photo_path": "DSC00165.jpg",
        "surveyor_comment": "2023-03-26 8:52:23am",
        "survey_date": "2023-3-26",
        "station_source": "Native (Survey / POW)",
        "native_station": " (0+072.1)"
      },
      "geometry": {
        "type": "Point",
        "coordinates": [
          121.29767,
          13.197079
        ]
      }
    },
    {
      "type": "Feature",
      "properties": {
        "id": 107,
        "name": "LATERAL A BULLCART 17 (0+903)",
        "type": "Thresher Crossing",
        "Structure_Category": "Thresher Crossing",
        "canal_name": "MC2 LATERAL A",
        "station": "STA 0+903.0",
        "station_m": 903,
        "offset_m": 0.67,
        "elevation": 13.54,
        "desc": "",
        "comment": "2023-03-25 10:33:43am",
        "elevation_m": 13.54,
        "photo_filename": "DSC00132.jpg",
        "photo_path": "DSC00132.jpg",
        "surveyor_comment": "2023-03-25 10:33:43am",
        "survey_date": "2023-3-25",
        "station_source": "Native (Survey / POW)",
        "native_station": " (0+903)"
      },
      "geometry": {
        "type": "Point",
        "coordinates": [
          121.302531,
          13.201707
        ]
      }
    },
    {
      "type": "Feature",
      "properties": {
        "id": 112,
        "name": "LATERAL A TO 11 (1+327.3)",
        "type": "Turnout",
        "Structure_Category": "Turnout (TO)",
        "canal_name": "MC2 LATERAL A",
        "station": "STA 1+327.3",
        "station_m": 1327.3,
        "offset_m": 1.32,
        "elevation": 15.54,
        "desc": "",
        "comment": "2023-03-25 10:47:01am",
        "elevation_m": 15.54,
        "photo_filename": "DSC00137.jpg",
        "photo_path": "DSC00137.jpg",
        "surveyor_comment": "2023-03-25 10:47:01am",
        "survey_date": "2023-3-25",
        "station_source": "Native (Survey / POW)",
        "native_station": " (1+327.3)"
      },
      "geometry": {
        "type": "Point",
        "coordinates": [
          121.305289,
          13.202954
        ]
      }
    },
    {
      "type": "Feature",
      "properties": {
        "id": 109,
        "name": "LATERAL A T0 9 (1+121.1)",
        "type": "Turnout",
        "Structure_Category": "Turnout (TO)",
        "canal_name": "MC2 LATERAL A",
        "station": "STA 1+121.1",
        "station_m": 1121.1,
        "offset_m": 1.27,
        "elevation": 14.02,
        "desc": "",
        "comment": "2023-03-25 10:39:03am",
        "elevation_m": 14.02,
        "photo_filename": "DSC00134.jpg",
        "photo_path": "DSC00134.jpg",
        "surveyor_comment": "2023-03-25 10:39:03am",
        "survey_date": "2023-3-25",
        "station_source": "Native (Survey / POW)",
        "native_station": " (1+121.1)"
      },
      "geometry": {
        "type": "Point",
        "coordinates": [
          121.303405,
          13.202978
        ]
      }
    },
    {
      "type": "Feature",
      "properties": {
        "id": 110,
        "name": "LATERAL A ROAD CROSSING (1+316.4)",
        "type": "Road Crossing",
        "Structure_Category": "Road Crossing",
        "canal_name": "MC2 LATERAL A",
        "station": "STA 1+316.4",
        "station_m": 1316.4,
        "offset_m": 3.58,
        "elevation": 14.51,
        "desc": "",
        "comment": "2023-03-25 10:43:02am",
        "elevation_m": 14.51,
        "photo_filename": "DSC00135.jpg",
        "photo_path": "DSC00135.jpg",
        "surveyor_comment": "2023-03-25 10:43:02am",
        "survey_date": "2023-3-25",
        "station_source": "Native (Survey / POW)",
        "native_station": " (1+316.4)"
      },
      "geometry": {
        "type": "Point",
        "coordinates": [
          121.305198,
          13.202936
        ]
      }
    },
    {
      "type": "Feature",
      "properties": {
        "id": 117,
        "name": "LATERAL A TO 12 (1+642.5)",
        "type": "Turnout",
        "Structure_Category": "Turnout (TO)",
        "canal_name": "MC2 LATERAL A",
        "station": "STA 1+642.5",
        "station_m": 1642.5,
        "offset_m": 0.95,
        "elevation": 33.31,
        "desc": "",
        "comment": "2023-03-25 12:12:47pm",
        "elevation_m": 33.31,
        "photo_filename": "DSC00142.jpg",
        "photo_path": "DSC00142.jpg",
        "surveyor_comment": "2023-03-25 12:12:47pm",
        "survey_date": "2023-3-25",
        "station_source": "Native (Survey / POW)",
        "native_station": " (1+642.5)"
      },
      "geometry": {
        "type": "Point",
        "coordinates": [
          121.305386,
          13.20583
        ]
      }
    },
    {
      "type": "Feature",
      "properties": {
        "id": 111,
        "name": "LATERAL A TO 10 (1+325,3)",
        "type": "Turnout",
        "Structure_Category": "Turnout (TO)",
        "canal_name": "MC2 LATERAL A",
        "station": "STA 1+325.0",
        "station_m": 1325,
        "offset_m": 3.11,
        "elevation": 15.06,
        "desc": "",
        "comment": "2023-03-25 10:45:19am",
        "elevation_m": 15.06,
        "photo_filename": "DSC00136.jpg",
        "photo_path": "DSC00136.jpg",
        "surveyor_comment": "2023-03-25 10:45:19am",
        "survey_date": "2023-3-25",
        "station_source": "Native (Survey / POW)",
        "native_station": " (1+325"
      },
      "geometry": {
        "type": "Point",
        "coordinates": [
          121.305284,
          13.202938
        ]
      }
    },
    {
      "type": "Feature",
      "properties": {
        "id": 113,
        "name": "LATERAL A BULLCART 18 (1+401)",
        "type": "Thresher Crossing",
        "Structure_Category": "Thresher Crossing",
        "canal_name": "MC2 LATERAL A",
        "station": "STA 1+401.0",
        "station_m": 1401,
        "offset_m": 2.37,
        "elevation": 36.12,
        "desc": "",
        "comment": "2023-03-25 12:05:31pm",
        "elevation_m": 36.12,
        "photo_filename": "DSC00138.jpg",
        "photo_path": "DSC00138.jpg",
        "surveyor_comment": "2023-03-25 12:05:31pm",
        "survey_date": "2023-3-25",
        "station_source": "Native (Survey / POW)",
        "native_station": " (1+401)"
      },
      "geometry": {
        "type": "Point",
        "coordinates": [
          121.305273,
          13.203625
        ]
      }
    },
    {
      "type": "Feature",
      "properties": {
        "id": 115,
        "name": "LATERAL A BULLCART 20 (1+578.1)",
        "type": "Thresher Crossing",
        "Structure_Category": "Thresher Crossing",
        "canal_name": "MC2 LATERAL A",
        "station": "STA 1+578.1",
        "station_m": 1578.1,
        "offset_m": 1.76,
        "elevation": 34.67,
        "desc": "",
        "comment": "2023-03-25 12:09:38pm",
        "elevation_m": 34.67,
        "photo_filename": "DSC00140.jpg",
        "photo_path": "DSC00140.jpg",
        "surveyor_comment": "2023-03-25 12:09:38pm",
        "survey_date": "2023-3-25",
        "station_source": "Native (Survey / POW)",
        "native_station": " (1+578.1)"
      },
      "geometry": {
        "type": "Point",
        "coordinates": [
          121.305382,
          13.205237
        ]
      }
    },
    {
      "type": "Feature",
      "properties": {
        "id": 116,
        "name": "LATERAL A BULLCART 21 (1+638.1)",
        "type": "Thresher Crossing",
        "Structure_Category": "Thresher Crossing",
        "canal_name": "MC2 LATERAL A",
        "station": "STA 1+638.1",
        "station_m": 1638.1,
        "offset_m": 3.62,
        "elevation": 33.38,
        "desc": "",
        "comment": "2023-03-25 12:11:36pm",
        "elevation_m": 33.38,
        "photo_filename": "DSC00141.jpg",
        "photo_path": "DSC00141.jpg",
        "surveyor_comment": "2023-03-25 12:11:36pm",
        "survey_date": "2023-3-25",
        "station_source": "Native (Survey / POW)",
        "native_station": " (1+638.1)"
      },
      "geometry": {
        "type": "Point",
        "coordinates": [
          121.305361,
          13.205793
        ]
      }
    },
    {
      "type": "Feature",
      "properties": {
        "id": 118,
        "name": "LATERAL A BULLCART 22 (1+663.3)",
        "type": "Thresher Crossing",
        "Structure_Category": "Thresher Crossing",
        "canal_name": "MC2 LATERAL A",
        "station": "STA 1+663.3",
        "station_m": 1663.3,
        "offset_m": 1.33,
        "elevation": 32.73,
        "desc": "",
        "comment": "2023-03-25 12:14:03pm",
        "elevation_m": 32.73,
        "photo_filename": "DSC00143.jpg",
        "photo_path": "DSC00143.jpg",
        "surveyor_comment": "2023-03-25 12:14:03pm",
        "survey_date": "2023-3-25",
        "station_source": "Native (Survey / POW)",
        "native_station": " (1+663.3)"
      },
      "geometry": {
        "type": "Point",
        "coordinates": [
          121.305382,
          13.205999
        ]
      }
    },
    {
      "type": "Feature",
      "properties": {
        "id": 119,
        "name": "LATERAL A TO 13 (1+702.2)",
        "type": "Turnout",
        "Structure_Category": "Turnout (TO)",
        "canal_name": "MC2 LATERAL A",
        "station": "STA 1+702.2",
        "station_m": 1702.2,
        "offset_m": 2.27,
        "elevation": 32.8,
        "desc": "",
        "comment": "2023-03-25 12:15:27pm",
        "elevation_m": 32.8,
        "photo_filename": "DSC00144.jpg",
        "photo_path": "DSC00144.jpg",
        "surveyor_comment": "2023-03-25 12:15:27pm",
        "survey_date": "2023-3-25",
        "station_source": "Native (Survey / POW)",
        "native_station": " (1+702.2)"
      },
      "geometry": {
        "type": "Point",
        "coordinates": [
          121.305372,
          13.206383
        ]
      }
    },
    {
      "type": "Feature",
      "properties": {
        "id": 120,
        "name": "LATERAL A TO 14 (1+748)",
        "type": "Turnout",
        "Structure_Category": "Turnout (TO)",
        "canal_name": "MC2 LATERAL A",
        "station": "STA 1+748.0",
        "station_m": 1748,
        "offset_m": 4.47,
        "elevation": 31.65,
        "desc": "",
        "comment": "2023-03-25 12:17:22pm",
        "elevation_m": 31.65,
        "photo_filename": "DSC00145.jpg",
        "photo_path": "DSC00145.jpg",
        "surveyor_comment": "2023-03-25 12:17:22pm",
        "survey_date": "2023-3-25",
        "station_source": "Native (Survey / POW)",
        "native_station": " (1+748)"
      },
      "geometry": {
        "type": "Point",
        "coordinates": [
          121.30581,
          13.206471
        ]
      }
    },
    {
      "type": "Feature",
      "properties": {
        "id": 126,
        "name": "LATERAL D TO 1 (0+002.4)",
        "type": "Turnout",
        "Structure_Category": "Turnout (TO)",
        "canal_name": "MC2 LATERAL C",
        "station": "STA 0+002.4",
        "station_m": 2.4,
        "offset_m": 0.43,
        "elevation": 24.36,
        "desc": "",
        "comment": "2023-03-25 12:47:31pm",
        "elevation_m": 24.36,
        "photo_filename": "DSC00151.jpg",
        "photo_path": "DSC00151.jpg",
        "surveyor_comment": "2023-03-25 12:47:31pm",
        "survey_date": "2023-3-25",
        "station_source": "Native (Survey / POW)",
        "native_station": " (0+002.4)"
      },
      "geometry": {
        "type": "Point",
        "coordinates": [
          121.309556,
          13.198432
        ]
      }
    },
    {
      "type": "Feature",
      "properties": {
        "id": 121,
        "name": "LATERAL A TO 15 (1+885.2)",
        "type": "Turnout",
        "Structure_Category": "Turnout (TO)",
        "canal_name": "MC2 LATERAL A",
        "station": "STA 1+885.2",
        "station_m": 1885.2,
        "offset_m": 4.3,
        "elevation": 29.86,
        "desc": "",
        "comment": "2023-03-25 12:21:02pm",
        "elevation_m": 29.86,
        "photo_filename": "DSC00146.jpg",
        "photo_path": "DSC00146.jpg",
        "surveyor_comment": "2023-03-25 12:21:02pm",
        "survey_date": "2023-3-25",
        "station_source": "Native (Survey / POW)",
        "native_station": " (1+885.2)"
      },
      "geometry": {
        "type": "Point",
        "coordinates": [
          121.307047,
          13.206692
        ]
      }
    },
    {
      "type": "Feature",
      "properties": {
        "id": 122,
        "name": "LATERAL A TO 16 (1+890.4)",
        "type": "Turnout",
        "Structure_Category": "Turnout (TO)",
        "canal_name": "MC2 LATERAL A",
        "station": "STA 1+890.4",
        "station_m": 1890.4,
        "offset_m": 5.5,
        "elevation": 29.35,
        "desc": "",
        "comment": "2023-03-25 12:22:11pm",
        "elevation_m": 29.35,
        "photo_filename": "DSC00147.jpg",
        "photo_path": "DSC00147.jpg",
        "surveyor_comment": "2023-03-25 12:22:11pm",
        "survey_date": "2023-3-25",
        "station_source": "Native (Survey / POW)",
        "native_station": " (1+890.4)"
      },
      "geometry": {
        "type": "Point",
        "coordinates": [
          121.307115,
          13.206693
        ]
      }
    },
    {
      "type": "Feature",
      "properties": {
        "id": 124,
        "name": "LATERAL A END OF LINED CANAL (2+213.2)",
        "type": "Other Structures",
        "Structure_Category": "Other Structures",
        "canal_name": "MC2 LATERAL A",
        "station": "STA 2+213.2",
        "station_m": 2213.2,
        "offset_m": 3.73,
        "elevation": 27.23,
        "desc": "",
        "comment": "2023-03-25 12:29:17pm",
        "elevation_m": 27.23,
        "photo_filename": "DSC00149.jpg",
        "photo_path": "DSC00149.jpg",
        "surveyor_comment": "2023-03-25 12:29:17pm",
        "survey_date": "2023-3-25",
        "station_source": "Native (Survey / POW)",
        "native_station": " (2+213.2)"
      },
      "geometry": {
        "type": "Point",
        "coordinates": [
          121.310044,
          13.207281
        ]
      }
    },
    {
      "type": "Feature",
      "properties": {
        "id": 156,
        "name": "MC2 TO 1 (0+549.9)",
        "type": "Turnout",
        "Structure_Category": "Turnout (TO)",
        "canal_name": "MAIN CANAL 2 (URDANETA)",
        "station": "STA 0+549.9",
        "station_m": 549.9,
        "offset_m": 0.14,
        "elevation": 14.56,
        "desc": "",
        "comment": "2023-03-26 10:31:19am",
        "elevation_m": 14.56,
        "photo_filename": "DSC00186.jpg",
        "photo_path": "DSC00186.jpg",
        "surveyor_comment": "2023-03-26 10:31:19am",
        "survey_date": "2023-3-26",
        "station_source": "Native (Survey / POW)",
        "native_station": " (0+549.9)"
      },
      "geometry": {
        "type": "Point",
        "coordinates": [
          121.286701,
          13.186613
        ]
      }
    },
    {
      "type": "Feature",
      "properties": {
        "id": 128,
        "name": "LATERAL D TO 3 (0+135.7)",
        "type": "Turnout",
        "Structure_Category": "Turnout (TO)",
        "canal_name": "MC2 LATERAL C",
        "station": "STA 0+135.7",
        "station_m": 135.7,
        "offset_m": 0.92,
        "elevation": 23.54,
        "desc": "",
        "comment": "2023-03-25 12:51:17pm",
        "elevation_m": 23.54,
        "photo_filename": "DSC00153.jpg",
        "photo_path": "DSC00153.jpg",
        "surveyor_comment": "2023-03-25 12:51:17pm",
        "survey_date": "2023-3-25",
        "station_source": "Native (Survey / POW)",
        "native_station": " (0+135.7)"
      },
      "geometry": {
        "type": "Point",
        "coordinates": [
          121.310766,
          13.198589
        ]
      }
    },
    {
      "type": "Feature",
      "properties": {
        "id": 129,
        "name": "LATERAL D TO 4 (0+195.2)",
        "type": "Turnout",
        "Structure_Category": "Turnout (TO)",
        "canal_name": "MC2 LATERAL C",
        "station": "STA 0+195.2",
        "station_m": 195.2,
        "offset_m": 1.57,
        "elevation": 23.67,
        "desc": "",
        "comment": "2023-03-25 12:52:50pm",
        "elevation_m": 23.67,
        "photo_filename": "DSC00155.jpg",
        "photo_path": "DSC00155.jpg",
        "surveyor_comment": "2023-03-25 12:52:50pm",
        "survey_date": "2023-3-25",
        "station_source": "Native (Survey / POW)",
        "native_station": " (0+195.2)"
      },
      "geometry": {
        "type": "Point",
        "coordinates": [
          121.311321,
          13.198648
        ]
      }
    },
    {
      "type": "Feature",
      "properties": {
        "id": 130,
        "name": "LATERAL D TO 5 (0+249.4)",
        "type": "Turnout",
        "Structure_Category": "Turnout (TO)",
        "canal_name": "MC2 LATERAL C",
        "station": "STA 0+249.4",
        "station_m": 249.4,
        "offset_m": 2.55,
        "elevation": 22.95,
        "desc": "",
        "comment": "2023-03-25 12:55:03pm",
        "elevation_m": 22.95,
        "photo_filename": "DSC00156.jpg",
        "photo_path": "DSC00156.jpg",
        "surveyor_comment": "2023-03-25 12:55:03pm",
        "survey_date": "2023-3-25",
        "station_source": "Native (Survey / POW)",
        "native_station": " (0+249.4)"
      },
      "geometry": {
        "type": "Point",
        "coordinates": [
          121.311856,
          13.198694
        ]
      }
    },
    {
      "type": "Feature",
      "properties": {
        "id": 132,
        "name": "LATERAL D TO 6 (0+357.3)",
        "type": "Turnout",
        "Structure_Category": "Turnout (TO)",
        "canal_name": "MC2 LATERAL C",
        "station": "STA 0+357.3",
        "station_m": 357.3,
        "offset_m": 1,
        "elevation": 22.95,
        "desc": "",
        "comment": "2023-03-25 12:58:37pm",
        "elevation_m": 22.95,
        "photo_filename": "DSC00158.jpg",
        "photo_path": "DSC00158.jpg",
        "surveyor_comment": "2023-03-25 12:58:37pm",
        "survey_date": "2023-3-25",
        "station_source": "Native (Survey / POW)",
        "native_station": " (0+357.3)"
      },
      "geometry": {
        "type": "Point",
        "coordinates": [
          121.312828,
          13.198802
        ]
      }
    },
    {
      "type": "Feature",
      "properties": {
        "id": 133,
        "name": "LATERAL D TO 7 (0+420.5)",
        "type": "Turnout",
        "Structure_Category": "Turnout (TO)",
        "canal_name": "MC2 LATERAL C",
        "station": "STA 0+420.5",
        "station_m": 420.5,
        "offset_m": 1.91,
        "elevation": 21.58,
        "desc": "",
        "comment": "2023-03-25 1:00:31pm",
        "elevation_m": 21.58,
        "photo_filename": "DSC00159.jpg",
        "photo_path": "DSC00159.jpg",
        "surveyor_comment": "2023-03-25 1:00:31pm",
        "survey_date": "2023-3-25",
        "station_source": "Native (Survey / POW)",
        "native_station": " (0+420.5)"
      },
      "geometry": {
        "type": "Point",
        "coordinates": [
          121.313424,
          13.198861
        ]
      }
    },
    {
      "type": "Feature",
      "properties": {
        "id": 131,
        "name": "LATERAL D BULLCART 1 (0+302)",
        "type": "Thresher Crossing",
        "Structure_Category": "Thresher Crossing",
        "canal_name": "MC2 LATERAL C",
        "station": "STA 0+302.0",
        "station_m": 302,
        "offset_m": 0.77,
        "elevation": 22.73,
        "desc": "",
        "comment": "2023-03-25 12:57:00pm",
        "elevation_m": 22.73,
        "photo_filename": "DSC00157.jpg",
        "photo_path": "DSC00157.jpg",
        "surveyor_comment": "2023-03-25 12:57:00pm",
        "survey_date": "2023-3-25",
        "station_source": "Native (Survey / POW)",
        "native_station": " (0+302)"
      },
      "geometry": {
        "type": "Point",
        "coordinates": [
          121.312315,
          13.198768
        ]
      }
    },
    {
      "type": "Feature",
      "properties": {
        "id": 134,
        "name": "LATERAL D TO 8 (0+579.9)",
        "type": "Turnout",
        "Structure_Category": "Turnout (TO)",
        "canal_name": "MC2 LATERAL C",
        "station": "STA 0+579.9",
        "station_m": 579.9,
        "offset_m": 1.79,
        "elevation": 20.98,
        "desc": "",
        "comment": "2023-03-25 1:03:35pm",
        "elevation_m": 20.98,
        "photo_filename": "DSC00160.jpg",
        "photo_path": "DSC00160.jpg",
        "surveyor_comment": "2023-03-25 1:03:35pm",
        "survey_date": "2023-3-25",
        "station_source": "Native (Survey / POW)",
        "native_station": " (0+579.9)"
      },
      "geometry": {
        "type": "Point",
        "coordinates": [
          121.314901,
          13.199031
        ]
      }
    },
    {
      "type": "Feature",
      "properties": {
        "id": 136,
        "name": "LATERAL D  END OF CANAL (0+672.1)",
        "type": "Other Structures",
        "Structure_Category": "Other Structures",
        "canal_name": "MC2 LATERAL C",
        "station": "STA 0+672.1",
        "station_m": 672.1,
        "offset_m": 0.31,
        "elevation": 15.9,
        "desc": "",
        "comment": "2023-03-25 1:08:53pm",
        "elevation_m": 15.9,
        "photo_filename": "DSC00163.jpg",
        "photo_path": "DSC00163.jpg",
        "surveyor_comment": "2023-03-25 1:08:53pm",
        "survey_date": "2023-3-25",
        "station_source": "Native (Survey / POW)",
        "native_station": " (0+672.1)"
      },
      "geometry": {
        "type": "Point",
        "coordinates": [
          121.315768,
          13.199103
        ]
      }
    },
    {
      "type": "Feature",
      "properties": {
        "id": 153,
        "name": "MC2 DRAINAGE CROSSING 1 (0+155.7)",
        "type": "Drainage",
        "Structure_Category": "Drainage",
        "canal_name": "MAIN CANAL 2 (URDANETA)",
        "station": "STA 0+155.7",
        "station_m": 155.7,
        "offset_m": 2.5,
        "elevation": 16.28,
        "desc": "",
        "comment": "2023-03-26 10:18:30am",
        "elevation_m": 16.28,
        "photo_filename": "DSC00182.jpg",
        "photo_path": "DSC00182.jpg",
        "surveyor_comment": "2023-03-26 10:18:30am",
        "survey_date": "2023-3-26",
        "station_source": "Native (Survey / POW)",
        "native_station": " (0+155.7)"
      },
      "geometry": {
        "type": "Point",
        "coordinates": [
          121.283468,
          13.184925
        ]
      }
    },
    {
      "type": "Feature",
      "properties": {
        "id": 176,
        "name": "MC2 DRAINAGE CROSSING 4 (1+799.4)",
        "type": "Drainage",
        "Structure_Category": "Drainage",
        "canal_name": "MAIN CANAL 2 (URDANETA)",
        "station": "STA 1+799.4",
        "station_m": 1799.4,
        "offset_m": 4.07,
        "elevation": 7.52,
        "desc": "",
        "comment": "2023-03-27 10:54:14am",
        "elevation_m": 7.52,
        "photo_filename": "DSC00206.jpg",
        "photo_path": "DSC00206.jpg",
        "surveyor_comment": "2023-03-27 10:54:14am",
        "survey_date": "2023-3-27",
        "station_source": "Native (Survey / POW)",
        "native_station": " (1+799.4)"
      },
      "geometry": {
        "type": "Point",
        "coordinates": [
          121.291265,
          13.196323
        ]
      }
    },
    {
      "type": "Feature",
      "properties": {
        "id": 178,
        "name": "MC2 ROAD CROSSING (1+993)",
        "type": "Road Crossing",
        "Structure_Category": "Road Crossing",
        "canal_name": "MAIN CANAL 2 (URDANETA)",
        "station": "STA 1+993.0",
        "station_m": 1993,
        "offset_m": 2.94,
        "elevation": 8.43,
        "desc": "",
        "comment": "2023-03-27 10:59:52am",
        "elevation_m": 8.43,
        "photo_filename": "DSC00208.jpg",
        "photo_path": "DSC00208.jpg",
        "surveyor_comment": "2023-03-27 10:59:52am",
        "survey_date": "2023-3-27",
        "station_source": "Native (Survey / POW)",
        "native_station": " (1+993)"
      },
      "geometry": {
        "type": "Point",
        "coordinates": [
          121.291701,
          13.197769
        ]
      }
    },
    {
      "type": "Feature",
      "properties": {
        "id": 189,
        "name": "MC2 BULLCART 10 (3+164.9)",
        "type": "Thresher Crossing",
        "Structure_Category": "Thresher Crossing",
        "canal_name": "MAIN CANAL 2 (URDANETA)",
        "station": "STA 3+164.9",
        "station_m": 3164.9,
        "offset_m": 0.37,
        "elevation": 11.73,
        "desc": "",
        "comment": "2023-03-27 11:27:52am",
        "elevation_m": 11.73,
        "photo_filename": "DSC00219.jpg",
        "photo_path": "DSC00219.jpg",
        "surveyor_comment": "2023-03-27 11:27:52am",
        "survey_date": "2023-3-27",
        "station_source": "Native (Survey / POW)",
        "native_station": " (3+164.9)"
      },
      "geometry": {
        "type": "Point",
        "coordinates": [
          121.301394,
          13.198405
        ]
      }
    },
    {
      "type": "Feature",
      "properties": {
        "id": 179,
        "name": "MC2 BULLCART 4 (2+121.5)",
        "type": "Thresher Crossing",
        "Structure_Category": "Thresher Crossing",
        "canal_name": "MAIN CANAL 2 (URDANETA)",
        "station": "STA 2+121.5",
        "station_m": 2121.5,
        "offset_m": 4.23,
        "elevation": 9.13,
        "desc": "",
        "comment": "2023-03-27 11:03:35am",
        "elevation_m": 9.13,
        "photo_filename": "DSC00209.jpg",
        "photo_path": "DSC00209.jpg",
        "surveyor_comment": "2023-03-27 11:03:35am",
        "survey_date": "2023-3-27",
        "station_source": "Native (Survey / POW)",
        "native_station": " (2+121.5)"
      },
      "geometry": {
        "type": "Point",
        "coordinates": [
          121.293979,
          13.197709
        ]
      }
    },
    {
      "type": "Feature",
      "properties": {
        "id": 180,
        "name": "MC2 ROAD CROSSING INLET (2+633.7)",
        "type": "Road Crossing",
        "Structure_Category": "Road Crossing",
        "canal_name": "MAIN CANAL 2 (URDANETA)",
        "station": "STA 2+633.7",
        "station_m": 2633.7,
        "offset_m": 3.15,
        "elevation": 10.81,
        "desc": "",
        "comment": "2023-03-27 11:09:45am",
        "elevation_m": 10.81,
        "photo_filename": "DSC00210.jpg",
        "photo_path": "DSC00210.jpg",
        "surveyor_comment": "2023-03-27 11:09:45am",
        "survey_date": "2023-3-27",
        "station_source": "Native (Survey / POW)",
        "native_station": " (2+633.7)"
      },
      "geometry": {
        "type": "Point",
        "coordinates": [
          121.297424,
          13.197666
        ]
      }
    },
    {
      "type": "Feature",
      "properties": {
        "id": 181,
        "name": "MC2 ROAD CROSSING OUTLET (2+646.5)",
        "type": "Road Crossing",
        "Structure_Category": "Road Crossing",
        "canal_name": "MAIN CANAL 2 (URDANETA)",
        "station": "STA 2+646.5",
        "station_m": 2646.5,
        "offset_m": 3.15,
        "elevation": 10.96,
        "desc": "",
        "comment": "2023-03-27 11:12:34am",
        "elevation_m": 10.96,
        "photo_filename": "DSC00211.jpg",
        "photo_path": "DSC00211.jpg",
        "surveyor_comment": "2023-03-27 11:12:34am",
        "survey_date": "2023-3-27",
        "station_source": "Native (Survey / POW)",
        "native_station": " (2+646.5)"
      },
      "geometry": {
        "type": "Point",
        "coordinates": [
          121.297536,
          13.197665
        ]
      }
    },
    {
      "type": "Feature",
      "properties": {
        "id": 182,
        "name": "MC2 BULLCART 5 (2+663.3)",
        "type": "Thresher Crossing",
        "Structure_Category": "Thresher Crossing",
        "canal_name": "MAIN CANAL 2 (URDANETA)",
        "station": "STA 2+663.3",
        "station_m": 2663.3,
        "offset_m": 3.84,
        "elevation": 11.92,
        "desc": "",
        "comment": "2023-03-27 11:13:51am",
        "elevation_m": 11.92,
        "photo_filename": "DSC00212.jpg",
        "photo_path": "DSC00212.jpg",
        "surveyor_comment": "2023-03-27 11:13:51am",
        "survey_date": "2023-3-27",
        "station_source": "Native (Survey / POW)",
        "native_station": " (2+663.3)"
      },
      "geometry": {
        "type": "Point",
        "coordinates": [
          121.297482,
          13.197809
        ]
      }
    },
    {
      "type": "Feature",
      "properties": {
        "id": 183,
        "name": "MC2 BULLCART 6 (2+695.6)",
        "type": "Thresher Crossing",
        "Structure_Category": "Thresher Crossing",
        "canal_name": "MAIN CANAL 2 (URDANETA)",
        "station": "STA 2+695.6",
        "station_m": 2695.6,
        "offset_m": 4.39,
        "elevation": 12,
        "desc": "",
        "comment": "2023-03-27 11:15:13am",
        "elevation_m": 12,
        "photo_filename": "DSC00213.jpg",
        "photo_path": "DSC00213.jpg",
        "surveyor_comment": "2023-03-27 11:15:13am",
        "survey_date": "2023-3-27",
        "station_source": "Native (Survey / POW)",
        "native_station": " (2+695.6)"
      },
      "geometry": {
        "type": "Point",
        "coordinates": [
          121.297425,
          13.198102
        ]
      }
    },
    {
      "type": "Feature",
      "properties": {
        "id": 184,
        "name": "MC2 BULLCART 7 (2+714.6)",
        "type": "Thresher Crossing",
        "Structure_Category": "Thresher Crossing",
        "canal_name": "MAIN CANAL 2 (URDANETA)",
        "station": "STA 2+714.6",
        "station_m": 2714.6,
        "offset_m": 2.27,
        "elevation": 12.09,
        "desc": "",
        "comment": "2023-03-27 11:16:15am",
        "elevation_m": 12.09,
        "photo_filename": "DSC00214.jpg",
        "photo_path": "DSC00214.jpg",
        "surveyor_comment": "2023-03-27 11:16:15am",
        "survey_date": "2023-3-27",
        "station_source": "Native (Survey / POW)",
        "native_station": " (2+714.6)"
      },
      "geometry": {
        "type": "Point",
        "coordinates": [
          121.297413,
          13.198282
        ]
      }
    },
    {
      "type": "Feature",
      "properties": {
        "id": 186,
        "name": "MC2 BULLCART 8 (2+769.3)",
        "type": "Thresher Crossing",
        "Structure_Category": "Thresher Crossing",
        "canal_name": "MAIN CANAL 2 (URDANETA)",
        "station": "STA 2+769.3",
        "station_m": 2769.3,
        "offset_m": 2.53,
        "elevation": 11.63,
        "desc": "",
        "comment": "2023-03-27 11:19:10am",
        "elevation_m": 11.63,
        "photo_filename": "DSC00216.jpg",
        "photo_path": "DSC00216.jpg",
        "surveyor_comment": "2023-03-27 11:19:10am",
        "survey_date": "2023-3-27",
        "station_source": "Native (Survey / POW)",
        "native_station": " (2+769.3)"
      },
      "geometry": {
        "type": "Point",
        "coordinates": [
          121.297765,
          13.198374
        ]
      }
    },
    {
      "type": "Feature",
      "properties": {
        "id": 187,
        "name": "MC2 BULLCART 9 (2+888.5)",
        "type": "Thresher Crossing",
        "Structure_Category": "Thresher Crossing",
        "canal_name": "MAIN CANAL 2 (URDANETA)",
        "station": "STA 2+888.5",
        "station_m": 2888.5,
        "offset_m": 0.11,
        "elevation": 12.18,
        "desc": "",
        "comment": "2023-03-27 11:21:31am",
        "elevation_m": 12.18,
        "photo_filename": "DSC00217.jpg",
        "photo_path": "DSC00217.jpg",
        "surveyor_comment": "2023-03-27 11:21:31am",
        "survey_date": "2023-3-27",
        "station_source": "Native (Survey / POW)",
        "native_station": " (2+888.5)"
      },
      "geometry": {
        "type": "Point",
        "coordinates": [
          121.298909,
          13.198383
        ]
      }
    },
    {
      "type": "Feature",
      "properties": {
        "id": 190,
        "name": "MC2 BULLCART 11 (3+190.3)",
        "type": "Thresher Crossing",
        "Structure_Category": "Thresher Crossing",
        "canal_name": "MAIN CANAL 2 (URDANETA)",
        "station": "STA 3+190.3",
        "station_m": 3190.3,
        "offset_m": 0.56,
        "elevation": 11.51,
        "desc": "",
        "comment": "2023-03-27 11:29:21am",
        "elevation_m": 11.51,
        "photo_filename": "DSC00220.jpg",
        "photo_path": "DSC00220.jpg",
        "surveyor_comment": "2023-03-27 11:29:21am",
        "survey_date": "2023-3-27",
        "station_source": "Native (Survey / POW)",
        "native_station": " (3+190.3)"
      },
      "geometry": {
        "type": "Point",
        "coordinates": [
          121.301616,
          13.198395
        ]
      }
    },
    {
      "type": "Feature",
      "properties": {
        "id": 191,
        "name": "MC2 BULLCART 12 (3+221.6)",
        "type": "Thresher Crossing",
        "Structure_Category": "Thresher Crossing",
        "canal_name": "MAIN CANAL 2 (URDANETA)",
        "station": "STA 3+221.6",
        "station_m": 3221.6,
        "offset_m": 1.5,
        "elevation": 12.3,
        "desc": "",
        "comment": "2023-03-27 11:30:50am",
        "elevation_m": 12.3,
        "photo_filename": "DSC00221.jpg",
        "photo_path": "DSC00221.jpg",
        "surveyor_comment": "2023-03-27 11:30:50am",
        "survey_date": "2023-3-27",
        "station_source": "Native (Survey / POW)",
        "native_station": " (3+221.6)"
      },
      "geometry": {
        "type": "Point",
        "coordinates": [
          121.3019,
          13.198376
        ]
      }
    },
    {
      "type": "Feature",
      "properties": {
        "id": 192,
        "name": "MC2 BULLCART 13 (3+228.8)",
        "type": "Thresher Crossing",
        "Structure_Category": "Thresher Crossing",
        "canal_name": "MAIN CANAL 2 (URDANETA)",
        "station": "STA 3+228.8",
        "station_m": 3228.8,
        "offset_m": 1.97,
        "elevation": 12.37,
        "desc": "",
        "comment": "2023-03-27 11:31:58am",
        "elevation_m": 12.37,
        "photo_filename": "DSC00222.jpg",
        "photo_path": "DSC00222.jpg",
        "surveyor_comment": "2023-03-27 11:31:58am",
        "survey_date": "2023-3-27",
        "station_source": "Native (Survey / POW)",
        "native_station": " (3+228.8)"
      },
      "geometry": {
        "type": "Point",
        "coordinates": [
          121.301973,
          13.198369
        ]
      }
    },
    {
      "type": "Feature",
      "properties": {
        "id": 193,
        "name": "MC2 BULLCART 13 (3+249)",
        "type": "Thresher Crossing",
        "Structure_Category": "Thresher Crossing",
        "canal_name": "MAIN CANAL 2 (URDANETA)",
        "station": "STA 3+249.0",
        "station_m": 3249,
        "offset_m": 2.87,
        "elevation": 13.08,
        "desc": "",
        "comment": "2023-03-27 11:32:54am",
        "elevation_m": 13.08,
        "photo_filename": "DSC00223.jpg",
        "photo_path": "DSC00223.jpg",
        "surveyor_comment": "2023-03-27 11:32:54am",
        "survey_date": "2023-3-27",
        "station_source": "Native (Survey / POW)",
        "native_station": " (3+249)"
      },
      "geometry": {
        "type": "Point",
        "coordinates": [
          121.302159,
          13.198354
        ]
      }
    },
    {
      "type": "Feature",
      "properties": {
        "id": 194,
        "name": "MC2 TURN IN (3+348.7)",
        "type": "Inlet",
        "Structure_Category": "Inlet",
        "canal_name": "MAIN CANAL 2 (URDANETA)",
        "station": "STA 3+348.7",
        "station_m": 3348.7,
        "offset_m": 2.67,
        "elevation": 12.66,
        "desc": "",
        "comment": "2023-03-27 11:34:45am",
        "elevation_m": 12.66,
        "photo_filename": "DSC00224.jpg",
        "photo_path": "DSC00224.jpg",
        "surveyor_comment": "2023-03-27 11:34:45am",
        "survey_date": "2023-3-27",
        "station_source": "Native (Survey / POW)",
        "native_station": " (3+348.7)"
      },
      "geometry": {
        "type": "Point",
        "coordinates": [
          121.303124,
          13.198279
        ]
      }
    },
    {
      "type": "Feature",
      "properties": {
        "id": 172,
        "name": "MC2 TO 4 (1+486.9)",
        "type": "Turnout",
        "Structure_Category": "Turnout (TO)",
        "canal_name": "MAIN CANAL 2 (URDANETA)",
        "station": "STA 1+486.9",
        "station_m": 1486.9,
        "offset_m": 12.07,
        "elevation": 26.65,
        "desc": "",
        "comment": "2023-03-26 1:23:10pm",
        "elevation_m": 26.65,
        "photo_filename": "DSC00202.jpg",
        "photo_path": "DSC00202.jpg",
        "surveyor_comment": "2023-03-26 1:23:10pm",
        "survey_date": "2023-3-26",
        "station_source": "Native (Survey / POW)",
        "native_station": " (1+486.9)"
      },
      "geometry": {
        "type": "Point",
        "coordinates": [
          121.290243,
          13.194418
        ]
      }
    },
    {
      "type": "Feature",
      "properties": {
        "id": 195,
        "name": "MC2 TURN IN RIGHT (3+570.9)",
        "type": "Inlet",
        "Structure_Category": "Inlet",
        "canal_name": "MAIN CANAL 2 (URDANETA)",
        "station": "STA 3+570.9",
        "station_m": 3570.9,
        "offset_m": 2.1,
        "elevation": 13.47,
        "desc": "",
        "comment": "2023-03-27 11:38:38am",
        "elevation_m": 13.47,
        "photo_filename": "DSC00225.jpg",
        "photo_path": "DSC00225.jpg",
        "surveyor_comment": "2023-03-27 11:38:38am",
        "survey_date": "2023-3-27",
        "station_source": "Native (Survey / POW)",
        "native_station": " (3+570.9)"
      },
      "geometry": {
        "type": "Point",
        "coordinates": [
          121.30511,
          13.19834
        ]
      }
    },
    {
      "type": "Feature",
      "properties": {
        "id": 197,
        "name": "MC2 ROAD CROSSING (3+594.1)",
        "type": "Road Crossing",
        "Structure_Category": "Road Crossing",
        "canal_name": "MAIN CANAL 2 (URDANETA)",
        "station": "STA 3+594.1",
        "station_m": 3594.1,
        "offset_m": 1.41,
        "elevation": 13.15,
        "desc": "",
        "comment": "2023-03-27 11:41:20am",
        "elevation_m": 13.15,
        "photo_filename": "DSC00227.jpg",
        "photo_path": "DSC00227.jpg",
        "surveyor_comment": "2023-03-27 11:41:20am",
        "survey_date": "2023-3-27",
        "station_source": "Native (Survey / POW)",
        "native_station": " (3+594.1)"
      },
      "geometry": {
        "type": "Point",
        "coordinates": [
          121.305319,
          13.198384
        ]
      }
    },
    {
      "type": "Feature",
      "properties": {
        "id": 198,
        "name": "MC2 BULLCART 14 (3+600.1)",
        "type": "Thresher Crossing",
        "Structure_Category": "Thresher Crossing",
        "canal_name": "MAIN CANAL 2 (URDANETA)",
        "station": "STA 3+600.1",
        "station_m": 3600.1,
        "offset_m": 1.92,
        "elevation": 12.49,
        "desc": "",
        "comment": "2023-03-27 11:42:32am",
        "elevation_m": 12.49,
        "photo_filename": "DSC00228.jpg",
        "photo_path": "DSC00228.jpg",
        "surveyor_comment": "2023-03-27 11:42:32am",
        "survey_date": "2023-3-27",
        "station_source": "Native (Survey / POW)",
        "native_station": " (3+600.1)"
      },
      "geometry": {
        "type": "Point",
        "coordinates": [
          121.305373,
          13.198392
        ]
      }
    },
    {
      "type": "Feature",
      "properties": {
        "id": 166,
        "name": "MC2 TO 2 (1+157.9)",
        "type": "Turnout",
        "Structure_Category": "Turnout (TO)",
        "canal_name": "MAIN CANAL 2 (URDANETA)",
        "station": "STA 1+157.9",
        "station_m": 1157.9,
        "offset_m": 0.2,
        "elevation": 27.8,
        "desc": "",
        "comment": "2023-03-26 12:58:44pm",
        "elevation_m": 27.8,
        "photo_filename": "DSC00196.jpg",
        "photo_path": "DSC00196.jpg",
        "surveyor_comment": "2023-03-26 12:58:44pm",
        "survey_date": "2023-3-26",
        "station_source": "Native (Survey / POW)",
        "native_station": " (1+157.9)"
      },
      "geometry": {
        "type": "Point",
        "coordinates": [
          121.288886,
          13.191815
        ]
      }
    },
    {
      "type": "Feature",
      "properties": {
        "id": 171,
        "name": "MC2 TO 3 (1+469.6)",
        "type": "Turnout",
        "Structure_Category": "Turnout (TO)",
        "canal_name": "MAIN CANAL 2 (URDANETA)",
        "station": "STA 1+469.6",
        "station_m": 1469.6,
        "offset_m": 8.98,
        "elevation": 26.29,
        "desc": "",
        "comment": "2023-03-26 1:16:15pm",
        "elevation_m": 26.29,
        "photo_filename": "DSC00201.jpg",
        "photo_path": "DSC00201.jpg",
        "surveyor_comment": "2023-03-26 1:16:15pm",
        "survey_date": "2023-3-26",
        "station_source": "Native (Survey / POW)",
        "native_station": " (1+469.6)"
      },
      "geometry": {
        "type": "Point",
        "coordinates": [
          121.290114,
          13.194419
        ]
      }
    },
    {
      "type": "Feature",
      "properties": {
        "id": 174,
        "name": "MC2 TO 5 (1+617)",
        "type": "Turnout",
        "Structure_Category": "Turnout (TO)",
        "canal_name": "MAIN CANAL 2 (URDANETA)",
        "station": "STA 1+617.0",
        "station_m": 1617,
        "offset_m": 4.21,
        "elevation": 6.4,
        "desc": "",
        "comment": "2023-03-27 10:49:39am",
        "elevation_m": 6.4,
        "photo_filename": "DSC00204.jpg",
        "photo_path": "DSC00204.jpg",
        "surveyor_comment": "2023-03-27 10:49:39am",
        "survey_date": "2023-3-27",
        "station_source": "Native (Survey / POW)",
        "native_station": " (1+617)"
      },
      "geometry": {
        "type": "Point",
        "coordinates": [
          121.291122,
          13.194695
        ]
      }
    },
    {
      "type": "Feature",
      "properties": {
        "id": 1,
        "name": "MC3 INTAKE (0+23.5)",
        "type": "Intake",
        "Structure_Category": "Inlet",
        "canal_name": "MAIN CANAL 3 (SAN NARCISO)",
        "station": "STA 0+023.5",
        "station_m": 23.5,
        "offset_m": 2.92,
        "elevation": 23.15,
        "desc": "",
        "comment": "2023-03-22 12:17:01pm",
        "elevation_m": 23.15,
        "photo_filename": "DSC00017.jpg",
        "photo_path": "../DCIM/DSC00017.jpg",
        "surveyor_comment": "2023-03-22 12:17:01pm",
        "survey_date": "2023-3-22",
        "station_source": "Native (Survey / POW)",
        "native_station": " (0+23.5)"
      },
      "geometry": {
        "type": "Point",
        "coordinates": [
          121.283001,
          13.183442
        ]
      }
    },
    {
      "type": "Feature",
      "properties": {
        "id": 267,
        "name": "BAGONG BUHAY MAIN CANAL BULLCART 8 (1+507.5)",
        "type": "Thresher Crossing",
        "Structure_Category": "Thresher Crossing",
        "canal_name": "BAGONG BUHAY MAIN CANAL 1",
        "station": "STA 1+507.5",
        "station_m": 1507.5,
        "offset_m": 10.51,
        "elevation": 41.72,
        "desc": "",
        "comment": "2023-03-28 11:13:02am",
        "elevation_m": 41.72,
        "photo_filename": "DSC00258.jpg",
        "photo_path": "DSC00258.jpg",
        "surveyor_comment": "2023-03-28 11:13:02am",
        "survey_date": "2023-3-28",
        "station_source": "Native (Survey / POW)",
        "native_station": " (1+507.5)"
      },
      "geometry": {
        "type": "Point",
        "coordinates": [
          121.207842,
          13.197247
        ]
      }
    },
    {
      "type": "Feature",
      "properties": {
        "id": 255,
        "name": "BAGONG BUHAY MAIN CANAL SIPHON (0+675.7)",
        "type": "Siphon",
        "Structure_Category": "Siphon",
        "canal_name": "BAGONG BUHAY MAIN CANAL 1",
        "station": "STA 0+675.7",
        "station_m": 675.7,
        "offset_m": 2.25,
        "elevation": 42.23,
        "desc": "",
        "comment": "2023-03-28 10:46:51am",
        "elevation_m": 42.23,
        "photo_filename": "DSC00246.jpg",
        "photo_path": "DSC00246.jpg",
        "surveyor_comment": "2023-03-28 10:46:51am",
        "survey_date": "2023-3-28",
        "station_source": "Native (Survey / POW)",
        "native_station": " (0+675.7)"
      },
      "geometry": {
        "type": "Point",
        "coordinates": [
          121.203024,
          13.194706
        ]
      }
    },
    {
      "type": "Feature",
      "properties": {
        "id": 259,
        "name": "BAGONG BUHAY MAIN CANAL BULLCART 4 (1+103.2)",
        "type": "Thresher Crossing",
        "Structure_Category": "Thresher Crossing",
        "canal_name": "BAGONG BUHAY MAIN CANAL 1",
        "station": "STA 1+103.2",
        "station_m": 1103.2,
        "offset_m": 4.19,
        "elevation": 43.45,
        "desc": "",
        "comment": "2023-03-28 10:59:08am",
        "elevation_m": 43.45,
        "photo_filename": "DSC00250.jpg",
        "photo_path": "DSC00250.jpg",
        "surveyor_comment": "2023-03-28 10:59:08am",
        "survey_date": "2023-3-28",
        "station_source": "Native (Survey / POW)",
        "native_station": " (1+103.2)"
      },
      "geometry": {
        "type": "Point",
        "coordinates": [
          121.204131,
          13.197238
        ]
      }
    },
    {
      "type": "Feature",
      "properties": {
        "id": 151,
        "name": "MC2 OUTLET (0+022.9)",
        "type": "Outlet",
        "Structure_Category": "Outlet",
        "canal_name": "MAIN CANAL 2 (URDANETA)",
        "station": "STA 0+022.9",
        "station_m": 22.9,
        "offset_m": 6.08,
        "elevation": 16.06,
        "desc": "",
        "comment": "2023-03-26 10:09:19am",
        "elevation_m": 16.06,
        "photo_filename": "DSC00179.jpg",
        "photo_path": "DSC00179.jpg",
        "surveyor_comment": "2023-03-26 10:09:19am",
        "survey_date": "2023-3-26",
        "station_source": "Native (Survey / POW)",
        "native_station": " (0+022.9)"
      },
      "geometry": {
        "type": "Point",
        "coordinates": [
          121.282905,
          13.184054
        ]
      }
    },
    {
      "type": "Feature",
      "properties": {
        "id": 159,
        "name": "MC2 BULLCART 3 (0+823.1)",
        "type": "Thresher Crossing",
        "Structure_Category": "Thresher Crossing",
        "canal_name": "MAIN CANAL 2 (URDANETA)",
        "station": "STA 0+823.1",
        "station_m": 823.1,
        "offset_m": 1.4,
        "elevation": 0.31,
        "desc": "",
        "comment": "2023-03-26 10:41:58am",
        "elevation_m": 0.31,
        "photo_filename": "DSC00189.jpg",
        "photo_path": "DSC00189.jpg",
        "surveyor_comment": "2023-03-26 10:41:58am",
        "survey_date": "2023-3-26",
        "station_source": "Native (Survey / POW)",
        "native_station": " (0+823.1)"
      },
      "geometry": {
        "type": "Point",
        "coordinates": [
          121.287659,
          13.188974
        ]
      }
    },
    {
      "type": "Feature",
      "properties": {
        "id": 160,
        "name": "MC2 DRAINAGE CROSSING 3 (0+846.9)",
        "type": "Drainage",
        "Structure_Category": "Drainage",
        "canal_name": "MAIN CANAL 2 (URDANETA)",
        "station": "STA 0+846.9",
        "station_m": 846.9,
        "offset_m": 0.83,
        "elevation": 1.42,
        "desc": "",
        "comment": "2023-03-26 10:44:10am",
        "elevation_m": 1.42,
        "photo_filename": "DSC00190.jpg",
        "photo_path": "DSC00190.jpg",
        "surveyor_comment": "2023-03-26 10:44:10am",
        "survey_date": "2023-3-26",
        "station_source": "Native (Survey / POW)",
        "native_station": " (0+846.9)"
      },
      "geometry": {
        "type": "Point",
        "coordinates": [
          121.287752,
          13.189178
        ]
      }
    },
    {
      "type": "Feature",
      "properties": {
        "id": 163,
        "name": "MC2 ROAD CROSSING (1+026.4)",
        "type": "Road Crossing",
        "Structure_Category": "Road Crossing",
        "canal_name": "MAIN CANAL 2 (URDANETA)",
        "station": "STA 1+026.4",
        "station_m": 1026.4,
        "offset_m": 3.81,
        "elevation": 4.04,
        "desc": "",
        "comment": "2023-03-26 10:53:16am",
        "elevation_m": 4.04,
        "photo_filename": "DSC00193.jpg",
        "photo_path": "DSC00193.jpg",
        "surveyor_comment": "2023-03-26 10:53:16am",
        "survey_date": "2023-3-26",
        "station_source": "Native (Survey / POW)",
        "native_station": " (1+026.4)"
      },
      "geometry": {
        "type": "Point",
        "coordinates": [
          121.288395,
          13.19072
        ]
      }
    },
    {
      "type": "Feature",
      "properties": {
        "id": 270,
        "name": "BAGONG BUHAY MAIN CANAL TO 5 (1+632.7)",
        "type": "Turnout",
        "Structure_Category": "Turnout (TO)",
        "canal_name": "BAGONG BUHAY MAIN CANAL 1",
        "station": "STA 1+632.7",
        "station_m": 1632.7,
        "offset_m": 9.96,
        "elevation": 40.49,
        "desc": "",
        "comment": "2023-03-28 11:18:35am",
        "elevation_m": 40.49,
        "photo_filename": "DSC00261.jpg",
        "photo_path": "DSC00261.jpg",
        "surveyor_comment": "2023-03-28 11:18:35am",
        "survey_date": "2023-3-28",
        "station_source": "Native (Survey / POW)",
        "native_station": " (1+632.7)"
      },
      "geometry": {
        "type": "Point",
        "coordinates": [
          121.209004,
          13.197254
        ]
      }
    },
    {
      "type": "Feature",
      "properties": {
        "id": 168,
        "name": "MC2 ROAD CROSSING (1+377.4)",
        "type": "Road Crossing",
        "Structure_Category": "Road Crossing",
        "canal_name": "MAIN CANAL 2 (URDANETA)",
        "station": "STA 1+377.4",
        "station_m": 1377.4,
        "offset_m": 3.85,
        "elevation": 26.27,
        "desc": "",
        "comment": "2023-03-26 1:07:17pm",
        "elevation_m": 26.27,
        "photo_filename": "DSC00198.jpg",
        "photo_path": "DSC00198.jpg",
        "surveyor_comment": "2023-03-26 1:07:17pm",
        "survey_date": "2023-3-26",
        "station_source": "Native (Survey / POW)",
        "native_station": " (1+377.4)"
      },
      "geometry": {
        "type": "Point",
        "coordinates": [
          121.289703,
          13.19367
        ]
      }
    },
    {
      "type": "Feature",
      "properties": {
        "id": 273,
        "name": "BAGONG BUHAY MAIN CANAL BULLCART 10 (1+792.3)",
        "type": "Thresher Crossing",
        "Structure_Category": "Thresher Crossing",
        "canal_name": "BAGONG BUHAY MAIN CANAL 1",
        "station": "STA 1+792.3",
        "station_m": 1792.3,
        "offset_m": 7.03,
        "elevation": 37.85,
        "desc": "",
        "comment": "2023-03-28 11:25:06am",
        "elevation_m": 37.85,
        "photo_filename": "DSC00264.jpg",
        "photo_path": "DSC00264.jpg",
        "surveyor_comment": "2023-03-28 11:25:06am",
        "survey_date": "2023-3-28",
        "station_source": "Native (Survey / POW)",
        "native_station": " (1+792.3)"
      },
      "geometry": {
        "type": "Point",
        "coordinates": [
          121.210449,
          13.197278
        ]
      }
    },
    {
      "type": "Feature",
      "properties": {
        "id": 279,
        "name": "BAGONG BUHAY MAIN CANAL END OF LINED CANAL (2+566.6)",
        "type": "Other Structures",
        "Structure_Category": "Other Structures",
        "canal_name": "BAGONG BUHAY MAIN CANAL 1",
        "station": "STA 2+566.6",
        "station_m": 2566.6,
        "offset_m": 6.66,
        "elevation": 42.08,
        "desc": "",
        "comment": "2023-03-28 1:15:54pm",
        "elevation_m": 42.08,
        "photo_filename": "DSC00270.jpg",
        "photo_path": "DSC00270.jpg",
        "surveyor_comment": "2023-03-28 1:15:54pm",
        "survey_date": "2023-3-28",
        "station_source": "Native (Survey / POW)",
        "native_station": " (2+566.6)"
      },
      "geometry": {
        "type": "Point",
        "coordinates": [
          121.217559,
          13.197328
        ]
      }
    },
    {
      "type": "Feature",
      "properties": {
        "id": 173,
        "name": "MC2 INLET OF LINED CANAL (1+489.3)",
        "type": "Inlet",
        "Structure_Category": "Inlet",
        "canal_name": "MAIN CANAL 2 (URDANETA)",
        "station": "STA 1+489.3",
        "station_m": 1489.3,
        "offset_m": 6.91,
        "elevation": 5.25,
        "desc": "",
        "comment": "2023-03-27 10:44:26am",
        "elevation_m": 5.25,
        "photo_filename": "DSC00203.jpg",
        "photo_path": "DSC00203.jpg",
        "surveyor_comment": "2023-03-27 10:44:26am",
        "survey_date": "2023-3-27",
        "station_source": "Native (Survey / POW)",
        "native_station": " (1+489.3)"
      },
      "geometry": {
        "type": "Point",
        "coordinates": [
          121.290278,
          13.194465
        ]
      }
    },
    {
      "type": "Feature",
      "properties": {
        "id": 276,
        "name": "BAGONG BUHAY MAIN CANAL BULLCART 11 (2+084.2)",
        "type": "Thresher Crossing",
        "Structure_Category": "Thresher Crossing",
        "canal_name": "BAGONG BUHAY MAIN CANAL 1",
        "station": "STA 2+084.2",
        "station_m": 2084.2,
        "offset_m": 8.04,
        "elevation": 44.31,
        "desc": "",
        "comment": "2023-03-28 1:06:18pm",
        "elevation_m": 44.31,
        "photo_filename": "DSC00267.jpg",
        "photo_path": "DSC00267.jpg",
        "surveyor_comment": "2023-03-28 1:06:18pm",
        "survey_date": "2023-3-28",
        "station_source": "Native (Survey / POW)",
        "native_station": " (2+084.2)"
      },
      "geometry": {
        "type": "Point",
        "coordinates": [
          121.213147,
          13.197301
        ]
      }
    },
    {
      "type": "Feature",
      "properties": {
        "id": 175,
        "name": "MC2 BULLCART 3 (1+697.6)",
        "type": "Thresher Crossing",
        "Structure_Category": "Thresher Crossing",
        "canal_name": "MAIN CANAL 2 (URDANETA)",
        "station": "STA 1+697.6",
        "station_m": 1697.6,
        "offset_m": 1.3,
        "elevation": 6.44,
        "desc": "",
        "comment": "2023-03-27 10:52:12am",
        "elevation_m": 6.44,
        "photo_filename": "DSC00205.jpg",
        "photo_path": "DSC00205.jpg",
        "surveyor_comment": "2023-03-27 10:52:12am",
        "survey_date": "2023-3-27",
        "station_source": "Native (Survey / POW)",
        "native_station": " (1+697.6)"
      },
      "geometry": {
        "type": "Point",
        "coordinates": [
          121.291203,
          13.195478
        ]
      }
    },
    {
      "type": "Feature",
      "properties": {
        "id": 188,
        "name": "MC2 TURN IN (3+152.9)",
        "type": "Inlet",
        "Structure_Category": "Inlet",
        "canal_name": "MAIN CANAL 2 (URDANETA)",
        "station": "STA 3+152.9",
        "station_m": 3152.9,
        "offset_m": 1.82,
        "elevation": 12.17,
        "desc": "",
        "comment": "2023-03-27 11:25:46am",
        "elevation_m": 12.17,
        "photo_filename": "DSC00218.jpg",
        "photo_path": "DSC00218.jpg",
        "surveyor_comment": "2023-03-27 11:25:46am",
        "survey_date": "2023-3-27",
        "station_source": "Native (Survey / POW)",
        "native_station": " (3+152.9)"
      },
      "geometry": {
        "type": "Point",
        "coordinates": [
          121.301267,
          13.198394
        ]
      }
    },
    {
      "type": "Feature",
      "properties": {
        "id": 291,
        "name": "BAGONG BUHAY LATERAL A INLET SIPHON (0+213.7)",
        "type": "Siphon",
        "Structure_Category": "Siphon",
        "canal_name": "BAGONG BUHAY LATERAL A",
        "station": "STA 0+213.7",
        "station_m": 213.7,
        "offset_m": 1.62,
        "elevation": 48.18,
        "desc": "",
        "comment": "2023-03-28 2:06:41pm",
        "elevation_m": 48.18,
        "photo_filename": "DSC00282.jpg",
        "photo_path": "DSC00282.jpg",
        "surveyor_comment": "2023-03-28 2:06:41pm",
        "survey_date": "2023-3-28",
        "station_source": "Native (Survey / POW)",
        "native_station": " (0+213.7)"
      },
      "geometry": {
        "type": "Point",
        "coordinates": [
          121.207898,
          13.199153
        ]
      }
    },
    {
      "type": "Feature",
      "properties": {
        "id": 297,
        "name": "BAGONG BUHAY LATERAL A START OF REMOVALBLE COVER (0+334.6)",
        "type": "Cut and Cover",
        "Structure_Category": "Other Structures",
        "canal_name": "BAGONG BUHAY LATERAL A",
        "station": "STA 0+334.6",
        "station_m": 334.6,
        "offset_m": 6.18,
        "elevation": 48.49,
        "desc": "",
        "comment": "2023-03-28 2:31:48pm",
        "elevation_m": 48.49,
        "photo_filename": "DSC00289.jpg",
        "photo_path": "DSC00289.jpg",
        "surveyor_comment": "2023-03-28 2:31:48pm",
        "survey_date": "2023-3-28",
        "station_source": "Native (Survey / POW)",
        "native_station": " (0+334.6)"
      },
      "geometry": {
        "type": "Point",
        "coordinates": [
          121.207874,
          13.200233
        ]
      }
    },
    {
      "type": "Feature",
      "properties": {
        "id": 300,
        "name": "BAGONG BUHAY LATERAL A BULLCART 4 (0+470.1)",
        "type": "Thresher Crossing",
        "Structure_Category": "Thresher Crossing",
        "canal_name": "BAGONG BUHAY LATERAL A",
        "station": "STA 0+470.1",
        "station_m": 470.1,
        "offset_m": 4.6,
        "elevation": 46.21,
        "desc": "",
        "comment": "2023-03-28 2:37:46pm",
        "elevation_m": 46.21,
        "photo_filename": "DSC00292.jpg",
        "photo_path": "DSC00292.jpg",
        "surveyor_comment": "2023-03-28 2:37:46pm",
        "survey_date": "2023-3-28",
        "station_source": "Native (Survey / POW)",
        "native_station": " (0+470.1)"
      },
      "geometry": {
        "type": "Point",
        "coordinates": [
          121.207879,
          13.201483
        ]
      }
    },
    {
      "type": "Feature",
      "properties": {
        "id": 282,
        "name": "BAGONG BUHAY LATERAL B TO 1 (0+195)",
        "type": "Turnout",
        "Structure_Category": "Turnout (TO)",
        "canal_name": "BAGONG BUHAY LATERAL B",
        "station": "STA 0+195.0",
        "station_m": 195,
        "offset_m": 0.83,
        "elevation": 44.55,
        "desc": "",
        "comment": "2023-03-28 1:30:51pm",
        "elevation_m": 44.55,
        "photo_filename": "DSC00273.jpg",
        "photo_path": "DSC00273.jpg",
        "surveyor_comment": "2023-03-28 1:30:51pm",
        "survey_date": "2023-3-28",
        "station_source": "Native (Survey / POW)",
        "native_station": " (0+195)"
      },
      "geometry": {
        "type": "Point",
        "coordinates": [
          121.212642,
          13.199023
        ]
      }
    },
    {
      "type": "Feature",
      "properties": {
        "id": 285,
        "name": "BAGONG BUHAY LATERAL B TO 2 (0+357.4)",
        "type": "Turnout",
        "Structure_Category": "Turnout (TO)",
        "canal_name": "BAGONG BUHAY LATERAL B",
        "station": "STA 0+357.4",
        "station_m": 357.4,
        "offset_m": 0.34,
        "elevation": 43.69,
        "desc": "",
        "comment": "2023-03-28 1:36:25pm",
        "elevation_m": 43.69,
        "photo_filename": "DSC00276.jpg",
        "photo_path": "DSC00276.jpg",
        "surveyor_comment": "2023-03-28 1:36:25pm",
        "survey_date": "2023-3-28",
        "station_source": "Native (Survey / POW)",
        "native_station": " (0+357.4)"
      },
      "geometry": {
        "type": "Point",
        "coordinates": [
          121.213607,
          13.19973
        ]
      }
    },
    {
      "type": "Feature",
      "properties": {
        "id": 432,
        "name": "MAPALO LATERAL AN-1 BULLCART 5 (4+292.1)",
        "type": "Thresher Crossing",
        "Structure_Category": "Thresher Crossing",
        "canal_name": "MAPALO LATERAL AN1",
        "station": "STA 4+292.1",
        "station_m": 4292.1,
        "offset_m": 1.5,
        "elevation": 99.57,
        "desc": "",
        "comment": "",
        "elevation_m": 99.57,
        "photo_filename": "DSC00354.jpg",
        "photo_path": "DSC00354.jpg",
        "surveyor_comment": null,
        "survey_date": "2023-4-11",
        "station_source": "Native (Survey / POW)",
        "native_station": " (4+292.1)"
      },
      "geometry": {
        "type": "Point",
        "coordinates": [
          121.299269,
          13.275739
        ]
      }
    },
    {
      "type": "Feature",
      "properties": {
        "id": 202,
        "name": "MC2 BULLCART 15 (4+163.4)",
        "type": "Thresher Crossing",
        "Structure_Category": "Thresher Crossing",
        "canal_name": "MAIN CANAL 2 (URDANETA)",
        "station": "STA 4+163.4",
        "station_m": 4163.4,
        "offset_m": 1.98,
        "elevation": 17.88,
        "desc": "",
        "comment": "2023-03-27 12:55:39pm",
        "elevation_m": 17.88,
        "photo_filename": "DSC00232.jpg",
        "photo_path": "DSC00232.jpg",
        "surveyor_comment": "2023-03-27 12:55:39pm",
        "survey_date": "2023-3-27",
        "station_source": "Native (Survey / POW)",
        "native_station": " (4+163.4)"
      },
      "geometry": {
        "type": "Point",
        "coordinates": [
          121.310049,
          13.199195
        ]
      }
    },
    {
      "type": "Feature",
      "properties": {
        "id": 207,
        "name": "MC2 END OF LINED CANAL (5+100.4)",
        "type": "Other Structures",
        "Structure_Category": "Other Structures",
        "canal_name": "MAIN CANAL 2 (URDANETA)",
        "station": "STA 5+100.4",
        "station_m": 5100.4,
        "offset_m": 1.12,
        "elevation": 17.79,
        "desc": "",
        "comment": "2023-03-27 1:15:00pm",
        "elevation_m": 17.79,
        "photo_filename": "DSC00238.jpg",
        "photo_path": "DSC00238.jpg",
        "surveyor_comment": "2023-03-27 1:15:00pm",
        "survey_date": "2023-3-27",
        "station_source": "Native (Survey / POW)",
        "native_station": " (5+100.4)"
      },
      "geometry": {
        "type": "Point",
        "coordinates": [
          121.314039,
          13.205767
        ]
      }
    },
    {
      "type": "Feature",
      "properties": {
        "id": 206,
        "name": "MC2 LINED CANAL (5+005.2)",
        "type": "Other Structures",
        "Structure_Category": "Other Structures",
        "canal_name": "MAIN CANAL 2 (URDANETA)",
        "station": "STA 5+005.2",
        "station_m": 5005.2,
        "offset_m": 0.09,
        "elevation": 17.98,
        "desc": "",
        "comment": "2023-03-27 1:12:15pm",
        "elevation_m": 17.98,
        "photo_filename": "DSC00237.jpg",
        "photo_path": "DSC00237.jpg",
        "surveyor_comment": "2023-03-27 1:12:15pm",
        "survey_date": "2023-3-27",
        "station_source": "Native (Survey / POW)",
        "native_station": " (5+005.2)"
      },
      "geometry": {
        "type": "Point",
        "coordinates": [
          121.313882,
          13.204928
        ]
      }
    },
    {
      "type": "Feature",
      "properties": {
        "id": 205,
        "name": "MC2 SUPPLY CANAL (4+916.6)",
        "type": "Other Structures",
        "Structure_Category": "Other Structures",
        "canal_name": "MAIN CANAL 2 (URDANETA)",
        "station": "STA 4+916.6",
        "station_m": 4916.6,
        "offset_m": 5.6,
        "elevation": 17.73,
        "desc": "",
        "comment": "2023-03-27 1:08:35pm",
        "elevation_m": 17.73,
        "photo_filename": "DSC00235.jpg",
        "photo_path": "DSC00235.jpg",
        "surveyor_comment": "2023-03-27 1:08:35pm",
        "survey_date": "2023-3-27",
        "station_source": "Native (Survey / POW)",
        "native_station": " (4+916.6)"
      },
      "geometry": {
        "type": "Point",
        "coordinates": [
          121.313798,
          13.204172
        ]
      }
    },
    {
      "type": "Feature",
      "properties": {
        "id": 86,
        "name": "LATERAL A BULLCART 2 (0+091.6)",
        "type": "Thresher Crossing",
        "Structure_Category": "Thresher Crossing",
        "canal_name": "MC2 LATERAL A",
        "station": "STA 0+091.6",
        "station_m": 91.6,
        "offset_m": 1.54,
        "elevation": 11.77,
        "desc": "",
        "comment": "2023-03-25 9:57:59am",
        "elevation_m": 11.77,
        "photo_filename": "DSC00110.jpg",
        "photo_path": "DSC00110.jpg",
        "surveyor_comment": "2023-03-25 9:57:59am",
        "survey_date": "2023-3-25",
        "station_source": "Native (Survey / POW)",
        "native_station": " (0+091.6)"
      },
      "geometry": {
        "type": "Point",
        "coordinates": [
          121.297381,
          13.199273
        ]
      }
    },
    {
      "type": "Feature",
      "properties": {
        "id": 94,
        "name": "LATERAL A BULLCART 8 (0+437.7)",
        "type": "Thresher Crossing",
        "Structure_Category": "Thresher Crossing",
        "canal_name": "MC2 LATERAL A",
        "station": "STA 0+437.7",
        "station_m": 437.7,
        "offset_m": 2.64,
        "elevation": 12.33,
        "desc": "",
        "comment": "2023-03-25 10:13:17am",
        "elevation_m": 12.33,
        "photo_filename": "DSC00119.jpg",
        "photo_path": "DSC00119.jpg",
        "surveyor_comment": "2023-03-25 10:13:17am",
        "survey_date": "2023-3-25",
        "station_source": "Native (Survey / POW)",
        "native_station": " (0+437.7)"
      },
      "geometry": {
        "type": "Point",
        "coordinates": [
          121.299225,
          13.200766
        ]
      }
    },
    {
      "type": "Feature",
      "properties": {
        "id": 101,
        "name": "LATERAL A BULLCART 14 (0+668.5)",
        "type": "Thresher Crossing",
        "Structure_Category": "Thresher Crossing",
        "canal_name": "MC2 LATERAL A",
        "station": "STA 0+668.5",
        "station_m": 668.5,
        "offset_m": 0.51,
        "elevation": 12.72,
        "desc": "",
        "comment": "2023-03-25 10:23:04am",
        "elevation_m": 12.72,
        "photo_filename": "DSC00126.jpg",
        "photo_path": "DSC00126.jpg",
        "surveyor_comment": "2023-03-25 10:23:04am",
        "survey_date": "2023-3-25",
        "station_source": "Native (Survey / POW)",
        "native_station": " (0+668.5)"
      },
      "geometry": {
        "type": "Point",
        "coordinates": [
          121.301356,
          13.200704
        ]
      }
    },
    {
      "type": "Feature",
      "properties": {
        "id": 114,
        "name": "LATERAL A BULLCART 19 (1+470)",
        "type": "Thresher Crossing",
        "Structure_Category": "Thresher Crossing",
        "canal_name": "MC2 LATERAL A",
        "station": "STA 1+470.0",
        "station_m": 1470,
        "offset_m": 8.93,
        "elevation": 35.16,
        "desc": "",
        "comment": "2023-03-25 12:07:31pm",
        "elevation_m": 35.16,
        "photo_filename": "DSC00139.jpg",
        "photo_path": "DSC00139.jpg",
        "surveyor_comment": "2023-03-25 12:07:31pm",
        "survey_date": "2023-3-25",
        "station_source": "Native (Survey / POW)",
        "native_station": " (1+470)"
      },
      "geometry": {
        "type": "Point",
        "coordinates": [
          121.30523,
          13.204242
        ]
      }
    },
    {
      "type": "Feature",
      "properties": {
        "id": 123,
        "name": "LATERAL A TO 17 (2+036)",
        "type": "Turnout",
        "Structure_Category": "Turnout (TO)",
        "canal_name": "MC2 LATERAL A",
        "station": "STA 2+036.0",
        "station_m": 2036,
        "offset_m": 3.31,
        "elevation": 28.81,
        "desc": "",
        "comment": "2023-03-25 12:25:41pm",
        "elevation_m": 28.81,
        "photo_filename": "DSC00148.jpg",
        "photo_path": "DSC00148.jpg",
        "surveyor_comment": "2023-03-25 12:25:41pm",
        "survey_date": "2023-3-25",
        "station_source": "Native (Survey / POW)",
        "native_station": " (2+036)"
      },
      "geometry": {
        "type": "Point",
        "coordinates": [
          121.308414,
          13.207013
        ]
      }
    },
    {
      "type": "Feature",
      "properties": {
        "id": 199,
        "name": "MC2 TO 6 (3+729.4)",
        "type": "Turnout",
        "Structure_Category": "Turnout (TO)",
        "canal_name": "MAIN CANAL 2 (URDANETA)",
        "station": "STA 3+729.4",
        "station_m": 3729.4,
        "offset_m": 0.01,
        "elevation": 13.89,
        "desc": "",
        "comment": "2023-03-27 11:45:13am",
        "elevation_m": 13.89,
        "photo_filename": "DSC00229.jpg",
        "photo_path": "DSC00229.jpg",
        "surveyor_comment": "2023-03-27 11:45:13am",
        "survey_date": "2023-3-27",
        "station_source": "Native (Survey / POW)",
        "native_station": " (3+729.4)"
      },
      "geometry": {
        "type": "Point",
        "coordinates": [
          121.306546,
          13.198387
        ]
      }
    },
    {
      "type": "Feature",
      "properties": {
        "id": 200,
        "name": "MC2 TO 7 (4+057.5)",
        "type": "Turnout",
        "Structure_Category": "Turnout (TO)",
        "canal_name": "MAIN CANAL 2 (URDANETA)",
        "station": "STA 4+057.5",
        "station_m": 4057.5,
        "offset_m": 2.25,
        "elevation": 13.87,
        "desc": "",
        "comment": "2023-03-27 11:50:16am",
        "elevation_m": 13.87,
        "photo_filename": "DSC00230.jpg",
        "photo_path": "DSC00230.jpg",
        "surveyor_comment": "2023-03-27 11:50:16am",
        "survey_date": "2023-3-27",
        "station_source": "Native (Survey / POW)",
        "native_station": " (4+057.5)"
      },
      "geometry": {
        "type": "Point",
        "coordinates": [
          121.309427,
          13.198492
        ]
      }
    },
    {
      "type": "Feature",
      "properties": {
        "id": 201,
        "name": "MC2 TO 8 (4+162.1)",
        "type": "Turnout",
        "Structure_Category": "Turnout (TO)",
        "canal_name": "MAIN CANAL 2 (URDANETA)",
        "station": "STA 4+162.1",
        "station_m": 4162.1,
        "offset_m": 1.44,
        "elevation": 18.42,
        "desc": "",
        "comment": "2023-03-27 12:53:24pm",
        "elevation_m": 18.42,
        "photo_filename": "DSC00231.jpg",
        "photo_path": "DSC00231.jpg",
        "surveyor_comment": "2023-03-27 12:53:24pm",
        "survey_date": "2023-3-27",
        "station_source": "Native (Survey / POW)",
        "native_station": " (4+162.1)"
      },
      "geometry": {
        "type": "Point",
        "coordinates": [
          121.310036,
          13.199186
        ]
      }
    },
    {
      "type": "Feature",
      "properties": {
        "id": 203,
        "name": "MC2 TO 9 (+276.4)",
        "type": "Turnout",
        "Structure_Category": "Turnout (TO)",
        "canal_name": "MAIN CANAL 2 (URDANETA)",
        "station": "STA 4+246.0",
        "station_m": 4246.04,
        "offset_m": 3.25,
        "elevation": 17.42,
        "desc": "",
        "comment": "2023-03-27 12:57:55pm",
        "elevation_m": 17.42,
        "photo_filename": "DSC00233.jpg",
        "photo_path": "DSC00233.jpg",
        "surveyor_comment": "2023-03-27 12:57:55pm",
        "survey_date": "2023-3-27",
        "station_source": "Geometric Projection",
        "native_station": null
      },
      "geometry": {
        "type": "Point",
        "coordinates": [
          121.31091,
          13.199689
        ]
      }
    },
    {
      "type": "Feature",
      "properties": {
        "id": 204,
        "name": "MC2 TO 10 (4+505.1)",
        "type": "Turnout",
        "Structure_Category": "Turnout (TO)",
        "canal_name": "MAIN CANAL 2 (URDANETA)",
        "station": "STA 4+505.1",
        "station_m": 4505.1,
        "offset_m": 0.47,
        "elevation": 18.49,
        "desc": "",
        "comment": "2023-03-27 1:01:16pm",
        "elevation_m": 18.49,
        "photo_filename": "DSC00234.jpg",
        "photo_path": "DSC00234.jpg",
        "surveyor_comment": "2023-03-27 1:01:16pm",
        "survey_date": "2023-3-27",
        "station_source": "Native (Survey / POW)",
        "native_station": " (4+505.1)"
      },
      "geometry": {
        "type": "Point",
        "coordinates": [
          121.312525,
          13.200884
        ]
      }
    },
    {
      "type": "Feature",
      "properties": {
        "id": 106,
        "name": "LATERAL A TO 7 (0+892.4)",
        "type": "Turnout",
        "Structure_Category": "Turnout (TO)",
        "canal_name": "MC2 LATERAL A",
        "station": "STA 0+892.4",
        "station_m": 892.4,
        "offset_m": 2.17,
        "elevation": 13.23,
        "desc": "",
        "comment": "2023-03-25 10:31:08am",
        "elevation_m": 13.23,
        "photo_filename": "DSC00131.jpg",
        "photo_path": "DSC00131.jpg",
        "surveyor_comment": "2023-03-25 10:31:08am",
        "survey_date": "2023-3-25",
        "station_source": "Native (Survey / POW)",
        "native_station": " (0+892.4)"
      },
      "geometry": {
        "type": "Point",
        "coordinates": [
          121.302439,
          13.201719
        ]
      }
    },
    {
      "type": "Feature",
      "properties": {
        "id": 127,
        "name": "LATERAL D TO 2 (0+003.1)",
        "type": "Turnout",
        "Structure_Category": "Turnout (TO)",
        "canal_name": "MC2 LATERAL C",
        "station": "STA 0+003.1",
        "station_m": 3.1,
        "offset_m": 1.42,
        "elevation": 23.23,
        "desc": "",
        "comment": "2023-03-25 12:48:44pm",
        "elevation_m": 23.23,
        "photo_filename": "DSC00152.jpg",
        "photo_path": "DSC00152.jpg",
        "surveyor_comment": "2023-03-25 12:48:44pm",
        "survey_date": "2023-3-25",
        "station_source": "Native (Survey / POW)",
        "native_station": " (0+003.1)"
      },
      "geometry": {
        "type": "Point",
        "coordinates": [
          121.309556,
          13.198423
        ]
      }
    },
    {
      "type": "Feature",
      "properties": {
        "id": 263,
        "name": "BAGONG BUHAY MAIN CANAL DRAINAGE CROSSING (1+242.5)",
        "type": "Drainage",
        "Structure_Category": "Drainage",
        "canal_name": "BAGONG BUHAY MAIN CANAL 1",
        "station": "STA 1+242.5",
        "station_m": 1242.5,
        "offset_m": 0.91,
        "elevation": 41.37,
        "desc": "",
        "comment": "2023-03-28 11:05:41am",
        "elevation_m": 41.37,
        "photo_filename": "DSC00254.jpg",
        "photo_path": "DSC00254.jpg",
        "surveyor_comment": "2023-03-28 11:05:41am",
        "survey_date": "2023-3-28",
        "station_source": "Native (Survey / POW)",
        "native_station": " (1+242.5)"
      },
      "geometry": {
        "type": "Point",
        "coordinates": [
          121.205438,
          13.197218
        ]
      }
    },
    {
      "type": "Feature",
      "properties": {
        "id": 250,
        "name": "BAGONG BUHAY MAIN CANAL TURN IN (0+014.7)",
        "type": "Other Structures",
        "Structure_Category": "Other Structures",
        "canal_name": "BAGONG BUHAY MAIN CANAL 1",
        "station": "STA 0+014.7",
        "station_m": 14.7,
        "offset_m": 0.68,
        "elevation": 42.74,
        "desc": "",
        "comment": "2023-03-28 10:22:07am",
        "elevation_m": 42.74,
        "photo_filename": "DSC00241.jpg",
        "photo_path": "DSC00241.jpg",
        "surveyor_comment": "2023-03-28 10:22:07am",
        "survey_date": "2023-3-28",
        "station_source": "Native (Survey / POW)",
        "native_station": " (0+014.7)"
      },
      "geometry": {
        "type": "Point",
        "coordinates": [
          121.200753,
          13.189949
        ]
      }
    },
    {
      "type": "Feature",
      "properties": {
        "id": 264,
        "name": "BAGONG BUHAY MAIN CANAL TO 2 (1+244_",
        "type": "Turnout",
        "Structure_Category": "Turnout (TO)",
        "canal_name": "BAGONG BUHAY MAIN CANAL 1",
        "station": "STA 1+244.0",
        "station_m": 1244,
        "offset_m": 3.74,
        "elevation": 42.38,
        "desc": "",
        "comment": "2023-03-28 11:06:41am",
        "elevation_m": 42.38,
        "photo_filename": "DSC00255.jpg",
        "photo_path": "DSC00255.jpg",
        "surveyor_comment": "2023-03-28 11:06:41am",
        "survey_date": "2023-3-28",
        "station_source": "Native (Survey / POW)",
        "native_station": " (1+244"
      },
      "geometry": {
        "type": "Point",
        "coordinates": [
          121.20545,
          13.197193
        ]
      }
    },
    {
      "type": "Feature",
      "properties": {
        "id": 248,
        "name": "BAGONG BUHAY MAIN CANAL OUTLET (0+000)",
        "type": "Outlet",
        "Structure_Category": "Outlet",
        "canal_name": "BAGONG BUHAY MAIN CANAL 1",
        "station": "STA 0+000.0",
        "station_m": 0,
        "offset_m": 1.8,
        "elevation": 42.81,
        "desc": "",
        "comment": "2023-03-28 10:17:49am",
        "elevation_m": 42.81,
        "photo_filename": "DSC00239.jpg",
        "photo_path": "DSC00239.jpg",
        "surveyor_comment": "2023-03-28 10:17:49am",
        "survey_date": "2023-2-28",
        "station_source": "Native (Survey / POW)",
        "native_station": " (0+000)"
      },
      "geometry": {
        "type": "Point",
        "coordinates": [
          121.200774,
          13.189819
        ]
      }
    },
    {
      "type": "Feature",
      "properties": {
        "id": 252,
        "name": "BAGONG BUHAY MAN CANAL TURN IN 2 (0+135.1)",
        "type": "Other Structures",
        "Structure_Category": "Other Structures",
        "canal_name": "BAGONG BUHAY MAIN CANAL 1",
        "station": "STA 0+135.1",
        "station_m": 135.1,
        "offset_m": 1.74,
        "elevation": 41.72,
        "desc": "",
        "comment": "2023-03-28 10:26:31am",
        "elevation_m": 41.72,
        "photo_filename": "DSC00243.jpg",
        "photo_path": "DSC00243.jpg",
        "surveyor_comment": "2023-03-28 10:26:31am",
        "survey_date": "2023-3-28",
        "station_source": "Native (Survey / POW)",
        "native_station": " (0+135.1)"
      },
      "geometry": {
        "type": "Point",
        "coordinates": [
          121.201123,
          13.190973
        ]
      }
    },
    {
      "type": "Feature",
      "properties": {
        "id": 256,
        "name": "BAGONG BUHAY MAIN CANAL SIPHON OUTLET (0+678.8)",
        "type": "Other Structures",
        "Structure_Category": "Siphon",
        "canal_name": "BAGONG BUHAY MAIN CANAL 1",
        "station": "STA 0+678.8",
        "station_m": 678.8,
        "offset_m": 2.26,
        "elevation": 43.31,
        "desc": "",
        "comment": "2023-03-28 10:49:18am",
        "elevation_m": 43.31,
        "photo_filename": "DSC00247.jpg",
        "photo_path": "DSC00247.jpg",
        "surveyor_comment": "2023-03-28 10:49:18am",
        "survey_date": "2023-3-28",
        "station_source": "Native (Survey / POW)",
        "native_station": " (0+678.8)"
      },
      "geometry": {
        "type": "Point",
        "coordinates": [
          121.203028,
          13.194736
        ]
      }
    },
    {
      "type": "Feature",
      "properties": {
        "id": 265,
        "name": "BAGONG BUHAY MAIN CANAL TO 3 (1+365.9)",
        "type": "Turnout",
        "Structure_Category": "Turnout (TO)",
        "canal_name": "BAGONG BUHAY MAIN CANAL 1",
        "station": "STA 1+365.9",
        "station_m": 1365.9,
        "offset_m": 4.98,
        "elevation": 42.7,
        "desc": "",
        "comment": "2023-03-28 11:08:58am",
        "elevation_m": 42.7,
        "photo_filename": "DSC00256.jpg",
        "photo_path": "DSC00256.jpg",
        "surveyor_comment": "2023-03-28 11:08:58am",
        "survey_date": "2023-3-28",
        "station_source": "Native (Survey / POW)",
        "native_station": " (1+365.9)"
      },
      "geometry": {
        "type": "Point",
        "coordinates": [
          121.206544,
          13.197223
        ]
      }
    },
    {
      "type": "Feature",
      "properties": {
        "id": 260,
        "name": "BAGONG BUHAY MAIN CANAL TURN OUT 1&2 (1+108.7)",
        "type": "Turnout",
        "Structure_Category": "Turnout (TO)",
        "canal_name": "BAGONG BUHAY MAIN CANAL 1",
        "station": "STA 1+108.7",
        "station_m": 1108.7,
        "offset_m": 4.73,
        "elevation": 42.76,
        "desc": "",
        "comment": "2023-03-28 11:00:31am",
        "elevation_m": 42.76,
        "photo_filename": "DSC00251.jpg",
        "photo_path": "DSC00251.jpg",
        "surveyor_comment": "2023-03-28 11:00:31am",
        "survey_date": "2023-3-28",
        "station_source": "Native (Survey / POW)",
        "native_station": " (1+108.7)"
      },
      "geometry": {
        "type": "Point",
        "coordinates": [
          121.204217,
          13.197231
        ]
      }
    },
    {
      "type": "Feature",
      "properties": {
        "id": 268,
        "name": "BAGONG BUHAY LATERAL A HEADGATE (1+513.5)",
        "type": "Head Gate",
        "Structure_Category": "Head Gate",
        "canal_name": "BAGONG BUHAY LATERAL A",
        "station": "STA 1+513.5",
        "station_m": 1513.5,
        "offset_m": 11.13,
        "elevation": 42.44,
        "desc": "",
        "comment": "2023-03-28 11:14:43am",
        "elevation_m": 42.44,
        "photo_filename": "DSC00259.jpg",
        "photo_path": "DSC00259.jpg",
        "surveyor_comment": "2023-03-28 11:14:43am",
        "survey_date": "2023-3-28",
        "station_source": "Native (Survey / POW)",
        "native_station": " (1+513.5)"
      },
      "geometry": {
        "type": "Point",
        "coordinates": [
          121.207904,
          13.197253
        ]
      }
    },
    {
      "type": "Feature",
      "properties": {
        "id": 274,
        "name": "BAGONG BUHAY MAIN CANAL TO 7 (1+984.5)",
        "type": "Turnout",
        "Structure_Category": "Turnout (TO)",
        "canal_name": "BAGONG BUHAY MAIN CANAL 1",
        "station": "STA 1+984.5",
        "station_m": 1984.5,
        "offset_m": 5.79,
        "elevation": 37.91,
        "desc": "",
        "comment": "2023-03-28 11:28:38am",
        "elevation_m": 37.91,
        "photo_filename": "DSC00265.jpg",
        "photo_path": "DSC00265.jpg",
        "surveyor_comment": "2023-03-28 11:28:38am",
        "survey_date": "2023-3-28",
        "station_source": "Native (Survey / POW)",
        "native_station": " (1+984.5)"
      },
      "geometry": {
        "type": "Point",
        "coordinates": [
          121.212212,
          13.197319
        ]
      }
    },
    {
      "type": "Feature",
      "properties": {
        "id": 271,
        "name": "BAGONG BUHAY MAIN CANAL BULLCART 9 (1+714.5)",
        "type": "Thresher Crossing",
        "Structure_Category": "Thresher Crossing",
        "canal_name": "BAGONG BUHAY MAIN CANAL 1",
        "station": "STA 1+714.5",
        "station_m": 1714.5,
        "offset_m": 4.72,
        "elevation": 38.11,
        "desc": "",
        "comment": "2023-03-28 11:21:21am",
        "elevation_m": 38.11,
        "photo_filename": "DSC00262.jpg",
        "photo_path": "DSC00262.jpg",
        "surveyor_comment": "2023-03-28 11:21:21am",
        "survey_date": "2023-3-28",
        "station_source": "Native (Survey / POW)",
        "native_station": " (1+714.5)"
      },
      "geometry": {
        "type": "Point",
        "coordinates": [
          121.209737,
          13.197267
        ]
      }
    },
    {
      "type": "Feature",
      "properties": {
        "id": 280,
        "name": "BAGONG BUHAY LATERAL B BULLCART1 (0+000)",
        "type": "Thresher Crossing",
        "Structure_Category": "Thresher Crossing",
        "canal_name": "BAGONG BUHAY LATERAL B",
        "station": "STA 0+000.0",
        "station_m": 0,
        "offset_m": 9.11,
        "elevation": 45.39,
        "desc": "",
        "comment": "2023-03-28 1:24:36pm",
        "elevation_m": 45.39,
        "photo_filename": "DSC00271.jpg",
        "photo_path": "DSC00271.jpg",
        "surveyor_comment": "2023-03-28 1:24:36pm",
        "survey_date": "2023-3-28",
        "station_source": "Native (Survey / POW)",
        "native_station": " (0+000)"
      },
      "geometry": {
        "type": "Point",
        "coordinates": [
          121.212662,
          13.197303
        ]
      }
    },
    {
      "type": "Feature",
      "properties": {
        "id": 277,
        "name": "BAGONG BUHAY MAIN CANAL BULLCART 12 (2+380.5)",
        "type": "Thresher Crossing",
        "Structure_Category": "Thresher Crossing",
        "canal_name": "BAGONG BUHAY MAIN CANAL 1",
        "station": "STA 2+380.5",
        "station_m": 2380.5,
        "offset_m": 8.17,
        "elevation": 41.09,
        "desc": "",
        "comment": "2023-03-28 1:11:21pm",
        "elevation_m": 41.09,
        "photo_filename": "DSC00268.jpg",
        "photo_path": "DSC00268.jpg",
        "surveyor_comment": "2023-03-28 1:11:21pm",
        "survey_date": "2023-3-28",
        "station_source": "Native (Survey / POW)",
        "native_station": " (2+380.5)"
      },
      "geometry": {
        "type": "Point",
        "coordinates": [
          121.215841,
          13.197237
        ]
      }
    },
    {
      "type": "Feature",
      "properties": {
        "id": 290,
        "name": "BAGONG BUHAY LATERAL A BULLCART 1 (0+000)",
        "type": "Thresher Crossing",
        "Structure_Category": "Thresher Crossing",
        "canal_name": "BAGONG BUHAY LATERAL A",
        "station": "STA 0+000.0",
        "station_m": 0,
        "offset_m": 11.78,
        "elevation": 49.51,
        "desc": "",
        "comment": "2023-03-28 2:01:06pm",
        "elevation_m": 49.51,
        "photo_filename": "DSC00281.jpg",
        "photo_path": "DSC00281.jpg",
        "surveyor_comment": "2023-03-28 2:01:06pm",
        "survey_date": "2023-3-28",
        "station_source": "Native (Survey / POW)",
        "native_station": " (0+000)"
      },
      "geometry": {
        "type": "Point",
        "coordinates": [
          121.207919,
          13.197246
        ]
      }
    },
    {
      "type": "Feature",
      "properties": {
        "id": 294,
        "name": "BAGONG BUHAY LATERAL A BULLCART 2 (0+281.8)",
        "type": "Thresher Crossing",
        "Structure_Category": "Thresher Crossing",
        "canal_name": "BAGONG BUHAY LATERAL A",
        "station": "STA 0+281.8",
        "station_m": 281.8,
        "offset_m": 1.23,
        "elevation": 48.09,
        "desc": "",
        "comment": "2023-03-28 2:10:58pm",
        "elevation_m": 48.09,
        "photo_filename": "DSC00285.jpg",
        "photo_path": "DSC00285.jpg",
        "surveyor_comment": "2023-03-28 2:10:58pm",
        "survey_date": "2023-3-28",
        "station_source": "Native (Survey / POW)",
        "native_station": " (0+281.8)"
      },
      "geometry": {
        "type": "Point",
        "coordinates": [
          121.207918,
          13.199744
        ]
      }
    },
    {
      "type": "Feature",
      "properties": {
        "id": 292,
        "name": "BAGONG BUHAY LATERAL A OUTLET SIPHON (0+220.40",
        "type": "Siphon",
        "Structure_Category": "Siphon",
        "canal_name": "BAGONG BUHAY LATERAL A",
        "station": "STA 0+220.4",
        "station_m": 220.4,
        "offset_m": 0.51,
        "elevation": 47.76,
        "desc": "",
        "comment": "2023-03-28 2:08:30pm",
        "elevation_m": 47.76,
        "photo_filename": "DSC00283.jpg",
        "photo_path": "DSC00283.jpg",
        "surveyor_comment": "2023-03-28 2:08:30pm",
        "survey_date": "2023-3-28",
        "station_source": "Native (Survey / POW)",
        "native_station": " (0+220.40"
      },
      "geometry": {
        "type": "Point",
        "coordinates": [
          121.20791,
          13.199231
        ]
      }
    },
    {
      "type": "Feature",
      "properties": {
        "id": 295,
        "name": "BAGONG BUHAY LATERAL A TO 1 (0+285)",
        "type": "Turnout",
        "Structure_Category": "Turnout (TO)",
        "canal_name": "BAGONG BUHAY LATERAL A",
        "station": "STA 0+285.0",
        "station_m": 285,
        "offset_m": 1.56,
        "elevation": 47.47,
        "desc": "",
        "comment": "2023-03-28 2:12:23pm",
        "elevation_m": 47.47,
        "photo_filename": "DSC00286.jpg",
        "photo_path": "DSC00286.jpg",
        "surveyor_comment": "2023-03-28 2:12:23pm",
        "survey_date": "2023-3-28",
        "station_source": "Native (Survey / POW)",
        "native_station": " (0+285)"
      },
      "geometry": {
        "type": "Point",
        "coordinates": [
          121.207922,
          13.199789
        ]
      }
    },
    {
      "type": "Feature",
      "properties": {
        "id": 298,
        "name": "BAONG BUHAY LATERAL A END OF REMOVABLE COVER (0+456.8)",
        "type": "Cut and Cover",
        "Structure_Category": "Other Structures",
        "canal_name": "BAGONG BUHAY LATERAL A",
        "station": "STA 0+456.8",
        "station_m": 456.8,
        "offset_m": 1.15,
        "elevation": 47.14,
        "desc": "",
        "comment": "2023-03-28 2:35:59pm",
        "elevation_m": 47.14,
        "photo_filename": "DSC00290.jpg",
        "photo_path": "DSC00290.jpg",
        "surveyor_comment": "2023-03-28 2:35:59pm",
        "survey_date": "2023-3-28",
        "station_source": "Native (Survey / POW)",
        "native_station": " (0+456.8)"
      },
      "geometry": {
        "type": "Point",
        "coordinates": [
          121.207913,
          13.201329
        ]
      }
    },
    {
      "type": "Feature",
      "properties": {
        "id": 301,
        "name": "BAGONG BUHAY LATERAL A BULLCART 5 (0+490.3)",
        "type": "Thresher Crossing",
        "Structure_Category": "Thresher Crossing",
        "canal_name": "BAGONG BUHAY LATERAL A",
        "station": "STA 0+490.3",
        "station_m": 490.3,
        "offset_m": 3.5,
        "elevation": 46.5,
        "desc": "",
        "comment": "2023-03-28 2:38:42pm",
        "elevation_m": 46.5,
        "photo_filename": "DSC00293.jpg",
        "photo_path": "DSC00293.jpg",
        "surveyor_comment": "2023-03-28 2:38:42pm",
        "survey_date": "2023-3-28",
        "station_source": "Native (Survey / POW)",
        "native_station": " (0+490.3)"
      },
      "geometry": {
        "type": "Point",
        "coordinates": [
          121.207887,
          13.201637
        ]
      }
    },
    {
      "type": "Feature",
      "properties": {
        "id": 303,
        "name": "BAGONG BUHAY LATERAL A BULLCART 7 (0+560.7)",
        "type": "Thresher Crossing",
        "Structure_Category": "Thresher Crossing",
        "canal_name": "BAGONG BUHAY LATERAL A",
        "station": "STA 0+560.7",
        "station_m": 560.7,
        "offset_m": 5.69,
        "elevation": 46.76,
        "desc": "",
        "comment": "2023-03-28 2:41:06pm",
        "elevation_m": 46.76,
        "photo_filename": "DSC00295.jpg",
        "photo_path": "DSC00295.jpg",
        "surveyor_comment": "2023-03-28 2:41:06pm",
        "survey_date": "2023-3-28",
        "station_source": "Native (Survey / POW)",
        "native_station": " (0+560.7)"
      },
      "geometry": {
        "type": "Point",
        "coordinates": [
          121.207854,
          13.202272
        ]
      }
    },
    {
      "type": "Feature",
      "properties": {
        "id": 304,
        "name": "BAGONG BUHAY LATERAL A BULLCART 8 (0+572.5)",
        "type": "Thresher Crossing",
        "Structure_Category": "Thresher Crossing",
        "canal_name": "BAGONG BUHAY LATERAL A",
        "station": "STA 0+572.5",
        "station_m": 572.5,
        "offset_m": 2.7,
        "elevation": 46.38,
        "desc": "",
        "comment": "2023-03-28 2:41:56pm",
        "elevation_m": 46.38,
        "photo_filename": "DSC00296.jpg",
        "photo_path": "DSC00296.jpg",
        "surveyor_comment": "2023-03-28 2:41:56pm",
        "survey_date": "2023-3-28",
        "station_source": "Native (Survey / POW)",
        "native_station": " (0+572.5)"
      },
      "geometry": {
        "type": "Point",
        "coordinates": [
          121.207879,
          13.20238
        ]
      }
    },
    {
      "type": "Feature",
      "properties": {
        "id": 305,
        "name": "BAGONG BUHAY LATERAL A TO 2 (0+576.5)",
        "type": "Turnout",
        "Structure_Category": "Turnout (TO)",
        "canal_name": "BAGONG BUHAY LATERAL A",
        "station": "STA 0+576.5",
        "station_m": 576.5,
        "offset_m": 1.97,
        "elevation": 46.82,
        "desc": "",
        "comment": "2023-03-28 2:42:41pm",
        "elevation_m": 46.82,
        "photo_filename": "DSC00297.jpg",
        "photo_path": "DSC00297.jpg",
        "surveyor_comment": "2023-03-28 2:42:41pm",
        "survey_date": "2023-3-28",
        "station_source": "Native (Survey / POW)",
        "native_station": " (0+576.5)"
      },
      "geometry": {
        "type": "Point",
        "coordinates": [
          121.207885,
          13.202409
        ]
      }
    },
    {
      "type": "Feature",
      "properties": {
        "id": 283,
        "name": "BAGONG BUHAY LATERAL B BULLCART 1 (0+282.7)",
        "type": "Thresher Crossing",
        "Structure_Category": "Thresher Crossing",
        "canal_name": "BAGONG BUHAY LATERAL B",
        "station": "STA 0+282.7",
        "station_m": 282.7,
        "offset_m": 0.37,
        "elevation": 45.19,
        "desc": "",
        "comment": "2023-03-28 1:33:15pm",
        "elevation_m": 45.19,
        "photo_filename": "DSC00274.jpg",
        "photo_path": "DSC00274.jpg",
        "surveyor_comment": "2023-03-28 1:33:15pm",
        "survey_date": "2023-3-28",
        "station_source": "Native (Survey / POW)",
        "native_station": " (0+282.7)"
      },
      "geometry": {
        "type": "Point",
        "coordinates": [
          121.213025,
          13.199473
        ]
      }
    },
    {
      "type": "Feature",
      "properties": {
        "id": 307,
        "name": "BAGONG BUHAY LATERAL A BULLCART 9 (0+648.6)",
        "type": "Thresher Crossing",
        "Structure_Category": "Thresher Crossing",
        "canal_name": "BAGONG BUHAY LATERAL A",
        "station": "STA 0+648.6",
        "station_m": 648.6,
        "offset_m": 2.88,
        "elevation": 46.29,
        "desc": "",
        "comment": "2023-03-28 2:44:59pm",
        "elevation_m": 46.29,
        "photo_filename": "DSC00299.jpg",
        "photo_path": "DSC00299.jpg",
        "surveyor_comment": "2023-03-28 2:44:59pm",
        "survey_date": "2023-3-28",
        "station_source": "Native (Survey / POW)",
        "native_station": " (0+648.6)"
      },
      "geometry": {
        "type": "Point",
        "coordinates": [
          121.207862,
          13.203066
        ]
      }
    },
    {
      "type": "Feature",
      "properties": {
        "id": 309,
        "name": "BAGONG BUHAY LATERAL A TURN IN (0+766)",
        "type": "Other Structures",
        "Structure_Category": "Other Structures",
        "canal_name": "BAGONG BUHAY LATERAL A",
        "station": "STA 0+766.0",
        "station_m": 766,
        "offset_m": 4.43,
        "elevation": 46.41,
        "desc": "",
        "comment": "2023-03-28 2:47:53pm",
        "elevation_m": 46.41,
        "photo_filename": "DSC00301.jpg",
        "photo_path": "DSC00301.jpg",
        "surveyor_comment": "2023-03-28 2:47:53pm",
        "survey_date": "2023-3-28",
        "station_source": "Native (Survey / POW)",
        "native_station": " (0+766)"
      },
      "geometry": {
        "type": "Point",
        "coordinates": [
          121.207922,
          13.204086
        ]
      }
    },
    {
      "type": "Feature",
      "properties": {
        "id": 286,
        "name": "BAGONG BUHAY LATERAL B TO 3 (0+408.9)",
        "type": "Turnout",
        "Structure_Category": "Turnout (TO)",
        "canal_name": "BAGONG BUHAY LATERAL B",
        "station": "STA 0+408.9",
        "station_m": 408.9,
        "offset_m": 5.96,
        "elevation": 43.72,
        "desc": "",
        "comment": "2023-03-28 1:40:09pm",
        "elevation_m": 43.72,
        "photo_filename": "DSC00277.jpg",
        "photo_path": "DSC00277.jpg",
        "surveyor_comment": "2023-03-28 1:40:09pm",
        "survey_date": "2023-3-28",
        "station_source": "Native (Survey / POW)",
        "native_station": " (0+408.9)"
      },
      "geometry": {
        "type": "Point",
        "coordinates": [
          121.214061,
          13.199893
        ]
      }
    },
    {
      "type": "Feature",
      "properties": {
        "id": 288,
        "name": "BAGONG BUHAY LATERAL B BULLCART 4 (0+543.3)",
        "type": "Thresher Crossing",
        "Structure_Category": "Thresher Crossing",
        "canal_name": "BAGONG BUHAY LATERAL B",
        "station": "STA 0+543.3",
        "station_m": 543.3,
        "offset_m": 5.17,
        "elevation": 45.27,
        "desc": "",
        "comment": "2023-03-28 1:43:32pm",
        "elevation_m": 45.27,
        "photo_filename": "DSC00279.jpg",
        "photo_path": "DSC00279.jpg",
        "surveyor_comment": "2023-03-28 1:43:32pm",
        "survey_date": "2023-3-28",
        "station_source": "Native (Survey / POW)",
        "native_station": " (0+543.3)"
      },
      "geometry": {
        "type": "Point",
        "coordinates": [
          121.215292,
          13.199887
        ]
      }
    },
    {
      "type": "Feature",
      "properties": {
        "id": 433,
        "name": "MAPALO LATERAL AN-1 (4+364.5)",
        "type": "Other Structures",
        "Structure_Category": "Other Structures",
        "canal_name": "MAPALO LATERAL AN1",
        "station": "STA 4+364.5",
        "station_m": 4364.5,
        "offset_m": 5.46,
        "elevation": 94.15,
        "desc": "",
        "comment": "",
        "elevation_m": 94.15,
        "photo_filename": "DSC00355.jpg",
        "photo_path": "DSC00355.jpg",
        "surveyor_comment": null,
        "survey_date": "2023-4-11",
        "station_source": "Native (Survey / POW)",
        "native_station": " (4+364.5)"
      },
      "geometry": {
        "type": "Point",
        "coordinates": [
          121.299567,
          13.276324
        ]
      }
    },
    {
      "type": "Feature",
      "properties": {
        "id": 226,
        "name": "MAIN CANAL START OF CUT & COVER (0+545.4)",
        "type": "Cut and Cover",
        "Structure_Category": "Other Structures",
        "canal_name": "ANTONINO MAIN CANAL",
        "station": "STA 0+545.4",
        "station_m": 545.4,
        "offset_m": 2.51,
        "elevation": 33.42,
        "desc": "",
        "comment": "",
        "elevation_m": 33.42,
        "photo_filename": "DSC00124.jpg",
        "photo_path": "DSC00124.jpg",
        "surveyor_comment": null,
        "survey_date": "2023-3-29",
        "station_source": "Native (Survey / POW)",
        "native_station": " (0+545.4)"
      },
      "geometry": {
        "type": "Point",
        "coordinates": [
          121.212136,
          13.18859
        ]
      }
    },
    {
      "type": "Feature",
      "properties": {
        "id": 227,
        "name": "MAIN CANAL END OF CUT AND COVER (0+570.1)",
        "type": "Cut and Cover",
        "Structure_Category": "Other Structures",
        "canal_name": "ANTONINO MAIN CANAL",
        "station": "STA 0+570.1",
        "station_m": 570.1,
        "offset_m": 1.72,
        "elevation": 33.64,
        "desc": "",
        "comment": "",
        "elevation_m": 33.64,
        "photo_filename": "DSC00125.jpg",
        "photo_path": "DSC00125.jpg",
        "surveyor_comment": null,
        "survey_date": "2023-3-29",
        "station_source": "Native (Survey / POW)",
        "native_station": " (0+570.1)"
      },
      "geometry": {
        "type": "Point",
        "coordinates": [
          121.212325,
          13.18869
        ]
      }
    },
    {
      "type": "Feature",
      "properties": {
        "id": 228,
        "name": "MAIN CANAL ROAD CROSSING (0+585.5)",
        "type": "Road Crossing",
        "Structure_Category": "Road Crossing",
        "canal_name": "ANTONINO MAIN CANAL",
        "station": "STA 0+585.5",
        "station_m": 585.5,
        "offset_m": 2.9,
        "elevation": 33.83,
        "desc": "",
        "comment": "",
        "elevation_m": 33.83,
        "photo_filename": "DSC00126.jpg",
        "photo_path": "DSC00126.jpg",
        "surveyor_comment": null,
        "survey_date": "2023-3-29",
        "station_source": "Native (Survey / POW)",
        "native_station": " (0+585.5)"
      },
      "geometry": {
        "type": "Point",
        "coordinates": [
          121.212475,
          13.188742
        ]
      }
    },
    {
      "type": "Feature",
      "properties": {
        "id": 229,
        "name": "MAIN CANAL ROAD CROSSING (0+597.4)",
        "type": "Road Crossing",
        "Structure_Category": "Road Crossing",
        "canal_name": "ANTONINO MAIN CANAL",
        "station": "STA 0+597.4",
        "station_m": 597.4,
        "offset_m": 1.09,
        "elevation": 34.02,
        "desc": "",
        "comment": "",
        "elevation_m": 34.02,
        "photo_filename": "DSC00127.jpg",
        "photo_path": "DSC00127.jpg",
        "surveyor_comment": null,
        "survey_date": "2023-3-29",
        "station_source": "Native (Survey / POW)",
        "native_station": " (0+597.4)"
      },
      "geometry": {
        "type": "Point",
        "coordinates": [
          121.212534,
          13.188642
        ]
      }
    },
    {
      "type": "Feature",
      "properties": {
        "id": 230,
        "name": "MAIN CANAL TO 2 (0+824.1)",
        "type": "Turnout",
        "Structure_Category": "Turnout (TO)",
        "canal_name": "ANTONINO MAIN CANAL",
        "station": "STA 0+824.1",
        "station_m": 824.1,
        "offset_m": 2.17,
        "elevation": 36.84,
        "desc": "",
        "comment": "",
        "elevation_m": 36.84,
        "photo_filename": "DSC00128.jpg",
        "photo_path": "DSC00128.jpg",
        "surveyor_comment": null,
        "survey_date": "2023-3-29",
        "station_source": "Native (Survey / POW)",
        "native_station": " (0+824.1)"
      },
      "geometry": {
        "type": "Point",
        "coordinates": [
          121.214548,
          13.189278
        ]
      }
    },
    {
      "type": "Feature",
      "properties": {
        "id": 216,
        "name": "ANTONINO MAIN CANAL OUTLET (0+000)",
        "type": "Outlet",
        "Structure_Category": "Outlet",
        "canal_name": "ANTONINO MAIN CANAL",
        "station": "STA 0+000.0",
        "station_m": 0,
        "offset_m": 4.57,
        "elevation": 17.33,
        "desc": "",
        "comment": "",
        "elevation_m": 17.33,
        "photo_filename": "DSC00113.jpg",
        "photo_path": "DSC00113.jpg",
        "surveyor_comment": null,
        "survey_date": "2023-3-29",
        "station_source": "Native (Survey / POW)",
        "native_station": " (0+000)"
      },
      "geometry": {
        "type": "Point",
        "coordinates": [
          121.208079,
          13.188955
        ]
      }
    },
    {
      "type": "Feature",
      "properties": {
        "id": 231,
        "name": "MAIN CANAL BULL CART 3 (0+890)",
        "type": "Thresher Crossing",
        "Structure_Category": "Thresher Crossing",
        "canal_name": "ANTONINO MAIN CANAL",
        "station": "STA 0+890.0",
        "station_m": 890,
        "offset_m": 6.32,
        "elevation": 38.05,
        "desc": "",
        "comment": "",
        "elevation_m": 38.05,
        "photo_filename": "DSC00129.jpg",
        "photo_path": "DSC00129.jpg",
        "surveyor_comment": null,
        "survey_date": "2023-3-29",
        "station_source": "Native (Survey / POW)",
        "native_station": " (0+890)"
      },
      "geometry": {
        "type": "Point",
        "coordinates": [
          121.214533,
          13.188694
        ]
      }
    },
    {
      "type": "Feature",
      "properties": {
        "id": 217,
        "name": "MAIN CANAL CULVERT INLET (0+205.1)",
        "type": "Inlet",
        "Structure_Category": "Inlet",
        "canal_name": "ANTONINO MAIN CANAL",
        "station": "STA 0+205.1",
        "station_m": 205.1,
        "offset_m": 1.61,
        "elevation": 22.88,
        "desc": "",
        "comment": "",
        "elevation_m": 22.88,
        "photo_filename": "DSC00114.jpg",
        "photo_path": "DSC00114.jpg",
        "surveyor_comment": null,
        "survey_date": "2023-3-29",
        "station_source": "Native (Survey / POW)",
        "native_station": " (0+205.1)"
      },
      "geometry": {
        "type": "Point",
        "coordinates": [
          121.209882,
          13.189464
        ]
      }
    },
    {
      "type": "Feature",
      "properties": {
        "id": 245,
        "name": "END OF TRAPEZOIDAL CANAL (0+256.7)",
        "type": "Other Structures",
        "Structure_Category": "Other Structures",
        "canal_name": "ANTONINO SUPPLY CANAL",
        "station": "STA 0+256.7",
        "station_m": 256.7,
        "offset_m": 3.09,
        "elevation": 44.7,
        "desc": "",
        "comment": "",
        "elevation_m": 44.7,
        "photo_filename": "DSC00143.jpg",
        "photo_path": "DSC00143.jpg",
        "surveyor_comment": null,
        "survey_date": "2023-3-29",
        "station_source": "Native (Survey / POW)",
        "native_station": " (0+256.7)"
      },
      "geometry": {
        "type": "Point",
        "coordinates": [
          121.218934,
          13.191434
        ]
      }
    },
    {
      "type": "Feature",
      "properties": {
        "id": 233,
        "name": "MAIN CANAL ROAD CROSSING (0+949.5)",
        "type": "Road Crossing",
        "Structure_Category": "Road Crossing",
        "canal_name": "ANTONINO MAIN CANAL",
        "station": "STA 0+949.5",
        "station_m": 949.5,
        "offset_m": 2.12,
        "elevation": 39.01,
        "desc": "",
        "comment": "",
        "elevation_m": 39.01,
        "photo_filename": "DSC00130.jpg",
        "photo_path": "DSC00130.jpg",
        "surveyor_comment": null,
        "survey_date": "2023-1-29",
        "station_source": "Native (Survey / POW)",
        "native_station": " (0+949.5)"
      },
      "geometry": {
        "type": "Point",
        "coordinates": [
          121.214567,
          13.188155
        ]
      }
    },
    {
      "type": "Feature",
      "properties": {
        "id": 218,
        "name": "MAIN CANAL CULVERT OUTLET (0+208.1)",
        "type": "Outlet",
        "Structure_Category": "Outlet",
        "canal_name": "ANTONINO MAIN CANAL",
        "station": "STA 0+208.1",
        "station_m": 208.1,
        "offset_m": 1.72,
        "elevation": 23.4,
        "desc": "",
        "comment": "",
        "elevation_m": 23.4,
        "photo_filename": "DSC00115.jpg",
        "photo_path": "DSC00115.jpg",
        "surveyor_comment": null,
        "survey_date": "2023-3-29",
        "station_source": "Native (Survey / POW)",
        "native_station": " (0+208.1)"
      },
      "geometry": {
        "type": "Point",
        "coordinates": [
          121.209925,
          13.189475
        ]
      }
    },
    {
      "type": "Feature",
      "properties": {
        "id": 234,
        "name": "MAIN CANAL ROAD CROSSING (0+954.4)",
        "type": "Road Crossing",
        "Structure_Category": "Road Crossing",
        "canal_name": "ANTONINO MAIN CANAL",
        "station": "STA 0+954.4",
        "station_m": 954.4,
        "offset_m": 1.32,
        "elevation": 38.92,
        "desc": "",
        "comment": "",
        "elevation_m": 38.92,
        "photo_filename": "DSC00131.jpg",
        "photo_path": "DSC00131.jpg",
        "surveyor_comment": null,
        "survey_date": "2023-3-29",
        "station_source": "Native (Survey / POW)",
        "native_station": " (0+954.4)"
      },
      "geometry": {
        "type": "Point",
        "coordinates": [
          121.214634,
          13.188149
        ]
      }
    },
    {
      "type": "Feature",
      "properties": {
        "id": 235,
        "name": "MAIN CANAL TO 3 (0+994.5)",
        "type": "Turnout",
        "Structure_Category": "Turnout (TO)",
        "canal_name": "ANTONINO MAIN CANAL",
        "station": "STA 0+994.5",
        "station_m": 994.5,
        "offset_m": 0.75,
        "elevation": 38.92,
        "desc": "",
        "comment": "",
        "elevation_m": 38.92,
        "photo_filename": "DSC00132.jpg",
        "photo_path": "DSC00132.jpg",
        "surveyor_comment": null,
        "survey_date": "2023-3-29",
        "station_source": "Native (Survey / POW)",
        "native_station": " (0+994.5)"
      },
      "geometry": {
        "type": "Point",
        "coordinates": [
          121.214992,
          13.188152
        ]
      }
    },
    {
      "type": "Feature",
      "properties": {
        "id": 219,
        "name": "MAIN CANAL TO 1 (0+218.8)",
        "type": "Turnout",
        "Structure_Category": "Turnout (TO)",
        "canal_name": "ANTONINO MAIN CANAL",
        "station": "STA 0+218.8",
        "station_m": 218.8,
        "offset_m": 1.02,
        "elevation": 24.3,
        "desc": "",
        "comment": "",
        "elevation_m": 24.3,
        "photo_filename": "DSC00117.jpg",
        "photo_path": "DSC00117.jpg",
        "surveyor_comment": null,
        "survey_date": "2023-3-29",
        "station_source": "Native (Survey / POW)",
        "native_station": " (0+218.8)"
      },
      "geometry": {
        "type": "Point",
        "coordinates": [
          121.210015,
          13.189506
        ]
      }
    },
    {
      "type": "Feature",
      "properties": {
        "id": 236,
        "name": "MAIN CANAL TO 4 (1+016)",
        "type": "Turnout",
        "Structure_Category": "Turnout (TO)",
        "canal_name": "ANTONINO MAIN CANAL",
        "station": "STA 1+016.0",
        "station_m": 1016,
        "offset_m": 2.08,
        "elevation": 39.64,
        "desc": "",
        "comment": "",
        "elevation_m": 39.64,
        "photo_filename": "DSC00133.jpg",
        "photo_path": "DSC00133.jpg",
        "surveyor_comment": null,
        "survey_date": "2023-3-29",
        "station_source": "Native (Survey / POW)",
        "native_station": " (1+016)"
      },
      "geometry": {
        "type": "Point",
        "coordinates": [
          121.215194,
          13.188143
        ]
      }
    },
    {
      "type": "Feature",
      "properties": {
        "id": 220,
        "name": "MAIN CANAL SIPHON (0+382.1)",
        "type": "Siphon",
        "Structure_Category": "Siphon",
        "canal_name": "ANTONINO MAIN CANAL",
        "station": "STA 0+382.1",
        "station_m": 382.1,
        "offset_m": 1.81,
        "elevation": 29.94,
        "desc": "",
        "comment": "",
        "elevation_m": 29.94,
        "photo_filename": "DSC00118.jpg",
        "photo_path": "DSC00118.jpg",
        "surveyor_comment": null,
        "survey_date": "2023-3-29",
        "station_source": "Native (Survey / POW)",
        "native_station": " (0+382.1)"
      },
      "geometry": {
        "type": "Point",
        "coordinates": [
          121.210891,
          13.188606
        ]
      }
    },
    {
      "type": "Feature",
      "properties": {
        "id": 221,
        "name": "MAIN CANAL SIPHON (0+413)",
        "type": "Siphon",
        "Structure_Category": "Siphon",
        "canal_name": "ANTONINO MAIN CANAL",
        "station": "STA 0+413.0",
        "station_m": 413,
        "offset_m": 2.77,
        "elevation": 30.78,
        "desc": "",
        "comment": "",
        "elevation_m": 30.78,
        "photo_filename": "DSC00119.jpg",
        "photo_path": "DSC00119.jpg",
        "surveyor_comment": null,
        "survey_date": "2023-3-29",
        "station_source": "Native (Survey / POW)",
        "native_station": " (0+413)"
      },
      "geometry": {
        "type": "Point",
        "coordinates": [
          121.210986,
          13.188386
        ]
      }
    },
    {
      "type": "Feature",
      "properties": {
        "id": 223,
        "name": "MAIN CANAL BULLCART 1 (0+437.5)",
        "type": "Thresher Crossing",
        "Structure_Category": "Thresher Crossing",
        "canal_name": "ANTONINO MAIN CANAL",
        "station": "STA 0+437.5",
        "station_m": 437.5,
        "offset_m": 2.65,
        "elevation": 28.59,
        "desc": "",
        "comment": "",
        "elevation_m": 28.59,
        "photo_filename": "DSC00120.jpg",
        "photo_path": "DSC00120.jpg",
        "surveyor_comment": null,
        "survey_date": "2023-3-29",
        "station_source": "Native (Survey / POW)",
        "native_station": " (0+437.5)"
      },
      "geometry": {
        "type": "Point",
        "coordinates": [
          121.211169,
          13.18831
        ]
      }
    },
    {
      "type": "Feature",
      "properties": {
        "id": 225,
        "name": "MAIN CANAL BULLCART 2 (0+461.4)",
        "type": "Thresher Crossing",
        "Structure_Category": "Thresher Crossing",
        "canal_name": "ANTONINO MAIN CANAL",
        "station": "STA 0+461.4",
        "station_m": 461.4,
        "offset_m": 4.39,
        "elevation": 32.99,
        "desc": "",
        "comment": "",
        "elevation_m": 32.99,
        "photo_filename": "DSC00123.jpg",
        "photo_path": "DSC00123.jpg",
        "surveyor_comment": null,
        "survey_date": "2023-3-29",
        "station_source": "Native (Survey / POW)",
        "native_station": " (0+461.4)"
      },
      "geometry": {
        "type": "Point",
        "coordinates": [
          121.211368,
          13.188376
        ]
      }
    },
    {
      "type": "Feature",
      "properties": {
        "id": 246,
        "name": "START OF LINED CANAL (0+256.7)",
        "type": "Other Structures",
        "Structure_Category": "Other Structures",
        "canal_name": "ANTONINO SUPPLY CANAL",
        "station": "STA 0+256.7",
        "station_m": 256.7,
        "offset_m": 2.43,
        "elevation": 41.84,
        "desc": "",
        "comment": "",
        "elevation_m": 41.84,
        "photo_filename": "DSC00144.jpg",
        "photo_path": "DSC00144.jpg",
        "surveyor_comment": null,
        "survey_date": "2023-3-29",
        "station_source": "Native (Survey / POW)",
        "native_station": " (0+256.7)"
      },
      "geometry": {
        "type": "Point",
        "coordinates": [
          121.218952,
          13.191434
        ]
      }
    },
    {
      "type": "Feature",
      "properties": {
        "id": 237,
        "name": "MAIN CANAL BULLCART 4 (1+064)",
        "type": "Thresher Crossing",
        "Structure_Category": "Thresher Crossing",
        "canal_name": "ANTONINO MAIN CANAL",
        "station": "STA 1+064.0",
        "station_m": 1064,
        "offset_m": 2.29,
        "elevation": 39.68,
        "desc": "",
        "comment": "",
        "elevation_m": 39.68,
        "photo_filename": "DSC00134.jpg",
        "photo_path": "DSC00134.jpg",
        "surveyor_comment": null,
        "survey_date": "2023-3-29",
        "station_source": "Native (Survey / POW)",
        "native_station": " (1+064)"
      },
      "geometry": {
        "type": "Point",
        "coordinates": [
          121.21563,
          13.188192
        ]
      }
    },
    {
      "type": "Feature",
      "properties": {
        "id": 239,
        "name": "MAIN CANAL TO 5 (1+142)",
        "type": "Turnout",
        "Structure_Category": "Turnout (TO)",
        "canal_name": "ANTONINO MAIN CANAL",
        "station": "STA 1+142.0",
        "station_m": 1142,
        "offset_m": 0.45,
        "elevation": 39.91,
        "desc": "",
        "comment": "",
        "elevation_m": 39.91,
        "photo_filename": "DSC00137.jpg",
        "photo_path": "DSC00137.jpg",
        "surveyor_comment": null,
        "survey_date": "2023-3-29",
        "station_source": "Native (Survey / POW)",
        "native_station": " (1+142)"
      },
      "geometry": {
        "type": "Point",
        "coordinates": [
          121.216287,
          13.188211
        ]
      }
    },
    {
      "type": "Feature",
      "properties": {
        "id": 240,
        "name": "MAIN CANAL TO 6 (1+176.9)",
        "type": "Turnout",
        "Structure_Category": "Turnout (TO)",
        "canal_name": "ANTONINO MAIN CANAL",
        "station": "STA 1+176.9",
        "station_m": 1176.9,
        "offset_m": 2.17,
        "elevation": 40.07,
        "desc": "",
        "comment": "",
        "elevation_m": 40.07,
        "photo_filename": "DSC00138.jpg",
        "photo_path": "DSC00138.jpg",
        "surveyor_comment": null,
        "survey_date": "2023-3-29",
        "station_source": "Native (Survey / POW)",
        "native_station": " (1+176.9)"
      },
      "geometry": {
        "type": "Point",
        "coordinates": [
          121.216578,
          13.188139
        ]
      }
    },
    {
      "type": "Feature",
      "properties": {
        "id": 249,
        "name": "BAGONG BUHAY MAIN CANAL CUT & COVER (0+011.1)",
        "type": "Cut and Cover",
        "Structure_Category": "Other Structures",
        "canal_name": "BAGONG BUHAY MAIN CANAL 1",
        "station": "STA 0+011.1",
        "station_m": 11.1,
        "offset_m": 1.66,
        "elevation": 42.33,
        "desc": "",
        "comment": "2023-03-28 10:20:45am",
        "elevation_m": 42.33,
        "photo_filename": "DSC00240.jpg",
        "photo_path": "DSC00240.jpg",
        "surveyor_comment": "2023-03-28 10:20:45am",
        "survey_date": "2023-3-28",
        "station_source": "Native (Survey / POW)",
        "native_station": " (0+011.1)"
      },
      "geometry": {
        "type": "Point",
        "coordinates": [
          121.200737,
          13.189932
        ]
      }
    },
    {
      "type": "Feature",
      "properties": {
        "id": 241,
        "name": "MAIN CANAL BULLCART 5 (1+205.1)",
        "type": "Thresher Crossing",
        "Structure_Category": "Thresher Crossing",
        "canal_name": "ANTONINO MAIN CANAL",
        "station": "STA 1+205.1",
        "station_m": 1205.1,
        "offset_m": 1.37,
        "elevation": 40.18,
        "desc": "",
        "comment": "",
        "elevation_m": 40.18,
        "photo_filename": "DSC00139.jpg",
        "photo_path": "DSC00139.jpg",
        "surveyor_comment": null,
        "survey_date": "2023-3-29",
        "station_source": "Native (Survey / POW)",
        "native_station": " (1+205.1)"
      },
      "geometry": {
        "type": "Point",
        "coordinates": [
          121.216849,
          13.188129
        ]
      }
    },
    {
      "type": "Feature",
      "properties": {
        "id": 247,
        "name": "MAIN CANAL TO 7 (0+364.9)",
        "type": "Turnout",
        "Structure_Category": "Turnout (TO)",
        "canal_name": "ANTONINO SUPPLY CANAL",
        "station": "STA 0+364.9",
        "station_m": 364.9,
        "offset_m": 7.58,
        "elevation": 41.48,
        "desc": "",
        "comment": "",
        "elevation_m": 41.48,
        "photo_filename": "DSC00145.jpg",
        "photo_path": "DSC00145.jpg",
        "surveyor_comment": null,
        "survey_date": "2023-3-29",
        "station_source": "Native (Survey / POW)",
        "native_station": " (0+364.9)"
      },
      "geometry": {
        "type": "Point",
        "coordinates": [
          121.219892,
          13.191476
        ]
      }
    },
    {
      "type": "Feature",
      "properties": {
        "id": 242,
        "name": "ANTONINO END OF MAIN CANAL (1+316.3)",
        "type": "Other Structures",
        "Structure_Category": "Other Structures",
        "canal_name": "ANTONINO MAIN CANAL",
        "station": "STA 1+316.3",
        "station_m": 1316.3,
        "offset_m": 6.46,
        "elevation": 40.13,
        "desc": "",
        "comment": "",
        "elevation_m": 40.13,
        "photo_filename": "DSC00140.jpg",
        "photo_path": "DSC00140.jpg",
        "surveyor_comment": null,
        "survey_date": "2023-3-29",
        "station_source": "Native (Survey / POW)",
        "native_station": " (1+316.3)"
      },
      "geometry": {
        "type": "Point",
        "coordinates": [
          121.21746,
          13.188539
        ]
      }
    },
    {
      "type": "Feature",
      "properties": {
        "id": 243,
        "name": "ANTONINO RIPRAP CANAL (0+000)",
        "type": "Other Structures",
        "Structure_Category": "Other Structures",
        "canal_name": "Off-Canal",
        "station": "STA 0+000.0",
        "station_m": 0,
        "offset_m": 241.44,
        "elevation": 42.96,
        "desc": "",
        "comment": "",
        "elevation_m": 42.96,
        "photo_filename": "DSC00141.jpg",
        "photo_path": "DSC00141.jpg",
        "surveyor_comment": null,
        "survey_date": "2023-3-29",
        "station_source": "Native (Survey / POW)",
        "native_station": " (0+000)"
      },
      "geometry": {
        "type": "Point",
        "coordinates": [
          121.216706,
          13.190947
        ]
      }
    },
    {
      "type": "Feature",
      "properties": {
        "id": 244,
        "name": "RIPRAP CANAL BULLCART CROSSING (0+021.3)",
        "type": "Thresher Crossing",
        "Structure_Category": "Thresher Crossing",
        "canal_name": "Off-Canal",
        "station": "STA 0+021.3",
        "station_m": 21.3,
        "offset_m": 218.79,
        "elevation": 42.82,
        "desc": "",
        "comment": "",
        "elevation_m": 42.82,
        "photo_filename": "DSC00142.jpg",
        "photo_path": "DSC00142.jpg",
        "surveyor_comment": null,
        "survey_date": "2023-3-29",
        "station_source": "Native (Survey / POW)",
        "native_station": " (0+021.3)"
      },
      "geometry": {
        "type": "Point",
        "coordinates": [
          121.216923,
          13.190945
        ]
      }
    },
    {
      "type": "Feature",
      "properties": {
        "id": 261,
        "name": "BAGONG BUHAY MAIN CANAL BULLCART 5 (1+129.6)",
        "type": "Thresher Crossing",
        "Structure_Category": "Thresher Crossing",
        "canal_name": "BAGONG BUHAY MAIN CANAL 1",
        "station": "STA 1+129.6",
        "station_m": 1129.6,
        "offset_m": 5.17,
        "elevation": 42.58,
        "desc": "",
        "comment": "2023-03-28 11:01:57am",
        "elevation_m": 42.58,
        "photo_filename": "DSC00252.jpg",
        "photo_path": "DSC00252.jpg",
        "surveyor_comment": "2023-03-28 11:01:57am",
        "survey_date": "2023-3-28",
        "station_source": "Native (Survey / POW)",
        "native_station": " (1+129.6)"
      },
      "geometry": {
        "type": "Point",
        "coordinates": [
          121.204406,
          13.197207
        ]
      }
    },
    {
      "type": "Feature",
      "properties": {
        "id": 253,
        "name": "BAGONG BUHAY MAIN CANAL BULLCART 1 (0+260.8)",
        "type": "Thresher Crossing",
        "Structure_Category": "Thresher Crossing",
        "canal_name": "BAGONG BUHAY MAIN CANAL 1",
        "station": "STA 0+260.8",
        "station_m": 260.8,
        "offset_m": 0.7,
        "elevation": 43.5,
        "desc": "",
        "comment": "2023-03-28 10:33:50am",
        "elevation_m": 43.5,
        "photo_filename": "DSC00244.jpg",
        "photo_path": "DSC00244.jpg",
        "surveyor_comment": "2023-03-28 10:33:50am",
        "survey_date": "2023-3-28",
        "station_source": "Native (Survey / POW)",
        "native_station": " (0+260.8)"
      },
      "geometry": {
        "type": "Point",
        "coordinates": [
          121.201931,
          13.191709
        ]
      }
    },
    {
      "type": "Feature",
      "properties": {
        "id": 251,
        "name": "BAGONG BUHAY MAIN CANAL END OF CUT & COVER (0+133.3)",
        "type": "Cut and Cover",
        "Structure_Category": "Other Structures",
        "canal_name": "BAGONG BUHAY MAIN CANAL 1",
        "station": "STA 0+133.3",
        "station_m": 133.3,
        "offset_m": 1.61,
        "elevation": 42.62,
        "desc": "",
        "comment": "2023-03-28 10:24:51am",
        "elevation_m": 42.62,
        "photo_filename": "DSC00242.jpg",
        "photo_path": "DSC00242.jpg",
        "surveyor_comment": "2023-03-28 10:24:51am",
        "survey_date": "2023-3-28",
        "station_source": "Native (Survey / POW)",
        "native_station": " (0+133.3)"
      },
      "geometry": {
        "type": "Point",
        "coordinates": [
          121.201116,
          13.190958
        ]
      }
    },
    {
      "type": "Feature",
      "properties": {
        "id": 257,
        "name": "BAGONG BUHAY MAIN CANAL BULLCART 3 (0+710.6)",
        "type": "Thresher Crossing",
        "Structure_Category": "Thresher Crossing",
        "canal_name": "BAGONG BUHAY MAIN CANAL 1",
        "station": "STA 0+710.6",
        "station_m": 710.6,
        "offset_m": 3.26,
        "elevation": 43.27,
        "desc": "",
        "comment": "2023-03-28 10:50:56am",
        "elevation_m": 43.27,
        "photo_filename": "DSC00248.jpg",
        "photo_path": "DSC00248.jpg",
        "surveyor_comment": "2023-03-28 10:50:56am",
        "survey_date": "2023-3-28",
        "station_source": "Native (Survey / POW)",
        "native_station": " (0+710.6)"
      },
      "geometry": {
        "type": "Point",
        "coordinates": [
          121.203053,
          13.195052
        ]
      }
    },
    {
      "type": "Feature",
      "properties": {
        "id": 269,
        "name": "BAGONG BUHAY MAIN CANAL TO 4 (1+590)",
        "type": "Turnout",
        "Structure_Category": "Turnout (TO)",
        "canal_name": "BAGONG BUHAY MAIN CANAL 1",
        "station": "STA 1+590.0",
        "station_m": 1590,
        "offset_m": 7.09,
        "elevation": 41.72,
        "desc": "",
        "comment": "2023-03-28 11:17:08am",
        "elevation_m": 41.72,
        "photo_filename": "DSC00260.jpg",
        "photo_path": "DSC00260.jpg",
        "surveyor_comment": "2023-03-28 11:17:08am",
        "survey_date": "2023-3-28",
        "station_source": "Native (Survey / POW)",
        "native_station": " (1+590)"
      },
      "geometry": {
        "type": "Point",
        "coordinates": [
          121.208604,
          13.197259
        ]
      }
    },
    {
      "type": "Feature",
      "properties": {
        "id": 281,
        "name": "LATERAL B TO 1 (0+004)",
        "type": "Turnout",
        "Structure_Category": "Turnout (TO)",
        "canal_name": "BAGONG BUHAY LATERAL B",
        "station": "STA 0+004.0",
        "station_m": 4,
        "offset_m": 5.03,
        "elevation": 45.02,
        "desc": "",
        "comment": "2023-03-28 1:27:43pm",
        "elevation_m": 45.02,
        "photo_filename": "DSC00272.jpg",
        "photo_path": "DSC00272.jpg",
        "surveyor_comment": "2023-03-28 1:27:43pm",
        "survey_date": "2023-3-28",
        "station_source": "Native (Survey / POW)",
        "native_station": " (0+004)"
      },
      "geometry": {
        "type": "Point",
        "coordinates": [
          121.212674,
          13.197338
        ]
      }
    },
    {
      "type": "Feature",
      "properties": {
        "id": 272,
        "name": "BAGONG BUHAY MAIN CANAL TO 6 (1+777.8)",
        "type": "Turnout",
        "Structure_Category": "Turnout (TO)",
        "canal_name": "BAGONG BUHAY MAIN CANAL 1",
        "station": "STA 1+777.8",
        "station_m": 1777.8,
        "offset_m": 8.27,
        "elevation": 39.82,
        "desc": "",
        "comment": "2023-03-28 11:23:15am",
        "elevation_m": 39.82,
        "photo_filename": "DSC00263.jpg",
        "photo_path": "DSC00263.jpg",
        "surveyor_comment": "2023-03-28 11:23:15am",
        "survey_date": "2023-3-28",
        "station_source": "Native (Survey / POW)",
        "native_station": " (1+777.8)"
      },
      "geometry": {
        "type": "Point",
        "coordinates": [
          121.210322,
          13.197276
        ]
      }
    },
    {
      "type": "Feature",
      "properties": {
        "id": 275,
        "name": "LATERAL B HEAD GATE (2+030.7)",
        "type": "Head Gate",
        "Structure_Category": "Head Gate",
        "canal_name": "BAGONG BUHAY LATERAL B",
        "station": "STA 2+030.7",
        "station_m": 2030.7,
        "offset_m": 6.67,
        "elevation": 45.05,
        "desc": "",
        "comment": "2023-03-28 1:04:18pm",
        "elevation_m": 45.05,
        "photo_filename": "DSC00266.jpg",
        "photo_path": "DSC00266.jpg",
        "surveyor_comment": "2023-03-28 1:04:18pm",
        "survey_date": "2023-3-28",
        "station_source": "Native (Survey / POW)",
        "native_station": " (2+030.7)"
      },
      "geometry": {
        "type": "Point",
        "coordinates": [
          121.212683,
          13.197322
        ]
      }
    },
    {
      "type": "Feature",
      "properties": {
        "id": 278,
        "name": "BAGONG BUHAY MAIN CANAL TO 8 (2+385.8)",
        "type": "Turnout",
        "Structure_Category": "Turnout (TO)",
        "canal_name": "BAGONG BUHAY MAIN CANAL 1",
        "station": "STA 2+385.8",
        "station_m": 2385.8,
        "offset_m": 8.05,
        "elevation": 40.78,
        "desc": "",
        "comment": "2023-03-28 1:12:48pm",
        "elevation_m": 40.78,
        "photo_filename": "DSC00269.jpg",
        "photo_path": "DSC00269.jpg",
        "surveyor_comment": "2023-03-28 1:12:48pm",
        "survey_date": "2023-3-28",
        "station_source": "Native (Survey / POW)",
        "native_station": " (2+385.8)"
      },
      "geometry": {
        "type": "Point",
        "coordinates": [
          121.215907,
          13.197244
        ]
      }
    },
    {
      "type": "Feature",
      "properties": {
        "id": 293,
        "name": "BAGONG BUHAY LATERAL A BULLCART 1 (0+231.8)",
        "type": "Thresher Crossing",
        "Structure_Category": "Thresher Crossing",
        "canal_name": "BAGONG BUHAY LATERAL A",
        "station": "STA 0+231.8",
        "station_m": 231.8,
        "offset_m": 0.33,
        "elevation": 47.79,
        "desc": "",
        "comment": "2023-03-28 2:09:36pm",
        "elevation_m": 47.79,
        "photo_filename": "DSC00284.jpg",
        "photo_path": "DSC00284.jpg",
        "surveyor_comment": "2023-03-28 2:09:36pm",
        "survey_date": "2023-3-28",
        "station_source": "Native (Survey / POW)",
        "native_station": " (0+231.8)"
      },
      "geometry": {
        "type": "Point",
        "coordinates": [
          121.207919,
          13.199313
        ]
      }
    },
    {
      "type": "Feature",
      "properties": {
        "id": 299,
        "name": "BAGONG BUHAY LATERAL A BULLCART 3 (0+460.5)",
        "type": "Thresher Crossing",
        "Structure_Category": "Thresher Crossing",
        "canal_name": "BAGONG BUHAY LATERAL A",
        "station": "STA 0+460.5",
        "station_m": 460.5,
        "offset_m": 3.14,
        "elevation": 46.43,
        "desc": "",
        "comment": "2023-03-28 2:36:55pm",
        "elevation_m": 46.43,
        "photo_filename": "DSC00291.jpg",
        "photo_path": "DSC00291.jpg",
        "surveyor_comment": "2023-03-28 2:36:55pm",
        "survey_date": "2023-3-28",
        "station_source": "Native (Survey / POW)",
        "native_station": " (0+460.5)"
      },
      "geometry": {
        "type": "Point",
        "coordinates": [
          121.207894,
          13.201375
        ]
      }
    },
    {
      "type": "Feature",
      "properties": {
        "id": 296,
        "name": "BAGONG BUHAY LATERAL A BULLCART 3 (0+322.9)",
        "type": "Thresher Crossing",
        "Structure_Category": "Thresher Crossing",
        "canal_name": "BAGONG BUHAY LATERAL A",
        "station": "STA 0+322.9",
        "station_m": 322.9,
        "offset_m": 1.81,
        "elevation": 47.54,
        "desc": "",
        "comment": "2023-03-28 2:13:34pm",
        "elevation_m": 47.54,
        "photo_filename": "DSC00288.jpg",
        "photo_path": "DSC00288.jpg",
        "surveyor_comment": "2023-03-28 2:13:34pm",
        "survey_date": "2023-3-28",
        "station_source": "Native (Survey / POW)",
        "native_station": " (0+322.9)"
      },
      "geometry": {
        "type": "Point",
        "coordinates": [
          121.207909,
          13.200132
        ]
      }
    },
    {
      "type": "Feature",
      "properties": {
        "id": 306,
        "name": "BAGONG BUHAY LATERAL A TO 3 (0+626.7)",
        "type": "Turnout",
        "Structure_Category": "Turnout (TO)",
        "canal_name": "BAGONG BUHAY LATERAL A",
        "station": "STA 0+626.7",
        "station_m": 626.7,
        "offset_m": 6.88,
        "elevation": 46.42,
        "desc": "",
        "comment": "2023-03-28 2:43:59pm",
        "elevation_m": 46.42,
        "photo_filename": "DSC00298.jpg",
        "photo_path": "DSC00298.jpg",
        "surveyor_comment": "2023-03-28 2:43:59pm",
        "survey_date": "2023-3-28",
        "station_source": "Native (Survey / POW)",
        "native_station": " (0+626.7)"
      },
      "geometry": {
        "type": "Point",
        "coordinates": [
          121.207828,
          13.202921
        ]
      }
    },
    {
      "type": "Feature",
      "properties": {
        "id": 302,
        "name": "BAGONG BUHAY LATERAL A BULLCART 6 (0+509.5)",
        "type": "Thresher Crossing",
        "Structure_Category": "Thresher Crossing",
        "canal_name": "BAGONG BUHAY LATERAL A",
        "station": "STA 0+509.5",
        "station_m": 509.5,
        "offset_m": 3.36,
        "elevation": 45.89,
        "desc": "",
        "comment": "2023-03-28 2:39:53pm",
        "elevation_m": 45.89,
        "photo_filename": "DSC00294.jpg",
        "photo_path": "DSC00294.jpg",
        "surveyor_comment": "2023-03-28 2:39:53pm",
        "survey_date": "2023-3-28",
        "station_source": "Native (Survey / POW)",
        "native_station": " (0+509.5)"
      },
      "geometry": {
        "type": "Point",
        "coordinates": [
          121.207886,
          13.201804
        ]
      }
    },
    {
      "type": "Feature",
      "properties": {
        "id": 308,
        "name": "BAGONG BUHAY LATERAL A BULLCART 10 (0+0687.3)",
        "type": "Thresher Crossing",
        "Structure_Category": "Thresher Crossing",
        "canal_name": "BAGONG BUHAY LATERAL A",
        "station": "STA 0+687.3",
        "station_m": 687.3,
        "offset_m": 0.12,
        "elevation": 47.24,
        "desc": "",
        "comment": "2023-03-28 2:46:01pm",
        "elevation_m": 47.24,
        "photo_filename": "DSC00300.jpg",
        "photo_path": "DSC00300.jpg",
        "surveyor_comment": "2023-03-28 2:46:01pm",
        "survey_date": "2023-3-28",
        "station_source": "Native (Survey / POW)",
        "native_station": " (0+0687.3)"
      },
      "geometry": {
        "type": "Point",
        "coordinates": [
          121.207887,
          13.203358
        ]
      }
    },
    {
      "type": "Feature",
      "properties": {
        "id": 310,
        "name": "BAGONG BUHAY LATERAL A END OF LINED CANAL (1+059.4)",
        "type": "Other Structures",
        "Structure_Category": "Other Structures",
        "canal_name": "BAGONG BUHAY LATERAL A",
        "station": "STA 1+059.4",
        "station_m": 1059.4,
        "offset_m": 7.05,
        "elevation": 46.3,
        "desc": "",
        "comment": "2023-03-28 2:52:09pm",
        "elevation_m": 46.3,
        "photo_filename": "DSC00302.jpg",
        "photo_path": "DSC00302.jpg",
        "surveyor_comment": "2023-03-28 2:52:09pm",
        "survey_date": "2023-3-28",
        "station_source": "Native (Survey / POW)",
        "native_station": " (1+059.4)"
      },
      "geometry": {
        "type": "Point",
        "coordinates": [
          121.210521,
          13.204058
        ]
      }
    },
    {
      "type": "Feature",
      "properties": {
        "id": 284,
        "name": "BAGONG BUHAY LATERAL B BULLCART 2 (0+347.6)",
        "type": "Thresher Crossing",
        "Structure_Category": "Thresher Crossing",
        "canal_name": "BAGONG BUHAY LATERAL B",
        "station": "STA 0+347.6",
        "station_m": 347.6,
        "offset_m": 0.79,
        "elevation": 45.06,
        "desc": "",
        "comment": "2023-03-28 1:35:05pm",
        "elevation_m": 45.06,
        "photo_filename": "DSC00275.jpg",
        "photo_path": "DSC00275.jpg",
        "surveyor_comment": "2023-03-28 1:35:05pm",
        "survey_date": "2023-3-28",
        "station_source": "Native (Survey / POW)",
        "native_station": " (0+347.6)"
      },
      "geometry": {
        "type": "Point",
        "coordinates": [
          121.213448,
          13.199706
        ]
      }
    },
    {
      "type": "Feature",
      "properties": {
        "id": 287,
        "name": "BAGONG BUHAY LATERAL B BULLCART 3 (0+472.5)",
        "type": "Thresher Crossing",
        "Structure_Category": "Thresher Crossing",
        "canal_name": "BAGONG BUHAY LATERAL B",
        "station": "STA 0+472.5",
        "station_m": 472.5,
        "offset_m": 13,
        "elevation": 45.02,
        "desc": "",
        "comment": "2023-03-28 1:41:40pm",
        "elevation_m": 45.02,
        "photo_filename": "DSC00278.jpg",
        "photo_path": "DSC00278.jpg",
        "surveyor_comment": "2023-03-28 1:41:40pm",
        "survey_date": "2023-3-28",
        "station_source": "Native (Survey / POW)",
        "native_station": " (0+472.5)"
      },
      "geometry": {
        "type": "Point",
        "coordinates": [
          121.21464,
          13.199897
        ]
      }
    },
    {
      "type": "Feature",
      "properties": {
        "id": 289,
        "name": "BAGONG BUHAY LATERAL B END OF LINED CANAL (0+590.6)",
        "type": "Other Structures",
        "Structure_Category": "Other Structures",
        "canal_name": "BAGONG BUHAY LATERAL B",
        "station": "STA 0+590.6",
        "station_m": 590.6,
        "offset_m": 13.13,
        "elevation": 44,
        "desc": "",
        "comment": "2023-03-28 1:44:51pm",
        "elevation_m": 44,
        "photo_filename": "DSC00280.jpg",
        "photo_path": "DSC00280.jpg",
        "surveyor_comment": "2023-03-28 1:44:51pm",
        "survey_date": "2023-3-28",
        "station_source": "Native (Survey / POW)",
        "native_station": " (0+590.6)"
      },
      "geometry": {
        "type": "Point",
        "coordinates": [
          121.215698,
          13.199919
        ]
      }
    },
    {
      "type": "Feature",
      "properties": {
        "id": 311,
        "name": "MAPALO NORTH MAIN CANAL BULLCART 1 (3+296.2)",
        "type": "Thresher Crossing",
        "Structure_Category": "Thresher Crossing",
        "canal_name": "Off-Canal",
        "station": "STA 3+296.2",
        "station_m": 3296.2,
        "offset_m": 886.89,
        "elevation": 15.11,
        "desc": "",
        "comment": "2023-03-31 9:34:05am",
        "elevation_m": 15.11,
        "photo_filename": "DSC00328.jpg",
        "photo_path": "DSC00328.jpg",
        "surveyor_comment": "2023-03-31 9:34:05am",
        "survey_date": "2023-3-31",
        "station_source": "Native (Survey / POW)",
        "native_station": " (3+296.2)"
      },
      "geometry": {
        "type": "Point",
        "coordinates": [
          121.262285,
          13.270367
        ]
      }
    },
    {
      "type": "Feature",
      "properties": {
        "id": 314,
        "name": "MAPALO NORTH MAIN CANAL BULLCART 4 (3+763.5)",
        "type": "Thresher Crossing",
        "Structure_Category": "Thresher Crossing",
        "canal_name": "Off-Canal",
        "station": "STA 3+763.5",
        "station_m": 3763.5,
        "offset_m": 993.33,
        "elevation": 15.81,
        "desc": "",
        "comment": "2023-03-31 9:46:54am",
        "elevation_m": 15.81,
        "photo_filename": "DSC00331.jpg",
        "photo_path": "DSC00331.jpg",
        "surveyor_comment": "2023-03-31 9:46:54am",
        "survey_date": "2023-3-31",
        "station_source": "Native (Survey / POW)",
        "native_station": " (3+763.5)"
      },
      "geometry": {
        "type": "Point",
        "coordinates": [
          121.264613,
          13.273706
        ]
      }
    },
    {
      "type": "Feature",
      "properties": {
        "id": 316,
        "name": "MAPALO NORTH MAIN CANAL TO 2 (4+172.7)",
        "type": "Turnout",
        "Structure_Category": "Turnout (TO)",
        "canal_name": "Off-Canal",
        "station": "STA 4+172.7",
        "station_m": 4172.7,
        "offset_m": 1209.97,
        "elevation": 15.22,
        "desc": "",
        "comment": "2023-03-31 9:58:04am",
        "elevation_m": 15.22,
        "photo_filename": "DSC00333.jpg",
        "photo_path": "DSC00333.jpg",
        "surveyor_comment": "2023-03-31 9:58:04am",
        "survey_date": "2023-3-31",
        "station_source": "Native (Survey / POW)",
        "native_station": " (4+172.7)"
      },
      "geometry": {
        "type": "Point",
        "coordinates": [
          121.264423,
          13.277185
        ]
      }
    },
    {
      "type": "Feature",
      "properties": {
        "id": 315,
        "name": "MAPALO NORTH MAIN CANAL TO 1 (3+914.5)",
        "type": "Turnout",
        "Structure_Category": "Turnout (TO)",
        "canal_name": "Off-Canal",
        "station": "STA 3+914.5",
        "station_m": 3914.5,
        "offset_m": 1117.93,
        "elevation": 15.48,
        "desc": "",
        "comment": "2023-03-31 9:51:30am",
        "elevation_m": 15.48,
        "photo_filename": "DSC00332.jpg",
        "photo_path": "DSC00332.jpg",
        "surveyor_comment": "2023-03-31 9:51:30am",
        "survey_date": "2023-3-31",
        "station_source": "Native (Survey / POW)",
        "native_station": " (3+914.5)"
      },
      "geometry": {
        "type": "Point",
        "coordinates": [
          121.264119,
          13.274956
        ]
      }
    },
    {
      "type": "Feature",
      "properties": {
        "id": 317,
        "name": "MAPALO NORTH MAIN CANAL OUTLET (4+182)",
        "type": "Outlet",
        "Structure_Category": "Outlet",
        "canal_name": "Off-Canal",
        "station": "STA 4+182.0",
        "station_m": 4182,
        "offset_m": 1210.37,
        "elevation": 15.51,
        "desc": "",
        "comment": "2023-03-31 10:00:16am",
        "elevation_m": 15.51,
        "photo_filename": "DSC00334.jpg",
        "photo_path": "DSC00334.jpg",
        "surveyor_comment": "2023-03-31 10:00:16am",
        "survey_date": "2023-3-31",
        "station_source": "Native (Survey / POW)",
        "native_station": " (4+182)"
      },
      "geometry": {
        "type": "Point",
        "coordinates": [
          121.264456,
          13.277246
        ]
      }
    },
    {
      "type": "Feature",
      "properties": {
        "id": 320,
        "name": "MAPALO NORTH MAIN CANAL TO 3 (4+734.5)",
        "type": "Turnout",
        "Structure_Category": "Turnout (TO)",
        "canal_name": "Off-Canal",
        "station": "STA 4+734.5",
        "station_m": 4734.5,
        "offset_m": 1300.07,
        "elevation": 15.38,
        "desc": "",
        "comment": "2023-03-31 10:15:34am",
        "elevation_m": 15.38,
        "photo_filename": "DSC00337.jpg",
        "photo_path": "DSC00337.jpg",
        "surveyor_comment": "2023-03-31 10:15:34am",
        "survey_date": "2023-3-31",
        "station_source": "Native (Survey / POW)",
        "native_station": " (4+734.5)"
      },
      "geometry": {
        "type": "Point",
        "coordinates": [
          121.266402,
          13.281917
        ]
      }
    },
    {
      "type": "Feature",
      "properties": {
        "id": 321,
        "name": "MAPALO NORTH MAIN CANAL OUTLET (4+742.5)",
        "type": "Outlet",
        "Structure_Category": "Outlet",
        "canal_name": "Off-Canal",
        "station": "STA 4+742.5",
        "station_m": 4742.5,
        "offset_m": 1301.14,
        "elevation": 15.63,
        "desc": "",
        "comment": "2023-03-31 10:18:15am",
        "elevation_m": 15.63,
        "photo_filename": "DSC00338.jpg",
        "photo_path": "DSC00338.jpg",
        "surveyor_comment": "2023-03-31 10:18:15am",
        "survey_date": "2023-3-31",
        "station_source": "Native (Survey / POW)",
        "native_station": " (4+742.5)"
      },
      "geometry": {
        "type": "Point",
        "coordinates": [
          121.266446,
          13.282005
        ]
      }
    },
    {
      "type": "Feature",
      "properties": {
        "id": 322,
        "name": "MAPALO NORTH MAIN CANAL BULLCART 6 (5+061.4)",
        "type": "Thresher Crossing",
        "Structure_Category": "Thresher Crossing",
        "canal_name": "Off-Canal",
        "station": "STA 5+061.4",
        "station_m": 5061.4,
        "offset_m": 1343.36,
        "elevation": 14.19,
        "desc": "",
        "comment": "2023-03-31 10:24:52am",
        "elevation_m": 14.19,
        "photo_filename": "DSC00339.jpg",
        "photo_path": "DSC00339.jpg",
        "surveyor_comment": "2023-03-31 10:24:52am",
        "survey_date": "2023-3-31",
        "station_source": "Native (Survey / POW)",
        "native_station": " (5+061.4)"
      },
      "geometry": {
        "type": "Point",
        "coordinates": [
          121.267634,
          13.284684
        ]
      }
    },
    {
      "type": "Feature",
      "properties": {
        "id": 323,
        "name": "MAPALO NORTH MAIN CANAL TO 4 (5+127.4)",
        "type": "Turnout",
        "Structure_Category": "Turnout (TO)",
        "canal_name": "Off-Canal",
        "station": "STA 5+127.4",
        "station_m": 5127.4,
        "offset_m": 1348.69,
        "elevation": 14.47,
        "desc": "",
        "comment": "2023-03-31 10:29:24am",
        "elevation_m": 14.47,
        "photo_filename": "DSC00340.jpg",
        "photo_path": "DSC00340.jpg",
        "surveyor_comment": "2023-03-31 10:29:24am",
        "survey_date": "2023-3-31",
        "station_source": "Native (Survey / POW)",
        "native_station": " (5+127.4)"
      },
      "geometry": {
        "type": "Point",
        "coordinates": [
          121.267887,
          13.28523
        ]
      }
    },
    {
      "type": "Feature",
      "properties": {
        "id": 324,
        "name": "MAPALO NORTH MAIN CANAL OUTLET (5+136.7)",
        "type": "Outlet",
        "Structure_Category": "Outlet",
        "canal_name": "Off-Canal",
        "station": "STA 5+136.7",
        "station_m": 5136.7,
        "offset_m": 1347.28,
        "elevation": 15.83,
        "desc": "",
        "comment": "2023-03-31 10:31:11am",
        "elevation_m": 15.83,
        "photo_filename": "DSC00341.jpg",
        "photo_path": "DSC00341.jpg",
        "surveyor_comment": "2023-03-31 10:31:11am",
        "survey_date": "2023-3-31",
        "station_source": "Native (Survey / POW)",
        "native_station": " (5+136.7)"
      },
      "geometry": {
        "type": "Point",
        "coordinates": [
          121.267939,
          13.285296
        ]
      }
    },
    {
      "type": "Feature",
      "properties": {
        "id": 328,
        "name": "MAPALO NORTH MAIN CANAL TO 6 (5+624.2)",
        "type": "Turnout",
        "Structure_Category": "Turnout (TO)",
        "canal_name": "Off-Canal",
        "station": "STA 5+624.2",
        "station_m": 5624.2,
        "offset_m": 1410.02,
        "elevation": 12.34,
        "desc": "",
        "comment": "2023-03-31 10:48:09am",
        "elevation_m": 12.34,
        "photo_filename": "DSC00345.jpg",
        "photo_path": "DSC00345.jpg",
        "surveyor_comment": "2023-03-31 10:48:09am",
        "survey_date": "2023-3-31",
        "station_source": "Native (Survey / POW)",
        "native_station": " (5+624.2)"
      },
      "geometry": {
        "type": "Point",
        "coordinates": [
          121.269637,
          13.289327
        ]
      }
    },
    {
      "type": "Feature",
      "properties": {
        "id": 327,
        "name": "MAPALO NORTH MAIN CANAL TO 5 (5+616)",
        "type": "Turnout",
        "Structure_Category": "Turnout (TO)",
        "canal_name": "Off-Canal",
        "station": "STA 5+616.0",
        "station_m": 5616,
        "offset_m": 1410.12,
        "elevation": 10.57,
        "desc": "",
        "comment": "2023-03-31 10:45:25am",
        "elevation_m": 10.57,
        "photo_filename": "DSC00344.jpg",
        "photo_path": "DSC00344.jpg",
        "surveyor_comment": "2023-03-31 10:45:25am",
        "survey_date": "2023-3-31",
        "station_source": "Native (Survey / POW)",
        "native_station": " (5+616)"
      },
      "geometry": {
        "type": "Point",
        "coordinates": [
          121.269592,
          13.289252
        ]
      }
    },
    {
      "type": "Feature",
      "properties": {
        "id": 330,
        "name": "MAPALO NORTH MAIN CANAL CULVERT (6+132)",
        "type": "Other Structures",
        "Structure_Category": "Other Structures",
        "canal_name": "Off-Canal",
        "station": "STA 6+132.0",
        "station_m": 6132,
        "offset_m": 1456.65,
        "elevation": 9.73,
        "desc": "",
        "comment": "2023-03-31 11:02:19am",
        "elevation_m": 9.73,
        "photo_filename": "DSC00347.jpg",
        "photo_path": "DSC00347.jpg",
        "surveyor_comment": "2023-03-31 11:02:19am",
        "survey_date": "2023-3-31",
        "station_source": "Native (Survey / POW)",
        "native_station": " (6+132)"
      },
      "geometry": {
        "type": "Point",
        "coordinates": [
          121.271565,
          13.293435
        ]
      }
    },
    {
      "type": "Feature",
      "properties": {
        "id": 329,
        "name": "MAPALO NORTH MAIN CANAL CULVERT (5+974.4)",
        "type": "Other Structures",
        "Structure_Category": "Other Structures",
        "canal_name": "Off-Canal",
        "station": "STA 5+974.4",
        "station_m": 5974.4,
        "offset_m": 1451.21,
        "elevation": 11.61,
        "desc": "",
        "comment": "2023-03-31 10:57:29am",
        "elevation_m": 11.61,
        "photo_filename": "DSC00346.jpg",
        "photo_path": "DSC00346.jpg",
        "surveyor_comment": "2023-03-31 10:57:29am",
        "survey_date": "2023-3-31",
        "station_source": "Native (Survey / POW)",
        "native_station": " (5+974.4)"
      },
      "geometry": {
        "type": "Point",
        "coordinates": [
          121.270896,
          13.292221
        ]
      }
    },
    {
      "type": "Feature",
      "properties": {
        "id": 331,
        "name": "MAPALO NORTH MAIN CANAL INLET (6+218.4)",
        "type": "Inlet",
        "Structure_Category": "Inlet",
        "canal_name": "Off-Canal",
        "station": "STA 6+218.4",
        "station_m": 6218.4,
        "offset_m": 1457.75,
        "elevation": 9.34,
        "desc": "",
        "comment": "2023-03-31 11:05:21am",
        "elevation_m": 9.34,
        "photo_filename": "DSC00348.jpg",
        "photo_path": "DSC00348.jpg",
        "surveyor_comment": "2023-03-31 11:05:21am",
        "survey_date": "2023-3-31",
        "station_source": "Native (Survey / POW)",
        "native_station": " (6+218.4)"
      },
      "geometry": {
        "type": "Point",
        "coordinates": [
          121.271959,
          13.294097
        ]
      }
    },
    {
      "type": "Feature",
      "properties": {
        "id": 332,
        "name": "MAPALO NORTH MAIN CANAL OUTLET (6+227)",
        "type": "Outlet",
        "Structure_Category": "Outlet",
        "canal_name": "Off-Canal",
        "station": "STA 6+227.0",
        "station_m": 6227,
        "offset_m": 1460.67,
        "elevation": 9.99,
        "desc": "",
        "comment": "2023-03-31 11:06:52am",
        "elevation_m": 9.99,
        "photo_filename": "DSC00350.jpg",
        "photo_path": "DSC00350.jpg",
        "surveyor_comment": "2023-03-31 11:06:52am",
        "survey_date": "2023-3-31",
        "station_source": "Native (Survey / POW)",
        "native_station": " (6+227)"
      },
      "geometry": {
        "type": "Point",
        "coordinates": [
          121.271971,
          13.294169
        ]
      }
    },
    {
      "type": "Feature",
      "properties": {
        "id": 336,
        "name": "MAPALO NORTH MAIN CANAL TO 8 (6+866.3)",
        "type": "Turnout",
        "Structure_Category": "Turnout (TO)",
        "canal_name": "Off-Canal",
        "station": "STA 6+866.3",
        "station_m": 6866.3,
        "offset_m": 1514.39,
        "elevation": 15.78,
        "desc": "",
        "comment": "2023-03-31 11:25:28am",
        "elevation_m": 15.78,
        "photo_filename": "DSC00355.jpg",
        "photo_path": "DSC00355.jpg",
        "surveyor_comment": "2023-03-31 11:25:28am",
        "survey_date": "2023-3-31",
        "station_source": "Native (Survey / POW)",
        "native_station": " (6+866.3)"
      },
      "geometry": {
        "type": "Point",
        "coordinates": [
          121.274491,
          13.299397
        ]
      }
    },
    {
      "type": "Feature",
      "properties": {
        "id": 334,
        "name": "MAPALO NORTH MAIN CANAL CULVERT (6+527.1)",
        "type": "Other Structures",
        "Structure_Category": "Other Structures",
        "canal_name": "Off-Canal",
        "station": "STA 6+527.1",
        "station_m": 6527.1,
        "offset_m": 1461.48,
        "elevation": 10.04,
        "desc": "",
        "comment": "2023-03-31 11:16:10am",
        "elevation_m": 10.04,
        "photo_filename": "DSC00352.jpg",
        "photo_path": "DSC00352.jpg",
        "surveyor_comment": "2023-03-31 11:16:10am",
        "survey_date": "2023-3-31",
        "station_source": "Native (Survey / POW)",
        "native_station": " (6+527.1)"
      },
      "geometry": {
        "type": "Point",
        "coordinates": [
          121.273348,
          13.296497
        ]
      }
    },
    {
      "type": "Feature",
      "properties": {
        "id": 335,
        "name": "MAPALO NORTH MAIN CANAL TO 7 (6+530)",
        "type": "Turnout",
        "Structure_Category": "Turnout (TO)",
        "canal_name": "Off-Canal",
        "station": "STA 6+530.0",
        "station_m": 6530,
        "offset_m": 1459.11,
        "elevation": 11.03,
        "desc": "",
        "comment": "2023-03-31 11:17:29am",
        "elevation_m": 11.03,
        "photo_filename": "DSC00353.jpg",
        "photo_path": "DSC00353.jpg",
        "surveyor_comment": "2023-03-31 11:17:29am",
        "survey_date": "2023-3-31",
        "station_source": "Native (Survey / POW)",
        "native_station": " (6+530)"
      },
      "geometry": {
        "type": "Point",
        "coordinates": [
          121.273375,
          13.2965
        ]
      }
    },
    {
      "type": "Feature",
      "properties": {
        "id": 337,
        "name": "MAPALO NORTH MAIN CANAL OUTLET (6+877.1)",
        "type": "Outlet",
        "Structure_Category": "Outlet",
        "canal_name": "Off-Canal",
        "station": "STA 6+877.1",
        "station_m": 6877.1,
        "offset_m": 1517.09,
        "elevation": 16.02,
        "desc": "",
        "comment": "2023-03-31 11:27:30am",
        "elevation_m": 16.02,
        "photo_filename": "DSC00356.jpg",
        "photo_path": "DSC00356.jpg",
        "surveyor_comment": "2023-03-31 11:27:30am",
        "survey_date": "2023-3-31",
        "station_source": "Native (Survey / POW)",
        "native_station": " (6+877.1)"
      },
      "geometry": {
        "type": "Point",
        "coordinates": [
          121.274519,
          13.299492
        ]
      }
    },
    {
      "type": "Feature",
      "properties": {
        "id": 338,
        "name": "MAPALO NORTH MAIN CANAL END EARTH CANAL (7+070.6)",
        "type": "Other Structures",
        "Structure_Category": "Other Structures",
        "canal_name": "Off-Canal",
        "station": "STA 7+070.6",
        "station_m": 7070.6,
        "offset_m": 1564.44,
        "elevation": 16.81,
        "desc": "",
        "comment": "2023-03-31 11:37:15am",
        "elevation_m": 16.81,
        "photo_filename": "DSC00357.jpg",
        "photo_path": "DSC00357.jpg",
        "surveyor_comment": "2023-03-31 11:37:15am",
        "survey_date": "2023-3-31",
        "station_source": "Native (Survey / POW)",
        "native_station": " (7+070.6)"
      },
      "geometry": {
        "type": "Point",
        "coordinates": [
          121.275013,
          13.301176
        ]
      }
    },
    {
      "type": "Feature",
      "properties": {
        "id": 428,
        "name": "MAPALO LATERAL AN-1 TO 7 (3+592.2)",
        "type": "Turnout",
        "Structure_Category": "Turnout (TO)",
        "canal_name": "MAPALO LATERAL AN1",
        "station": "STA 3+592.2",
        "station_m": 3592.2,
        "offset_m": 1.21,
        "elevation": 177.12,
        "desc": "",
        "comment": "",
        "elevation_m": 177.12,
        "photo_filename": "DSC00349.jpg",
        "photo_path": "DSC00349.jpg",
        "surveyor_comment": null,
        "survey_date": "2023-4-11",
        "station_source": "Native (Survey / POW)",
        "native_station": " (3+592.2)"
      },
      "geometry": {
        "type": "Point",
        "coordinates": [
          121.295511,
          13.27085
        ]
      }
    },
    {
      "type": "Feature",
      "properties": {
        "id": 431,
        "name": "MAPALO LATERAL AN-1 OUTLET (4+086.1)",
        "type": "Outlet",
        "Structure_Category": "Outlet",
        "canal_name": "MAPALO LATERAL AN1",
        "station": "STA 4+086.1",
        "station_m": 4086.1,
        "offset_m": 3.53,
        "elevation": 109.95,
        "desc": "",
        "comment": "",
        "elevation_m": 109.95,
        "photo_filename": "DSC00353.jpg",
        "photo_path": "DSC00353.jpg",
        "surveyor_comment": null,
        "survey_date": "2023-4-11",
        "station_source": "Native (Survey / POW)",
        "native_station": " (4+086.1)"
      },
      "geometry": {
        "type": "Point",
        "coordinates": [
          121.298301,
          13.274162
        ]
      }
    },
    {
      "type": "Feature",
      "properties": {
        "id": 342,
        "name": "MAPALO LATERAL AS CULVERT (0+276.2)",
        "type": "Conduit",
        "Structure_Category": "Other Structures",
        "canal_name": "MAPALO LATERAL AS",
        "station": "STA 0+276.2",
        "station_m": 276.2,
        "offset_m": 1.68,
        "elevation": 17.4,
        "desc": "",
        "comment": "2023-04-01 9:15:35am",
        "elevation_m": 17.4,
        "photo_filename": "DSC00361.jpg",
        "photo_path": "DSC00361.jpg",
        "surveyor_comment": "2023-04-01 9:15:35am",
        "survey_date": "2023-4-1",
        "station_source": "Native (Survey / POW)",
        "native_station": " (0+276.2)"
      },
      "geometry": {
        "type": "Point",
        "coordinates": [
          121.254511,
          13.244313
        ]
      }
    },
    {
      "type": "Feature",
      "properties": {
        "id": 341,
        "name": "MAPALO LATERAL AS BULLCART 1 (0+101)",
        "type": "Thresher Crossing",
        "Structure_Category": "Thresher Crossing",
        "canal_name": "MAPALO LATERAL AS",
        "station": "STA 0+101.0",
        "station_m": 101,
        "offset_m": 17.77,
        "elevation": 17.1,
        "desc": "",
        "comment": "2023-04-01 9:11:55am",
        "elevation_m": 17.1,
        "photo_filename": "DSC00360.jpg",
        "photo_path": "DSC00360.jpg",
        "surveyor_comment": "2023-04-01 9:11:55am",
        "survey_date": "2023-4-1",
        "station_source": "Native (Survey / POW)",
        "native_station": " (0+101)"
      },
      "geometry": {
        "type": "Point",
        "coordinates": [
          121.253292,
          13.24319
        ]
      }
    },
    {
      "type": "Feature",
      "properties": {
        "id": 343,
        "name": "MAPALO LATERAL AS INLET (0+578.4)",
        "type": "Inlet",
        "Structure_Category": "Inlet",
        "canal_name": "MAPALO LATERAL AS",
        "station": "STA 0+578.4",
        "station_m": 578.4,
        "offset_m": 2.93,
        "elevation": 16.17,
        "desc": "",
        "comment": "2023-04-01 9:21:29am",
        "elevation_m": 16.17,
        "photo_filename": "DSC00362.jpg",
        "photo_path": "DSC00362.jpg",
        "surveyor_comment": "2023-04-01 9:21:29am",
        "survey_date": "2023-4-1",
        "station_source": "Native (Survey / POW)",
        "native_station": " (0+578.4)"
      },
      "geometry": {
        "type": "Point",
        "coordinates": [
          121.256497,
          13.24623
        ]
      }
    },
    {
      "type": "Feature",
      "properties": {
        "id": 354,
        "name": "MAPALO LATERAL AS OUTLET (2+258)",
        "type": "Outlet",
        "Structure_Category": "Outlet",
        "canal_name": "Off-Canal",
        "station": "STA 2+258.0",
        "station_m": 2258,
        "offset_m": 400.02,
        "elevation": 26.48,
        "desc": "",
        "comment": "2023-04-01 10:52:18am",
        "elevation_m": 26.48,
        "photo_filename": "DSC00373.jpg",
        "photo_path": "DSC00373.jpg",
        "surveyor_comment": "2023-04-01 10:52:18am",
        "survey_date": "2023-4-1",
        "station_source": "Native (Survey / POW)",
        "native_station": " (2+258)"
      },
      "geometry": {
        "type": "Point",
        "coordinates": [
          121.269514,
          13.249674
        ]
      }
    },
    {
      "type": "Feature",
      "properties": {
        "id": 361,
        "name": "MAPALO LATERAL AS-1 (0+000)",
        "type": "Outlet",
        "Structure_Category": "Outlet",
        "canal_name": "Off-Canal",
        "station": "STA 0+000.0",
        "station_m": 0,
        "offset_m": 86.64,
        "elevation": 29.59,
        "desc": "",
        "comment": "2023-04-01 12:02:33pm",
        "elevation_m": 29.59,
        "photo_filename": "DSC00380.jpg",
        "photo_path": "DSC00380.jpg",
        "surveyor_comment": "2023-04-01 12:02:33pm",
        "survey_date": "2023-4-1",
        "station_source": "Native (Survey / POW)",
        "native_station": " (0+000)"
      },
      "geometry": {
        "type": "Point",
        "coordinates": [
          121.253617,
          13.241933
        ]
      }
    },
    {
      "type": "Feature",
      "properties": {
        "id": 345,
        "name": "MAPALO LATERAL AS CULVERT (0+917.4)",
        "type": "Conduit",
        "Structure_Category": "Other Structures",
        "canal_name": "MAPALO LATERAL AS",
        "station": "STA 0+917.4",
        "station_m": 917.4,
        "offset_m": 5.66,
        "elevation": 16.68,
        "desc": "",
        "comment": "2023-04-01 9:30:01am",
        "elevation_m": 16.68,
        "photo_filename": "DSC00364.jpg",
        "photo_path": "DSC00364.jpg",
        "surveyor_comment": "2023-04-01 9:30:01am",
        "survey_date": "2023-4-1",
        "station_source": "Native (Survey / POW)",
        "native_station": " (0+917.4)"
      },
      "geometry": {
        "type": "Point",
        "coordinates": [
          121.258618,
          13.248539
        ]
      }
    },
    {
      "type": "Feature",
      "properties": {
        "id": 348,
        "name": "MAPALO LATERAL AS BULLCART 2 (1+604.7)",
        "type": "Thresher Crossing",
        "Structure_Category": "Thresher Crossing",
        "canal_name": "MAPALO LATERAL AS",
        "station": "STA 1+604.7",
        "station_m": 1604.7,
        "offset_m": 5.17,
        "elevation": 17.27,
        "desc": "",
        "comment": "2023-04-01 9:45:51am",
        "elevation_m": 17.27,
        "photo_filename": "DSC00367.jpg",
        "photo_path": "DSC00367.jpg",
        "surveyor_comment": "2023-04-01 9:45:51am",
        "survey_date": "2023-4-1",
        "station_source": "Native (Survey / POW)",
        "native_station": " (1+604.7)"
      },
      "geometry": {
        "type": "Point",
        "coordinates": [
          121.264779,
          13.24971
        ]
      }
    },
    {
      "type": "Feature",
      "properties": {
        "id": 347,
        "name": "MAPALO LATERAL AS OUTLET (1+155.8)",
        "type": "Outlet",
        "Structure_Category": "Outlet",
        "canal_name": "MAPALO LATERAL AS",
        "station": "STA 1+155.8",
        "station_m": 1155.8,
        "offset_m": 6.78,
        "elevation": 17.65,
        "desc": "",
        "comment": "2023-04-01 9:37:37am",
        "elevation_m": 17.65,
        "photo_filename": "DSC00366.jpg",
        "photo_path": "DSC00366.jpg",
        "surveyor_comment": "2023-04-01 9:37:37am",
        "survey_date": "2023-4-1",
        "station_source": "Native (Survey / POW)",
        "native_station": " (1+155.8)"
      },
      "geometry": {
        "type": "Point",
        "coordinates": [
          121.260648,
          13.249354
        ]
      }
    },
    {
      "type": "Feature",
      "properties": {
        "id": 349,
        "name": "MAPALO LATERAL AS BULLCART 3 (1+627.2)",
        "type": "Thresher Crossing",
        "Structure_Category": "Thresher Crossing",
        "canal_name": "MAPALO LATERAL AS",
        "station": "STA 1+627.2",
        "station_m": 1627.2,
        "offset_m": 5.56,
        "elevation": 17.04,
        "desc": "",
        "comment": "2023-04-01 9:48:14am",
        "elevation_m": 17.04,
        "photo_filename": "DSC00368.jpg",
        "photo_path": "DSC00368.jpg",
        "surveyor_comment": "2023-04-01 9:48:14am",
        "survey_date": "2023-4-1",
        "station_source": "Native (Survey / POW)",
        "native_station": " (1+627.2)"
      },
      "geometry": {
        "type": "Point",
        "coordinates": [
          121.264994,
          13.249695
        ]
      }
    },
    {
      "type": "Feature",
      "properties": {
        "id": 351,
        "name": "MAPALO LATERAL AS ROAD CROSSING (1+721.8)",
        "type": "Road Crossing",
        "Structure_Category": "Road Crossing",
        "canal_name": "MAPALO LATERAL AS",
        "station": "STA 1+721.8",
        "station_m": 1721.8,
        "offset_m": 4.86,
        "elevation": 17.31,
        "desc": "",
        "comment": "2023-04-01 9:52:05am",
        "elevation_m": 17.31,
        "photo_filename": "DSC00370.jpg",
        "photo_path": "DSC00370.jpg",
        "surveyor_comment": "2023-04-01 9:52:05am",
        "survey_date": "2023-4-1",
        "station_source": "Native (Survey / POW)",
        "native_station": " (1+721.8)"
      },
      "geometry": {
        "type": "Point",
        "coordinates": [
          121.265862,
          13.249597
        ]
      }
    },
    {
      "type": "Feature",
      "properties": {
        "id": 352,
        "name": "MAPALO LATERAL AS ROAD CROSSING (1+734)",
        "type": "Road Crossing",
        "Structure_Category": "Road Crossing",
        "canal_name": "MAPALO LATERAL AS",
        "station": "STA 1+734.0",
        "station_m": 1734,
        "offset_m": 16.55,
        "elevation": 17.08,
        "desc": "",
        "comment": "2023-04-01 9:56:01am",
        "elevation_m": 17.08,
        "photo_filename": "DSC00371.jpg",
        "photo_path": "DSC00371.jpg",
        "surveyor_comment": "2023-04-01 9:56:01am",
        "survey_date": "2023-4-1",
        "station_source": "Native (Survey / POW)",
        "native_station": " (1+734)"
      },
      "geometry": {
        "type": "Point",
        "coordinates": [
          121.265961,
          13.24964
        ]
      }
    },
    {
      "type": "Feature",
      "properties": {
        "id": 353,
        "name": "MAPALO LATERAL AS INLET (2+240)",
        "type": "Inlet",
        "Structure_Category": "Inlet",
        "canal_name": "Off-Canal",
        "station": "STA 2+240.0",
        "station_m": 2240,
        "offset_m": 383.66,
        "elevation": 26.95,
        "desc": "",
        "comment": "2023-04-01 10:49:23am",
        "elevation_m": 26.95,
        "photo_filename": "DSC00372.jpg",
        "photo_path": "DSC00372.jpg",
        "surveyor_comment": "2023-04-01 10:49:23am",
        "survey_date": "2023-4-1",
        "station_source": "Native (Survey / POW)",
        "native_station": " (2+240)"
      },
      "geometry": {
        "type": "Point",
        "coordinates": [
          121.269362,
          13.249703
        ]
      }
    },
    {
      "type": "Feature",
      "properties": {
        "id": 362,
        "name": "MAPALO LATERAL AS-1 BULLCART 1 (1+105.5)",
        "type": "Thresher Crossing",
        "Structure_Category": "Thresher Crossing",
        "canal_name": "Off-Canal",
        "station": "STA 1+105.5",
        "station_m": 1105.5,
        "offset_m": 130.73,
        "elevation": 26.67,
        "desc": "",
        "comment": "2023-04-01 12:07:39pm",
        "elevation_m": 26.67,
        "photo_filename": "DSC00382.jpg",
        "photo_path": "DSC00382.jpg",
        "surveyor_comment": "2023-04-01 12:07:39pm",
        "survey_date": "2023-4-1",
        "station_source": "Native (Survey / POW)",
        "native_station": " (1+105.5)"
      },
      "geometry": {
        "type": "Point",
        "coordinates": [
          121.254443,
          13.24246
        ]
      }
    },
    {
      "type": "Feature",
      "properties": {
        "id": 340,
        "name": "MAPALO LATERAL AS OUTLET (0+000)",
        "type": "Outlet",
        "Structure_Category": "Outlet",
        "canal_name": "MAPALO LATERAL AS",
        "station": "STA 0+000.0",
        "station_m": 0,
        "offset_m": 2.16,
        "elevation": 18.19,
        "desc": "",
        "comment": "2023-04-01 9:08:20am",
        "elevation_m": 18.19,
        "photo_filename": "DSC00359.jpg",
        "photo_path": "DSC00359.jpg",
        "surveyor_comment": "2023-04-01 9:08:20am",
        "survey_date": "2023-4-1",
        "station_source": "Native (Survey / POW)",
        "native_station": " (0+000)"
      },
      "geometry": {
        "type": "Point",
        "coordinates": [
          121.252965,
          13.242353
        ]
      }
    },
    {
      "type": "Feature",
      "properties": {
        "id": 363,
        "name": "MAPALO LATERAL AS-1 BULLCART 2 (0+148.5)",
        "type": "Thresher Crossing",
        "Structure_Category": "Thresher Crossing",
        "canal_name": "Off-Canal",
        "station": "STA 0+148.5",
        "station_m": 148.5,
        "offset_m": 145.77,
        "elevation": 27.98,
        "desc": "",
        "comment": "2023-04-01 12:11:39pm",
        "elevation_m": 27.98,
        "photo_filename": "DSC00383.jpg",
        "photo_path": "DSC00383.jpg",
        "surveyor_comment": "2023-04-01 12:11:39pm",
        "survey_date": "2023-4-1",
        "station_source": "Native (Survey / POW)",
        "native_station": " (0+148.5)"
      },
      "geometry": {
        "type": "Point",
        "coordinates": [
          121.254775,
          13.242686
        ]
      }
    },
    {
      "type": "Feature",
      "properties": {
        "id": 357,
        "name": "MAPALO LATERAL SOUTH MAIN CANAL TO 1 (3+290.8)",
        "type": "Turnout",
        "Structure_Category": "Turnout (TO)",
        "canal_name": "Off-Canal",
        "station": "STA 3+290.8",
        "station_m": 3290.8,
        "offset_m": 1761.78,
        "elevation": 10.61,
        "desc": "",
        "comment": "2023-04-01 11:19:41am",
        "elevation_m": 10.61,
        "photo_filename": "DSC00376.jpg",
        "photo_path": "DSC00376.jpg",
        "surveyor_comment": "2023-04-01 11:19:41am",
        "survey_date": "2023-4-1",
        "station_source": "Native (Survey / POW)",
        "native_station": " (3+290.8)"
      },
      "geometry": {
        "type": "Point",
        "coordinates": [
          121.274264,
          13.246028
        ]
      }
    },
    {
      "type": "Feature",
      "properties": {
        "id": 356,
        "name": "MAPALO LATERAL SOUTH MAIN CANAL OUTLET (2+918.7)",
        "type": "Outlet",
        "Structure_Category": "Outlet",
        "canal_name": "Off-Canal",
        "station": "STA 2+918.7",
        "station_m": 2918.7,
        "offset_m": 1930.05,
        "elevation": 7.12,
        "desc": "",
        "comment": "2023-04-01 11:10:46am",
        "elevation_m": 7.12,
        "photo_filename": "DSC00375.jpg",
        "photo_path": "DSC00375.jpg",
        "surveyor_comment": "2023-04-01 11:10:46am",
        "survey_date": "2023-4-1",
        "station_source": "Native (Survey / POW)",
        "native_station": " (2+918.7)"
      },
      "geometry": {
        "type": "Point",
        "coordinates": [
          121.273508,
          13.242774
        ]
      }
    },
    {
      "type": "Feature",
      "properties": {
        "id": 359,
        "name": "MAPALO LATERAL SOUTH MAIN CANAL ROAD CROSSING (3+892.5)",
        "type": "Road Crossing",
        "Structure_Category": "Road Crossing",
        "canal_name": "Off-Canal",
        "station": "STA 3+892.5",
        "station_m": 3892.5,
        "offset_m": 1510.7,
        "elevation": 14.08,
        "desc": "",
        "comment": "2023-04-01 11:31:18am",
        "elevation_m": 14.08,
        "photo_filename": "DSC00378.jpg",
        "photo_path": "DSC00378.jpg",
        "surveyor_comment": "2023-04-01 11:31:18am",
        "survey_date": "2023-4-1",
        "station_source": "Native (Survey / POW)",
        "native_station": " (3+892.5)"
      },
      "geometry": {
        "type": "Point",
        "coordinates": [
          121.278659,
          13.248394
        ]
      }
    },
    {
      "type": "Feature",
      "properties": {
        "id": 360,
        "name": "MAPALO LATERAL SOUTH MAIN CANAL CHECK GATE (3+912.6)",
        "type": "Outlet",
        "Structure_Category": "Head Gate",
        "canal_name": "Off-Canal",
        "station": "STA 3+912.6",
        "station_m": 3912.6,
        "offset_m": 1509.76,
        "elevation": 13.73,
        "desc": "",
        "comment": "2023-04-01 11:33:40am",
        "elevation_m": 13.73,
        "photo_filename": "DSC00379.jpg",
        "photo_path": "DSC00379.jpg",
        "surveyor_comment": "2023-04-01 11:33:40am",
        "survey_date": "2023-4-1",
        "station_source": "Native (Survey / POW)",
        "native_station": " (3+912.6)"
      },
      "geometry": {
        "type": "Point",
        "coordinates": [
          121.278841,
          13.248434
        ]
      }
    },
    {
      "type": "Feature",
      "properties": {
        "id": 346,
        "name": "MAPALO LATERAL AS TO 1 (1+148.8)",
        "type": "Turnout",
        "Structure_Category": "Turnout (TO)",
        "canal_name": "MAPALO LATERAL AS",
        "station": "STA 1+148.8",
        "station_m": 1148.8,
        "offset_m": 8.96,
        "elevation": 16.91,
        "desc": "",
        "comment": "2023-04-01 9:35:43am",
        "elevation_m": 16.91,
        "photo_filename": "DSC00365.jpg",
        "photo_path": "DSC00365.jpg",
        "surveyor_comment": "2023-04-01 9:35:43am",
        "survey_date": "2023-4-1",
        "station_source": "Native (Survey / POW)",
        "native_station": " (1+148.8)"
      },
      "geometry": {
        "type": "Point",
        "coordinates": [
          121.260567,
          13.249352
        ]
      }
    },
    {
      "type": "Feature",
      "properties": {
        "id": 312,
        "name": "MAPALO NORTH MAIN CANAL BULLCART 2 (3+435.9)",
        "type": "Thresher Crossing",
        "Structure_Category": "Thresher Crossing",
        "canal_name": "Off-Canal",
        "station": "STA 3+435.9",
        "station_m": 3435.9,
        "offset_m": 952.81,
        "elevation": 13.22,
        "desc": "",
        "comment": "2023-03-31 9:38:10am",
        "elevation_m": 13.22,
        "photo_filename": "DSC00329.jpg",
        "photo_path": "DSC00329.jpg",
        "surveyor_comment": "2023-03-31 9:38:10am",
        "survey_date": "2023-3-31",
        "station_source": "Native (Survey / POW)",
        "native_station": " (3+435.9)"
      },
      "geometry": {
        "type": "Point",
        "coordinates": [
          121.263006,
          13.271433
        ]
      }
    },
    {
      "type": "Feature",
      "properties": {
        "id": 378,
        "name": "MAPALO LATERAL AN (0+000)",
        "type": "Outlet",
        "Structure_Category": "Outlet",
        "canal_name": "MAPALO LATERAL AN",
        "station": "STA 0+000.0",
        "station_m": 0,
        "offset_m": 4.49,
        "elevation": 23.78,
        "desc": "",
        "comment": "2023-04-02 10:08:11am",
        "elevation_m": 23.78,
        "photo_filename": "DSC00398.jpg",
        "photo_path": "DSC00398.jpg",
        "surveyor_comment": "2023-04-02 10:08:11am",
        "survey_date": "2023-4-2",
        "station_source": "Native (Survey / POW)",
        "native_station": " (0+000)"
      },
      "geometry": {
        "type": "Point",
        "coordinates": [
          121.254611,
          13.249234
        ]
      }
    },
    {
      "type": "Feature",
      "properties": {
        "id": 379,
        "name": "MAPALO LATERAL AN INLET (0+497.6)",
        "type": "Inlet",
        "Structure_Category": "Inlet",
        "canal_name": "MAPALO LATERAL AN",
        "station": "STA 0+497.6",
        "station_m": 497.6,
        "offset_m": 3.35,
        "elevation": 23.89,
        "desc": "",
        "comment": "2023-04-02 10:15:05am",
        "elevation_m": 23.89,
        "photo_filename": "DSC00399.jpg",
        "photo_path": "DSC00399.jpg",
        "surveyor_comment": "2023-04-02 10:15:05am",
        "survey_date": "2023-4-2",
        "station_source": "Native (Survey / POW)",
        "native_station": " (0+497.6)"
      },
      "geometry": {
        "type": "Point",
        "coordinates": [
          121.258262,
          13.251964
        ]
      }
    },
    {
      "type": "Feature",
      "properties": {
        "id": 380,
        "name": "MAPALAO LATERAL AN OUTLET (0+511.8)",
        "type": "Outlet",
        "Structure_Category": "Outlet",
        "canal_name": "MAPALO LATERAL AN",
        "station": "STA 0+511.8",
        "station_m": 511.8,
        "offset_m": 0.8,
        "elevation": 23.15,
        "desc": "",
        "comment": "2023-04-02 10:16:10am",
        "elevation_m": 23.15,
        "photo_filename": "DSC00400.jpg",
        "photo_path": "DSC00400.jpg",
        "surveyor_comment": "2023-04-02 10:16:10am",
        "survey_date": "2023-4-2",
        "station_source": "Native (Survey / POW)",
        "native_station": " (0+511.8)"
      },
      "geometry": {
        "type": "Point",
        "coordinates": [
          121.25834,
          13.252072
        ]
      }
    },
    {
      "type": "Feature",
      "properties": {
        "id": 383,
        "name": "MAPALO LATERAL AN BULLCART 1 (0+983.7)",
        "type": "Thresher Crossing",
        "Structure_Category": "Thresher Crossing",
        "canal_name": "MAPALO LATERAL AN",
        "station": "STA 0+983.7",
        "station_m": 983.7,
        "offset_m": 4.67,
        "elevation": 23.57,
        "desc": "",
        "comment": "2023-04-02 10:24:36am",
        "elevation_m": 23.57,
        "photo_filename": "DSC00404.jpg",
        "photo_path": "DSC00404.jpg",
        "surveyor_comment": "2023-04-02 10:24:36am",
        "survey_date": "2023-4-2",
        "station_source": "Native (Survey / POW)",
        "native_station": " (0+983.7)"
      },
      "geometry": {
        "type": "Point",
        "coordinates": [
          121.259682,
          13.256118
        ]
      }
    },
    {
      "type": "Feature",
      "properties": {
        "id": 382,
        "name": "MAPALO LATERAL AN TO 2 (0+812.9)",
        "type": "Turnout",
        "Structure_Category": "Turnout (TO)",
        "canal_name": "MAPALO LATERAL AN",
        "station": "STA 0+812.9",
        "station_m": 812.9,
        "offset_m": 5.4,
        "elevation": 24.71,
        "desc": "",
        "comment": "2023-04-02 10:21:49am",
        "elevation_m": 24.71,
        "photo_filename": "DSC00402.jpg",
        "photo_path": "DSC00402.jpg",
        "surveyor_comment": "2023-04-02 10:21:49am",
        "survey_date": "2023-4-2",
        "station_source": "Native (Survey / POW)",
        "native_station": " (0+812.9)"
      },
      "geometry": {
        "type": "Point",
        "coordinates": [
          121.259203,
          13.254679
        ]
      }
    },
    {
      "type": "Feature",
      "properties": {
        "id": 384,
        "name": "MAPALO LATERAL AN BULLCART OUTLET (1+002.8)",
        "type": "Thresher Crossing",
        "Structure_Category": "Thresher Crossing",
        "canal_name": "MAPALO LATERAL AN",
        "station": "STA 1+002.8",
        "station_m": 1002.8,
        "offset_m": 2.01,
        "elevation": 23.83,
        "desc": "",
        "comment": "2023-04-02 10:26:14am",
        "elevation_m": 23.83,
        "photo_filename": "DSC00405.jpg",
        "photo_path": "DSC00405.jpg",
        "surveyor_comment": "2023-04-02 10:26:14am",
        "survey_date": "2023-4-2",
        "station_source": "Native (Survey / POW)",
        "native_station": " (1+002.8)"
      },
      "geometry": {
        "type": "Point",
        "coordinates": [
          121.259757,
          13.256297
        ]
      }
    },
    {
      "type": "Feature",
      "properties": {
        "id": 385,
        "name": "MAPALO LATERAL AN BULLCART 2 (1+180.5)",
        "type": "Thresher Crossing",
        "Structure_Category": "Thresher Crossing",
        "canal_name": "MAPALO LATERAL AN",
        "station": "STA 1+180.5",
        "station_m": 1180.5,
        "offset_m": 2.84,
        "elevation": 23.43,
        "desc": "",
        "comment": "2023-04-02 10:29:21am",
        "elevation_m": 23.43,
        "photo_filename": "DSC00406.jpg",
        "photo_path": "DSC00406.jpg",
        "surveyor_comment": "2023-04-02 10:29:21am",
        "survey_date": "2023-4-2",
        "station_source": "Native (Survey / POW)",
        "native_station": " (1+180.5)"
      },
      "geometry": {
        "type": "Point",
        "coordinates": [
          121.260307,
          13.257821
        ]
      }
    },
    {
      "type": "Feature",
      "properties": {
        "id": 386,
        "name": "MAPALO LATERAL AN INLET (1+463.5)",
        "type": "Inlet",
        "Structure_Category": "Inlet",
        "canal_name": "MAPALO LATERAL AN",
        "station": "STA 1+463.5",
        "station_m": 1463.5,
        "offset_m": 2.75,
        "elevation": 23.2,
        "desc": "",
        "comment": "2023-04-02 10:33:46am",
        "elevation_m": 23.2,
        "photo_filename": "DSC00407.jpg",
        "photo_path": "DSC00407.jpg",
        "surveyor_comment": "2023-04-02 10:33:46am",
        "survey_date": "2023-4-2",
        "station_source": "Native (Survey / POW)",
        "native_station": " (1+463.5)"
      },
      "geometry": {
        "type": "Point",
        "coordinates": [
          121.261763,
          13.25998
        ]
      }
    },
    {
      "type": "Feature",
      "properties": {
        "id": 388,
        "name": "MAPALO LATERAL AN INLET ROAD CROSSING (1+909.8)",
        "type": "Road Crossing",
        "Structure_Category": "Road Crossing",
        "canal_name": "MAPALO LATERAL AN",
        "station": "STA 1+909.8",
        "station_m": 1909.8,
        "offset_m": 1.86,
        "elevation": 24,
        "desc": "",
        "comment": "2023-04-02 10:41:23am",
        "elevation_m": 24,
        "photo_filename": "DSC00410.jpg",
        "photo_path": "DSC00410.jpg",
        "surveyor_comment": "2023-04-02 10:41:23am",
        "survey_date": "2023-4-2",
        "station_source": "Native (Survey / POW)",
        "native_station": " (1+909.8)"
      },
      "geometry": {
        "type": "Point",
        "coordinates": [
          121.264883,
          13.262641
        ]
      }
    },
    {
      "type": "Feature",
      "properties": {
        "id": 389,
        "name": "MAPALO LATERAL AN OUTLET ROAD CROSSING (1+934.5)",
        "type": "Road Crossing",
        "Structure_Category": "Road Crossing",
        "canal_name": "MAPALO LATERAL AN",
        "station": "STA 1+934.5",
        "station_m": 1934.5,
        "offset_m": 2.23,
        "elevation": 22.66,
        "desc": "",
        "comment": "2023-04-02 10:42:56am",
        "elevation_m": 22.66,
        "photo_filename": "DSC00411.jpg",
        "photo_path": "DSC00411.jpg",
        "surveyor_comment": "2023-04-02 10:42:56am",
        "survey_date": "2023-4-2",
        "station_source": "Native (Survey / POW)",
        "native_station": " (1+934.5)"
      },
      "geometry": {
        "type": "Point",
        "coordinates": [
          121.265058,
          13.262743
        ]
      }
    },
    {
      "type": "Feature",
      "properties": {
        "id": 391,
        "name": "MAPALO LATERAL AN OUTLET (2+190)",
        "type": "Outlet",
        "Structure_Category": "Outlet",
        "canal_name": "MAPALO LATERAL AN",
        "station": "STA 2+190.0",
        "station_m": 2190,
        "offset_m": 3.41,
        "elevation": 22.82,
        "desc": "",
        "comment": "2023-04-02 10:48:56am",
        "elevation_m": 22.82,
        "photo_filename": "DSC00414.jpg",
        "photo_path": "DSC00414.jpg",
        "surveyor_comment": "2023-04-02 10:48:56am",
        "survey_date": "2023-4-2",
        "station_source": "Native (Survey / POW)",
        "native_station": " (2+190)"
      },
      "geometry": {
        "type": "Point",
        "coordinates": [
          121.267173,
          13.263801
        ]
      }
    },
    {
      "type": "Feature",
      "properties": {
        "id": 390,
        "name": "MAPALO LATERAL AN TO 3 (2+177)",
        "type": "Turnout",
        "Structure_Category": "Turnout (TO)",
        "canal_name": "MAPALO LATERAL AN",
        "station": "STA 2+177.0",
        "station_m": 2177,
        "offset_m": 3.7,
        "elevation": 22.48,
        "desc": "",
        "comment": "2023-04-02 10:47:11am",
        "elevation_m": 22.48,
        "photo_filename": "DSC00413.jpg",
        "photo_path": "DSC00413.jpg",
        "surveyor_comment": "2023-04-02 10:47:11am",
        "survey_date": "2023-4-2",
        "station_source": "Native (Survey / POW)",
        "native_station": " (2+177)"
      },
      "geometry": {
        "type": "Point",
        "coordinates": [
          121.267057,
          13.263737
        ]
      }
    },
    {
      "type": "Feature",
      "properties": {
        "id": 393,
        "name": "MAPALO LATERAL AN INLET (7+657.6)",
        "type": "Inlet",
        "Structure_Category": "Inlet",
        "canal_name": "MAPALO LATERAL AN",
        "station": "STA 7+657.6",
        "station_m": 7657.6,
        "offset_m": 7.2,
        "elevation": 15.71,
        "desc": "",
        "comment": "2023-04-11 11:46:05am",
        "elevation_m": 15.71,
        "photo_filename": "DSC00454.jpg",
        "photo_path": "DSC00454.jpg",
        "surveyor_comment": "2023-04-11 11:46:05am",
        "survey_date": "2023-4-11",
        "station_source": "Native (Survey / POW)",
        "native_station": " (7+657.6)"
      },
      "geometry": {
        "type": "Point",
        "coordinates": [
          121.293551,
          13.304448
        ]
      }
    },
    {
      "type": "Feature",
      "properties": {
        "id": 394,
        "name": "MAPALO LATERAL AN INLET (7+663.7)",
        "type": "Inlet",
        "Structure_Category": "Inlet",
        "canal_name": "MAPALO LATERAL AN",
        "station": "STA 7+663.7",
        "station_m": 7663.7,
        "offset_m": 7.26,
        "elevation": 15.18,
        "desc": "",
        "comment": "2023-04-11 11:47:36am",
        "elevation_m": 15.18,
        "photo_filename": "DSC00455.jpg",
        "photo_path": "DSC00455.jpg",
        "surveyor_comment": "2023-04-11 11:47:36am",
        "survey_date": "2023-4-11",
        "station_source": "Native (Survey / POW)",
        "native_station": " (7+663.7)"
      },
      "geometry": {
        "type": "Point",
        "coordinates": [
          121.293581,
          13.304505
        ]
      }
    },
    {
      "type": "Feature",
      "properties": {
        "id": 395,
        "name": "MAPALO LATERAL AN INLET (8+239.9)",
        "type": "Inlet",
        "Structure_Category": "Inlet",
        "canal_name": "MAPALO LATERAL AN",
        "station": "STA 8+239.9",
        "station_m": 8239.9,
        "offset_m": 8.44,
        "elevation": 17.31,
        "desc": "",
        "comment": "2023-04-11 12:18:52pm",
        "elevation_m": 17.31,
        "photo_filename": "DSC00456.jpg",
        "photo_path": "DSC00456.jpg",
        "surveyor_comment": "2023-04-11 12:18:52pm",
        "survey_date": "2023-4-11",
        "station_source": "Native (Survey / POW)",
        "native_station": " (8+239.9)"
      },
      "geometry": {
        "type": "Point",
        "coordinates": [
          121.296,
          13.308939
        ]
      }
    },
    {
      "type": "Feature",
      "properties": {
        "id": 396,
        "name": "MAPALO LATERAL AN OUTLET (8+248.7)",
        "type": "Outlet",
        "Structure_Category": "Outlet",
        "canal_name": "MAPALO LATERAL AN",
        "station": "STA 8+248.7",
        "station_m": 8248.7,
        "offset_m": 6.92,
        "elevation": 16.67,
        "desc": "",
        "comment": "2023-04-11 12:20:57pm",
        "elevation_m": 16.67,
        "photo_filename": "DSC00457.jpg",
        "photo_path": "DSC00457.jpg",
        "surveyor_comment": "2023-04-11 12:20:57pm",
        "survey_date": "2023-4-11",
        "station_source": "Native (Survey / POW)",
        "native_station": " (8+248.7)"
      },
      "geometry": {
        "type": "Point",
        "coordinates": [
          121.29605,
          13.308987
        ]
      }
    },
    {
      "type": "Feature",
      "properties": {
        "id": 397,
        "name": "MAPALO LATERAL AN-1A (0+000)",
        "type": "Outlet",
        "Structure_Category": "Outlet",
        "canal_name": "MAPALO LATERAL AN1-1",
        "station": "STA 0+000.0",
        "station_m": 0,
        "offset_m": 1.72,
        "elevation": 24.38,
        "desc": "",
        "comment": "2023-04-11 12:44:58pm",
        "elevation_m": 24.38,
        "photo_filename": "DSC00458.jpg",
        "photo_path": "DSC00458.jpg",
        "surveyor_comment": "2023-04-11 12:44:58pm",
        "survey_date": "2023-4-11",
        "station_source": "Native (Survey / POW)",
        "native_station": " (0+000)"
      },
      "geometry": {
        "type": "Point",
        "coordinates": [
          121.278614,
          13.26579
        ]
      }
    },
    {
      "type": "Feature",
      "properties": {
        "id": 398,
        "name": "MAPALO LATERAL AN-1A (0+029.6)",
        "type": "Inlet",
        "Structure_Category": "Inlet",
        "canal_name": "MAPALO LATERAL AN1-1",
        "station": "STA 0+029.6",
        "station_m": 29.6,
        "offset_m": 0.34,
        "elevation": 21.82,
        "desc": "",
        "comment": "2023-04-11 12:47:23pm",
        "elevation_m": 21.82,
        "photo_filename": "DSC00459.jpg",
        "photo_path": "DSC00459.jpg",
        "surveyor_comment": "2023-04-11 12:47:23pm",
        "survey_date": "2023-4-11",
        "station_source": "Native (Survey / POW)",
        "native_station": " (0+029.6)"
      },
      "geometry": {
        "type": "Point",
        "coordinates": [
          121.278634,
          13.266039
        ]
      }
    },
    {
      "type": "Feature",
      "properties": {
        "id": 399,
        "name": "MAPALO LATERAL AN-1A (0+034.8)",
        "type": "Outlet",
        "Structure_Category": "Outlet",
        "canal_name": "MAPALO LATERAL AN1-1",
        "station": "STA 0+034.8",
        "station_m": 34.8,
        "offset_m": 2.8,
        "elevation": 20.82,
        "desc": "",
        "comment": "2023-04-11 12:49:55pm",
        "elevation_m": 20.82,
        "photo_filename": "DSC00460.jpg",
        "photo_path": "DSC00460.jpg",
        "surveyor_comment": "2023-04-11 12:49:55pm",
        "survey_date": "2023-4-11",
        "station_source": "Native (Survey / POW)",
        "native_station": " (0+034.8)"
      },
      "geometry": {
        "type": "Point",
        "coordinates": [
          121.278657,
          13.266114
        ]
      }
    },
    {
      "type": "Feature",
      "properties": {
        "id": 401,
        "name": "MAPALO LATERAL AN-1A ROAD CROSSING OUTLET (0+481.3)",
        "type": "Road Crossing",
        "Structure_Category": "Road Crossing",
        "canal_name": "MAPALO LATERAL AN1-1",
        "station": "STA 0+481.3",
        "station_m": 481.3,
        "offset_m": 0.65,
        "elevation": 22.09,
        "desc": "",
        "comment": "2023-04-11 12:58:18pm",
        "elevation_m": 22.09,
        "photo_filename": "DSC00463.jpg",
        "photo_path": "DSC00463.jpg",
        "surveyor_comment": "2023-04-11 12:58:18pm",
        "survey_date": "2023-4-11",
        "station_source": "Native (Survey / POW)",
        "native_station": " (0+481.3)"
      },
      "geometry": {
        "type": "Point",
        "coordinates": [
          121.279593,
          13.269847
        ]
      }
    },
    {
      "type": "Feature",
      "properties": {
        "id": 402,
        "name": "MAPALO LATERAL AN-1A INLET CHECK GATE (0+675.7)",
        "type": "Check Gate",
        "Structure_Category": "Head Gate",
        "canal_name": "MAPALO LATERAL AN1-1",
        "station": "STA 0+675.7",
        "station_m": 675.7,
        "offset_m": 2.34,
        "elevation": 22.92,
        "desc": "",
        "comment": "2023-04-11 1:01:57pm",
        "elevation_m": 22.92,
        "photo_filename": "DSC00464.jpg",
        "photo_path": "DSC00464.jpg",
        "surveyor_comment": "2023-04-11 1:01:57pm",
        "survey_date": "2023-4-11",
        "station_source": "Native (Survey / POW)",
        "native_station": " (0+675.7)"
      },
      "geometry": {
        "type": "Point",
        "coordinates": [
          121.280739,
          13.271194
        ]
      }
    },
    {
      "type": "Feature",
      "properties": {
        "id": 403,
        "name": "MAPALO LATERAL AN-1A OUTLET CHECK GATE (0+678.6)",
        "type": "Check Gate",
        "Structure_Category": "Head Gate",
        "canal_name": "MAPALO LATERAL AN1-1",
        "station": "STA 0+678.6",
        "station_m": 678.6,
        "offset_m": 2.98,
        "elevation": 22.97,
        "desc": "",
        "comment": "2023-04-11 1:04:22pm",
        "elevation_m": 22.97,
        "photo_filename": "DSC00465.jpg",
        "photo_path": "DSC00465.jpg",
        "surveyor_comment": "2023-04-11 1:04:22pm",
        "survey_date": "2023-4-11",
        "station_source": "Native (Survey / POW)",
        "native_station": " (0+678.6)"
      },
      "geometry": {
        "type": "Point",
        "coordinates": [
          121.280751,
          13.271215
        ]
      }
    },
    {
      "type": "Feature",
      "properties": {
        "id": 404,
        "name": "MAPALO LATERAL AN-1A TO 1 (0+977.5)",
        "type": "Turnout",
        "Structure_Category": "Turnout (TO)",
        "canal_name": "MAPALO LATERAL AN1-1",
        "station": "STA 0+977.5",
        "station_m": 977.5,
        "offset_m": 1.79,
        "elevation": 22.2,
        "desc": "",
        "comment": "2023-04-11 1:09:06pm",
        "elevation_m": 22.2,
        "photo_filename": "DSC00466.jpg",
        "photo_path": "DSC00466.jpg",
        "surveyor_comment": "2023-04-11 1:09:06pm",
        "survey_date": "2023-4-11",
        "station_source": "Native (Survey / POW)",
        "native_station": " (0+977.5)"
      },
      "geometry": {
        "type": "Point",
        "coordinates": [
          121.282857,
          13.272904
        ]
      }
    },
    {
      "type": "Feature",
      "properties": {
        "id": 405,
        "name": "MAPALO LATERAL AN-1A OUTLET (0+986.6)",
        "type": "Outlet",
        "Structure_Category": "Outlet",
        "canal_name": "MAPALO LATERAL AN1-1",
        "station": "STA 0+986.6",
        "station_m": 986.6,
        "offset_m": 0.64,
        "elevation": 22.07,
        "desc": "",
        "comment": "2023-04-11 1:10:39pm",
        "elevation_m": 22.07,
        "photo_filename": "DSC00467.jpg",
        "photo_path": "DSC00467.jpg",
        "surveyor_comment": "2023-04-11 1:10:39pm",
        "survey_date": "2023-4-11",
        "station_source": "Native (Survey / POW)",
        "native_station": " (0+986.6)"
      },
      "geometry": {
        "type": "Point",
        "coordinates": [
          121.282902,
          13.27295
        ]
      }
    },
    {
      "type": "Feature",
      "properties": {
        "id": 406,
        "name": "MAPALO LATERAL AN-1A TO 2 (1+047.3)",
        "type": "Turnout",
        "Structure_Category": "Turnout (TO)",
        "canal_name": "MAPALO LATERAL AN1-1",
        "station": "STA 1+047.3",
        "station_m": 1047.3,
        "offset_m": 0.31,
        "elevation": 22.48,
        "desc": "",
        "comment": "2023-04-11 1:12:27pm",
        "elevation_m": 22.48,
        "photo_filename": "DSC00468.jpg",
        "photo_path": "DSC00468.jpg",
        "surveyor_comment": "2023-04-11 1:12:27pm",
        "survey_date": "2023-4-11",
        "station_source": "Native (Survey / POW)",
        "native_station": " (1+047.3)"
      },
      "geometry": {
        "type": "Point",
        "coordinates": [
          121.283358,
          13.273264
        ]
      }
    },
    {
      "type": "Feature",
      "properties": {
        "id": 408,
        "name": "MAPALO LATERAL AN-1A OUTLET ROAD CROSSING (1+170.2)",
        "type": "Road Crossing",
        "Structure_Category": "Road Crossing",
        "canal_name": "MAPALO LATERAL AN1-1",
        "station": "STA 1+170.2",
        "station_m": 1170.2,
        "offset_m": 0.65,
        "elevation": 22.4,
        "desc": "",
        "comment": "2023-04-11 1:16:17pm",
        "elevation_m": 22.4,
        "photo_filename": "DSC00470.jpg",
        "photo_path": "DSC00470.jpg",
        "surveyor_comment": "2023-04-11 1:16:17pm",
        "survey_date": "2023-4-11",
        "station_source": "Native (Survey / POW)",
        "native_station": " (1+170.2)"
      },
      "geometry": {
        "type": "Point",
        "coordinates": [
          121.284179,
          13.274027
        ]
      }
    },
    {
      "type": "Feature",
      "properties": {
        "id": 410,
        "name": "MAPALO LATERAL AN-1A OUTLET (1+492.3)",
        "type": "Outlet",
        "Structure_Category": "Outlet",
        "canal_name": "MAPALO LATERAL AN1-1",
        "station": "STA 1+492.3",
        "station_m": 1492.3,
        "offset_m": 0.01,
        "elevation": 20.52,
        "desc": "",
        "comment": "2023-04-11 1:24:33pm",
        "elevation_m": 20.52,
        "photo_filename": "DSC00472.jpg",
        "photo_path": "DSC00472.jpg",
        "surveyor_comment": "2023-04-11 1:24:33pm",
        "survey_date": "2023-4-11",
        "station_source": "Native (Survey / POW)",
        "native_station": " (1+492.3)"
      },
      "geometry": {
        "type": "Point",
        "coordinates": [
          121.286249,
          13.276019
        ]
      }
    },
    {
      "type": "Feature",
      "properties": {
        "id": 409,
        "name": "MAPALO LATERAL AN-1A TO 3 (1+484.9)",
        "type": "Turnout",
        "Structure_Category": "Turnout (TO)",
        "canal_name": "MAPALO LATERAL AN1-1",
        "station": "STA 1+484.9",
        "station_m": 1484.9,
        "offset_m": 0.98,
        "elevation": 22.5,
        "desc": "",
        "comment": "2023-04-11 1:22:40pm",
        "elevation_m": 22.5,
        "photo_filename": "DSC00471.jpg",
        "photo_path": "DSC00471.jpg",
        "surveyor_comment": "2023-04-11 1:22:40pm",
        "survey_date": "2023-4-11",
        "station_source": "Native (Survey / POW)",
        "native_station": " (1+484.9)"
      },
      "geometry": {
        "type": "Point",
        "coordinates": [
          121.286201,
          13.275983
        ]
      }
    },
    {
      "type": "Feature",
      "properties": {
        "id": 411,
        "name": "MAPALO LATERAL AN-1A1 CULVERT (1+609.2)",
        "type": "Conduit",
        "Structure_Category": "Other Structures",
        "canal_name": "MAPALO LATERAL AN1-1",
        "station": "STA 1+609.2",
        "station_m": 1609.2,
        "offset_m": 2.44,
        "elevation": 21.06,
        "desc": "",
        "comment": "2023-04-11 1:26:59pm",
        "elevation_m": 21.06,
        "photo_filename": "DSC00473.jpg",
        "photo_path": "DSC00473.jpg",
        "surveyor_comment": "2023-04-11 1:26:59pm",
        "survey_date": "2023-4-11",
        "station_source": "Native (Survey / POW)",
        "native_station": " (1+609.2)"
      },
      "geometry": {
        "type": "Point",
        "coordinates": [
          121.287039,
          13.276751
        ]
      }
    },
    {
      "type": "Feature",
      "properties": {
        "id": 412,
        "name": "MAPALO LATERAL AN-1A TO 4 (1+849.3)",
        "type": "Turnout",
        "Structure_Category": "Turnout (TO)",
        "canal_name": "MAPALO LATERAL AN1-1",
        "station": "STA 1+849.3",
        "station_m": 1849.3,
        "offset_m": 0.81,
        "elevation": 20.09,
        "desc": "",
        "comment": "2023-04-11 1:32:53pm",
        "elevation_m": 20.09,
        "photo_filename": "DSC00474.jpg",
        "photo_path": "DSC00474.jpg",
        "surveyor_comment": "2023-04-11 1:32:53pm",
        "survey_date": "2023-4-11",
        "station_source": "Native (Survey / POW)",
        "native_station": " (1+849.3)"
      },
      "geometry": {
        "type": "Point",
        "coordinates": [
          121.289083,
          13.277499
        ]
      }
    },
    {
      "type": "Feature",
      "properties": {
        "id": 413,
        "name": "MAPALO LATERAL AN-1A OUTLET (1+856)",
        "type": "Outlet",
        "Structure_Category": "Outlet",
        "canal_name": "MAPALO LATERAL AN1-1",
        "station": "STA 1+856.0",
        "station_m": 1856,
        "offset_m": 0.52,
        "elevation": 18.12,
        "desc": "",
        "comment": "2023-04-11 1:35:51pm",
        "elevation_m": 18.12,
        "photo_filename": "DSC00475.jpg",
        "photo_path": "DSC00475.jpg",
        "surveyor_comment": "2023-04-11 1:35:51pm",
        "survey_date": "2023-4-11",
        "station_source": "Native (Survey / POW)",
        "native_station": " (1+856)"
      },
      "geometry": {
        "type": "Point",
        "coordinates": [
          121.289137,
          13.277515
        ]
      }
    },
    {
      "type": "Feature",
      "properties": {
        "id": 365,
        "name": "MAPALO LATERAL AS-1 BULLCART 4 (0+330.3)",
        "type": "Thresher Crossing",
        "Structure_Category": "Thresher Crossing",
        "canal_name": "Off-Canal",
        "station": "STA 0+330.3",
        "station_m": 330.3,
        "offset_m": 210.77,
        "elevation": 28.71,
        "desc": "",
        "comment": "2023-04-01 12:17:56pm",
        "elevation_m": 28.71,
        "photo_filename": "DSC00385.jpg",
        "photo_path": "DSC00385.jpg",
        "surveyor_comment": "2023-04-01 12:17:56pm",
        "survey_date": "2023-4-1",
        "station_source": "Native (Survey / POW)",
        "native_station": " (0+330.3)"
      },
      "geometry": {
        "type": "Point",
        "coordinates": [
          121.256287,
          13.243355
        ]
      }
    },
    {
      "type": "Feature",
      "properties": {
        "id": 366,
        "name": "MAPALO LATERAL AS-1 TO 1 (0+335.3)",
        "type": "Turnout",
        "Structure_Category": "Turnout (TO)",
        "canal_name": "Off-Canal",
        "station": "STA 0+335.3",
        "station_m": 335.3,
        "offset_m": 212.75,
        "elevation": 27.85,
        "desc": "",
        "comment": "2023-04-01 12:19:16pm",
        "elevation_m": 27.85,
        "photo_filename": "DSC00386.jpg",
        "photo_path": "DSC00386.jpg",
        "surveyor_comment": "2023-04-01 12:19:16pm",
        "survey_date": "2023-4-1",
        "station_source": "Native (Survey / POW)",
        "native_station": " (0+335.3)"
      },
      "geometry": {
        "type": "Point",
        "coordinates": [
          121.256336,
          13.243378
        ]
      }
    },
    {
      "type": "Feature",
      "properties": {
        "id": 368,
        "name": "MAPALO LATERAL AS-1 TO 2 (0+428.6)",
        "type": "Turnout",
        "Structure_Category": "Turnout (TO)",
        "canal_name": "Off-Canal",
        "station": "STA 0+428.6",
        "station_m": 428.6,
        "offset_m": 252.08,
        "elevation": 29.46,
        "desc": "",
        "comment": "2023-04-01 12:23:17pm",
        "elevation_m": 29.46,
        "photo_filename": "DSC00388.jpg",
        "photo_path": "DSC00388.jpg",
        "surveyor_comment": "2023-04-01 12:23:17pm",
        "survey_date": "2023-4-1",
        "station_source": "Native (Survey / POW)",
        "native_station": " (0+428.6)"
      },
      "geometry": {
        "type": "Point",
        "coordinates": [
          121.257143,
          13.243671
        ]
      }
    },
    {
      "type": "Feature",
      "properties": {
        "id": 369,
        "name": "MAPALO LATERAL AS-1 BULLCART 6 (0+433.2)",
        "type": "Thresher Crossing",
        "Structure_Category": "Thresher Crossing",
        "canal_name": "Off-Canal",
        "station": "STA 0+433.2",
        "station_m": 433.2,
        "offset_m": 253.33,
        "elevation": 29.47,
        "desc": "",
        "comment": "2023-04-01 12:24:27pm",
        "elevation_m": 29.47,
        "photo_filename": "DSC00389.jpg",
        "photo_path": "DSC00389.jpg",
        "surveyor_comment": "2023-04-01 12:24:27pm",
        "survey_date": "2023-4-1",
        "station_source": "Native (Survey / POW)",
        "native_station": " (0+433.2)"
      },
      "geometry": {
        "type": "Point",
        "coordinates": [
          121.257182,
          13.243691
        ]
      }
    },
    {
      "type": "Feature",
      "properties": {
        "id": 370,
        "name": "MAPALO LATERAL AS-1 BULLCART 7 (0+522)",
        "type": "Thresher Crossing",
        "Structure_Category": "Thresher Crossing",
        "canal_name": "Off-Canal",
        "station": "STA 0+522.0",
        "station_m": 522,
        "offset_m": 297.29,
        "elevation": 29.67,
        "desc": "",
        "comment": "2023-04-01 12:27:03pm",
        "elevation_m": 29.67,
        "photo_filename": "DSC00390.jpg",
        "photo_path": "DSC00390.jpg",
        "surveyor_comment": "2023-04-01 12:27:03pm",
        "survey_date": "2023-4-1",
        "station_source": "Native (Survey / POW)",
        "native_station": " (0+522)"
      },
      "geometry": {
        "type": "Point",
        "coordinates": [
          121.257962,
          13.243859
        ]
      }
    },
    {
      "type": "Feature",
      "properties": {
        "id": 371,
        "name": "MAPALO LATERAL AS-1 TO 3 (0+608.1)",
        "type": "Turnout",
        "Structure_Category": "Turnout (TO)",
        "canal_name": "Off-Canal",
        "station": "STA 0+608.1",
        "station_m": 608.1,
        "offset_m": 338.26,
        "elevation": 29.69,
        "desc": "",
        "comment": "2023-04-01 12:29:13pm",
        "elevation_m": 29.69,
        "photo_filename": "DSC00391.jpg",
        "photo_path": "DSC00391.jpg",
        "surveyor_comment": "2023-04-01 12:29:13pm",
        "survey_date": "2023-4-1",
        "station_source": "Native (Survey / POW)",
        "native_station": " (0+608.1)"
      },
      "geometry": {
        "type": "Point",
        "coordinates": [
          121.258719,
          13.244043
        ]
      }
    },
    {
      "type": "Feature",
      "properties": {
        "id": 372,
        "name": "MAPALO LATERAL AS-1 BULLCART 8 (0+636.9)",
        "type": "Thresher Crossing",
        "Structure_Category": "Thresher Crossing",
        "canal_name": "Off-Canal",
        "station": "STA 0+636.9",
        "station_m": 636.9,
        "offset_m": 357.49,
        "elevation": 29.18,
        "desc": "",
        "comment": "2023-04-01 12:31:08pm",
        "elevation_m": 29.18,
        "photo_filename": "DSC00392.jpg",
        "photo_path": "DSC00392.jpg",
        "surveyor_comment": "2023-04-01 12:31:08pm",
        "survey_date": "2023-4-1",
        "station_source": "Native (Survey / POW)",
        "native_station": " (0+636.9)"
      },
      "geometry": {
        "type": "Point",
        "coordinates": [
          121.259007,
          13.244068
        ]
      }
    },
    {
      "type": "Feature",
      "properties": {
        "id": 373,
        "name": "MAPALO LATERAL AS-1 BULLCART 9 (0+751.5)",
        "type": "Thresher Crossing",
        "Structure_Category": "Thresher Crossing",
        "canal_name": "Off-Canal",
        "station": "STA 0+751.5",
        "station_m": 751.5,
        "offset_m": 423.05,
        "elevation": 29.42,
        "desc": "",
        "comment": "2023-04-01 12:34:14pm",
        "elevation_m": 29.42,
        "photo_filename": "DSC00393.jpg",
        "photo_path": "DSC00393.jpg",
        "surveyor_comment": "2023-04-01 12:34:14pm",
        "survey_date": "2023-4-1",
        "station_source": "Native (Survey / POW)",
        "native_station": " (0+751.5)"
      },
      "geometry": {
        "type": "Point",
        "coordinates": [
          121.260005,
          13.244242
        ]
      }
    },
    {
      "type": "Feature",
      "properties": {
        "id": 375,
        "name": "MAPALO LATERAL AS-1 ROAD CROSSING (1+372.2)",
        "type": "Road Crossing",
        "Structure_Category": "Road Crossing",
        "canal_name": "Off-Canal",
        "station": "STA 1+372.2",
        "station_m": 1372.2,
        "offset_m": 469.99,
        "elevation": 29.1,
        "desc": "",
        "comment": "2023-04-01 12:52:17pm",
        "elevation_m": 29.1,
        "photo_filename": "DSC00396.jpg",
        "photo_path": "DSC00396.jpg",
        "surveyor_comment": "2023-04-01 12:52:17pm",
        "survey_date": "2023-4-1",
        "station_source": "Native (Survey / POW)",
        "native_station": " (1+372.2)"
      },
      "geometry": {
        "type": "Point",
        "coordinates": [
          121.264218,
          13.245447
        ]
      }
    },
    {
      "type": "Feature",
      "properties": {
        "id": 376,
        "name": "MAPALO LATERAL AS-1 END OF CANAL (1+380.2)",
        "type": "Other Structures",
        "Structure_Category": "Other Structures",
        "canal_name": "Off-Canal",
        "station": "STA 1+380.2",
        "station_m": 1380.2,
        "offset_m": 474.8,
        "elevation": 24.69,
        "desc": "",
        "comment": "2023-04-01 12:54:56pm",
        "elevation_m": 24.69,
        "photo_filename": "DSC00397.jpg",
        "photo_path": "DSC00397.jpg",
        "surveyor_comment": "2023-04-01 12:54:56pm",
        "survey_date": "2023-4-1",
        "station_source": "Native (Survey / POW)",
        "native_station": " (1+380.2)"
      },
      "geometry": {
        "type": "Point",
        "coordinates": [
          121.264303,
          13.245396
        ]
      }
    },
    {
      "type": "Feature",
      "properties": {
        "id": 364,
        "name": "MAPALO LATERAL AS-1 BULLCART 3 (0+250.1)",
        "type": "Thresher Crossing",
        "Structure_Category": "Thresher Crossing",
        "canal_name": "Off-Canal",
        "station": "STA 0+250.1",
        "station_m": 250.1,
        "offset_m": 174.16,
        "elevation": 28.4,
        "desc": "",
        "comment": "2023-04-01 12:14:38pm",
        "elevation_m": 28.4,
        "photo_filename": "DSC00384.jpg",
        "photo_path": "DSC00384.jpg",
        "surveyor_comment": "2023-04-01 12:14:38pm",
        "survey_date": "2023-4-1",
        "station_source": "Native (Survey / POW)",
        "native_station": " (0+250.1)"
      },
      "geometry": {
        "type": "Point",
        "coordinates": [
          121.255586,
          13.243111
        ]
      }
    },
    {
      "type": "Feature",
      "properties": {
        "id": 415,
        "name": "MAPALO LATERAL AN-1A INLET (2+463.1)",
        "type": "Inlet",
        "Structure_Category": "Inlet",
        "canal_name": "MAPALO LATERAL AN1-1",
        "station": "STA 2+463.1",
        "station_m": 2463.1,
        "offset_m": 1.7,
        "elevation": 15.88,
        "desc": "",
        "comment": "2023-04-11 1:47:02pm",
        "elevation_m": 15.88,
        "photo_filename": "DSC00477.jpg",
        "photo_path": "DSC00477.jpg",
        "surveyor_comment": "2023-04-11 1:47:02pm",
        "survey_date": "2023-4-11",
        "station_source": "Native (Survey / POW)",
        "native_station": " (2+463.1)"
      },
      "geometry": {
        "type": "Point",
        "coordinates": [
          121.29408,
          13.27957
        ]
      }
    },
    {
      "type": "Feature",
      "properties": {
        "id": 416,
        "name": "MAPALO LATERAL AN-1A OUTLET (2+471.8)",
        "type": "Outlet",
        "Structure_Category": "Outlet",
        "canal_name": "MAPALO LATERAL AN1-1",
        "station": "STA 2+471.8",
        "station_m": 2471.8,
        "offset_m": 1.85,
        "elevation": 17.04,
        "desc": "",
        "comment": "2023-04-11 1:48:16pm",
        "elevation_m": 17.04,
        "photo_filename": "DSC00478.jpg",
        "photo_path": "DSC00478.jpg",
        "surveyor_comment": "2023-04-11 1:48:16pm",
        "survey_date": "2023-4-11",
        "station_source": "Native (Survey / POW)",
        "native_station": " (2+471.8)"
      },
      "geometry": {
        "type": "Point",
        "coordinates": [
          121.29416,
          13.279575
        ]
      }
    },
    {
      "type": "Feature",
      "properties": {
        "id": 417,
        "name": "MAPALO LATERAL AN-1A INLET (3+053.5)",
        "type": "Inlet",
        "Structure_Category": "Inlet",
        "canal_name": "MAPALO LATERAL AN1-1",
        "station": "STA 3+053.5",
        "station_m": 3053.5,
        "offset_m": 0.37,
        "elevation": 18.47,
        "desc": "",
        "comment": "2023-04-11 1:57:04pm",
        "elevation_m": 18.47,
        "photo_filename": "DSC00479.jpg",
        "photo_path": "DSC00479.jpg",
        "surveyor_comment": "2023-04-11 1:57:04pm",
        "survey_date": "2023-4-11",
        "station_source": "Native (Survey / POW)",
        "native_station": " (3+053.5)"
      },
      "geometry": {
        "type": "Point",
        "coordinates": [
          121.298477,
          13.281947
        ]
      }
    },
    {
      "type": "Feature",
      "properties": {
        "id": 418,
        "name": "MAPALO LATERAL AN-1A OUTLET (3+061.6)",
        "type": "Outlet",
        "Structure_Category": "Outlet",
        "canal_name": "MAPALO LATERAL AN1-1",
        "station": "STA 3+061.6",
        "station_m": 3061.6,
        "offset_m": 2.13,
        "elevation": 18.15,
        "desc": "",
        "comment": "2023-04-11 1:58:14pm",
        "elevation_m": 18.15,
        "photo_filename": "DSC00480.jpg",
        "photo_path": "DSC00480.jpg",
        "surveyor_comment": "2023-04-11 1:58:14pm",
        "survey_date": "2023-4-11",
        "station_source": "Native (Survey / POW)",
        "native_station": " (3+061.6)"
      },
      "geometry": {
        "type": "Point",
        "coordinates": [
          121.298482,
          13.282007
        ]
      }
    },
    {
      "type": "Feature",
      "properties": {
        "id": 419,
        "name": "MAPALO LATERAL AN-1A TO 6 (3+496.7)",
        "type": "Turnout",
        "Structure_Category": "Turnout (TO)",
        "canal_name": "MAPALO LATERAL AN1-1",
        "station": "STA 3+496.7",
        "station_m": 3496.7,
        "offset_m": 1.9,
        "elevation": 17.61,
        "desc": "",
        "comment": "2023-04-11 2:04:41pm",
        "elevation_m": 17.61,
        "photo_filename": "DSC00481.jpg",
        "photo_path": "DSC00481.jpg",
        "surveyor_comment": "2023-04-11 2:04:41pm",
        "survey_date": "2023-4-11",
        "station_source": "Native (Survey / POW)",
        "native_station": " (3+496.7)"
      },
      "geometry": {
        "type": "Point",
        "coordinates": [
          121.300302,
          13.285494
        ]
      }
    },
    {
      "type": "Feature",
      "properties": {
        "id": 420,
        "name": "MAPALO LATERAL AN-1A INLET (3+562.4)",
        "type": "Inlet",
        "Structure_Category": "Inlet",
        "canal_name": "MAPALO LATERAL AN1-1",
        "station": "STA 3+562.4",
        "station_m": 3562.4,
        "offset_m": 3.89,
        "elevation": 20.83,
        "desc": "",
        "comment": "2023-04-11 2:06:41pm",
        "elevation_m": 20.83,
        "photo_filename": "DSC00482.jpg",
        "photo_path": "DSC00482.jpg",
        "surveyor_comment": "2023-04-11 2:06:41pm",
        "survey_date": "2023-4-11",
        "station_source": "Native (Survey / POW)",
        "native_station": " (3+562.4)"
      },
      "geometry": {
        "type": "Point",
        "coordinates": [
          121.300577,
          13.286025
        ]
      }
    },
    {
      "type": "Feature",
      "properties": {
        "id": 421,
        "name": "MAPALO LATERAL AN-1A OUTLET (3+569.2)",
        "type": "Outlet",
        "Structure_Category": "Outlet",
        "canal_name": "MAPALO LATERAL AN1-1",
        "station": "STA 3+569.2",
        "station_m": 3569.2,
        "offset_m": 2.66,
        "elevation": 20.73,
        "desc": "",
        "comment": "2023-04-11 2:07:49pm",
        "elevation_m": 20.73,
        "photo_filename": "DSC00483.jpg",
        "photo_path": "DSC00483.jpg",
        "surveyor_comment": "2023-04-11 2:07:49pm",
        "survey_date": "2023-4-11",
        "station_source": "Native (Survey / POW)",
        "native_station": " (3+569.2)"
      },
      "geometry": {
        "type": "Point",
        "coordinates": [
          121.300611,
          13.286059
        ]
      }
    },
    {
      "type": "Feature",
      "properties": {
        "id": 422,
        "name": "MAPALO LATERAL AN-1A ROAD CROSSING (3+631.6)",
        "type": "Road Crossing",
        "Structure_Category": "Road Crossing",
        "canal_name": "MAPALO LATERAL AN1-1",
        "station": "STA 3+631.6",
        "station_m": 3631.6,
        "offset_m": 2.94,
        "elevation": 21.12,
        "desc": "",
        "comment": "2023-04-11 2:09:16pm",
        "elevation_m": 21.12,
        "photo_filename": "DSC00484.jpg",
        "photo_path": "DSC00484.jpg",
        "surveyor_comment": "2023-04-11 2:09:16pm",
        "survey_date": "2023-4-11",
        "station_source": "Native (Survey / POW)",
        "native_station": " (3+631.6)"
      },
      "geometry": {
        "type": "Point",
        "coordinates": [
          121.300908,
          13.28655
        ]
      }
    },
    {
      "type": "Feature",
      "properties": {
        "id": 423,
        "name": "MAPALO LATERAL AN-1A ROAD CROSSING OUTLET (3+647.5)",
        "type": "Road Crossing",
        "Structure_Category": "Road Crossing",
        "canal_name": "MAPALO LATERAL AN1-1",
        "station": "STA 3+647.5",
        "station_m": 3647.5,
        "offset_m": 3.19,
        "elevation": 21.28,
        "desc": "",
        "comment": "2023-04-11 2:11:57pm",
        "elevation_m": 21.28,
        "photo_filename": "DSC00485.jpg",
        "photo_path": "DSC00485.jpg",
        "surveyor_comment": "2023-04-11 2:11:57pm",
        "survey_date": "2023-4-11",
        "station_source": "Native (Survey / POW)",
        "native_station": " (3+647.5)"
      },
      "geometry": {
        "type": "Point",
        "coordinates": [
          121.300989,
          13.286687
        ]
      }
    },
    {
      "type": "Feature",
      "properties": {
        "id": 424,
        "name": "MAPALO LATERAL AN-1A ROAD CROSSING (3+822.5)",
        "type": "Road Crossing",
        "Structure_Category": "Road Crossing",
        "canal_name": "MAPALO LATERAL AN1-1",
        "station": "STA 3+822.5",
        "station_m": 3822.5,
        "offset_m": 4.87,
        "elevation": 20.31,
        "desc": "",
        "comment": "2023-04-11 2:15:05pm",
        "elevation_m": 20.31,
        "photo_filename": "DSC00486.jpg",
        "photo_path": "DSC00486.jpg",
        "surveyor_comment": "2023-04-11 2:15:05pm",
        "survey_date": "2023-4-11",
        "station_source": "Native (Survey / POW)",
        "native_station": " (3+822.5)"
      },
      "geometry": {
        "type": "Point",
        "coordinates": [
          121.301974,
          13.287919
        ]
      }
    },
    {
      "type": "Feature",
      "properties": {
        "id": 425,
        "name": "MAPALO LATERAL AN-1A OUTLET (3+833.8)",
        "type": "Outlet",
        "Structure_Category": "Outlet",
        "canal_name": "MAPALO LATERAL AN1-1",
        "station": "STA 3+833.8",
        "station_m": 3833.8,
        "offset_m": 7.17,
        "elevation": 20.81,
        "desc": "",
        "comment": "2023-04-11 2:16:36pm",
        "elevation_m": 20.81,
        "photo_filename": "DSC00487.jpg",
        "photo_path": "DSC00487.jpg",
        "surveyor_comment": "2023-04-11 2:16:36pm",
        "survey_date": "2023-4-11",
        "station_source": "Native (Survey / POW)",
        "native_station": " (3+833.8)"
      },
      "geometry": {
        "type": "Point",
        "coordinates": [
          121.302053,
          13.287961
        ]
      }
    },
    {
      "type": "Feature",
      "properties": {
        "id": 426,
        "name": "MAPALO LATERAL AN-1A INLET (3+962.4)",
        "type": "Inlet",
        "Structure_Category": "Inlet",
        "canal_name": "MAPALO LATERAL AN1-1",
        "station": "STA 3+962.4",
        "station_m": 3962.4,
        "offset_m": 4.1,
        "elevation": 18.21,
        "desc": "",
        "comment": "2023-04-13 9:59:30am",
        "elevation_m": 18.21,
        "photo_filename": "DSC00488.jpg",
        "photo_path": "DSC00488.jpg",
        "surveyor_comment": "2023-04-13 9:59:30am",
        "survey_date": "2023-4-13",
        "station_source": "Native (Survey / POW)",
        "native_station": " (3+962.4)"
      },
      "geometry": {
        "type": "Point",
        "coordinates": [
          121.302654,
          13.288979
        ]
      }
    },
    {
      "type": "Feature",
      "properties": {
        "id": 427,
        "name": "MAPALO LATERAL AN-1A END OF CANAL (3+972.7)",
        "type": "Other Structures",
        "Structure_Category": "Other Structures",
        "canal_name": "MAPALO LATERAL AN1-1",
        "station": "STA 3+972.7",
        "station_m": 3972.7,
        "offset_m": 4.57,
        "elevation": 17.68,
        "desc": "",
        "comment": "2023-04-13 10:01:59am",
        "elevation_m": 17.68,
        "photo_filename": "DSC00489.jpg",
        "photo_path": "DSC00489.jpg",
        "surveyor_comment": "2023-04-13 10:01:59am",
        "survey_date": "2023-4-13",
        "station_source": "Native (Survey / POW)",
        "native_station": " (3+972.7)"
      },
      "geometry": {
        "type": "Point",
        "coordinates": [
          121.302687,
          13.289047
        ]
      }
    },
    {
      "type": "Feature",
      "properties": {
        "id": 434,
        "name": "MAPALO LATERAL AN-1 TO 8 (4+519.4)",
        "type": "Turnout",
        "Structure_Category": "Turnout (TO)",
        "canal_name": "MAPALO LATERAL AN1",
        "station": "STA 4+519.4",
        "station_m": 4519.4,
        "offset_m": 8.71,
        "elevation": 85.13,
        "desc": "",
        "comment": "",
        "elevation_m": 85.13,
        "photo_filename": "DSC00356.jpg",
        "photo_path": "DSC00356.jpg",
        "surveyor_comment": null,
        "survey_date": "2023-4-11",
        "station_source": "Native (Survey / POW)",
        "native_station": " (4+519.4)"
      },
      "geometry": {
        "type": "Point",
        "coordinates": [
          121.300234,
          13.277558
        ]
      }
    },
    {
      "type": "Feature",
      "properties": {
        "id": 435,
        "name": "MAPALO LATERAL AN-1 OUTLET (4+531.1)",
        "type": "Outlet",
        "Structure_Category": "Outlet",
        "canal_name": "MAPALO LATERAL AN1",
        "station": "STA 4+531.1",
        "station_m": 4531.1,
        "offset_m": 9.52,
        "elevation": 76.46,
        "desc": "",
        "comment": "",
        "elevation_m": 76.46,
        "photo_filename": "DSC00357.jpg",
        "photo_path": "DSC00357.jpg",
        "surveyor_comment": null,
        "survey_date": "2023-4-11",
        "station_source": "Native (Survey / POW)",
        "native_station": " (4+531.1)"
      },
      "geometry": {
        "type": "Point",
        "coordinates": [
          121.300267,
          13.277631
        ]
      }
    },
    {
      "type": "Feature",
      "properties": {
        "id": 436,
        "name": "MAPALO LATERAL AN-1 DRAINAGE CROSSING (5+88.2)",
        "type": "Drainage",
        "Structure_Category": "Drainage",
        "canal_name": "MAPALO LATERAL AN1",
        "station": "STA 5+088.2",
        "station_m": 5088.2,
        "offset_m": 2.64,
        "elevation": -3.15,
        "desc": "",
        "comment": "",
        "elevation_m": -3.15,
        "photo_filename": "DSC00358.jpg",
        "photo_path": "DSC00358.jpg",
        "surveyor_comment": null,
        "survey_date": "2023-4-11",
        "station_source": "Native (Survey / POW)",
        "native_station": " (5+88.2)"
      },
      "geometry": {
        "type": "Point",
        "coordinates": [
          121.304733,
          13.279925
        ]
      }
    },
    {
      "type": "Feature",
      "properties": {
        "id": 438,
        "name": "MAPALO LATERAL AN-1 ROAD CROSSING OUTLET (5+122)",
        "type": "Road Crossing",
        "Structure_Category": "Road Crossing",
        "canal_name": "MAPALO LATERAL AN1",
        "station": "STA 5+122.0",
        "station_m": 5122,
        "offset_m": 1.22,
        "elevation": -1.1,
        "desc": "",
        "comment": "",
        "elevation_m": -1.1,
        "photo_filename": "DSC00360.jpg",
        "photo_path": "DSC00360.jpg",
        "surveyor_comment": null,
        "survey_date": "2023-4-11",
        "station_source": "Native (Survey / POW)",
        "native_station": " (5+122)"
      },
      "geometry": {
        "type": "Point",
        "coordinates": [
          121.304994,
          13.280026
        ]
      }
    },
    {
      "type": "Feature",
      "properties": {
        "id": 439,
        "name": "MAPALO LATERAL AN-1 DRAINAG CROSSING (5+258.8)",
        "type": "Drainage",
        "Structure_Category": "Drainage",
        "canal_name": "MAPALO LATERAL AN1",
        "station": "STA 5+258.8",
        "station_m": 5258.8,
        "offset_m": 3.24,
        "elevation": 3.03,
        "desc": "",
        "comment": "",
        "elevation_m": 3.03,
        "photo_filename": "DSC00361.jpg",
        "photo_path": "DSC00361.jpg",
        "surveyor_comment": null,
        "survey_date": "2023-4-11",
        "station_source": "Native (Survey / POW)",
        "native_station": " (5+258.8)"
      },
      "geometry": {
        "type": "Point",
        "coordinates": [
          121.305974,
          13.280807
        ]
      }
    },
    {
      "type": "Feature",
      "properties": {
        "id": 444,
        "name": "MAPALO LATERAL AN-1 OUTLET (5+687.8)",
        "type": "Outlet",
        "Structure_Category": "Outlet",
        "canal_name": "MAPALO LATERAL AN1",
        "station": "STA 5+687.8",
        "station_m": 5687.8,
        "offset_m": 1.4,
        "elevation": 7.45,
        "desc": "",
        "comment": "",
        "elevation_m": 7.45,
        "photo_filename": "DSC00366.jpg",
        "photo_path": "DSC00366.jpg",
        "surveyor_comment": null,
        "survey_date": "2023-4-11",
        "station_source": "Native (Survey / POW)",
        "native_station": " (5+687.8)"
      },
      "geometry": {
        "type": "Point",
        "coordinates": [
          121.309461,
          13.282528
        ]
      }
    },
    {
      "type": "Feature",
      "properties": {
        "id": 440,
        "name": "MAPALO LATERAL AN-1 TO 9 (5+357.3)",
        "type": "Turnout",
        "Structure_Category": "Turnout (TO)",
        "canal_name": "MAPALO LATERAL AN1",
        "station": "STA 5+357.3",
        "station_m": 5357.3,
        "offset_m": 0.29,
        "elevation": 3.94,
        "desc": "",
        "comment": "",
        "elevation_m": 3.94,
        "photo_filename": "DSC00362.jpg",
        "photo_path": "DSC00362.jpg",
        "surveyor_comment": null,
        "survey_date": "2023-4-11",
        "station_source": "Native (Survey / POW)",
        "native_station": " (5+357.3)"
      },
      "geometry": {
        "type": "Point",
        "coordinates": [
          121.306662,
          13.281276
        ]
      }
    },
    {
      "type": "Feature",
      "properties": {
        "id": 441,
        "name": "MAPALO LATERAL AN-1 BULLCART 6 (5+377.1)",
        "type": "Thresher Crossing",
        "Structure_Category": "Thresher Crossing",
        "canal_name": "MAPALO LATERAL AN1",
        "station": "STA 5+377.1",
        "station_m": 5377.1,
        "offset_m": 2.63,
        "elevation": 4.36,
        "desc": "",
        "comment": "",
        "elevation_m": 4.36,
        "photo_filename": "DSC00363.jpg",
        "photo_path": "DSC00363.jpg",
        "surveyor_comment": null,
        "survey_date": "2023-4-11",
        "station_source": "Native (Survey / POW)",
        "native_station": " (5+377.1)"
      },
      "geometry": {
        "type": "Point",
        "coordinates": [
          121.306895,
          13.281334
        ]
      }
    },
    {
      "type": "Feature",
      "properties": {
        "id": 443,
        "name": "MAPALO LATERAL AN-1 INLET (5+679.4)",
        "type": "Inlet",
        "Structure_Category": "Inlet",
        "canal_name": "MAPALO LATERAL AN1",
        "station": "STA 5+679.4",
        "station_m": 5679.4,
        "offset_m": 2.17,
        "elevation": 6.89,
        "desc": "",
        "comment": "",
        "elevation_m": 6.89,
        "photo_filename": "DSC00365.jpg",
        "photo_path": "DSC00365.jpg",
        "surveyor_comment": null,
        "survey_date": "2023-4-11",
        "station_source": "Native (Survey / POW)",
        "native_station": " (5+679.4)"
      },
      "geometry": {
        "type": "Point",
        "coordinates": [
          121.309391,
          13.282497
        ]
      }
    },
    {
      "type": "Feature",
      "properties": {
        "id": 445,
        "name": "MAPALO LATERAL AN-1 DRAINAGE CROSSING (5+871.3)",
        "type": "Drainage",
        "Structure_Category": "Drainage",
        "canal_name": "MAPALO LATERAL AN1",
        "station": "STA 5+871.3",
        "station_m": 5871.3,
        "offset_m": 0.82,
        "elevation": -14.75,
        "desc": "",
        "comment": "",
        "elevation_m": -14.75,
        "photo_filename": "DSC00367.jpg",
        "photo_path": "DSC00367.jpg",
        "surveyor_comment": null,
        "survey_date": "2023-4-11",
        "station_source": "Native (Survey / POW)",
        "native_station": " (5+871.3)"
      },
      "geometry": {
        "type": "Point",
        "coordinates": [
          121.310891,
          13.283333
        ]
      }
    },
    {
      "type": "Feature",
      "properties": {
        "id": 446,
        "name": "MAPALO LATERAL AN-1 ROAD CROSSING INLET (5+981.6)",
        "type": "Road Crossing",
        "Structure_Category": "Road Crossing",
        "canal_name": "MAPALO LATERAL AN1",
        "station": "STA 5+981.6",
        "station_m": 5981.6,
        "offset_m": 3.59,
        "elevation": -10.97,
        "desc": "",
        "comment": "",
        "elevation_m": -10.97,
        "photo_filename": "DSC00368.jpg",
        "photo_path": "DSC00368.jpg",
        "surveyor_comment": null,
        "survey_date": "2023-4-11",
        "station_source": "Native (Survey / POW)",
        "native_station": " (5+981.6)"
      },
      "geometry": {
        "type": "Point",
        "coordinates": [
          121.311658,
          13.283958
        ]
      }
    },
    {
      "type": "Feature",
      "properties": {
        "id": 450,
        "name": "MAPALO LATERAL AN-1 INLET (6+353.6)",
        "type": "Inlet",
        "Structure_Category": "Inlet",
        "canal_name": "MAPALO LATERAL AN1",
        "station": "STA 6+353.6",
        "station_m": 6353.6,
        "offset_m": 1.74,
        "elevation": 13.84,
        "desc": "",
        "comment": "",
        "elevation_m": 13.84,
        "photo_filename": "DSC00373.jpg",
        "photo_path": "DSC00373.jpg",
        "surveyor_comment": null,
        "survey_date": "2023-4-11",
        "station_source": "Native (Survey / POW)",
        "native_station": " (6+353.6)"
      },
      "geometry": {
        "type": "Point",
        "coordinates": [
          121.314666,
          13.283162
        ]
      }
    },
    {
      "type": "Feature",
      "properties": {
        "id": 452,
        "name": "MAPALO LATERAL AN-1 ROAD CROSSING INLET (6+404.2)",
        "type": "Road Crossing",
        "Structure_Category": "Road Crossing",
        "canal_name": "MAPALO LATERAL AN1",
        "station": "STA 6+404.2",
        "station_m": 6404.2,
        "offset_m": 1.06,
        "elevation": 0.09,
        "desc": "",
        "comment": "",
        "elevation_m": 0.09,
        "photo_filename": "DSC00374.jpg",
        "photo_path": "DSC00374.jpg",
        "surveyor_comment": null,
        "survey_date": "2023-4-11",
        "station_source": "Native (Survey / POW)",
        "native_station": " (6+404.2)"
      },
      "geometry": {
        "type": "Point",
        "coordinates": [
          121.315105,
          13.283102
        ]
      }
    },
    {
      "type": "Feature",
      "properties": {
        "id": 453,
        "name": "MAPALO LATERAL AN-1 ROAD CROSSING OUTLET (6+408.3)",
        "type": "Road Crossing",
        "Structure_Category": "Road Crossing",
        "canal_name": "MAPALO LATERAL AN1",
        "station": "STA 6+408.3",
        "station_m": 6408.3,
        "offset_m": 0.69,
        "elevation": 1.75,
        "desc": "",
        "comment": "",
        "elevation_m": 1.75,
        "photo_filename": "DSC00375.jpg",
        "photo_path": "DSC00375.jpg",
        "surveyor_comment": null,
        "survey_date": "2023-4-11",
        "station_source": "Native (Survey / POW)",
        "native_station": " (6+408.3)"
      },
      "geometry": {
        "type": "Point",
        "coordinates": [
          121.315176,
          13.283072
        ]
      }
    },
    {
      "type": "Feature",
      "properties": {
        "id": 454,
        "name": "MAPALO LATERAL AN-1 END OF CANAL (6+752.6)",
        "type": "Other Structures",
        "Structure_Category": "Other Structures",
        "canal_name": "MAPALO LATERAL AN1",
        "station": "STA 6+752.6",
        "station_m": 6752.6,
        "offset_m": 9,
        "elevation": 7.26,
        "desc": "",
        "comment": "",
        "elevation_m": 7.26,
        "photo_filename": "DSC00376.jpg",
        "photo_path": "DSC00376.jpg",
        "surveyor_comment": null,
        "survey_date": "2023-4-11",
        "station_source": "Native (Survey / POW)",
        "native_station": " (6+752.6)"
      },
      "geometry": {
        "type": "Point",
        "coordinates": [
          121.318224,
          13.282606
        ]
      }
    },
    {
      "type": "Feature",
      "properties": {
        "id": 455,
        "name": "MAPALO LATERAL BS HEADGATE ( 0+000)",
        "type": "Head Gate",
        "Structure_Category": "Head Gate",
        "canal_name": "MAPALO LATERAL BS",
        "station": "STA 0+000.0",
        "station_m": 0,
        "offset_m": 3.99,
        "elevation": -13.1,
        "desc": "",
        "comment": "",
        "elevation_m": -13.1,
        "photo_filename": "DSC00377.jpg",
        "photo_path": "DSC00377.jpg",
        "surveyor_comment": null,
        "survey_date": "2023-4-12",
        "station_source": "Native (Survey / POW)",
        "native_station": " 0+000)"
      },
      "geometry": {
        "type": "Point",
        "coordinates": [
          121.273553,
          13.242513
        ]
      }
    },
    {
      "type": "Feature",
      "properties": {
        "id": 458,
        "name": "MAPALO LATERAL BS END OF PARSHALL FLUME (0+034.7)",
        "type": "Flume",
        "Structure_Category": "Parshall Flume",
        "canal_name": "MAPALO LATERAL BS",
        "station": "STA 0+034.7",
        "station_m": 34.7,
        "offset_m": 1.03,
        "elevation": 13.04,
        "desc": "",
        "comment": "",
        "elevation_m": 13.04,
        "photo_filename": "DSC00379.jpg",
        "photo_path": "DSC00379.jpg",
        "surveyor_comment": null,
        "survey_date": "2023-4-13",
        "station_source": "Native (Survey / POW)",
        "native_station": " (0+034.7)"
      },
      "geometry": {
        "type": "Point",
        "coordinates": [
          121.273885,
          13.242503
        ]
      }
    },
    {
      "type": "Feature",
      "properties": {
        "id": 461,
        "name": "MAPALO LATERAL BS OUTLET (0+344.7)",
        "type": "Outlet",
        "Structure_Category": "Outlet",
        "canal_name": "MAPALO LATERAL BS",
        "station": "STA 0+344.7",
        "station_m": 344.7,
        "offset_m": 1.76,
        "elevation": 17.15,
        "desc": "",
        "comment": "",
        "elevation_m": 17.15,
        "photo_filename": "DSC00382.jpg",
        "photo_path": "DSC00382.jpg",
        "surveyor_comment": null,
        "survey_date": "2023-4-13",
        "station_source": "Native (Survey / POW)",
        "native_station": " (0+344.7)"
      },
      "geometry": {
        "type": "Point",
        "coordinates": [
          121.276735,
          13.242798
        ]
      }
    },
    {
      "type": "Feature",
      "properties": {
        "id": 459,
        "name": "MAPALO LATERAL BS TURN IN (0+167.3)",
        "type": "Inlet",
        "Structure_Category": "Inlet",
        "canal_name": "MAPALO LATERAL BS",
        "station": "STA 0+167.3",
        "station_m": 167.3,
        "offset_m": 5.41,
        "elevation": 13.91,
        "desc": "",
        "comment": "",
        "elevation_m": 13.91,
        "photo_filename": "DSC00380.jpg",
        "photo_path": "DSC00380.jpg",
        "surveyor_comment": null,
        "survey_date": "2023-4-13",
        "station_source": "Native (Survey / POW)",
        "native_station": " (0+167.3)"
      },
      "geometry": {
        "type": "Point",
        "coordinates": [
          121.27513,
          13.242586
        ]
      }
    },
    {
      "type": "Feature",
      "properties": {
        "id": 460,
        "name": "MAPALO LATERAL BS ROAD CROSSING 1 (0+336.5)",
        "type": "Road Crossing",
        "Structure_Category": "Road Crossing",
        "canal_name": "MAPALO LATERAL BS",
        "station": "STA 0+336.5",
        "station_m": 336.5,
        "offset_m": 3.36,
        "elevation": 14.58,
        "desc": "",
        "comment": "",
        "elevation_m": 14.58,
        "photo_filename": "DSC00381.jpg",
        "photo_path": "DSC00381.jpg",
        "surveyor_comment": null,
        "survey_date": "2023-4-13",
        "station_source": "Native (Survey / POW)",
        "native_station": " (0+336.5)"
      },
      "geometry": {
        "type": "Point",
        "coordinates": [
          121.276647,
          13.242744
        ]
      }
    },
    {
      "type": "Feature",
      "properties": {
        "id": 464,
        "name": "MAPALO LATERAL BS BULLCART 2 (0+862.2)",
        "type": "Thresher Crossing",
        "Structure_Category": "Thresher Crossing",
        "canal_name": "MAPALO LATERAL BS",
        "station": "STA 0+862.2",
        "station_m": 862.2,
        "offset_m": 2.08,
        "elevation": 16.29,
        "desc": "",
        "comment": "",
        "elevation_m": 16.29,
        "photo_filename": "DSC00385.jpg",
        "photo_path": "DSC00385.jpg",
        "surveyor_comment": null,
        "survey_date": "2023-4-13",
        "station_source": "Native (Survey / POW)",
        "native_station": " (0+862.2)"
      },
      "geometry": {
        "type": "Point",
        "coordinates": [
          121.280987,
          13.241052
        ]
      }
    },
    {
      "type": "Feature",
      "properties": {
        "id": 462,
        "name": "MAPALO LATERAL BS BULLCART 1 (0+488.5)",
        "type": "Thresher Crossing",
        "Structure_Category": "Thresher Crossing",
        "canal_name": "MAPALO LATERAL BS",
        "station": "STA 0+488.5",
        "station_m": 488.5,
        "offset_m": 2.83,
        "elevation": 17.2,
        "desc": "",
        "comment": "",
        "elevation_m": 17.2,
        "photo_filename": "DSC00383.jpg",
        "photo_path": "DSC00383.jpg",
        "surveyor_comment": null,
        "survey_date": "2023-4-13",
        "station_source": "Native (Survey / POW)",
        "native_station": " (0+488.5)"
      },
      "geometry": {
        "type": "Point",
        "coordinates": [
          121.277858,
          13.242234
        ]
      }
    },
    {
      "type": "Feature",
      "properties": {
        "id": 465,
        "name": "MAPALO LATERAL BS TO 1 (1+003)",
        "type": "Turnout",
        "Structure_Category": "Turnout (TO)",
        "canal_name": "MAPALO LATERAL BS",
        "station": "STA 1+003.0",
        "station_m": 1003,
        "offset_m": 4.37,
        "elevation": 15.91,
        "desc": "",
        "comment": "",
        "elevation_m": 15.91,
        "photo_filename": "DSC00386.jpg",
        "photo_path": "DSC00386.jpg",
        "surveyor_comment": null,
        "survey_date": "2023-4-13",
        "station_source": "Native (Survey / POW)",
        "native_station": " (1+003)"
      },
      "geometry": {
        "type": "Point",
        "coordinates": [
          121.282162,
          13.24052
        ]
      }
    },
    {
      "type": "Feature",
      "properties": {
        "id": 467,
        "name": "MAPALO LATERAL BS DRAINAGE CROSSING (1+098.9)",
        "type": "Drainage",
        "Structure_Category": "Drainage",
        "canal_name": "MAPALO LATERAL BS",
        "station": "STA 1+098.9",
        "station_m": 1098.9,
        "offset_m": 6.05,
        "elevation": 10.85,
        "desc": "",
        "comment": "",
        "elevation_m": 10.85,
        "photo_filename": "DSC00388.jpg",
        "photo_path": "DSC00388.jpg",
        "surveyor_comment": null,
        "survey_date": "2023-4-13",
        "station_source": "Native (Survey / POW)",
        "native_station": " (1+098.9)"
      },
      "geometry": {
        "type": "Point",
        "coordinates": [
          121.282942,
          13.240212
        ]
      }
    },
    {
      "type": "Feature",
      "properties": {
        "id": 468,
        "name": "MAPALO LATERAL BS BULLCART 3 (1+170)",
        "type": "Thresher Crossing",
        "Structure_Category": "Thresher Crossing",
        "canal_name": "MAPALO LATERAL BS",
        "station": "STA 1+170.0",
        "station_m": 1170,
        "offset_m": 5.7,
        "elevation": 11.61,
        "desc": "",
        "comment": "",
        "elevation_m": 11.61,
        "photo_filename": "DSC00389.jpg",
        "photo_path": "DSC00389.jpg",
        "surveyor_comment": null,
        "survey_date": "2023-4-13",
        "station_source": "Native (Survey / POW)",
        "native_station": " (1+170)"
      },
      "geometry": {
        "type": "Point",
        "coordinates": [
          121.283559,
          13.240019
        ]
      }
    },
    {
      "type": "Feature",
      "properties": {
        "id": 469,
        "name": "MAPALO LATERAL BS BULLCART 4 (1+235.4)",
        "type": "Thresher Crossing",
        "Structure_Category": "Thresher Crossing",
        "canal_name": "MAPALO LATERAL BS",
        "station": "STA 1+235.4",
        "station_m": 1235.4,
        "offset_m": 2.48,
        "elevation": 12.8,
        "desc": "",
        "comment": "",
        "elevation_m": 12.8,
        "photo_filename": "DSC00390.jpg",
        "photo_path": "DSC00390.jpg",
        "surveyor_comment": null,
        "survey_date": "2023-4-13",
        "station_source": "Native (Survey / POW)",
        "native_station": " (1+235.4)"
      },
      "geometry": {
        "type": "Point",
        "coordinates": [
          121.28413,
          13.240203
        ]
      }
    },
    {
      "type": "Feature",
      "properties": {
        "id": 470,
        "name": "MAPALO LATERAL BS TO 2 (1+549)",
        "type": "Turnout",
        "Structure_Category": "Turnout (TO)",
        "canal_name": "MAPALO LATERAL BS",
        "station": "STA 1+549.0",
        "station_m": 1549,
        "offset_m": 4.66,
        "elevation": 13.54,
        "desc": "",
        "comment": "",
        "elevation_m": 13.54,
        "photo_filename": "DSC00391.jpg",
        "photo_path": "DSC00391.jpg",
        "surveyor_comment": null,
        "survey_date": "2023-4-13",
        "station_source": "Native (Survey / POW)",
        "native_station": " (1+549)"
      },
      "geometry": {
        "type": "Point",
        "coordinates": [
          121.28677,
          13.241131
        ]
      }
    },
    {
      "type": "Feature",
      "properties": {
        "id": 472,
        "name": "MAPALO LATERAL BS TO 3 (1+702)",
        "type": "Turnout",
        "Structure_Category": "Turnout (TO)",
        "canal_name": "MAPALO LATERAL BS",
        "station": "STA 1+702.0",
        "station_m": 1702,
        "offset_m": 0.86,
        "elevation": 14.2,
        "desc": "",
        "comment": "",
        "elevation_m": 14.2,
        "photo_filename": "DSC00393.jpg",
        "photo_path": "DSC00393.jpg",
        "surveyor_comment": null,
        "survey_date": "2023-4-13",
        "station_source": "Native (Survey / POW)",
        "native_station": " (1+702)"
      },
      "geometry": {
        "type": "Point",
        "coordinates": [
          121.288114,
          13.241431
        ]
      }
    },
    {
      "type": "Feature",
      "properties": {
        "id": 473,
        "name": "MAPALO LATERAL BS ROAD CROSSING (1+834.4)",
        "type": "Road Crossing",
        "Structure_Category": "Road Crossing",
        "canal_name": "MAPALO LATERAL BS",
        "station": "STA 1+834.4",
        "station_m": 1834.4,
        "offset_m": 2.59,
        "elevation": 14.24,
        "desc": "",
        "comment": "",
        "elevation_m": 14.24,
        "photo_filename": "DSC00394.jpg",
        "photo_path": "DSC00394.jpg",
        "surveyor_comment": null,
        "survey_date": "2023-4-13",
        "station_source": "Native (Survey / POW)",
        "native_station": " (1+834.4)"
      },
      "geometry": {
        "type": "Point",
        "coordinates": [
          121.289238,
          13.241637
        ]
      }
    },
    {
      "type": "Feature",
      "properties": {
        "id": 476,
        "name": "MAPALO LATERAL BS BULLCART 6 (2+040. 8)",
        "type": "Thresher Crossing",
        "Structure_Category": "Thresher Crossing",
        "canal_name": "MAPALO LATERAL BS",
        "station": "STA 2+040.0",
        "station_m": 2040,
        "offset_m": 5.19,
        "elevation": 8.57,
        "desc": "",
        "comment": "",
        "elevation_m": 8.57,
        "photo_filename": "DSC00397.jpg",
        "photo_path": "DSC00397.jpg",
        "surveyor_comment": null,
        "survey_date": "2023-4-13",
        "station_source": "Native (Survey / POW)",
        "native_station": " (2+040"
      },
      "geometry": {
        "type": "Point",
        "coordinates": [
          121.291016,
          13.241854
        ]
      }
    },
    {
      "type": "Feature",
      "properties": {
        "id": 479,
        "name": "MAPALO LATERAL BS OUTLET (2+179.9)",
        "type": "Outlet",
        "Structure_Category": "Outlet",
        "canal_name": "MAPALO LATERAL BS",
        "station": "STA 2+179.9",
        "station_m": 2179.9,
        "offset_m": 2.86,
        "elevation": 11.68,
        "desc": "",
        "comment": "",
        "elevation_m": 11.68,
        "photo_filename": "DSC00400.jpg",
        "photo_path": "DSC00400.jpg",
        "surveyor_comment": null,
        "survey_date": "2023-4-13",
        "station_source": "Native (Survey / POW)",
        "native_station": " (2+179.9)"
      },
      "geometry": {
        "type": "Point",
        "coordinates": [
          121.292226,
          13.242027
        ]
      }
    },
    {
      "type": "Feature",
      "properties": {
        "id": 477,
        "name": "MAPALO LATERAL BS DRAINAGE CROSSING (2+115.6)",
        "type": "Drainage",
        "Structure_Category": "Drainage",
        "canal_name": "MAPALO LATERAL BS",
        "station": "STA 2+115.6",
        "station_m": 2115.6,
        "offset_m": 5.35,
        "elevation": 11.26,
        "desc": "",
        "comment": "",
        "elevation_m": 11.26,
        "photo_filename": "DSC00398.jpg",
        "photo_path": "DSC00398.jpg",
        "surveyor_comment": null,
        "survey_date": "2023-4-13",
        "station_source": "Native (Survey / POW)",
        "native_station": " (2+115.6)"
      },
      "geometry": {
        "type": "Point",
        "coordinates": [
          121.291674,
          13.241924
        ]
      }
    },
    {
      "type": "Feature",
      "properties": {
        "id": 478,
        "name": "MAPALO LATERAL BS TO 4 (2+170)",
        "type": "Turnout",
        "Structure_Category": "Turnout (TO)",
        "canal_name": "MAPALO LATERAL BS",
        "station": "STA 2+170.0",
        "station_m": 2170,
        "offset_m": 3.29,
        "elevation": 11.41,
        "desc": "",
        "comment": "",
        "elevation_m": 11.41,
        "photo_filename": "DSC00399.jpg",
        "photo_path": "DSC00399.jpg",
        "surveyor_comment": null,
        "survey_date": "2023-4-13",
        "station_source": "Native (Survey / POW)",
        "native_station": " (2+170)"
      },
      "geometry": {
        "type": "Point",
        "coordinates": [
          121.292143,
          13.242011
        ]
      }
    },
    {
      "type": "Feature",
      "properties": {
        "id": 480,
        "name": "MAPALO LATERAL BS BULLCART 7 (2+423.6)",
        "type": "Thresher Crossing",
        "Structure_Category": "Thresher Crossing",
        "canal_name": "MAPALO LATERAL BS",
        "station": "STA 2+423.6",
        "station_m": 2423.6,
        "offset_m": 0.48,
        "elevation": 13.52,
        "desc": "",
        "comment": "",
        "elevation_m": 13.52,
        "photo_filename": "DSC00401.jpg",
        "photo_path": "DSC00401.jpg",
        "surveyor_comment": null,
        "survey_date": "2023-4-13",
        "station_source": "Native (Survey / POW)",
        "native_station": " (2+423.6)"
      },
      "geometry": {
        "type": "Point",
        "coordinates": [
          121.294355,
          13.242461
        ]
      }
    },
    {
      "type": "Feature",
      "properties": {
        "id": 483,
        "name": "MAPALO LATERAL BS OUTLET (2+879.5)",
        "type": "Outlet",
        "Structure_Category": "Outlet",
        "canal_name": "MAPALO LATERAL BS",
        "station": "STA 2+879.5",
        "station_m": 2879.5,
        "offset_m": 0.63,
        "elevation": 21.5,
        "desc": "",
        "comment": "",
        "elevation_m": 21.5,
        "photo_filename": "DSC00404.jpg",
        "photo_path": "DSC00404.jpg",
        "surveyor_comment": null,
        "survey_date": "2023-4-13",
        "station_source": "Native (Survey / POW)",
        "native_station": " (2+879.5)"
      },
      "geometry": {
        "type": "Point",
        "coordinates": [
          121.298491,
          13.242541
        ]
      }
    },
    {
      "type": "Feature",
      "properties": {
        "id": 482,
        "name": "MAPALO LATERAL BS ROAD CROSSING (2+869)",
        "type": "Road Crossing",
        "Structure_Category": "Road Crossing",
        "canal_name": "MAPALO LATERAL BS",
        "station": "STA 2+869.0",
        "station_m": 2869,
        "offset_m": 3.99,
        "elevation": 21.68,
        "desc": "",
        "comment": "",
        "elevation_m": 21.68,
        "photo_filename": "DSC00403.jpg",
        "photo_path": "DSC00403.jpg",
        "surveyor_comment": null,
        "survey_date": "2023-4-13",
        "station_source": "Native (Survey / POW)",
        "native_station": " (2+869)"
      },
      "geometry": {
        "type": "Point",
        "coordinates": [
          121.298416,
          13.242498
        ]
      }
    },
    {
      "type": "Feature",
      "properties": {
        "id": 484,
        "name": "MAPALO LATERAL BS TO 5 (2+996)",
        "type": "Turnout",
        "Structure_Category": "Turnout (TO)",
        "canal_name": "MAPALO LATERAL BS",
        "station": "STA 2+996.0",
        "station_m": 2996,
        "offset_m": 3.48,
        "elevation": 20.32,
        "desc": "",
        "comment": "",
        "elevation_m": 20.32,
        "photo_filename": "DSC00405.jpg",
        "photo_path": "DSC00405.jpg",
        "surveyor_comment": null,
        "survey_date": "2023-4-13",
        "station_source": "Native (Survey / POW)",
        "native_station": " (2+996)"
      },
      "geometry": {
        "type": "Point",
        "coordinates": [
          121.299463,
          13.242945
        ]
      }
    },
    {
      "type": "Feature",
      "properties": {
        "id": 485,
        "name": "MAPALO LATERAL TO 6 (S3+128.6)",
        "type": "Turnout",
        "Structure_Category": "Turnout (TO)",
        "canal_name": "MAPALO LATERAL BS",
        "station": "STA 3+128.6",
        "station_m": 3128.6,
        "offset_m": 0.56,
        "elevation": 20.12,
        "desc": "",
        "comment": "",
        "elevation_m": 20.12,
        "photo_filename": "DSC00406.jpg",
        "photo_path": "DSC00406.jpg",
        "surveyor_comment": null,
        "survey_date": "2023-4-13",
        "station_source": "Native (Survey / POW)",
        "native_station": "3+128.6)"
      },
      "geometry": {
        "type": "Point",
        "coordinates": [
          121.300497,
          13.243456
        ]
      }
    },
    {
      "type": "Feature",
      "properties": {
        "id": 487,
        "name": "MAPALO LATERAL BS TO 7 (3+353.9)",
        "type": "Turnout",
        "Structure_Category": "Turnout (TO)",
        "canal_name": "MAPALO LATERAL BS",
        "station": "STA 3+353.9",
        "station_m": 3353.9,
        "offset_m": 1.58,
        "elevation": 17.41,
        "desc": "",
        "comment": "",
        "elevation_m": 17.41,
        "photo_filename": "DSC00408.jpg",
        "photo_path": "DSC00408.jpg",
        "surveyor_comment": null,
        "survey_date": "2023-4-13",
        "station_source": "Native (Survey / POW)",
        "native_station": " (3+353.9)"
      },
      "geometry": {
        "type": "Point",
        "coordinates": [
          121.302105,
          13.244575
        ]
      }
    },
    {
      "type": "Feature",
      "properties": {
        "id": 488,
        "name": "MAPALO LATERAL BS DRAINAGE CROSSING (3+515.4)",
        "type": "Drainage",
        "Structure_Category": "Drainage",
        "canal_name": "MAPALO LATERAL BS",
        "station": "STA 3+515.4",
        "station_m": 3515.4,
        "offset_m": 7.88,
        "elevation": 16.87,
        "desc": "",
        "comment": "",
        "elevation_m": 16.87,
        "photo_filename": "DSC00409.jpg",
        "photo_path": "DSC00409.jpg",
        "surveyor_comment": null,
        "survey_date": "2023-4-13",
        "station_source": "Native (Survey / POW)",
        "native_station": " (3+515.4)"
      },
      "geometry": {
        "type": "Point",
        "coordinates": [
          121.303227,
          13.245476
        ]
      }
    },
    {
      "type": "Feature",
      "properties": {
        "id": 489,
        "name": "MAPALO LATERAL BS ROAD CROSSING (3+558.7)",
        "type": "Road Crossing",
        "Structure_Category": "Road Crossing",
        "canal_name": "MAPALO LATERAL BS",
        "station": "STA 3+558.7",
        "station_m": 3558.7,
        "offset_m": 2.7,
        "elevation": 17.39,
        "desc": "",
        "comment": "",
        "elevation_m": 17.39,
        "photo_filename": "DSC00410.jpg",
        "photo_path": "DSC00410.jpg",
        "surveyor_comment": null,
        "survey_date": "2023-4-13",
        "station_source": "Native (Survey / POW)",
        "native_station": " (3+558.7)"
      },
      "geometry": {
        "type": "Point",
        "coordinates": [
          121.303612,
          13.24565
        ]
      }
    },
    {
      "type": "Feature",
      "properties": {
        "id": 491,
        "name": "MAPALO LATERAL BS TO 9 (3+709.7)",
        "type": "Turnout",
        "Structure_Category": "Turnout (TO)",
        "canal_name": "MAPALO LATERAL BS",
        "station": "STA 3+709.7",
        "station_m": 3709.7,
        "offset_m": 2.92,
        "elevation": 16.36,
        "desc": "",
        "comment": "",
        "elevation_m": 16.36,
        "photo_filename": "DSC00412.jpg",
        "photo_path": "DSC00412.jpg",
        "surveyor_comment": null,
        "survey_date": "2023-4-13",
        "station_source": "Native (Survey / POW)",
        "native_station": " (3+709.7)"
      },
      "geometry": {
        "type": "Point",
        "coordinates": [
          121.304687,
          13.246339
        ]
      }
    },
    {
      "type": "Feature",
      "properties": {
        "id": 492,
        "name": "MAPALO LATERAL BS OUTLET (3+720.3)",
        "type": "Outlet",
        "Structure_Category": "Outlet",
        "canal_name": "MAPALO LATERAL BS",
        "station": "STA 3+720.3",
        "station_m": 3720.3,
        "offset_m": 1.63,
        "elevation": 16.58,
        "desc": "",
        "comment": "",
        "elevation_m": 16.58,
        "photo_filename": "DSC00413.jpg",
        "photo_path": "DSC00413.jpg",
        "surveyor_comment": null,
        "survey_date": "2023-4-13",
        "station_source": "Native (Survey / POW)",
        "native_station": " (3+720.3)"
      },
      "geometry": {
        "type": "Point",
        "coordinates": [
          121.304807,
          13.246385
        ]
      }
    },
    {
      "type": "Feature",
      "properties": {
        "id": 494,
        "name": "MAPALO LATERAL BS BULLCART 9 (3+796.5)",
        "type": "Thresher Crossing",
        "Structure_Category": "Thresher Crossing",
        "canal_name": "MAPALO LATERAL BS",
        "station": "STA 3+796.5",
        "station_m": 3796.5,
        "offset_m": 40.5,
        "elevation": 15.42,
        "desc": "",
        "comment": "",
        "elevation_m": 15.42,
        "photo_filename": "DSC00415.jpg",
        "photo_path": "DSC00415.jpg",
        "surveyor_comment": null,
        "survey_date": "2023-4-13",
        "station_source": "Native (Survey / POW)",
        "native_station": " (3+796.5)"
      },
      "geometry": {
        "type": "Point",
        "coordinates": [
          121.305495,
          13.246527
        ]
      }
    },
    {
      "type": "Feature",
      "properties": {
        "id": 457,
        "name": "MAPALO LATERAL BS START OF PARSHALL FLUME (0+027)",
        "type": "Flume",
        "Structure_Category": "Parshall Flume",
        "canal_name": "MAPALO LATERAL BS",
        "station": "STA 0+027.0",
        "station_m": 27,
        "offset_m": 5.65,
        "elevation": 12.73,
        "desc": "",
        "comment": "",
        "elevation_m": 12.73,
        "photo_filename": "DSC00378.jpg",
        "photo_path": "DSC00378.jpg",
        "surveyor_comment": null,
        "survey_date": "2023-4-13",
        "station_source": "Native (Survey / POW)",
        "native_station": " (0+027)"
      },
      "geometry": {
        "type": "Point",
        "coordinates": [
          121.273787,
          13.242475
        ]
      }
    },
    {
      "type": "Feature",
      "properties": {
        "id": 474,
        "name": "MAPALO LATERAL BS OUTLET (1+840.7)",
        "type": "Outlet",
        "Structure_Category": "Outlet",
        "canal_name": "MAPALO LATERAL BS",
        "station": "STA 1+840.7",
        "station_m": 1840.7,
        "offset_m": 2.51,
        "elevation": 7.64,
        "desc": "",
        "comment": "",
        "elevation_m": 7.64,
        "photo_filename": "DSC00395.jpg",
        "photo_path": "DSC00395.jpg",
        "surveyor_comment": null,
        "survey_date": "2023-4-13",
        "station_source": "Native (Survey / POW)",
        "native_station": " (1+840.7)"
      },
      "geometry": {
        "type": "Point",
        "coordinates": [
          121.289252,
          13.241641
        ]
      }
    },
    {
      "type": "Feature",
      "properties": {
        "id": 500,
        "name": "MAPALO LATERAL AN TURN IN (2+255.3)",
        "type": "Other Structures",
        "Structure_Category": "Other Structures",
        "canal_name": "MAPALO LATERAL AN",
        "station": "STA 2+255.3",
        "station_m": 2255.3,
        "offset_m": 2.15,
        "elevation": 15.49,
        "desc": "",
        "comment": "2023-04-04 10:05:30am",
        "elevation_m": 15.49,
        "photo_filename": "DSC00415.jpg",
        "photo_path": "DSC00415.jpg",
        "surveyor_comment": "2023-04-04 10:05:30am",
        "survey_date": "2023-4-4",
        "station_source": "Native (Survey / POW)",
        "native_station": " (2+255.3)"
      },
      "geometry": {
        "type": "Point",
        "coordinates": [
          121.267694,
          13.264101
        ]
      }
    },
    {
      "type": "Feature",
      "properties": {
        "id": 501,
        "name": "MAPALO LATERAL AN END OF LINED CANAL (2+579.4)",
        "type": "Other Structures",
        "Structure_Category": "Other Structures",
        "canal_name": "MAPALO LATERAL AN",
        "station": "STA 2+579.4",
        "station_m": 2579.4,
        "offset_m": 3.64,
        "elevation": 18.3,
        "desc": "",
        "comment": "2023-04-04 10:10:14am",
        "elevation_m": 18.3,
        "photo_filename": "DSC00416.jpg",
        "photo_path": "DSC00416.jpg",
        "surveyor_comment": "2023-04-04 10:10:14am",
        "survey_date": "2023-4-4",
        "station_source": "Native (Survey / POW)",
        "native_station": " (2+579.4)"
      },
      "geometry": {
        "type": "Point",
        "coordinates": [
          121.26991,
          13.265749
        ]
      }
    },
    {
      "type": "Feature",
      "properties": {
        "id": 502,
        "name": "MAPALO LATERAL AN TO 4 (2+649.8)",
        "type": "Turnout",
        "Structure_Category": "Turnout (TO)",
        "canal_name": "MAPALO LATERAL AN",
        "station": "STA 2+649.8",
        "station_m": 2649.8,
        "offset_m": 2.68,
        "elevation": 17.05,
        "desc": "",
        "comment": "2023-04-04 10:13:17am",
        "elevation_m": 17.05,
        "photo_filename": "DSC00417.jpg",
        "photo_path": "DSC00417.jpg",
        "surveyor_comment": "2023-04-04 10:13:17am",
        "survey_date": "2023-4-4",
        "station_source": "Native (Survey / POW)",
        "native_station": " (2+649.8)"
      },
      "geometry": {
        "type": "Point",
        "coordinates": [
          121.270393,
          13.266158
        ]
      }
    },
    {
      "type": "Feature",
      "properties": {
        "id": 504,
        "name": "MAPALO LATERAL AN OUTLET (2+731.6)",
        "type": "Outlet",
        "Structure_Category": "Outlet",
        "canal_name": "MAPALO LATERAL AN",
        "station": "STA 2+731.6",
        "station_m": 2731.6,
        "offset_m": 3.78,
        "elevation": 16.99,
        "desc": "",
        "comment": "2023-04-04 10:17:12am",
        "elevation_m": 16.99,
        "photo_filename": "DSC00419.jpg",
        "photo_path": "DSC00419.jpg",
        "surveyor_comment": "2023-04-04 10:17:12am",
        "survey_date": "2023-4-4",
        "station_source": "Native (Survey / POW)",
        "native_station": " (2+731.6)"
      },
      "geometry": {
        "type": "Point",
        "coordinates": [
          121.270734,
          13.26682
        ]
      }
    },
    {
      "type": "Feature",
      "properties": {
        "id": 506,
        "name": "MAPALO LATERAL AN ROAD CROSSING (2+858.6)",
        "type": "Road Crossing",
        "Structure_Category": "Road Crossing",
        "canal_name": "MAPALO LATERAL AN",
        "station": "STA 2+858.6",
        "station_m": 2858.6,
        "offset_m": 6.63,
        "elevation": 16.25,
        "desc": "",
        "comment": "2023-04-04 10:22:16am",
        "elevation_m": 16.25,
        "photo_filename": "DSC00421.jpg",
        "photo_path": "DSC00421.jpg",
        "surveyor_comment": "2023-04-04 10:22:16am",
        "survey_date": "2023-4-4",
        "station_source": "Native (Survey / POW)",
        "native_station": " (2+858.6)"
      },
      "geometry": {
        "type": "Point",
        "coordinates": [
          121.271401,
          13.267762
        ]
      }
    },
    {
      "type": "Feature",
      "properties": {
        "id": 505,
        "name": "MAPALO LATERAL AN TO 5 (2+846)",
        "type": "Turnout",
        "Structure_Category": "Turnout (TO)",
        "canal_name": "MAPALO LATERAL AN",
        "station": "STA 2+846.0",
        "station_m": 2846,
        "offset_m": 6.68,
        "elevation": 17.64,
        "desc": "",
        "comment": "2023-04-04 10:20:28am",
        "elevation_m": 17.64,
        "photo_filename": "DSC00420.jpg",
        "photo_path": "DSC00420.jpg",
        "surveyor_comment": "2023-04-04 10:20:28am",
        "survey_date": "2023-4-4",
        "station_source": "Native (Survey / POW)",
        "native_station": " (2+846)"
      },
      "geometry": {
        "type": "Point",
        "coordinates": [
          121.271313,
          13.267667
        ]
      }
    },
    {
      "type": "Feature",
      "properties": {
        "id": 508,
        "name": "MAPALO LATERAL AN TO 6 (3+053.8)",
        "type": "Turnout",
        "Structure_Category": "Turnout (TO)",
        "canal_name": "MAPALO LATERAL AN",
        "station": "STA 3+053.8",
        "station_m": 3053.8,
        "offset_m": 3.77,
        "elevation": 16.57,
        "desc": "",
        "comment": "2023-04-04 10:28:06am",
        "elevation_m": 16.57,
        "photo_filename": "DSC00423.jpg",
        "photo_path": "DSC00423.jpg",
        "surveyor_comment": "2023-04-04 10:28:06am",
        "survey_date": "2023-4-4",
        "station_source": "Native (Survey / POW)",
        "native_station": " (3+053.8)"
      },
      "geometry": {
        "type": "Point",
        "coordinates": [
          121.272545,
          13.269104
        ]
      }
    },
    {
      "type": "Feature",
      "properties": {
        "id": 511,
        "name": "MAPALO LATERAL AN INLET (3+186.6)",
        "type": "Inlet",
        "Structure_Category": "Inlet",
        "canal_name": "MAPALO LATERAL AN",
        "station": "STA 3+186.6",
        "station_m": 3186.6,
        "offset_m": 2.81,
        "elevation": 17.99,
        "desc": "",
        "comment": "2023-04-04 10:33:53am",
        "elevation_m": 17.99,
        "photo_filename": "DSC00426.jpg",
        "photo_path": "DSC00426.jpg",
        "surveyor_comment": "2023-04-04 10:33:53am",
        "survey_date": "2023-4-4",
        "station_source": "Native (Survey / POW)",
        "native_station": " (3+186.6)"
      },
      "geometry": {
        "type": "Point",
        "coordinates": [
          121.27315,
          13.270124
        ]
      }
    },
    {
      "type": "Feature",
      "properties": {
        "id": 509,
        "name": "MAPALO LATERAL AN TO 7 (3+068.4)",
        "type": "Turnout",
        "Structure_Category": "Turnout (TO)",
        "canal_name": "MAPALO LATERAL AN",
        "station": "STA 3+068.4",
        "station_m": 3068.4,
        "offset_m": 2.54,
        "elevation": 17.04,
        "desc": "",
        "comment": "2023-04-04 10:29:49am",
        "elevation_m": 17.04,
        "photo_filename": "DSC00424.jpg",
        "photo_path": "DSC00424.jpg",
        "surveyor_comment": "2023-04-04 10:29:49am",
        "survey_date": "2023-4-4",
        "station_source": "Native (Survey / POW)",
        "native_station": " (3+068.4)"
      },
      "geometry": {
        "type": "Point",
        "coordinates": [
          121.272623,
          13.269198
        ]
      }
    },
    {
      "type": "Feature",
      "properties": {
        "id": 510,
        "name": "MAPALO LATERAL AN TO 8 (3+087.4)",
        "type": "Turnout",
        "Structure_Category": "Turnout (TO)",
        "canal_name": "MAPALO LATERAL AN",
        "station": "STA 3+087.4",
        "station_m": 3087.4,
        "offset_m": 4.79,
        "elevation": 15.55,
        "desc": "",
        "comment": "2023-04-04 10:31:16am",
        "elevation_m": 15.55,
        "photo_filename": "DSC00425.jpg",
        "photo_path": "DSC00425.jpg",
        "surveyor_comment": "2023-04-04 10:31:16am",
        "survey_date": "2023-4-4",
        "station_source": "Native (Survey / POW)",
        "native_station": " (3+087.4)"
      },
      "geometry": {
        "type": "Point",
        "coordinates": [
          121.272698,
          13.269344
        ]
      }
    },
    {
      "type": "Feature",
      "properties": {
        "id": 512,
        "name": "MAPALO LATERAL AN OUTLET (3+195.9)",
        "type": "Outlet",
        "Structure_Category": "Outlet",
        "canal_name": "MAPALO LATERAL AN",
        "station": "STA 3+195.9",
        "station_m": 3195.9,
        "offset_m": 6.14,
        "elevation": 16.73,
        "desc": "",
        "comment": "2023-04-04 10:35:15am",
        "elevation_m": 16.73,
        "photo_filename": "DSC00427.jpg",
        "photo_path": "DSC00427.jpg",
        "surveyor_comment": "2023-04-04 10:35:15am",
        "survey_date": "2023-4-4",
        "station_source": "Native (Survey / POW)",
        "native_station": " (3+195.9)"
      },
      "geometry": {
        "type": "Point",
        "coordinates": [
          121.27315,
          13.270188
        ]
      }
    },
    {
      "type": "Feature",
      "properties": {
        "id": 513,
        "name": "MAPALO LATERAL AN BULLCART 5 (3+384.6)",
        "type": "Thresher Crossing",
        "Structure_Category": "Thresher Crossing",
        "canal_name": "MAPALO LATERAL AN",
        "station": "STA 3+384.6",
        "station_m": 3384.6,
        "offset_m": 0.83,
        "elevation": 17.66,
        "desc": "",
        "comment": "2023-04-04 10:39:22am",
        "elevation_m": 17.66,
        "photo_filename": "DSC00428.jpg",
        "photo_path": "DSC00428.jpg",
        "surveyor_comment": "2023-04-04 10:39:22am",
        "survey_date": "2023-4-4",
        "station_source": "Native (Survey / POW)",
        "native_station": " (3+384.6)"
      },
      "geometry": {
        "type": "Point",
        "coordinates": [
          121.274072,
          13.271666
        ]
      }
    },
    {
      "type": "Feature",
      "properties": {
        "id": 514,
        "name": "MAPALO LATERAL AN RESIDENTIAL (3+595-3+600.1)",
        "type": "Other Structures",
        "Structure_Category": "Other Structures",
        "canal_name": "MAPALO LATERAL AN",
        "station": "STA 3+595.0",
        "station_m": 3595,
        "offset_m": 2.34,
        "elevation": 17.65,
        "desc": "",
        "comment": "2023-04-04 10:43:27am",
        "elevation_m": 17.65,
        "photo_filename": "DSC00429.jpg",
        "photo_path": "DSC00429.jpg",
        "surveyor_comment": "2023-04-04 10:43:27am",
        "survey_date": "2023-4-4",
        "station_source": "Native (Survey / POW)",
        "native_station": " (3+595"
      },
      "geometry": {
        "type": "Point",
        "coordinates": [
          121.275066,
          13.273256
        ]
      }
    },
    {
      "type": "Feature",
      "properties": {
        "id": 516,
        "name": "MAPALO LATERAL AN OUTLET (3+689)",
        "type": "Outlet",
        "Structure_Category": "Outlet",
        "canal_name": "MAPALO LATERAL AN",
        "station": "STA 3+689.0",
        "station_m": 3689,
        "offset_m": 0.9,
        "elevation": 17.03,
        "desc": "",
        "comment": "2023-04-04 10:47:34am",
        "elevation_m": 17.03,
        "photo_filename": "DSC00432.jpg",
        "photo_path": "DSC00432.jpg",
        "surveyor_comment": "2023-04-04 10:47:34am",
        "survey_date": "2023-4-4",
        "station_source": "Native (Survey / POW)",
        "native_station": " (3+689)"
      },
      "geometry": {
        "type": "Point",
        "coordinates": [
          121.275486,
          13.273975
        ]
      }
    },
    {
      "type": "Feature",
      "properties": {
        "id": 519,
        "name": "MAPALO LATERAL AN ROAD CROSSING (4+035.3)",
        "type": "Road Crossing",
        "Structure_Category": "Road Crossing",
        "canal_name": "MAPALO LATERAL AN",
        "station": "STA 4+035.3",
        "station_m": 4035.3,
        "offset_m": 7.48,
        "elevation": 16.22,
        "desc": "",
        "comment": "2023-04-04 10:56:01am",
        "elevation_m": 16.22,
        "photo_filename": "DSC00435.jpg",
        "photo_path": "DSC00435.jpg",
        "surveyor_comment": "2023-04-04 10:56:01am",
        "survey_date": "2023-4-4",
        "station_source": "Native (Survey / POW)",
        "native_station": " (4+035.3)"
      },
      "geometry": {
        "type": "Point",
        "coordinates": [
          121.277141,
          13.276712
        ]
      }
    },
    {
      "type": "Feature",
      "properties": {
        "id": 517,
        "name": "MAPALO LATERAL AN BULLCART 7 (3+991.3)",
        "type": "Thresher Crossing",
        "Structure_Category": "Thresher Crossing",
        "canal_name": "MAPALO LATERAL AN",
        "station": "STA 3+991.3",
        "station_m": 3991.3,
        "offset_m": 6.8,
        "elevation": 16.72,
        "desc": "",
        "comment": "2023-04-04 10:52:10am",
        "elevation_m": 16.72,
        "photo_filename": "DSC00433.jpg",
        "photo_path": "DSC00433.jpg",
        "surveyor_comment": "2023-04-04 10:52:10am",
        "survey_date": "2023-4-4",
        "station_source": "Native (Survey / POW)",
        "native_station": " (3+991.3)"
      },
      "geometry": {
        "type": "Point",
        "coordinates": [
          121.276922,
          13.276354
        ]
      }
    },
    {
      "type": "Feature",
      "properties": {
        "id": 518,
        "name": "MAPALO LATERAL AN TO 10 (4+020.1)",
        "type": "Turnout",
        "Structure_Category": "Turnout (TO)",
        "canal_name": "MAPALO LATERAL AN",
        "station": "STA 4+020.1",
        "station_m": 4020.1,
        "offset_m": 6.52,
        "elevation": 16.39,
        "desc": "",
        "comment": "2023-04-04 10:53:44am",
        "elevation_m": 16.39,
        "photo_filename": "DSC00434.jpg",
        "photo_path": "DSC00434.jpg",
        "surveyor_comment": "2023-04-04 10:53:44am",
        "survey_date": "2023-4-4",
        "station_source": "Native (Survey / POW)",
        "native_station": " (4+020.1)"
      },
      "geometry": {
        "type": "Point",
        "coordinates": [
          121.277078,
          13.276596
        ]
      }
    },
    {
      "type": "Feature",
      "properties": {
        "id": 520,
        "name": "MAPALO LATERAL AN TO 11 (4+529.3)",
        "type": "Turnout",
        "Structure_Category": "Turnout (TO)",
        "canal_name": "MAPALO LATERAL AN",
        "station": "STA 4+529.3",
        "station_m": 4529.3,
        "offset_m": 8.67,
        "elevation": 15.67,
        "desc": "",
        "comment": "2023-04-04 11:06:22am",
        "elevation_m": 15.67,
        "photo_filename": "DSC00436.jpg",
        "photo_path": "DSC00436.jpg",
        "surveyor_comment": "2023-04-04 11:06:22am",
        "survey_date": "2023-4-4",
        "station_source": "Native (Survey / POW)",
        "native_station": " (4+529.3)"
      },
      "geometry": {
        "type": "Point",
        "coordinates": [
          121.2794,
          13.280584
        ]
      }
    },
    {
      "type": "Feature",
      "properties": {
        "id": 521,
        "name": "MAPALO LATERAL AN OUTLET (4+537.9)",
        "type": "Outlet",
        "Structure_Category": "Outlet",
        "canal_name": "MAPALO LATERAL AN",
        "station": "STA 4+537.9",
        "station_m": 4537.9,
        "offset_m": 8.86,
        "elevation": 15.86,
        "desc": "",
        "comment": "2023-04-04 11:08:03am",
        "elevation_m": 15.86,
        "photo_filename": "DSC00437.jpg",
        "photo_path": "DSC00437.jpg",
        "surveyor_comment": "2023-04-04 11:08:03am",
        "survey_date": "2023-4-4",
        "station_source": "Native (Survey / POW)",
        "native_station": " (4+537.9)"
      },
      "geometry": {
        "type": "Point",
        "coordinates": [
          121.279437,
          13.280649
        ]
      }
    },
    {
      "type": "Feature",
      "properties": {
        "id": 523,
        "name": "MAPALO LATERAL AN OUTLET (5+044.3)",
        "type": "Outlet",
        "Structure_Category": "Outlet",
        "canal_name": "MAPALO LATERAL AN",
        "station": "STA 5+044.3",
        "station_m": 5044.3,
        "offset_m": 10.3,
        "elevation": 13.89,
        "desc": "",
        "comment": "2023-04-04 11:16:55am",
        "elevation_m": 13.89,
        "photo_filename": "DSC00439.jpg",
        "photo_path": "DSC00439.jpg",
        "surveyor_comment": "2023-04-04 11:16:55am",
        "survey_date": "2023-4-4",
        "station_source": "Native (Survey / POW)",
        "native_station": " (5+044.3)"
      },
      "geometry": {
        "type": "Point",
        "coordinates": [
          121.281708,
          13.284508
        ]
      }
    },
    {
      "type": "Feature",
      "properties": {
        "id": 524,
        "name": "MAPALO LATERAL AN DRAINAGE CROSSING (5+195)",
        "type": "Drainage",
        "Structure_Category": "Drainage",
        "canal_name": "MAPALO LATERAL AN",
        "station": "STA 5+195.0",
        "station_m": 5195,
        "offset_m": 10.4,
        "elevation": 13.15,
        "desc": "",
        "comment": "2023-04-04 11:19:44am",
        "elevation_m": 13.15,
        "photo_filename": "DSC00440.jpg",
        "photo_path": "DSC00440.jpg",
        "surveyor_comment": "2023-04-04 11:19:44am",
        "survey_date": "2023-4-4",
        "station_source": "Native (Survey / POW)",
        "native_station": " (5+195)"
      },
      "geometry": {
        "type": "Point",
        "coordinates": [
          121.282395,
          13.285663
        ]
      }
    },
    {
      "type": "Feature",
      "properties": {
        "id": 525,
        "name": "MAPALO LATERAL AN TO 12 (5+239.7)",
        "type": "Turnout",
        "Structure_Category": "Turnout (TO)",
        "canal_name": "MAPALO LATERAL AN",
        "station": "STA 5+239.7",
        "station_m": 5239.7,
        "offset_m": 3.54,
        "elevation": 14.28,
        "desc": "",
        "comment": "2023-04-04 11:21:51am",
        "elevation_m": 14.28,
        "photo_filename": "DSC00441.jpg",
        "photo_path": "DSC00441.jpg",
        "surveyor_comment": "2023-04-04 11:21:51am",
        "survey_date": "2023-4-4",
        "station_source": "Native (Survey / POW)",
        "native_station": " (5+239.7)"
      },
      "geometry": {
        "type": "Point",
        "coordinates": [
          121.282645,
          13.285992
        ]
      }
    },
    {
      "type": "Feature",
      "properties": {
        "id": 527,
        "name": "MAPALO LATERAL AN TO 13 (5+681.8)",
        "type": "Turnout",
        "Structure_Category": "Turnout (TO)",
        "canal_name": "MAPALO LATERAL AN",
        "station": "STA 5+681.8",
        "station_m": 5681.8,
        "offset_m": 6.11,
        "elevation": 16.5,
        "desc": "",
        "comment": "2023-04-04 11:29:41am",
        "elevation_m": 16.5,
        "photo_filename": "DSC00443.jpg",
        "photo_path": "DSC00443.jpg",
        "surveyor_comment": "2023-04-04 11:29:41am",
        "survey_date": "2023-4-4",
        "station_source": "Native (Survey / POW)",
        "native_station": " (5+681.8)"
      },
      "geometry": {
        "type": "Point",
        "coordinates": [
          121.284675,
          13.2894
        ]
      }
    },
    {
      "type": "Feature",
      "properties": {
        "id": 526,
        "name": "MAPALO LATERAL AN CULVERT (5+261)",
        "type": "Other Structures",
        "Structure_Category": "Other Structures",
        "canal_name": "MAPALO LATERAL AN",
        "station": "STA 5+261.0",
        "station_m": 5261,
        "offset_m": 7.92,
        "elevation": 14.9,
        "desc": "",
        "comment": "2023-04-04 11:23:19am",
        "elevation_m": 14.9,
        "photo_filename": "DSC00442.jpg",
        "photo_path": "DSC00442.jpg",
        "surveyor_comment": "2023-04-04 11:23:19am",
        "survey_date": "2023-4-4",
        "station_source": "Native (Survey / POW)",
        "native_station": " (5+261)"
      },
      "geometry": {
        "type": "Point",
        "coordinates": [
          121.282696,
          13.286155
        ]
      }
    },
    {
      "type": "Feature",
      "properties": {
        "id": 530,
        "name": "MAPALO LATERAL AN OUTLET (6+126)",
        "type": "Outlet",
        "Structure_Category": "Outlet",
        "canal_name": "MAPALO LATERAL AN",
        "station": "STA 6+126.0",
        "station_m": 6126,
        "offset_m": 7.46,
        "elevation": 17.38,
        "desc": "",
        "comment": "2023-04-04 11:39:28am",
        "elevation_m": 17.38,
        "photo_filename": "DSC00446.jpg",
        "photo_path": "DSC00446.jpg",
        "surveyor_comment": "2023-04-04 11:39:28am",
        "survey_date": "2023-4-4",
        "station_source": "Native (Survey / POW)",
        "native_station": " (6+126)"
      },
      "geometry": {
        "type": "Point",
        "coordinates": [
          121.286654,
          13.292786
        ]
      }
    },
    {
      "type": "Feature",
      "properties": {
        "id": 529,
        "name": "MAPALO LATERAL AN TO 14 (6+119,5)",
        "type": "Turnout",
        "Structure_Category": "Turnout (TO)",
        "canal_name": "MAPALO LATERAL AN",
        "station": "STA 6+119.0",
        "station_m": 6119,
        "offset_m": 5.68,
        "elevation": 18.73,
        "desc": "",
        "comment": "2023-04-04 11:37:58am",
        "elevation_m": 18.73,
        "photo_filename": "DSC00445.jpg",
        "photo_path": "DSC00445.jpg",
        "surveyor_comment": "2023-04-04 11:37:58am",
        "survey_date": "2023-4-4",
        "station_source": "Native (Survey / POW)",
        "native_station": " (6+119"
      },
      "geometry": {
        "type": "Point",
        "coordinates": [
          121.286647,
          13.292742
        ]
      }
    },
    {
      "type": "Feature",
      "properties": {
        "id": 531,
        "name": "MAPALO LATERAL AN TO 15 (6+688.7)",
        "type": "Turnout",
        "Structure_Category": "Turnout (TO)",
        "canal_name": "MAPALO LATERAL AN",
        "station": "STA 6+688.7",
        "station_m": 6688.7,
        "offset_m": 2.6,
        "elevation": 16.82,
        "desc": "",
        "comment": "2023-04-04 11:47:07am",
        "elevation_m": 16.82,
        "photo_filename": "DSC00447.jpg",
        "photo_path": "DSC00447.jpg",
        "surveyor_comment": "2023-04-04 11:47:07am",
        "survey_date": "2023-4-4",
        "station_source": "Native (Survey / POW)",
        "native_station": " (6+688.7)"
      },
      "geometry": {
        "type": "Point",
        "coordinates": [
          121.289293,
          13.297037
        ]
      }
    },
    {
      "type": "Feature",
      "properties": {
        "id": 532,
        "name": "MAPALO LATERAL AN OUTLET (6+695.5)",
        "type": "Outlet",
        "Structure_Category": "Outlet",
        "canal_name": "MAPALO LATERAL AN",
        "station": "STA 6+695.5",
        "station_m": 6695.5,
        "offset_m": 4.88,
        "elevation": 16.35,
        "desc": "",
        "comment": "2023-04-04 11:48:39am",
        "elevation_m": 16.35,
        "photo_filename": "DSC00448.jpg",
        "photo_path": "DSC00448.jpg",
        "surveyor_comment": "2023-04-04 11:48:39am",
        "survey_date": "2023-4-4",
        "station_source": "Native (Survey / POW)",
        "native_station": " (6+695.5)"
      },
      "geometry": {
        "type": "Point",
        "coordinates": [
          121.289304,
          13.297092
        ]
      }
    },
    {
      "type": "Feature",
      "properties": {
        "id": 533,
        "name": "MAPALO LATERAL AN DRAINAGE CROSSING  (7+161.8)",
        "type": "Drainage",
        "Structure_Category": "Drainage",
        "canal_name": "MAPALO LATERAL AN",
        "station": "STA 7+161.8",
        "station_m": 7161.8,
        "offset_m": 10.17,
        "elevation": 14.51,
        "desc": "",
        "comment": "2023-04-04 11:55:46am",
        "elevation_m": 14.51,
        "photo_filename": "DSC00449.jpg",
        "photo_path": "DSC00449.jpg",
        "surveyor_comment": "2023-04-04 11:55:46am",
        "survey_date": "2023-4-4",
        "station_source": "Native (Survey / POW)",
        "native_station": "  (7+161.8)"
      },
      "geometry": {
        "type": "Point",
        "coordinates": [
          121.291418,
          13.300684
        ]
      }
    },
    {
      "type": "Feature",
      "properties": {
        "id": 535,
        "name": "MAPALO LATERAL AN OUTLET (7+204.2)",
        "type": "Outlet",
        "Structure_Category": "Outlet",
        "canal_name": "MAPALO LATERAL AN",
        "station": "STA 7+204.2",
        "station_m": 7204.2,
        "offset_m": 8.44,
        "elevation": 12.51,
        "desc": "",
        "comment": "2023-04-04 11:59:08am",
        "elevation_m": 12.51,
        "photo_filename": "DSC00451.jpg",
        "photo_path": "DSC00451.jpg",
        "surveyor_comment": "2023-04-04 11:59:08am",
        "survey_date": "2023-4-4",
        "station_source": "Native (Survey / POW)",
        "native_station": " (7+204.2)"
      },
      "geometry": {
        "type": "Point",
        "coordinates": [
          121.291616,
          13.300992
        ]
      }
    },
    {
      "type": "Feature",
      "properties": {
        "id": 534,
        "name": "MAPALO LATERAL AN TO 15 (7+189)",
        "type": "Turnout",
        "Structure_Category": "Turnout (TO)",
        "canal_name": "MAPALO LATERAL AN",
        "station": "STA 7+189.0",
        "station_m": 7189,
        "offset_m": 6.29,
        "elevation": 11.89,
        "desc": "",
        "comment": "2023-04-04 11:57:40am",
        "elevation_m": 11.89,
        "photo_filename": "DSC00450.jpg",
        "photo_path": "DSC00450.jpg",
        "surveyor_comment": "2023-04-04 11:57:40am",
        "survey_date": "2023-4-4",
        "station_source": "Native (Survey / POW)",
        "native_station": " (7+189)"
      },
      "geometry": {
        "type": "Point",
        "coordinates": [
          121.291566,
          13.300867
        ]
      }
    },
    {
      "type": "Feature",
      "properties": {
        "id": 536,
        "name": "MAPALO LATERAL AN -1 (0+000)",
        "type": "Outlet",
        "Structure_Category": "Outlet",
        "canal_name": "MAPALO LATERAL AN1",
        "station": "STA 0+000.0",
        "station_m": 0,
        "offset_m": 3.62,
        "elevation": 20.49,
        "desc": "",
        "comment": "",
        "elevation_m": 20.49,
        "photo_filename": "DSC00318.jpg",
        "photo_path": "DSC00318.jpg",
        "surveyor_comment": null,
        "survey_date": "2023-4-4",
        "station_source": "Native (Survey / POW)",
        "native_station": " (0+000)"
      },
      "geometry": {
        "type": "Point",
        "coordinates": [
          121.267202,
          13.263688
        ]
      }
    },
    {
      "type": "Feature",
      "properties": {
        "id": 538,
        "name": "MAPALO LATERAL AN-1 BULLCART 1 (0+216.9)",
        "type": "Thresher Crossing",
        "Structure_Category": "Thresher Crossing",
        "canal_name": "MAPALO LATERAL AN1",
        "station": "STA 0+216.9",
        "station_m": 216.9,
        "offset_m": 5.69,
        "elevation": 21.73,
        "desc": "",
        "comment": "",
        "elevation_m": 21.73,
        "photo_filename": "DSC00320.jpg",
        "photo_path": "DSC00320.jpg",
        "surveyor_comment": null,
        "survey_date": "2023-4-4",
        "station_source": "Native (Survey / POW)",
        "native_station": " (0+216.9)"
      },
      "geometry": {
        "type": "Point",
        "coordinates": [
          121.269031,
          13.262868
        ]
      }
    },
    {
      "type": "Feature",
      "properties": {
        "id": 539,
        "name": "MAPALO LATERAL AN-1 BULLCART 2 (0+292)",
        "type": "Thresher Crossing",
        "Structure_Category": "Thresher Crossing",
        "canal_name": "MAPALO LATERAL AN1",
        "station": "STA 0+292.0",
        "station_m": 292,
        "offset_m": 3.51,
        "elevation": 21.91,
        "desc": "",
        "comment": "",
        "elevation_m": 21.91,
        "photo_filename": "DSC00321.jpg",
        "photo_path": "DSC00321.jpg",
        "surveyor_comment": null,
        "survey_date": "2023-4-4",
        "station_source": "Native (Survey / POW)",
        "native_station": " (0+292)"
      },
      "geometry": {
        "type": "Point",
        "coordinates": [
          121.269695,
          13.26272
        ]
      }
    },
    {
      "type": "Feature",
      "properties": {
        "id": 540,
        "name": "MAPALO LATERAL AN-1 TURN IN (0+454.2)",
        "type": "Other Structures",
        "Structure_Category": "Other Structures",
        "canal_name": "MAPALO LATERAL AN1",
        "station": "STA 0+454.2",
        "station_m": 454.2,
        "offset_m": 0.13,
        "elevation": 22.48,
        "desc": "",
        "comment": "",
        "elevation_m": 22.48,
        "photo_filename": "DSC00322.jpg",
        "photo_path": "DSC00322.jpg",
        "surveyor_comment": null,
        "survey_date": "2023-4-4",
        "station_source": "Native (Survey / POW)",
        "native_station": " (0+454.2)"
      },
      "geometry": {
        "type": "Point",
        "coordinates": [
          121.27117,
          13.262387
        ]
      }
    },
    {
      "type": "Feature",
      "properties": {
        "id": 544,
        "name": "MAPALO LATERAL AN-1 OUTLET ROAD CROSSING (0+670.6)",
        "type": "Road Crossing",
        "Structure_Category": "Road Crossing",
        "canal_name": "MAPALO LATERAL AN1",
        "station": "STA 0+670.6",
        "station_m": 670.6,
        "offset_m": 3.15,
        "elevation": 21.85,
        "desc": "",
        "comment": "",
        "elevation_m": 21.85,
        "photo_filename": "DSC00326.jpg",
        "photo_path": "DSC00326.jpg",
        "surveyor_comment": null,
        "survey_date": "2023-4-4",
        "station_source": "Native (Survey / POW)",
        "native_station": " (0+670.6)"
      },
      "geometry": {
        "type": "Point",
        "coordinates": [
          121.273203,
          13.261955
        ]
      }
    },
    {
      "type": "Feature",
      "properties": {
        "id": 541,
        "name": "MAPALO LATERAL AN-1 TO 1 (0+478)",
        "type": "Turnout",
        "Structure_Category": "Turnout (TO)",
        "canal_name": "MAPALO LATERAL AN1",
        "station": "STA 0+478.0",
        "station_m": 478,
        "offset_m": 1.64,
        "elevation": 22.28,
        "desc": "",
        "comment": "",
        "elevation_m": 22.28,
        "photo_filename": "DSC00323.jpg",
        "photo_path": "DSC00323.jpg",
        "surveyor_comment": null,
        "survey_date": "2023-4-4",
        "station_source": "Native (Survey / POW)",
        "native_station": " (0+478)"
      },
      "geometry": {
        "type": "Point",
        "coordinates": [
          121.271405,
          13.262326
        ]
      }
    },
    {
      "type": "Feature",
      "properties": {
        "id": 543,
        "name": "MAPALO LATERAL AN-1 (0+667.1)",
        "type": "Road Crossing",
        "Structure_Category": "Road Crossing",
        "canal_name": "MAPALO LATERAL AN1",
        "station": "STA 0+667.1",
        "station_m": 667.1,
        "offset_m": 1.08,
        "elevation": 21.87,
        "desc": "",
        "comment": "",
        "elevation_m": 21.87,
        "photo_filename": "DSC00325.jpg",
        "photo_path": "DSC00325.jpg",
        "surveyor_comment": null,
        "survey_date": "2023-4-4",
        "station_source": "Native (Survey / POW)",
        "native_station": " (0+667.1)"
      },
      "geometry": {
        "type": "Point",
        "coordinates": [
          121.273147,
          13.26195
        ]
      }
    },
    {
      "type": "Feature",
      "properties": {
        "id": 545,
        "name": "MAPALO LATERAL AN-1 INLET (0+969)",
        "type": "Inlet",
        "Structure_Category": "Inlet",
        "canal_name": "MAPALO LATERAL AN1",
        "station": "STA 0+969.0",
        "station_m": 969,
        "offset_m": 3.31,
        "elevation": 21.81,
        "desc": "",
        "comment": "",
        "elevation_m": 21.81,
        "photo_filename": "DSC00327.jpg",
        "photo_path": "DSC00327.jpg",
        "surveyor_comment": null,
        "survey_date": "2023-4-4",
        "station_source": "Native (Survey / POW)",
        "native_station": " (0+969)"
      },
      "geometry": {
        "type": "Point",
        "coordinates": [
          121.275735,
          13.262037
        ]
      }
    },
    {
      "type": "Feature",
      "properties": {
        "id": 546,
        "name": "MAPALO LATERAL AN-1 OUTLET (0+987.8)",
        "type": "Outlet",
        "Structure_Category": "Outlet",
        "canal_name": "MAPALO LATERAL AN1",
        "station": "STA 0+987.8",
        "station_m": 987.8,
        "offset_m": 5.77,
        "elevation": 21.05,
        "desc": "",
        "comment": "",
        "elevation_m": 21.05,
        "photo_filename": "DSC00328.jpg",
        "photo_path": "DSC00328.jpg",
        "surveyor_comment": null,
        "survey_date": "2023-4-4",
        "station_source": "Native (Survey / POW)",
        "native_station": " (0+987.8)"
      },
      "geometry": {
        "type": "Point",
        "coordinates": [
          121.275913,
          13.261991
        ]
      }
    },
    {
      "type": "Feature",
      "properties": {
        "id": 496,
        "name": "MAPALO LATERAL BS TO 10 (3+975.3)",
        "type": "Turnout",
        "Structure_Category": "Turnout (TO)",
        "canal_name": "Off-Canal",
        "station": "STA 3+975.3",
        "station_m": 3975.3,
        "offset_m": 216.8,
        "elevation": 17.33,
        "desc": "",
        "comment": "",
        "elevation_m": 17.33,
        "photo_filename": "DSC00417.jpg",
        "photo_path": "DSC00417.jpg",
        "surveyor_comment": null,
        "survey_date": "2023-4-13",
        "station_source": "Native (Survey / POW)",
        "native_station": " (3+975.3)"
      },
      "geometry": {
        "type": "Point",
        "coordinates": [
          121.307092,
          13.246837
        ]
      }
    },
    {
      "type": "Feature",
      "properties": {
        "id": 548,
        "name": "MAPALO LATERAL AN-1 TO 2 (1+538.1)",
        "type": "Turnout",
        "Structure_Category": "Turnout (TO)",
        "canal_name": "MAPALO LATERAL AN1",
        "station": "STA 1+538.1",
        "station_m": 1538.1,
        "offset_m": 2.49,
        "elevation": 25.72,
        "desc": "",
        "comment": "",
        "elevation_m": 25.72,
        "photo_filename": "DSC00330.jpg",
        "photo_path": "DSC00330.jpg",
        "surveyor_comment": null,
        "survey_date": "2023-4-4",
        "station_source": "Native (Survey / POW)",
        "native_station": " (1+538.1)"
      },
      "geometry": {
        "type": "Point",
        "coordinates": [
          121.278626,
          13.265726
        ]
      }
    },
    {
      "type": "Feature",
      "properties": {
        "id": 498,
        "name": "MAPALO LATERAL BS END OF CANAL (4+162)",
        "type": "Other Structures",
        "Structure_Category": "Other Structures",
        "canal_name": "Off-Canal",
        "station": "STA 4+162.0",
        "station_m": 4162,
        "offset_m": 390.7,
        "elevation": 17.35,
        "desc": "",
        "comment": "",
        "elevation_m": 17.35,
        "photo_filename": "DSC00420.jpg",
        "photo_path": "DSC00420.jpg",
        "surveyor_comment": null,
        "survey_date": "2023-4-13",
        "station_source": "Native (Survey / POW)",
        "native_station": " (4+162)"
      },
      "geometry": {
        "type": "Point",
        "coordinates": [
          121.308645,
          13.247244
        ]
      }
    },
    {
      "type": "Feature",
      "properties": {
        "id": 497,
        "name": "MAPALO LATERAL BS OUTLET (3+986.5)",
        "type": "Outlet",
        "Structure_Category": "Outlet",
        "canal_name": "Off-Canal",
        "station": "STA 3+986.5",
        "station_m": 3986.5,
        "offset_m": 224.48,
        "elevation": 17,
        "desc": "",
        "comment": "",
        "elevation_m": 17,
        "photo_filename": "DSC00418.jpg",
        "photo_path": "DSC00418.jpg",
        "surveyor_comment": null,
        "survey_date": "2023-4-13",
        "station_source": "Native (Survey / POW)",
        "native_station": " (3+986.5)"
      },
      "geometry": {
        "type": "Point",
        "coordinates": [
          121.307158,
          13.246869
        ]
      }
    },
    {
      "type": "Feature",
      "properties": {
        "id": 495,
        "name": "MAPALO LATERAL BS DRAINAGE CROSSING (3+898.3)",
        "type": "Drainage",
        "Structure_Category": "Drainage",
        "canal_name": "Off-Canal",
        "station": "STA 3+898.3",
        "station_m": 3898.3,
        "offset_m": 137.81,
        "elevation": 18.02,
        "desc": "",
        "comment": "",
        "elevation_m": 18.02,
        "photo_filename": "DSC00416.jpg",
        "photo_path": "DSC00416.jpg",
        "surveyor_comment": null,
        "survey_date": "2023-4-13",
        "station_source": "Native (Survey / POW)",
        "native_station": " (3+898.3)"
      },
      "geometry": {
        "type": "Point",
        "coordinates": [
          121.306374,
          13.246714
        ]
      }
    },
    {
      "type": "Feature",
      "properties": {
        "id": 313,
        "name": "MAPALO NORTH MAIN CANAL BULLCART 3 (3+666.6)",
        "type": "Thresher Crossing",
        "Structure_Category": "Thresher Crossing",
        "canal_name": "Off-Canal",
        "station": "STA 3+666.6",
        "station_m": 3666.6,
        "offset_m": 938.17,
        "elevation": 14.3,
        "desc": "",
        "comment": "2023-03-31 9:43:58am",
        "elevation_m": 14.3,
        "photo_filename": "DSC00330.jpg",
        "photo_path": "DSC00330.jpg",
        "surveyor_comment": "2023-03-31 9:43:58am",
        "survey_date": "2023-3-31",
        "station_source": "Native (Survey / POW)",
        "native_station": " (3+666.6)"
      },
      "geometry": {
        "type": "Point",
        "coordinates": [
          121.264521,
          13.272853
        ]
      }
    },
    {
      "type": "Feature",
      "properties": {
        "id": 318,
        "name": "MAPALO NORTH MAIN CANAL BULLCART 5 (4+307.6)",
        "type": "Thresher Crossing",
        "Structure_Category": "Thresher Crossing",
        "canal_name": "Off-Canal",
        "station": "STA 4+307.6",
        "station_m": 4307.6,
        "offset_m": 1237.52,
        "elevation": 15.81,
        "desc": "",
        "comment": "2023-03-31 10:04:16am",
        "elevation_m": 15.81,
        "photo_filename": "DSC00335.jpg",
        "photo_path": "DSC00335.jpg",
        "surveyor_comment": "2023-03-31 10:04:16am",
        "survey_date": "2023-3-31",
        "station_source": "Native (Survey / POW)",
        "native_station": " (4+307.6)"
      },
      "geometry": {
        "type": "Point",
        "coordinates": [
          121.264803,
          13.278291
        ]
      }
    },
    {
      "type": "Feature",
      "properties": {
        "id": 325,
        "name": "MAPALO NORTH MAIN CANAL BULLCART 7 (5+351)",
        "type": "Thresher Crossing",
        "Structure_Category": "Thresher Crossing",
        "canal_name": "Off-Canal",
        "station": "STA 5+351.0",
        "station_m": 5351,
        "offset_m": 1372.97,
        "elevation": 13.39,
        "desc": "",
        "comment": "2023-03-31 10:37:38am",
        "elevation_m": 13.39,
        "photo_filename": "DSC00342.jpg",
        "photo_path": "DSC00342.jpg",
        "surveyor_comment": "2023-03-31 10:37:38am",
        "survey_date": "2023-3-31",
        "station_source": "Native (Survey / POW)",
        "native_station": " (5+351)"
      },
      "geometry": {
        "type": "Point",
        "coordinates": [
          121.268685,
          13.287064
        ]
      }
    },
    {
      "type": "Feature",
      "properties": {
        "id": 333,
        "name": "MAPALO NORTH MAIN CANAL START EARTH CANAL (6+278.6)",
        "type": "Other Structures",
        "Structure_Category": "Other Structures",
        "canal_name": "Off-Canal",
        "station": "STA 6+278.6",
        "station_m": 6278.6,
        "offset_m": 1462.97,
        "elevation": 9.47,
        "desc": "",
        "comment": "2023-03-31 11:09:58am",
        "elevation_m": 9.47,
        "photo_filename": "DSC00351.jpg",
        "photo_path": "DSC00351.jpg",
        "surveyor_comment": "2023-03-31 11:09:58am",
        "survey_date": "2023-3-31",
        "station_source": "Native (Survey / POW)",
        "native_station": " (6+278.6)"
      },
      "geometry": {
        "type": "Point",
        "coordinates": [
          121.272216,
          13.294617
        ]
      }
    },
    {
      "type": "Feature",
      "properties": {
        "id": 381,
        "name": "MAPALO LATERAL AN TO 1 (0+670.8)",
        "type": "Turnout",
        "Structure_Category": "Turnout (TO)",
        "canal_name": "MAPALO LATERAL AN",
        "station": "STA 0+670.8",
        "station_m": 670.8,
        "offset_m": 4.07,
        "elevation": 24.76,
        "desc": "",
        "comment": "2023-04-02 10:19:05am",
        "elevation_m": 24.76,
        "photo_filename": "DSC00401.jpg",
        "photo_path": "DSC00401.jpg",
        "surveyor_comment": "2023-04-02 10:19:05am",
        "survey_date": "2023-4-2",
        "station_source": "Native (Survey / POW)",
        "native_station": " (0+670.8)"
      },
      "geometry": {
        "type": "Point",
        "coordinates": [
          121.258831,
          13.253382
        ]
      }
    },
    {
      "type": "Feature",
      "properties": {
        "id": 387,
        "name": "MAPALO LATERAL AN OUTLET (1+483.1)",
        "type": "Outlet",
        "Structure_Category": "Outlet",
        "canal_name": "MAPALO LATERAL AN",
        "station": "STA 1+483.1",
        "station_m": 1483.1,
        "offset_m": 0.08,
        "elevation": 23.78,
        "desc": "",
        "comment": "2023-04-02 10:34:52am",
        "elevation_m": 23.78,
        "photo_filename": "DSC00408.jpg",
        "photo_path": "DSC00408.jpg",
        "surveyor_comment": "2023-04-02 10:34:52am",
        "survey_date": "2023-4-2",
        "station_source": "Native (Survey / POW)",
        "native_station": " (1+483.1)"
      },
      "geometry": {
        "type": "Point",
        "coordinates": [
          121.261895,
          13.260091
        ]
      }
    },
    {
      "type": "Feature",
      "properties": {
        "id": 503,
        "name": "MAPALO LATERAL AN INLET (2+723.6)",
        "type": "Inlet",
        "Structure_Category": "Inlet",
        "canal_name": "MAPALO LATERAL AN",
        "station": "STA 2+723.6",
        "station_m": 2723.6,
        "offset_m": 0.39,
        "elevation": 16.75,
        "desc": "",
        "comment": "2023-04-04 10:15:41am",
        "elevation_m": 16.75,
        "photo_filename": "DSC00418.jpg",
        "photo_path": "DSC00418.jpg",
        "surveyor_comment": "2023-04-04 10:15:41am",
        "survey_date": "2023-4-4",
        "station_source": "Native (Survey / POW)",
        "native_station": " (2+723.6)"
      },
      "geometry": {
        "type": "Point",
        "coordinates": [
          121.270712,
          13.266729
        ]
      }
    },
    {
      "type": "Feature",
      "properties": {
        "id": 507,
        "name": "MAPALO LATERAL AN BULLCART 3 (3+029.5)",
        "type": "Thresher Crossing",
        "Structure_Category": "Thresher Crossing",
        "canal_name": "MAPALO LATERAL AN",
        "station": "STA 3+029.5",
        "station_m": 3029.5,
        "offset_m": 1.31,
        "elevation": 16.97,
        "desc": "",
        "comment": "2023-04-04 10:26:10am",
        "elevation_m": 16.97,
        "photo_filename": "DSC00422.jpg",
        "photo_path": "DSC00422.jpg",
        "surveyor_comment": "2023-04-04 10:26:10am",
        "survey_date": "2023-4-4",
        "station_source": "Native (Survey / POW)",
        "native_station": " (3+029.5)"
      },
      "geometry": {
        "type": "Point",
        "coordinates": [
          121.272445,
          13.268918
        ]
      }
    },
    {
      "type": "Feature",
      "properties": {
        "id": 515,
        "name": "MAPALO LATERAL AN TO 9 (3+680)",
        "type": "Turnout",
        "Structure_Category": "Turnout (TO)",
        "canal_name": "MAPALO LATERAL AN",
        "station": "STA 3+680.0",
        "station_m": 3680,
        "offset_m": 0.35,
        "elevation": 16.65,
        "desc": "",
        "comment": "2023-04-04 10:46:02am",
        "elevation_m": 16.65,
        "photo_filename": "DSC00430.jpg",
        "photo_path": "DSC00430.jpg",
        "surveyor_comment": "2023-04-04 10:46:02am",
        "survey_date": "2023-4-4",
        "station_source": "Native (Survey / POW)",
        "native_station": " (3+680)"
      },
      "geometry": {
        "type": "Point",
        "coordinates": [
          121.275472,
          13.273932
        ]
      }
    },
    {
      "type": "Feature",
      "properties": {
        "id": 522,
        "name": "MAPALO LATERAL AN INLET (5+032.2)",
        "type": "Inlet",
        "Structure_Category": "Inlet",
        "canal_name": "MAPALO LATERAL AN",
        "station": "STA 5+032.2",
        "station_m": 5032.2,
        "offset_m": 10.17,
        "elevation": 14.42,
        "desc": "",
        "comment": "2023-04-04 11:15:35am",
        "elevation_m": 14.42,
        "photo_filename": "DSC00438.jpg",
        "photo_path": "DSC00438.jpg",
        "surveyor_comment": "2023-04-04 11:15:35am",
        "survey_date": "2023-4-4",
        "station_source": "Native (Survey / POW)",
        "native_station": " (5+032.2)"
      },
      "geometry": {
        "type": "Point",
        "coordinates": [
          121.281687,
          13.28447
        ]
      }
    },
    {
      "type": "Feature",
      "properties": {
        "id": 528,
        "name": "MAPALO LATERAL AN ROAD CROSSING (5+688.6)",
        "type": "Road Crossing",
        "Structure_Category": "Road Crossing",
        "canal_name": "MAPALO LATERAL AN",
        "station": "STA 5+688.6",
        "station_m": 5688.6,
        "offset_m": 7.94,
        "elevation": 17.21,
        "desc": "",
        "comment": "2023-04-04 11:31:33am",
        "elevation_m": 17.21,
        "photo_filename": "DSC00444.jpg",
        "photo_path": "DSC00444.jpg",
        "surveyor_comment": "2023-04-04 11:31:33am",
        "survey_date": "2023-4-4",
        "station_source": "Native (Survey / POW)",
        "native_station": " (5+688.6)"
      },
      "geometry": {
        "type": "Point",
        "coordinates": [
          121.284683,
          13.289447
        ]
      }
    },
    {
      "type": "Feature",
      "properties": {
        "id": 392,
        "name": "MAPALO LATERAL AN TO 16 (7+452.6)",
        "type": "Turnout",
        "Structure_Category": "Turnout (TO)",
        "canal_name": "MAPALO LATERAL AN",
        "station": "STA 7+452.6",
        "station_m": 7452.6,
        "offset_m": 7.6,
        "elevation": 15.56,
        "desc": "",
        "comment": "2023-04-11 11:40:36am",
        "elevation_m": 15.56,
        "photo_filename": "DSC00453.jpg",
        "photo_path": "DSC00453.jpg",
        "surveyor_comment": "2023-04-11 11:40:36am",
        "survey_date": "2023-4-11",
        "station_source": "Native (Survey / POW)",
        "native_station": " (7+452.6)"
      },
      "geometry": {
        "type": "Point",
        "coordinates": [
          121.292692,
          13.302857
        ]
      }
    },
    {
      "type": "Feature",
      "properties": {
        "id": 537,
        "name": "MAPALO LATERAL AN-1 (0+016.8)",
        "type": "Other Structures",
        "Structure_Category": "Other Structures",
        "canal_name": "MAPALO LATERAL AN1",
        "station": "STA 0+016.8",
        "station_m": 16.8,
        "offset_m": 1.71,
        "elevation": 20.3,
        "desc": "",
        "comment": "",
        "elevation_m": 20.3,
        "photo_filename": "DSC00319.jpg",
        "photo_path": "DSC00319.jpg",
        "surveyor_comment": null,
        "survey_date": "2023-4-4",
        "station_source": "Native (Survey / POW)",
        "native_station": " (0+016.8)"
      },
      "geometry": {
        "type": "Point",
        "coordinates": [
          121.267315,
          13.263623
        ]
      }
    },
    {
      "type": "Feature",
      "properties": {
        "id": 542,
        "name": "MAPALO LATERAL AN-1 OUTLET (0+497.2)",
        "type": "Outlet",
        "Structure_Category": "Outlet",
        "canal_name": "MAPALO LATERAL AN1",
        "station": "STA 0+497.2",
        "station_m": 497.2,
        "offset_m": 1.37,
        "elevation": 22.31,
        "desc": "",
        "comment": "",
        "elevation_m": 22.31,
        "photo_filename": "DSC00324.jpg",
        "photo_path": "DSC00324.jpg",
        "surveyor_comment": null,
        "survey_date": "2023-4-4",
        "station_source": "Native (Survey / POW)",
        "native_station": " (0+497.2)"
      },
      "geometry": {
        "type": "Point",
        "coordinates": [
          121.271577,
          13.262294
        ]
      }
    },
    {
      "type": "Feature",
      "properties": {
        "id": 547,
        "name": "MAPALO LATERAL AN-1 BULLCART 3 (1+083.1)",
        "type": "Thresher Crossing",
        "Structure_Category": "Thresher Crossing",
        "canal_name": "MAPALO LATERAL AN1",
        "station": "STA 1+083.1",
        "station_m": 1083.1,
        "offset_m": 1.1,
        "elevation": 21.27,
        "desc": "",
        "comment": "",
        "elevation_m": 21.27,
        "photo_filename": "DSC00329.jpg",
        "photo_path": "DSC00329.jpg",
        "surveyor_comment": null,
        "survey_date": "2023-4-4",
        "station_source": "Native (Survey / POW)",
        "native_station": " (1+083.1)"
      },
      "geometry": {
        "type": "Point",
        "coordinates": [
          121.276571,
          13.26239
        ]
      }
    },
    {
      "type": "Feature",
      "properties": {
        "id": 550,
        "name": "MAPALO LATERAL AN-1 OUTLET (1+561.8)",
        "type": "Outlet",
        "Structure_Category": "Outlet",
        "canal_name": "MAPALO LATERAL AN1",
        "station": "STA 1+561.8",
        "station_m": 1561.8,
        "offset_m": 4.18,
        "elevation": 25.12,
        "desc": "",
        "comment": "",
        "elevation_m": 25.12,
        "photo_filename": "DSC00332.jpg",
        "photo_path": "DSC00332.jpg",
        "surveyor_comment": null,
        "survey_date": "2023-4-4",
        "station_source": "Native (Survey / POW)",
        "native_station": " (1+561.8)"
      },
      "geometry": {
        "type": "Point",
        "coordinates": [
          121.278771,
          13.265715
        ]
      }
    },
    {
      "type": "Feature",
      "properties": {
        "id": 551,
        "name": "MAPALO LATERAL AN-1 END OF LINED CANAL (1+608)",
        "type": "Other Structures",
        "Structure_Category": "Other Structures",
        "canal_name": "MAPALO LATERAL AN1",
        "station": "STA 1+608.0",
        "station_m": 1608,
        "offset_m": 3.36,
        "elevation": 24.66,
        "desc": "",
        "comment": "",
        "elevation_m": 24.66,
        "photo_filename": "DSC00333.jpg",
        "photo_path": "DSC00333.jpg",
        "surveyor_comment": null,
        "survey_date": "2023-4-4",
        "station_source": "Native (Survey / POW)",
        "native_station": " (1+608)"
      },
      "geometry": {
        "type": "Point",
        "coordinates": [
          121.279205,
          13.265628
        ]
      }
    },
    {
      "type": "Feature",
      "properties": {
        "id": 555,
        "name": "MAPALO LATERAL AN-1 BULLCART 4 (1+874)",
        "type": "Thresher Crossing",
        "Structure_Category": "Thresher Crossing",
        "canal_name": "MAPALO LATERAL AN1",
        "station": "STA 1+874.0",
        "station_m": 1874,
        "offset_m": 4.75,
        "elevation": 18.87,
        "desc": "",
        "comment": "",
        "elevation_m": 18.87,
        "photo_filename": "DSC00337.jpg",
        "photo_path": "DSC00337.jpg",
        "surveyor_comment": null,
        "survey_date": "2023-4-4",
        "station_source": "Native (Survey / POW)",
        "native_station": " (1+874)"
      },
      "geometry": {
        "type": "Point",
        "coordinates": [
          121.2812,
          13.266503
        ]
      }
    },
    {
      "type": "Feature",
      "properties": {
        "id": 563,
        "name": "MAPALO LATERAL AN-1 TO 5 (2+622)",
        "type": "Turnout",
        "Structure_Category": "Turnout (TO)",
        "canal_name": "MAPALO LATERAL AN1",
        "station": "STA 2+622.0",
        "station_m": 2622,
        "offset_m": 1.29,
        "elevation": 21.23,
        "desc": "",
        "comment": "",
        "elevation_m": 21.23,
        "photo_filename": "DSC00345.jpg",
        "photo_path": "DSC00345.jpg",
        "surveyor_comment": null,
        "survey_date": "2023-4-4",
        "station_source": "Native (Survey / POW)",
        "native_station": " (2+622)"
      },
      "geometry": {
        "type": "Point",
        "coordinates": [
          121.286898,
          13.26869
        ]
      }
    },
    {
      "type": "Feature",
      "properties": {
        "id": 564,
        "name": "MAPALO LATERAL AN-1 TURN IN (2+811)",
        "type": "Other Structures",
        "Structure_Category": "Other Structures",
        "canal_name": "MAPALO LATERAL AN1",
        "station": "STA 2+811.0",
        "station_m": 2811,
        "offset_m": 8.26,
        "elevation": 22.94,
        "desc": "",
        "comment": "",
        "elevation_m": 22.94,
        "photo_filename": "DSC00346.jpg",
        "photo_path": "DSC00346.jpg",
        "surveyor_comment": null,
        "survey_date": "2023-4-4",
        "station_source": "Native (Survey / POW)",
        "native_station": " (2+811)"
      },
      "geometry": {
        "type": "Point",
        "coordinates": [
          121.288618,
          13.268907
        ]
      }
    },
    {
      "type": "Feature",
      "properties": {
        "id": 558,
        "name": "MAPALO LATERAL AN-1 TO 3 (1+984)",
        "type": "Turnout",
        "Structure_Category": "Turnout (TO)",
        "canal_name": "MAPALO LATERAL AN1",
        "station": "STA 1+984.0",
        "station_m": 1984,
        "offset_m": 8.58,
        "elevation": 19.7,
        "desc": "",
        "comment": "",
        "elevation_m": 19.7,
        "photo_filename": "DSC00340.jpg",
        "photo_path": "DSC00340.jpg",
        "surveyor_comment": null,
        "survey_date": "2023-4-4",
        "station_source": "Native (Survey / POW)",
        "native_station": " (1+984)"
      },
      "geometry": {
        "type": "Point",
        "coordinates": [
          121.281822,
          13.267278
        ]
      }
    },
    {
      "type": "Feature",
      "properties": {
        "id": 559,
        "name": "MAPALO LATERAL AN-1 OUTLET (2+007.5)",
        "type": "Outlet",
        "Structure_Category": "Outlet",
        "canal_name": "MAPALO LATERAL AN1",
        "station": "STA 2+007.5",
        "station_m": 2007.5,
        "offset_m": 5.34,
        "elevation": 19.21,
        "desc": "",
        "comment": "",
        "elevation_m": 19.21,
        "photo_filename": "DSC00341.jpg",
        "photo_path": "DSC00341.jpg",
        "surveyor_comment": null,
        "survey_date": "2023-4-4",
        "station_source": "Native (Survey / POW)",
        "native_station": " (2+007.5)"
      },
      "geometry": {
        "type": "Point",
        "coordinates": [
          121.281972,
          13.267454
        ]
      }
    },
    {
      "type": "Feature",
      "properties": {
        "id": 560,
        "name": "MAPALO LATERAL AN-1 BULLCART 5 (2+320.8)",
        "type": "Thresher Crossing",
        "Structure_Category": "Thresher Crossing",
        "canal_name": "MAPALO LATERAL AN1",
        "station": "STA 2+320.8",
        "station_m": 2320.8,
        "offset_m": 0.47,
        "elevation": 20.86,
        "desc": "",
        "comment": "",
        "elevation_m": 20.86,
        "photo_filename": "DSC00342.jpg",
        "photo_path": "DSC00342.jpg",
        "surveyor_comment": null,
        "survey_date": "2023-4-4",
        "station_source": "Native (Survey / POW)",
        "native_station": " (2+320.8)"
      },
      "geometry": {
        "type": "Point",
        "coordinates": [
          121.284085,
          13.26878
        ]
      }
    },
    {
      "type": "Feature",
      "properties": {
        "id": 565,
        "name": "MAPALO LATERAL AN-1 TO 6 (2+858.6)",
        "type": "Turnout",
        "Structure_Category": "Turnout (TO)",
        "canal_name": "MAPALO LATERAL AN1",
        "station": "STA 2+858.6",
        "station_m": 2858.6,
        "offset_m": 2.77,
        "elevation": 24.1,
        "desc": "",
        "comment": "",
        "elevation_m": 24.1,
        "photo_filename": "DSC00347.jpg",
        "photo_path": "DSC00347.jpg",
        "surveyor_comment": null,
        "survey_date": "2023-4-4",
        "station_source": "Native (Survey / POW)",
        "native_station": " (2+858.6)"
      },
      "geometry": {
        "type": "Point",
        "coordinates": [
          121.289,
          13.269136
        ]
      }
    },
    {
      "type": "Feature",
      "properties": {
        "id": 561,
        "name": "MAPALO LATERAL AN-1 TO 4 (2+546)",
        "type": "Turnout",
        "Structure_Category": "Turnout (TO)",
        "canal_name": "MAPALO LATERAL AN1",
        "station": "STA 2+546.0",
        "station_m": 2546,
        "offset_m": 0.38,
        "elevation": 23.48,
        "desc": "",
        "comment": "",
        "elevation_m": 23.48,
        "photo_filename": "DSC00343.jpg",
        "photo_path": "DSC00343.jpg",
        "surveyor_comment": null,
        "survey_date": "2023-4-4",
        "station_source": "Native (Survey / POW)",
        "native_station": " (2+546)"
      },
      "geometry": {
        "type": "Point",
        "coordinates": [
          121.286176,
          13.268716
        ]
      }
    },
    {
      "type": "Feature",
      "properties": {
        "id": 562,
        "name": "MAPALO LATERAL AN-1 OUTLET (2+555)",
        "type": "Outlet",
        "Structure_Category": "Outlet",
        "canal_name": "MAPALO LATERAL AN1",
        "station": "STA 2+555.0",
        "station_m": 2555,
        "offset_m": 1.27,
        "elevation": 20.54,
        "desc": "",
        "comment": "",
        "elevation_m": 20.54,
        "photo_filename": "DSC00344.jpg",
        "photo_path": "DSC00344.jpg",
        "surveyor_comment": null,
        "survey_date": "2023-4-4",
        "station_source": "Native (Survey / POW)",
        "native_station": " (2+555)"
      },
      "geometry": {
        "type": "Point",
        "coordinates": [
          121.28628,
          13.268725
        ]
      }
    },
    {
      "type": "Feature",
      "properties": {
        "id": 344,
        "name": "MAPALO LATERAL AS OUTLET (0+586)",
        "type": "Outlet",
        "Structure_Category": "Outlet",
        "canal_name": "MAPALO LATERAL AS",
        "station": "STA 0+586.0",
        "station_m": 586,
        "offset_m": 1.91,
        "elevation": 16.85,
        "desc": "",
        "comment": "2023-04-01 9:23:12am",
        "elevation_m": 16.85,
        "photo_filename": "DSC00363.jpg",
        "photo_path": "DSC00363.jpg",
        "surveyor_comment": "2023-04-01 9:23:12am",
        "survey_date": "2023-4-1",
        "station_source": "Native (Survey / POW)",
        "native_station": " (0+586)"
      },
      "geometry": {
        "type": "Point",
        "coordinates": [
          121.256546,
          13.246262
        ]
      }
    },
    {
      "type": "Feature",
      "properties": {
        "id": 566,
        "name": "MAPALO LATERAL AN-1 OUTLET (2+867.7)",
        "type": "Outlet",
        "Structure_Category": "Outlet",
        "canal_name": "MAPALO LATERAL AN1",
        "station": "STA 2+867.7",
        "station_m": 2867.7,
        "offset_m": 7.61,
        "elevation": 24.1,
        "desc": "",
        "comment": "",
        "elevation_m": 24.1,
        "photo_filename": "DSC00348.jpg",
        "photo_path": "DSC00348.jpg",
        "surveyor_comment": null,
        "survey_date": "2023-4-4",
        "station_source": "Native (Survey / POW)",
        "native_station": " (2+867.7)"
      },
      "geometry": {
        "type": "Point",
        "coordinates": [
          121.289108,
          13.269137
        ]
      }
    },
    {
      "type": "Feature",
      "properties": {
        "id": 429,
        "name": "MAPALO LATERAL AN-1 OUTLET (3+599.5)",
        "type": "Outlet",
        "Structure_Category": "Outlet",
        "canal_name": "MAPALO LATERAL AN1",
        "station": "STA 3+599.5",
        "station_m": 3599.5,
        "offset_m": 2.67,
        "elevation": 157.26,
        "desc": "",
        "comment": "",
        "elevation_m": 157.26,
        "photo_filename": "DSC00350.jpg",
        "photo_path": "DSC00350.jpg",
        "surveyor_comment": null,
        "survey_date": "2023-4-11",
        "station_source": "Native (Survey / POW)",
        "native_station": " (3+599.5)"
      },
      "geometry": {
        "type": "Point",
        "coordinates": [
          121.295539,
          13.27088
        ]
      }
    },
    {
      "type": "Feature",
      "properties": {
        "id": 430,
        "name": "MAPALO LATERAL AN-1 INLET (4+076.2)",
        "type": "Inlet",
        "Structure_Category": "Inlet",
        "canal_name": "MAPALO LATERAL AN1",
        "station": "STA 4+076.2",
        "station_m": 4076.2,
        "offset_m": 3.86,
        "elevation": 122.34,
        "desc": "",
        "comment": "",
        "elevation_m": 122.34,
        "photo_filename": "DSC00352.jpg",
        "photo_path": "DSC00352.jpg",
        "surveyor_comment": null,
        "survey_date": "2023-4-11",
        "station_source": "Native (Survey / POW)",
        "native_station": " (4+076.2)"
      },
      "geometry": {
        "type": "Point",
        "coordinates": [
          121.298247,
          13.274078
        ]
      }
    },
    {
      "type": "Feature",
      "properties": {
        "id": 437,
        "name": "MAPALO LATERAL AN-1 ROAD CROSSING INLET (5+104.9)",
        "type": "Road Crossing",
        "Structure_Category": "Road Crossing",
        "canal_name": "MAPALO LATERAL AN1",
        "station": "STA 5+104.9",
        "station_m": 5104.9,
        "offset_m": 0.2,
        "elevation": -1.82,
        "desc": "",
        "comment": "",
        "elevation_m": -1.82,
        "photo_filename": "DSC00359.jpg",
        "photo_path": "DSC00359.jpg",
        "surveyor_comment": null,
        "survey_date": "2023-4-11",
        "station_source": "Native (Survey / POW)",
        "native_station": " (5+104.9)"
      },
      "geometry": {
        "type": "Point",
        "coordinates": [
          121.304846,
          13.27999
        ]
      }
    },
    {
      "type": "Feature",
      "properties": {
        "id": 350,
        "name": "MAPALO LATERAL AS CULVERT (1+646.8)",
        "type": "Conduit",
        "Structure_Category": "Other Structures",
        "canal_name": "MAPALO LATERAL AS",
        "station": "STA 1+646.8",
        "station_m": 1646.8,
        "offset_m": 5.93,
        "elevation": 17.67,
        "desc": "",
        "comment": "2023-04-01 9:49:46am",
        "elevation_m": 17.67,
        "photo_filename": "DSC00369.jpg",
        "photo_path": "DSC00369.jpg",
        "surveyor_comment": "2023-04-01 9:49:46am",
        "survey_date": "2023-4-1",
        "station_source": "Native (Survey / POW)",
        "native_station": " (1+646.8)"
      },
      "geometry": {
        "type": "Point",
        "coordinates": [
          121.265183,
          13.249682
        ]
      }
    },
    {
      "type": "Feature",
      "properties": {
        "id": 442,
        "name": "MAPALO LATERAL AN-1 TO 10 (5+450.6)",
        "type": "Turnout",
        "Structure_Category": "Turnout (TO)",
        "canal_name": "MAPALO LATERAL AN1",
        "station": "STA 5+450.6",
        "station_m": 5450.6,
        "offset_m": 4.47,
        "elevation": 4.95,
        "desc": "",
        "comment": "",
        "elevation_m": 4.95,
        "photo_filename": "DSC00364.jpg",
        "photo_path": "DSC00364.jpg",
        "surveyor_comment": null,
        "survey_date": "2023-4-11",
        "station_source": "Native (Survey / POW)",
        "native_station": " (5+450.6)"
      },
      "geometry": {
        "type": "Point",
        "coordinates": [
          121.307534,
          13.281569
        ]
      }
    },
    {
      "type": "Feature",
      "properties": {
        "id": 447,
        "name": "MAPALO LATERAL AN-1 ROAD CROSSING OUTLET (5+981.6)",
        "type": "Road Crossing",
        "Structure_Category": "Road Crossing",
        "canal_name": "MAPALO LATERAL AN1",
        "station": "STA 5+981.6",
        "station_m": 5981.6,
        "offset_m": 7.21,
        "elevation": -9.92,
        "desc": "",
        "comment": "",
        "elevation_m": -9.92,
        "photo_filename": "DSC00369.jpg",
        "photo_path": "DSC00369.jpg",
        "surveyor_comment": null,
        "survey_date": "2023-4-11",
        "station_source": "Native (Survey / POW)",
        "native_station": " (5+981.6)"
      },
      "geometry": {
        "type": "Point",
        "coordinates": [
          121.311742,
          13.283999
        ]
      }
    },
    {
      "type": "Feature",
      "properties": {
        "id": 400,
        "name": "MAPALO LATERAL AN-1A ROAD CROSSING (0+472.2)",
        "type": "Road Crossing",
        "Structure_Category": "Road Crossing",
        "canal_name": "MAPALO LATERAL AN1-1",
        "station": "STA 0+472.2",
        "station_m": 472.2,
        "offset_m": 2.69,
        "elevation": 22.76,
        "desc": "",
        "comment": "2023-04-11 12:56:41pm",
        "elevation_m": 22.76,
        "photo_filename": "DSC00462.jpg",
        "photo_path": "DSC00462.jpg",
        "surveyor_comment": "2023-04-11 12:56:41pm",
        "survey_date": "2023-4-11",
        "station_source": "Native (Survey / POW)",
        "native_station": " (0+472.2)"
      },
      "geometry": {
        "type": "Point",
        "coordinates": [
          121.279511,
          13.269782
        ]
      }
    },
    {
      "type": "Feature",
      "properties": {
        "id": 407,
        "name": "MAPALO LATERAL AN-1A INLET ROAD CROSSING (1+164.2)",
        "type": "Road Crossing",
        "Structure_Category": "Road Crossing",
        "canal_name": "MAPALO LATERAL AN1-1",
        "station": "STA 1+164.2",
        "station_m": 1164.2,
        "offset_m": 1.01,
        "elevation": 22.21,
        "desc": "",
        "comment": "2023-04-11 1:14:50pm",
        "elevation_m": 22.21,
        "photo_filename": "DSC00469.jpg",
        "photo_path": "DSC00469.jpg",
        "surveyor_comment": "2023-04-11 1:14:50pm",
        "survey_date": "2023-4-11",
        "station_source": "Native (Survey / POW)",
        "native_station": " (1+164.2)"
      },
      "geometry": {
        "type": "Point",
        "coordinates": [
          121.284133,
          13.273982
        ]
      }
    },
    {
      "type": "Feature",
      "properties": {
        "id": 414,
        "name": "MAPALO LATERAL AN-1A TO 5 (2+389.6)",
        "type": "Turnout",
        "Structure_Category": "Turnout (TO)",
        "canal_name": "MAPALO LATERAL AN1-1",
        "station": "STA 2+389.6",
        "station_m": 2389.6,
        "offset_m": 2,
        "elevation": 17.15,
        "desc": "",
        "comment": "2023-04-11 1:44:05pm",
        "elevation_m": 17.15,
        "photo_filename": "DSC00476.jpg",
        "photo_path": "DSC00476.jpg",
        "surveyor_comment": "2023-04-11 1:44:05pm",
        "survey_date": "2023-4-11",
        "station_source": "Native (Survey / POW)",
        "native_station": " (2+389.6)"
      },
      "geometry": {
        "type": "Point",
        "coordinates": [
          121.293416,
          13.279506
        ]
      }
    },
    {
      "type": "Feature",
      "properties": {
        "id": 355,
        "name": "MAPALO LATERAL AS  END OF CANAL (2+266.3)",
        "type": "Other Structures",
        "Structure_Category": "Other Structures",
        "canal_name": "Off-Canal",
        "station": "STA 2+266.3",
        "station_m": 2266.3,
        "offset_m": 410.35,
        "elevation": 25.6,
        "desc": "",
        "comment": "2023-04-01 10:54:26am",
        "elevation_m": 25.6,
        "photo_filename": "DSC00374.jpg",
        "photo_path": "DSC00374.jpg",
        "surveyor_comment": "2023-04-01 10:54:26am",
        "survey_date": "2023-4-1",
        "station_source": "Native (Survey / POW)",
        "native_station": " (2+266.3)"
      },
      "geometry": {
        "type": "Point",
        "coordinates": [
          121.269608,
          13.249714
        ]
      }
    },
    {
      "type": "Feature",
      "properties": {
        "id": 367,
        "name": "MAPALO LATERAL AS-1 BULLCART 5 (0+404.6)",
        "type": "Thresher Crossing",
        "Structure_Category": "Thresher Crossing",
        "canal_name": "Off-Canal",
        "station": "STA 0+404.6",
        "station_m": 404.6,
        "offset_m": 243.07,
        "elevation": 28.63,
        "desc": "",
        "comment": "2023-04-01 12:21:43pm",
        "elevation_m": 28.63,
        "photo_filename": "DSC00387.jpg",
        "photo_path": "DSC00387.jpg",
        "surveyor_comment": "2023-04-01 12:21:43pm",
        "survey_date": "2023-4-1",
        "station_source": "Native (Survey / POW)",
        "native_station": " (0+404.6)"
      },
      "geometry": {
        "type": "Point",
        "coordinates": [
          121.256944,
          13.24359
        ]
      }
    },
    {
      "type": "Feature",
      "properties": {
        "id": 374,
        "name": "MAPALO LATERAL AS-1 END OF CANAL (0+842)",
        "type": "Other Structures",
        "Structure_Category": "Other Structures",
        "canal_name": "Off-Canal",
        "station": "STA 0+842.0",
        "station_m": 842,
        "offset_m": 436.97,
        "elevation": 29.82,
        "desc": "",
        "comment": "2023-04-01 12:37:17pm",
        "elevation_m": 29.82,
        "photo_filename": "DSC00394.jpg",
        "photo_path": "DSC00394.jpg",
        "surveyor_comment": "2023-04-01 12:37:17pm",
        "survey_date": "2023-4-1",
        "station_source": "Native (Survey / POW)",
        "native_station": " (0+842)"
      },
      "geometry": {
        "type": "Point",
        "coordinates": [
          121.260647,
          13.244757
        ]
      }
    },
    {
      "type": "Feature",
      "properties": {
        "id": 466,
        "name": "MAPALO LATERAL BS START OF LINED CANAL (1+012.4)",
        "type": "Other Structures",
        "Structure_Category": "Other Structures",
        "canal_name": "MAPALO LATERAL BS",
        "station": "STA 1+012.4",
        "station_m": 1012.4,
        "offset_m": 4.63,
        "elevation": 10.33,
        "desc": "",
        "comment": "",
        "elevation_m": 10.33,
        "photo_filename": "DSC00387.jpg",
        "photo_path": "DSC00387.jpg",
        "surveyor_comment": null,
        "survey_date": "2023-4-13",
        "station_source": "Native (Survey / POW)",
        "native_station": " (1+012.4)"
      },
      "geometry": {
        "type": "Point",
        "coordinates": [
          121.282196,
          13.240504
        ]
      }
    },
    {
      "type": "Feature",
      "properties": {
        "id": 471,
        "name": "MAPALO LATERAL BS ROAD CROSSING (1+557)",
        "type": "Road Crossing",
        "Structure_Category": "Road Crossing",
        "canal_name": "MAPALO LATERAL BS",
        "station": "STA 1+557.0",
        "station_m": 1557,
        "offset_m": 3.99,
        "elevation": 13.92,
        "desc": "",
        "comment": "",
        "elevation_m": 13.92,
        "photo_filename": "DSC00392.jpg",
        "photo_path": "DSC00392.jpg",
        "surveyor_comment": null,
        "survey_date": "2023-4-13",
        "station_source": "Native (Survey / POW)",
        "native_station": " (1+557)"
      },
      "geometry": {
        "type": "Point",
        "coordinates": [
          121.28684,
          13.241158
        ]
      }
    },
    {
      "type": "Feature",
      "properties": {
        "id": 475,
        "name": "MAPALO LATERAL BS BULLCART 5 (1+932.6)",
        "type": "Thresher Crossing",
        "Structure_Category": "Thresher Crossing",
        "canal_name": "MAPALO LATERAL BS",
        "station": "STA 1+932.6",
        "station_m": 1932.6,
        "offset_m": 5.58,
        "elevation": 7.9,
        "desc": "",
        "comment": "",
        "elevation_m": 7.9,
        "photo_filename": "DSC00396.jpg",
        "photo_path": "DSC00396.jpg",
        "surveyor_comment": null,
        "survey_date": "2023-4-13",
        "station_source": "Native (Survey / POW)",
        "native_station": " (1+932.6)"
      },
      "geometry": {
        "type": "Point",
        "coordinates": [
          121.290076,
          13.241829
        ]
      }
    },
    {
      "type": "Feature",
      "properties": {
        "id": 554,
        "name": "MAPALO LATERAL AN-1 END OF DAMAGED CANAL (1+747.4)",
        "type": "Other Structures",
        "Structure_Category": "Diversion Dam / Weir",
        "canal_name": "MAPALO LATERAL AN1",
        "station": "STA 1+747.4",
        "station_m": 1747.4,
        "offset_m": 8.14,
        "elevation": 18.76,
        "desc": "",
        "comment": "",
        "elevation_m": 18.76,
        "photo_filename": "DSC00336.jpg",
        "photo_path": "DSC00336.jpg",
        "surveyor_comment": null,
        "survey_date": "2023-4-4",
        "station_source": "Native (Survey / POW)",
        "native_station": " (1+747.4)"
      },
      "geometry": {
        "type": "Point",
        "coordinates": [
          121.280411,
          13.265638
        ]
      }
    },
    {
      "type": "Feature",
      "properties": {
        "id": 553,
        "name": "MAPALO LATERAL AN-1 START OF DAMAGED CANAL (1+730.5)",
        "type": "Other Structures",
        "Structure_Category": "Diversion Dam / Weir",
        "canal_name": "MAPALO LATERAL AN1",
        "station": "STA 1+730.5",
        "station_m": 1730.5,
        "offset_m": 9.26,
        "elevation": 18.91,
        "desc": "",
        "comment": "",
        "elevation_m": 18.91,
        "photo_filename": "DSC00335.jpg",
        "photo_path": "DSC00335.jpg",
        "surveyor_comment": null,
        "survey_date": "2023-4-4",
        "station_source": "Native (Survey / POW)",
        "native_station": " (1+730.5)"
      },
      "geometry": {
        "type": "Point",
        "coordinates": [
          121.280273,
          13.265516
        ]
      }
    },
    {
      "type": "Feature",
      "properties": {
        "id": 557,
        "name": "MAPALO LATERAL AN-1 DAMAGED CANAL (1+963.2)",
        "type": "Other Structures",
        "Structure_Category": "Diversion Dam / Weir",
        "canal_name": "MAPALO LATERAL AN1",
        "station": "STA 1+963.2",
        "station_m": 1963.2,
        "offset_m": 8.33,
        "elevation": 20.23,
        "desc": "",
        "comment": "",
        "elevation_m": 20.23,
        "photo_filename": "DSC00339.jpg",
        "photo_path": "DSC00339.jpg",
        "surveyor_comment": null,
        "survey_date": "2023-4-4",
        "station_source": "Native (Survey / POW)",
        "native_station": " (1+963.2)"
      },
      "geometry": {
        "type": "Point",
        "coordinates": [
          121.281694,
          13.267126
        ]
      }
    },
    {
      "type": "Feature",
      "properties": {
        "id": 481,
        "name": "MAPALO LATERAL BS BULLCART 8 (2+472.7)",
        "type": "Thresher Crossing",
        "Structure_Category": "Thresher Crossing",
        "canal_name": "MAPALO LATERAL BS",
        "station": "STA 2+472.7",
        "station_m": 2472.7,
        "offset_m": 0.48,
        "elevation": 21.48,
        "desc": "",
        "comment": "",
        "elevation_m": 21.48,
        "photo_filename": "DSC00402.jpg",
        "photo_path": "DSC00402.jpg",
        "surveyor_comment": null,
        "survey_date": "2023-4-13",
        "station_source": "Native (Survey / POW)",
        "native_station": " (2+472.7)"
      },
      "geometry": {
        "type": "Point",
        "coordinates": [
          121.294796,
          13.242535
        ]
      }
    },
    {
      "type": "Feature",
      "properties": {
        "id": 486,
        "name": "MAPALO LATERAL BS OUTLET (3+138.8)",
        "type": "Outlet",
        "Structure_Category": "Outlet",
        "canal_name": "MAPALO LATERAL BS",
        "station": "STA 3+138.8",
        "station_m": 3138.8,
        "offset_m": 2.51,
        "elevation": 19.96,
        "desc": "",
        "comment": "",
        "elevation_m": 19.96,
        "photo_filename": "DSC00407.jpg",
        "photo_path": "DSC00407.jpg",
        "surveyor_comment": null,
        "survey_date": "2023-4-13",
        "station_source": "Native (Survey / POW)",
        "native_station": " (3+138.8)"
      },
      "geometry": {
        "type": "Point",
        "coordinates": [
          121.300537,
          13.243506
        ]
      }
    },
    {
      "type": "Feature",
      "properties": {
        "id": 490,
        "name": "MAPALO LATERAL BS TO 8 (3+562.4)",
        "type": "Turnout",
        "Structure_Category": "Turnout (TO)",
        "canal_name": "MAPALO LATERAL BS",
        "station": "STA 3+562.4",
        "station_m": 3562.4,
        "offset_m": 1.01,
        "elevation": 18.29,
        "desc": "",
        "comment": "",
        "elevation_m": 18.29,
        "photo_filename": "DSC00411.jpg",
        "photo_path": "DSC00411.jpg",
        "surveyor_comment": null,
        "survey_date": "2023-4-13",
        "station_source": "Native (Survey / POW)",
        "native_station": " (3+562.4)"
      },
      "geometry": {
        "type": "Point",
        "coordinates": [
          121.303624,
          13.245679
        ]
      }
    },
    {
      "type": "Feature",
      "properties": {
        "id": 358,
        "name": "MAPALO LATERAL SOUTH MAIN CANAL OUTLET (3+302.8)",
        "type": "Outlet",
        "Structure_Category": "Outlet",
        "canal_name": "Off-Canal",
        "station": "STA 3+302.8",
        "station_m": 3302.8,
        "offset_m": 1752.04,
        "elevation": 10.24,
        "desc": "",
        "comment": "2023-04-01 11:21:53am",
        "elevation_m": 10.24,
        "photo_filename": "DSC00377.jpg",
        "photo_path": "DSC00377.jpg",
        "surveyor_comment": "2023-04-01 11:21:53am",
        "survey_date": "2023-4-1",
        "station_source": "Native (Survey / POW)",
        "native_station": " (3+302.8)"
      },
      "geometry": {
        "type": "Point",
        "coordinates": [
          121.274261,
          13.246116
        ]
      }
    },
    {
      "type": "Feature",
      "properties": {
        "id": 549,
        "name": "MAPALO LATERAL AN-1 INLET (1+541.5)",
        "type": "Inlet",
        "Structure_Category": "Inlet",
        "canal_name": "MAPALO LATERAL AN1",
        "station": "STA 1+541.5",
        "station_m": 1541.5,
        "offset_m": 0.27,
        "elevation": 25.62,
        "desc": "",
        "comment": "",
        "elevation_m": 25.62,
        "photo_filename": "DSC00331.jpg",
        "photo_path": "DSC00331.jpg",
        "surveyor_comment": null,
        "survey_date": "2023-4-4",
        "station_source": "Native (Survey / POW)",
        "native_station": " (1+541.5)"
      },
      "geometry": {
        "type": "Point",
        "coordinates": [
          121.27864,
          13.265752
        ]
      }
    },
    {
      "type": "Feature",
      "properties": {
        "id": 556,
        "name": "MAPALO LATERAL AN-1 DAMAGED CANAL (1+957.6)",
        "type": "Other Structures",
        "Structure_Category": "Diversion Dam / Weir",
        "canal_name": "MAPALO LATERAL AN1",
        "station": "STA 1+957.6",
        "station_m": 1957.6,
        "offset_m": 10.64,
        "elevation": 20.35,
        "desc": "",
        "comment": "",
        "elevation_m": 20.35,
        "photo_filename": "DSC00338.jpg",
        "photo_path": "DSC00338.jpg",
        "surveyor_comment": null,
        "survey_date": "2023-4-4",
        "station_source": "Native (Survey / POW)",
        "native_station": " (1+957.6)"
      },
      "geometry": {
        "type": "Point",
        "coordinates": [
          121.281617,
          13.267069
        ]
      }
    }
  ]
}