{
  "type": "FeatureCollection",
  "name": "Malatgao_RIS_canals",
  "crs": {
    "type": "name",
    "properties": {
      "name": "urn:ogc:def:crs:OGC:1.3:CRS84"
    }
  },
  "features": [
    {
      "type": "Feature",
      "geometry": {
        "type": "LineString",
        "coordinates": [
          [
            118.49245,
            9.365459
          ],
          [
            118.49248,
            9.365471
          ],
          [
            118.492484,
            9.365475
          ],
          [
            118.492588,
            9.365482
          ],
          [
            118.492778,
            9.36541
          ],
          [
            118.49503,
            9.364774
          ],
          [
            118.496324,
            9.364588
          ],
          [
            118.497494,
            9.364243
          ],
          [
            118.498476,
            9.363933
          ],
          [
            118.50123,
            9.363177
          ],
          [
            118.503995,
            9.362514
          ],
          [
            118.505212,
            9.362112
          ],
          [
            118.505261,
            9.362087
          ],
          [
            118.5056019,
            9.3619449
          ],
          [
            118.5056506,
            9.3619109
          ],
          [
            118.5057655,
            9.3618258
          ],
          [
            118.505973,
            9.361668
          ],
          [
            118.506304,
            9.361243
          ],
          [
            118.506649,
            9.36067
          ],
          [
            118.5068644,
            9.3603767
          ],
          [
            118.5072227,
            9.3601143
          ],
          [
            118.50773,
            9.359766
          ],
          [
            118.5084631,
            9.3592304
          ],
          [
            118.508493,
            9.3592135
          ],
          [
            118.508575,
            9.359197
          ],
          [
            118.5087306,
            9.3591635
          ],
          [
            118.5088989,
            9.3591636
          ],
          [
            118.5091324,
            9.359191
          ],
          [
            118.509301,
            9.359232
          ],
          [
            118.5102418,
            9.3595556
          ],
          [
            118.5104689,
            9.3596094
          ],
          [
            118.510695,
            9.359614
          ],
          [
            118.512313,
            9.35964
          ],
          [
            118.513786,
            9.359627
          ]
        ]
      },
      "properties": {
        "id": 686,
        "canal_id": 686,
        "canal": "LATERAL A-NORTH-2",
        "canaltype": "Lateral",
        "remarks": "LATERAL A-NORTH-2",
        "canal_type": "Lateral",
        "canal_leng": 2540.82,
        "station_no": "STA 0+000",
        "station__1": "STA 2+540.8",
        "station__2": null,
        "reversal_applied": false,
        "survey_length": "2,529",
        "canal_lining": "Unspecified"
      }
    },
    {
      "type": "Feature",
      "geometry": {
        "type": "LineString",
        "coordinates": [
          [
            118.473941,
            9.372613
          ],
          [
            118.474303,
            9.372294
          ],
          [
            118.474589,
            9.372007
          ],
          [
            118.47554,
            9.37124
          ],
          [
            118.476198,
            9.370456
          ]
        ]
      },
      "properties": {
        "id": 689,
        "canal_id": 689,
        "canal": "AGKAKARUBA BRASS DAM",
        "canaltype": "Main Canal",
        "remarks": "AGKAKARUBA BRASS DAM",
        "canal_type": "Main",
        "canal_leng": 346.19,
        "station_no": "STA 0+000",
        "station__1": "STA 0+346.2",
        "station__2": null,
        "reversal_applied": false,
        "survey_length": "346",
        "canal_lining": "Unspecified"
      }
    },
    {
      "type": "Feature",
      "geometry": {
        "type": "LineString",
        "coordinates": [
          [
            118.42375,
            9.351242
          ],
          [
            118.423639,
            9.351102
          ],
          [
            118.4233944,
            9.3507866
          ],
          [
            118.42314,
            9.350021
          ],
          [
            118.423096,
            9.34994
          ],
          [
            118.422835,
            9.349176
          ],
          [
            118.422745,
            9.348904
          ],
          [
            118.422227,
            9.347325
          ],
          [
            118.422047,
            9.346826
          ],
          [
            118.421761,
            9.345969
          ],
          [
            118.421582,
            9.345403
          ],
          [
            118.421284,
            9.34455
          ],
          [
            118.4211249,
            9.344025
          ],
          [
            118.4210429,
            9.3439026
          ],
          [
            118.4209922,
            9.3438402
          ],
          [
            118.4209944,
            9.3438402
          ],
          [
            118.420115,
            9.343041
          ],
          [
            118.419937,
            9.342911
          ],
          [
            118.419067,
            9.342111
          ],
          [
            118.4189587,
            9.3420159
          ],
          [
            118.4188793,
            9.3419456
          ],
          [
            118.418799,
            9.341872
          ],
          [
            118.418749,
            9.341779
          ],
          [
            118.418678,
            9.341748
          ],
          [
            118.418653,
            9.341718
          ],
          [
            118.4185389,
            9.3416397
          ],
          [
            118.418431,
            9.341534
          ],
          [
            118.4183297,
            9.3414156
          ],
          [
            118.418274,
            9.341326
          ],
          [
            118.4181395,
            9.3410426
          ],
          [
            118.4179196,
            9.3404777
          ],
          [
            118.4175135,
            9.339574
          ],
          [
            118.4174464,
            9.3393757
          ],
          [
            118.417436,
            9.339306
          ],
          [
            118.4173161,
            9.3377857
          ],
          [
            118.4171743,
            9.3361721
          ],
          [
            118.4171582,
            9.335927
          ],
          [
            118.4171588,
            9.3357184
          ],
          [
            118.4171794,
            9.3356228
          ],
          [
            118.4171972,
            9.3355699
          ],
          [
            118.4172551,
            9.3354045
          ],
          [
            118.417358,
            9.3353
          ],
          [
            118.417435,
            9.335251
          ],
          [
            118.4183544,
            9.3346073
          ],
          [
            118.4186029,
            9.3344529
          ],
          [
            118.4187501,
            9.3343462
          ],
          [
            118.4188324,
            9.334276
          ],
          [
            118.418884,
            9.334235
          ],
          [
            118.418978,
            9.334079
          ],
          [
            118.4190027,
            9.33388
          ],
          [
            118.4189979,
            9.3337522
          ],
          [
            118.4189428,
            9.3332107
          ],
          [
            118.418828,
            9.332683
          ],
          [
            118.418798,
            9.3325637
          ],
          [
            118.4187507,
            9.3324109
          ],
          [
            118.4187279,
            9.3323542
          ],
          [
            118.4186622,
            9.3322128
          ],
          [
            118.4186307,
            9.3321666
          ],
          [
            118.418551,
            9.332067
          ],
          [
            118.418141,
            9.331559
          ],
          [
            118.418091,
            9.331515
          ],
          [
            118.4177353,
            9.3310908
          ],
          [
            118.4176996,
            9.3310371
          ],
          [
            118.417666,
            9.3309856
          ],
          [
            118.4175674,
            9.3308214
          ],
          [
            118.4174748,
            9.3305243
          ],
          [
            118.4174513,
            9.3303515
          ],
          [
            118.4174415,
            9.3301193
          ],
          [
            118.4174585,
            9.3299684
          ],
          [
            118.417566,
            9.3294465
          ],
          [
            118.417571,
            9.329402
          ],
          [
            118.41779,
            9.328549
          ],
          [
            118.41782,
            9.328398
          ],
          [
            118.418535,
            9.325625
          ],
          [
            118.418545,
            9.325606
          ]
        ]
      },
      "properties": {
        "id": 697,
        "canal_id": 697,
        "canal": "LATERAL A-SOUTH",
        "canaltype": "Lateral",
        "remarks": "LATERAL A-SOUTH",
        "canal_type": "Lateral",
        "canal_leng": 3214.98,
        "station_no": "STA 0+000",
        "station__1": "STA 3+215.0",
        "station__2": null,
        "reversal_applied": false,
        "survey_length": "3,208.81",
        "canal_lining": "Unspecified"
      }
    },
    {
      "type": "Feature",
      "geometry": {
        "type": "LineString",
        "coordinates": [
          [
            118.424628,
            9.421855
          ],
          [
            118.424799,
            9.42183
          ],
          [
            118.4248601,
            9.4216742
          ],
          [
            118.4250644,
            9.4214682
          ],
          [
            118.4255457,
            9.4210657
          ],
          [
            118.425896,
            9.420795
          ],
          [
            118.4262911,
            9.4204707
          ],
          [
            118.4267159,
            9.4201313
          ],
          [
            118.4268939,
            9.4199676
          ],
          [
            118.427046,
            9.419724
          ],
          [
            118.427078,
            9.419662
          ],
          [
            118.4274161,
            9.4192217
          ],
          [
            118.427889,
            9.41868
          ],
          [
            118.4281588,
            9.418352
          ],
          [
            118.428285,
            9.4182078
          ],
          [
            118.428494,
            9.4179667
          ],
          [
            118.4285301,
            9.417915
          ],
          [
            118.4285685,
            9.4178485
          ],
          [
            118.4286541,
            9.4177005
          ],
          [
            118.4287221,
            9.4175045
          ],
          [
            118.42876,
            9.4174
          ],
          [
            118.4289152,
            9.4169215
          ],
          [
            118.429084,
            9.416511
          ],
          [
            118.429148,
            9.416383
          ],
          [
            118.4292542,
            9.4160934
          ],
          [
            118.4293317,
            9.4159028
          ],
          [
            118.4295287,
            9.4155157
          ],
          [
            118.4296188,
            9.415354
          ],
          [
            118.42967,
            9.415291
          ],
          [
            118.429683,
            9.415268
          ],
          [
            118.4298855,
            9.4148816
          ],
          [
            118.430035,
            9.4146004
          ],
          [
            118.4301079,
            9.4144374
          ],
          [
            118.4301101,
            9.4144374
          ],
          [
            118.430144,
            9.4143037
          ],
          [
            118.430152,
            9.4141867
          ],
          [
            118.4301383,
            9.4140843
          ],
          [
            118.4300076,
            9.4137547
          ],
          [
            118.4297769,
            9.4132003
          ],
          [
            118.4297551,
            9.4131404
          ],
          [
            118.4297304,
            9.4130656
          ],
          [
            118.42971,
            9.413016
          ],
          [
            118.429708,
            9.4129716
          ],
          [
            118.429729,
            9.412826
          ],
          [
            118.429731,
            9.412774
          ],
          [
            118.429736,
            9.412736
          ],
          [
            118.4297439,
            9.4126112
          ],
          [
            118.4297487,
            9.4125697
          ],
          [
            118.4297589,
            9.4125283
          ],
          [
            118.4297754,
            9.4124945
          ],
          [
            118.4298016,
            9.4124639
          ],
          [
            118.4298678,
            9.4123967
          ],
          [
            118.4300108,
            9.4122878
          ],
          [
            118.4301855,
            9.412207
          ],
          [
            118.430507,
            9.4120537
          ],
          [
            118.431318,
            9.411629
          ],
          [
            118.4317454,
            9.4113905
          ],
          [
            118.4321469,
            9.4111892
          ],
          [
            118.432774,
            9.410863
          ],
          [
            118.432813,
            9.410834
          ],
          [
            118.432875,
            9.410772
          ],
          [
            118.4340992,
            9.4101244
          ],
          [
            118.4347125,
            9.4097853
          ],
          [
            118.4349436,
            9.4096627
          ],
          [
            118.43504,
            9.409604
          ],
          [
            118.435073,
            9.409592
          ],
          [
            118.4357832,
            9.4092435
          ],
          [
            118.4361367,
            9.4091011
          ],
          [
            118.4364044,
            9.4089556
          ],
          [
            118.4365256,
            9.4088762
          ],
          [
            118.4368206,
            9.408616
          ],
          [
            118.437223,
            9.408225
          ],
          [
            118.437328,
            9.408115
          ],
          [
            118.437388,
            9.408047
          ],
          [
            118.4374836,
            9.4079241
          ],
          [
            118.4376674,
            9.4076476
          ],
          [
            118.43788,
            9.4072969
          ],
          [
            118.4380482,
            9.4070585
          ],
          [
            118.4381792,
            9.4068771
          ],
          [
            118.4383011,
            9.4067424
          ],
          [
            118.438845,
            9.40631
          ],
          [
            118.438883,
            9.406271
          ],
          [
            118.439147,
            9.4060827
          ],
          [
            118.4398232,
            9.4055293
          ],
          [
            118.439901,
            9.4054877
          ],
          [
            118.4400434,
            9.4054129
          ],
          [
            118.4403066,
            9.4052928
          ],
          [
            118.4407372,
            9.4051579
          ],
          [
            118.4413749,
            9.4049234
          ],
          [
            118.4418668,
            9.4046956
          ],
          [
            118.442295,
            9.404525
          ],
          [
            118.442366,
            9.404507
          ],
          [
            118.442541,
            9.404449
          ],
          [
            118.443837,
            9.4038949
          ],
          [
            118.4447299,
            9.4034977
          ],
          [
            118.4449712,
            9.4034071
          ],
          [
            118.4451316,
            9.4032729
          ],
          [
            118.445647,
            9.402816
          ],
          [
            118.445665,
            9.402788
          ],
          [
            118.4458519,
            9.4026307
          ],
          [
            118.4461027,
            9.4024721
          ],
          [
            118.4463369,
            9.4022707
          ],
          [
            118.4464417,
            9.4021273
          ],
          [
            118.446741,
            9.401048
          ],
          [
            118.447006,
            9.400327
          ],
          [
            118.447009,
            9.400284
          ],
          [
            118.447387,
            9.399167
          ],
          [
            118.4477962,
            9.3982441
          ],
          [
            118.44805,
            9.397271
          ],
          [
            118.44825,
            9.396627
          ],
          [
            118.4483359,
            9.3964083
          ],
          [
            118.448524,
            9.396157
          ],
          [
            118.448712,
            9.395964
          ],
          [
            118.449005,
            9.395627
          ]
        ]
      },
      "properties": {
        "id": 690,
        "canal_id": 690,
        "canal": "MANAILE MAIN CANAL",
        "canaltype": "Main Canal",
        "remarks": "MANAILE MAIN CANAL",
        "canal_type": "Main",
        "canal_leng": 4256.71,
        "station_no": "STA 0+000",
        "station__1": "STA 4+256.7",
        "station__2": null,
        "reversal_applied": false,
        "survey_length": "4,246.74",
        "canal_lining": "Unspecified"
      }
    },
    {
      "type": "Feature",
      "geometry": {
        "type": "LineString",
        "coordinates": [
          [
            118.465688,
            9.405351
          ],
          [
            118.465907,
            9.405523
          ],
          [
            118.466022,
            9.405557
          ],
          [
            118.4662392,
            9.4056764
          ],
          [
            118.4663368,
            9.4057044
          ],
          [
            118.4664136,
            9.4057072
          ],
          [
            118.466507,
            9.405691
          ],
          [
            118.468077,
            9.4047829
          ],
          [
            118.4681506,
            9.4047305
          ],
          [
            118.4690336,
            9.4035711
          ],
          [
            118.4692713,
            9.4033072
          ],
          [
            118.4693488,
            9.4032586
          ],
          [
            118.4693913,
            9.4032324
          ],
          [
            118.470004,
            9.40306
          ],
          [
            118.4705664,
            9.4029425
          ],
          [
            118.4707662,
            9.4029317
          ],
          [
            118.4709504,
            9.4029417
          ],
          [
            118.4713969,
            9.4030142
          ],
          [
            118.4718327,
            9.4031647
          ],
          [
            118.4720925,
            9.403271
          ],
          [
            118.4722266,
            9.4032918
          ],
          [
            118.472319,
            9.4032777
          ],
          [
            118.4723558,
            9.4032515
          ],
          [
            118.472491,
            9.403005
          ],
          [
            118.4732647,
            9.4015776
          ],
          [
            118.473759,
            9.400791
          ],
          [
            118.473953,
            9.400515
          ],
          [
            118.474022,
            9.400432
          ],
          [
            118.4745142,
            9.3999957
          ],
          [
            118.4750318,
            9.3997659
          ],
          [
            118.4750704,
            9.3997512
          ],
          [
            118.4751942,
            9.3996765
          ],
          [
            118.4752655,
            9.3995096
          ],
          [
            118.4755412,
            9.398392
          ],
          [
            118.4755323,
            9.3983385
          ],
          [
            118.4755215,
            9.398283
          ],
          [
            118.4747602,
            9.3968813
          ],
          [
            118.4747195,
            9.3967626
          ],
          [
            118.4747474,
            9.396679
          ],
          [
            118.4748293,
            9.3965886
          ],
          [
            118.475104,
            9.396302
          ],
          [
            118.475276,
            9.3961977
          ],
          [
            118.4753459,
            9.3961376
          ],
          [
            118.4754045,
            9.3960582
          ],
          [
            118.4754058,
            9.3959591
          ],
          [
            118.4751785,
            9.3954223
          ],
          [
            118.475074,
            9.3951959
          ],
          [
            118.4750064,
            9.395073
          ],
          [
            118.4750065,
            9.3950654
          ],
          [
            118.4750113,
            9.394993
          ],
          [
            118.4750904,
            9.3948186
          ],
          [
            118.4751688,
            9.3946976
          ],
          [
            118.476121,
            9.393988
          ],
          [
            118.4773137,
            9.3930624
          ],
          [
            118.477667,
            9.3927618
          ],
          [
            118.4777876,
            9.3926413
          ],
          [
            118.4779,
            9.392505
          ],
          [
            118.4780415,
            9.3923166
          ],
          [
            118.4782312,
            9.3921932
          ],
          [
            118.4788594,
            9.392022
          ],
          [
            118.4791216,
            9.3919453
          ],
          [
            118.4793438,
            9.3919825
          ],
          [
            118.4794192,
            9.392094
          ],
          [
            118.4795386,
            9.3926523
          ],
          [
            118.4796007,
            9.392901
          ],
          [
            118.4796684,
            9.3930087
          ],
          [
            118.4797905,
            9.3930674
          ],
          [
            118.4802466,
            9.3931381
          ],
          [
            118.4804544,
            9.3931026
          ],
          [
            118.4809313,
            9.3927579
          ],
          [
            118.4809745,
            9.3926822
          ],
          [
            118.4809949,
            9.3925871
          ],
          [
            118.481059,
            9.391458
          ],
          [
            118.4810714,
            9.3911351
          ],
          [
            118.4821685,
            9.3900432
          ],
          [
            118.4822135,
            9.3898264
          ],
          [
            118.4821425,
            9.3896768
          ],
          [
            118.4820153,
            9.3894158
          ],
          [
            118.4819785,
            9.3892971
          ],
          [
            118.4819758,
            9.3892094
          ],
          [
            118.4822541,
            9.3875922
          ],
          [
            118.482383,
            9.387359
          ],
          [
            118.483033,
            9.386882
          ],
          [
            118.4833174,
            9.3867363
          ],
          [
            118.4835565,
            9.3866554
          ],
          [
            118.4838066,
            9.3866167
          ],
          [
            118.4850549,
            9.3868996
          ],
          [
            118.4852958,
            9.3869751
          ],
          [
            118.4853947,
            9.3870451
          ],
          [
            118.485543,
            9.387198
          ],
          [
            118.486355,
            9.3882091
          ],
          [
            118.4864999,
            9.388515
          ],
          [
            118.486574,
            9.388752
          ],
          [
            118.487033,
            9.389699
          ],
          [
            118.487848,
            9.391328
          ],
          [
            118.487983,
            9.391458
          ],
          [
            118.4888686,
            9.3928662
          ],
          [
            118.4889441,
            9.3929663
          ],
          [
            118.4890198,
            9.3930511
          ],
          [
            118.4891226,
            9.3931173
          ],
          [
            118.49073,
            9.394134
          ],
          [
            118.491575,
            9.394753
          ],
          [
            118.4939801,
            9.3964095
          ],
          [
            118.4940524,
            9.3964677
          ],
          [
            118.4941321,
            9.3965411
          ],
          [
            118.494535,
            9.397133
          ]
        ]
      },
      "properties": {
        "id": 693,
        "canal_id": 693,
        "canal": "TIGMAN MAIN CANAL",
        "canaltype": "Main Canal",
        "remarks": "TIGMAN MAIN CANAL",
        "canal_type": "Main",
        "canal_leng": 5418.36,
        "station_no": "STA 0+000",
        "station__1": "STA 5+418.4",
        "station__2": null,
        "reversal_applied": false,
        "survey_length": "5,413",
        "canal_lining": "Unspecified"
      }
    },
    {
      "type": "Feature",
      "geometry": {
        "type": "LineString",
        "coordinates": [
          [
            118.4878824,
            9.3913596
          ],
          [
            118.48791,
            9.391349
          ],
          [
            118.487936,
            9.391322
          ],
          [
            118.488048,
            9.391313
          ],
          [
            118.4886702,
            9.3908758
          ],
          [
            118.4887499,
            9.3908043
          ],
          [
            118.4894209,
            9.3899892
          ],
          [
            118.4895374,
            9.3898915
          ],
          [
            118.4895996,
            9.3898351
          ],
          [
            118.4902071,
            9.3894806
          ],
          [
            118.4907097,
            9.3892162
          ],
          [
            118.491039,
            9.389074
          ],
          [
            118.4916052,
            9.3888654
          ],
          [
            118.492989,
            9.388519
          ],
          [
            118.49329,
            9.388446
          ],
          [
            118.496754,
            9.387803
          ],
          [
            118.497569,
            9.387678
          ],
          [
            118.4982467,
            9.3875429
          ],
          [
            118.498665,
            9.387584
          ],
          [
            118.5012683,
            9.3878941
          ],
          [
            118.5019527,
            9.3879791
          ],
          [
            118.5020506,
            9.3879804
          ],
          [
            118.502148,
            9.38795
          ],
          [
            118.5022262,
            9.3879159
          ],
          [
            118.502503,
            9.387679
          ]
        ]
      },
      "properties": {
        "id": 695,
        "canal_id": 695,
        "canal": "TIGMAN LATERAL B",
        "canaltype": "Lateral",
        "remarks": "TIGMAN LATERAL B",
        "canal_type": "Lateral",
        "canal_leng": 1733.63,
        "station_no": "STA 0+000",
        "station__1": "STA 1+733.6",
        "station__2": null,
        "reversal_applied": false,
        "survey_length": "1,733",
        "canal_lining": "Unspecified"
      }
    },
    {
      "type": "Feature",
      "geometry": {
        "type": "LineString",
        "coordinates": [
          [
            118.438772,
            9.338479
          ],
          [
            118.438773,
            9.338407
          ],
          [
            118.438721,
            9.338375
          ],
          [
            118.43866,
            9.3383
          ],
          [
            118.437812,
            9.337225
          ],
          [
            118.437146,
            9.336386
          ],
          [
            118.436985,
            9.336171
          ],
          [
            118.436106,
            9.335088
          ],
          [
            118.43501,
            9.333717
          ],
          [
            118.434424,
            9.332987
          ],
          [
            118.433985,
            9.332435
          ],
          [
            118.433295,
            9.33159
          ],
          [
            118.432689,
            9.330832
          ],
          [
            118.431448,
            9.329288
          ],
          [
            118.4310857,
            9.3287823
          ],
          [
            118.4310449,
            9.3287099
          ],
          [
            118.431048,
            9.328672
          ],
          [
            118.431127,
            9.32867
          ],
          [
            118.431469,
            9.328378
          ],
          [
            118.433188,
            9.327086
          ],
          [
            118.4334018,
            9.3269178
          ],
          [
            118.4334931,
            9.3268231
          ],
          [
            118.4335655,
            9.3266963
          ],
          [
            118.433681,
            9.326313
          ],
          [
            118.433657,
            9.325415
          ],
          [
            118.433633,
            9.324945
          ],
          [
            118.433633,
            9.3247219
          ],
          [
            118.433739,
            9.323468
          ],
          [
            118.4337636,
            9.3231651
          ],
          [
            118.4337642,
            9.3231204
          ],
          [
            118.4337539,
            9.32305
          ],
          [
            118.433757,
            9.32306
          ],
          [
            118.4337543,
            9.322959
          ],
          [
            118.433733,
            9.3228645
          ],
          [
            118.4336945,
            9.3227378
          ],
          [
            118.433445,
            9.322212
          ],
          [
            118.433279,
            9.321806
          ],
          [
            118.4331965,
            9.3216552
          ],
          [
            118.4331459,
            9.3215874
          ],
          [
            118.4330779,
            9.3215067
          ],
          [
            118.433029,
            9.321461
          ],
          [
            118.432731,
            9.321145
          ],
          [
            118.43216,
            9.320682
          ],
          [
            118.432111,
            9.320619
          ],
          [
            118.431468,
            9.319004
          ],
          [
            118.4311434,
            9.3181189
          ],
          [
            118.4310834,
            9.3180351
          ],
          [
            118.4309903,
            9.3180179
          ],
          [
            118.430905,
            9.318012
          ],
          [
            118.427658,
            9.318174
          ],
          [
            118.427577,
            9.31822
          ],
          [
            118.4268273,
            9.3182071
          ],
          [
            118.4267341,
            9.3181963
          ],
          [
            118.4266286,
            9.3181502
          ],
          [
            118.425866,
            9.317592
          ],
          [
            118.425527,
            9.317328
          ],
          [
            118.424938,
            9.316705
          ],
          [
            118.42341,
            9.314496
          ],
          [
            118.423071,
            9.31404
          ],
          [
            118.422823,
            9.313658
          ],
          [
            118.422581,
            9.313351
          ],
          [
            118.422037,
            9.31263
          ],
          [
            118.422005,
            9.312571
          ],
          [
            118.421774,
            9.312243
          ],
          [
            118.420927,
            9.311096
          ],
          [
            118.420426,
            9.310325
          ]
        ]
      },
      "properties": {
        "id": 698,
        "canal_id": 698,
        "canal": "LATERAL B-SOUTH",
        "canaltype": "Lateral",
        "remarks": "LATERAL B-SOUTH",
        "canal_type": "Lateral",
        "canal_leng": 4398.46,
        "station_no": "STA 0+000",
        "station__1": "STA 4+398.5",
        "station__2": null,
        "reversal_applied": false,
        "survey_length": "4,376.67",
        "canal_lining": "Unspecified"
      }
    },
    {
      "type": "Feature",
      "geometry": {
        "type": "LineString",
        "coordinates": [
          [
            118.4314709,
            9.3190141
          ],
          [
            118.431745,
            9.31883
          ],
          [
            118.432332,
            9.318331
          ],
          [
            118.4325504,
            9.3181553
          ],
          [
            118.4325995,
            9.3180857
          ],
          [
            118.4326163,
            9.3180348
          ],
          [
            118.4326236,
            9.3179646
          ],
          [
            118.4326145,
            9.3176803
          ],
          [
            118.4325781,
            9.3167664
          ],
          [
            118.4325623,
            9.3162552
          ],
          [
            118.4325332,
            9.3160185
          ],
          [
            118.4324932,
            9.3158807
          ],
          [
            118.4324367,
            9.3157745
          ],
          [
            118.432119,
            9.315237
          ],
          [
            118.432088,
            9.315171
          ],
          [
            118.431275,
            9.313762
          ],
          [
            118.430619,
            9.3127
          ],
          [
            118.429933,
            9.311516
          ],
          [
            118.429298,
            9.31038
          ],
          [
            118.428948,
            9.309881
          ],
          [
            118.428515,
            9.309186
          ],
          [
            118.427847,
            9.30805
          ],
          [
            118.427783,
            9.307955
          ],
          [
            118.427454,
            9.307401
          ]
        ]
      },
      "properties": {
        "id": 699,
        "canal_id": 699,
        "canal": "LATERAL B-SOUTH-1",
        "canaltype": "Lateral",
        "remarks": "LATERAL B-SOUTH-1",
        "canal_type": "Lateral",
        "canal_leng": 1500.21,
        "station_no": "STA 0+000",
        "station__1": "STA 1+500.2",
        "station__2": null,
        "reversal_applied": false,
        "survey_length": "1,500.8",
        "canal_lining": "Unspecified"
      }
    },
    {
      "type": "Feature",
      "geometry": {
        "type": "LineString",
        "coordinates": [
          [
            118.438772,
            9.338479
          ],
          [
            118.438858,
            9.338547
          ],
          [
            118.4389,
            9.33862
          ],
          [
            118.439844,
            9.339811
          ],
          [
            118.440652,
            9.340854
          ],
          [
            118.441149,
            9.341468
          ],
          [
            118.441554,
            9.341967
          ],
          [
            118.442407,
            9.342961
          ],
          [
            118.444987,
            9.341033
          ],
          [
            118.445258,
            9.340823
          ]
        ]
      },
      "properties": {
        "id": 700,
        "canal_id": 700,
        "canal": "LATERAL B-SOUTH-2",
        "canaltype": "Lateral",
        "remarks": "LATERAL B-SOUTH-2",
        "canal_type": "Lateral",
        "canal_leng": 1032.29,
        "station_no": "STA 0+000",
        "station__1": "STA 1+032.3",
        "station__2": null,
        "reversal_applied": false,
        "survey_length": "1,029.57",
        "canal_lining": "Unspecified"
      }
    },
    {
      "type": "Feature",
      "geometry": {
        "type": "LineString",
        "coordinates": [
          [
            118.4464474,
            9.3891558
          ],
          [
            118.446504,
            9.389168
          ],
          [
            118.446534,
            9.389167
          ],
          [
            118.446799,
            9.389217
          ],
          [
            118.447047,
            9.389293
          ],
          [
            118.44932,
            9.39024
          ],
          [
            118.451665,
            9.391146
          ],
          [
            118.4527322,
            9.3915922
          ],
          [
            118.4530054,
            9.3916591
          ],
          [
            118.4532859,
            9.391691
          ],
          [
            118.455834,
            9.391889
          ],
          [
            118.455973,
            9.391834
          ],
          [
            118.4562605,
            9.3918587
          ],
          [
            118.4564592,
            9.3918073
          ],
          [
            118.4566697,
            9.3916888
          ],
          [
            118.4571921,
            9.3911673
          ],
          [
            118.457972,
            9.3904578
          ],
          [
            118.459017,
            9.389938
          ],
          [
            118.4607323,
            9.3890153
          ],
          [
            118.4609295,
            9.3888723
          ],
          [
            118.462601,
            9.387629
          ],
          [
            118.462641,
            9.387574
          ],
          [
            118.462654,
            9.387574
          ],
          [
            118.46342,
            9.388376
          ],
          [
            118.464341,
            9.389414
          ],
          [
            118.464919,
            9.389825
          ],
          [
            118.465113,
            9.3899326
          ],
          [
            118.4652801,
            9.390021
          ],
          [
            118.465571,
            9.390081
          ],
          [
            118.4660862,
            9.3900044
          ],
          [
            118.4663473,
            9.3899619
          ],
          [
            118.4664563,
            9.3899229
          ],
          [
            118.4665656,
            9.3898704
          ],
          [
            118.4666235,
            9.3897984
          ],
          [
            118.4666818,
            9.3896994
          ],
          [
            118.466747,
            9.389493
          ],
          [
            118.467098,
            9.388564
          ],
          [
            118.467114,
            9.388533
          ],
          [
            118.4672343,
            9.3883214
          ],
          [
            118.4674816,
            9.388082
          ],
          [
            118.4678435,
            9.387801
          ],
          [
            118.4683095,
            9.3874405
          ],
          [
            118.4691248,
            9.3869282
          ],
          [
            118.470023,
            9.386445
          ],
          [
            118.4705076,
            9.3861833
          ],
          [
            118.4706802,
            9.3860561
          ],
          [
            118.4707762,
            9.3859765
          ],
          [
            118.470964,
            9.38581
          ],
          [
            118.471114,
            9.385657
          ],
          [
            118.4723558,
            9.3844985
          ],
          [
            118.4725814,
            9.3842588
          ],
          [
            118.47263,
            9.384174
          ],
          [
            118.4727206,
            9.3839857
          ],
          [
            118.4728345,
            9.3835776
          ],
          [
            118.473201,
            9.382113
          ],
          [
            118.47331,
            9.381749
          ],
          [
            118.4733735,
            9.3816132
          ],
          [
            118.4735554,
            9.3813999
          ],
          [
            118.473748,
            9.3811976
          ],
          [
            118.4741738,
            9.3807975
          ],
          [
            118.4743392,
            9.3807039
          ],
          [
            118.474545,
            9.380642
          ],
          [
            118.474807,
            9.380526
          ],
          [
            118.4753824,
            9.3802491
          ],
          [
            118.4756011,
            9.3801198
          ],
          [
            118.475758,
            9.380016
          ],
          [
            118.475765,
            9.380007
          ],
          [
            118.475829,
            9.379975
          ],
          [
            118.476095,
            9.379711
          ],
          [
            118.476569,
            9.379212
          ],
          [
            118.47672,
            9.3790091
          ],
          [
            118.477053,
            9.37861
          ],
          [
            118.478197,
            9.377104
          ],
          [
            118.478438,
            9.376768
          ],
          [
            118.478989,
            9.376264
          ],
          [
            118.479585,
            9.375769
          ],
          [
            118.479637,
            9.375682
          ],
          [
            118.479785,
            9.375545
          ],
          [
            118.480232,
            9.375195
          ],
          [
            118.48036,
            9.375042
          ],
          [
            118.481661,
            9.373903
          ],
          [
            118.48264,
            9.37302
          ],
          [
            118.482944,
            9.372734
          ],
          [
            118.48382,
            9.371987
          ],
          [
            118.484348,
            9.371544
          ],
          [
            118.485522,
            9.370582
          ],
          [
            118.485728,
            9.370405
          ],
          [
            118.485742,
            9.370312
          ],
          [
            118.485884,
            9.370215
          ],
          [
            118.487833,
            9.368654
          ],
          [
            118.489549,
            9.367403
          ],
          [
            118.489596,
            9.36734
          ],
          [
            118.491086,
            9.366515
          ],
          [
            118.4913984,
            9.3663228
          ],
          [
            118.4915655,
            9.3662009
          ],
          [
            118.492335,
            9.365533
          ],
          [
            118.49245,
            9.365459
          ],
          [
            118.492478,
            9.3652983
          ],
          [
            118.4924659,
            9.3651877
          ],
          [
            118.49236,
            9.364641
          ],
          [
            118.492116,
            9.363665
          ],
          [
            118.491982,
            9.363031
          ],
          [
            118.491874,
            9.362612
          ],
          [
            118.491662,
            9.361869
          ],
          [
            118.4915452,
            9.361364
          ],
          [
            118.4915307,
            9.3612237
          ],
          [
            118.491553,
            9.360405
          ],
          [
            118.491627,
            9.357983
          ],
          [
            118.491661,
            9.35779
          ],
          [
            118.491675,
            9.357747
          ],
          [
            118.491646,
            9.357353
          ],
          [
            118.491631,
            9.357095
          ],
          [
            118.49165,
            9.35703
          ],
          [
            118.4916707,
            9.3567923
          ],
          [
            118.4917165,
            9.3566042
          ],
          [
            118.4918115,
            9.3563979
          ],
          [
            118.4922441,
            9.3558833
          ],
          [
            118.4925687,
            9.3555425
          ],
          [
            118.4927549,
            9.3554101
          ],
          [
            118.493213,
            9.355143
          ],
          [
            118.4934165,
            9.3550305
          ],
          [
            118.4939537,
            9.354819
          ],
          [
            118.4944981,
            9.3546858
          ],
          [
            118.495113,
            9.3545589
          ],
          [
            118.495455,
            9.354361
          ],
          [
            118.4963775,
            9.3539228
          ],
          [
            118.4969949,
            9.3536046
          ],
          [
            118.4976907,
            9.3530906
          ],
          [
            118.498198,
            9.35268
          ],
          [
            118.49927,
            9.351847
          ],
          [
            118.499897,
            9.351485
          ],
          [
            118.500379,
            9.351188
          ],
          [
            118.501124,
            9.350568
          ],
          [
            118.501382,
            9.350335
          ],
          [
            118.50214,
            9.349668
          ]
        ]
      },
      "properties": {
        "id": 702,
        "canal_id": 702,
        "canal": "LATERAL A-NORTH",
        "canaltype": "Lateral",
        "remarks": "LATERAL A-NORTH",
        "canal_type": "Lateral",
        "canal_leng": 8966.14,
        "station_no": "STA 0+000",
        "station__1": "STA 8+966.1",
        "station__2": null,
        "reversal_applied": false,
        "survey_length": "8,933",
        "canal_lining": "Unspecified"
      }
    },
    {
      "type": "Feature",
      "geometry": {
        "type": "LineString",
        "coordinates": [
          [
            118.4535115,
            9.3735495
          ],
          [
            118.453527,
            9.373536
          ],
          [
            118.453641,
            9.373422
          ],
          [
            118.453886,
            9.373256
          ],
          [
            118.4543288,
            9.3728455
          ],
          [
            118.455354,
            9.371598
          ],
          [
            118.456127,
            9.37063
          ],
          [
            118.457067,
            9.369446
          ],
          [
            118.45864,
            9.367498
          ],
          [
            118.458889,
            9.367207
          ],
          [
            118.460187,
            9.366141
          ],
          [
            118.461676,
            9.365076
          ],
          [
            118.461901,
            9.364873
          ],
          [
            118.462316,
            9.364574
          ],
          [
            118.4624963,
            9.3643917
          ],
          [
            118.462796,
            9.363878
          ],
          [
            118.462902,
            9.363488
          ],
          [
            118.462992,
            9.363156
          ],
          [
            118.463146,
            9.36263
          ],
          [
            118.463465,
            9.362245
          ],
          [
            118.4640077,
            9.3616786
          ],
          [
            118.465726,
            9.3601592
          ],
          [
            118.466325,
            9.359643
          ],
          [
            118.466341,
            9.35962
          ]
        ]
      },
      "properties": {
        "id": 706,
        "canal_id": 706,
        "canal": "LATERAL B-NORTH",
        "canaltype": "Lateral",
        "remarks": "LATERAL B-NORTH",
        "canal_type": "Lateral",
        "canal_leng": 2122.82,
        "station_no": "STA 0+000",
        "station__1": "STA 2+122.8",
        "station__2": null,
        "reversal_applied": false,
        "survey_length": "2,116",
        "canal_lining": "Unspecified"
      }
    },
    {
      "type": "Feature",
      "geometry": {
        "type": "LineString",
        "coordinates": [
          [
            118.474026,
            9.341547
          ],
          [
            118.474042,
            9.34162
          ],
          [
            118.474182,
            9.341814
          ],
          [
            118.474674,
            9.34242
          ],
          [
            118.475572,
            9.343559
          ],
          [
            118.476089,
            9.344101
          ],
          [
            118.4763167,
            9.3443155
          ],
          [
            118.4764512,
            9.3444008
          ],
          [
            118.476664,
            9.344489
          ],
          [
            118.477484,
            9.344535
          ],
          [
            118.478936,
            9.344557
          ],
          [
            118.480609,
            9.344177
          ],
          [
            118.481486,
            9.343998
          ],
          [
            118.482566,
            9.343563
          ],
          [
            118.484193,
            9.342736
          ],
          [
            118.484576,
            9.342573
          ],
          [
            118.488768,
            9.340436
          ],
          [
            118.4893988,
            9.3395909
          ],
          [
            118.4895195,
            9.3394927
          ],
          [
            118.4897403,
            9.3394093
          ],
          [
            118.489895,
            9.3394
          ]
        ]
      },
      "properties": {
        "id": 641,
        "canal_id": 641,
        "canal": "LATERAL C-NORTH",
        "canaltype": "Lateral",
        "remarks": "LATERAL C-NORTH",
        "canal_type": "Lateral",
        "canal_leng": 2051.4,
        "station_no": "STA 0+000",
        "station__1": "STA 2+051.4",
        "station__2": null,
        "reversal_applied": false,
        "survey_length": "2,046",
        "canal_lining": "Unspecified"
      }
    },
    {
      "type": "Feature",
      "geometry": {
        "type": "LineString",
        "coordinates": [
          [
            118.433675,
            9.394404
          ],
          [
            118.433584,
            9.394437
          ],
          [
            118.43245,
            9.392534
          ],
          [
            118.431793,
            9.39155
          ],
          [
            118.4312203,
            9.3905365
          ],
          [
            118.4311075,
            9.3903093
          ],
          [
            118.4310661,
            9.3901938
          ],
          [
            118.4309929,
            9.3895669
          ],
          [
            118.4307434,
            9.3873451
          ],
          [
            118.4307498,
            9.3871834
          ],
          [
            118.4307659,
            9.3869366
          ],
          [
            118.430818,
            9.3865583
          ],
          [
            118.4308441,
            9.3862818
          ],
          [
            118.430839,
            9.386187
          ],
          [
            118.4308672,
            9.3859926
          ],
          [
            118.4307976,
            9.3854168
          ],
          [
            118.4307343,
            9.3850157
          ],
          [
            118.4306514,
            9.3844653
          ],
          [
            118.4306575,
            9.3843291
          ],
          [
            118.4306719,
            9.3842101
          ],
          [
            118.4308905,
            9.3835678
          ],
          [
            118.4309327,
            9.3834512
          ],
          [
            118.4309401,
            9.3833789
          ],
          [
            118.43092,
            9.383212
          ],
          [
            118.430921,
            9.382955
          ],
          [
            118.4308705,
            9.3821495
          ],
          [
            118.4308069,
            9.3814418
          ],
          [
            118.4307623,
            9.3805938
          ],
          [
            118.4307056,
            9.3796861
          ],
          [
            118.430646,
            9.379261
          ],
          [
            118.4306167,
            9.3786119
          ],
          [
            118.430548,
            9.37783
          ],
          [
            118.430544,
            9.377638
          ],
          [
            118.4304712,
            9.3766299
          ],
          [
            118.430418,
            9.375927
          ],
          [
            118.4303753,
            9.3751169
          ],
          [
            118.430304,
            9.3736852
          ],
          [
            118.4302232,
            9.3726537
          ],
          [
            118.430182,
            9.371929
          ],
          [
            118.4301682,
            9.3716182
          ],
          [
            118.4301496,
            9.3714029
          ],
          [
            118.4301436,
            9.3713688
          ],
          [
            118.4301234,
            9.3712749
          ],
          [
            118.4299727,
            9.3708279
          ],
          [
            118.429659,
            9.3698977
          ],
          [
            118.4294361,
            9.3692412
          ],
          [
            118.4293925,
            9.369132
          ],
          [
            118.4293257,
            9.368997
          ],
          [
            118.4292564,
            9.3688854
          ],
          [
            118.429002,
            9.368613
          ],
          [
            118.428987,
            9.368597
          ],
          [
            118.427994,
            9.367665
          ],
          [
            118.4272362,
            9.3668973
          ],
          [
            118.4271641,
            9.3668325
          ],
          [
            118.426428,
            9.365522
          ],
          [
            118.425463,
            9.36394
          ],
          [
            118.425162,
            9.363389
          ],
          [
            118.425071,
            9.363235
          ],
          [
            118.4247956,
            9.3627118
          ],
          [
            118.4247792,
            9.362652
          ],
          [
            118.4247719,
            9.3625603
          ],
          [
            118.4247736,
            9.3624262
          ],
          [
            118.4248115,
            9.3622319
          ],
          [
            118.425238,
            9.360462
          ],
          [
            118.425342,
            9.36018
          ],
          [
            118.4254198,
            9.3599691
          ],
          [
            118.425674,
            9.358771
          ],
          [
            118.4260224,
            9.3574378
          ],
          [
            118.4260363,
            9.357355
          ],
          [
            118.4260537,
            9.35717
          ],
          [
            118.426047,
            9.356958
          ],
          [
            118.425818,
            9.354386
          ],
          [
            118.42577,
            9.3537874
          ],
          [
            118.4257478,
            9.3536849
          ],
          [
            118.4256603,
            9.3534921
          ],
          [
            118.423875,
            9.35139
          ],
          [
            118.42375,
            9.351242
          ],
          [
            118.425733,
            9.349465
          ],
          [
            118.427595,
            9.347811
          ],
          [
            118.427656,
            9.347766
          ],
          [
            118.430114,
            9.345505
          ],
          [
            118.430289,
            9.345389
          ],
          [
            118.433072,
            9.342908
          ],
          [
            118.433118,
            9.342873
          ],
          [
            118.434985,
            9.341422
          ],
          [
            118.435773,
            9.340753
          ],
          [
            118.43598,
            9.340623
          ],
          [
            118.438772,
            9.338479
          ],
          [
            118.438819,
            9.338359
          ],
          [
            118.440757,
            9.336778
          ],
          [
            118.441687,
            9.33607
          ],
          [
            118.44455,
            9.333816
          ],
          [
            118.445385,
            9.333137
          ],
          [
            118.447403,
            9.331562
          ],
          [
            118.450291,
            9.329344
          ],
          [
            118.45032,
            9.329281
          ],
          [
            118.4523187,
            9.3278187
          ],
          [
            118.4524535,
            9.3276714
          ],
          [
            118.453425,
            9.326571
          ],
          [
            118.454338,
            9.3255844
          ],
          [
            118.454358,
            9.325571
          ],
          [
            118.454319,
            9.325504
          ],
          [
            118.454331,
            9.325453
          ],
          [
            118.454066,
            9.322913
          ],
          [
            118.454018,
            9.3220799
          ],
          [
            118.4540253,
            9.3218457
          ],
          [
            118.4540483,
            9.3217268
          ],
          [
            118.4540885,
            9.3216038
          ],
          [
            118.4542201,
            9.3213756
          ],
          [
            118.4551001,
            9.3206246
          ],
          [
            118.455773,
            9.32
          ],
          [
            118.455877,
            9.319925
          ],
          [
            118.455954,
            9.31986
          ],
          [
            118.4561669,
            9.3196907
          ],
          [
            118.4562279,
            9.3196106
          ],
          [
            118.4562868,
            9.3195368
          ],
          [
            118.4563375,
            9.3194246
          ],
          [
            118.456365,
            9.3192929
          ],
          [
            118.4563324,
            9.3191605
          ],
          [
            118.4562739,
            9.3190405
          ],
          [
            118.456004,
            9.318675
          ],
          [
            118.455439,
            9.317993
          ],
          [
            118.454915,
            9.317326
          ],
          [
            118.454475,
            9.316801
          ],
          [
            118.45445,
            9.316763
          ],
          [
            118.453066,
            9.315027
          ],
          [
            118.452288,
            9.314049
          ],
          [
            118.452037,
            9.313774
          ],
          [
            118.451683,
            9.313275
          ],
          [
            118.449686,
            9.310799
          ],
          [
            118.447551,
            9.308127
          ],
          [
            118.447443,
            9.307988
          ]
        ]
      },
      "properties": {
        "id": 677,
        "canal_id": 677,
        "canal": "SOUTH MAIN CANAL",
        "canaltype": "Main Canal",
        "remarks": "SOUTH MAIN CANAL",
        "canal_type": "Main",
        "canal_leng": 11996.18,
        "station_no": "STA 0+000",
        "station__1": "STA 11+996.2",
        "station__2": null,
        "reversal_applied": false,
        "survey_length": "11,957.59",
        "canal_lining": "Unspecified"
      }
    },
    {
      "type": "Feature",
      "geometry": {
        "type": "LineString",
        "coordinates": [
          [
            118.4270302,
            9.4197468
          ],
          [
            118.427079,
            9.419786
          ],
          [
            118.427082,
            9.419802
          ],
          [
            118.427118,
            9.419914
          ],
          [
            118.4273957,
            9.4200028
          ],
          [
            118.4274898,
            9.4200211
          ],
          [
            118.427574,
            9.420023
          ],
          [
            118.427835,
            9.4200234
          ],
          [
            118.4278479,
            9.4200193
          ],
          [
            118.4281699,
            9.4199852
          ],
          [
            118.4285735,
            9.4199479
          ],
          [
            118.4288434,
            9.4199727
          ],
          [
            118.4291982,
            9.4200582
          ],
          [
            118.4295779,
            9.4202036
          ],
          [
            118.4297396,
            9.4203037
          ],
          [
            118.4298936,
            9.4204899
          ],
          [
            118.429925,
            9.420562
          ],
          [
            118.429917,
            9.42062
          ],
          [
            118.429903,
            9.420683
          ],
          [
            118.430194,
            9.4213688
          ],
          [
            118.4307724,
            9.4227134
          ],
          [
            118.4310139,
            9.4232616
          ],
          [
            118.4310872,
            9.4233946
          ],
          [
            118.4311465,
            9.423455
          ],
          [
            118.4311997,
            9.4234855
          ],
          [
            118.431254,
            9.423515
          ],
          [
            118.4313114,
            9.423545
          ],
          [
            118.431313,
            9.423545
          ],
          [
            118.431343,
            9.4235528
          ],
          [
            118.4314367,
            9.4235599
          ],
          [
            118.4316032,
            9.4235306
          ],
          [
            118.4317864,
            9.4234585
          ],
          [
            118.432041,
            9.423339
          ],
          [
            118.4336276,
            9.4226989
          ],
          [
            118.433909,
            9.42261
          ],
          [
            118.4341872,
            9.4225358
          ],
          [
            118.434583,
            9.422347
          ],
          [
            118.435098,
            9.4220909
          ],
          [
            118.435204,
            9.422026
          ],
          [
            118.436287,
            9.421158
          ],
          [
            118.438566,
            9.41928
          ],
          [
            118.439169,
            9.418792
          ],
          [
            118.4393535,
            9.4186405
          ],
          [
            118.439399,
            9.418611
          ],
          [
            118.439593,
            9.418457
          ],
          [
            118.4397811,
            9.4183235
          ],
          [
            118.4399302,
            9.418236
          ],
          [
            118.4401119,
            9.4181191
          ],
          [
            118.4403115,
            9.4180216
          ],
          [
            118.440441,
            9.417947
          ],
          [
            118.440544,
            9.417924
          ],
          [
            118.4407044,
            9.4178191
          ],
          [
            118.4415261,
            9.4172953
          ],
          [
            118.4419281,
            9.4170536
          ],
          [
            118.442438,
            9.4167557
          ],
          [
            118.4427708,
            9.4165567
          ],
          [
            118.4429331,
            9.4164858
          ],
          [
            118.4435526,
            9.4160957
          ],
          [
            118.4437235,
            9.4159808
          ],
          [
            118.4437278,
            9.4159787
          ],
          [
            118.4438185,
            9.4159246
          ],
          [
            118.4441175,
            9.4158108
          ],
          [
            118.444701,
            9.41564
          ],
          [
            118.4449904,
            9.4155496
          ],
          [
            118.4453201,
            9.4154271
          ],
          [
            118.4461472,
            9.4151429
          ],
          [
            118.446264,
            9.415109
          ],
          [
            118.4471509,
            9.4147982
          ],
          [
            118.4472759,
            9.4147487
          ],
          [
            118.44738,
            9.414697
          ],
          [
            118.4475648,
            9.4145502
          ],
          [
            118.4476147,
            9.414504
          ],
          [
            118.4476815,
            9.4144793
          ],
          [
            118.4477234,
            9.4144703
          ],
          [
            118.4479056,
            9.414479
          ],
          [
            118.4491362,
            9.4145737
          ],
          [
            118.4497102,
            9.4146248
          ],
          [
            118.450049,
            9.414618
          ],
          [
            118.450109,
            9.414627
          ],
          [
            118.45057,
            9.4145422
          ],
          [
            118.451145,
            9.4144325
          ],
          [
            118.451476,
            9.414389
          ],
          [
            118.452084,
            9.414297
          ],
          [
            118.4528415,
            9.4141814
          ],
          [
            118.452874,
            9.414174
          ],
          [
            118.453024,
            9.4141345
          ],
          [
            118.4531292,
            9.4140858
          ],
          [
            118.45325,
            9.413982
          ],
          [
            118.4532586,
            9.4139785
          ],
          [
            118.4533339,
            9.4138825
          ],
          [
            118.453487,
            9.4136577
          ],
          [
            118.4536838,
            9.4133643
          ],
          [
            118.4537976,
            9.413189
          ],
          [
            118.454041,
            9.4127727
          ],
          [
            118.45472,
            9.41145
          ],
          [
            118.4549248,
            9.4111084
          ],
          [
            118.4554752,
            9.4103426
          ],
          [
            118.4562666,
            9.4095976
          ],
          [
            118.4563523,
            9.409514
          ],
          [
            118.4563776,
            9.4094611
          ],
          [
            118.4563793,
            9.4091705
          ],
          [
            118.4563837,
            9.408832
          ],
          [
            118.4563881,
            9.4083338
          ],
          [
            118.4563938,
            9.408221
          ],
          [
            118.4564303,
            9.4080597
          ],
          [
            118.4567179,
            9.4075396
          ],
          [
            118.456839,
            9.40728
          ]
        ]
      },
      "properties": {
        "id": 691,
        "canal_id": 691,
        "canal": "MANAILE LATERAL A",
        "canaltype": "Lateral",
        "remarks": "MANAILE LATERAL A",
        "canal_type": "Lateral",
        "canal_leng": 4307.87,
        "station_no": "STA 0+000",
        "station__1": "STA 4+307.9",
        "station__2": null,
        "reversal_applied": false,
        "survey_length": "4,281.76",
        "canal_lining": "Unspecified"
      }
    },
    {
      "type": "Feature",
      "geometry": {
        "type": "LineString",
        "coordinates": [
          [
            118.495728,
            9.366144
          ],
          [
            118.495828,
            9.366149
          ],
          [
            118.4960066,
            9.3661025
          ],
          [
            118.4960836,
            9.3660806
          ],
          [
            118.4961701,
            9.366076
          ],
          [
            118.4963445,
            9.3661049
          ],
          [
            118.4971087,
            9.3668431
          ],
          [
            118.497354,
            9.367103
          ],
          [
            118.49742,
            9.367177
          ],
          [
            118.497505,
            9.3672686
          ],
          [
            118.4975739,
            9.3674277
          ],
          [
            118.4977506,
            9.3681679
          ],
          [
            118.4977825,
            9.3682293
          ],
          [
            118.49815,
            9.368727
          ],
          [
            118.4983095,
            9.3688996
          ],
          [
            118.498449,
            9.368987
          ],
          [
            118.4987356,
            9.3690633
          ],
          [
            118.499875,
            9.369313
          ],
          [
            118.50004,
            9.369344
          ],
          [
            118.5030062,
            9.368128
          ],
          [
            118.503141,
            9.3680992
          ],
          [
            118.5031717,
            9.3681034
          ],
          [
            118.504234,
            9.369233
          ],
          [
            118.504909,
            9.369863
          ],
          [
            118.505157,
            9.370216
          ],
          [
            118.505185,
            9.370262
          ],
          [
            118.5053614,
            9.3704195
          ],
          [
            118.5054434,
            9.3704644
          ],
          [
            118.5055007,
            9.370488
          ],
          [
            118.505591,
            9.3704815
          ],
          [
            118.5055948,
            9.3704815
          ],
          [
            118.5056739,
            9.3704539
          ],
          [
            118.506476,
            9.369722
          ],
          [
            118.508694,
            9.367654
          ],
          [
            118.508714,
            9.367599
          ],
          [
            118.50928,
            9.367309
          ],
          [
            118.509725,
            9.367098
          ],
          [
            118.509839,
            9.367029
          ],
          [
            118.510076,
            9.3669
          ],
          [
            118.510569,
            9.366615
          ],
          [
            118.511265,
            9.366265
          ]
        ]
      },
      "properties": {
        "id": 708,
        "canal_id": 708,
        "canal": "LAT-AN3 SUPPLY CANAL",
        "canaltype": "Supply Canal",
        "remarks": "LAT-AN3 SUPPLY CANAL",
        "canal_type": "Main",
        "canal_leng": 2195.55,
        "station_no": "STA 0+000",
        "station__1": "STA 2+195.6",
        "station__2": null,
        "reversal_applied": false,
        "survey_length": "2,194",
        "canal_lining": "Unspecified"
      }
    },
    {
      "type": "Feature",
      "geometry": {
        "type": "LineString",
        "coordinates": [
          [
            118.45032,
            9.329281
          ],
          [
            118.45029,
            9.329274
          ],
          [
            118.450265,
            9.329221
          ],
          [
            118.450103,
            9.329005
          ],
          [
            118.449295,
            9.327993
          ],
          [
            118.448788,
            9.327372
          ],
          [
            118.447669,
            9.325949
          ],
          [
            118.446849,
            9.324913
          ],
          [
            118.446276,
            9.324204
          ],
          [
            118.4462283,
            9.3241172
          ],
          [
            118.446001,
            9.323853
          ],
          [
            118.44511,
            9.322787
          ],
          [
            118.443909,
            9.321258
          ],
          [
            118.443626,
            9.320867
          ],
          [
            118.443335,
            9.320503
          ],
          [
            118.442531,
            9.31948
          ],
          [
            118.442511,
            9.319432
          ],
          [
            118.441897,
            9.318665
          ],
          [
            118.441108,
            9.317675
          ],
          [
            118.441,
            9.317548
          ],
          [
            118.440792,
            9.317269
          ],
          [
            118.440744,
            9.317184
          ],
          [
            118.440681,
            9.3171
          ],
          [
            118.440216,
            9.316553
          ],
          [
            118.44012,
            9.316502
          ],
          [
            118.4398971,
            9.3161058
          ],
          [
            118.4398157,
            9.3158972
          ],
          [
            118.4397822,
            9.3157621
          ],
          [
            118.439765,
            9.3156298
          ],
          [
            118.439756,
            9.315489
          ],
          [
            118.4397423,
            9.315258
          ],
          [
            118.4397182,
            9.3150232
          ],
          [
            118.4396858,
            9.3148045
          ],
          [
            118.4396668,
            9.3147046
          ],
          [
            118.4396432,
            9.314641
          ],
          [
            118.4396195,
            9.3145881
          ],
          [
            118.439577,
            9.314524
          ],
          [
            118.439535,
            9.314455
          ],
          [
            118.4394224,
            9.3143026
          ],
          [
            118.4393905,
            9.314251
          ],
          [
            118.4393764,
            9.3141889
          ],
          [
            118.4393757,
            9.3141363
          ],
          [
            118.4393926,
            9.3139897
          ],
          [
            118.4401583,
            9.3133137
          ],
          [
            118.4406186,
            9.3129639
          ],
          [
            118.4409288,
            9.3126849
          ],
          [
            118.4412383,
            9.3124571
          ],
          [
            118.4414357,
            9.3122953
          ],
          [
            118.4415784,
            9.3121731
          ],
          [
            118.4416169,
            9.3121305
          ],
          [
            118.4416448,
            9.3120716
          ],
          [
            118.4416755,
            9.3120019
          ],
          [
            118.44174,
            9.311711
          ]
        ]
      },
      "properties": {
        "id": 701,
        "canal_id": 701,
        "canal": "LATERAL C-SOUTH",
        "canaltype": "Lateral",
        "remarks": "LATERAL C-SOUTH",
        "canal_type": "Lateral",
        "canal_leng": 2477.43,
        "station_no": "STA 0+000",
        "station__1": "STA 2+477.4",
        "station__2": null,
        "reversal_applied": false,
        "survey_length": "2,465.94",
        "canal_lining": "Unspecified"
      }
    },
    {
      "type": "Feature",
      "geometry": {
        "type": "LineString",
        "coordinates": [
          [
            118.462641,
            9.387574
          ],
          [
            118.462655,
            9.387535
          ],
          [
            118.462881,
            9.387386
          ],
          [
            118.463167,
            9.387149
          ],
          [
            118.4633788,
            9.3869787
          ],
          [
            118.4634272,
            9.3869106
          ],
          [
            118.4634591,
            9.3868557
          ],
          [
            118.4634761,
            9.3868034
          ],
          [
            118.463488,
            9.386748
          ],
          [
            118.46348,
            9.386677
          ],
          [
            118.46345,
            9.386576
          ],
          [
            118.463384,
            9.386227
          ],
          [
            118.463348,
            9.386198
          ],
          [
            118.463339,
            9.386159
          ],
          [
            118.462565,
            9.382727
          ],
          [
            118.4623647,
            9.3819199
          ],
          [
            118.4623165,
            9.3816606
          ],
          [
            118.4623021,
            9.3815203
          ],
          [
            118.4623052,
            9.3814921
          ],
          [
            118.4623551,
            9.3814092
          ],
          [
            118.462618,
            9.381111
          ],
          [
            118.463931,
            9.379582
          ],
          [
            118.464592,
            9.378823
          ],
          [
            118.465367,
            9.377767
          ],
          [
            118.466558,
            9.37604
          ],
          [
            118.46679,
            9.375723
          ],
          [
            118.466959,
            9.375505
          ],
          [
            118.466984,
            9.375464
          ],
          [
            118.4673089,
            9.3749506
          ],
          [
            118.468852,
            9.372801
          ],
          [
            118.4696444,
            9.37167
          ],
          [
            118.4701697,
            9.3709275
          ],
          [
            118.470298,
            9.370707
          ],
          [
            118.471095,
            9.369292
          ],
          [
            118.47263,
            9.366678
          ],
          [
            118.4726875,
            9.3665598
          ],
          [
            118.472716,
            9.366471
          ],
          [
            118.4729525,
            9.3659993
          ],
          [
            118.4732177,
            9.365426
          ],
          [
            118.4733958,
            9.3650833
          ],
          [
            118.473459,
            9.365019
          ],
          [
            118.47358,
            9.364857
          ],
          [
            118.473771,
            9.3647162
          ],
          [
            118.4738228,
            9.3647007
          ],
          [
            118.4738796,
            9.3647082
          ],
          [
            118.4743253,
            9.3649699
          ],
          [
            118.4744545,
            9.3650483
          ],
          [
            118.4745153,
            9.3650707
          ],
          [
            118.4745791,
            9.3650701
          ],
          [
            118.474662,
            9.365033
          ],
          [
            118.475555,
            9.364219
          ],
          [
            118.476167,
            9.363705
          ],
          [
            118.476787,
            9.363138
          ],
          [
            118.476929,
            9.363016
          ]
        ]
      },
      "properties": {
        "id": 705,
        "canal_id": 705,
        "canal": "LATERAL A-NORTH-1",
        "canaltype": "Lateral",
        "remarks": "LATERAL A-NORTH-1",
        "canal_type": "Lateral",
        "canal_leng": 3435.19,
        "station_no": "STA 0+000",
        "station__1": "STA 3+435.2",
        "station__2": null,
        "reversal_applied": false,
        "survey_length": "3,426",
        "canal_lining": "Unspecified"
      }
    },
    {
      "type": "Feature",
      "geometry": {
        "type": "LineString",
        "coordinates": [
          [
            118.4865612,
            9.3887122
          ],
          [
            118.486584,
            9.388708
          ],
          [
            118.486618,
            9.388696
          ],
          [
            118.486791,
            9.388694
          ],
          [
            118.4877239,
            9.3883696
          ],
          [
            118.4881999,
            9.3880896
          ],
          [
            118.4887821,
            9.3876127
          ],
          [
            118.488995,
            9.38727
          ],
          [
            118.489349,
            9.386569
          ],
          [
            118.490581,
            9.384437
          ],
          [
            118.4908127,
            9.3841225
          ],
          [
            118.4913823,
            9.3837294
          ],
          [
            118.491807,
            9.3835517
          ],
          [
            118.4921614,
            9.3834647
          ],
          [
            118.4924036,
            9.3834449
          ],
          [
            118.492692,
            9.383509
          ],
          [
            118.4941471,
            9.3840316
          ],
          [
            118.4943081,
            9.3840565
          ],
          [
            118.4955907,
            9.3840577
          ],
          [
            118.4959288,
            9.3840467
          ],
          [
            118.4962252,
            9.3839933
          ],
          [
            118.49666,
            9.383618
          ],
          [
            118.498233,
            9.382224
          ],
          [
            118.49966,
            9.380935
          ],
          [
            118.500107,
            9.380545
          ],
          [
            118.50047,
            9.379709
          ],
          [
            118.500689,
            9.379364
          ],
          [
            118.500929,
            9.379097
          ],
          [
            118.501141,
            9.378923
          ],
          [
            118.501373,
            9.378701
          ],
          [
            118.501588,
            9.378509
          ],
          [
            118.502338,
            9.377722
          ],
          [
            118.50238,
            9.377709
          ],
          [
            118.503008,
            9.377103
          ],
          [
            118.503054,
            9.377059
          ],
          [
            118.503077,
            9.377037
          ],
          [
            118.504194,
            9.375957
          ],
          [
            118.504219,
            9.375921
          ],
          [
            118.504277,
            9.375921
          ],
          [
            118.504925,
            9.375059
          ],
          [
            118.505534,
            9.374823
          ],
          [
            118.505881,
            9.37482
          ],
          [
            118.505943,
            9.374871
          ],
          [
            118.5061042,
            9.3749791
          ],
          [
            118.5065905,
            9.3750921
          ],
          [
            118.5068005,
            9.3751825
          ],
          [
            118.50811,
            9.376179
          ],
          [
            118.5089544,
            9.3767087
          ],
          [
            118.50969,
            9.377116
          ],
          [
            118.509703,
            9.377121
          ],
          [
            118.5103155,
            9.3774696
          ],
          [
            118.5103865,
            9.3774724
          ],
          [
            118.5112043,
            9.3773398
          ],
          [
            118.512852,
            9.376549
          ],
          [
            118.514021,
            9.375967
          ],
          [
            118.514322,
            9.375869
          ],
          [
            118.515732,
            9.375457
          ],
          [
            118.516236,
            9.375298
          ],
          [
            118.517631,
            9.375043
          ],
          [
            118.517729,
            9.375059
          ],
          [
            118.519476,
            9.374682
          ],
          [
            118.519503,
            9.374678
          ],
          [
            118.520878,
            9.374175
          ]
        ]
      },
      "properties": {
        "id": 707,
        "canal_id": 707,
        "canal": "TIGMAN LATERAL A",
        "canaltype": "Lateral",
        "remarks": "TIGMAN LATERAL A",
        "canal_type": "Lateral",
        "canal_leng": 4656.33,
        "station_no": "STA 0+000",
        "station__1": "STA 4+656.3",
        "station__2": null,
        "reversal_applied": false,
        "survey_length": "4,640",
        "canal_lining": "Unspecified"
      }
    },
    {
      "type": "Feature",
      "geometry": {
        "type": "LineString",
        "coordinates": [
          [
            118.465631,
            9.406825
          ],
          [
            118.465531,
            9.40691
          ],
          [
            118.465425,
            9.406873
          ],
          [
            118.4645443,
            9.4068082
          ],
          [
            118.4638024,
            9.4065698
          ],
          [
            118.4637036,
            9.4064923
          ],
          [
            118.4636594,
            9.4063468
          ],
          [
            118.463756,
            9.405662
          ],
          [
            118.463893,
            9.40481
          ],
          [
            118.4639531,
            9.4042433
          ],
          [
            118.4640544,
            9.4039697
          ],
          [
            118.4643292,
            9.4037092
          ],
          [
            118.4647029,
            9.4033529
          ],
          [
            118.4648865,
            9.4030049
          ],
          [
            118.4649232,
            9.4026874
          ],
          [
            118.4648839,
            9.4023743
          ],
          [
            118.4648317,
            9.4022119
          ],
          [
            118.4647195,
            9.4020758
          ],
          [
            118.464525,
            9.401923
          ],
          [
            118.464486,
            9.401796
          ],
          [
            118.4632119,
            9.4011563
          ],
          [
            118.4627315,
            9.4009507
          ],
          [
            118.4621262,
            9.4007543
          ],
          [
            118.461175,
            9.400353
          ],
          [
            118.461061,
            9.400294
          ],
          [
            118.46084,
            9.400242
          ],
          [
            118.458983,
            9.399374
          ],
          [
            118.458413,
            9.399169
          ],
          [
            118.45795,
            9.398967
          ],
          [
            118.457617,
            9.3988112
          ],
          [
            118.4574959,
            9.3987342
          ],
          [
            118.4574291,
            9.3986605
          ],
          [
            118.457365,
            9.39859
          ],
          [
            118.457337,
            9.398509
          ],
          [
            118.4570821,
            9.3982141
          ],
          [
            118.4567438,
            9.3979403
          ],
          [
            118.456311,
            9.397657
          ],
          [
            118.4559129,
            9.3973583
          ],
          [
            118.4557218,
            9.3972319
          ],
          [
            118.455446,
            9.397015
          ],
          [
            118.4554358,
            9.3970018
          ],
          [
            118.455366,
            9.396893
          ],
          [
            118.4552372,
            9.3966301
          ],
          [
            118.4551902,
            9.3964839
          ],
          [
            118.4551774,
            9.3962197
          ],
          [
            118.45519,
            9.395835
          ],
          [
            118.455201,
            9.395797
          ],
          [
            118.4552251,
            9.3956072
          ],
          [
            118.4552611,
            9.3952399
          ],
          [
            118.455349,
            9.394439
          ],
          [
            118.4554,
            9.393532
          ],
          [
            118.455419,
            9.393385
          ],
          [
            118.4554475,
            9.3930218
          ],
          [
            118.45551,
            9.392389
          ],
          [
            118.455523,
            9.392187
          ],
          [
            118.455525,
            9.392096
          ],
          [
            118.45554,
            9.392042
          ],
          [
            118.455722,
            9.391925
          ],
          [
            118.4557568,
            9.3918818
          ]
        ]
      },
      "properties": {
        "id": 709,
        "canal_id": 709,
        "canal": "TIGMAN SUPP.CANAL",
        "canaltype": "Supply Canal",
        "remarks": "TIGMAN SUPP.CANAL",
        "canal_type": "Main",
        "canal_leng": 2533.38,
        "station_no": "STA 0+000",
        "station__1": "STA 2+533.4",
        "station__2": null,
        "reversal_applied": false,
        "survey_length": "2,519",
        "canal_lining": "Unspecified"
      }
    },
    {
      "type": "Feature",
      "geometry": {
        "type": "LineString",
        "coordinates": [
          [
            118.454358,
            9.325571
          ],
          [
            118.454534,
            9.325721
          ],
          [
            118.454607,
            9.325721
          ],
          [
            118.454637,
            9.325702
          ],
          [
            118.454656,
            9.325676
          ],
          [
            118.454706,
            9.325673
          ],
          [
            118.4555496,
            9.3251925
          ],
          [
            118.4556645,
            9.3251239
          ],
          [
            118.4559152,
            9.3250328
          ],
          [
            118.4560488,
            9.3249833
          ],
          [
            118.456622,
            9.324804
          ],
          [
            118.456797,
            9.324763
          ],
          [
            118.4581885,
            9.3244259
          ],
          [
            118.4585476,
            9.3243496
          ],
          [
            118.4587031,
            9.3242869
          ],
          [
            118.4588044,
            9.3242182
          ],
          [
            118.458948,
            9.324098
          ],
          [
            118.459131,
            9.323947
          ],
          [
            118.4597925,
            9.3232812
          ],
          [
            118.4598628,
            9.3232013
          ],
          [
            118.4599435,
            9.3231457
          ],
          [
            118.460039,
            9.3231025
          ],
          [
            118.4602119,
            9.3230575
          ],
          [
            118.4603978,
            9.3230532
          ],
          [
            118.461745,
            9.323355
          ],
          [
            118.462661,
            9.323592
          ],
          [
            118.464155,
            9.323911
          ],
          [
            118.464457,
            9.3239592
          ],
          [
            118.4648825,
            9.323997
          ],
          [
            118.4649722,
            9.3239847
          ],
          [
            118.4650662,
            9.3239536
          ],
          [
            118.4651358,
            9.3239234
          ],
          [
            118.466466,
            9.322814
          ],
          [
            118.46701,
            9.322126
          ],
          [
            118.4672426,
            9.321777
          ],
          [
            118.4673036,
            9.3216808
          ],
          [
            118.4673106,
            9.3216593
          ],
          [
            118.46731,
            9.321624
          ],
          [
            118.466879,
            9.320919
          ],
          [
            118.467369,
            9.32058
          ],
          [
            118.467666,
            9.320338
          ],
          [
            118.467916,
            9.320099
          ],
          [
            118.468035,
            9.319978
          ],
          [
            118.46823,
            9.319809
          ],
          [
            118.468365,
            9.319658
          ],
          [
            118.46906,
            9.320528
          ],
          [
            118.469418,
            9.32029
          ],
          [
            118.469744,
            9.320109
          ],
          [
            118.4700234,
            9.3199174
          ],
          [
            118.470908,
            9.319033
          ],
          [
            118.471123,
            9.318789
          ],
          [
            118.471634,
            9.318357
          ],
          [
            118.472617,
            9.317595
          ],
          [
            118.472845,
            9.317415
          ]
        ]
      },
      "properties": {
        "id": 682,
        "canal_id": 682,
        "canal": "LATERAL D-SOUTH",
        "canaltype": "Lateral",
        "remarks": "LATERAL D-SOUTH",
        "canal_type": "Lateral",
        "canal_leng": 2617.44,
        "station_no": "STA 0+000",
        "station__1": "STA 2+617.4",
        "station__2": null,
        "reversal_applied": false,
        "survey_length": "2,990.00",
        "canal_lining": "Unspecified"
      }
    },
    {
      "type": "Feature",
      "geometry": {
        "type": "LineString",
        "coordinates": [
          [
            118.43477,
            9.395552
          ],
          [
            118.434956,
            9.395781
          ],
          [
            118.435011,
            9.395789
          ],
          [
            118.435299,
            9.39595
          ],
          [
            118.435417,
            9.396019
          ],
          [
            118.4358036,
            9.3961669
          ],
          [
            118.4360503,
            9.3961849
          ],
          [
            118.4367184,
            9.3960345
          ],
          [
            118.4379932,
            9.3956684
          ],
          [
            118.439142,
            9.395347
          ],
          [
            118.4407418,
            9.3948551
          ],
          [
            118.4409656,
            9.394761
          ],
          [
            118.4412494,
            9.3946353
          ],
          [
            118.441512,
            9.394487
          ],
          [
            118.444076,
            9.392439
          ],
          [
            118.445056,
            9.391572
          ],
          [
            118.4455811,
            9.3910466
          ],
          [
            118.4456901,
            9.3909133
          ],
          [
            118.4457523,
            9.3908211
          ],
          [
            118.4458855,
            9.3905951
          ],
          [
            118.44647,
            9.389098
          ],
          [
            118.446544,
            9.389017
          ],
          [
            118.446602,
            9.388848
          ],
          [
            118.447199,
            9.387463
          ],
          [
            118.447628,
            9.386326
          ],
          [
            118.448452,
            9.384296
          ],
          [
            118.448488,
            9.384262
          ],
          [
            118.448931,
            9.382983
          ],
          [
            118.449165,
            9.382397
          ],
          [
            118.4496076,
            9.3812182
          ],
          [
            118.4496881,
            9.3810845
          ],
          [
            118.4497598,
            9.3809938
          ],
          [
            118.450886,
            9.379957
          ],
          [
            118.451493,
            9.379272
          ],
          [
            118.4523448,
            9.378362
          ],
          [
            118.4526162,
            9.3779451
          ],
          [
            118.4528265,
            9.3776352
          ],
          [
            118.453181,
            9.37726
          ],
          [
            118.453974,
            9.376458
          ],
          [
            118.454261,
            9.375823
          ],
          [
            118.4543974,
            9.3753621
          ],
          [
            118.4544294,
            9.3751982
          ],
          [
            118.4544338,
            9.3750689
          ],
          [
            118.454414,
            9.374952
          ],
          [
            118.45434,
            9.374563
          ],
          [
            118.454126,
            9.374271
          ],
          [
            118.453677,
            9.37374
          ],
          [
            118.453487,
            9.373521
          ],
          [
            118.4531333,
            9.3730445
          ],
          [
            118.4530216,
            9.3728706
          ],
          [
            118.4529374,
            9.3726648
          ],
          [
            118.4528804,
            9.3724619
          ],
          [
            118.452845,
            9.372262
          ],
          [
            118.4528111,
            9.371949
          ],
          [
            118.452729,
            9.371361
          ],
          [
            118.452548,
            9.369143
          ],
          [
            118.45249,
            9.368842
          ],
          [
            118.452324,
            9.367076
          ],
          [
            118.45224,
            9.365432
          ],
          [
            118.4522693,
            9.365224
          ],
          [
            118.4523722,
            9.3648211
          ],
          [
            118.4525392,
            9.364287
          ],
          [
            118.453092,
            9.362597
          ],
          [
            118.4534649,
            9.36134
          ],
          [
            118.4535665,
            9.3610395
          ],
          [
            118.4536347,
            9.3608032
          ],
          [
            118.453698,
            9.3605292
          ],
          [
            118.4537442,
            9.3603088
          ],
          [
            118.453873,
            9.359338
          ],
          [
            118.4539179,
            9.3590606
          ],
          [
            118.4539748,
            9.3588566
          ],
          [
            118.4540932,
            9.3585186
          ],
          [
            118.454665,
            9.357434
          ],
          [
            118.455866,
            9.355217
          ],
          [
            118.457649,
            9.352209
          ],
          [
            118.45847,
            9.350799
          ],
          [
            118.458612,
            9.350521
          ],
          [
            118.4600188,
            9.3480983
          ],
          [
            118.460851,
            9.347032
          ],
          [
            118.4629906,
            9.3447746
          ],
          [
            118.4632981,
            9.344646
          ],
          [
            118.464584,
            9.344465
          ],
          [
            118.465388,
            9.344324
          ],
          [
            118.467541,
            9.343927
          ],
          [
            118.468258,
            9.343622
          ],
          [
            118.468358,
            9.343594
          ],
          [
            118.470977,
            9.342367
          ],
          [
            118.472209,
            9.341447
          ],
          [
            118.472346,
            9.341362
          ],
          [
            118.4725973,
            9.3412048
          ],
          [
            118.4727934,
            9.341148
          ],
          [
            118.4729508,
            9.3411447
          ],
          [
            118.4731891,
            9.3411854
          ],
          [
            118.4734431,
            9.3412641
          ],
          [
            118.4738968,
            9.3414316
          ],
          [
            118.474006,
            9.341544
          ],
          [
            118.474021,
            9.341528
          ],
          [
            118.474204,
            9.341469
          ],
          [
            118.476064,
            9.340376
          ],
          [
            118.476479,
            9.34012
          ],
          [
            118.476972,
            9.3398762
          ],
          [
            118.477682,
            9.3397316
          ],
          [
            118.4778948,
            9.3396481
          ],
          [
            118.4781087,
            9.3394703
          ],
          [
            118.478467,
            9.339203
          ],
          [
            118.478649,
            9.339044
          ],
          [
            118.479304,
            9.338634
          ],
          [
            118.480865,
            9.337733
          ],
          [
            118.483483,
            9.336192
          ]
        ]
      },
      "properties": {
        "id": 683,
        "canal_id": 683,
        "canal": "NORTH MAIN CANAL",
        "canaltype": "Main Canal",
        "remarks": "NORTH MAIN CANAL",
        "canal_type": "Main",
        "canal_leng": 9706.63,
        "station_no": "STA 0+000",
        "station__1": "STA 9+706.6",
        "station__2": null,
        "reversal_applied": false,
        "survey_length": "9,680.00",
        "canal_lining": "Unspecified"
      }
    },
    {
      "type": "Feature",
      "geometry": {
        "type": "LineString",
        "coordinates": [
          [
            118.4077516,
            9.3599563
          ],
          [
            118.4091011,
            9.3593197
          ],
          [
            118.4111724,
            9.358212
          ],
          [
            118.4144349,
            9.3558414
          ],
          [
            118.416063,
            9.357596
          ],
          [
            118.416609,
            9.3573278
          ],
          [
            118.4170235,
            9.3576436
          ],
          [
            118.4173309,
            9.3580341
          ],
          [
            118.4184755,
            9.3579845
          ],
          [
            118.4193869,
            9.3581837
          ],
          [
            118.4197509,
            9.3583114
          ],
          [
            118.4200291,
            9.3586781
          ],
          [
            118.4204774,
            9.3582154
          ],
          [
            118.4210279,
            9.3576076
          ],
          [
            118.4209473,
            9.3574601
          ],
          [
            118.4220607,
            9.3566429
          ],
          [
            118.4222902,
            9.3564228
          ],
          [
            118.4225622,
            9.3561609
          ],
          [
            118.4227355,
            9.3559957
          ],
          [
            118.4228366,
            9.3559061
          ],
          [
            118.4229839,
            9.3557755
          ],
          [
            118.4234788,
            9.3553367
          ],
          [
            118.4237729,
            9.3550759
          ],
          [
            118.4250878,
            9.3539102
          ],
          [
            118.4253029,
            9.3537195
          ],
          [
            118.4256231,
            9.3534356
          ]
        ]
      },
      "properties": {
        "id": 712,
        "canal_id": 712,
        "canal": "OLD DAM OF DAR",
        "canaltype": "Main Canal",
        "remarks": "OLD DAM OF DAR",
        "canal_type": "Main",
        "canal_leng": 2498.32,
        "station_no": "STA 0+000",
        "station__1": "STA 2+498.3",
        "station__2": null,
        "reversal_applied": false,
        "survey_length": "2+480",
        "canal_lining": "Unspecified"
      }
    },
    {
      "type": "Feature",
      "geometry": {
        "type": "LineString",
        "coordinates": [
          [
            118.4155561,
            9.3618204
          ],
          [
            118.416326,
            9.3614324
          ],
          [
            118.4172762,
            9.3606084
          ],
          [
            118.4175926,
            9.3601108
          ],
          [
            118.4177778,
            9.3598523
          ],
          [
            118.4181979,
            9.3596095
          ],
          [
            118.4188646,
            9.3592877
          ],
          [
            118.4192255,
            9.3592489
          ],
          [
            118.4194141,
            9.359248
          ],
          [
            118.4197314,
            9.3591919
          ],
          [
            118.4203611,
            9.3592034
          ],
          [
            118.4215683,
            9.3592942
          ],
          [
            118.4220271,
            9.359339
          ],
          [
            118.4225436,
            9.3593963
          ],
          [
            118.422935,
            9.3593939
          ],
          [
            118.423383,
            9.3594937
          ],
          [
            118.423894,
            9.3596448
          ],
          [
            118.4245553,
            9.3598073
          ],
          [
            118.4249378,
            9.3599193
          ],
          [
            118.425306,
            9.3600262
          ],
          [
            118.425407,
            9.36004
          ]
        ]
      },
      "properties": {
        "id": 713,
        "canal_id": 713,
        "canal": "TUWAS DAM",
        "canaltype": "Main Canal",
        "remarks": "TUWAS DAM",
        "canal_type": "Main",
        "canal_leng": 1201.55,
        "station_no": "STA 0+000",
        "station__1": "STA 1+201.5",
        "station__2": null,
        "reversal_applied": false,
        "survey_length": "1+200",
        "canal_lining": "Unspecified"
      }
    },
    {
      "type": "Feature",
      "geometry": {
        "type": "LineString",
        "coordinates": [
          [
            118.404741,
            9.359169
          ],
          [
            118.4049423,
            9.3590393
          ],
          [
            118.4053048,
            9.3580274
          ],
          [
            118.405932,
            9.357943
          ],
          [
            118.4062987,
            9.3578779
          ],
          [
            118.406554,
            9.357884
          ],
          [
            118.4072073,
            9.3575017
          ],
          [
            118.4080466,
            9.3569036
          ],
          [
            118.408294,
            9.356686
          ],
          [
            118.4086734,
            9.3563202
          ],
          [
            118.408809,
            9.356191
          ],
          [
            118.409035,
            9.356007
          ],
          [
            118.409093,
            9.355943
          ],
          [
            118.409752,
            9.355259
          ],
          [
            118.410157,
            9.354805
          ],
          [
            118.410321,
            9.354612
          ],
          [
            118.410585,
            9.354364
          ],
          [
            118.4108287,
            9.3540758
          ],
          [
            118.412286,
            9.352489
          ],
          [
            118.412642,
            9.35209
          ],
          [
            118.4139822,
            9.3505735
          ],
          [
            118.4147534,
            9.3493185
          ],
          [
            118.4158366,
            9.3485595
          ],
          [
            118.4164142,
            9.3481277
          ],
          [
            118.4169613,
            9.3477775
          ],
          [
            118.4177286,
            9.3472662
          ],
          [
            118.4198193,
            9.3447691
          ],
          [
            118.4201124,
            9.3444508
          ],
          [
            118.4209339,
            9.3438523
          ]
        ]
      },
      "properties": {
        "id": 710,
        "canal_id": 710,
        "canal": "MC OF ESTRELLA DAM",
        "canaltype": "Main Canal",
        "remarks": "MC OF ESTRELLA DAM",
        "canal_type": "Main",
        "canal_leng": 2524.43,
        "station_no": "STA 0+000",
        "station__1": "STA 2+524.4",
        "station__2": null,
        "reversal_applied": false,
        "survey_length": "2+520",
        "canal_lining": "Unspecified"
      }
    },
    {
      "type": "Feature",
      "geometry": {
        "type": "LineString",
        "coordinates": [
          [
            118.406554,
            9.357884
          ],
          [
            118.406554,
            9.357884
          ],
          [
            118.4070425,
            9.3579242
          ],
          [
            118.4080374,
            9.3580484
          ],
          [
            118.4086981,
            9.3580277
          ],
          [
            118.4090778,
            9.3578569
          ],
          [
            118.4101342,
            9.3573377
          ],
          [
            118.4111724,
            9.358212
          ],
          [
            118.4144349,
            9.3558414
          ],
          [
            118.416063,
            9.357596
          ],
          [
            118.416609,
            9.3573278
          ],
          [
            118.4170235,
            9.3576436
          ],
          [
            118.4173309,
            9.3580341
          ],
          [
            118.4184755,
            9.3579845
          ],
          [
            118.4193869,
            9.3581837
          ],
          [
            118.4197509,
            9.3583114
          ],
          [
            118.4200291,
            9.3586781
          ],
          [
            118.4204774,
            9.3582154
          ],
          [
            118.4210279,
            9.3576076
          ],
          [
            118.4209473,
            9.3574601
          ],
          [
            118.4220607,
            9.3566429
          ],
          [
            118.4227355,
            9.3559957
          ],
          [
            118.4256231,
            9.3534356
          ]
        ]
      },
      "properties": {
        "id": 711,
        "canal_id": 711,
        "canal": "ESTRELLA DAM",
        "canaltype": "Main Canal",
        "remarks": "ESTRELLA DAM",
        "canal_type": "Main",
        "canal_leng": 2637.56,
        "station_no": "STA 0+000",
        "station__1": "STA 2+637.6",
        "station__2": null,
        "reversal_applied": false,
        "survey_length": "2+600",
        "canal_lining": "Unspecified"
      }
    }
  ]
}