{
  "type": "FeatureCollection",
  "name": "Mongpong_RIS_canals",
  "crs": {
    "type": "name",
    "properties": {
      "name": "urn:ogc:def:crs:OGC:1.3:CRS84"
    }
  },
  "features": [
    {
      "type": "Feature",
      "geometry": {
        "type": "LineString",
        "coordinates": [
          [
            120.8431565,
            12.8112425
          ],
          [
            120.8430094,
            12.8112191
          ],
          [
            120.8429033,
            12.8111974
          ],
          [
            120.842767,
            12.8111766
          ],
          [
            120.8426536,
            12.8111636
          ],
          [
            120.8424322,
            12.8111489
          ],
          [
            120.8422822,
            12.8111357
          ],
          [
            120.8422161,
            12.8111242
          ],
          [
            120.8420652,
            12.8110838
          ],
          [
            120.8419854,
            12.8110635
          ],
          [
            120.8418936,
            12.8110392
          ],
          [
            120.8418609,
            12.8110278
          ],
          [
            120.8418278,
            12.8110164
          ],
          [
            120.8416451,
            12.8109456
          ],
          [
            120.8415792,
            12.8109146
          ],
          [
            120.841295,
            12.8107873
          ],
          [
            120.8410139,
            12.8106711
          ],
          [
            120.8407505,
            12.8105566
          ],
          [
            120.8403773,
            12.8103913
          ],
          [
            120.8401764,
            12.8103052
          ],
          [
            120.8397748,
            12.8101531
          ],
          [
            120.8395701,
            12.810082
          ],
          [
            120.8394348,
            12.8100318
          ],
          [
            120.8393657,
            12.8100054
          ],
          [
            120.8393363,
            12.8099853
          ],
          [
            120.8391202,
            12.8099273
          ],
          [
            120.8388606,
            12.8098761
          ],
          [
            120.8387342,
            12.8098495
          ],
          [
            120.8386424,
            12.8098305
          ],
          [
            120.8384521,
            12.8097975
          ],
          [
            120.8381034,
            12.809724
          ],
          [
            120.8380193,
            12.8096956
          ],
          [
            120.8379563,
            12.8096738
          ],
          [
            120.8379085,
            12.809657
          ],
          [
            120.8378069,
            12.8096149
          ],
          [
            120.8377083,
            12.809572
          ],
          [
            120.8375815,
            12.809515
          ],
          [
            120.8375337,
            12.8094888
          ],
          [
            120.837482,
            12.8094547
          ],
          [
            120.8374536,
            12.8094339
          ],
          [
            120.8373993,
            12.8093863
          ],
          [
            120.8373709,
            12.8093593
          ],
          [
            120.8373488,
            12.8093329
          ],
          [
            120.8373255,
            12.8092902
          ],
          [
            120.8372787,
            12.8091446
          ],
          [
            120.8372509,
            12.809043
          ],
          [
            120.8372382,
            12.8089775
          ],
          [
            120.8372294,
            12.8089024
          ],
          [
            120.8372246,
            12.8087346
          ],
          [
            120.8372125,
            12.8086895
          ],
          [
            120.8371907,
            12.8086663
          ],
          [
            120.8371623,
            12.8086367
          ],
          [
            120.8371232,
            12.8086017
          ],
          [
            120.8370862,
            12.8085647
          ],
          [
            120.8370545,
            12.8085318
          ],
          [
            120.8370253,
            12.8085029
          ],
          [
            120.8369466,
            12.8084465
          ],
          [
            120.8368222,
            12.8083547
          ],
          [
            120.8366341,
            12.8081972
          ],
          [
            120.8363298,
            12.8080344
          ],
          [
            120.836224,
            12.8079714
          ],
          [
            120.83621,
            12.8079688
          ],
          [
            120.836199,
            12.8079702
          ],
          [
            120.8361809,
            12.8079769
          ],
          [
            120.8361548,
            12.8079911
          ],
          [
            120.8361187,
            12.8080033
          ],
          [
            120.8360866,
            12.808018
          ],
          [
            120.8360447,
            12.8080066
          ],
          [
            120.8359936,
            12.8079839
          ],
          [
            120.8359073,
            12.8079374
          ],
          [
            120.8358331,
            12.8078892
          ],
          [
            120.835791,
            12.8078603
          ],
          [
            120.8356816,
            12.8077907
          ],
          [
            120.8355485,
            12.8076915
          ],
          [
            120.8355081,
            12.807663
          ],
          [
            120.8354791,
            12.8076469
          ],
          [
            120.8354623,
            12.8076417
          ],
          [
            120.8354216,
            12.8076466
          ],
          [
            120.8353774,
            12.8076592
          ],
          [
            120.8353277,
            12.8076779
          ],
          [
            120.8352397,
            12.8077161
          ],
          [
            120.83522,
            12.8077231
          ],
          [
            120.8352016,
            12.8077259
          ],
          [
            120.8351857,
            12.8077215
          ],
          [
            120.8351715,
            12.8077067
          ],
          [
            120.8351603,
            12.8076896
          ],
          [
            120.83514,
            12.8076608
          ],
          [
            120.8351109,
            12.8076221
          ],
          [
            120.8350685,
            12.8075544
          ],
          [
            120.8349828,
            12.8074419
          ],
          [
            120.834951,
            12.8074164
          ],
          [
            120.8349271,
            12.8074077
          ],
          [
            120.8349025,
            12.8073928
          ],
          [
            120.8348578,
            12.8073663
          ],
          [
            120.834812,
            12.8073368
          ],
          [
            120.8347935,
            12.8073167
          ],
          [
            120.8347693,
            12.8072924
          ],
          [
            120.8347243,
            12.8072268
          ],
          [
            120.8346483,
            12.8071173
          ],
          [
            120.8345838,
            12.8070144
          ]
        ]
      },
      "properties": {
        "id": 26,
        "canal_id": 26,
        "canal": "MC 5",
        "canaltype": "Main Canal",
        "remarks": "MC 5",
        "canal_type": "Main",
        "canal_leng": 1110.8,
        "station_no": "STA 0+000",
        "station__1": "STA 1+110.8",
        "station__2": "STA.0+000.00",
        "reversal_applied": true,
        "canal_widt": null,
        "canal_lining": "Lined"
      }
    },
    {
      "type": "Feature",
      "geometry": {
        "type": "LineString",
        "coordinates": [
          [
            120.8441298,
            12.8187016
          ],
          [
            120.8440464,
            12.8186544
          ],
          [
            120.8439693,
            12.818603
          ],
          [
            120.8439067,
            12.8185137
          ],
          [
            120.8438194,
            12.8184343
          ],
          [
            120.8437098,
            12.818394
          ],
          [
            120.8435055,
            12.8183911
          ],
          [
            120.8432932,
            12.8184096
          ],
          [
            120.8431481,
            12.8184351
          ],
          [
            120.8430354,
            12.8184621
          ],
          [
            120.8429106,
            12.8185398
          ],
          [
            120.8426853,
            12.8186999
          ],
          [
            120.8425875,
            12.8187636
          ],
          [
            120.8425488,
            12.8187808
          ],
          [
            120.8424487,
            12.81881
          ],
          [
            120.842325,
            12.8188323
          ],
          [
            120.8421657,
            12.8188514
          ],
          [
            120.8420175,
            12.8188472
          ],
          [
            120.8419603,
            12.818838
          ],
          [
            120.8418854,
            12.8188074
          ],
          [
            120.8418353,
            12.8187749
          ],
          [
            120.8418098,
            12.8187505
          ],
          [
            120.8417707,
            12.8187026
          ],
          [
            120.8416907,
            12.8185749
          ],
          [
            120.8416226,
            12.8184454
          ],
          [
            120.8415764,
            12.8182995
          ],
          [
            120.8415194,
            12.8181419
          ],
          [
            120.8414738,
            12.8180523
          ],
          [
            120.8414344,
            12.8179094
          ],
          [
            120.8414279,
            12.8178618
          ],
          [
            120.8414355,
            12.8176757
          ],
          [
            120.8414403,
            12.817569
          ],
          [
            120.8414633,
            12.817492
          ],
          [
            120.8414749,
            12.817455
          ],
          [
            120.8414811,
            12.8174277
          ],
          [
            120.8415039,
            12.8174092
          ],
          [
            120.8415032,
            12.8173853
          ],
          [
            120.8414994,
            12.8173667
          ],
          [
            120.8414753,
            12.8172919
          ],
          [
            120.8414685,
            12.8172548
          ],
          [
            120.8414519,
            12.8171838
          ],
          [
            120.8414234,
            12.8171179
          ],
          [
            120.8413951,
            12.8170927
          ],
          [
            120.8413146,
            12.8170377
          ],
          [
            120.8412219,
            12.8169752
          ],
          [
            120.8411302,
            12.816904
          ],
          [
            120.8410738,
            12.8168633
          ],
          [
            120.8408066,
            12.8167563
          ],
          [
            120.8404887,
            12.8166277
          ],
          [
            120.8403113,
            12.8165562
          ],
          [
            120.8400251,
            12.8164459
          ],
          [
            120.8399629,
            12.8164149
          ],
          [
            120.8399053,
            12.8163741
          ],
          [
            120.8398581,
            12.8163004
          ],
          [
            120.8398209,
            12.8162127
          ],
          [
            120.8398046,
            12.8161195
          ],
          [
            120.8398058,
            12.8160248
          ],
          [
            120.8398147,
            12.8159727
          ],
          [
            120.8398215,
            12.8159547
          ],
          [
            120.8398351,
            12.815935
          ],
          [
            120.8398504,
            12.8159211
          ],
          [
            120.8398765,
            12.8159049
          ],
          [
            120.8398976,
            12.8159009
          ],
          [
            120.8399328,
            12.815902
          ],
          [
            120.8399798,
            12.8159049
          ],
          [
            120.8400796,
            12.8159205
          ],
          [
            120.8402279,
            12.815949
          ],
          [
            120.8402866,
            12.8159527
          ],
          [
            120.840342,
            12.8159557
          ],
          [
            120.8403756,
            12.8159543
          ],
          [
            120.8404562,
            12.8159492
          ],
          [
            120.840563,
            12.8159303
          ],
          [
            120.840642,
            12.815926
          ],
          [
            120.8407016,
            12.8159182
          ],
          [
            120.8407571,
            12.8159072
          ],
          [
            120.8408,
            12.8159026
          ],
          [
            120.8408495,
            12.8159005
          ],
          [
            120.8409133,
            12.8159068
          ],
          [
            120.8410231,
            12.8159283
          ],
          [
            120.8410802,
            12.8159296
          ],
          [
            120.8411439,
            12.8159416
          ],
          [
            120.8412294,
            12.8159563
          ],
          [
            120.8413165,
            12.815976
          ],
          [
            120.8413684,
            12.8159946
          ],
          [
            120.8414279,
            12.8160033
          ],
          [
            120.8415228,
            12.8160041
          ],
          [
            120.8416717,
            12.8160119
          ],
          [
            120.8417142,
            12.8160052
          ],
          [
            120.8417672,
            12.8159935
          ],
          [
            120.8418028,
            12.8159753
          ],
          [
            120.8418368,
            12.8159529
          ],
          [
            120.841878,
            12.8159142
          ],
          [
            120.8419692,
            12.8157785
          ],
          [
            120.8419964,
            12.8157359
          ],
          [
            120.8420228,
            12.8156949
          ],
          [
            120.8420492,
            12.8156473
          ],
          [
            120.8421002,
            12.8155794
          ],
          [
            120.8421505,
            12.8154859
          ],
          [
            120.8421898,
            12.8154096
          ],
          [
            120.8422188,
            12.8153587
          ],
          [
            120.8422472,
            12.8153182
          ],
          [
            120.8423322,
            12.815192
          ],
          [
            120.842354,
            12.8151572
          ],
          [
            120.8423643,
            12.8151272
          ],
          [
            120.8423596,
            12.8150927
          ],
          [
            120.8423544,
            12.8150573
          ],
          [
            120.8422618,
            12.814837
          ],
          [
            120.8421367,
            12.8145736
          ],
          [
            120.8420731,
            12.814448
          ],
          [
            120.8420174,
            12.8143192
          ],
          [
            120.8419783,
            12.8142308
          ],
          [
            120.8419315,
            12.814129
          ],
          [
            120.8419068,
            12.81408
          ],
          [
            120.8418725,
            12.814015
          ],
          [
            120.8418493,
            12.8139655
          ],
          [
            120.8418213,
            12.8139056
          ],
          [
            120.8417751,
            12.8138122
          ],
          [
            120.8416875,
            12.8136325
          ]
        ]
      },
      "properties": {
        "id": 145,
        "canal_id": 145,
        "canal": "MC 6 MFD",
        "canaltype": "Main Farm Ditch",
        "remarks": "MC 6 MFD",
        "canal_type": "Ditch",
        "canal_leng": 1221.93,
        "station_no": "STA 0+017.00",
        "station__1": "STA 1+261.00",
        "station__2": "STA.0+017.00",
        "reversal_applied": true,
        "canal_widt": null,
        "canal_lining": "Unlined"
      }
    },
    {
      "type": "Feature",
      "geometry": {
        "type": "LineString",
        "coordinates": [
          [
            120.8181181,
            12.8293972
          ],
          [
            120.8181345,
            12.8293658
          ],
          [
            120.8181667,
            12.8293559
          ],
          [
            120.8181886,
            12.8293572
          ],
          [
            120.8182116,
            12.8293574
          ],
          [
            120.8182242,
            12.8293564
          ],
          [
            120.8182278,
            12.8293429
          ],
          [
            120.8182293,
            12.8293023
          ],
          [
            120.8182329,
            12.8292775
          ],
          [
            120.8182423,
            12.8292618
          ],
          [
            120.8182632,
            12.829236
          ],
          [
            120.818411,
            12.8291481
          ],
          [
            120.8186007,
            12.8290144
          ],
          [
            120.8187117,
            12.8289386
          ],
          [
            120.8187359,
            12.828923
          ],
          [
            120.8187636,
            12.8289165
          ],
          [
            120.8187958,
            12.8289111
          ],
          [
            120.8188176,
            12.8289135
          ],
          [
            120.819107,
            12.8289441
          ],
          [
            120.8192858,
            12.8289952
          ],
          [
            120.8194338,
            12.8290326
          ],
          [
            120.8195519,
            12.8290584
          ],
          [
            120.8197779,
            12.8290598
          ]
        ]
      },
      "properties": {
        "id": 96,
        "canal_id": 96,
        "canal": "FARM DITCH (CANAL 96)",
        "canaltype": "Farm Ditch",
        "remarks": "FARM DITCH (CANAL 96)",
        "canal_type": "Ditch",
        "canal_leng": 205.38,
        "station_no": "STA 0+000",
        "station__1": "STA 0+205.4",
        "station__2": "STA.0+000.00",
        "reversal_applied": false,
        "canal_widt": null,
        "canal_lining": "Unlined"
      }
    },
    {
      "type": "Feature",
      "geometry": {
        "type": "LineString",
        "coordinates": [
          [
            120.8283638,
            12.8266557
          ],
          [
            120.8281954,
            12.8267175
          ],
          [
            120.8278909,
            12.8268424
          ],
          [
            120.8275646,
            12.8269672
          ],
          [
            120.8273097,
            12.8270767
          ]
        ]
      },
      "properties": {
        "id": 99,
        "canal_id": 99,
        "canal": "FARM DITCH (CANAL 99)",
        "canaltype": "Farm Ditch",
        "remarks": "FARM DITCH (CANAL 99)",
        "canal_type": "Ditch",
        "canal_leng": 123.61,
        "station_no": "STA 0+000",
        "station__1": "STA 0+123.6",
        "station__2": "STA.0+000.00",
        "reversal_applied": false,
        "canal_widt": null,
        "canal_lining": "Unlined"
      }
    },
    {
      "type": "Feature",
      "geometry": {
        "type": "LineString",
        "coordinates": [
          [
            120.8253153,
            12.830831
          ],
          [
            120.8254095,
            12.8308344
          ],
          [
            120.8255455,
            12.8308491
          ],
          [
            120.8257514,
            12.8309692
          ],
          [
            120.8259337,
            12.8310215
          ],
          [
            120.8262172,
            12.8311253
          ],
          [
            120.8265223,
            12.8312863
          ],
          [
            120.8266926,
            12.8313762
          ],
          [
            120.8272998,
            12.8316285
          ]
        ]
      },
      "properties": {
        "id": 123,
        "canal_id": 123,
        "canal": "FARM DITCH (CANAL 123)",
        "canaltype": "Farm Ditch",
        "remarks": "FARM DITCH (CANAL 123)",
        "canal_type": "Ditch",
        "canal_leng": 234.81,
        "station_no": "STA 0+000",
        "station__1": "STA 0+234.8",
        "station__2": "STA.0+000.00",
        "reversal_applied": false,
        "canal_widt": null,
        "canal_lining": "Unlined"
      }
    },
    {
      "type": "Feature",
      "geometry": {
        "type": "LineString",
        "coordinates": [
          [
            120.8450324,
            12.8115996
          ],
          [
            120.845126,
            12.8114835
          ],
          [
            120.8451898,
            12.8114116
          ],
          [
            120.8452254,
            12.811355
          ],
          [
            120.8452487,
            12.8113069
          ],
          [
            120.8452929,
            12.8112728
          ],
          [
            120.8453272,
            12.8112722
          ],
          [
            120.8453781,
            12.8112726
          ],
          [
            120.8454063,
            12.8112703
          ],
          [
            120.8454283,
            12.8112662
          ],
          [
            120.8454512,
            12.8112534
          ],
          [
            120.8455033,
            12.8112219
          ],
          [
            120.8455607,
            12.8111905
          ],
          [
            120.8457197,
            12.8110823
          ],
          [
            120.845845,
            12.8110195
          ],
          [
            120.8460442,
            12.8109401
          ],
          [
            120.8459524,
            12.8103704
          ],
          [
            120.8458727,
            12.8098283
          ],
          [
            120.8458694,
            12.8098007
          ],
          [
            120.8458433,
            12.8097711
          ],
          [
            120.8455945,
            12.8094881
          ],
          [
            120.8452825,
            12.8091941
          ],
          [
            120.8450561,
            12.8089526
          ]
        ]
      },
      "properties": {
        "id": 27,
        "canal_id": 27,
        "canal": "FARM DITCH (CANAL 27)",
        "canaltype": "Farm Ditch",
        "remarks": "FARM DITCH (CANAL 27)",
        "canal_type": "Ditch",
        "canal_leng": 393.83,
        "station_no": "STA 0+000",
        "station__1": "STA 0+393.8",
        "station__2": "STA.0+000.00",
        "reversal_applied": true,
        "canal_widt": null,
        "canal_lining": "Unlined"
      }
    },
    {
      "type": "Feature",
      "geometry": {
        "type": "LineString",
        "coordinates": [
          [
            120.8434828,
            12.8189493
          ],
          [
            120.8434731,
            12.8190126
          ],
          [
            120.8434322,
            12.8191863
          ],
          [
            120.8434089,
            12.8193105
          ],
          [
            120.8433976,
            12.8193945
          ],
          [
            120.8433907,
            12.8194184
          ],
          [
            120.843385,
            12.8194353
          ],
          [
            120.8433443,
            12.819514
          ],
          [
            120.8433087,
            12.8195869
          ],
          [
            120.8432723,
            12.8196815
          ],
          [
            120.8432438,
            12.8197636
          ],
          [
            120.8432409,
            12.8197778
          ],
          [
            120.843234,
            12.8198716
          ],
          [
            120.84323,
            12.8198836
          ],
          [
            120.8431677,
            12.8200129
          ],
          [
            120.8431196,
            12.8201789
          ]
        ]
      },
      "properties": {
        "id": 30,
        "canal_id": 30,
        "canal": "FARM DITCH (CANAL 30)",
        "canaltype": "Farm Ditch",
        "remarks": "FARM DITCH (CANAL 30)",
        "canal_type": "Ditch",
        "canal_leng": 142.71,
        "station_no": "STA 0+000",
        "station__1": "STA 0+142.7",
        "station__2": "STA.0+000.00",
        "reversal_applied": false,
        "canal_widt": null,
        "canal_lining": "Unlined"
      }
    },
    {
      "type": "Feature",
      "geometry": {
        "type": "LineString",
        "coordinates": [
          [
            120.867277,
            12.813715
          ],
          [
            120.8670868,
            12.8138612
          ],
          [
            120.8669461,
            12.8139681
          ],
          [
            120.8667322,
            12.814114
          ],
          [
            120.8665276,
            12.8142339
          ],
          [
            120.8664363,
            12.8142822
          ],
          [
            120.8663239,
            12.8143368
          ],
          [
            120.8662387,
            12.8143698
          ],
          [
            120.8661754,
            12.8143882
          ],
          [
            120.8661145,
            12.8143971
          ],
          [
            120.8660543,
            12.8144002
          ],
          [
            120.8659605,
            12.8143906
          ],
          [
            120.8657981,
            12.8143768
          ],
          [
            120.8655103,
            12.8143172
          ],
          [
            120.8652398,
            12.8142725
          ],
          [
            120.8649093,
            12.8142143
          ],
          [
            120.8646773,
            12.814177
          ],
          [
            120.8645366,
            12.8141581
          ],
          [
            120.8644439,
            12.814155
          ],
          [
            120.8643837,
            12.8141569
          ],
          [
            120.8643235,
            12.8141587
          ],
          [
            120.864215,
            12.8141791
          ],
          [
            120.863987,
            12.8142328
          ],
          [
            120.8636951,
            12.8143119
          ],
          [
            120.8634816,
            12.8143634
          ],
          [
            120.863379,
            12.8143891
          ],
          [
            120.863194,
            12.8144171
          ],
          [
            120.8629182,
            12.8144332
          ],
          [
            120.8627708,
            12.8144255
          ],
          [
            120.8626211,
            12.8144054
          ],
          [
            120.8624228,
            12.8143719
          ],
          [
            120.8621953,
            12.8143003
          ],
          [
            120.8619861,
            12.814226
          ],
          [
            120.8613022,
            12.8139712
          ],
          [
            120.8608539,
            12.8138116
          ],
          [
            120.8602987,
            12.8136096
          ],
          [
            120.8597859,
            12.8134473
          ],
          [
            120.8595448,
            12.8133485
          ],
          [
            120.8592102,
            12.813204
          ],
          [
            120.858824,
            12.8130308
          ],
          [
            120.8582129,
            12.812776
          ],
          [
            120.8576785,
            12.8125543
          ],
          [
            120.8563239,
            12.8119272
          ],
          [
            120.8557963,
            12.8116807
          ],
          [
            120.8555728,
            12.811585
          ],
          [
            120.8555347,
            12.8115655
          ],
          [
            120.8552409,
            12.8114293
          ],
          [
            120.8538339,
            12.8107687
          ],
          [
            120.853316,
            12.8105188
          ],
          [
            120.8530055,
            12.8103745
          ],
          [
            120.8528717,
            12.8103188
          ],
          [
            120.8527341,
            12.8102919
          ],
          [
            120.8526553,
            12.810289
          ],
          [
            120.8521488,
            12.8103256
          ],
          [
            120.8513608,
            12.8104166
          ],
          [
            120.8509747,
            12.8104607
          ],
          [
            120.8504913,
            12.8105161
          ],
          [
            120.8501263,
            12.8105568
          ],
          [
            120.849689,
            12.8106061
          ],
          [
            120.8493252,
            12.8106374
          ],
          [
            120.8486844,
            12.8106889
          ],
          [
            120.8485977,
            12.8106976
          ],
          [
            120.8484056,
            12.8107081
          ],
          [
            120.847499,
            12.8107979
          ],
          [
            120.84697,
            12.8108506
          ],
          [
            120.846612,
            12.8109114
          ],
          [
            120.8464624,
            12.8109504
          ],
          [
            120.8463525,
            12.8109849
          ],
          [
            120.8460325,
            12.811111
          ],
          [
            120.8458259,
            12.811207
          ],
          [
            120.8456707,
            12.8112882
          ],
          [
            120.8453892,
            12.8114431
          ],
          [
            120.8450523,
            12.8116257
          ],
          [
            120.8449134,
            12.8117058
          ],
          [
            120.8447741,
            12.8117888
          ],
          [
            120.8442759,
            12.8120494
          ],
          [
            120.8440025,
            12.8122152
          ],
          [
            120.843572,
            12.8124441
          ],
          [
            120.8428337,
            12.8128376
          ],
          [
            120.8421093,
            12.8132368
          ],
          [
            120.8418191,
            12.8133927
          ],
          [
            120.8416396,
            12.8134843
          ],
          [
            120.8415353,
            12.8135348
          ],
          [
            120.8413404,
            12.8136274
          ],
          [
            120.8412654,
            12.8136688
          ],
          [
            120.8411735,
            12.8137185
          ],
          [
            120.8410829,
            12.8137573
          ],
          [
            120.8410298,
            12.8137699
          ],
          [
            120.8409702,
            12.8137729
          ],
          [
            120.8409179,
            12.8137678
          ],
          [
            120.8408572,
            12.8137572
          ],
          [
            120.8407912,
            12.8137366
          ],
          [
            120.8407306,
            12.8137095
          ],
          [
            120.8405861,
            12.8136404
          ],
          [
            120.8404644,
            12.8135886
          ],
          [
            120.8402414,
            12.8134846
          ],
          [
            120.8399002,
            12.8133324
          ],
          [
            120.8395554,
            12.8131884
          ],
          [
            120.8392064,
            12.8130385
          ],
          [
            120.8390966,
            12.8129927
          ],
          [
            120.8387649,
            12.8128588
          ],
          [
            120.8385052,
            12.8127522
          ],
          [
            120.8381904,
            12.8126208
          ],
          [
            120.8380137,
            12.8125461
          ],
          [
            120.8378089,
            12.8124617
          ],
          [
            120.8375691,
            12.8123511
          ],
          [
            120.8373269,
            12.8122392
          ],
          [
            120.8371498,
            12.8121776
          ],
          [
            120.8370371,
            12.8121317
          ],
          [
            120.8369466,
            12.8120908
          ],
          [
            120.836462,
            12.8118884
          ],
          [
            120.8359011,
            12.8116418
          ],
          [
            120.8354622,
            12.811448
          ],
          [
            120.8351635,
            12.8113285
          ],
          [
            120.8349277,
            12.8112362
          ],
          [
            120.8348293,
            12.8112067
          ],
          [
            120.834639,
            12.811164
          ],
          [
            120.8343645,
            12.8111477
          ],
          [
            120.8341846,
            12.8111385
          ]
        ]
      },
      "properties": {
        "id": 176,
        "canal_id": 176,
        "canal": "MAIN CANAL",
        "canaltype": "Main Canal",
        "remarks": "MAIN CANAL",
        "canal_type": "Main",
        "canal_leng": 3858.2,
        "station_no": "STA 0+000.00",
        "station__1": "STA 4+500.00",
        "station__2": "STA.0+000.00",
        "reversal_applied": true,
        "canal_widt": null,
        "canal_lining": "Lined"
      }
    },
    {
      "type": "Feature",
      "geometry": {
        "type": "LineString",
        "coordinates": [
          [
            120.8418656,
            12.8033452
          ],
          [
            120.8417218,
            12.8030614
          ],
          [
            120.8416546,
            12.8029074
          ],
          [
            120.8416187,
            12.8027899
          ],
          [
            120.8416038,
            12.8026915
          ],
          [
            120.8416115,
            12.802607
          ],
          [
            120.8416281,
            12.802521
          ],
          [
            120.8416746,
            12.8024179
          ],
          [
            120.841721,
            12.8023321
          ],
          [
            120.841831,
            12.8022088
          ],
          [
            120.8419675,
            12.8020685
          ],
          [
            120.8421646,
            12.801827
          ],
          [
            120.8422874,
            12.801694
          ]
        ]
      },
      "properties": {
        "id": 4,
        "canal_id": 4,
        "canal": "FARM DITCH (CANAL 4)",
        "canaltype": "Farm Ditch",
        "remarks": "FARM DITCH (CANAL 4)",
        "canal_type": "Ditch",
        "canal_leng": 214.2,
        "station_no": "STA 0+000",
        "station__1": "STA 0+214.2",
        "station__2": "STA.0+000.00",
        "reversal_applied": false,
        "canal_widt": null,
        "canal_lining": "Unlined"
      }
    },
    {
      "type": "Feature",
      "geometry": {
        "type": "LineString",
        "coordinates": [
          [
            120.8435968,
            12.803917
          ],
          [
            120.8436106,
            12.8036856
          ],
          [
            120.8436652,
            12.803455
          ],
          [
            120.843702,
            12.8033281
          ],
          [
            120.8437431,
            12.8031866
          ],
          [
            120.8437856,
            12.8029387
          ],
          [
            120.8438482,
            12.8025978
          ],
          [
            120.8439305,
            12.8022243
          ],
          [
            120.84395,
            12.8020393
          ],
          [
            120.8439534,
            12.8020072
          ],
          [
            120.8439803,
            12.8017367
          ],
          [
            120.843992,
            12.8016006
          ],
          [
            120.8439911,
            12.8014989
          ],
          [
            120.8439968,
            12.8014454
          ],
          [
            120.8440311,
            12.8013457
          ],
          [
            120.8440364,
            12.8013402
          ],
          [
            120.8440465,
            12.8013402
          ],
          [
            120.8440834,
            12.8013393
          ],
          [
            120.8440913,
            12.8013354
          ],
          [
            120.8440997,
            12.8013273
          ],
          [
            120.844169,
            12.8011904
          ],
          [
            120.8441852,
            12.8011405
          ],
          [
            120.8442008,
            12.8010622
          ],
          [
            120.8442089,
            12.801039
          ],
          [
            120.844216,
            12.8010338
          ],
          [
            120.8442329,
            12.8010064
          ],
          [
            120.8442331,
            12.8009866
          ],
          [
            120.844194,
            12.8009193
          ],
          [
            120.8441863,
            12.800906
          ],
          [
            120.8434245,
            12.7998945
          ]
        ]
      },
      "properties": {
        "id": 5,
        "canal_id": 5,
        "canal": "FARM DITCH (CANAL 5)",
        "canaltype": "Farm Ditch",
        "remarks": "FARM DITCH (CANAL 5)",
        "canal_type": "Ditch",
        "canal_leng": 487.95,
        "station_no": "STA 0+000",
        "station__1": "STA 0+487.9",
        "station__2": "STA.0+000.00",
        "reversal_applied": false,
        "canal_widt": null,
        "canal_lining": "Unlined"
      }
    },
    {
      "type": "Feature",
      "geometry": {
        "type": "LineString",
        "coordinates": [
          [
            120.8444327,
            12.8060292
          ],
          [
            120.8442651,
            12.8066235
          ],
          [
            120.8442588,
            12.806639
          ],
          [
            120.8442142,
            12.8067197
          ],
          [
            120.8441832,
            12.8067548
          ],
          [
            120.8441235,
            12.80685
          ],
          [
            120.844063,
            12.8069434
          ],
          [
            120.8440354,
            12.8069881
          ],
          [
            120.8439689,
            12.8071591
          ],
          [
            120.8439384,
            12.8072373
          ],
          [
            120.8439347,
            12.8072554
          ],
          [
            120.8439401,
            12.8073425
          ],
          [
            120.8439533,
            12.8074417
          ],
          [
            120.8439722,
            12.8074997
          ],
          [
            120.8439902,
            12.8075489
          ],
          [
            120.8440193,
            12.8075354
          ],
          [
            120.8440573,
            12.8075029
          ],
          [
            120.8440848,
            12.8074756
          ],
          [
            120.844137,
            12.8074372
          ],
          [
            120.8442696,
            12.8073383
          ],
          [
            120.8443536,
            12.8072717
          ],
          [
            120.8443828,
            12.8072435
          ],
          [
            120.8444141,
            12.8071869
          ],
          [
            120.8444294,
            12.8071439
          ],
          [
            120.844463,
            12.8070122
          ],
          [
            120.8444899,
            12.8069504
          ],
          [
            120.8445201,
            12.8069032
          ],
          [
            120.84463,
            12.8066955
          ],
          [
            120.8447266,
            12.8064911
          ],
          [
            120.8448067,
            12.8063676
          ],
          [
            120.8448405,
            12.8063127
          ],
          [
            120.8448954,
            12.8062649
          ]
        ]
      },
      "properties": {
        "id": 6,
        "canal_id": 6,
        "canal": "FARM DITCH (CANAL 6)",
        "canaltype": "Farm Ditch",
        "remarks": "FARM DITCH (CANAL 6)",
        "canal_type": "Ditch",
        "canal_leng": 358.07,
        "station_no": "STA 0+000",
        "station__1": "STA 0+358.1",
        "station__2": "STA.0+000.00",
        "reversal_applied": false,
        "canal_widt": null,
        "canal_lining": "Unlined"
      }
    },
    {
      "type": "Feature",
      "geometry": {
        "type": "LineString",
        "coordinates": [
          [
            120.8422593,
            12.80819
          ],
          [
            120.8422913,
            12.8081558
          ],
          [
            120.8428905,
            12.8079365
          ],
          [
            120.8429087,
            12.8079301
          ],
          [
            120.8435866,
            12.8076888
          ],
          [
            120.8439902,
            12.8075489
          ]
        ]
      },
      "properties": {
        "id": 7,
        "canal_id": 7,
        "canal": "FARM DITCH (CANAL 7)",
        "canaltype": "Farm Ditch",
        "remarks": "FARM DITCH (CANAL 7)",
        "canal_type": "Ditch",
        "canal_leng": 201.48,
        "station_no": "STA 0+000",
        "station__1": "STA 0+201.5",
        "station__2": "STA.0+000.00",
        "reversal_applied": true,
        "canal_widt": null,
        "canal_lining": "Unlined"
      }
    },
    {
      "type": "Feature",
      "geometry": {
        "type": "LineString",
        "coordinates": [
          [
            120.8383581,
            12.8170119
          ],
          [
            120.8380112,
            12.8169978
          ],
          [
            120.8380015,
            12.8170047
          ],
          [
            120.8379102,
            12.8171292
          ],
          [
            120.8376335,
            12.8175068
          ],
          [
            120.8376129,
            12.8175455
          ],
          [
            120.8376083,
            12.8175704
          ],
          [
            120.8376081,
            12.8175903
          ],
          [
            120.8376379,
            12.8178052
          ],
          [
            120.8377419,
            12.818288
          ],
          [
            120.8378653,
            12.8188614
          ],
          [
            120.8378684,
            12.8189011
          ],
          [
            120.8378507,
            12.819126
          ],
          [
            120.8364163,
            12.819197
          ],
          [
            120.8351824,
            12.8192472
          ]
        ]
      },
      "properties": {
        "id": 18,
        "canal_id": 18,
        "canal": "FARM DITCH (CANAL 18)",
        "canaltype": "Farm Ditch",
        "remarks": "FARM DITCH (CANAL 18)",
        "canal_type": "Ditch",
        "canal_leng": 580.18,
        "station_no": "STA 0+000",
        "station__1": "STA 0+580.2",
        "station__2": "STA.0+000.00",
        "reversal_applied": false,
        "canal_widt": null,
        "canal_lining": "Unlined"
      }
    },
    {
      "type": "Feature",
      "geometry": {
        "type": "LineString",
        "coordinates": [
          [
            120.8379102,
            12.8171292
          ],
          [
            120.8376427,
            12.8171448
          ],
          [
            120.8376252,
            12.8171404
          ],
          [
            120.8376021,
            12.8169565
          ],
          [
            120.8375899,
            12.816953
          ],
          [
            120.8375388,
            12.8169638
          ],
          [
            120.8374589,
            12.8169571
          ],
          [
            120.8374117,
            12.8169351
          ],
          [
            120.8373986,
            12.8169256
          ],
          [
            120.8373845,
            12.8169237
          ],
          [
            120.8373617,
            12.8169235
          ],
          [
            120.8370648,
            12.8169142
          ],
          [
            120.8360708,
            12.8168612
          ],
          [
            120.835939,
            12.8168549
          ],
          [
            120.8358706,
            12.8168509
          ],
          [
            120.835839,
            12.8168455
          ],
          [
            120.8358161,
            12.8168436
          ],
          [
            120.8357951,
            12.8168451
          ],
          [
            120.8357577,
            12.8168496
          ],
          [
            120.8356518,
            12.816903
          ],
          [
            120.8356684,
            12.8172264
          ],
          [
            120.835655,
            12.8172453
          ],
          [
            120.8353671,
            12.8173675
          ],
          [
            120.8348289,
            12.8176441
          ],
          [
            120.8343388,
            12.8178798
          ],
          [
            120.8342618,
            12.8179297
          ],
          [
            120.834235,
            12.8179479
          ],
          [
            120.8342041,
            12.8179649
          ],
          [
            120.8341735,
            12.8179766
          ],
          [
            120.8341521,
            12.8179817
          ],
          [
            120.8340791,
            12.8179876
          ]
        ]
      },
      "properties": {
        "id": 19,
        "canal_id": 19,
        "canal": "FARM DITCH (CANAL 19)",
        "canaltype": "Farm Ditch",
        "remarks": "FARM DITCH (CANAL 19)",
        "canal_type": "Ditch",
        "canal_leng": 495.23,
        "station_no": "STA 0+000",
        "station__1": "STA 0+495.2",
        "station__2": "STA.0+000.00",
        "reversal_applied": false,
        "canal_widt": null,
        "canal_lining": "Unlined"
      }
    },
    {
      "type": "Feature",
      "geometry": {
        "type": "LineString",
        "coordinates": [
          [
            120.8356518,
            12.816903
          ],
          [
            120.8356491,
            12.8166021
          ]
        ]
      },
      "properties": {
        "id": 20,
        "canal_id": 20,
        "canal": "FARM DITCH (CANAL 20)",
        "canaltype": "Farm Ditch",
        "remarks": "FARM DITCH (CANAL 20)",
        "canal_type": "Ditch",
        "canal_leng": 33.3,
        "station_no": "STA 0+000",
        "station__1": "STA 0+033.3",
        "station__2": "STA.0+000.00",
        "reversal_applied": false,
        "canal_widt": null,
        "canal_lining": "Unlined"
      }
    },
    {
      "type": "Feature",
      "geometry": {
        "type": "LineString",
        "coordinates": [
          [
            120.8357722,
            12.8008493
          ],
          [
            120.8356684,
            12.80071
          ],
          [
            120.8351721,
            12.8000895
          ],
          [
            120.8351283,
            12.8000684
          ],
          [
            120.8337155,
            12.7994809
          ],
          [
            120.8331761,
            12.7992696
          ]
        ]
      },
      "properties": {
        "id": 22,
        "canal_id": 22,
        "canal": "FARM DITCH (CANAL 22)",
        "canaltype": "Farm Ditch",
        "remarks": "FARM DITCH (CANAL 22)",
        "canal_type": "Ditch",
        "canal_leng": 341.4,
        "station_no": "STA 0+000",
        "station__1": "STA 0+341.4",
        "station__2": "STA.0+000.00",
        "reversal_applied": false,
        "canal_widt": null,
        "canal_lining": "Unlined"
      }
    },
    {
      "type": "Feature",
      "geometry": {
        "type": "LineString",
        "coordinates": [
          [
            120.8391586,
            12.8022526
          ],
          [
            120.8394127,
            12.8020227
          ],
          [
            120.8395156,
            12.8019089
          ],
          [
            120.8396008,
            12.8018105
          ],
          [
            120.839645,
            12.8017772
          ],
          [
            120.8396685,
            12.8017586
          ],
          [
            120.8396901,
            12.8017414
          ],
          [
            120.8398455,
            12.8016495
          ],
          [
            120.8401024,
            12.8015008
          ],
          [
            120.8401518,
            12.8014693
          ],
          [
            120.8402182,
            12.8014181
          ],
          [
            120.84037,
            12.8013271
          ],
          [
            120.840424,
            12.8012887
          ],
          [
            120.8404751,
            12.8012624
          ],
          [
            120.8406031,
            12.8011954
          ],
          [
            120.840627,
            12.8011749
          ],
          [
            120.8408761,
            12.8010097
          ],
          [
            120.8409495,
            12.8009594
          ],
          [
            120.8410106,
            12.8009013
          ],
          [
            120.8410356,
            12.8008558
          ],
          [
            120.841066,
            12.8007896
          ],
          [
            120.8411223,
            12.8006754
          ],
          [
            120.8411985,
            12.8005011
          ],
          [
            120.8412172,
            12.8004607
          ],
          [
            120.8412724,
            12.8003853
          ],
          [
            120.8413435,
            12.8002858
          ],
          [
            120.8414509,
            12.8001505
          ],
          [
            120.8414846,
            12.8001111
          ],
          [
            120.8415973,
            12.7999836
          ],
          [
            120.8416527,
            12.7998746
          ],
          [
            120.8416735,
            12.7998023
          ],
          [
            120.8416917,
            12.7997292
          ],
          [
            120.8417471,
            12.7996201
          ],
          [
            120.8418026,
            12.7994982
          ],
          [
            120.841825,
            12.7994518
          ],
          [
            120.8418517,
            12.7994089
          ],
          [
            120.841942,
            12.7992639
          ]
        ]
      },
      "properties": {
        "id": 23,
        "canal_id": 23,
        "canal": "FARM DITCH (CANAL 23)",
        "canaltype": "Farm Ditch",
        "remarks": "FARM DITCH (CANAL 23)",
        "canal_type": "Ditch",
        "canal_leng": 461.5,
        "station_no": "STA 0+000",
        "station__1": "STA 0+461.5",
        "station__2": "STA.0+000.00",
        "reversal_applied": false,
        "canal_widt": null,
        "canal_lining": "Unlined"
      }
    },
    {
      "type": "Feature",
      "geometry": {
        "type": "LineString",
        "coordinates": [
          [
            120.844194,
            12.8009193
          ],
          [
            120.8442506,
            12.8008864
          ],
          [
            120.8443131,
            12.8008619
          ],
          [
            120.8444067,
            12.800811
          ],
          [
            120.8445118,
            12.800748
          ],
          [
            120.844584,
            12.8007245
          ]
        ]
      },
      "properties": {
        "id": 24,
        "canal_id": 24,
        "canal": "FARM DITCH (CANAL 24)",
        "canaltype": "Farm Ditch",
        "remarks": "FARM DITCH (CANAL 24)",
        "canal_type": "Ditch",
        "canal_leng": 47.7,
        "station_no": "STA 0+000",
        "station__1": "STA 0+047.7",
        "station__2": "STA.0+000.00",
        "reversal_applied": false,
        "canal_widt": null,
        "canal_lining": "Unlined"
      }
    },
    {
      "type": "Feature",
      "geometry": {
        "type": "LineString",
        "coordinates": [
          [
            120.83832,
            12.7998014
          ],
          [
            120.8384052,
            12.7997462
          ],
          [
            120.8384431,
            12.7997206
          ],
          [
            120.8385499,
            12.799662
          ],
          [
            120.8386347,
            12.7996067
          ],
          [
            120.8388113,
            12.7995116
          ],
          [
            120.8389905,
            12.7994053
          ],
          [
            120.8391018,
            12.7993355
          ],
          [
            120.8391442,
            12.7993074
          ],
          [
            120.8391513,
            12.7992954
          ],
          [
            120.8391532,
            12.7992825
          ],
          [
            120.8391631,
            12.7992575
          ],
          [
            120.8391693,
            12.7992455
          ],
          [
            120.8392118,
            12.7992105
          ],
          [
            120.8393592,
            12.7991238
          ],
          [
            120.8394792,
            12.7990661
          ],
          [
            120.8395728,
            12.7990109
          ],
          [
            120.8397749,
            12.7988996
          ],
          [
            120.84015,
            12.7986932
          ]
        ]
      },
      "properties": {
        "id": 25,
        "canal_id": 25,
        "canal": "FARM DITCH (CANAL 25)",
        "canaltype": "Farm Ditch",
        "remarks": "FARM DITCH (CANAL 25)",
        "canal_type": "Ditch",
        "canal_leng": 235.31,
        "station_no": "STA 0+000",
        "station__1": "STA 0+235.3",
        "station__2": "STA.0+000.00",
        "reversal_applied": false,
        "canal_widt": null,
        "canal_lining": "Unlined"
      }
    },
    {
      "type": "Feature",
      "geometry": {
        "type": "LineString",
        "coordinates": [
          [
            120.8551076,
            12.8098039
          ],
          [
            120.8550693,
            12.8097692
          ],
          [
            120.855068,
            12.8097676
          ],
          [
            120.8550657,
            12.809762
          ],
          [
            120.8550633,
            12.8097479
          ],
          [
            120.8550634,
            12.8097307
          ],
          [
            120.8550621,
            12.8097229
          ],
          [
            120.8550525,
            12.8096998
          ],
          [
            120.8550208,
            12.8096374
          ],
          [
            120.8549731,
            12.8095006
          ],
          [
            120.8549285,
            12.8093813
          ],
          [
            120.8548628,
            12.8092651
          ],
          [
            120.8548345,
            12.8091917
          ],
          [
            120.8547899,
            12.8090768
          ],
          [
            120.8545546,
            12.8083667
          ],
          [
            120.8544262,
            12.8082937
          ],
          [
            120.8543467,
            12.8082341
          ],
          [
            120.8541377,
            12.8080916
          ],
          [
            120.8541068,
            12.808063
          ],
          [
            120.8541003,
            12.8080455
          ],
          [
            120.854096,
            12.8080324
          ],
          [
            120.8540863,
            12.8079919
          ],
          [
            120.8540764,
            12.8079766
          ],
          [
            120.8540191,
            12.8079193
          ],
          [
            120.8537378,
            12.8076617
          ],
          [
            120.8535336,
            12.8074811
          ],
          [
            120.8534364,
            12.8074017
          ],
          [
            120.8529387,
            12.8070965
          ]
        ]
      },
      "properties": {
        "id": 43,
        "canal_id": 43,
        "canal": "FARM DITCH (CANAL 43)",
        "canaltype": "Farm Ditch",
        "remarks": "FARM DITCH (CANAL 43)",
        "canal_type": "Ditch",
        "canal_leng": 398.48,
        "station_no": "STA 0+000",
        "station__1": "STA 0+398.5",
        "station__2": "STA.0+000.00",
        "reversal_applied": false,
        "canal_widt": null,
        "canal_lining": "Unlined"
      }
    },
    {
      "type": "Feature",
      "geometry": {
        "type": "LineString",
        "coordinates": [
          [
            120.8544262,
            12.8082937
          ],
          [
            120.85439,
            12.8082366
          ],
          [
            120.8543341,
            12.8081401
          ],
          [
            120.8542848,
            12.8080568
          ],
          [
            120.8542257,
            12.8079418
          ],
          [
            120.8541748,
            12.8077842
          ],
          [
            120.8541415,
            12.8076486
          ],
          [
            120.8541114,
            12.8075262
          ],
          [
            120.8540605,
            12.8073643
          ],
          [
            120.8540385,
            12.8073357
          ],
          [
            120.8537331,
            12.8071587
          ],
          [
            120.8535718,
            12.8070395
          ],
          [
            120.85334,
            12.806839
          ],
          [
            120.8531386,
            12.8067304
          ],
          [
            120.8529967,
            12.8066835
          ],
          [
            120.852817,
            12.8066274
          ],
          [
            120.8528193,
            12.8068806
          ],
          [
            120.8527936,
            12.8070332
          ],
          [
            120.8529387,
            12.8070965
          ]
        ]
      },
      "properties": {
        "id": 44,
        "canal_id": 44,
        "canal": "FARM DITCH (CANAL 44)",
        "canaltype": "Farm Ditch",
        "remarks": "FARM DITCH (CANAL 44)",
        "canal_type": "Ditch",
        "canal_leng": 333.08,
        "station_no": "STA 0+000",
        "station__1": "STA 0+333.1",
        "station__2": "STA.0+000.00",
        "reversal_applied": false,
        "canal_widt": null,
        "canal_lining": "Unlined"
      }
    },
    {
      "type": "Feature",
      "geometry": {
        "type": "LineString",
        "coordinates": [
          [
            120.852817,
            12.8066274
          ],
          [
            120.8528169,
            12.8063743
          ],
          [
            120.8527891,
            12.8059878
          ],
          [
            120.8528014,
            12.8058417
          ],
          [
            120.8528447,
            12.805722
          ],
          [
            120.8529397,
            12.8055329
          ],
          [
            120.8530731,
            12.8052855
          ]
        ]
      },
      "properties": {
        "id": 45,
        "canal_id": 45,
        "canal": "FARM DITCH (CANAL 45)",
        "canaltype": "Farm Ditch",
        "remarks": "FARM DITCH (CANAL 45)",
        "canal_type": "Ditch",
        "canal_leng": 155.47,
        "station_no": "STA 0+000",
        "station__1": "STA 0+155.5",
        "station__2": "STA.0+000.00",
        "reversal_applied": false,
        "canal_widt": null,
        "canal_lining": "Unlined"
      }
    },
    {
      "type": "Feature",
      "geometry": {
        "type": "LineString",
        "coordinates": [
          [
            120.852817,
            12.8066274
          ],
          [
            120.8525686,
            12.8065447
          ],
          [
            120.8523488,
            12.8065036
          ],
          [
            120.8520069,
            12.8064462
          ],
          [
            120.8518669,
            12.8064414
          ],
          [
            120.8518424,
            12.8064405
          ],
          [
            120.8513997,
            12.8064587
          ],
          [
            120.851166,
            12.8064765
          ],
          [
            120.8507228,
            12.8065645
          ],
          [
            120.8503797,
            12.8066337
          ],
          [
            120.8502261,
            12.8066543
          ],
          [
            120.8501125,
            12.8066796
          ],
          [
            120.8500634,
            12.8067032
          ],
          [
            120.8500409,
            12.8067292
          ],
          [
            120.850025,
            12.8067683
          ],
          [
            120.8500039,
            12.8068282
          ]
        ]
      },
      "properties": {
        "id": 46,
        "canal_id": 46,
        "canal": "FARM DITCH (CANAL 46)",
        "canaltype": "Farm Ditch",
        "remarks": "FARM DITCH (CANAL 46)",
        "canal_type": "Ditch",
        "canal_leng": 319.92,
        "station_no": "STA 0+000",
        "station__1": "STA 0+319.9",
        "station__2": "STA.0+000.00",
        "reversal_applied": false,
        "canal_widt": null,
        "canal_lining": "Unlined"
      }
    },
    {
      "type": "Feature",
      "geometry": {
        "type": "LineString",
        "coordinates": [
          [
            120.8518669,
            12.8064414
          ],
          [
            120.8515297,
            12.8064074
          ],
          [
            120.8513565,
            12.8063776
          ],
          [
            120.8512767,
            12.8063464
          ],
          [
            120.851239,
            12.8063265
          ],
          [
            120.8512126,
            12.8063023
          ],
          [
            120.8511575,
            12.8062364
          ],
          [
            120.8510403,
            12.806159
          ],
          [
            120.8509453,
            12.8060906
          ],
          [
            120.8508834,
            12.8060399
          ],
          [
            120.8507772,
            12.8059801
          ],
          [
            120.8506756,
            12.8059051
          ],
          [
            120.8505451,
            12.8058145
          ],
          [
            120.8504544,
            12.8057636
          ],
          [
            120.8502927,
            12.8056815
          ],
          [
            120.8501512,
            12.8055953
          ],
          [
            120.8500716,
            12.8055422
          ],
          [
            120.8500362,
            12.8055114
          ],
          [
            120.8500054,
            12.8054762
          ],
          [
            120.8499351,
            12.8053753
          ]
        ]
      },
      "properties": {
        "id": 47,
        "canal_id": 47,
        "canal": "FARM DITCH (CANAL 47)",
        "canaltype": "Farm Ditch",
        "remarks": "FARM DITCH (CANAL 47)",
        "canal_type": "Ditch",
        "canal_leng": 248.06,
        "station_no": "STA 0+000",
        "station__1": "STA 0+248.1",
        "station__2": "STA.0+000.00",
        "reversal_applied": false,
        "canal_widt": null,
        "canal_lining": "Unlined"
      }
    },
    {
      "type": "Feature",
      "geometry": {
        "type": "LineString",
        "coordinates": [
          [
            120.8497139,
            12.8095657
          ],
          [
            120.8497093,
            12.8091903
          ],
          [
            120.8495271,
            12.8090349
          ],
          [
            120.8494808,
            12.8089876
          ],
          [
            120.8493615,
            12.8089059
          ],
          [
            120.8494215,
            12.8087711
          ],
          [
            120.8495061,
            12.8086267
          ],
          [
            120.8495487,
            12.8084634
          ],
          [
            120.8495616,
            12.8083849
          ],
          [
            120.8495831,
            12.8083305
          ],
          [
            120.8496692,
            12.8080181
          ],
          [
            120.8497519,
            12.8077088
          ],
          [
            120.849798,
            12.8075106
          ],
          [
            120.8498312,
            12.8074018
          ],
          [
            120.8498752,
            12.8073203
          ],
          [
            120.8499001,
            12.8072736
          ],
          [
            120.8499307,
            12.8071996
          ]
        ]
      },
      "properties": {
        "id": 49,
        "canal_id": 49,
        "canal": "FARM DITCH (CANAL 49)",
        "canaltype": "Farm Ditch",
        "remarks": "FARM DITCH (CANAL 49)",
        "canal_type": "Ditch",
        "canal_leng": 290.58,
        "station_no": "STA 0+000",
        "station__1": "STA 0+290.6",
        "station__2": "STA.0+000.00",
        "reversal_applied": false,
        "canal_widt": null,
        "canal_lining": "Unlined"
      }
    },
    {
      "type": "Feature",
      "geometry": {
        "type": "LineString",
        "coordinates": [
          [
            120.8493615,
            12.8089059
          ],
          [
            120.8491855,
            12.8088085
          ],
          [
            120.8488735,
            12.808627
          ],
          [
            120.8486433,
            12.8084985
          ],
          [
            120.8484984,
            12.8084155
          ],
          [
            120.8480104,
            12.8081376
          ],
          [
            120.8478199,
            12.8080444
          ],
          [
            120.8477856,
            12.8080332
          ],
          [
            120.8476317,
            12.8079501
          ],
          [
            120.8473207,
            12.8077872
          ],
          [
            120.8470051,
            12.8076253
          ],
          [
            120.8465567,
            12.8074088
          ],
          [
            120.8465467,
            12.8074
          ],
          [
            120.8465548,
            12.8073728
          ],
          [
            120.8466593,
            12.8068521
          ],
          [
            120.8466646,
            12.806743
          ]
        ]
      },
      "properties": {
        "id": 50,
        "canal_id": 50,
        "canal": "FARM DITCH (CANAL 50)",
        "canaltype": "Farm Ditch",
        "remarks": "FARM DITCH (CANAL 50)",
        "canal_type": "Ditch",
        "canal_leng": 422.32,
        "station_no": "STA 0+000",
        "station__1": "STA 0+422.3",
        "station__2": "STA.0+000.00",
        "reversal_applied": false,
        "canal_widt": null,
        "canal_lining": "Unlined"
      }
    },
    {
      "type": "Feature",
      "geometry": {
        "type": "LineString",
        "coordinates": [
          [
            120.8392889,
            12.7920848
          ],
          [
            120.8379908,
            12.7926842
          ]
        ]
      },
      "properties": {
        "id": 66,
        "canal_id": 66,
        "canal": "FARM DITCH (CANAL 66)",
        "canaltype": "Farm Ditch",
        "remarks": "FARM DITCH (CANAL 66)",
        "canal_type": "Ditch",
        "canal_leng": 155.8,
        "station_no": "STA 0+000",
        "station__1": "STA 0+155.8",
        "station__2": "STA.0+000.00",
        "reversal_applied": false,
        "canal_widt": null,
        "canal_lining": "Unlined"
      }
    },
    {
      "type": "Feature",
      "geometry": {
        "type": "LineString",
        "coordinates": [
          [
            120.8177694,
            12.8209116
          ],
          [
            120.8178886,
            12.8209257
          ],
          [
            120.8179995,
            12.820963
          ],
          [
            120.8180692,
            12.8210473
          ],
          [
            120.818106,
            12.8210749
          ],
          [
            120.8181375,
            12.821077
          ],
          [
            120.8181877,
            12.821061
          ],
          [
            120.8182899,
            12.8210328
          ],
          [
            120.8183755,
            12.8210062
          ],
          [
            120.8184199,
            12.821012
          ],
          [
            120.8184402,
            12.8210194
          ],
          [
            120.8184623,
            12.8210451
          ],
          [
            120.8185751,
            12.8210788
          ],
          [
            120.8186341,
            12.8211175
          ],
          [
            120.8186711,
            12.8211251
          ],
          [
            120.8186915,
            12.8211198
          ],
          [
            120.8187417,
            12.8210984
          ],
          [
            120.8188085,
            12.8210971
          ],
          [
            120.8188602,
            12.8211248
          ],
          [
            120.818899,
            12.8211415
          ],
          [
            120.8189489,
            12.8211583
          ],
          [
            120.8189675,
            12.8211421
          ],
          [
            120.8189881,
            12.8211222
          ],
          [
            120.8189921,
            12.8210932
          ],
          [
            120.8189999,
            12.8210459
          ],
          [
            120.8190205,
            12.8210188
          ],
          [
            120.8190485,
            12.820999
          ],
          [
            120.8191266,
            12.8209706
          ],
          [
            120.8190994,
            12.820903
          ],
          [
            120.8191092,
            12.8208449
          ],
          [
            120.8191519,
            12.8208307
          ],
          [
            120.8191982,
            12.8208329
          ],
          [
            120.819213,
            12.8208439
          ],
          [
            120.8192167,
            12.8208458
          ],
          [
            120.8192298,
            12.8208295
          ],
          [
            120.8192875,
            12.8207972
          ],
          [
            120.8193302,
            12.820794
          ],
          [
            120.8193972,
            12.820769
          ],
          [
            120.8194438,
            12.8207403
          ],
          [
            120.8195576,
            12.8206576
          ],
          [
            120.8196362,
            12.8205709
          ],
          [
            120.8197104,
            12.8205642
          ],
          [
            120.8197401,
            12.820559
          ],
          [
            120.819759,
            12.8205228
          ],
          [
            120.8197594,
            12.82047
          ],
          [
            120.8197903,
            12.8203248
          ],
          [
            120.8198466,
            12.820247
          ],
          [
            120.8199492,
            12.8201751
          ],
          [
            120.8201481,
            12.8201094
          ],
          [
            120.8202617,
            12.8200503
          ],
          [
            120.8203247,
            12.8200545
          ],
          [
            120.8203746,
            12.8200749
          ],
          [
            120.8205056,
            12.8201506
          ],
          [
            120.8206184,
            12.820177
          ],
          [
            120.820674,
            12.8201847
          ],
          [
            120.8207093,
            12.8201777
          ],
          [
            120.8207187,
            12.8201633
          ],
          [
            120.8207265,
            12.8201197
          ],
          [
            120.8207478,
            12.8200089
          ],
          [
            120.820796,
            12.8200074
          ],
          [
            120.8208184,
            12.8199876
          ],
          [
            120.8208226,
            12.8199403
          ],
          [
            120.8208683,
            12.8197934
          ],
          [
            120.8209394,
            12.8197248
          ],
          [
            120.8209584,
            12.8196704
          ],
          [
            120.8209681,
            12.8196159
          ],
          [
            120.8210149,
            12.8195653
          ],
          [
            120.821045,
            12.8195165
          ],
          [
            120.8210676,
            12.8194675
          ],
          [
            120.8211188,
            12.8193351
          ],
          [
            120.8212043,
            12.8193177
          ],
          [
            120.8212542,
            12.8193363
          ],
          [
            120.8212912,
            12.8193457
          ],
          [
            120.8213245,
            12.8193496
          ],
          [
            120.8213599,
            12.8193317
          ],
          [
            120.8213898,
            12.8193065
          ],
          [
            120.8214458,
            12.8192596
          ],
          [
            120.821515,
            12.8191911
          ],
          [
            120.8215746,
            12.8191552
          ],
          [
            120.8215768,
            12.8191188
          ],
          [
            120.8215641,
            12.8190769
          ],
          [
            120.8215609,
            12.8190222
          ],
          [
            120.8215742,
            12.8189842
          ],
          [
            120.8216114,
            12.8189663
          ],
          [
            120.8216542,
            12.8189539
          ],
          [
            120.8217007,
            12.8189379
          ],
          [
            120.8217381,
            12.8189036
          ],
          [
            120.8219308,
            12.8184777
          ],
          [
            120.8220345,
            12.8182803
          ],
          [
            120.8221237,
            12.818039
          ],
          [
            120.8221202,
            12.8180081
          ],
          [
            120.8220818,
            12.8179568
          ],
          [
            120.8220781,
            12.8179531
          ],
          [
            120.8220451,
            12.8179019
          ],
          [
            120.8220049,
            12.8178397
          ],
          [
            120.8219996,
            12.8178106
          ],
          [
            120.8220036,
            12.8177706
          ],
          [
            120.8220245,
            12.817718
          ],
          [
            120.8220694,
            12.8176656
          ],
          [
            120.8221106,
            12.8176187
          ],
          [
            120.8221478,
            12.8176044
          ],
          [
            120.8221849,
            12.8176029
          ],
          [
            120.8222331,
            12.8176033
          ],
          [
            120.8222702,
            12.8176
          ],
          [
            120.8223037,
            12.8175875
          ],
          [
            120.8223337,
            12.8175532
          ],
          [
            120.8224165,
            12.8174083
          ],
          [
            120.8224511,
            12.8172649
          ],
          [
            120.8224731,
            12.8170722
          ],
          [
            120.822514,
            12.8170635
          ],
          [
            120.8225346,
            12.81704
          ],
          [
            120.822548,
            12.8169837
          ],
          [
            120.822569,
            12.816922
          ],
          [
            120.8225935,
            12.8168749
          ],
          [
            120.822629,
            12.8168425
          ],
          [
            120.8226663,
            12.8168155
          ]
        ]
      },
      "properties": {
        "id": 68,
        "canal_id": 68,
        "canal": "FARM DITCH (CANAL 68)",
        "canaltype": "Farm Ditch",
        "remarks": "FARM DITCH (CANAL 68)",
        "canal_type": "Ditch",
        "canal_leng": 891.68,
        "station_no": "STA 0+000",
        "station__1": "STA 0+891.7",
        "station__2": "STA.0+000.00",
        "reversal_applied": false,
        "canal_widt": null,
        "canal_lining": "Unlined"
      }
    },
    {
      "type": "Feature",
      "geometry": {
        "type": "LineString",
        "coordinates": [
          [
            120.8237135,
            12.8134726
          ],
          [
            120.8240233,
            12.8132185
          ],
          [
            120.8244907,
            12.8128537
          ],
          [
            120.8245465,
            12.8128292
          ]
        ]
      },
      "properties": {
        "id": 73,
        "canal_id": 73,
        "canal": "FARM DITCH (CANAL 73)",
        "canaltype": "Farm Ditch",
        "remarks": "FARM DITCH (CANAL 73)",
        "canal_type": "Ditch",
        "canal_leng": 115.35,
        "station_no": "STA 0+000",
        "station__1": "STA 0+115.3",
        "station__2": "STA.0+000.00",
        "reversal_applied": false,
        "canal_widt": null,
        "canal_lining": "Unlined"
      }
    },
    {
      "type": "Feature",
      "geometry": {
        "type": "LineString",
        "coordinates": [
          [
            120.8163851,
            12.8335715
          ],
          [
            120.8162887,
            12.8336869
          ],
          [
            120.8158713,
            12.8341165
          ],
          [
            120.8156428,
            12.8343469
          ],
          [
            120.8154108,
            12.8346044
          ]
        ]
      },
      "properties": {
        "id": 82,
        "canal_id": 82,
        "canal": "FARM DITCH (CANAL 82)",
        "canaltype": "Farm Ditch",
        "remarks": "FARM DITCH (CANAL 82)",
        "canal_type": "Ditch",
        "canal_leng": 155.81,
        "station_no": "STA 0+000",
        "station__1": "STA 0+155.8",
        "station__2": "STA.0+000.00",
        "reversal_applied": false,
        "canal_widt": null,
        "canal_lining": "Unlined"
      }
    },
    {
      "type": "Feature",
      "geometry": {
        "type": "LineString",
        "coordinates": [
          [
            120.8261034,
            12.8164919
          ],
          [
            120.8262237,
            12.8165183
          ],
          [
            120.8263126,
            12.8165263
          ],
          [
            120.8264804,
            12.8164222
          ],
          [
            120.8266519,
            12.8163145
          ],
          [
            120.8267857,
            12.8162792
          ],
          [
            120.8275939,
            12.8162859
          ],
          [
            120.8285726,
            12.8163085
          ],
          [
            120.8286892,
            12.8163331
          ],
          [
            120.8289004,
            12.8163458
          ],
          [
            120.8290431,
            12.816347
          ],
          [
            120.8290729,
            12.8163308
          ],
          [
            120.8291291,
            12.8162713
          ],
          [
            120.8291291,
            12.8162713
          ],
          [
            120.8291686,
            12.8162043
          ],
          [
            120.8292136,
            12.8161482
          ],
          [
            120.8292192,
            12.8161374
          ],
          [
            120.8292623,
            12.8160831
          ],
          [
            120.8292847,
            12.8160633
          ],
          [
            120.8293125,
            12.8160635
          ],
          [
            120.8293237,
            12.8160636
          ],
          [
            120.829344,
            12.8160711
          ],
          [
            120.8293514,
            12.8160748
          ],
          [
            120.829368,
            12.8160786
          ],
          [
            120.8293755,
            12.8160768
          ],
          [
            120.8294034,
            12.8160625
          ],
          [
            120.8294369,
            12.8160409
          ],
          [
            120.8294704,
            12.8160339
          ],
          [
            120.8294945,
            12.8160341
          ],
          [
            120.8295259,
            12.8160398
          ],
          [
            120.8295352,
            12.8160435
          ],
          [
            120.8295574,
            12.8160492
          ],
          [
            120.8297286,
            12.8157577
          ],
          [
            120.8297724,
            12.8156216
          ],
          [
            120.8297337,
            12.815594
          ],
          [
            120.8295563,
            12.8155234
          ],
          [
            120.829122,
            12.8153706
          ],
          [
            120.8289434,
            12.8152218
          ],
          [
            120.8288333,
            12.8150954
          ],
          [
            120.8286692,
            12.8149812
          ],
          [
            120.8285124,
            12.8148962
          ],
          [
            120.8283203,
            12.8148055
          ],
          [
            120.8281559,
            12.8147405
          ],
          [
            120.8279819,
            12.8147135
          ],
          [
            120.827843,
            12.8146887
          ],
          [
            120.8278412,
            12.8146887
          ],
          [
            120.827675,
            12.8146146
          ],
          [
            120.8275939,
            12.8145521
          ],
          [
            120.8275151,
            12.8144532
          ],
          [
            120.8274413,
            12.8144034
          ],
          [
            120.8273639,
            12.8143482
          ],
          [
            120.827209,
            12.8142542
          ],
          [
            120.8271596,
            12.8141773
          ],
          [
            120.827109,
            12.8140296
          ],
          [
            120.8270494,
            12.813838
          ],
          [
            120.8270494,
            12.813838
          ],
          [
            120.8269878,
            12.8136756
          ],
          [
            120.8269755,
            12.8135991
          ],
          [
            120.8269758,
            12.8135075
          ]
        ]
      },
      "properties": {
        "id": 83,
        "canal_id": 83,
        "canal": "FARM DITCH (CANAL 83)",
        "canaltype": "Farm Ditch",
        "remarks": "FARM DITCH (CANAL 83)",
        "canal_type": "Ditch",
        "canal_leng": 863.48,
        "station_no": "STA 0+000",
        "station__1": "STA 0+863.5",
        "station__2": "STA.0+000.00",
        "reversal_applied": false,
        "canal_widt": null,
        "canal_lining": "Unlined"
      }
    },
    {
      "type": "Feature",
      "geometry": {
        "type": "LineString",
        "coordinates": [
          [
            120.8223172,
            12.8032842
          ],
          [
            120.8223514,
            12.8034028
          ],
          [
            120.8223334,
            12.8037738
          ],
          [
            120.8223335,
            12.8039793
          ],
          [
            120.822269,
            12.8041498
          ],
          [
            120.8222066,
            12.8042948
          ],
          [
            120.8221671,
            12.80436
          ],
          [
            120.8221372,
            12.8043816
          ],
          [
            120.8220814,
            12.8044102
          ],
          [
            120.8220051,
            12.8044387
          ],
          [
            120.8219343,
            12.8044854
          ],
          [
            120.82188,
            12.8045505
          ],
          [
            120.8218885,
            12.8046324
          ],
          [
            120.8218896,
            12.8047179
          ],
          [
            120.8219482,
            12.8048076
          ],
          [
            120.8220236,
            12.8048773
          ],
          [
            120.8221215,
            12.8049163
          ],
          [
            120.8222455,
            12.8049374
          ],
          [
            120.822464,
            12.8049683
          ],
          [
            120.8226341,
            12.8050243
          ],
          [
            120.8227244,
            12.8050869
          ],
          [
            120.8227426,
            12.8051271
          ],
          [
            120.8227273,
            12.8051833
          ],
          [
            120.8226916,
            12.8052413
          ],
          [
            120.8226576,
            12.8053083
          ],
          [
            120.8226255,
            12.8053753
          ],
          [
            120.8226046,
            12.8054334
          ],
          [
            120.8226207,
            12.8057228
          ],
          [
            120.8226756,
            12.8060234
          ],
          [
            120.8227057,
            12.806182
          ],
          [
            120.8227057,
            12.8061892
          ],
          [
            120.8227257,
            12.8064477
          ],
          [
            120.8226957,
            12.8067058
          ],
          [
            120.8226598,
            12.8069966
          ],
          [
            120.8226485,
            12.807233
          ],
          [
            120.8226753,
            12.8075644
          ],
          [
            120.8226757,
            12.8077336
          ],
          [
            120.8226739,
            12.8079391
          ],
          [
            120.8226685,
            12.8081429
          ],
          [
            120.8226485,
            12.8083119
          ],
          [
            120.8226014,
            12.808397
          ],
          [
            120.822529,
            12.8084128
          ],
          [
            120.8223274,
            12.8083602
          ],
          [
            120.8222405,
            12.808334
          ],
          [
            120.8221661,
            12.8083552
          ],
          [
            120.8221475,
            12.8083605
          ],
          [
            120.822129,
            12.8083658
          ],
          [
            120.8220713,
            12.8083853
          ],
          [
            120.8220359,
            12.8084032
          ],
          [
            120.8220266,
            12.8084159
          ],
          [
            120.8219384,
            12.8085407
          ],
          [
            120.8219017,
            12.808706
          ],
          [
            120.8218494,
            12.8087547
          ],
          [
            120.8217674,
            12.8088067
          ],
          [
            120.8217502,
            12.8088594
          ],
          [
            120.8217442,
            12.8089157
          ],
          [
            120.8217124,
            12.8089482
          ],
          [
            120.8216733,
            12.8089624
          ],
          [
            120.8216163,
            12.808911
          ],
          [
            120.8215923,
            12.8088999
          ],
          [
            120.8215625,
            12.8089178
          ],
          [
            120.8215456,
            12.8089413
          ],
          [
            120.821525,
            12.8089612
          ],
          [
            120.8214522,
            12.8090279
          ],
          [
            120.8214572,
            12.809088
          ],
          [
            120.8214477,
            12.809117
          ],
          [
            120.8214291,
            12.8091278
          ],
          [
            120.821392,
            12.8091293
          ],
          [
            120.8213532,
            12.8091089
          ],
          [
            120.8213532,
            12.8091089
          ],
          [
            120.8213052,
            12.8090904
          ],
          [
            120.8212829,
            12.8090902
          ],
          [
            120.8212345,
            12.8091225
          ],
          [
            120.8211972,
            12.8091477
          ],
          [
            120.8211894,
            12.8091913
          ],
          [
            120.8211893,
            12.809204
          ],
          [
            120.8211889,
            12.809244
          ],
          [
            120.8212051,
            12.8093042
          ],
          [
            120.821205,
            12.8093097
          ],
          [
            120.8211804,
            12.8093677
          ],
          [
            120.8211317,
            12.8094291
          ],
          [
            120.8210867,
            12.8094852
          ],
          [
            120.8210122,
            12.8095318
          ]
        ]
      },
      "properties": {
        "id": 85,
        "canal_id": 85,
        "canal": "FARM DITCH (CANAL 85)",
        "canaltype": "Farm Ditch",
        "remarks": "FARM DITCH (CANAL 85)",
        "canal_type": "Ditch",
        "canal_leng": 922.72,
        "station_no": "STA 0+000",
        "station__1": "STA 0+922.7",
        "station__2": "STA.0+000.00",
        "reversal_applied": false,
        "canal_widt": null,
        "canal_lining": "Unlined"
      }
    },
    {
      "type": "Feature",
      "geometry": {
        "type": "LineString",
        "coordinates": [
          [
            120.8213149,
            12.8109816
          ],
          [
            120.8212884,
            12.8108295
          ],
          [
            120.8213446,
            12.8107572
          ],
          [
            120.8213603,
            12.8106627
          ],
          [
            120.8214054,
            12.8105867
          ],
          [
            120.8214319,
            12.8105214
          ],
          [
            120.821432,
            12.8105177
          ],
          [
            120.8214405,
            12.8103868
          ],
          [
            120.8214494,
            12.8102122
          ],
          [
            120.8214496,
            12.8101904
          ],
          [
            120.8214616,
            12.8100923
          ],
          [
            120.8215404,
            12.8099801
          ],
          [
            120.8216416,
            12.8098573
          ],
          [
            120.8216712,
            12.8098575
          ],
          [
            120.8216786,
            12.8098576
          ],
          [
            120.8217154,
            12.8098942
          ],
          [
            120.8217411,
            12.8099272
          ],
          [
            120.8217894,
            12.8099131
          ],
          [
            120.8218266,
            12.8098915
          ],
          [
            120.8218381,
            12.8098516
          ],
          [
            120.821835,
            12.8097824
          ],
          [
            120.8218467,
            12.809717
          ],
          [
            120.821918,
            12.8096194
          ],
          [
            120.8219592,
            12.8095688
          ],
          [
            120.8221938,
            12.8094507
          ],
          [
            120.8223322,
            12.8093063
          ],
          [
            120.8224682,
            12.8090163
          ],
          [
            120.8225733,
            12.808868
          ],
          [
            120.822671,
            12.8087087
          ],
          [
            120.822685,
            12.8085942
          ],
          [
            120.8226753,
            12.8084249
          ],
          [
            120.8226485,
            12.8083119
          ]
        ]
      },
      "properties": {
        "id": 86,
        "canal_id": 86,
        "canal": "FARM DITCH (CANAL 86)",
        "canaltype": "Farm Ditch",
        "remarks": "FARM DITCH (CANAL 86)",
        "canal_type": "Ditch",
        "canal_leng": 370.8,
        "station_no": "STA 0+000",
        "station__1": "STA 0+370.8",
        "station__2": "STA.0+000.00",
        "reversal_applied": false,
        "canal_widt": null,
        "canal_lining": "Unlined"
      }
    },
    {
      "type": "Feature",
      "geometry": {
        "type": "LineString",
        "coordinates": [
          [
            120.85142,
            12.8110629
          ],
          [
            120.8511814,
            12.8114385
          ],
          [
            120.8510057,
            12.811724
          ]
        ]
      },
      "properties": {
        "id": 157,
        "canal_id": 157,
        "canal": "FARM DITCH (CANAL 157)",
        "canaltype": "Farm Ditch",
        "remarks": "FARM DITCH (CANAL 157)",
        "canal_type": "Ditch",
        "canal_leng": 85.88,
        "station_no": "STA 0+000",
        "station__1": "STA 0+085.9",
        "station__2": "STA.0+000.00",
        "reversal_applied": false,
        "canal_widt": null,
        "canal_lining": "Unlined"
      }
    },
    {
      "type": "Feature",
      "geometry": {
        "type": "LineString",
        "coordinates": [
          [
            120.8424156,
            12.8151699
          ],
          [
            120.8426706,
            12.8157839
          ],
          [
            120.842798,
            12.8158136
          ],
          [
            120.8428249,
            12.8158194
          ],
          [
            120.8428402,
            12.8158266
          ],
          [
            120.8428532,
            12.8158369
          ],
          [
            120.8428654,
            12.8158508
          ],
          [
            120.8429473,
            12.8159504
          ],
          [
            120.842978,
            12.8159888
          ],
          [
            120.8429881,
            12.8160187
          ],
          [
            120.8429774,
            12.8160643
          ],
          [
            120.8429768,
            12.8161385
          ],
          [
            120.842937,
            12.8162524
          ]
        ]
      },
      "properties": {
        "id": 158,
        "canal_id": 158,
        "canal": "FARM DITCH (CANAL 158)",
        "canaltype": "Farm Ditch",
        "remarks": "FARM DITCH (CANAL 158)",
        "canal_type": "Ditch",
        "canal_leng": 146.03,
        "station_no": "STA 0+000",
        "station__1": "STA 0+146.0",
        "station__2": "STA.0+000.00",
        "reversal_applied": false,
        "canal_widt": null,
        "canal_lining": "Unlined"
      }
    },
    {
      "type": "Feature",
      "geometry": {
        "type": "LineString",
        "coordinates": [
          [
            120.8418225,
            12.81593
          ],
          [
            120.841735,
            12.816078
          ],
          [
            120.8417243,
            12.8161287
          ],
          [
            120.841742,
            12.8161746
          ],
          [
            120.8418522,
            12.8162897
          ],
          [
            120.841993,
            12.8164685
          ],
          [
            120.842111,
            12.8165786
          ],
          [
            120.8422627,
            12.816684
          ],
          [
            120.8423684,
            12.8167254
          ],
          [
            120.8424767,
            12.816772
          ],
          [
            120.8425873,
            12.8168465
          ],
          [
            120.8426745,
            12.8169259
          ],
          [
            120.8428034,
            12.8169854
          ],
          [
            120.8429919,
            12.8170225
          ],
          [
            120.8430925,
            12.8170487
          ]
        ]
      },
      "properties": {
        "id": 159,
        "canal_id": 159,
        "canal": "FARM DITCH (CANAL 159)",
        "canaltype": "Farm Ditch",
        "remarks": "FARM DITCH (CANAL 159)",
        "canal_type": "Ditch",
        "canal_leng": 210.78,
        "station_no": "STA 0+000",
        "station__1": "STA 0+210.8",
        "station__2": "STA.0+000.00",
        "reversal_applied": false,
        "canal_widt": null,
        "canal_lining": "Unlined"
      }
    },
    {
      "type": "Feature",
      "geometry": {
        "type": "LineString",
        "coordinates": [
          [
            120.8187172,
            12.8119687
          ],
          [
            120.8186751,
            12.8118248
          ],
          [
            120.8186221,
            12.8117425
          ],
          [
            120.8185779,
            12.8117076
          ],
          [
            120.818504,
            12.8116779
          ],
          [
            120.8183154,
            12.8116199
          ],
          [
            120.8181137,
            12.8115782
          ],
          [
            120.8178857,
            12.8115745
          ],
          [
            120.8176798,
            12.8115819
          ],
          [
            120.8175186,
            12.8115787
          ],
          [
            120.8174721,
            12.8115965
          ],
          [
            120.8174497,
            12.8116073
          ],
          [
            120.8172855,
            12.8117369
          ],
          [
            120.8172068,
            12.8118327
          ],
          [
            120.8170685,
            12.8119625
          ],
          [
            120.8169307,
            12.8120359
          ],
          [
            120.8167446,
            12.8121163
          ],
          [
            120.8166587,
            12.8121865
          ],
          [
            120.8166125,
            12.8121661
          ],
          [
            120.8165591,
            12.8121256
          ],
          [
            120.8165074,
            12.8121034
          ],
          [
            120.8164982,
            12.8120942
          ],
          [
            120.8164673,
            12.8120266
          ],
          [
            120.8164696,
            12.8119739
          ],
          [
            120.8164977,
            12.8119359
          ],
          [
            120.8165369,
            12.8119071
          ],
          [
            120.816567,
            12.8118601
          ],
          [
            120.8165488,
            12.8118145
          ],
          [
            120.8164779,
            12.811652
          ],
          [
            120.8164515,
            12.8114953
          ],
          [
            120.8164043,
            12.8113712
          ],
          [
            120.8164043,
            12.8113712
          ],
          [
            120.8163863,
            12.8113092
          ],
          [
            120.8163863,
            12.8113092
          ],
          [
            120.8163999,
            12.8112438
          ],
          [
            120.8164953,
            12.8111372
          ],
          [
            120.8164953,
            12.8111372
          ],
          [
            120.8166169,
            12.8110182
          ],
          [
            120.8166169,
            12.8110182
          ],
          [
            120.8168329,
            12.8109035
          ],
          [
            120.8170137,
            12.8107904
          ],
          [
            120.8170924,
            12.810691
          ],
          [
            120.8172301,
            12.8106357
          ],
          [
            120.8173713,
            12.8105987
          ],
          [
            120.8174864,
            12.8105851
          ],
          [
            120.817568,
            12.8105712
          ],
          [
            120.8176313,
            12.8105499
          ],
          [
            120.8177225,
            12.8105052
          ],
          [
            120.8178417,
            12.8104443
          ],
          [
            120.8179383,
            12.8104178
          ],
          [
            120.8180813,
            12.8103917
          ],
          [
            120.8181405,
            12.810405
          ],
          [
            120.8182349,
            12.8104167
          ],
          [
            120.8183899,
            12.8105035
          ],
          [
            120.8184047,
            12.8105072
          ],
          [
            120.8184066,
            12.8105036
          ],
          [
            120.8184066,
            12.8105
          ],
          [
            120.8184293,
            12.8104528
          ],
          [
            120.8184667,
            12.810404
          ],
          [
            120.8186045,
            12.8103397
          ],
          [
            120.8186401,
            12.8102963
          ],
          [
            120.8187054,
            12.8102441
          ],
          [
            120.8187871,
            12.8102339
          ],
          [
            120.8189516,
            12.8102862
          ],
          [
            120.8191326,
            12.8103732
          ],
          [
            120.819402,
            12.8105173
          ],
          [
            120.819522,
            12.8105765
          ]
        ]
      },
      "properties": {
        "id": 91,
        "canal_id": 91,
        "canal": "FARM DITCH (CANAL 91)",
        "canaltype": "Farm Ditch",
        "remarks": "FARM DITCH (CANAL 91)",
        "canal_type": "Ditch",
        "canal_leng": 782.36,
        "station_no": "STA 0+000",
        "station__1": "STA 0+782.4",
        "station__2": "STA.0+000.00",
        "reversal_applied": false,
        "canal_widt": null,
        "canal_lining": "Unlined"
      }
    },
    {
      "type": "Feature",
      "geometry": {
        "type": "LineString",
        "coordinates": [
          [
            120.8164779,
            12.811652
          ],
          [
            120.8165085,
            12.8115431
          ],
          [
            120.8165686,
            12.8114508
          ],
          [
            120.8165705,
            12.811449
          ],
          [
            120.8166863,
            12.8113535
          ],
          [
            120.8166863,
            12.8113535
          ],
          [
            120.8168612,
            12.8112749
          ],
          [
            120.8168612,
            12.8112749
          ],
          [
            120.8169765,
            12.8112377
          ],
          [
            120.8169876,
            12.8112323
          ],
          [
            120.8170638,
            12.8112165
          ],
          [
            120.8171123,
            12.811186
          ],
          [
            120.8172669,
            12.8110963
          ],
          [
            120.8173859,
            12.8110609
          ],
          [
            120.8174306,
            12.8110358
          ],
          [
            120.8174554,
            12.8109542
          ],
          [
            120.8174728,
            12.810867
          ],
          [
            120.8175344,
            12.8108184
          ],
          [
            120.8176366,
            12.8107956
          ],
          [
            120.8177258,
            12.8107654
          ],
          [
            120.8177796,
            12.8107586
          ],
          [
            120.817822,
            12.8107917
          ],
          [
            120.8178422,
            12.8108082
          ],
          [
            120.8178737,
            12.8108085
          ],
          [
            120.8179035,
            12.810796
          ],
          [
            120.8179501,
            12.8107709
          ],
          [
            120.8179798,
            12.8107675
          ],
          [
            120.818035,
            12.8108134
          ],
          [
            120.8182339,
            12.8109661
          ],
          [
            120.8185964,
            12.8112747
          ],
          [
            120.818681,
            12.8113591
          ],
          [
            120.8189129,
            12.8115557
          ],
          [
            120.8189129,
            12.8115557
          ],
          [
            120.8189465,
            12.811567
          ]
        ]
      },
      "properties": {
        "id": 92,
        "canal_id": 92,
        "canal": "FARM DITCH (CANAL 92)",
        "canaltype": "Farm Ditch",
        "remarks": "FARM DITCH (CANAL 92)",
        "canal_type": "Ditch",
        "canal_leng": 347.76,
        "station_no": "STA 0+000",
        "station__1": "STA 0+347.8",
        "station__2": "STA.0+000.00",
        "reversal_applied": false,
        "canal_widt": null,
        "canal_lining": "Unlined"
      }
    },
    {
      "type": "Feature",
      "geometry": {
        "type": "LineString",
        "coordinates": [
          [
            120.8187955,
            12.8118367
          ],
          [
            120.8190369,
            12.8117428
          ],
          [
            120.8194018,
            12.8115657
          ],
          [
            120.8195097,
            12.8115346
          ],
          [
            120.8196787,
            12.8114861
          ],
          [
            120.8198125,
            12.8114417
          ],
          [
            120.8201684,
            12.8112318
          ],
          [
            120.8204907,
            12.8110526
          ],
          [
            120.8207434,
            12.810769
          ],
          [
            120.8209659,
            12.8105544
          ],
          [
            120.8212319,
            12.8102345
          ],
          [
            120.8213853,
            12.8100666
          ],
          [
            120.8215127,
            12.8099094
          ],
          [
            120.8216679,
            12.8097597
          ],
          [
            120.8217385,
            12.8097348
          ],
          [
            120.8217683,
            12.8097259
          ],
          [
            120.821835,
            12.8097824
          ]
        ]
      },
      "properties": {
        "id": 93,
        "canal_id": 93,
        "canal": "FARM DITCH (CANAL 93)",
        "canaltype": "Farm Ditch",
        "remarks": "FARM DITCH (CANAL 93)",
        "canal_type": "Ditch",
        "canal_leng": 417.57,
        "station_no": "STA 0+000",
        "station__1": "STA 0+417.6",
        "station__2": "STA.0+000.00",
        "reversal_applied": false,
        "canal_widt": null,
        "canal_lining": "Unlined"
      }
    },
    {
      "type": "Feature",
      "geometry": {
        "type": "LineString",
        "coordinates": [
          [
            120.8221511,
            12.8029772
          ],
          [
            120.8222068,
            12.8029199
          ],
          [
            120.8222084,
            12.8027343
          ],
          [
            120.8221987,
            12.8025669
          ],
          [
            120.8221516,
            12.8024392
          ],
          [
            120.8221337,
            12.802359
          ],
          [
            120.8221458,
            12.8022499
          ],
          [
            120.8221946,
            12.8021775
          ],
          [
            120.8222765,
            12.8021382
          ],
          [
            120.8223103,
            12.8020875
          ],
          [
            120.8223444,
            12.8020078
          ],
          [
            120.8224164,
            12.8018228
          ],
          [
            120.8224663,
            12.8016231
          ],
          [
            120.8225055,
            12.8013796
          ],
          [
            120.8225924,
            12.8011875
          ],
          [
            120.8228211,
            12.8008983
          ],
          [
            120.8230837,
            12.8005402
          ],
          [
            120.8233521,
            12.8003641
          ],
          [
            120.8236563,
            12.8003448
          ],
          [
            120.8242471,
            12.8006262
          ],
          [
            120.8246678,
            12.8008626
          ],
          [
            120.8246678,
            12.8008626
          ],
          [
            120.8249371,
            12.801014
          ],
          [
            120.8249371,
            12.801014
          ],
          [
            120.8250328,
            12.8010948
          ],
          [
            120.8250697,
            12.8012045
          ]
        ]
      },
      "properties": {
        "id": 94,
        "canal_id": 94,
        "canal": "FARM DITCH (CANAL 94)",
        "canaltype": "Farm Ditch",
        "remarks": "FARM DITCH (CANAL 94)",
        "canal_type": "Ditch",
        "canal_leng": 556.76,
        "station_no": "STA 0+000",
        "station__1": "STA 0+556.8",
        "station__2": "STA.0+000.00",
        "reversal_applied": false,
        "canal_widt": null,
        "canal_lining": "Unlined"
      }
    },
    {
      "type": "Feature",
      "geometry": {
        "type": "LineString",
        "coordinates": [
          [
            120.8213267,
            12.7935869
          ],
          [
            120.8213853,
            12.7935528
          ],
          [
            120.8214695,
            12.7934375
          ],
          [
            120.82158,
            12.7932794
          ],
          [
            120.8217324,
            12.7930641
          ],
          [
            120.8218185,
            12.7929464
          ],
          [
            120.8221132,
            12.7925307
          ],
          [
            120.82215,
            12.7924789
          ],
          [
            120.8223034,
            12.7922805
          ],
          [
            120.8224883,
            12.7920226
          ],
          [
            120.8225738,
            12.7919038
          ],
          [
            120.8225988,
            12.791869
          ],
          [
            120.8227761,
            12.7916436
          ]
        ]
      },
      "properties": {
        "id": 111,
        "canal_id": 111,
        "canal": "FARM DITCH (CANAL 111)",
        "canaltype": "Farm Ditch",
        "remarks": "FARM DITCH (CANAL 111)",
        "canal_type": "Ditch",
        "canal_leng": 805.42,
        "station_no": "STA 0+000",
        "station__1": "STA 0+805.4",
        "station__2": "STA.0+000.00",
        "reversal_applied": false,
        "canal_widt": null,
        "canal_lining": "Unlined"
      }
    },
    {
      "type": "Feature",
      "geometry": {
        "type": "LineString",
        "coordinates": [
          [
            120.8170341,
            12.8341972
          ],
          [
            120.8169265,
            12.8340971
          ],
          [
            120.8167636,
            12.8339344
          ],
          [
            120.8166016,
            12.8337898
          ],
          [
            120.8164683,
            12.8336511
          ],
          [
            120.8163851,
            12.8335715
          ],
          [
            120.8162996,
            12.8334918
          ],
          [
            120.8162426,
            12.8334384
          ],
          [
            120.8162298,
            12.8334529
          ],
          [
            120.8161443,
            12.8333733
          ],
          [
            120.8160611,
            12.8332891
          ],
          [
            120.816027,
            12.8332505
          ],
          [
            120.8160145,
            12.833238
          ],
          [
            120.816003,
            12.8332356
          ],
          [
            120.8159811,
            12.8332377
          ],
          [
            120.815807,
            12.8333051
          ],
          [
            120.8156917,
            12.8333481
          ],
          [
            120.8156675,
            12.8333558
          ],
          [
            120.8156537,
            12.8333557
          ],
          [
            120.8156017,
            12.8333834
          ],
          [
            120.8155786,
            12.8333956
          ],
          [
            120.8155637,
            12.8333978
          ],
          [
            120.8155556,
            12.8333977
          ],
          [
            120.8155042,
            12.8333691
          ],
          [
            120.8154849,
            12.8333709
          ],
          [
            120.815472,
            12.8333682
          ],
          [
            120.8154609,
            12.8333597
          ],
          [
            120.8154411,
            12.8333561
          ],
          [
            120.8154117,
            12.8333627
          ],
          [
            120.8153124,
            12.8333796
          ],
          [
            120.8152331,
            12.8333832
          ],
          [
            120.8151529,
            12.8333817
          ],
          [
            120.8150733,
            12.8334157
          ],
          [
            120.8149981,
            12.8334421
          ],
          [
            120.8149722,
            12.833447
          ],
          [
            120.814955,
            12.8334477
          ],
          [
            120.8149421,
            12.8334442
          ]
        ]
      },
      "properties": {
        "id": 121,
        "canal_id": 121,
        "canal": "FARM DITCH (CANAL 121)",
        "canaltype": "Farm Ditch",
        "remarks": "FARM DITCH (CANAL 121)",
        "canal_type": "Ditch",
        "canal_leng": 278.64,
        "station_no": "STA 0+000",
        "station__1": "STA 0+278.6",
        "station__2": "STA.0+000.00",
        "reversal_applied": false,
        "canal_widt": null,
        "canal_lining": "Unlined"
      }
    },
    {
      "type": "Feature",
      "geometry": {
        "type": "LineString",
        "coordinates": [
          [
            120.8247857,
            12.8318282
          ],
          [
            120.8248101,
            12.8317701
          ],
          [
            120.8248312,
            12.8317246
          ],
          [
            120.8248782,
            12.8316691
          ],
          [
            120.8249049,
            12.8315661
          ],
          [
            120.8249649,
            12.8314093
          ],
          [
            120.8250427,
            12.8313795
          ],
          [
            120.8251636,
            12.8313568
          ],
          [
            120.8252611,
            12.8310497
          ],
          [
            120.8253153,
            12.830831
          ],
          [
            120.8253218,
            12.8308049
          ],
          [
            120.8253171,
            12.8307525
          ],
          [
            120.8253052,
            12.830727
          ],
          [
            120.8252093,
            12.8306534
          ],
          [
            120.8251424,
            12.8306106
          ],
          [
            120.8250753,
            12.8305965
          ],
          [
            120.8250376,
            12.8305776
          ],
          [
            120.8250018,
            12.8305232
          ],
          [
            120.8249633,
            12.8303875
          ],
          [
            120.8249037,
            12.8301096
          ],
          [
            120.8248631,
            12.8300196
          ],
          [
            120.8248067,
            12.8299514
          ],
          [
            120.824574,
            12.829557
          ],
          [
            120.8243996,
            12.8291766
          ],
          [
            120.8243501,
            12.8291204
          ],
          [
            120.8242679,
            12.8290588
          ],
          [
            120.8242044,
            12.8290261
          ],
          [
            120.82412,
            12.829017
          ]
        ]
      },
      "properties": {
        "id": 122,
        "canal_id": 122,
        "canal": "FARM DITCH (CANAL 122)",
        "canaltype": "Farm Ditch",
        "remarks": "FARM DITCH (CANAL 122)",
        "canal_type": "Ditch",
        "canal_leng": 387.39,
        "station_no": "STA 0+000",
        "station__1": "STA 0+387.4",
        "station__2": "STA.0+000.00",
        "reversal_applied": false,
        "canal_widt": null,
        "canal_lining": "Unlined"
      }
    },
    {
      "type": "Feature",
      "geometry": {
        "type": "LineString",
        "coordinates": [
          [
            120.8271537,
            12.8319809
          ],
          [
            120.8270808,
            12.8319428
          ],
          [
            120.8270431,
            12.8319205
          ],
          [
            120.8270121,
            12.8319118
          ],
          [
            120.82689,
            12.8318854
          ],
          [
            120.8267866,
            12.8318828
          ],
          [
            120.8267349,
            12.8318706
          ],
          [
            120.8266438,
            12.8318428
          ],
          [
            120.826606,
            12.8318306
          ],
          [
            120.8265874,
            12.8315818
          ],
          [
            120.8265223,
            12.8312863
          ]
        ]
      },
      "properties": {
        "id": 124,
        "canal_id": 124,
        "canal": "FARM DITCH (CANAL 124)",
        "canaltype": "Farm Ditch",
        "remarks": "FARM DITCH (CANAL 124)",
        "canal_type": "Ditch",
        "canal_leng": 123.57,
        "station_no": "STA 0+000",
        "station__1": "STA 0+123.6",
        "station__2": "STA.0+000.00",
        "reversal_applied": false,
        "canal_widt": null,
        "canal_lining": "Unlined"
      }
    },
    {
      "type": "Feature",
      "geometry": {
        "type": "LineString",
        "coordinates": [
          [
            120.8541413,
            12.8141336
          ],
          [
            120.8542183,
            12.8141934
          ],
          [
            120.8543697,
            12.8142319
          ],
          [
            120.8544109,
            12.8142474
          ],
          [
            120.8544314,
            12.814273
          ],
          [
            120.854452,
            12.8142901
          ],
          [
            120.8544829,
            12.8142988
          ],
          [
            120.8545932,
            12.8143014
          ],
          [
            120.8546655,
            12.8143206
          ],
          [
            120.854815,
            12.8143692
          ],
          [
            120.8549249,
            12.8144293
          ],
          [
            120.8550416,
            12.814486
          ],
          [
            120.8550791,
            12.8145337
          ],
          [
            120.8551134,
            12.8145611
          ],
          [
            120.8551495,
            12.8145715
          ],
          [
            120.8556789,
            12.8145488
          ],
          [
            120.8559896,
            12.8145005
          ]
        ]
      },
      "properties": {
        "id": 120,
        "canal_id": 120,
        "canal": "FARM DITCH (CANAL 120)",
        "canaltype": "Farm Ditch",
        "remarks": "FARM DITCH (CANAL 120)",
        "canal_type": "Ditch",
        "canal_leng": 214.75,
        "station_no": "STA 0+000",
        "station__1": "STA 0+214.8",
        "station__2": "STA.0+000.00",
        "reversal_applied": false,
        "canal_widt": null,
        "canal_lining": "Unlined"
      }
    },
    {
      "type": "Feature",
      "geometry": {
        "type": "LineString",
        "coordinates": [
          [
            120.8257576,
            12.8162387
          ],
          [
            120.8258151,
            12.8162775
          ],
          [
            120.825881,
            12.81638
          ],
          [
            120.8258837,
            12.8165001
          ],
          [
            120.8258586,
            12.8166163
          ],
          [
            120.8258472,
            12.8166471
          ],
          [
            120.8258082,
            12.8166577
          ],
          [
            120.8257375,
            12.8166808
          ],
          [
            120.8256631,
            12.8167166
          ],
          [
            120.8256347,
            12.8167764
          ],
          [
            120.8256177,
            12.8168162
          ],
          [
            120.8256081,
            12.816858
          ],
          [
            120.8256073,
            12.8169435
          ],
          [
            120.8255585,
            12.8170141
          ],
          [
            120.8254582,
            12.817046
          ],
          [
            120.8253265,
            12.8170522
          ],
          [
            120.8251615,
            12.8170472
          ],
          [
            120.8248395,
            12.8172028
          ],
          [
            120.8245769,
            12.8173352
          ],
          [
            120.8245075,
            12.8174347
          ],
          [
            120.8244324,
            12.8175433
          ],
          [
            120.8243692,
            12.8175628
          ],
          [
            120.8242726,
            12.8175874
          ],
          [
            120.8241868,
            12.8176449
          ],
          [
            120.8241115,
            12.8177717
          ],
          [
            120.8240511,
            12.8178967
          ],
          [
            120.8240362,
            12.8179148
          ],
          [
            120.8239952,
            12.8179308
          ],
          [
            120.8238949,
            12.8179573
          ],
          [
            120.8237833,
            12.8179927
          ],
          [
            120.8236751,
            12.8178563
          ],
          [
            120.8235944,
            12.8177537
          ],
          [
            120.8234749,
            12.81764
          ],
          [
            120.8234214,
            12.8176068
          ],
          [
            120.8233884,
            12.8175737
          ],
          [
            120.8233132,
            12.8174767
          ],
          [
            120.823308,
            12.8174312
          ],
          [
            120.8231921,
            12.8173247
          ],
          [
            120.8230249,
            12.8171541
          ],
          [
            120.8229404,
            12.8170606
          ],
          [
            120.8227946,
            12.8169848
          ],
          [
            120.8227029,
            12.8168695
          ],
          [
            120.8226663,
            12.8168155
          ],
          [
            120.8226112,
            12.8167668
          ],
          [
            120.8226004,
            12.8167103
          ],
          [
            120.8226065,
            12.8166503
          ],
          [
            120.8225886,
            12.8165756
          ],
          [
            120.8226094,
            12.8165267
          ],
          [
            120.8226765,
            12.8164835
          ],
          [
            120.8227067,
            12.8164238
          ],
          [
            120.8228382,
            12.8162265
          ],
          [
            120.8228961,
            12.8161779
          ],
          [
            120.8229149,
            12.8161489
          ],
          [
            120.8229024,
            12.8160888
          ],
          [
            120.8229028,
            12.8160488
          ],
          [
            120.8229051,
            12.8159888
          ],
          [
            120.822922,
            12.8159689
          ],
          [
            120.8229834,
            12.8159403
          ],
          [
            120.8230263,
            12.8159115
          ],
          [
            120.8230452,
            12.8158717
          ],
          [
            120.8230893,
            12.8157488
          ],
          [
            120.8232439,
            12.8158339
          ],
          [
            120.8236431,
            12.8161152
          ],
          [
            120.8238895,
            12.8163342
          ],
          [
            120.8245748,
            12.8169548
          ],
          [
            120.8236779,
            12.8174824
          ],
          [
            120.8234749,
            12.81764
          ]
        ]
      },
      "properties": {
        "id": 126,
        "canal_id": 126,
        "canal": "FARM DITCH (CANAL 126)",
        "canaltype": "Farm Ditch",
        "remarks": "FARM DITCH (CANAL 126)",
        "canal_type": "Ditch",
        "canal_leng": 1018.13,
        "station_no": "STA 0+000",
        "station__1": "STA 1+018.1",
        "station__2": "STA.0+000.00",
        "reversal_applied": false,
        "canal_widt": null,
        "canal_lining": "Unlined"
      }
    },
    {
      "type": "Feature",
      "geometry": {
        "type": "LineString",
        "coordinates": [
          [
            120.8263378,
            12.798504
          ],
          [
            120.8264234,
            12.7982068
          ],
          [
            120.8267817,
            12.797136
          ],
          [
            120.8268675,
            12.7968364
          ]
        ]
      },
      "properties": {
        "id": 129,
        "canal_id": 129,
        "canal": "FARM DITCH (CANAL 129)",
        "canaltype": "Farm Ditch",
        "remarks": "FARM DITCH (CANAL 129)",
        "canal_type": "Ditch",
        "canal_leng": 193.33,
        "station_no": "STA 0+000",
        "station__1": "STA 0+193.3",
        "station__2": "STA.0+000.00",
        "reversal_applied": false,
        "canal_widt": null,
        "canal_lining": "Unlined"
      }
    },
    {
      "type": "Feature",
      "geometry": {
        "type": "LineString",
        "coordinates": [
          [
            120.823565,
            12.7924609
          ],
          [
            120.8239945,
            12.7918871
          ],
          [
            120.8248204,
            12.791043
          ],
          [
            120.8251061,
            12.7907098
          ],
          [
            120.8252393,
            12.790601
          ],
          [
            120.8252957,
            12.7905862
          ],
          [
            120.8254566,
            12.7905894
          ],
          [
            120.825544,
            12.7905806
          ],
          [
            120.82562,
            12.7905451
          ],
          [
            120.825745,
            12.7904395
          ],
          [
            120.8258541,
            12.7903814
          ],
          [
            120.8259998,
            12.7903561
          ]
        ]
      },
      "properties": {
        "id": 130,
        "canal_id": 130,
        "canal": "FARM DITCH (CANAL 130)",
        "canaltype": "Farm Ditch",
        "remarks": "FARM DITCH (CANAL 130)",
        "canal_type": "Ditch",
        "canal_leng": 365.27,
        "station_no": "STA 0+000",
        "station__1": "STA 0+365.3",
        "station__2": "STA.0+000.00",
        "reversal_applied": false,
        "canal_widt": null,
        "canal_lining": "Unlined"
      }
    },
    {
      "type": "Feature",
      "geometry": {
        "type": "LineString",
        "coordinates": [
          [
            120.8273097,
            12.8270767
          ],
          [
            120.8271552,
            12.8269954
          ],
          [
            120.8271026,
            12.82696
          ],
          [
            120.8270502,
            12.8269054
          ],
          [
            120.8269969,
            12.8268272
          ],
          [
            120.8269631,
            12.8267513
          ],
          [
            120.8268178,
            12.8265403
          ],
          [
            120.8267871,
            12.8265017
          ],
          [
            120.8267573,
            12.8264846
          ],
          [
            120.8267379,
            12.8264777
          ],
          [
            120.826577,
            12.8264741
          ],
          [
            120.8265448,
            12.8264761
          ],
          [
            120.8265378,
            12.8264861
          ],
          [
            120.8265239,
            12.8265029
          ],
          [
            120.8264317,
            12.8265338
          ],
          [
            120.8264121,
            12.8265359
          ],
          [
            120.8262974,
            12.8265124
          ],
          [
            120.8262386,
            12.8265254
          ],
          [
            120.8262214,
            12.8265219
          ],
          [
            120.8262169,
            12.8265106
          ],
          [
            120.8262136,
            12.8265004
          ],
          [
            120.8262219,
            12.8264734
          ],
          [
            120.8262358,
            12.8264498
          ],
          [
            120.8262329,
            12.8263878
          ],
          [
            120.8262182,
            12.8263617
          ],
          [
            120.8261391,
            12.8263396
          ],
          [
            120.826053,
            12.8263254
          ],
          [
            120.8259748,
            12.8263522
          ],
          [
            120.8259557,
            12.8263533
          ],
          [
            120.8259454,
            12.8263465
          ],
          [
            120.8259409,
            12.8263318
          ],
          [
            120.8259423,
            12.8263088
          ],
          [
            120.8259734,
            12.8262334
          ],
          [
            120.8260466,
            12.8261381
          ],
          [
            120.8260632,
            12.8260785
          ],
          [
            120.8260577,
            12.8260457
          ],
          [
            120.8260419,
            12.8260151
          ],
          [
            120.8260328,
            12.8260026
          ],
          [
            120.8259711,
            12.8259672
          ],
          [
            120.8259447,
            12.8259568
          ],
          [
            120.8258998,
            12.8259722
          ],
          [
            120.8258653,
            12.8259697
          ],
          [
            120.8258423,
            12.8259695
          ],
          [
            120.8258183,
            12.8259591
          ],
          [
            120.8257909,
            12.8259386
          ],
          [
            120.8257624,
            12.8259079
          ],
          [
            120.8257371,
            12.8259021
          ],
          [
            120.8256866,
            12.8258949
          ],
          [
            120.825639,
            12.8259033
          ]
        ]
      },
      "properties": {
        "id": 134,
        "canal_id": 134,
        "canal": "FARM DITCH (CANAL 134)",
        "canaltype": "Farm Ditch",
        "remarks": "FARM DITCH (CANAL 134)",
        "canal_type": "Ditch",
        "canal_leng": 291.26,
        "station_no": "STA 0+000",
        "station__1": "STA 0+291.3",
        "station__2": "STA.0+000.00",
        "reversal_applied": false,
        "canal_widt": null,
        "canal_lining": "Unlined"
      }
    },
    {
      "type": "Feature",
      "geometry": {
        "type": "LineString",
        "coordinates": [
          [
            120.8273097,
            12.8270767
          ],
          [
            120.8273097,
            12.8270767
          ],
          [
            120.8271904,
            12.8271309
          ],
          [
            120.8268284,
            12.8274008
          ],
          [
            120.8265278,
            12.8276548
          ],
          [
            120.8264247,
            12.8277795
          ],
          [
            120.8261608,
            12.8280703
          ],
          [
            120.825996,
            12.8282563
          ],
          [
            120.8257999,
            12.828433
          ],
          [
            120.825636,
            12.8285153
          ],
          [
            120.8253682,
            12.8286059
          ],
          [
            120.8250076,
            12.8287175
          ],
          [
            120.8247249,
            12.828817
          ],
          [
            120.8243513,
            12.828934
          ],
          [
            120.82412,
            12.829017
          ]
        ]
      },
      "properties": {
        "id": 135,
        "canal_id": 135,
        "canal": "FARM DITCH (CANAL 135)",
        "canaltype": "Farm Ditch",
        "remarks": "FARM DITCH (CANAL 135)",
        "canal_type": "Ditch",
        "canal_leng": 417.51,
        "station_no": "STA 0+000",
        "station__1": "STA 0+417.5",
        "station__2": "STA.0+000.00",
        "reversal_applied": false,
        "canal_widt": null,
        "canal_lining": "Unlined"
      }
    },
    {
      "type": "Feature",
      "geometry": {
        "type": "LineString",
        "coordinates": [
          [
            120.8337144,
            12.8241305
          ],
          [
            120.8335706,
            12.824054
          ],
          [
            120.8333604,
            12.8239034
          ],
          [
            120.8332848,
            12.8238519
          ]
        ]
      },
      "properties": {
        "id": 136,
        "canal_id": 136,
        "canal": "FARM DITCH (CANAL 136)",
        "canaltype": "Farm Ditch",
        "remarks": "FARM DITCH (CANAL 136)",
        "canal_type": "Ditch",
        "canal_leng": 56.02,
        "station_no": "STA 0+000",
        "station__1": "STA 0+056.0",
        "station__2": "STA.0+000.00",
        "reversal_applied": false,
        "canal_widt": null,
        "canal_lining": "Unlined"
      }
    },
    {
      "type": "Feature",
      "geometry": {
        "type": "LineString",
        "coordinates": [
          [
            120.8135182,
            12.8342235
          ],
          [
            120.8133271,
            12.8341413
          ],
          [
            120.8132738,
            12.8341273
          ],
          [
            120.8132066,
            12.8341267
          ],
          [
            120.812975,
            12.8341857
          ],
          [
            120.8128057,
            12.8342334
          ],
          [
            120.8127089,
            12.8342613
          ],
          [
            120.8126467,
            12.8342777
          ],
          [
            120.8125355,
            12.8342706
          ]
        ]
      },
      "properties": {
        "id": 141,
        "canal_id": 141,
        "canal": "FARM DITCH (CANAL 141)",
        "canaltype": "Farm Ditch",
        "remarks": "FARM DITCH (CANAL 141)",
        "canal_type": "Ditch",
        "canal_leng": 111.1,
        "station_no": "STA 0+000",
        "station__1": "STA 0+111.1",
        "station__2": "STA.0+000.00",
        "reversal_applied": false,
        "canal_widt": null,
        "canal_lining": "Unlined"
      }
    },
    {
      "type": "Feature",
      "geometry": {
        "type": "LineString",
        "coordinates": [
          [
            120.8217763,
            12.8123026
          ],
          [
            120.8217902,
            12.8123694
          ],
          [
            120.8217637,
            12.8124238
          ],
          [
            120.8217637,
            12.8124238
          ],
          [
            120.8216889,
            12.8125014
          ],
          [
            120.8216384,
            12.8125519
          ],
          [
            120.8216384,
            12.8125519
          ],
          [
            120.8217746,
            12.8126713
          ],
          [
            120.821548,
            12.8129332
          ],
          [
            120.8219199,
            12.8132346
          ],
          [
            120.8221665,
            12.8134423
          ],
          [
            120.8221665,
            12.8134423
          ],
          [
            120.8223414,
            12.8135947
          ],
          [
            120.8225199,
            12.8137417
          ],
          [
            120.8226711,
            12.813834
          ],
          [
            120.8226711,
            12.813834
          ],
          [
            120.8227193,
            12.813838
          ],
          [
            120.8227212,
            12.813838
          ],
          [
            120.8228723,
            12.8139448
          ],
          [
            120.8227727,
            12.814095
          ],
          [
            120.8225328,
            12.8144004
          ],
          [
            120.8225328,
            12.8144004
          ],
          [
            120.8222157,
            12.8148454
          ],
          [
            120.8222243,
            12.8149218
          ],
          [
            120.8223811,
            12.815005
          ],
          [
            120.8224107,
            12.8150216
          ],
          [
            120.822572,
            12.8150102
          ],
          [
            120.822661,
            12.8150128
          ],
          [
            120.8227221,
            12.815026
          ],
          [
            120.8227701,
            12.8150501
          ],
          [
            120.8227812,
            12.815052
          ],
          [
            120.8228015,
            12.8150558
          ],
          [
            120.8228183,
            12.8150505
          ],
          [
            120.8228239,
            12.8150487
          ],
          [
            120.8228444,
            12.8150361
          ],
          [
            120.8228555,
            12.8150289
          ],
          [
            120.8228984,
            12.8149984
          ],
          [
            120.8229059,
            12.814993
          ],
          [
            120.8229544,
            12.8149588
          ],
          [
            120.8230181,
            12.8148847
          ],
          [
            120.8230941,
            12.8148836
          ],
          [
            120.82322,
            12.8149064
          ],
          [
            120.8233531,
            12.8149494
          ],
          [
            120.8234416,
            12.8150047
          ],
          [
            120.8234712,
            12.8150122
          ],
          [
            120.8234971,
            12.8150124
          ],
          [
            120.8235139,
            12.8150016
          ],
          [
            120.8235789,
            12.8148136
          ]
        ]
      },
      "properties": {
        "id": 138,
        "canal_id": 138,
        "canal": "FARM DITCH (CANAL 138)",
        "canaltype": "Farm Ditch",
        "remarks": "FARM DITCH (CANAL 138)",
        "canal_type": "Ditch",
        "canal_leng": 582.27,
        "station_no": "STA 0+000",
        "station__1": "STA 0+582.3",
        "station__2": "STA.0+000.00",
        "reversal_applied": false,
        "canal_widt": null,
        "canal_lining": "Unlined"
      }
    },
    {
      "type": "Feature",
      "geometry": {
        "type": "LineString",
        "coordinates": [
          [
            120.8210536,
            12.8117121
          ],
          [
            120.8209713,
            12.8118732
          ],
          [
            120.8209713,
            12.8118732
          ],
          [
            120.8209503,
            12.8119495
          ],
          [
            120.8208812,
            12.8120071
          ],
          [
            120.8208811,
            12.8120089
          ],
          [
            120.8207152,
            12.8121222
          ],
          [
            120.8205866,
            12.8121993
          ],
          [
            120.820581,
            12.8122029
          ],
          [
            120.8203187,
            12.8123135
          ],
          [
            120.8200692,
            12.8124316
          ],
          [
            120.8200692,
            12.8124316
          ],
          [
            120.81954,
            12.8116722
          ],
          [
            120.8195181,
            12.8116247
          ],
          [
            120.8195097,
            12.8115346
          ]
        ]
      },
      "properties": {
        "id": 139,
        "canal_id": 139,
        "canal": "FARM DITCH (CANAL 139)",
        "canaltype": "Farm Ditch",
        "remarks": "FARM DITCH (CANAL 139)",
        "canal_type": "Ditch",
        "canal_leng": 256.44,
        "station_no": "STA 0+000",
        "station__1": "STA 0+256.4",
        "station__2": "STA.0+000.00",
        "reversal_applied": false,
        "canal_widt": null,
        "canal_lining": "Unlined"
      }
    },
    {
      "type": "Feature",
      "geometry": {
        "type": "LineString",
        "coordinates": [
          [
            120.8339635,
            12.816969
          ],
          [
            120.8339502,
            12.8167815
          ],
          [
            120.8339631,
            12.8164805
          ],
          [
            120.8339567,
            12.8164161
          ],
          [
            120.8339399,
            12.8163703
          ],
          [
            120.8339263,
            12.8163448
          ],
          [
            120.8337611,
            12.8163181
          ],
          [
            120.8335646,
            12.8163046
          ],
          [
            120.8334974,
            12.8163075
          ],
          [
            120.8334682,
            12.8162971
          ],
          [
            120.8334167,
            12.8162628
          ],
          [
            120.8332113,
            12.816092
          ],
          [
            120.8331408,
            12.8160761
          ],
          [
            120.8330803,
            12.8160909
          ],
          [
            120.8329647,
            12.8161001
          ],
          [
            120.8329027,
            12.8160945
          ],
          [
            120.8328598,
            12.8160738
          ],
          [
            120.8326592,
            12.815947
          ],
          [
            120.832532,
            12.815907
          ],
          [
            120.8324682,
            12.8159065
          ],
          [
            120.8322111,
            12.8159315
          ],
          [
            120.8319147,
            12.8159206
          ],
          [
            120.8314187,
            12.8158674
          ],
          [
            120.8311793,
            12.8158384
          ],
          [
            120.8311104,
            12.815831
          ],
          [
            120.8310809,
            12.8158562
          ],
          [
            120.8309993,
            12.8159181
          ],
          [
            120.8309269,
            12.8159226
          ],
          [
            120.8308494,
            12.8159135
          ],
          [
            120.8307892,
            12.8158961
          ],
          [
            120.8307481,
            12.8158619
          ],
          [
            120.8306468,
            12.8158154
          ],
          [
            120.8305221,
            12.8156875
          ],
          [
            120.8304946,
            12.8156771
          ],
          [
            120.830386,
            12.8156728
          ],
          [
            120.8301754,
            12.8157032
          ],
          [
            120.8300235,
            12.8157256
          ],
          [
            120.8299631,
            12.8157302
          ],
          [
            120.8298528,
            12.8157327
          ],
          [
            120.8297942,
            12.8157254
          ],
          [
            120.8297771,
            12.8157135
          ],
          [
            120.8297724,
            12.8156216
          ]
        ]
      },
      "properties": {
        "id": 140,
        "canal_id": 140,
        "canal": "FARM DITCH (CANAL 140)",
        "canaltype": "Farm Ditch",
        "remarks": "FARM DITCH (CANAL 140)",
        "canal_type": "Ditch",
        "canal_leng": 559.24,
        "station_no": "STA 0+000",
        "station__1": "STA 0+559.2",
        "station__2": "STA.0+000.00",
        "reversal_applied": false,
        "canal_widt": null,
        "canal_lining": "Unlined"
      }
    },
    {
      "type": "Feature",
      "geometry": {
        "type": "LineString",
        "coordinates": [
          [
            120.8431206,
            12.8226883
          ],
          [
            120.8431852,
            12.8226904
          ],
          [
            120.8432643,
            12.8226893
          ],
          [
            120.8433056,
            12.8226896
          ],
          [
            120.8433433,
            12.8226968
          ],
          [
            120.8434458,
            12.8227253
          ],
          [
            120.8436264,
            12.8227759
          ],
          [
            120.8437385,
            12.822813
          ],
          [
            120.8437762,
            12.8228254
          ],
          [
            120.8438208,
            12.8228529
          ],
          [
            120.8438321,
            12.8228646
          ],
          [
            120.843839,
            12.8228776
          ],
          [
            120.8438421,
            12.8228807
          ],
          [
            120.8438499,
            12.8228855
          ],
          [
            120.8438591,
            12.8228873
          ],
          [
            120.8438701,
            12.8228848
          ],
          [
            120.8438808,
            12.8228754
          ],
          [
            120.8438844,
            12.8228659
          ],
          [
            120.8438884,
            12.8228556
          ],
          [
            120.843934,
            12.822762
          ],
          [
            120.8439932,
            12.8226207
          ],
          [
            120.8440065,
            12.8226053
          ],
          [
            120.844033,
            12.8225874
          ],
          [
            120.8440836,
            12.82253
          ],
          [
            120.8441119,
            12.8225087
          ],
          [
            120.8441349,
            12.8224925
          ],
          [
            120.8441855,
            12.822457
          ]
        ]
      },
      "properties": {
        "id": 147,
        "canal_id": 147,
        "canal": "FARM DITCH (CANAL 147)",
        "canaltype": "Farm Ditch",
        "remarks": "FARM DITCH (CANAL 147)",
        "canal_type": "Ditch",
        "canal_leng": 500.67,
        "station_no": "STA 0+000",
        "station__1": "STA 0+500.7",
        "station__2": "STA.0+000.00",
        "reversal_applied": false,
        "canal_widt": null,
        "canal_lining": "Unlined"
      }
    },
    {
      "type": "Feature",
      "geometry": {
        "type": "LineString",
        "coordinates": [
          [
            120.840379,
            12.7911649
          ],
          [
            120.8403054,
            12.7911516
          ],
          [
            120.8402436,
            12.7911181
          ],
          [
            120.8400545,
            12.7908551
          ],
          [
            120.8398928,
            12.7905504
          ],
          [
            120.8397567,
            12.7904364
          ],
          [
            120.8396642,
            12.7903721
          ]
        ]
      },
      "properties": {
        "id": 155,
        "canal_id": 155,
        "canal": "FARM DITCH (CANAL 155)",
        "canaltype": "Farm Ditch",
        "remarks": "FARM DITCH (CANAL 155)",
        "canal_type": "Ditch",
        "canal_leng": 121.18,
        "station_no": "STA 0+000",
        "station__1": "STA 0+121.2",
        "station__2": "STA.0+000.00",
        "reversal_applied": false,
        "canal_widt": null,
        "canal_lining": "Unlined"
      }
    },
    {
      "type": "Feature",
      "geometry": {
        "type": "LineString",
        "coordinates": [
          [
            120.8370499,
            12.8121088
          ],
          [
            120.8370118,
            12.812177
          ],
          [
            120.8369738,
            12.8122466
          ],
          [
            120.8369423,
            12.8124129
          ],
          [
            120.8369482,
            12.8126559
          ],
          [
            120.8369416,
            12.8130163
          ],
          [
            120.8368868,
            12.8133763
          ],
          [
            120.8368475,
            12.8137326
          ],
          [
            120.8368255,
            12.8137979
          ],
          [
            120.8360553,
            12.8136372
          ],
          [
            120.8358201,
            12.8135952
          ],
          [
            120.8356956,
            12.8135729
          ],
          [
            120.835571,
            12.8135507
          ],
          [
            120.8355643,
            12.8135495
          ],
          [
            120.8355023,
            12.8136971
          ],
          [
            120.8349925,
            12.8149457
          ],
          [
            120.8344206,
            12.8148441
          ],
          [
            120.8343438,
            12.8148662
          ],
          [
            120.8334839,
            12.8147491
          ],
          [
            120.8331591,
            12.8147049
          ],
          [
            120.8323862,
            12.8145679
          ],
          [
            120.8319488,
            12.8144896
          ],
          [
            120.8316824,
            12.8144856
          ],
          [
            120.8309777,
            12.8144896
          ],
          [
            120.8307261,
            12.8144736
          ],
          [
            120.8307734,
            12.8138403
          ],
          [
            120.8307617,
            12.8138288
          ],
          [
            120.8307308,
            12.8138136
          ],
          [
            120.830594,
            12.8137757
          ],
          [
            120.8305401,
            12.813727
          ],
          [
            120.8305087,
            12.8136875
          ],
          [
            120.8304372,
            12.8136214
          ],
          [
            120.8303466,
            12.8135379
          ],
          [
            120.8302892,
            12.8134685
          ],
          [
            120.8302281,
            12.8134214
          ],
          [
            120.8301529,
            12.8133794
          ],
          [
            120.8300653,
            12.8133459
          ],
          [
            120.8299533,
            12.8132967
          ],
          [
            120.8298359,
            12.8132613
          ],
          [
            120.8296375,
            12.8132441
          ],
          [
            120.8295531,
            12.8132451
          ],
          [
            120.8295056,
            12.8132534
          ],
          [
            120.8294686,
            12.8132686
          ],
          [
            120.8294316,
            12.8132803
          ],
          [
            120.8293788,
            12.8132868
          ],
          [
            120.8293366,
            12.8132882
          ],
          [
            120.8293084,
            12.8133
          ],
          [
            120.8292907,
            12.8133154
          ],
          [
            120.829289,
            12.8133171
          ],
          [
            120.829273,
            12.8133325
          ],
          [
            120.829273,
            12.8133359
          ],
          [
            120.8292535,
            12.8133496
          ],
          [
            120.8292078,
            12.8133613
          ],
          [
            120.8291656,
            12.8133609
          ],
          [
            120.8291041,
            12.813357
          ],
          [
            120.829062,
            12.8133566
          ],
          [
            120.8290128,
            12.8133579
          ],
          [
            120.8289283,
            12.8133762
          ],
          [
            120.8288331,
            12.8134065
          ],
          [
            120.8285898,
            12.8135079
          ],
          [
            120.8284523,
            12.813555
          ],
          [
            120.828357,
            12.8136094
          ],
          [
            120.8283181,
            12.8136333
          ],
          [
            120.8282792,
            12.8136674
          ],
          [
            120.8282436,
            12.8137154
          ],
          [
            120.8282365,
            12.8137222
          ],
          [
            120.8281867,
            12.8138012
          ],
          [
            120.828087,
            12.8139486
          ],
          [
            120.8280337,
            12.8140137
          ],
          [
            120.8279665,
            12.8140683
          ],
          [
            120.8279135,
            12.8140955
          ],
          [
            120.8278573,
            12.8140985
          ],
          [
            120.8278187,
            12.8140912
          ],
          [
            120.8277486,
            12.8140665
          ],
          [
            120.8276331,
            12.8140138
          ],
          [
            120.827556,
            12.8139925
          ],
          [
            120.8274399,
            12.8140053
          ],
          [
            120.8273662,
            12.8139944
          ],
          [
            120.8271862,
            12.8138645
          ]
        ]
      },
      "properties": {
        "id": 168,
        "canal_id": 168,
        "canal": "FARM DITCH (CANAL 168)",
        "canaltype": "Farm Ditch",
        "remarks": "FARM DITCH (CANAL 168)",
        "canal_type": "Ditch",
        "canal_leng": 1487.31,
        "station_no": "STA 0+000",
        "station__1": "STA 1+487.3",
        "station__2": "STA.0+000.00",
        "reversal_applied": true,
        "canal_widt": null,
        "canal_lining": "Unlined"
      }
    },
    {
      "type": "Feature",
      "geometry": {
        "type": "LineString",
        "coordinates": [
          [
            120.8496905,
            12.8105394
          ],
          [
            120.849697,
            12.8099878
          ],
          [
            120.8497139,
            12.8095657
          ],
          [
            120.8499003,
            12.8096054
          ],
          [
            120.8500212,
            12.8096413
          ],
          [
            120.8500355,
            12.8096578
          ],
          [
            120.8500904,
            12.8097422
          ],
          [
            120.8501602,
            12.8097994
          ],
          [
            120.850281,
            12.8099738
          ],
          [
            120.850373,
            12.8101218
          ],
          [
            120.8504607,
            12.8102636
          ],
          [
            120.8504905,
            12.8103281
          ],
          [
            120.8504991,
            12.8103705
          ],
          [
            120.8504902,
            12.8104576
          ]
        ]
      },
      "properties": {
        "id": 170,
        "canal_id": 170,
        "canal": "FARM DITCH (CANAL 170)",
        "canaltype": "Farm Ditch",
        "remarks": "FARM DITCH (CANAL 170)",
        "canal_type": "Ditch",
        "canal_leng": 248.76,
        "station_no": "STA 0+000",
        "station__1": "STA 0+248.8",
        "station__2": "STA.0+000.00",
        "reversal_applied": false,
        "canal_widt": null,
        "canal_lining": "Unlined"
      }
    },
    {
      "type": "Feature",
      "geometry": {
        "type": "LineString",
        "coordinates": [
          [
            120.834259,
            12.8111423
          ],
          [
            120.8341955,
            12.8110715
          ],
          [
            120.8340698,
            12.8110737
          ],
          [
            120.8340607,
            12.8110207
          ],
          [
            120.834052,
            12.8109472
          ],
          [
            120.8340289,
            12.810866
          ],
          [
            120.8339891,
            12.8107157
          ],
          [
            120.8339465,
            12.8106077
          ],
          [
            120.8338981,
            12.8105078
          ],
          [
            120.8338529,
            12.8104066
          ],
          [
            120.8337771,
            12.8102415
          ],
          [
            120.8337043,
            12.8101047
          ],
          [
            120.8334907,
            12.8096488
          ],
          [
            120.8334549,
            12.8095703
          ]
        ]
      },
      "properties": {
        "id": 194,
        "canal_id": 194,
        "canal": "MC 9",
        "canaltype": "Main Canal",
        "remarks": "MC 9",
        "canal_type": "Main",
        "canal_leng": 204.19,
        "station_no": "STA 0+000.00",
        "station__1": "STA 0+204.00",
        "station__2": "STA.0+000.00",
        "reversal_applied": false,
        "canal_widt": null,
        "canal_lining": "Lined"
      }
    },
    {
      "type": "Feature",
      "geometry": {
        "type": "LineString",
        "coordinates": [
          [
            120.8341846,
            12.8111385
          ],
          [
            120.8340752,
            12.811133
          ],
          [
            120.8339909,
            12.8111299
          ],
          [
            120.8338266,
            12.8111338
          ],
          [
            120.8337365,
            12.8111282
          ],
          [
            120.8336483,
            12.8111026
          ],
          [
            120.8333569,
            12.8109738
          ],
          [
            120.8327541,
            12.8107232
          ],
          [
            120.8318906,
            12.8103296
          ],
          [
            120.8314772,
            12.8101344
          ],
          [
            120.8311264,
            12.809976
          ],
          [
            120.8309785,
            12.8099101
          ],
          [
            120.8306571,
            12.8097599
          ],
          [
            120.8302491,
            12.8095823
          ],
          [
            120.8299547,
            12.8094564
          ],
          [
            120.8298504,
            12.8094135
          ],
          [
            120.8297796,
            12.8093823
          ],
          [
            120.8297226,
            12.8093565
          ],
          [
            120.8296683,
            12.8093052
          ],
          [
            120.8296252,
            12.8092483
          ],
          [
            120.8295843,
            12.8092031
          ],
          [
            120.8295502,
            12.809174
          ],
          [
            120.8295176,
            12.8091504
          ],
          [
            120.8294722,
            12.8091289
          ],
          [
            120.8294234,
            12.8091075
          ],
          [
            120.8293949,
            12.8090953
          ],
          [
            120.8293279,
            12.8090667
          ],
          [
            120.829253,
            12.8090357
          ],
          [
            120.8292224,
            12.8090248
          ],
          [
            120.8291874,
            12.8090094
          ],
          [
            120.8291622,
            12.808994
          ],
          [
            120.829146,
            12.808981
          ],
          [
            120.8291041,
            12.8089306
          ],
          [
            120.8290998,
            12.8089062
          ],
          [
            120.8290971,
            12.8088841
          ],
          [
            120.8290995,
            12.8088645
          ],
          [
            120.8291016,
            12.8088422
          ],
          [
            120.8291065,
            12.80881
          ],
          [
            120.8291282,
            12.8087089
          ],
          [
            120.8291773,
            12.8084846
          ]
        ]
      },
      "properties": {
        "id": 195,
        "canal_id": 195,
        "canal": "MC 10",
        "canaltype": "Main Canal",
        "remarks": "MC 10",
        "canal_type": "Main",
        "canal_leng": 660.95,
        "station_no": "STA 0+000.00",
        "station__1": "STA 0+645.00",
        "station__2": "STA.0+000.00",
        "reversal_applied": true,
        "canal_widt": 1,
        "canal_lining": "Lined"
      }
    },
    {
      "type": "Feature",
      "geometry": {
        "type": "LineString",
        "coordinates": [
          [
            120.8370747,
            12.8005039
          ],
          [
            120.8369781,
            12.8003516
          ],
          [
            120.8368068,
            12.8000927
          ],
          [
            120.8361141,
            12.7990731
          ],
          [
            120.8360602,
            12.7989951
          ]
        ]
      },
      "properties": {
        "id": 182,
        "canal_id": 182,
        "canal": "LATERAL A",
        "canaltype": "Lateral",
        "remarks": "LATERAL A",
        "canal_type": "Lateral",
        "canal_leng": 200.06,
        "station_no": "STA 1+505.00",
        "station__1": "STA 1+705.00",
        "station__2": "STA.1+505.00",
        "reversal_applied": true,
        "canal_widt": null,
        "canal_lining": "Unlined"
      }
    },
    {
      "type": "Feature",
      "geometry": {
        "type": "LineString",
        "coordinates": [
          [
            120.8164078,
            12.8291342
          ],
          [
            120.816498,
            12.8290826
          ],
          [
            120.816529,
            12.8290795
          ],
          [
            120.8165532,
            12.8290786
          ],
          [
            120.8165703,
            12.82909
          ],
          [
            120.816665,
            12.8291686
          ],
          [
            120.8167256,
            12.8292142
          ],
          [
            120.8167565,
            12.8292269
          ],
          [
            120.8167771,
            12.8292327
          ],
          [
            120.8168036,
            12.8292273
          ],
          [
            120.8170119,
            12.8291997
          ],
          [
            120.8171258,
            12.829186
          ],
          [
            120.8171741,
            12.8291751
          ],
          [
            120.8172007,
            12.8291595
          ],
          [
            120.8172146,
            12.8291484
          ],
          [
            120.8172284,
            12.8291451
          ],
          [
            120.8172526,
            12.8291453
          ],
          [
            120.8172881,
            12.8291591
          ],
          [
            120.8173006,
            12.829175
          ],
          [
            120.8173162,
            12.8292236
          ],
          [
            120.8173408,
            12.8293107
          ],
          [
            120.8173543,
            12.8293435
          ],
          [
            120.8173495,
            12.8293694
          ],
          [
            120.8173458,
            12.8293919
          ],
          [
            120.8173502,
            12.8294134
          ],
          [
            120.8173707,
            12.8294372
          ],
          [
            120.8173936,
            12.8294453
          ],
          [
            120.8174246,
            12.8294501
          ],
          [
            120.8174442,
            12.8294491
          ],
          [
            120.8174592,
            12.8294357
          ],
          [
            120.8174664,
            12.8294087
          ],
          [
            120.8174653,
            12.8293929
          ],
          [
            120.8174723,
            12.8293828
          ],
          [
            120.8174896,
            12.8293739
          ],
          [
            120.817523,
            12.8293742
          ],
          [
            120.8175688,
            12.8293915
          ],
          [
            120.8175962,
            12.8294109
          ],
          [
            120.817643,
            12.8294485
          ],
          [
            120.8176521,
            12.8294565
          ],
          [
            120.8176647,
            12.82946
          ],
          [
            120.8176774,
            12.8294601
          ],
          [
            120.8178319,
            12.829405
          ],
          [
            120.8179562,
            12.8293823
          ],
          [
            120.8180493,
            12.8293775
          ],
          [
            120.8180884,
            12.8293834
          ],
          [
            120.8181181,
            12.8293972
          ],
          [
            120.8181706,
            12.8294428
          ],
          [
            120.8181979,
            12.8294802
          ],
          [
            120.8182069,
            12.8295006
          ],
          [
            120.8182171,
            12.8295165
          ],
          [
            120.8182491,
            12.8295404
          ],
          [
            120.818308,
            12.8296379
          ],
          [
            120.8183489,
            12.8296878
          ],
          [
            120.8183637,
            12.8297094
          ],
          [
            120.8183738,
            12.8297332
          ],
          [
            120.818412,
            12.8298361
          ],
          [
            120.8184164,
            12.8298632
          ],
          [
            120.8185548,
            12.8299365
          ],
          [
            120.8185617,
            12.82994
          ],
          [
            120.818587,
            12.8299323
          ],
          [
            120.8186424,
            12.8299068
          ],
          [
            120.8187438,
            12.8298783
          ],
          [
            120.8190538,
            12.8297772
          ],
          [
            120.8192233,
            12.8297177
          ],
          [
            120.8193018,
            12.8296777
          ],
          [
            120.8194113,
            12.8296414
          ],
          [
            120.8194366,
            12.8296394
          ],
          [
            120.8196422,
            12.8299918
          ],
          [
            120.8197497,
            12.8301822
          ],
          [
            120.8197956,
            12.8303303
          ],
          [
            120.8197999,
            12.8303585
          ],
          [
            120.8197984,
            12.8304014
          ],
          [
            120.8197813,
            12.8305185
          ],
          [
            120.8197811,
            12.8305366
          ],
          [
            120.8197878,
            12.8305614
          ],
          [
            120.8197992,
            12.8305773
          ],
          [
            120.8198186,
            12.8305921
          ],
          [
            120.8198574,
            12.8306286
          ],
          [
            120.8198721,
            12.8306546
          ],
          [
            120.8198786,
            12.830693
          ],
          [
            120.8198745,
            12.8307753
          ],
          [
            120.8198283,
            12.8309294
          ],
          [
            120.8198189,
            12.8309576
          ],
          [
            120.8198198,
            12.8309869
          ],
          [
            120.8198264,
            12.8310196
          ],
          [
            120.8198457,
            12.8310457
          ],
          [
            120.8198845,
            12.8310743
          ],
          [
            120.8199245,
            12.8311017
          ],
          [
            120.819986,
            12.8311676
          ],
          [
            120.8200215,
            12.8311893
          ],
          [
            120.8200821,
            12.8312225
          ],
          [
            120.8201154,
            12.8312307
          ],
          [
            120.8201314,
            12.8312342
          ],
          [
            120.8201602,
            12.8312322
          ],
          [
            120.8201959,
            12.8312268
          ],
          [
            120.8202429,
            12.8312363
          ],
          [
            120.8203484,
            12.8312687
          ],
          [
            120.8204032,
            12.8313053
          ],
          [
            120.8204204,
            12.8313054
          ],
          [
            120.8204331,
            12.8313032
          ],
          [
            120.820447,
            12.8312955
          ],
          [
            120.8204669,
            12.8312483
          ],
          [
            120.820499,
            12.8311222
          ],
          [
            120.8205004,
            12.8310985
          ],
          [
            120.8204994,
            12.8310749
          ],
          [
            120.8205066,
            12.8310445
          ],
          [
            120.8205429,
            12.8309636
          ],
          [
            120.8205541,
            12.8308655
          ],
          [
            120.8205577,
            12.8308532
          ],
          [
            120.8205693,
            12.8308397
          ],
          [
            120.8205854,
            12.8308331
          ],
          [
            120.8206108,
            12.8308277
          ],
          [
            120.8206856,
            12.8308091
          ],
          [
            120.8208389,
            12.830763
          ],
          [
            120.8210313,
            12.8307037
          ],
          [
            120.8210878,
            12.8306906
          ],
          [
            120.821105,
            12.8306919
          ],
          [
            120.8211107,
            12.8306976
          ],
          [
            120.8211232,
            12.8307169
          ],
          [
            120.8211287,
            12.8307395
          ],
          [
            120.8211368,
            12.8310034
          ],
          [
            120.8211355,
            12.8310192
          ],
          [
            120.8211457,
            12.831034
          ],
          [
            120.8211674,
            12.8310545
          ],
          [
            120.8211857,
            12.8310625
          ],
          [
            120.8212121,
            12.8310695
          ],
          [
            120.8212545,
            12.8310811
          ],
          [
            120.8213118,
            12.8310996
          ],
          [
            120.8213438,
            12.8311191
          ],
          [
            120.821416,
            12.8311456
          ],
          [
            120.8214917,
            12.8311609
          ],
          [
            120.8216465,
            12.8312017
          ],
          [
            120.8217428,
            12.8312374
          ],
          [
            120.8217933,
            12.8312435
          ],
          [
            120.8218243,
            12.8312415
          ],
          [
            120.8218439,
            12.8312416
          ],
          [
            120.821853,
            12.831244
          ],
          [
            120.8218587,
            12.831253
          ],
          [
            120.8218511,
            12.8312744
          ],
          [
            120.821847,
            12.83128
          ],
          [
            120.8218406,
            12.8312918
          ],
          [
            120.821841,
            12.8313005
          ]
        ]
      },
      "properties": {
        "id": 95,
        "canal_id": 95,
        "canal": "FARM DITCH (CANAL 95)",
        "canaltype": "Farm Ditch",
        "remarks": "FARM DITCH (CANAL 95)",
        "canal_type": "Ditch",
        "canal_leng": 896.06,
        "station_no": "STA 0+000",
        "station__1": "STA 0+896.1",
        "station__2": "STA.0+000.00",
        "reversal_applied": false,
        "canal_widt": null,
        "canal_lining": "Unlined"
      }
    },
    {
      "type": "Feature",
      "geometry": {
        "type": "LineString",
        "coordinates": [
          [
            120.827802,
            12.8304177
          ],
          [
            120.8277482,
            12.8303533
          ],
          [
            120.8275797,
            12.8301669
          ],
          [
            120.8274271,
            12.8299976
          ],
          [
            120.8272343,
            12.8298302
          ],
          [
            120.8271497,
            12.8297799
          ],
          [
            120.8270928,
            12.829714
          ],
          [
            120.8269377,
            12.8295673
          ],
          [
            120.8268452,
            12.8294988
          ],
          [
            120.8267767,
            12.8294475
          ],
          [
            120.8267035,
            12.8294131
          ],
          [
            120.8266429,
            12.829372
          ],
          [
            120.8265228,
            12.8293056
          ],
          [
            120.8264382,
            12.8292507
          ],
          [
            120.8263401,
            12.829162
          ]
        ]
      },
      "properties": {
        "id": 97,
        "canal_id": 97,
        "canal": "FARM DITCH (CANAL 97)",
        "canaltype": "Farm Ditch",
        "remarks": "FARM DITCH (CANAL 97)",
        "canal_type": "Ditch",
        "canal_leng": 212.67,
        "station_no": "STA 0+000",
        "station__1": "STA 0+212.7",
        "station__2": "STA.0+000.00",
        "reversal_applied": false,
        "canal_widt": null,
        "canal_lining": "Unlined"
      }
    },
    {
      "type": "Feature",
      "geometry": {
        "type": "LineString",
        "coordinates": [
          [
            120.8277224,
            12.8254583
          ],
          [
            120.8277758,
            12.8255265
          ],
          [
            120.8278073,
            12.8256045
          ],
          [
            120.827815,
            12.8256429
          ],
          [
            120.827826,
            12.8257039
          ],
          [
            120.8278396,
            12.8257289
          ],
          [
            120.8278612,
            12.8257595
          ],
          [
            120.8279293,
            12.8258525
          ],
          [
            120.8280053,
            12.8259761
          ],
          [
            120.8281219,
            12.8261846
          ],
          [
            120.8283062,
            12.8265369
          ],
          [
            120.8283638,
            12.8266557
          ]
        ]
      },
      "properties": {
        "id": 98,
        "canal_id": 98,
        "canal": "FARM DITCH (CANAL 98)",
        "canaltype": "Farm Ditch",
        "remarks": "FARM DITCH (CANAL 98)",
        "canal_type": "Ditch",
        "canal_leng": 150.59,
        "station_no": "STA 0+000",
        "station__1": "STA 0+150.6",
        "station__2": "STA.0+000.00",
        "reversal_applied": false,
        "canal_widt": null,
        "canal_lining": "Unlined"
      }
    },
    {
      "type": "Feature",
      "geometry": {
        "type": "LineString",
        "coordinates": [
          [
            120.829841,
            12.80938
          ],
          [
            120.8298625,
            12.8094569
          ],
          [
            120.8298712,
            12.8094699
          ],
          [
            120.8298965,
            12.8094916
          ],
          [
            120.8300688,
            12.8095741
          ],
          [
            120.8305951,
            12.8098002
          ],
          [
            120.8305975,
            12.8098033
          ],
          [
            120.8305984,
            12.8098061
          ],
          [
            120.8305981,
            12.8098123
          ],
          [
            120.8305839,
            12.8099021
          ],
          [
            120.8305777,
            12.810121
          ],
          [
            120.8305844,
            12.8101521
          ],
          [
            120.8305966,
            12.8101651
          ],
          [
            120.8306203,
            12.810174
          ],
          [
            120.8306405,
            12.8101741
          ],
          [
            120.8307301,
            12.8101645
          ],
          [
            120.8307583,
            12.8101648
          ],
          [
            120.8307793,
            12.8101718
          ],
          [
            120.8308282,
            12.8101998
          ]
        ]
      },
      "properties": {
        "id": 12,
        "canal_id": 12,
        "canal": "FARM DITCH (CANAL 12)",
        "canaltype": "Farm Ditch",
        "remarks": "FARM DITCH (CANAL 12)",
        "canal_type": "Ditch",
        "canal_leng": 164.97,
        "station_no": "STA 0+000",
        "station__1": "STA 0+165.0",
        "station__2": "STA.0+000.00",
        "reversal_applied": true,
        "canal_widt": null,
        "canal_lining": "Unlined"
      }
    },
    {
      "type": "Feature",
      "geometry": {
        "type": "LineString",
        "coordinates": [
          [
            120.8430925,
            12.8170487
          ],
          [
            120.8432343,
            12.8171082
          ],
          [
            120.8434426,
            12.8172521
          ],
          [
            120.8435729,
            12.8174385
          ],
          [
            120.8437374,
            12.8175642
          ],
          [
            120.8439441,
            12.8178984
          ],
          [
            120.8440214,
            12.818229
          ],
          [
            120.8440478,
            12.8183257
          ],
          [
            120.8440935,
            12.81842
          ],
          [
            120.8443284,
            12.8186799
          ]
        ]
      },
      "properties": {
        "id": 160,
        "canal_id": 160,
        "canal": "FARM DITCH (CANAL 160)",
        "canaltype": "Farm Ditch",
        "remarks": "FARM DITCH (CANAL 160)",
        "canal_type": "Ditch",
        "canal_leng": 233.93,
        "station_no": "STA 0+000",
        "station__1": "STA 0+233.9",
        "station__2": "STA.0+000.00",
        "reversal_applied": false,
        "canal_widt": null,
        "canal_lining": "Unlined"
      }
    },
    {
      "type": "Feature",
      "geometry": {
        "type": "LineString",
        "coordinates": [
          [
            120.8553842,
            12.8115535
          ],
          [
            120.855346,
            12.8116562
          ],
          [
            120.8553468,
            12.8116655
          ],
          [
            120.855354,
            12.8116841
          ],
          [
            120.8553806,
            12.8117029
          ],
          [
            120.8554139,
            12.8117182
          ],
          [
            120.8554392,
            12.8117434
          ],
          [
            120.8554677,
            12.8117817
          ],
          [
            120.8555016,
            12.8118143
          ],
          [
            120.8555392,
            12.8118517
          ],
          [
            120.855569,
            12.8118787
          ],
          [
            120.8556183,
            12.8118956
          ],
          [
            120.855663,
            12.8118976
          ]
        ]
      },
      "properties": {
        "id": 204,
        "canal_id": 204,
        "canal": "FARM DITCH (CANAL 204)",
        "canaltype": "Farm Ditch",
        "remarks": "FARM DITCH (CANAL 204)",
        "canal_type": "Ditch",
        "canal_leng": 57.96,
        "station_no": "STA 0+000",
        "station__1": "STA 0+058.0",
        "station__2": "STA.0+000.00",
        "reversal_applied": true,
        "canal_widt": null,
        "canal_lining": "Unlined"
      }
    },
    {
      "type": "Feature",
      "geometry": {
        "type": "LineString",
        "coordinates": [
          [
            120.8291736,
            12.809001
          ],
          [
            120.8290919,
            12.8090647
          ],
          [
            120.8290399,
            12.8091143
          ],
          [
            120.8289577,
            12.8091847
          ],
          [
            120.8288708,
            12.8092562
          ],
          [
            120.8287322,
            12.8093724
          ],
          [
            120.8285293,
            12.8095406
          ],
          [
            120.8283578,
            12.809689
          ],
          [
            120.8283049,
            12.8097366
          ],
          [
            120.8282782,
            12.8097571
          ],
          [
            120.8282612,
            12.809767
          ],
          [
            120.8282449,
            12.8097698
          ],
          [
            120.8282069,
            12.8097654
          ],
          [
            120.828188,
            12.8097566
          ],
          [
            120.8281757,
            12.8097462
          ],
          [
            120.8280877,
            12.8096311
          ],
          [
            120.8279761,
            12.8094825
          ],
          [
            120.8277763,
            12.8092143
          ],
          [
            120.8276647,
            12.8090648
          ],
          [
            120.8275323,
            12.808889
          ],
          [
            120.8274637,
            12.808801
          ],
          [
            120.8273565,
            12.80866
          ],
          [
            120.827247,
            12.8085185
          ],
          [
            120.8271575,
            12.8084014
          ],
          [
            120.8270447,
            12.8082497
          ],
          [
            120.826956,
            12.8081292
          ],
          [
            120.82689,
            12.8080414
          ],
          [
            120.8268255,
            12.8079575
          ],
          [
            120.8266558,
            12.8077369
          ],
          [
            120.8264833,
            12.8075083
          ],
          [
            120.8262391,
            12.807191
          ],
          [
            120.8261645,
            12.8070986
          ],
          [
            120.8260838,
            12.8070115
          ],
          [
            120.8257654,
            12.8066275
          ],
          [
            120.8257451,
            12.8066054
          ]
        ]
      },
      "properties": {
        "id": 196,
        "canal_id": 196,
        "canal": "SUB MC 10",
        "canaltype": "Sub-Lateral",
        "remarks": "SUB MC 10",
        "canal_type": "Lateral",
        "canal_leng": 577.01,
        "station_no": "STA 0+000.00",
        "station__1": "STA 0+577.00",
        "station__2": "STA.0+000.00",
        "reversal_applied": false,
        "canal_widt": null,
        "canal_lining": "Lined"
      }
    },
    {
      "type": "Feature",
      "geometry": {
        "type": "LineString",
        "coordinates": [
          [
            120.8496791,
            12.810607
          ],
          [
            120.8496781,
            12.8105737
          ]
        ]
      },
      "properties": {
        "id": 187,
        "canal_id": 187,
        "canal": "MC 2B",
        "canaltype": "Main Canal",
        "remarks": "MC 2B",
        "canal_type": "Main",
        "canal_leng": 3.69,
        "station_no": "STA 0+000.00",
        "station__1": "STA 0+003.00",
        "station__2": "STA.0+000.00",
        "reversal_applied": false,
        "canal_widt": null,
        "canal_lining": "Lined"
      }
    },
    {
      "type": "Feature",
      "geometry": {
        "type": "LineString",
        "coordinates": [
          [
            120.8360602,
            12.7989951
          ],
          [
            120.8356865,
            12.7984544
          ],
          [
            120.8352489,
            12.7978156
          ],
          [
            120.8350377,
            12.7975022
          ]
        ]
      },
      "properties": {
        "id": 183,
        "canal_id": 183,
        "canal": "LATERAL A",
        "canaltype": "Lateral",
        "remarks": "LATERAL A",
        "canal_type": "Lateral",
        "canal_leng": 199.06,
        "station_no": "STA 1+705.00",
        "station__1": "STA 1+904.00",
        "station__2": "STA.1+705.00",
        "reversal_applied": true,
        "canal_widt": null,
        "canal_lining": "Lined"
      }
    },
    {
      "type": "Feature",
      "geometry": {
        "type": "LineString",
        "coordinates": [
          [
            120.8350377,
            12.7975022
          ],
          [
            120.8348658,
            12.7972474
          ],
          [
            120.8344951,
            12.7966712
          ],
          [
            120.8342282,
            12.7963048
          ],
          [
            120.8339475,
            12.7959353
          ],
          [
            120.8337033,
            12.7956072
          ],
          [
            120.8336255,
            12.7955049
          ],
          [
            120.8335538,
            12.7954028
          ]
        ]
      },
      "properties": {
        "id": 181,
        "canal_id": 181,
        "canal": "LATERAL A",
        "canaltype": "Lateral",
        "remarks": "LATERAL A",
        "canal_type": "Lateral",
        "canal_leng": 282.88,
        "station_no": "STA 1+904.00",
        "station__1": "STA 2+193.00",
        "station__2": "STA.1+904.00",
        "reversal_applied": true,
        "canal_widt": null,
        "canal_lining": "Lined"
      }
    },
    {
      "type": "Feature",
      "geometry": {
        "type": "LineString",
        "coordinates": [
          [
            120.8335538,
            12.7954028
          ],
          [
            120.8334862,
            12.7952818
          ],
          [
            120.833455,
            12.7952257
          ],
          [
            120.8334197,
            12.7951889
          ],
          [
            120.833418,
            12.7951871
          ]
        ]
      },
      "properties": {
        "id": 184,
        "canal_id": 184,
        "canal": "LATERAL A",
        "canaltype": "Lateral",
        "remarks": "LATERAL A",
        "canal_type": "Lateral",
        "canal_leng": 28.21,
        "station_no": "STA 2+193.00",
        "station__1": "STA 2+215.00",
        "station__2": "STA.2+193.00",
        "reversal_applied": true,
        "canal_widt": null,
        "canal_lining": "Lined"
      }
    },
    {
      "type": "Feature",
      "geometry": {
        "type": "LineString",
        "coordinates": [
          [
            120.8558443,
            12.8102126
          ],
          [
            120.8558111,
            12.8101981
          ],
          [
            120.8557901,
            12.8101827
          ],
          [
            120.8556973,
            12.8101099
          ],
          [
            120.8555957,
            12.8100261
          ],
          [
            120.8554984,
            12.8099642
          ],
          [
            120.8553611,
            12.8098976
          ],
          [
            120.8552548,
            12.8098466
          ],
          [
            120.8551661,
            12.8098164
          ],
          [
            120.8551235,
            12.8098031
          ],
          [
            120.8551157,
            12.8098025
          ],
          [
            120.8551076,
            12.8098039
          ],
          [
            120.8550967,
            12.8098057
          ],
          [
            120.8550938,
            12.8098069
          ],
          [
            120.8550659,
            12.8098287
          ],
          [
            120.8550435,
            12.8098536
          ],
          [
            120.8549873,
            12.8099262
          ],
          [
            120.8549648,
            12.8099501
          ],
          [
            120.8549323,
            12.8099858
          ],
          [
            120.8548909,
            12.8100149
          ],
          [
            120.8548517,
            12.8100517
          ],
          [
            120.8547353,
            12.8101337
          ]
        ]
      },
      "properties": {
        "id": 42,
        "canal_id": 42,
        "canal": "FARM DITCH (CANAL 42)",
        "canaltype": "Farm Ditch",
        "remarks": "FARM DITCH (CANAL 42)",
        "canal_type": "Ditch",
        "canal_leng": 148.03,
        "station_no": "STA 0+000",
        "station__1": "STA 0+148.0",
        "station__2": "STA.0+000.00",
        "reversal_applied": false,
        "canal_widt": null,
        "canal_lining": "Unlined"
      }
    },
    {
      "type": "Feature",
      "geometry": {
        "type": "LineString",
        "coordinates": [
          [
            120.8300834,
            12.8085897
          ],
          [
            120.8300462,
            12.808523
          ],
          [
            120.8300261,
            12.8084981
          ],
          [
            120.8299125,
            12.8084213
          ],
          [
            120.8298566,
            12.8083863
          ],
          [
            120.8298251,
            12.8083705
          ],
          [
            120.8297936,
            12.8083582
          ],
          [
            120.8297567,
            12.8083579
          ],
          [
            120.8297075,
            12.8083575
          ],
          [
            120.8296618,
            12.808364
          ],
          [
            120.8295933,
            12.8083635
          ],
          [
            120.8295582,
            12.808358
          ],
          [
            120.829509,
            12.8083507
          ],
          [
            120.8294301,
            12.8083328
          ],
          [
            120.829309,
            12.8083193
          ],
          [
            120.8292827,
            12.8083131
          ],
          [
            120.8292651,
            12.808312
          ],
          [
            120.8292501,
            12.8083205
          ],
          [
            120.8292154,
            12.8083729
          ],
          [
            120.8291735,
            12.8084501
          ],
          [
            120.8291411,
            12.8085395
          ],
          [
            120.8291007,
            12.8087081
          ]
        ]
      },
      "properties": {
        "id": 177,
        "canal_id": 177,
        "canal": "MAIN CANAL",
        "canaltype": "Main Canal",
        "remarks": "MAIN CANAL",
        "canal_type": "Main",
        "canal_leng": 147.72,
        "station_no": "STA 4+500.00",
        "station__1": "STA 6+000.00",
        "station__2": "STA.4+500.00",
        "reversal_applied": false,
        "canal_widt": null,
        "canal_lining": "Unlined"
      }
    },
    {
      "type": "Feature",
      "geometry": {
        "type": "LineString",
        "coordinates": [
          [
            120.8130795,
            12.8351806
          ],
          [
            120.8133588,
            12.8345678
          ],
          [
            120.8135182,
            12.8342235
          ],
          [
            120.813561,
            12.8341311
          ],
          [
            120.8138541,
            12.8334676
          ],
          [
            120.8139615,
            12.8332611
          ],
          [
            120.8141475,
            12.8329825
          ],
          [
            120.8143552,
            12.8327641
          ],
          [
            120.8146433,
            12.8324656
          ],
          [
            120.8147197,
            12.8323785
          ],
          [
            120.8149098,
            12.8321929
          ],
          [
            120.8150965,
            12.8319982
          ],
          [
            120.8153466,
            12.8317804
          ],
          [
            120.8158198,
            12.8314223
          ],
          [
            120.8159966,
            12.831311
          ],
          [
            120.816066,
            12.8312653
          ],
          [
            120.8161087,
            12.8312442
          ],
          [
            120.8161375,
            12.8312332
          ],
          [
            120.816164,
            12.8312278
          ],
          [
            120.8162066,
            12.8312191
          ],
          [
            120.8162376,
            12.8312227
          ],
          [
            120.8162616,
            12.8312353
          ],
          [
            120.8163791,
            12.8313367
          ],
          [
            120.816482,
            12.8314064
          ],
          [
            120.8165289,
            12.8314316
          ],
          [
            120.816601,
            12.8314592
          ],
          [
            120.8166308,
            12.8314775
          ],
          [
            120.8166581,
            12.8315037
          ],
          [
            120.8167251,
            12.8315967
          ],
          [
            120.8167466,
            12.831633
          ],
          [
            120.8167464,
            12.8316567
          ],
          [
            120.8167438,
            12.8317018
          ],
          [
            120.8167725,
            12.8318328
          ],
          [
            120.8167814,
            12.8318701
          ],
          [
            120.8167996,
            12.8318928
          ],
          [
            120.8168132,
            12.8319065
          ],
          [
            120.8168235,
            12.8319133
          ],
          [
            120.8168373,
            12.8319157
          ],
          [
            120.8168672,
            12.8319182
          ],
          [
            120.8168832,
            12.8319262
          ],
          [
            120.8168992,
            12.8319376
          ],
          [
            120.8169185,
            12.8319682
          ],
          [
            120.8169241,
            12.8319852
          ],
          [
            120.8169205,
            12.8320032
          ],
          [
            120.8169134,
            12.8320156
          ],
          [
            120.8169121,
            12.832037
          ],
          [
            120.8169606,
            12.8321423
          ],
          [
            120.8170271,
            12.8322962
          ],
          [
            120.8171626,
            12.8325748
          ],
          [
            120.8172849,
            12.8326514
          ],
          [
            120.8172114,
            12.8327793
          ],
          [
            120.8173084,
            12.8328591
          ],
          [
            120.8172644,
            12.8329072
          ],
          [
            120.8172027,
            12.8329935
          ],
          [
            120.817262,
            12.8330414
          ],
          [
            120.8174185,
            12.8331543
          ],
          [
            120.8175544,
            12.833257
          ],
          [
            120.8176103,
            12.8333026
          ],
          [
            120.817616,
            12.8333128
          ],
          [
            120.8176169,
            12.8333364
          ],
          [
            120.8176249,
            12.8333523
          ],
          [
            120.8176489,
            12.833366
          ],
          [
            120.8176707,
            12.8333662
          ],
          [
            120.817696,
            12.8333664
          ],
          [
            120.8177316,
            12.8333633
          ],
          [
            120.817757,
            12.8333523
          ],
          [
            120.8177789,
            12.8333479
          ],
          [
            120.8178168,
            12.8333471
          ]
        ]
      },
      "properties": {
        "id": 131,
        "canal_id": 131,
        "canal": "FARM DITCH (CANAL 131)",
        "canaltype": "Farm Ditch",
        "remarks": "FARM DITCH (CANAL 131)",
        "canal_type": "Ditch",
        "canal_leng": 913.09,
        "station_no": "STA 0+000",
        "station__1": "STA 0+913.1",
        "station__2": "STA.0+000.00",
        "reversal_applied": false,
        "canal_widt": null,
        "canal_lining": "Unlined"
      }
    },
    {
      "type": "Feature",
      "geometry": {
        "type": "LineString",
        "coordinates": [
          [
            120.8210633,
            12.8331271
          ],
          [
            120.8210526,
            12.8332894
          ],
          [
            120.8211442,
            12.8334211
          ],
          [
            120.8212082,
            12.8335217
          ],
          [
            120.8212152,
            12.8335691
          ],
          [
            120.8211824,
            12.8337216
          ],
          [
            120.8211103,
            12.8339048
          ],
          [
            120.8211026,
            12.8339447
          ],
          [
            120.8211209,
            12.8339686
          ],
          [
            120.8211949,
            12.8339874
          ],
          [
            120.8212801,
            12.8340026
          ],
          [
            120.8213227,
            12.8340012
          ],
          [
            120.8214045,
            12.8339709
          ],
          [
            120.8214827,
            12.8339424
          ],
          [
            120.8215908,
            12.8338687
          ],
          [
            120.821848,
            12.8337144
          ],
          [
            120.8220086,
            12.8335811
          ],
          [
            120.822129,
            12.8333838
          ],
          [
            120.8222077,
            12.8332844
          ],
          [
            120.822273,
            12.8332413
          ],
          [
            120.8223342,
            12.8332345
          ],
          [
            120.8223858,
            12.833275
          ],
          [
            120.8224483,
            12.8333373
          ],
          [
            120.8224621,
            12.8334484
          ],
          [
            120.8224972,
            12.8336852
          ],
          [
            120.8225535,
            12.8338221
          ],
          [
            120.8226423,
            12.8338393
          ],
          [
            120.822685,
            12.8338378
          ],
          [
            120.8227167,
            12.8338108
          ],
          [
            120.8227581,
            12.8337493
          ],
          [
            120.8227955,
            12.8337023
          ],
          [
            120.8228476,
            12.8336845
          ],
          [
            120.8228996,
            12.8336758
          ],
          [
            120.8229813,
            12.833662
          ],
          [
            120.8230315,
            12.8336387
          ],
          [
            120.8230895,
            12.8335883
          ],
          [
            120.8231665,
            12.8334706
          ],
          [
            120.8232709,
            12.8334042
          ],
          [
            120.8233506,
            12.8334103
          ],
          [
            120.8234153,
            12.8334236
          ],
          [
            120.823441,
            12.8334547
          ],
          [
            120.8234556,
            12.8334876
          ],
          [
            120.823477,
            12.8335787
          ],
          [
            120.8234672,
            12.833646
          ],
          [
            120.8234071,
            12.8337346
          ],
          [
            120.8233153,
            12.8338412
          ],
          [
            120.8232723,
            12.8338827
          ],
          [
            120.8232684,
            12.8339027
          ],
          [
            120.8232811,
            12.8339392
          ],
          [
            120.8233288,
            12.8340014
          ],
          [
            120.8233838,
            12.8340728
          ],
          [
            120.8234349,
            12.8341624
          ],
          [
            120.8234743,
            12.8343301
          ],
          [
            120.8234794,
            12.8343865
          ],
          [
            120.8234588,
            12.8344082
          ],
          [
            120.8234493,
            12.8344354
          ],
          [
            120.8234507,
            12.8344809
          ],
          [
            120.8234911,
            12.8345322
          ],
          [
            120.8235537,
            12.8345782
          ],
          [
            120.8236386,
            12.8346225
          ],
          [
            120.8237163,
            12.834645
          ],
          [
            120.8238219,
            12.8346532
          ],
          [
            120.8240413,
            12.8345786
          ],
          [
            120.8241324,
            12.8345575
          ],
          [
            120.8241861,
            12.8345652
          ],
          [
            120.8242082,
            12.8345727
          ],
          [
            120.8242268,
            12.8345656
          ],
          [
            120.8242268,
            12.8345656
          ],
          [
            120.8242307,
            12.8345456
          ],
          [
            120.8242255,
            12.8345091
          ],
          [
            120.8242255,
            12.8345091
          ],
          [
            120.824285,
            12.8344878
          ],
          [
            120.8243315,
            12.8344736
          ],
          [
            120.8243315,
            12.8344736
          ],
          [
            120.8244247,
            12.8344144
          ],
          [
            120.8245052,
            12.8343168
          ],
          [
            120.8245764,
            12.8342337
          ],
          [
            120.8246478,
            12.8341288
          ],
          [
            120.8246906,
            12.8341055
          ],
          [
            120.8247389,
            12.8340913
          ],
          [
            120.8247985,
            12.8340645
          ],
          [
            120.824819,
            12.8340538
          ],
          [
            120.8248638,
            12.8340105
          ],
          [
            120.8249259,
            12.8339055
          ],
          [
            120.8250806,
            12.8336047
          ],
          [
            120.8251788,
            12.8333927
          ],
          [
            120.8253915,
            12.8330215
          ],
          [
            120.8254072,
            12.8329143
          ],
          [
            120.8254163,
            12.8327716
          ]
        ]
      },
      "properties": {
        "id": 132,
        "canal_id": 132,
        "canal": "FARM DITCH (CANAL 132)",
        "canaltype": "Farm Ditch",
        "remarks": "FARM DITCH (CANAL 132)",
        "canal_type": "Ditch",
        "canal_leng": 926.79,
        "station_no": "STA 0+000",
        "station__1": "STA 0+926.8",
        "station__2": "STA.0+000.00",
        "reversal_applied": false,
        "canal_widt": null,
        "canal_lining": "Unlined"
      }
    },
    {
      "type": "Feature",
      "geometry": {
        "type": "LineString",
        "coordinates": [
          [
            120.82412,
            12.829017
          ],
          [
            120.8239644,
            12.8290715
          ],
          [
            120.8235045,
            12.8292234
          ],
          [
            120.8233194,
            12.8292912
          ],
          [
            120.8231033,
            12.8293672
          ],
          [
            120.8230134,
            12.8294003
          ],
          [
            120.8228268,
            12.829441
          ],
          [
            120.8224871,
            12.8294501
          ],
          [
            120.8222489,
            12.8294819
          ],
          [
            120.8217542,
            12.8294795
          ],
          [
            120.8212802,
            12.8294604
          ],
          [
            120.8210731,
            12.8294891
          ],
          [
            120.8209071,
            12.829552
          ],
          [
            120.8208483,
            12.8295651
          ],
          [
            120.8206365,
            12.8295379
          ],
          [
            120.8203505,
            12.8295136
          ],
          [
            120.8198192,
            12.8295548
          ],
          [
            120.8194366,
            12.8296394
          ]
        ]
      },
      "properties": {
        "id": 133,
        "canal_id": 133,
        "canal": "FARM DITCH (CANAL 133)",
        "canaltype": "Farm Ditch",
        "remarks": "FARM DITCH (CANAL 133)",
        "canal_type": "Ditch",
        "canal_leng": 519.86,
        "station_no": "STA 0+000",
        "station__1": "STA 0+519.9",
        "station__2": "STA.0+000.00",
        "reversal_applied": false,
        "canal_widt": null,
        "canal_lining": "Unlined"
      }
    },
    {
      "type": "Feature",
      "geometry": {
        "type": "LineString",
        "coordinates": [
          [
            120.8283638,
            12.8266557
          ],
          [
            120.8289707,
            12.8264343
          ],
          [
            120.829666,
            12.8262071
          ],
          [
            120.8299243,
            12.8261383
          ],
          [
            120.8305302,
            12.825965
          ],
          [
            120.8305302,
            12.825965
          ],
          [
            120.8309353,
            12.8258519
          ],
          [
            120.8309353,
            12.8258519
          ],
          [
            120.8311025,
            12.8258169
          ],
          [
            120.8313685,
            12.8257154
          ],
          [
            120.8313685,
            12.8257154
          ],
          [
            120.8315792,
            12.8255771
          ],
          [
            120.8320488,
            12.825288
          ],
          [
            120.8323783,
            12.8251397
          ],
          [
            120.8325979,
            12.8250433
          ],
          [
            120.8327512,
            12.8248881
          ],
          [
            120.8330076,
            12.8246046
          ],
          [
            120.833165,
            12.8244203
          ],
          [
            120.8332365,
            12.8242936
          ],
          [
            120.8332764,
            12.8241793
          ],
          [
            120.8332798,
            12.8240028
          ],
          [
            120.8332848,
            12.8238519
          ],
          [
            120.8332624,
            12.8236443
          ],
          [
            120.8332726,
            12.8235407
          ],
          [
            120.8333015,
            12.8234172
          ],
          [
            120.833392,
            12.8230213
          ],
          [
            120.8333933,
            12.8228703
          ],
          [
            120.833334,
            12.8226479
          ],
          [
            120.8331779,
            12.8222554
          ],
          [
            120.8330321,
            12.8218503
          ]
        ]
      },
      "properties": {
        "id": 137,
        "canal_id": 137,
        "canal": "FARM DITCH (CANAL 137)",
        "canaltype": "Farm Ditch",
        "remarks": "FARM DITCH (CANAL 137)",
        "canal_type": "Ditch",
        "canal_leng": 883.97,
        "station_no": "STA 0+000",
        "station__1": "STA 0+884.0",
        "station__2": "STA.0+000.00",
        "reversal_applied": false,
        "canal_widt": null,
        "canal_lining": "Unlined"
      }
    },
    {
      "type": "Feature",
      "geometry": {
        "type": "LineString",
        "coordinates": [
          [
            120.8173575,
            12.833979
          ],
          [
            120.817453,
            12.834095
          ],
          [
            120.8176025,
            12.8341754
          ],
          [
            120.8178628,
            12.8342976
          ],
          [
            120.818018,
            12.8343617
          ],
          [
            120.8182178,
            12.8344207
          ],
          [
            120.81834,
            12.8344326
          ],
          [
            120.8183958,
            12.8344085
          ],
          [
            120.8184355,
            12.8343297
          ],
          [
            120.8184395,
            12.8342472
          ],
          [
            120.8183784,
            12.8341305
          ],
          [
            120.8183298,
            12.8340365
          ],
          [
            120.8183139,
            12.8340127
          ],
          [
            120.8183096,
            12.8339856
          ],
          [
            120.8183098,
            12.8339608
          ],
          [
            120.8183077,
            12.833936
          ],
          [
            120.8183268,
            12.8338549
          ],
          [
            120.818327,
            12.8338267
          ],
          [
            120.8183249,
            12.833803
          ],
          [
            120.8183217,
            12.8337759
          ],
          [
            120.8183207,
            12.833759
          ],
          [
            120.8183268,
            12.8337241
          ],
          [
            120.8183641,
            12.8336624
          ],
          [
            120.8183966,
            12.8336187
          ],
          [
            120.818406,
            12.8336018
          ],
          [
            120.8184189,
            12.8335681
          ],
          [
            120.8184352,
            12.8335502
          ],
          [
            120.8184631,
            12.8335076
          ],
          [
            120.8185051,
            12.8334357
          ],
          [
            120.818512,
            12.8334324
          ],
          [
            120.8185178,
            12.8334325
          ],
          [
            120.818567,
            12.8334565
          ],
          [
            120.8185808,
            12.8334589
          ],
          [
            120.8185911,
            12.8334545
          ],
          [
            120.8186155,
            12.8334344
          ],
          [
            120.8187009,
            12.8333161
          ]
        ]
      },
      "properties": {
        "id": 150,
        "canal_id": 150,
        "canal": "FARM DITCH (CANAL 150)",
        "canaltype": "Farm Ditch",
        "remarks": "FARM DITCH (CANAL 150)",
        "canal_type": "Ditch",
        "canal_leng": 274.9,
        "station_no": "STA 0+000",
        "station__1": "STA 0+274.9",
        "station__2": "STA.0+000.00",
        "reversal_applied": false,
        "canal_widt": null,
        "canal_lining": "Unlined"
      }
    },
    {
      "type": "Feature",
      "geometry": {
        "type": "LineString",
        "coordinates": [
          [
            120.8415947,
            12.8072084
          ],
          [
            120.8417743,
            12.8070489
          ],
          [
            120.8419223,
            12.8069017
          ],
          [
            120.8420813,
            12.8067666
          ],
          [
            120.8421887,
            12.8066911
          ],
          [
            120.8422871,
            12.8066264
          ],
          [
            120.8424838,
            12.8065048
          ],
          [
            120.8426704,
            12.8063983
          ],
          [
            120.8428714,
            12.8062941
          ],
          [
            120.8429699,
            12.806225
          ],
          [
            120.8430493,
            12.8061635
          ],
          [
            120.8430651,
            12.8061429
          ],
          [
            120.8430887,
            12.8061071
          ],
          [
            120.8431269,
            12.8060681
          ],
          [
            120.8431695,
            12.8060259
          ],
          [
            120.8432815,
            12.8059308
          ],
          [
            120.8432994,
            12.8059146
          ],
          [
            120.843367,
            12.8058148
          ],
          [
            120.8434289,
            12.8057214
          ],
          [
            120.8434491,
            12.8057041
          ],
          [
            120.8435517,
            12.8056646
          ],
          [
            120.8435685,
            12.8056505
          ],
          [
            120.843573,
            12.805644
          ],
          [
            120.8436058,
            12.8055788
          ],
          [
            120.8436592,
            12.8054418
          ],
          [
            120.8437128,
            12.8052884
          ],
          [
            120.8437377,
            12.8052308
          ],
          [
            120.8437639,
            12.8051633
          ]
        ]
      },
      "properties": {
        "id": 51,
        "canal_id": 51,
        "canal": "FARM DITCH (CANAL 51)",
        "canaltype": "Farm Ditch",
        "remarks": "FARM DITCH (CANAL 51)",
        "canal_type": "Ditch",
        "canal_leng": 336.49,
        "station_no": "STA 0+000",
        "station__1": "STA 0+336.5",
        "station__2": "STA.0+000.00",
        "reversal_applied": false,
        "canal_widt": null,
        "canal_lining": "Unlined"
      }
    },
    {
      "type": "Feature",
      "geometry": {
        "type": "LineString",
        "coordinates": [
          [
            120.8706676,
            12.8188032
          ],
          [
            120.8706532,
            12.818793
          ],
          [
            120.8706335,
            12.8187703
          ],
          [
            120.8706256,
            12.8187411
          ],
          [
            120.8706205,
            12.8187143
          ],
          [
            120.8706357,
            12.8186634
          ],
          [
            120.8706773,
            12.8185621
          ],
          [
            120.8706974,
            12.8184995
          ],
          [
            120.8707171,
            12.8183866
          ],
          [
            120.8707236,
            12.8183239
          ],
          [
            120.870743,
            12.8181499
          ],
          [
            120.870768,
            12.8180195
          ],
          [
            120.8707773,
            12.8179283
          ],
          [
            120.870787,
            12.8177911
          ],
          [
            120.8708045,
            12.8176338
          ],
          [
            120.8708115,
            12.8175184
          ],
          [
            120.8707974,
            12.8173642
          ],
          [
            120.8707969,
            12.8172202
          ],
          [
            120.8707928,
            12.8170963
          ],
          [
            120.870777,
            12.8169437
          ],
          [
            120.8707186,
            12.8167892
          ],
          [
            120.8705613,
            12.8166322
          ],
          [
            120.8704242,
            12.8164955
          ],
          [
            120.8700842,
            12.8162902
          ],
          [
            120.8698337,
            12.8156934
          ],
          [
            120.8687473,
            12.8148268
          ],
          [
            120.8681279,
            12.8143717
          ],
          [
            120.8679498,
            12.814304
          ],
          [
            120.8678162,
            12.8143126
          ],
          [
            120.867645,
            12.8143647
          ],
          [
            120.867572,
            12.8143592
          ],
          [
            120.867422,
            12.8142439
          ],
          [
            120.8671963,
            12.8141643
          ],
          [
            120.8670253,
            12.8140896
          ],
          [
            120.8669991,
            12.8140729
          ],
          [
            120.8669461,
            12.8139681
          ]
        ]
      },
      "properties": {
        "id": 179,
        "canal_id": 179,
        "canal": "NEW INTAKE",
        "canaltype": "Main Canal",
        "remarks": "NEW INTAKE",
        "canal_type": "Main",
        "canal_leng": 770.69,
        "station_no": "STA 0+000.00",
        "station__1": "STA 0+770.69",
        "station__2": "STA.0+000.00",
        "reversal_applied": false,
        "canal_widt": null,
        "canal_lining": "Lined"
      }
    },
    {
      "type": "Feature",
      "geometry": {
        "type": "LineString",
        "coordinates": [
          [
            120.844949,
            12.8116852
          ],
          [
            120.8450337,
            12.8117985
          ]
        ]
      },
      "properties": {
        "id": 190,
        "canal_id": 190,
        "canal": "MC 4",
        "canaltype": "Main Canal",
        "remarks": "MC 4",
        "canal_type": "Main",
        "canal_leng": 15.55,
        "station_no": "STA 0+000.00",
        "station__1": "STA 0+015.00",
        "station__2": "STA.0+000.00",
        "reversal_applied": false,
        "canal_widt": null,
        "canal_lining": "Lined"
      }
    },
    {
      "type": "Feature",
      "geometry": {
        "type": "LineString",
        "coordinates": [
          [
            120.8571082,
            12.8112817
          ],
          [
            120.8570989,
            12.8112173
          ],
          [
            120.8570813,
            12.811119
          ],
          [
            120.8570729,
            12.811077
          ],
          [
            120.857068,
            12.8110674
          ],
          [
            120.8570576,
            12.8110578
          ],
          [
            120.8570105,
            12.8110249
          ],
          [
            120.8569744,
            12.8110041
          ],
          [
            120.8568991,
            12.8109781
          ],
          [
            120.8568494,
            12.8109663
          ],
          [
            120.8568147,
            12.8109581
          ],
          [
            120.8567815,
            12.8109421
          ],
          [
            120.8567507,
            12.8109279
          ],
          [
            120.8567223,
            12.8109081
          ],
          [
            120.8566955,
            12.8108865
          ],
          [
            120.8566539,
            12.8108491
          ]
        ]
      },
      "properties": {
        "id": 198,
        "canal_id": 198,
        "canal": "MC 1",
        "canaltype": "Main Canal",
        "remarks": "MC 1",
        "canal_type": "Main",
        "canal_leng": 76.02,
        "station_no": "STA 0+172.00",
        "station__1": "STA 0+248.00",
        "station__2": "STA.0+172.00",
        "reversal_applied": false,
        "canal_widt": 0.85,
        "canal_lining": "Lined"
      }
    },
    {
      "type": "Feature",
      "geometry": {
        "type": "LineString",
        "coordinates": [
          [
            120.8558349,
            12.8081143
          ],
          [
            120.8558478,
            12.8080824
          ],
          [
            120.8558677,
            12.8080223
          ],
          [
            120.8558692,
            12.8079683
          ],
          [
            120.8558705,
            12.8079421
          ],
          [
            120.8558605,
            12.8078191
          ],
          [
            120.8558418,
            12.8076214
          ],
          [
            120.8558135,
            12.8074293
          ],
          [
            120.8557986,
            12.8072748
          ],
          [
            120.8557718,
            12.807093
          ],
          [
            120.855734,
            12.8069162
          ],
          [
            120.8557002,
            12.8067549
          ],
          [
            120.8556832,
            12.8065964
          ],
          [
            120.8556766,
            12.806388
          ],
          [
            120.8556783,
            12.8061565
          ],
          [
            120.85568,
            12.8059057
          ],
          [
            120.8556872,
            12.805735
          ],
          [
            120.8556879,
            12.8057113
          ],
          [
            120.8556898,
            12.8056743
          ],
          [
            120.8556935,
            12.8055822
          ],
          [
            120.8556997,
            12.8053706
          ],
          [
            120.8557087,
            12.8052698
          ],
          [
            120.855715,
            12.8052391
          ],
          [
            120.8557247,
            12.8052103
          ],
          [
            120.8557499,
            12.8051681
          ],
          [
            120.8557777,
            12.805133
          ],
          [
            120.8558219,
            12.805092
          ],
          [
            120.8558686,
            12.8050463
          ],
          [
            120.8559295,
            12.804981
          ],
          [
            120.8559841,
            12.8049089
          ],
          [
            120.8560511,
            12.8047927
          ],
          [
            120.8560804,
            12.8047378
          ],
          [
            120.8561034,
            12.8046871
          ],
          [
            120.856128,
            12.8046287
          ],
          [
            120.8561575,
            12.8045456
          ],
          [
            120.8561888,
            12.8044455
          ],
          [
            120.8562221,
            12.8043501
          ],
          [
            120.856291,
            12.804132
          ],
          [
            120.856368,
            12.8038276
          ]
        ]
      },
      "properties": {
        "id": 65,
        "canal_id": 65,
        "canal": "MC 1",
        "canaltype": "Main Canal",
        "remarks": "MC 1",
        "canal_type": "Main",
        "canal_leng": 494.9,
        "station_no": "STA 0+605.00",
        "station__1": "STA 1+100.00",
        "station__2": "STA.0+605.00",
        "reversal_applied": false,
        "canal_widt": 0.6,
        "canal_lining": "Lined"
      }
    },
    {
      "type": "Feature",
      "geometry": {
        "type": "LineString",
        "coordinates": [
          [
            120.8450199,
            12.8116444
          ],
          [
            120.8449601,
            12.8115589
          ]
        ]
      },
      "properties": {
        "id": 189,
        "canal_id": 189,
        "canal": "MC 3",
        "canaltype": "Main Canal",
        "remarks": "MC 3",
        "canal_type": "Main",
        "canal_leng": 11.47,
        "station_no": "STA 0+000.00",
        "station__1": "STA 0+011.00",
        "station__2": "STA.0+000.00",
        "reversal_applied": false,
        "canal_widt": null,
        "canal_lining": "Lined"
      }
    },
    {
      "type": "Feature",
      "geometry": {
        "type": "LineString",
        "coordinates": [
          [
            120.8546469,
            12.8111504
          ],
          [
            120.8546818,
            12.8110796
          ]
        ]
      },
      "properties": {
        "id": 188,
        "canal_id": 188,
        "canal": "MC 2A",
        "canaltype": "Main Canal",
        "remarks": "MC 2A",
        "canal_type": "Main",
        "canal_leng": 8.7,
        "station_no": "STA 0+000.00",
        "station__1": "STA 0+008.00",
        "station__2": "STA.0+000.00",
        "reversal_applied": false,
        "canal_widt": null,
        "canal_lining": "Lined"
      }
    },
    {
      "type": "Feature",
      "geometry": {
        "type": "LineString",
        "coordinates": [
          [
            120.8154259,
            12.835884
          ],
          [
            120.815459,
            12.8358042
          ],
          [
            120.8155587,
            12.835708
          ],
          [
            120.8156583,
            12.8356209
          ],
          [
            120.8157048,
            12.8355559
          ],
          [
            120.8157325,
            12.8355403
          ],
          [
            120.8157533,
            12.8355337
          ],
          [
            120.8158318,
            12.835496
          ],
          [
            120.8159942,
            12.8353192
          ],
          [
            120.8161264,
            12.8351782
          ],
          [
            120.8162521,
            12.8350033
          ],
          [
            120.816364,
            12.8348238
          ],
          [
            120.81642,
            12.8347205
          ],
          [
            120.8164664,
            12.8346724
          ],
          [
            120.8165466,
            12.8345749
          ],
          [
            120.8165825,
            12.8345391
          ],
          [
            120.8165964,
            12.8345234
          ],
          [
            120.8165965,
            12.834511
          ],
          [
            120.8165932,
            12.8344975
          ],
          [
            120.8165844,
            12.8344489
          ],
          [
            120.8165893,
            12.834414
          ],
          [
            120.8165907,
            12.8343881
          ],
          [
            120.8166303,
            12.8343286
          ],
          [
            120.8166684,
            12.8343052
          ],
          [
            120.8167423,
            12.8342641
          ],
          [
            120.8168852,
            12.834227
          ],
          [
            120.8170072,
            12.8341998
          ],
          [
            120.8170341,
            12.8341972
          ],
          [
            120.8170602,
            12.8341946
          ],
          [
            120.8171026,
            12.8341995
          ],
          [
            120.8171383,
            12.8341998
          ],
          [
            120.817167,
            12.8341966
          ],
          [
            120.8171993,
            12.8341833
          ],
          [
            120.8172178,
            12.8341733
          ],
          [
            120.8172654,
            12.834123
          ],
          [
            120.8173236,
            12.8340299
          ],
          [
            120.8173575,
            12.833979
          ],
          [
            120.8174028,
            12.833911
          ],
          [
            120.8175086,
            12.8337731
          ],
          [
            120.8176516,
            12.8335871
          ],
          [
            120.817733,
            12.8334694
          ],
          [
            120.8177737,
            12.8334201
          ],
          [
            120.8178074,
            12.8333752
          ],
          [
            120.8178168,
            12.8333471
          ],
          [
            120.8178746,
            12.8333081
          ],
          [
            120.8178955,
            12.8332869
          ],
          [
            120.8179107,
            12.8332633
          ],
          [
            120.8179235,
            12.8332454
          ],
          [
            120.8179501,
            12.8332208
          ],
          [
            120.8179674,
            12.8332119
          ],
          [
            120.818157,
            12.8332169
          ],
          [
            120.8181788,
            12.8332283
          ],
          [
            120.8182005,
            12.8332398
          ],
          [
            120.8182176,
            12.8332523
          ],
          [
            120.8182337,
            12.8332592
          ],
          [
            120.8182669,
            12.833264
          ],
          [
            120.8182934,
            12.8332665
          ],
          [
            120.8183279,
            12.8332611
          ],
          [
            120.8184695,
            12.8332319
          ],
          [
            120.8184971,
            12.8332287
          ],
          [
            120.8185328,
            12.8332268
          ],
          [
            120.8186063,
            12.833233
          ],
          [
            120.8186315,
            12.8332434
          ],
          [
            120.8186497,
            12.8332604
          ],
          [
            120.8186736,
            12.8332843
          ],
          [
            120.818685,
            12.8333036
          ],
          [
            120.8187009,
            12.8333161
          ],
          [
            120.8187147,
            12.8333196
          ],
          [
            120.8187722,
            12.8333133
          ],
          [
            120.8189254,
            12.833274
          ],
          [
            120.8190627,
            12.8332199
          ],
          [
            120.8190916,
            12.8332009
          ],
          [
            120.8191169,
            12.8331955
          ],
          [
            120.8191307,
            12.8331968
          ],
          [
            120.8192143,
            12.833229
          ],
          [
            120.8192509,
            12.8332496
          ],
          [
            120.8192738,
            12.83326
          ],
          [
            120.8192853,
            12.8332601
          ],
          [
            120.8192992,
            12.83325
          ],
          [
            120.8193165,
            12.8332355
          ],
          [
            120.8193501,
            12.8332132
          ],
          [
            120.8193708,
            12.8332089
          ],
          [
            120.8194917,
            12.8331817
          ],
          [
            120.8196044,
            12.8331702
          ],
          [
            120.8196722,
            12.8331742
          ],
          [
            120.819741,
            12.8331939
          ],
          [
            120.8198118,
            12.8332441
          ],
          [
            120.8198744,
            12.8333225
          ],
          [
            120.8199291,
            12.8333737
          ],
          [
            120.8199737,
            12.8333977
          ],
          [
            120.820015,
            12.8334082
          ],
          [
            120.8200701,
            12.8334166
          ],
          [
            120.8203578,
            12.8333705
          ],
          [
            120.820595,
            12.8333217
          ],
          [
            120.8206112,
            12.8333151
          ],
          [
            120.8206307,
            12.8333152
          ],
          [
            120.8206548,
            12.8333256
          ],
          [
            120.8207027,
            12.8333587
          ],
          [
            120.8207326,
            12.8333668
          ],
          [
            120.8207556,
            12.8333614
          ],
          [
            120.8207753,
            12.8333412
          ],
          [
            120.8208451,
            12.8332471
          ],
          [
            120.8209365,
            12.833179
          ],
          [
            120.8209943,
            12.8331389
          ],
          [
            120.8210369,
            12.8331235
          ],
          [
            120.8210633,
            12.8331271
          ],
          [
            120.8210862,
            12.8331374
          ],
          [
            120.8211184,
            12.8331422
          ],
          [
            120.8211437,
            12.8331368
          ],
          [
            120.821191,
            12.833118
          ],
          [
            120.8212686,
            12.8330487
          ],
          [
            120.8213501,
            12.8329231
          ],
          [
            120.8215173,
            12.832726
          ],
          [
            120.8216019,
            12.8326522
          ]
        ]
      },
      "properties": {
        "id": 76,
        "canal_id": 76,
        "canal": "FARM DITCH (CANAL 76)",
        "canaltype": "Farm Ditch",
        "remarks": "FARM DITCH (CANAL 76)",
        "canal_type": "Ditch",
        "canal_leng": 878.99,
        "station_no": "STA 0+000",
        "station__1": "STA 0+879.0",
        "station__2": "STA.0+000.00",
        "reversal_applied": false,
        "canal_widt": null,
        "canal_lining": "Unlined"
      }
    },
    {
      "type": "Feature",
      "geometry": {
        "type": "LineString",
        "coordinates": [
          [
            120.8216019,
            12.8326522
          ],
          [
            120.8216244,
            12.8327054
          ],
          [
            120.8216653,
            12.8327576
          ],
          [
            120.8217282,
            12.8327988
          ],
          [
            120.8217729,
            12.832816
          ],
          [
            120.8218073,
            12.8328208
          ],
          [
            120.8218417,
            12.8328245
          ],
          [
            120.8218775,
            12.8328068
          ],
          [
            120.8219018,
            12.83279
          ],
          [
            120.8219297,
            12.8327531
          ],
          [
            120.8219403,
            12.8327238
          ],
          [
            120.821925,
            12.8326369
          ],
          [
            120.8218865,
            12.8325621
          ],
          [
            120.8218823,
            12.8325215
          ],
          [
            120.8218849,
            12.8324888
          ],
          [
            120.8218896,
            12.8324719
          ],
          [
            120.8219047,
            12.8324562
          ],
          [
            120.8219255,
            12.8324417
          ],
          [
            120.8219496,
            12.8324408
          ],
          [
            120.8219714,
            12.8324455
          ],
          [
            120.8220345,
            12.8324675
          ],
          [
            120.8221363,
            12.8325168
          ],
          [
            120.8221661,
            12.8325249
          ],
          [
            120.8221834,
            12.8325206
          ],
          [
            120.8221985,
            12.8325072
          ],
          [
            120.8222136,
            12.8324802
          ],
          [
            120.8222255,
            12.8324363
          ],
          [
            120.8222429,
            12.8324229
          ],
          [
            120.8222647,
            12.8324197
          ],
          [
            120.8222877,
            12.8324256
          ],
          [
            120.8223094,
            12.8324382
          ],
          [
            120.8223286,
            12.8324812
          ],
          [
            120.8223469,
            12.8324937
          ],
          [
            120.8223767,
            12.832503
          ],
          [
            120.8225684,
            12.8325294
          ],
          [
            120.822635,
            12.8325288
          ],
          [
            120.8226674,
            12.8325122
          ],
          [
            120.822701,
            12.8324809
          ],
          [
            120.8227173,
            12.8324573
          ],
          [
            120.822733,
            12.8323593
          ],
          [
            120.822766,
            12.8321352
          ]
        ]
      },
      "properties": {
        "id": 77,
        "canal_id": 77,
        "canal": "FARM DITCH (CANAL 77)",
        "canaltype": "Farm Ditch",
        "remarks": "FARM DITCH (CANAL 77)",
        "canal_type": "Ditch",
        "canal_leng": 223.15,
        "station_no": "STA 0+000",
        "station__1": "STA 0+223.2",
        "station__2": "STA.0+000.00",
        "reversal_applied": false,
        "canal_widt": null,
        "canal_lining": "Unlined"
      }
    },
    {
      "type": "Feature",
      "geometry": {
        "type": "LineString",
        "coordinates": [
          [
            120.8416207,
            12.8134934
          ],
          [
            120.8416875,
            12.8136325
          ]
        ]
      },
      "properties": {
        "id": 191,
        "canal_id": 191,
        "canal": "MC 6",
        "canaltype": "Main Canal",
        "remarks": "MC 6",
        "canal_type": "Main",
        "canal_leng": 17.01,
        "station_no": "STA 0+000.00",
        "station__1": "STA 0+017.00",
        "station__2": "STA.0+000.00",
        "reversal_applied": false,
        "canal_widt": null,
        "canal_lining": "Lined"
      }
    },
    {
      "type": "Feature",
      "geometry": {
        "type": "LineString",
        "coordinates": [
          [
            120.8209578,
            12.7906041
          ],
          [
            120.8210049,
            12.7906842
          ],
          [
            120.8210567,
            12.7906992
          ],
          [
            120.8211049,
            12.7906996
          ],
          [
            120.8211832,
            12.7906457
          ],
          [
            120.8214141,
            12.7905239
          ],
          [
            120.8217197,
            12.7903372
          ],
          [
            120.8219612,
            12.7902773
          ],
          [
            120.8223254,
            12.7901748
          ],
          [
            120.8223702,
            12.790137
          ],
          [
            120.8223702,
            12.790137
          ],
          [
            120.8223912,
            12.7900753
          ],
          [
            120.8223912,
            12.7900753
          ],
          [
            120.8223718,
            12.7899551
          ],
          [
            120.8223726,
            12.7898641
          ],
          [
            120.8223726,
            12.7898641
          ],
          [
            120.8224366,
            12.7897464
          ],
          [
            120.8225326,
            12.7895761
          ],
          [
            120.8225326,
            12.7895761
          ],
          [
            120.8226591,
            12.7895226
          ],
          [
            120.82273,
            12.7894777
          ],
          [
            120.8228123,
            12.7893874
          ],
          [
            120.8228515,
            12.7893568
          ]
        ]
      },
      "properties": {
        "id": 110,
        "canal_id": 110,
        "canal": "FARM DITCH (CANAL 110)",
        "canaltype": "Farm Ditch",
        "remarks": "FARM DITCH (CANAL 110)",
        "canal_type": "Ditch",
        "canal_leng": 283.91,
        "station_no": "STA 0+000",
        "station__1": "STA 0+283.9",
        "station__2": "STA.0+000.00",
        "reversal_applied": false,
        "canal_widt": null,
        "canal_lining": "Unlined"
      }
    },
    {
      "type": "Feature",
      "geometry": {
        "type": "LineString",
        "coordinates": [
          [
            120.8217197,
            12.7903372
          ],
          [
            120.8216932,
            12.7904061
          ],
          [
            120.8216926,
            12.7904752
          ],
          [
            120.8217418,
            12.7905793
          ],
          [
            120.8218648,
            12.790715
          ],
          [
            120.8219396,
            12.7908575
          ],
          [
            120.8219793,
            12.7909743
          ],
          [
            120.8220226,
            12.7911129
          ],
          [
            120.8220185,
            12.791162
          ],
          [
            120.8219996,
            12.7912037
          ],
          [
            120.8219623,
            12.7912361
          ],
          [
            120.8219361,
            12.7912559
          ],
          [
            120.8218989,
            12.7912811
          ],
          [
            120.8218654,
            12.7912935
          ],
          [
            120.8217873,
            12.7913147
          ],
          [
            120.8217651,
            12.7913182
          ],
          [
            120.8216703,
            12.7913447
          ],
          [
            120.8216703,
            12.7913447
          ],
          [
            120.8214891,
            12.7915051
          ],
          [
            120.8214891,
            12.7915051
          ],
          [
            120.8214327,
            12.7915938
          ],
          [
            120.8214043,
            12.7916681
          ],
          [
            120.8213983,
            12.7917136
          ],
          [
            120.821396,
            12.7917718
          ],
          [
            120.8214123,
            12.7918174
          ],
          [
            120.8214311,
            12.791866
          ],
          [
            120.8218749,
            12.7923433
          ],
          [
            120.8221132,
            12.7925307
          ],
          [
            120.8222691,
            12.7926377
          ],
          [
            120.8224787,
            12.7928377
          ],
          [
            120.8225467,
            12.7929038
          ],
          [
            120.8225265,
            12.7930313
          ],
          [
            120.8225193,
            12.7930764
          ],
          [
            120.8225108,
            12.7932055
          ],
          [
            120.8225107,
            12.7932146
          ],
          [
            120.8224801,
            12.7933199
          ],
          [
            120.8223872,
            12.7935221
          ],
          [
            120.8227864,
            12.7937928
          ]
        ]
      },
      "properties": {
        "id": 112,
        "canal_id": 112,
        "canal": "FARM DITCH (CANAL 112)",
        "canaltype": "Farm Ditch",
        "remarks": "FARM DITCH (CANAL 112)",
        "canal_type": "Ditch",
        "canal_leng": 507.23,
        "station_no": "STA 0+000",
        "station__1": "STA 0+507.2",
        "station__2": "STA.0+000.00",
        "reversal_applied": false,
        "canal_widt": null,
        "canal_lining": "Unlined"
      }
    },
    {
      "type": "Feature",
      "geometry": {
        "type": "LineString",
        "coordinates": [
          [
            120.825559,
            12.8329197
          ],
          [
            120.8254163,
            12.8327716
          ],
          [
            120.8253836,
            12.8327377
          ],
          [
            120.8251315,
            12.8325202
          ],
          [
            120.8249357,
            12.832434
          ],
          [
            120.8248475,
            12.8323938
          ],
          [
            120.8247378,
            12.8323252
          ],
          [
            120.8246634,
            12.8322885
          ],
          [
            120.8246005,
            12.8322541
          ],
          [
            120.8245638,
            12.8322437
          ],
          [
            120.8244719,
            12.8322418
          ],
          [
            120.8243363,
            12.8322316
          ],
          [
            120.8240411,
            12.8322145
          ],
          [
            120.8237804,
            12.8321932
          ],
          [
            120.8234185,
            12.8321755
          ],
          [
            120.8230738,
            12.8321558
          ],
          [
            120.822766,
            12.8321352
          ],
          [
            120.8223317,
            12.8321124
          ],
          [
            120.8218275,
            12.8320755
          ],
          [
            120.8215024,
            12.8320582
          ],
          [
            120.8213634,
            12.8320469
          ],
          [
            120.8213556,
            12.8320242
          ],
          [
            120.8213535,
            12.8319938
          ],
          [
            120.8213607,
            12.8319611
          ],
          [
            120.8213808,
            12.8319004
          ],
          [
            120.8214644,
            12.8317951
          ],
          [
            120.8215377,
            12.8316953
          ],
          [
            120.8216526,
            12.8315666
          ],
          [
            120.821841,
            12.8313005
          ]
        ]
      },
      "properties": {
        "id": 78,
        "canal_id": 78,
        "canal": "FARM DITCH (CANAL 78)",
        "canaltype": "Farm Ditch",
        "remarks": "FARM DITCH (CANAL 78)",
        "canal_type": "Ditch",
        "canal_leng": 581.37,
        "station_no": "STA 0+000",
        "station__1": "STA 0+581.4",
        "station__2": "STA.0+000.00",
        "reversal_applied": false,
        "canal_widt": null,
        "canal_lining": "Unlined"
      }
    },
    {
      "type": "Feature",
      "geometry": {
        "type": "LineString",
        "coordinates": [
          [
            120.8233886,
            12.7887682
          ],
          [
            120.8236639,
            12.7889706
          ],
          [
            120.8239071,
            12.7891472
          ],
          [
            120.8239108,
            12.7891491
          ],
          [
            120.8240808,
            12.7892178
          ],
          [
            120.8240826,
            12.7892196
          ],
          [
            120.8241541,
            12.7893075
          ],
          [
            120.8241793,
            12.7893951
          ],
          [
            120.8241946,
            12.7895571
          ],
          [
            120.8243212,
            12.7897092
          ],
          [
            120.8245656,
            12.7899659
          ],
          [
            120.8246355,
            12.7900229
          ],
          [
            120.824788,
            12.7901915
          ],
          [
            120.8249496,
            12.7903602
          ],
          [
            120.8249844,
            12.7904187
          ],
          [
            120.8249872,
            12.7905224
          ],
          [
            120.8250089,
            12.7905845
          ],
          [
            120.8250546,
            12.790654
          ],
          [
            120.8251061,
            12.7907098
          ],
          [
            120.8251795,
            12.7907897
          ],
          [
            120.8253766,
            12.7909405
          ],
          [
            120.8254685,
            12.7910304
          ],
          [
            120.8254925,
            12.7910415
          ],
          [
            120.8255969,
            12.791115
          ]
        ]
      },
      "properties": {
        "id": 113,
        "canal_id": 113,
        "canal": "FARM DITCH (CANAL 113)",
        "canaltype": "Farm Ditch",
        "remarks": "FARM DITCH (CANAL 113)",
        "canal_type": "Ditch",
        "canal_leng": 366.19,
        "station_no": "STA 0+000",
        "station__1": "STA 0+366.2",
        "station__2": "STA.0+000.00",
        "reversal_applied": false,
        "canal_widt": null,
        "canal_lining": "Unlined"
      }
    },
    {
      "type": "Feature",
      "geometry": {
        "type": "LineString",
        "coordinates": [
          [
            120.8255969,
            12.791115
          ],
          [
            120.8257671,
            12.7912348
          ],
          [
            120.8257689,
            12.7912366
          ],
          [
            120.8258996,
            12.791345
          ],
          [
            120.8259051,
            12.791356
          ],
          [
            120.8259605,
            12.7913801
          ],
          [
            120.8260013,
            12.7913695
          ],
          [
            120.8260143,
            12.791366
          ],
          [
            120.8260644,
            12.7913628
          ],
          [
            120.8261992,
            12.7914257
          ],
          [
            120.8263745,
            12.7915163
          ],
          [
            120.8263782,
            12.7915218
          ],
          [
            120.8263851,
            12.7915746
          ],
          [
            120.8263851,
            12.7915764
          ],
          [
            120.8263654,
            12.7919365
          ],
          [
            120.8263486,
            12.7921638
          ],
          [
            120.8263246,
            12.7923728
          ],
          [
            120.8262541,
            12.7925869
          ],
          [
            120.8262311,
            12.7926759
          ],
          [
            120.826228,
            12.7928287
          ],
          [
            120.8262625,
            12.7931273
          ],
          [
            120.8263344,
            12.7936082
          ],
          [
            120.8263903,
            12.7940053
          ],
          [
            120.8264036,
            12.7943965
          ],
          [
            120.8264036,
            12.7944002
          ],
          [
            120.826471,
            12.7947573
          ],
          [
            120.8264722,
            12.7948356
          ],
          [
            120.8264702,
            12.7948446
          ],
          [
            120.826453,
            12.7949063
          ],
          [
            120.8263911,
            12.7949932
          ],
          [
            120.8263854,
            12.7950077
          ],
          [
            120.8262598,
            12.7951686
          ],
          [
            120.8262541,
            12.795194
          ],
          [
            120.8262481,
            12.7952394
          ],
          [
            120.8262425,
            12.7952448
          ],
          [
            120.8262331,
            12.7952593
          ],
          [
            120.8262238,
            12.7952683
          ],
          [
            120.8261228,
            12.7953639
          ],
          [
            120.8260738,
            12.7954581
          ],
          [
            120.8260506,
            12.7955689
          ],
          [
            120.8259493,
            12.7961448
          ],
          [
            120.8258417,
            12.7968061
          ],
          [
            120.8257593,
            12.797384
          ]
        ]
      },
      "properties": {
        "id": 115,
        "canal_id": 115,
        "canal": "FARM DITCH (CANAL 115)",
        "canaltype": "Farm Ditch",
        "remarks": "FARM DITCH (CANAL 115)",
        "canal_type": "Ditch",
        "canal_leng": 768.86,
        "station_no": "STA 0+000",
        "station__1": "STA 0+768.9",
        "station__2": "STA.0+000.00",
        "reversal_applied": false,
        "canal_widt": null,
        "canal_lining": "Unlined"
      }
    },
    {
      "type": "Feature",
      "geometry": {
        "type": "LineString",
        "coordinates": [
          [
            120.8255969,
            12.791115
          ],
          [
            120.8253878,
            12.7913608
          ],
          [
            120.8250939,
            12.7917004
          ],
          [
            120.8248241,
            12.7920366
          ],
          [
            120.824575,
            12.7923311
          ],
          [
            120.8241759,
            12.7928208
          ],
          [
            120.823565,
            12.7924609
          ],
          [
            120.82344,
            12.7923872
          ],
          [
            120.8231063,
            12.7921752
          ],
          [
            120.8229754,
            12.7920977
          ],
          [
            120.822691,
            12.7919717
          ],
          [
            120.8225738,
            12.7919038
          ]
        ]
      },
      "properties": {
        "id": 116,
        "canal_id": 116,
        "canal": "FARM DITCH (CANAL 116)",
        "canaltype": "Farm Ditch",
        "remarks": "FARM DITCH (CANAL 116)",
        "canal_type": "Ditch",
        "canal_leng": 445.52,
        "station_no": "STA 0+000",
        "station__1": "STA 0+445.5",
        "station__2": "STA.0+000.00",
        "reversal_applied": false,
        "canal_widt": null,
        "canal_lining": "Unlined"
      }
    },
    {
      "type": "Feature",
      "geometry": {
        "type": "LineString",
        "coordinates": [
          [
            120.8224059,
            12.7944054
          ],
          [
            120.8224209,
            12.794713
          ],
          [
            120.8224242,
            12.7951933
          ],
          [
            120.82247,
            12.7954666
          ],
          [
            120.8226052,
            12.7957005
          ],
          [
            120.8227598,
            12.7958292
          ],
          [
            120.8230147,
            12.7959404
          ],
          [
            120.8233386,
            12.796216
          ],
          [
            120.8235259,
            12.7964286
          ],
          [
            120.8236325,
            12.7965314
          ],
          [
            120.8236473,
            12.7965388
          ],
          [
            120.8239644,
            12.7967415
          ],
          [
            120.8242411,
            12.796893
          ],
          [
            120.8244945,
            12.7971789
          ],
          [
            120.8246752,
            12.7972968
          ],
          [
            120.8250329,
            12.7975181
          ],
          [
            120.8253089,
            12.7977532
          ],
          [
            120.8255736,
            12.7980174
          ],
          [
            120.8258786,
            12.7983365
          ],
          [
            120.8260225,
            12.7984213
          ],
          [
            120.8261854,
            12.7984445
          ],
          [
            120.8263378,
            12.798504
          ]
        ]
      },
      "properties": {
        "id": 117,
        "canal_id": 117,
        "canal": "FARM DITCH (CANAL 117)",
        "canaltype": "Farm Ditch",
        "remarks": "FARM DITCH (CANAL 117)",
        "canal_type": "Ditch",
        "canal_leng": 665.61,
        "station_no": "STA 0+000",
        "station__1": "STA 0+665.6",
        "station__2": "STA.0+000.00",
        "reversal_applied": false,
        "canal_widt": null,
        "canal_lining": "Unlined"
      }
    },
    {
      "type": "Feature",
      "geometry": {
        "type": "LineString",
        "coordinates": [
          [
            120.8370371,
            12.8121317
          ],
          [
            120.8370074,
            12.812044
          ]
        ]
      },
      "properties": {
        "id": 192,
        "canal_id": 192,
        "canal": "MC 7",
        "canaltype": "Main Canal",
        "remarks": "MC 7",
        "canal_type": "Main",
        "canal_leng": 10.22,
        "station_no": "STA 0+000.00",
        "station__1": "STA 0+010.00",
        "station__2": "STA.0+000.00",
        "reversal_applied": false,
        "canal_widt": null,
        "canal_lining": "Lined"
      }
    },
    {
      "type": "Feature",
      "geometry": {
        "type": "LineString",
        "coordinates": [
          [
            120.8247857,
            12.8318282
          ],
          [
            120.8246949,
            12.8318354
          ],
          [
            120.8245524,
            12.8318297
          ],
          [
            120.8243456,
            12.8318246
          ],
          [
            120.8242858,
            12.8318241
          ],
          [
            120.8242651,
            12.8318262
          ],
          [
            120.8242524,
            12.8318306
          ],
          [
            120.824242,
            12.831835
          ],
          [
            120.8242259,
            12.831836
          ],
          [
            120.8241237,
            12.8318273
          ],
          [
            120.8239412,
            12.8318021
          ],
          [
            120.8237965,
            12.8317873
          ],
          [
            120.8235806,
            12.8317709
          ],
          [
            120.823375,
            12.83175
          ],
          [
            120.8231373,
            12.8317232
          ],
          [
            120.8229432,
            12.8317126
          ],
          [
            120.8228283,
            12.8317071
          ],
          [
            120.8227147,
            12.8316904
          ],
          [
            120.8226136,
            12.8316772
          ],
          [
            120.8225803,
            12.8316712
          ],
          [
            120.8225539,
            12.8316699
          ],
          [
            120.8225264,
            12.8316674
          ],
          [
            120.8224838,
            12.8316761
          ],
          [
            120.822455,
            12.8316792
          ],
          [
            120.8224377,
            12.8316813
          ],
          [
            120.8224044,
            12.8316811
          ],
          [
            120.8223769,
            12.8316786
          ],
          [
            120.8223573,
            12.831675
          ],
          [
            120.8222544,
            12.8316212
          ],
          [
            120.8221001,
            12.831515
          ],
          [
            120.8219288,
            12.831385
          ],
          [
            120.8218631,
            12.8313467
          ],
          [
            120.8218539,
            12.8313432
          ],
          [
            120.8218505,
            12.8313398
          ],
          [
            120.821841,
            12.8313005
          ]
        ]
      },
      "properties": {
        "id": 79,
        "canal_id": 79,
        "canal": "FARM DITCH (CANAL 79)",
        "canaltype": "Farm Ditch",
        "remarks": "FARM DITCH (CANAL 79)",
        "canal_type": "Ditch",
        "canal_leng": 336.19,
        "station_no": "STA 0+000",
        "station__1": "STA 0+336.2",
        "station__2": "STA.0+000.00",
        "reversal_applied": false,
        "canal_widt": null,
        "canal_lining": "Unlined"
      }
    },
    {
      "type": "Feature",
      "geometry": {
        "type": "LineString",
        "coordinates": [
          [
            120.844949,
            12.8116852
          ],
          [
            120.844866,
            12.8115557
          ],
          [
            120.8446328,
            12.8112699
          ],
          [
            120.8443082,
            12.8108848
          ],
          [
            120.8440474,
            12.8105771
          ],
          [
            120.8436309,
            12.8100848
          ],
          [
            120.843352,
            12.8097478
          ],
          [
            120.8432299,
            12.8095855
          ],
          [
            120.8431329,
            12.8094605
          ],
          [
            120.842942,
            12.8092205
          ],
          [
            120.8426079,
            12.8087689
          ],
          [
            120.8423236,
            12.8083458
          ],
          [
            120.8422299,
            12.8082087
          ],
          [
            120.8421946,
            12.8081543
          ],
          [
            120.8421119,
            12.8080334
          ],
          [
            120.841864,
            12.8076537
          ],
          [
            120.8417059,
            12.8074212
          ],
          [
            120.8415749,
            12.8072273
          ],
          [
            120.8414136,
            12.8069835
          ],
          [
            120.8412618,
            12.8067613
          ],
          [
            120.8410541,
            12.806455
          ],
          [
            120.8408797,
            12.8061941
          ],
          [
            120.8406832,
            12.8058979
          ],
          [
            120.8404817,
            12.8055857
          ],
          [
            120.840146,
            12.805082
          ],
          [
            120.8401284,
            12.8050533
          ],
          [
            120.8399882,
            12.8048437
          ],
          [
            120.8398502,
            12.8046292
          ],
          [
            120.839466,
            12.804065
          ],
          [
            120.839281,
            12.8037872
          ],
          [
            120.8389045,
            12.8032288
          ],
          [
            120.838596,
            12.8027689
          ],
          [
            120.838202,
            12.802171
          ],
          [
            120.8379217,
            12.801757
          ],
          [
            120.8373964,
            12.8009802
          ],
          [
            120.8370771,
            12.8005077
          ],
          [
            120.8370747,
            12.8005039
          ]
        ]
      },
      "properties": {
        "id": 178,
        "canal_id": 178,
        "canal": "LATERAL A",
        "canaltype": "Lateral",
        "remarks": "LATERAL A",
        "canal_type": "Lateral",
        "canal_leng": 1505.42,
        "station_no": "STA 0+000.00",
        "station__1": "STA 1+505.00",
        "station__2": "STA.0+000.00",
        "reversal_applied": true,
        "canal_widt": null,
        "canal_lining": "Lined"
      }
    },
    {
      "type": "Feature",
      "geometry": {
        "type": "LineString",
        "coordinates": [
          [
            120.8182123,
            12.827588
          ],
          [
            120.8182688,
            12.8280485
          ],
          [
            120.8182649,
            12.8282311
          ],
          [
            120.8182472,
            12.8282863
          ],
          [
            120.8182077,
            12.8283434
          ],
          [
            120.8181642,
            12.8284559
          ],
          [
            120.8181573,
            12.82859
          ],
          [
            120.8181714,
            12.8286871
          ],
          [
            120.8182061,
            12.8287923
          ],
          [
            120.8182698,
            12.8288684
          ],
          [
            120.8183075,
            12.8288946
          ],
          [
            120.8184037,
            12.8289293
          ],
          [
            120.8185125,
            12.8289753
          ],
          [
            120.8186007,
            12.8290144
          ]
        ]
      },
      "properties": {
        "id": 88,
        "canal_id": 88,
        "canal": "FARM DITCH (CANAL 88)",
        "canaltype": "Farm Ditch",
        "remarks": "FARM DITCH (CANAL 88)",
        "canal_type": "Ditch",
        "canal_leng": 187.26,
        "station_no": "STA 0+000",
        "station__1": "STA 0+187.3",
        "station__2": "STA.0+000.00",
        "reversal_applied": false,
        "canal_widt": null,
        "canal_lining": "Unlined"
      }
    },
    {
      "type": "Feature",
      "geometry": {
        "type": "LineString",
        "coordinates": [
          [
            120.8371001,
            12.8004883
          ],
          [
            120.8377163,
            12.8001344
          ],
          [
            120.8382123,
            12.7998574
          ],
          [
            120.8382899,
            12.7998235
          ],
          [
            120.83832,
            12.7998014
          ],
          [
            120.8383588,
            12.7997589
          ],
          [
            120.8383644,
            12.7997414
          ],
          [
            120.8383603,
            12.7997086
          ],
          [
            120.8383361,
            12.7995653
          ],
          [
            120.8383246,
            12.7994712
          ],
          [
            120.8383044,
            12.7992564
          ],
          [
            120.8382981,
            12.7990753
          ],
          [
            120.8382775,
            12.7989165
          ],
          [
            120.8382282,
            12.7987238
          ],
          [
            120.8381649,
            12.7985224
          ],
          [
            120.8381141,
            12.7983918
          ],
          [
            120.8382317,
            12.7983031
          ],
          [
            120.8381661,
            12.7981672
          ],
          [
            120.8380135,
            12.797828
          ],
          [
            120.8379315,
            12.7976609
          ],
          [
            120.8378623,
            12.7975293
          ],
          [
            120.837775,
            12.7973665
          ],
          [
            120.8376782,
            12.7972821
          ],
          [
            120.8376511,
            12.7972681
          ],
          [
            120.8376406,
            12.7972645
          ],
          [
            120.8376283,
            12.7972644
          ],
          [
            120.8376089,
            12.7972677
          ],
          [
            120.8375966,
            12.7972711
          ],
          [
            120.8375834,
            12.7972796
          ],
          [
            120.8374939,
            12.7973668
          ],
          [
            120.8374302,
            12.7974163
          ],
          [
            120.8374125,
            12.7974282
          ],
          [
            120.8373993,
            12.7974359
          ],
          [
            120.8373826,
            12.79744
          ],
          [
            120.8373624,
            12.7974381
          ],
          [
            120.8373343,
            12.797431
          ],
          [
            120.8372239,
            12.7974068
          ],
          [
            120.8371945,
            12.7973937
          ],
          [
            120.8371888,
            12.7973932
          ],
          [
            120.8371774,
            12.7973944
          ],
          [
            120.8371735,
            12.7973943
          ],
          [
            120.8371682,
            12.7973913
          ],
          [
            120.8371474,
            12.7973558
          ],
          [
            120.8370709,
            12.7972663
          ],
          [
            120.8370125,
            12.7972133
          ],
          [
            120.8369415,
            12.7971398
          ],
          [
            120.8369409,
            12.7971394
          ],
          [
            120.8369389,
            12.7971389
          ],
          [
            120.8369359,
            12.7971391
          ],
          [
            120.8369209,
            12.797141
          ],
          [
            120.8369138,
            12.7971428
          ],
          [
            120.8369118,
            12.797143
          ],
          [
            120.8369096,
            12.7971427
          ],
          [
            120.8369059,
            12.7971408
          ],
          [
            120.8368371,
            12.7970722
          ],
          [
            120.8367701,
            12.7969992
          ]
        ]
      },
      "properties": {
        "id": 9,
        "canal_id": 9,
        "canal": "FARM DITCH (CANAL 9)",
        "canaltype": "Farm Ditch",
        "remarks": "FARM DITCH (CANAL 9)",
        "canal_type": "Ditch",
        "canal_leng": 585.33,
        "station_no": "STA 0+000",
        "station__1": "STA 0+585.3",
        "station__2": "STA.0+000.00",
        "reversal_applied": false,
        "canal_widt": null,
        "canal_lining": "Unlined"
      }
    },
    {
      "type": "Feature",
      "geometry": {
        "type": "LineString",
        "coordinates": [
          [
            120.8371001,
            12.8004883
          ],
          [
            120.8369518,
            12.8006136
          ],
          [
            120.836873,
            12.8006557
          ],
          [
            120.8367558,
            12.800697
          ],
          [
            120.8366298,
            12.800739
          ],
          [
            120.836519,
            12.8007588
          ],
          [
            120.8363009,
            12.8007846
          ],
          [
            120.8360555,
            12.8008188
          ],
          [
            120.8357722,
            12.8008493
          ],
          [
            120.8357504,
            12.8008516
          ],
          [
            120.8353387,
            12.8009172
          ],
          [
            120.8348233,
            12.800994
          ],
          [
            120.8345313,
            12.8010261
          ],
          [
            120.8339104,
            12.8011158
          ],
          [
            120.8334741,
            12.8011743
          ],
          [
            120.8324573,
            12.8013246
          ],
          [
            120.8318047,
            12.8014106
          ],
          [
            120.8315232,
            12.80146
          ],
          [
            120.8312721,
            12.8014407
          ]
        ]
      },
      "properties": {
        "id": 10,
        "canal_id": 10,
        "canal": "FARM DITCH (CANAL 10)",
        "canaltype": "Farm Ditch",
        "remarks": "FARM DITCH (CANAL 10)",
        "canal_type": "Ditch",
        "canal_leng": 646.7,
        "station_no": "STA 0+000",
        "station__1": "STA 0+646.7",
        "station__2": "STA.0+000.00",
        "reversal_applied": false,
        "canal_widt": null,
        "canal_lining": "Unlined"
      }
    },
    {
      "type": "Feature",
      "geometry": {
        "type": "LineString",
        "coordinates": [
          [
            120.8334549,
            12.8095703
          ],
          [
            120.8331343,
            12.808867
          ],
          [
            120.8329911,
            12.8085623
          ],
          [
            120.832597,
            12.8076961
          ],
          [
            120.8325643,
            12.8076156
          ],
          [
            120.8322777,
            12.8070236
          ],
          [
            120.8319964,
            12.8064298
          ],
          [
            120.8318584,
            12.8061287
          ],
          [
            120.8315789,
            12.8055349
          ],
          [
            120.831308,
            12.8049465
          ],
          [
            120.8307759,
            12.8047127
          ],
          [
            120.8304659,
            12.8045998
          ],
          [
            120.8302907,
            12.8045363
          ],
          [
            120.8301644,
            12.8045146
          ],
          [
            120.8298152,
            12.8044652
          ],
          [
            120.8295379,
            12.8044301
          ]
        ]
      },
      "properties": {
        "id": 11,
        "canal_id": 11,
        "canal": "FARM DITCH (CANAL 11)",
        "canaltype": "Farm Ditch",
        "remarks": "FARM DITCH (CANAL 11)",
        "canal_type": "Ditch",
        "canal_leng": 764.43,
        "station_no": "STA 0+000",
        "station__1": "STA 0+764.4",
        "station__2": "STA.0+000.00",
        "reversal_applied": false,
        "canal_widt": null,
        "canal_lining": "Unlined"
      }
    },
    {
      "type": "Feature",
      "geometry": {
        "type": "LineString",
        "coordinates": [
          [
            120.8345838,
            12.8070144
          ],
          [
            120.8345179,
            12.8068487
          ],
          [
            120.8344363,
            12.8067299
          ],
          [
            120.834361,
            12.8065965
          ],
          [
            120.8343455,
            12.8065636
          ],
          [
            120.8343053,
            12.8065305
          ],
          [
            120.8342201,
            12.8064333
          ],
          [
            120.8340961,
            12.8063477
          ],
          [
            120.8339702,
            12.8062726
          ],
          [
            120.8338092,
            12.8061971
          ],
          [
            120.8336884,
            12.8061461
          ],
          [
            120.8333804,
            12.8059987
          ],
          [
            120.8332649,
            12.8059512
          ],
          [
            120.8332004,
            12.8058938
          ],
          [
            120.8331742,
            12.8058643
          ],
          [
            120.8331397,
            12.8057967
          ],
          [
            120.8331,
            12.8057085
          ],
          [
            120.832954,
            12.8055228
          ],
          [
            120.8328936,
            12.8053947
          ]
        ]
      },
      "properties": {
        "id": 186,
        "canal_id": 186,
        "canal": "FARM DITCH (CANAL 186)",
        "canaltype": "Farm Ditch",
        "remarks": "FARM DITCH (CANAL 186)",
        "canal_type": "Ditch",
        "canal_leng": 267.65,
        "station_no": "STA 0+000",
        "station__1": "STA 0+267.6",
        "station__2": "STA.0+000.00",
        "reversal_applied": true,
        "canal_widt": null,
        "canal_lining": "Unlined"
      }
    },
    {
      "type": "Feature",
      "geometry": {
        "type": "LineString",
        "coordinates": [
          [
            120.8290894,
            12.8089348
          ],
          [
            120.8291015,
            12.8089521
          ],
          [
            120.8291182,
            12.8089592
          ],
          [
            120.829119,
            12.8089643
          ],
          [
            120.8291135,
            12.8089927
          ],
          [
            120.8290555,
            12.8090974
          ],
          [
            120.829028,
            12.8091222
          ],
          [
            120.8290122,
            12.8091195
          ],
          [
            120.8290053,
            12.80911
          ],
          [
            120.8290231,
            12.8090843
          ],
          [
            120.8290161,
            12.8090738
          ],
          [
            120.8289978,
            12.8090582
          ],
          [
            120.8289392,
            12.8090267
          ],
          [
            120.828828,
            12.8089852
          ],
          [
            120.8287913,
            12.8089625
          ],
          [
            120.8287722,
            12.8089442
          ],
          [
            120.8287618,
            12.8089192
          ],
          [
            120.8287534,
            12.8088777
          ],
          [
            120.8287327,
            12.8088344
          ],
          [
            120.828684,
            12.808778
          ],
          [
            120.8286465,
            12.8087372
          ],
          [
            120.8285996,
            12.8086807
          ],
          [
            120.8285429,
            12.8086268
          ],
          [
            120.8284836,
            12.8085798
          ],
          [
            120.8284311,
            12.8085535
          ],
          [
            120.8283742,
            12.8085323
          ],
          [
            120.8283567,
            12.808527
          ],
          [
            120.8283269,
            12.8085112
          ],
          [
            120.828215,
            12.8084525
          ],
          [
            120.8281379,
            12.8084234
          ],
          [
            120.8281195,
            12.8084207
          ],
          [
            120.8281028,
            12.808418
          ],
          [
            120.8280915,
            12.8084101
          ],
          [
            120.8280688,
            12.8083893
          ],
          [
            120.8280226,
            12.8083509
          ],
          [
            120.8280051,
            12.8083413
          ],
          [
            120.8279832,
            12.8083351
          ],
          [
            120.8279472,
            12.8083296
          ],
          [
            120.8279121,
            12.8083259
          ],
          [
            120.8279016,
            12.8083249
          ],
          [
            120.8278893,
            12.8083197
          ],
          [
            120.8278728,
            12.808304
          ],
          [
            120.8278485,
            12.8082693
          ],
          [
            120.8278381,
            12.8082494
          ],
          [
            120.82783,
            12.8081718
          ],
          [
            120.8278234,
            12.8081251
          ],
          [
            120.8278281,
            12.8080821
          ],
          [
            120.827834,
            12.8080054
          ],
          [
            120.8278286,
            12.8079286
          ],
          [
            120.8278072,
            12.8078552
          ],
          [
            120.8277745,
            12.8077799
          ],
          [
            120.8277286,
            12.8077054
          ],
          [
            120.827686,
            12.8076438
          ],
          [
            120.8276593,
            12.8075832
          ],
          [
            120.8275714,
            12.8073868
          ],
          [
            120.8274834,
            12.8071981
          ],
          [
            120.8274575,
            12.8071496
          ],
          [
            120.8273935,
            12.8070319
          ],
          [
            120.827371,
            12.8069903
          ],
          [
            120.8273447,
            12.8069849
          ],
          [
            120.8273026,
            12.8069742
          ],
          [
            120.8272851,
            12.8069689
          ],
          [
            120.8272624,
            12.8069515
          ],
          [
            120.8272347,
            12.8068978
          ],
          [
            120.8271861,
            12.8068301
          ],
          [
            120.826993,
            12.8066096
          ],
          [
            120.8269356,
            12.8065453
          ],
          [
            120.8268117,
            12.8064425
          ],
          [
            120.8267087,
            12.8063624
          ],
          [
            120.8266791,
            12.8063311
          ],
          [
            120.8266673,
            12.8062775
          ],
          [
            120.8266676,
            12.8062396
          ],
          [
            120.8266805,
            12.8061707
          ],
          [
            120.8266599,
            12.8061171
          ],
          [
            120.8266249,
            12.806091
          ],
          [
            120.826597,
            12.8060718
          ],
          [
            120.826555,
            12.8060559
          ],
          [
            120.8265305,
            12.8060384
          ],
          [
            120.8264705,
            12.8059673
          ],
          [
            120.8263419,
            12.8058067
          ],
          [
            120.8262941,
            12.8057434
          ],
          [
            120.8262714,
            12.8057277
          ],
          [
            120.8262225,
            12.8056928
          ],
          [
            120.8261123,
            12.8056332
          ],
          [
            120.8260581,
            12.8056052
          ],
          [
            120.8259943,
            12.8055659
          ],
          [
            120.8259454,
            12.8055319
          ],
          [
            120.825812,
            12.8054109
          ],
          [
            120.825684,
            12.8052805
          ],
          [
            120.825651,
            12.8052346
          ],
          [
            120.8256397,
            12.805219
          ],
          [
            120.8256329,
            12.8051999
          ],
          [
            120.8256269,
            12.8051749
          ],
          [
            120.8256079,
            12.8051428
          ],
          [
            120.8255609,
            12.8050838
          ],
          [
            120.8255436,
            12.805057
          ],
          [
            120.8255288,
            12.8050448
          ],
          [
            120.8254607,
            12.8049925
          ],
          [
            120.8253823,
            12.8049134
          ],
          [
            120.8252766,
            12.8048427
          ],
          [
            120.8251763,
            12.8047548
          ],
          [
            120.8251171,
            12.8046948
          ],
          [
            120.8250953,
            12.8046748
          ],
          [
            120.8250813,
            12.804666
          ],
          [
            120.8250603,
            12.8046598
          ],
          [
            120.8250305,
            12.8046527
          ],
          [
            120.8250042,
            12.8046464
          ],
          [
            120.8249745,
            12.8046289
          ],
          [
            120.8249317,
            12.8045941
          ],
          [
            120.8249126,
            12.8045767
          ],
          [
            120.8248846,
            12.8045635
          ],
          [
            120.8248163,
            12.8045354
          ],
          [
            120.8247394,
            12.8044839
          ],
          [
            120.824666,
            12.8044393
          ],
          [
            120.8246109,
            12.8044061
          ],
          [
            120.8245604,
            12.8043608
          ],
          [
            120.8244549,
            12.8042608
          ],
          [
            120.8243215,
            12.8041451
          ],
          [
            120.8242309,
            12.8040615
          ],
          [
            120.8241489,
            12.8039893
          ],
          [
            120.8240985,
            12.803932
          ],
          [
            120.8240195,
            12.8038132
          ],
          [
            120.8239532,
            12.8036627
          ],
          [
            120.823942,
            12.8036367
          ],
          [
            120.8239212,
            12.8036072
          ],
          [
            120.8239073,
            12.8035847
          ],
          [
            120.823896,
            12.8035665
          ],
          [
            120.8238839,
            12.8035466
          ],
          [
            120.8238736,
            12.8035146
          ],
          [
            120.8238729,
            12.8034939
          ],
          [
            120.8239612,
            12.8032463
          ],
          [
            120.8240348,
            12.8030607
          ],
          [
            120.8240858,
            12.8029491
          ],
          [
            120.8240994,
            12.8029
          ],
          [
            120.8241105,
            12.8028346
          ],
          [
            120.8241356,
            12.8027805
          ],
          [
            120.8241792,
            12.8027179
          ],
          [
            120.8242156,
            12.8026734
          ],
          [
            120.8242581,
            12.8026324
          ],
          [
            120.8243006,
            12.8025965
          ],
          [
            120.8243279,
            12.8025803
          ],
          [
            120.8243694,
            12.8025609
          ],
          [
            120.8244178,
            12.8025492
          ],
          [
            120.8244944,
            12.8025257
          ],
          [
            120.8245463,
            12.8025166
          ],
          [
            120.8245999,
            12.8025179
          ],
          [
            120.8246877,
            12.8025247
          ],
          [
            120.8247914,
            12.8025247
          ],
          [
            120.8249125,
            12.8025343
          ],
          [
            120.8249424,
            12.8025346
          ],
          [
            120.8249846,
            12.8025246
          ],
          [
            120.8250236,
            12.8024904
          ],
          [
            120.8250969,
            12.802341
          ],
          [
            120.825115,
            12.8022842
          ],
          [
            120.8251119,
            12.8022273
          ],
          [
            120.8250756,
            12.802158
          ],
          [
            120.8250461,
            12.8021233
          ],
          [
            120.8250148,
            12.8020799
          ],
          [
            120.8249977,
            12.8020281
          ],
          [
            120.8249825,
            12.8019521
          ],
          [
            120.8249655,
            12.8018847
          ],
          [
            120.8249557,
            12.8018053
          ],
          [
            120.8249472,
            12.801769
          ],
          [
            120.8248953,
            12.8016755
          ],
          [
            120.8248874,
            12.8016583
          ],
          [
            120.8248774,
            12.8016116
          ],
          [
            120.8248827,
            12.8014995
          ],
          [
            120.8249069,
            12.801348
          ],
          [
            120.8249268,
            12.8012809
          ],
          [
            120.8249534,
            12.8012518
          ],
          [
            120.8250697,
            12.8012045
          ],
          [
            120.8251189,
            12.8012032
          ],
          [
            120.8253271,
            12.8013083
          ],
          [
            120.8254447,
            12.8013231
          ],
          [
            120.8256073,
            12.8012882
          ],
          [
            120.8256534,
            12.8012678
          ],
          [
            120.8257729,
            12.8011585
          ],
          [
            120.8259185,
            12.8009839
          ],
          [
            120.8266958,
            12.7996626
          ],
          [
            120.826785,
            12.7993401
          ]
        ]
      },
      "properties": {
        "id": 13,
        "canal_id": 13,
        "canal": "FARM DITCH (CANAL 13)",
        "canaltype": "Farm Ditch",
        "remarks": "FARM DITCH (CANAL 13)",
        "canal_type": "Ditch",
        "canal_leng": 1577.51,
        "station_no": "STA 0+000",
        "station__1": "STA 1+577.5",
        "station__2": "STA.0+000.00",
        "reversal_applied": true,
        "canal_widt": null,
        "canal_lining": "Unlined"
      }
    },
    {
      "type": "Feature",
      "geometry": {
        "type": "LineString",
        "coordinates": [
          [
            120.8423667,
            12.8150513
          ],
          [
            120.8424156,
            12.8151699
          ]
        ]
      },
      "properties": {
        "id": 31,
        "canal_id": 31,
        "canal": "FARM DITCH (CANAL 31)",
        "canaltype": "Farm Ditch",
        "remarks": "FARM DITCH (CANAL 31)",
        "canal_type": "Ditch",
        "canal_leng": 14.15,
        "station_no": "STA 0+000",
        "station__1": "STA 0+014.2",
        "station__2": "STA.0+000.00",
        "reversal_applied": false,
        "canal_widt": null,
        "canal_lining": "Unlined"
      }
    },
    {
      "type": "Feature",
      "geometry": {
        "type": "LineString",
        "coordinates": [
          [
            120.8453892,
            12.8114431
          ],
          [
            120.8455719,
            12.8117636
          ],
          [
            120.8456338,
            12.8119365
          ],
          [
            120.8457046,
            12.8121105
          ],
          [
            120.8457284,
            12.8121849
          ],
          [
            120.8458176,
            12.8125425
          ],
          [
            120.8458315,
            12.8126091
          ],
          [
            120.8458278,
            12.8126528
          ]
        ]
      },
      "properties": {
        "id": 32,
        "canal_id": 32,
        "canal": "FARM DITCH (CANAL 32)",
        "canaltype": "Farm Ditch",
        "remarks": "FARM DITCH (CANAL 32)",
        "canal_type": "Ditch",
        "canal_leng": 143.39,
        "station_no": "STA 0+000",
        "station__1": "STA 0+143.4",
        "station__2": "STA.0+000.00",
        "reversal_applied": false,
        "canal_widt": null,
        "canal_lining": "Unlined"
      }
    },
    {
      "type": "Feature",
      "geometry": {
        "type": "LineString",
        "coordinates": [
          [
            120.8561207,
            12.8045358
          ],
          [
            120.8560946,
            12.8044811
          ],
          [
            120.8560794,
            12.8044395
          ],
          [
            120.8560463,
            12.8044087
          ],
          [
            120.8559558,
            12.8043272
          ],
          [
            120.8557149,
            12.804155
          ],
          [
            120.8554276,
            12.8039432
          ],
          [
            120.8550212,
            12.8036082
          ],
          [
            120.8549041,
            12.8035265
          ],
          [
            120.8547625,
            12.8034337
          ],
          [
            120.8545147,
            12.8032898
          ],
          [
            120.8542007,
            12.8030865
          ],
          [
            120.8537206,
            12.8027923
          ],
          [
            120.8536477,
            12.802735
          ],
          [
            120.853568,
            12.8026928
          ],
          [
            120.8534526,
            12.8026679
          ],
          [
            120.8531861,
            12.8026264
          ],
          [
            120.8530661,
            12.8026146
          ],
          [
            120.8527863,
            12.8025664
          ],
          [
            120.8526797,
            12.8025568
          ],
          [
            120.8526242,
            12.8025477
          ],
          [
            120.8524801,
            12.8024897
          ],
          [
            120.8518487,
            12.802214
          ],
          [
            120.8516516,
            12.8021185
          ],
          [
            120.8511795,
            12.8019314
          ],
          [
            120.8509713,
            12.8018446
          ],
          [
            120.850827,
            12.8018085
          ],
          [
            120.8504496,
            12.8017334
          ],
          [
            120.850212,
            12.8016922
          ],
          [
            120.8499123,
            12.801633
          ],
          [
            120.8497925,
            12.8016102
          ],
          [
            120.8495995,
            12.801554
          ],
          [
            120.8495065,
            12.8015074
          ],
          [
            120.8494027,
            12.8014215
          ]
        ]
      },
      "properties": {
        "id": 35,
        "canal_id": 35,
        "canal": "FARM DITCH (CANAL 35)",
        "canaltype": "Farm Ditch",
        "remarks": "FARM DITCH (CANAL 35)",
        "canal_type": "Ditch",
        "canal_leng": 824.67,
        "station_no": "STA 0+000",
        "station__1": "STA 0+824.7",
        "station__2": "STA.0+000.00",
        "reversal_applied": true,
        "canal_widt": null,
        "canal_lining": "Unlined"
      }
    },
    {
      "type": "Feature",
      "geometry": {
        "type": "LineString",
        "coordinates": [
          [
            120.8556595,
            12.8057107
          ],
          [
            120.8555012,
            12.8056296
          ],
          [
            120.8552622,
            12.8054902
          ],
          [
            120.8551793,
            12.8054273
          ],
          [
            120.8551362,
            12.8053942
          ],
          [
            120.8550467,
            12.8053302
          ],
          [
            120.8548877,
            12.805198
          ],
          [
            120.8547784,
            12.8051054
          ],
          [
            120.8547386,
            12.8050789
          ],
          [
            120.8546933,
            12.8050513
          ],
          [
            120.8545837,
            12.8049958
          ],
          [
            120.854401,
            12.8049049
          ],
          [
            120.854229,
            12.8048137
          ],
          [
            120.8540069,
            12.8046998
          ],
          [
            120.8539494,
            12.8046655
          ],
          [
            120.8539062,
            12.8046444
          ],
          [
            120.8538796,
            12.8046344
          ],
          [
            120.8538296,
            12.804623
          ],
          [
            120.8537919,
            12.8046162
          ],
          [
            120.8536344,
            12.8045691
          ],
          [
            120.8534326,
            12.8045074
          ],
          [
            120.8532862,
            12.8044669
          ],
          [
            120.8531064,
            12.8044229
          ],
          [
            120.8529167,
            12.8043745
          ],
          [
            120.8528324,
            12.8043498
          ],
          [
            120.8527947,
            12.8043375
          ],
          [
            120.8524952,
            12.804251
          ],
          [
            120.8523033,
            12.8041981
          ],
          [
            120.8522235,
            12.8041691
          ],
          [
            120.8522025,
            12.804158
          ]
        ]
      },
      "properties": {
        "id": 36,
        "canal_id": 36,
        "canal": "FARM DITCH (CANAL 36)",
        "canaltype": "Farm Ditch",
        "remarks": "FARM DITCH (CANAL 36)",
        "canal_type": "Ditch",
        "canal_leng": 417.74,
        "station_no": "STA 0+000",
        "station__1": "STA 0+417.7",
        "station__2": "STA.0+000.00",
        "reversal_applied": false,
        "canal_widt": null,
        "canal_lining": "Unlined"
      }
    },
    {
      "type": "Feature",
      "geometry": {
        "type": "LineString",
        "coordinates": [
          [
            120.854229,
            12.8048137
          ],
          [
            120.8541657,
            12.8048549
          ],
          [
            120.8540764,
            12.8048989
          ],
          [
            120.8538456,
            12.8049723
          ],
          [
            120.8535726,
            12.8050443
          ],
          [
            120.8533731,
            12.8050973
          ],
          [
            120.8532874,
            12.8051129
          ],
          [
            120.8530846,
            12.8051604
          ],
          [
            120.8530022,
            12.8051761
          ],
          [
            120.8529677,
            12.805178
          ],
          [
            120.8529399,
            12.8051777
          ],
          [
            120.8529121,
            12.8051775
          ],
          [
            120.8528233,
            12.8051561
          ],
          [
            120.852709,
            12.8051377
          ]
        ]
      },
      "properties": {
        "id": 37,
        "canal_id": 37,
        "canal": "FARM DITCH (CANAL 37)",
        "canaltype": "Farm Ditch",
        "remarks": "FARM DITCH (CANAL 37)",
        "canal_type": "Ditch",
        "canal_leng": 172.12,
        "station_no": "STA 0+000",
        "station__1": "STA 0+172.1",
        "station__2": "STA.0+000.00",
        "reversal_applied": false,
        "canal_widt": null,
        "canal_lining": "Unlined"
      }
    },
    {
      "type": "Feature",
      "geometry": {
        "type": "LineString",
        "coordinates": [
          [
            120.8546392,
            12.8061867
          ],
          [
            120.8549323,
            12.8057112
          ],
          [
            120.8550496,
            12.8055114
          ],
          [
            120.8550922,
            12.8054746
          ],
          [
            120.8551793,
            12.8054273
          ]
        ]
      },
      "properties": {
        "id": 38,
        "canal_id": 38,
        "canal": "FARM DITCH (CANAL 38)",
        "canaltype": "Farm Ditch",
        "remarks": "FARM DITCH (CANAL 38)",
        "canal_type": "Ditch",
        "canal_leng": 103.99,
        "station_no": "STA 0+000",
        "station__1": "STA 0+104.0",
        "station__2": "STA.0+000.00",
        "reversal_applied": false,
        "canal_widt": null,
        "canal_lining": "Unlined"
      }
    },
    {
      "type": "Feature",
      "geometry": {
        "type": "LineString",
        "coordinates": [
          [
            120.8575225,
            12.8122798
          ],
          [
            120.8573811,
            12.8122323
          ],
          [
            120.8570288,
            12.8120832
          ],
          [
            120.8568716,
            12.8119946
          ],
          [
            120.856661,
            12.811923
          ],
          [
            120.8563621,
            12.8117679
          ],
          [
            120.8561205,
            12.8116677
          ],
          [
            120.8561029,
            12.8116523
          ],
          [
            120.8561009,
            12.8116195
          ],
          [
            120.8560878,
            12.8115954
          ],
          [
            120.8560768,
            12.8115844
          ],
          [
            120.8559748,
            12.8115465
          ],
          [
            120.8559327,
            12.8115287
          ],
          [
            120.8559039,
            12.8115175
          ],
          [
            120.8558995,
            12.8115153
          ],
          [
            120.855864,
            12.8114954
          ],
          [
            120.8557978,
            12.8114425
          ],
          [
            120.8557514,
            12.8114006
          ],
          [
            120.8557139,
            12.8113676
          ],
          [
            120.8556807,
            12.8113477
          ],
          [
            120.8556321,
            12.8113145
          ],
          [
            120.8555724,
            12.8112769
          ],
          [
            120.8555155,
            12.8112572
          ]
        ]
      },
      "properties": {
        "id": 39,
        "canal_id": 39,
        "canal": "FARM DITCH (CANAL 39)",
        "canaltype": "Farm Ditch",
        "remarks": "FARM DITCH (CANAL 39)",
        "canal_type": "Ditch",
        "canal_leng": 249.56,
        "station_no": "STA 0+000",
        "station__1": "STA 0+249.6",
        "station__2": "STA.0+000.00",
        "reversal_applied": false,
        "canal_widt": null,
        "canal_lining": "Unlined"
      }
    },
    {
      "type": "Feature",
      "geometry": {
        "type": "LineString",
        "coordinates": [
          [
            120.8430493,
            12.8061635
          ],
          [
            120.8430526,
            12.8061008
          ],
          [
            120.8430441,
            12.8060549
          ],
          [
            120.8430355,
            12.8060199
          ],
          [
            120.8430226,
            12.8059783
          ],
          [
            120.8430216,
            12.8059565
          ],
          [
            120.8430252,
            12.8059325
          ],
          [
            120.8430356,
            12.805877
          ],
          [
            120.8430304,
            12.8058365
          ],
          [
            120.8430109,
            12.8057818
          ],
          [
            120.8429989,
            12.8057512
          ],
          [
            120.8429839,
            12.80569
          ],
          [
            120.842974,
            12.805668
          ],
          [
            120.8429609,
            12.8056494
          ],
          [
            120.8429421,
            12.8056285
          ],
          [
            120.8429146,
            12.8056021
          ],
          [
            120.8428683,
            12.8055461
          ],
          [
            120.842831,
            12.8054912
          ],
          [
            120.8428234,
            12.8054704
          ],
          [
            120.8428212,
            12.8054682
          ],
          [
            120.8428114,
            12.8054398
          ],
          [
            120.8428104,
            12.8054343
          ],
          [
            120.8428005,
            12.8054157
          ],
          [
            120.8427983,
            12.8054113
          ],
          [
            120.8427786,
            12.8053729
          ],
          [
            120.8427732,
            12.8053642
          ],
          [
            120.8427456,
            12.8053366
          ],
          [
            120.8426263,
            12.8052495
          ],
          [
            120.8423697,
            12.8050826
          ],
          [
            120.8422956,
            12.8050405
          ],
          [
            120.8422762,
            12.805033
          ]
        ]
      },
      "properties": {
        "id": 52,
        "canal_id": 52,
        "canal": "FARM DITCH (CANAL 52)",
        "canaltype": "Farm Ditch",
        "remarks": "FARM DITCH (CANAL 52)",
        "canal_type": "Ditch",
        "canal_leng": 162.37,
        "station_no": "STA 0+000",
        "station__1": "STA 0+162.4",
        "station__2": "STA.0+000.00",
        "reversal_applied": false,
        "canal_widt": null,
        "canal_lining": "Unlined"
      }
    },
    {
      "type": "Feature",
      "geometry": {
        "type": "LineString",
        "coordinates": [
          [
            120.8486774,
            12.8106394
          ],
          [
            120.8486747,
            12.8106397
          ],
          [
            120.8486675,
            12.8105689
          ],
          [
            120.8486598,
            12.8105536
          ],
          [
            120.84864,
            12.8105332
          ],
          [
            120.8486334,
            12.8105179
          ],
          [
            120.8486282,
            12.8104813
          ],
          [
            120.8486378,
            12.8102626
          ],
          [
            120.8486425,
            12.8102343
          ],
          [
            120.8486716,
            12.8100839
          ],
          [
            120.8486891,
            12.8099875
          ],
          [
            120.8487129,
            12.8098622
          ],
          [
            120.8487126,
            12.8098431
          ],
          [
            120.8487115,
            12.8098322
          ],
          [
            120.8487082,
            12.8098262
          ],
          [
            120.8487016,
            12.8098239
          ],
          [
            120.8485487,
            12.8097893
          ]
        ]
      },
      "properties": {
        "id": 53,
        "canal_id": 53,
        "canal": "FARM DITCH (CANAL 53)",
        "canaltype": "Farm Ditch",
        "remarks": "FARM DITCH (CANAL 53)",
        "canal_type": "Ditch",
        "canal_leng": 110.26,
        "station_no": "STA 0+000",
        "station__1": "STA 0+110.3",
        "station__2": "STA.0+000.00",
        "reversal_applied": false,
        "canal_widt": null,
        "canal_lining": "Unlined"
      }
    },
    {
      "type": "Feature",
      "geometry": {
        "type": "LineString",
        "coordinates": [
          [
            120.8513583,
            12.8103695
          ],
          [
            120.8513346,
            12.8102694
          ],
          [
            120.8513088,
            12.8100411
          ],
          [
            120.8513036,
            12.8098665
          ],
          [
            120.851293,
            12.8095401
          ],
          [
            120.8512912,
            12.8094899
          ],
          [
            120.8512958,
            12.8094703
          ],
          [
            120.8513185,
            12.8094138
          ],
          [
            120.8513159,
            12.8093979
          ],
          [
            120.851311,
            12.8093853
          ],
          [
            120.8512389,
            12.8092996
          ],
          [
            120.8511073,
            12.8091447
          ],
          [
            120.8510948,
            12.8091179
          ],
          [
            120.8510894,
            12.8090982
          ],
          [
            120.8510862,
            12.8090796
          ],
          [
            120.8510802,
            12.8090665
          ],
          [
            120.8510319,
            12.8089902
          ],
          [
            120.850914,
            12.8087972
          ],
          [
            120.8508098,
            12.8086393
          ]
        ]
      },
      "properties": {
        "id": 54,
        "canal_id": 54,
        "canal": "FARM DITCH (CANAL 54)",
        "canaltype": "Farm Ditch",
        "remarks": "FARM DITCH (CANAL 54)",
        "canal_type": "Ditch",
        "canal_leng": 209.51,
        "station_no": "STA 0+000",
        "station__1": "STA 0+209.5",
        "station__2": "STA.0+000.00",
        "reversal_applied": false,
        "canal_widt": null,
        "canal_lining": "Unlined"
      }
    },
    {
      "type": "Feature",
      "geometry": {
        "type": "LineString",
        "coordinates": [
          [
            120.8513185,
            12.8094138
          ],
          [
            120.8513592,
            12.8094065
          ],
          [
            120.8513737,
            12.8093968
          ],
          [
            120.851475,
            12.8092546
          ],
          [
            120.8514911,
            12.8091958
          ],
          [
            120.8515091,
            12.8091709
          ],
          [
            120.8515507,
            12.809115
          ],
          [
            120.8515874,
            12.8090428
          ],
          [
            120.8516377,
            12.8089472
          ],
          [
            120.8516406,
            12.8089303
          ],
          [
            120.8516385,
            12.8089172
          ],
          [
            120.8516309,
            12.8088997
          ],
          [
            120.8516015,
            12.8088296
          ],
          [
            120.8515748,
            12.8087584
          ],
          [
            120.8515353,
            12.8086992
          ],
          [
            120.8514821,
            12.8086169
          ],
          [
            120.8514015,
            12.8084864
          ],
          [
            120.8513521,
            12.8084124
          ],
          [
            120.8512783,
            12.8083288
          ],
          [
            120.8512755,
            12.8083223
          ],
          [
            120.8512745,
            12.8083092
          ],
          [
            120.8512769,
            12.8082867
          ],
          [
            120.8512818,
            12.8082703
          ],
          [
            120.8512844,
            12.8082667
          ],
          [
            120.8512951,
            12.8082493
          ],
          [
            120.8512997,
            12.8082319
          ],
          [
            120.8513161,
            12.8081895
          ],
          [
            120.8513293,
            12.8081437
          ],
          [
            120.8513591,
            12.8080414
          ],
          [
            120.851402,
            12.8079588
          ],
          [
            120.8514304,
            12.807898
          ],
          [
            120.8515421,
            12.8077003
          ],
          [
            120.8516068,
            12.807508
          ]
        ]
      },
      "properties": {
        "id": 55,
        "canal_id": 55,
        "canal": "FARM DITCH (CANAL 55)",
        "canaltype": "Farm Ditch",
        "remarks": "FARM DITCH (CANAL 55)",
        "canal_type": "Ditch",
        "canal_leng": 242.49,
        "station_no": "STA 0+000",
        "station__1": "STA 0+242.5",
        "station__2": "STA.0+000.00",
        "reversal_applied": false,
        "canal_widt": null,
        "canal_lining": "Unlined"
      }
    },
    {
      "type": "Feature",
      "geometry": {
        "type": "LineString",
        "coordinates": [
          [
            120.8249069,
            12.801348
          ],
          [
            120.8247504,
            12.8014092
          ],
          [
            120.8247043,
            12.8014317
          ],
          [
            120.8246288,
            12.8014794
          ],
          [
            120.8245609,
            12.8015295
          ],
          [
            120.8244998,
            12.8015552
          ],
          [
            120.8243811,
            12.8015894
          ],
          [
            120.8242423,
            12.8016317
          ],
          [
            120.8239573,
            12.8017087
          ],
          [
            120.8238838,
            12.8017261
          ],
          [
            120.8237735,
            12.801744
          ],
          [
            120.8237384,
            12.8017543
          ],
          [
            120.8237074,
            12.8017696
          ],
          [
            120.8236889,
            12.8017965
          ],
          [
            120.8236812,
            12.8018193
          ],
          [
            120.8236792,
            12.8018578
          ],
          [
            120.8236714,
            12.8018831
          ],
          [
            120.8236587,
            12.8019067
          ],
          [
            120.8236435,
            12.8019271
          ],
          [
            120.8236274,
            12.8019597
          ],
          [
            120.8236232,
            12.8019678
          ],
          [
            120.8236147,
            12.8019833
          ],
          [
            120.8235954,
            12.8020011
          ]
        ]
      },
      "properties": {
        "id": 56,
        "canal_id": 56,
        "canal": "FARM DITCH (CANAL 56)",
        "canaltype": "Farm Ditch",
        "remarks": "FARM DITCH (CANAL 56)",
        "canal_type": "Ditch",
        "canal_leng": 168.54,
        "station_no": "STA 0+000",
        "station__1": "STA 0+168.5",
        "station__2": "STA.0+000.00",
        "reversal_applied": false,
        "canal_widt": null,
        "canal_lining": "Unlined"
      }
    },
    {
      "type": "Feature",
      "geometry": {
        "type": "LineString",
        "coordinates": [
          [
            120.8558382,
            12.8079671
          ],
          [
            120.8557477,
            12.8079286
          ],
          [
            120.8555502,
            12.8078579
          ],
          [
            120.8554824,
            12.8078427
          ],
          [
            120.8554632,
            12.8078315
          ],
          [
            120.8553528,
            12.8077719
          ],
          [
            120.8552535,
            12.807732
          ],
          [
            120.855064,
            12.8076675
          ],
          [
            120.8549603,
            12.8076336
          ]
        ]
      },
      "properties": {
        "id": 57,
        "canal_id": 57,
        "canal": "FARM DITCH (CANAL 57)",
        "canaltype": "Farm Ditch",
        "remarks": "FARM DITCH (CANAL 57)",
        "canal_type": "Ditch",
        "canal_leng": 102.51,
        "station_no": "STA 0+000",
        "station__1": "STA 0+102.5",
        "station__2": "STA.0+000.00",
        "reversal_applied": false,
        "canal_widt": null,
        "canal_lining": "Unlined"
      }
    },
    {
      "type": "Feature",
      "geometry": {
        "type": "LineString",
        "coordinates": [
          [
            120.84395,
            12.8020393
          ],
          [
            120.8436448,
            12.8018983
          ],
          [
            120.8434503,
            12.8018101
          ],
          [
            120.843361,
            12.801758
          ],
          [
            120.843296,
            12.8017116
          ],
          [
            120.8431974,
            12.8016659
          ],
          [
            120.8430457,
            12.801594
          ],
          [
            120.8427331,
            12.8014227
          ],
          [
            120.8426056,
            12.8013648
          ],
          [
            120.8425665,
            12.8013487
          ]
        ]
      },
      "properties": {
        "id": 58,
        "canal_id": 58,
        "canal": "FARM DITCH (CANAL 58)",
        "canaltype": "Farm Ditch",
        "remarks": "FARM DITCH (CANAL 58)",
        "canal_type": "Ditch",
        "canal_leng": 168.8,
        "station_no": "STA 0+000",
        "station__1": "STA 0+168.8",
        "station__2": "STA.0+000.00",
        "reversal_applied": false,
        "canal_widt": null,
        "canal_lining": "Unlined"
      }
    },
    {
      "type": "Feature",
      "geometry": {
        "type": "LineString",
        "coordinates": [
          [
            120.8429087,
            12.8079301
          ],
          [
            120.8428312,
            12.8077053
          ],
          [
            120.8427972,
            12.8076235
          ],
          [
            120.8430445,
            12.8074646
          ],
          [
            120.8431535,
            12.8073809
          ],
          [
            120.8431721,
            12.8073615
          ],
          [
            120.8432402,
            12.8073744
          ]
        ]
      },
      "properties": {
        "id": 59,
        "canal_id": 59,
        "canal": "FARM DITCH (CANAL 59)",
        "canaltype": "Farm Ditch",
        "remarks": "FARM DITCH (CANAL 59)",
        "canal_type": "Ditch",
        "canal_leng": 93.64,
        "station_no": "STA 0+000",
        "station__1": "STA 0+093.6",
        "station__2": "STA.0+000.00",
        "reversal_applied": false,
        "canal_widt": null,
        "canal_lining": "Unlined"
      }
    },
    {
      "type": "Feature",
      "geometry": {
        "type": "LineString",
        "coordinates": [
          [
            120.8401533,
            12.80505
          ],
          [
            120.8402102,
            12.8049793
          ],
          [
            120.8402178,
            12.8049577
          ],
          [
            120.8402095,
            12.804937
          ],
          [
            120.8401628,
            12.8048737
          ],
          [
            120.840142,
            12.8048384
          ],
          [
            120.8401328,
            12.8048095
          ],
          [
            120.8401419,
            12.8046053
          ],
          [
            120.8401677,
            12.8045467
          ],
          [
            120.8401953,
            12.8045149
          ],
          [
            120.8402197,
            12.8044862
          ],
          [
            120.8402314,
            12.8044636
          ],
          [
            120.8402411,
            12.8044389
          ],
          [
            120.8402801,
            12.8041914
          ],
          [
            120.8402902,
            12.8041092
          ],
          [
            120.8402958,
            12.8040711
          ],
          [
            120.840354,
            12.8039024
          ],
          [
            120.8403584,
            12.8038766
          ],
          [
            120.8403785,
            12.8037354
          ],
          [
            120.8404096,
            12.8035428
          ],
          [
            120.8404454,
            12.8034141
          ],
          [
            120.8404664,
            12.8032843
          ],
          [
            120.8404709,
            12.8032565
          ],
          [
            120.8404726,
            12.8031843
          ],
          [
            120.8404548,
            12.8031297
          ],
          [
            120.84045,
            12.803115
          ],
          [
            120.8404399,
            12.8030684
          ],
          [
            120.8403658,
            12.8027563
          ],
          [
            120.840311,
            12.8026568
          ],
          [
            120.840285,
            12.8026153
          ],
          [
            120.8400504,
            12.8022729
          ],
          [
            120.8399328,
            12.8021244
          ],
          [
            120.8397914,
            12.8019489
          ],
          [
            120.8396793,
            12.8017757
          ],
          [
            120.8396685,
            12.8017586
          ]
        ]
      },
      "properties": {
        "id": 60,
        "canal_id": 60,
        "canal": "FARM DITCH (CANAL 60)",
        "canaltype": "Farm Ditch",
        "remarks": "FARM DITCH (CANAL 60)",
        "canal_type": "Ditch",
        "canal_leng": 400.01,
        "station_no": "STA 0+000",
        "station__1": "STA 0+400.0",
        "station__2": "STA.0+000.00",
        "reversal_applied": false,
        "canal_widt": null,
        "canal_lining": "Unlined"
      }
    },
    {
      "type": "Feature",
      "geometry": {
        "type": "LineString",
        "coordinates": [
          [
            120.8404548,
            12.8031297
          ],
          [
            120.8406548,
            12.8030462
          ],
          [
            120.8412727,
            12.8028326
          ],
          [
            120.8414931,
            12.8027432
          ]
        ]
      },
      "properties": {
        "id": 61,
        "canal_id": 61,
        "canal": "FARM DITCH (CANAL 61)",
        "canaltype": "Farm Ditch",
        "remarks": "FARM DITCH (CANAL 61)",
        "canal_type": "Ditch",
        "canal_leng": 120.64,
        "station_no": "STA 0+000",
        "station__1": "STA 0+120.6",
        "station__2": "STA.0+000.00",
        "reversal_applied": false,
        "canal_widt": null,
        "canal_lining": "Unlined"
      }
    },
    {
      "type": "Feature",
      "geometry": {
        "type": "LineString",
        "coordinates": [
          [
            120.8402958,
            12.8040711
          ],
          [
            120.8403156,
            12.8040602
          ],
          [
            120.8403301,
            12.80402
          ],
          [
            120.8403528,
            12.803948
          ],
          [
            120.8403752,
            12.8039038
          ],
          [
            120.8403842,
            12.8038993
          ],
          [
            120.84039,
            12.8038993
          ],
          [
            120.8404015,
            12.8039009
          ],
          [
            120.8404565,
            12.8039251
          ],
          [
            120.8405079,
            12.8039395
          ],
          [
            120.8405578,
            12.8039461
          ],
          [
            120.8407243,
            12.8039547
          ],
          [
            120.8409093,
            12.8039655
          ],
          [
            120.8409686,
            12.8039742
          ],
          [
            120.8409938,
            12.8039816
          ],
          [
            120.8410172,
            12.8040086
          ],
          [
            120.8410339,
            12.8040196
          ],
          [
            120.8410433,
            12.8040249
          ],
          [
            120.8410544,
            12.8040213
          ],
          [
            120.8411131,
            12.8039759
          ],
          [
            120.8412545,
            12.8038564
          ],
          [
            120.841355,
            12.8037788
          ],
          [
            120.8414684,
            12.8036745
          ]
        ]
      },
      "properties": {
        "id": 62,
        "canal_id": 62,
        "canal": "FARM DITCH (CANAL 62)",
        "canaltype": "Farm Ditch",
        "remarks": "FARM DITCH (CANAL 62)",
        "canal_type": "Ditch",
        "canal_leng": 157.09,
        "station_no": "STA 0+000",
        "station__1": "STA 0+157.1",
        "station__2": "STA.0+000.00",
        "reversal_applied": false,
        "canal_widt": null,
        "canal_lining": "Unlined"
      }
    },
    {
      "type": "Feature",
      "geometry": {
        "type": "LineString",
        "coordinates": [
          [
            120.8494027,
            12.8014215
          ],
          [
            120.8491346,
            12.8011945
          ]
        ]
      },
      "properties": {
        "id": 63,
        "canal_id": 63,
        "canal": "FARM DITCH (CANAL 63)",
        "canaltype": "Farm Ditch",
        "remarks": "FARM DITCH (CANAL 63)",
        "canal_type": "Ditch",
        "canal_leng": 38.45,
        "station_no": "STA 0+000",
        "station__1": "STA 0+038.5",
        "station__2": "STA.0+000.00",
        "reversal_applied": false,
        "canal_widt": null,
        "canal_lining": "Unlined"
      }
    },
    {
      "type": "Feature",
      "geometry": {
        "type": "LineString",
        "coordinates": [
          [
            120.843702,
            12.8033281
          ],
          [
            120.8432776,
            12.8031395
          ],
          [
            120.843308,
            12.8029959
          ],
          [
            120.8434176,
            12.8027128
          ],
          [
            120.8434415,
            12.8026776
          ]
        ]
      },
      "properties": {
        "id": 64,
        "canal_id": 64,
        "canal": "FARM DITCH (CANAL 64)",
        "canaltype": "Farm Ditch",
        "remarks": "FARM DITCH (CANAL 64)",
        "canal_type": "Ditch",
        "canal_leng": 105.02,
        "station_no": "STA 0+000",
        "station__1": "STA 0+105.0",
        "station__2": "STA.0+000.00",
        "reversal_applied": false,
        "canal_widt": null,
        "canal_lining": "Unlined"
      }
    },
    {
      "type": "Feature",
      "geometry": {
        "type": "LineString",
        "coordinates": [
          [
            120.8230845,
            12.8186863
          ],
          [
            120.823087,
            12.8187247
          ],
          [
            120.8230961,
            12.8187372
          ],
          [
            120.8230995,
            12.8187485
          ],
          [
            120.8230842,
            12.8187856
          ],
          [
            120.8230841,
            12.8188059
          ],
          [
            120.8230847,
            12.8188691
          ],
          [
            120.8231042,
            12.8190001
          ],
          [
            120.8230913,
            12.819168
          ],
          [
            120.8230995,
            12.8192775
          ],
          [
            120.8231062,
            12.8192989
          ],
          [
            120.8231107,
            12.8193204
          ],
          [
            120.8231113,
            12.8193779
          ],
          [
            120.8231053,
            12.8194049
          ],
          [
            120.8231018,
            12.8194162
          ],
          [
            120.8231028,
            12.819432
          ],
          [
            120.8231107,
            12.8194456
          ],
          [
            120.8232115,
            12.8196212
          ],
          [
            120.8232715,
            12.8197255
          ],
          [
            120.8233444,
            12.8198084
          ],
          [
            120.8233592,
            12.8198255
          ],
          [
            120.8233728,
            12.8198481
          ],
          [
            120.8234084,
            12.819986
          ],
          [
            120.8234192,
            12.8200594
          ],
          [
            120.8234237,
            12.8200775
          ],
          [
            120.8234316,
            12.8200888
          ],
          [
            120.8234385,
            12.8200923
          ],
          [
            120.8234499,
            12.8201014
          ],
          [
            120.82347,
            12.820167
          ],
          [
            120.8234848,
            12.8201818
          ],
          [
            120.823534,
            12.820207
          ],
          [
            120.8236026,
            12.820247
          ],
          [
            120.8236483,
            12.8202835
          ],
          [
            120.8236744,
            12.8203187
          ],
          [
            120.8237051,
            12.820364
          ],
          [
            120.8237151,
            12.8203946
          ],
          [
            120.823716,
            12.8204239
          ],
          [
            120.8237135,
            12.8204566
          ],
          [
            120.8237004,
            12.8205027
          ],
          [
            120.8237048,
            12.8205276
          ],
          [
            120.8237215,
            12.8205909
          ],
          [
            120.8237317,
            12.8206034
          ],
          [
            120.8237513,
            12.8206058
          ],
          [
            120.8237684,
            12.8206116
          ],
          [
            120.8237764,
            12.8206195
          ],
          [
            120.8237786,
            12.8206319
          ],
          [
            120.8237677,
            12.820704
          ],
          [
            120.8237444,
            12.8207309
          ],
          [
            120.8237397,
            12.8207467
          ],
          [
            120.8237453,
            12.8207602
          ],
          [
            120.8237612,
            12.8207852
          ],
          [
            120.8237622,
            12.8208077
          ],
          [
            120.8237562,
            12.8208336
          ],
          [
            120.8237526,
            12.8208517
          ],
          [
            120.8237593,
            12.8208686
          ],
          [
            120.8237684,
            12.8208856
          ],
          [
            120.8237821,
            12.8208981
          ],
          [
            120.8237888,
            12.8209185
          ],
          [
            120.8238036,
            12.8209321
          ],
          [
            120.8238139,
            12.820939
          ],
          [
            120.8238184,
            12.8209526
          ],
          [
            120.8238033,
            12.8209705
          ],
          [
            120.823786,
            12.8209794
          ],
          [
            120.8237743,
            12.8209984
          ],
          [
            120.8237684,
            12.8210142
          ],
          [
            120.8237644,
            12.8210818
          ],
          [
            120.8237665,
            12.8211078
          ],
          [
            120.8237835,
            12.8211384
          ],
          [
            120.8238646,
            12.8213263
          ],
          [
            120.8238748,
            12.8213388
          ],
          [
            120.8238897,
            12.8213468
          ],
          [
            120.8239011,
            12.8213559
          ],
          [
            120.8239147,
            12.8213774
          ],
          [
            120.8239259,
            12.8214114
          ],
          [
            120.8239372,
            12.8214363
          ],
          [
            120.8239611,
            12.8214658
          ],
          [
            120.8239744,
            12.8215189
          ],
          [
            120.8239929,
            12.8216431
          ],
          [
            120.823988,
            12.8216803
          ],
          [
            120.8239821,
            12.8217005
          ],
          [
            120.8239739,
            12.821714
          ],
          [
            120.823968,
            12.8217297
          ],
          [
            120.8239679,
            12.8217433
          ],
          [
            120.823972,
            12.8218031
          ],
          [
            120.8239909,
            12.8218799
          ],
          [
            120.8239904,
            12.8219386
          ],
          [
            120.8239753,
            12.821952
          ],
          [
            120.8239603,
            12.8219575
          ],
          [
            120.8239292,
            12.821964
          ],
          [
            120.8239097,
            12.8219627
          ],
          [
            120.8238982,
            12.8219592
          ],
          [
            120.8238617,
            12.8219319
          ],
          [
            120.8238445,
            12.8219317
          ],
          [
            120.8238306,
            12.821944
          ],
          [
            120.8237967,
            12.822008
          ],
          [
            120.8237411,
            12.8220594
          ],
          [
            120.8237187,
            12.8221258
          ],
          [
            120.8237138,
            12.8221607
          ],
          [
            120.8237079,
            12.8221776
          ],
          [
            120.823702,
            12.8221933
          ],
          [
            120.8236916,
            12.8222
          ],
          [
            120.8236824,
            12.8222022
          ],
          [
            120.8236363,
            12.822212
          ],
          [
            120.8236247,
            12.8222322
          ],
          [
            120.8236188,
            12.8222502
          ],
          [
            120.8236195,
            12.8222964
          ],
          [
            120.8236263,
            12.8223123
          ],
          [
            120.8236412,
            12.8223146
          ],
          [
            120.8236515,
            12.8223204
          ],
          [
            120.8236571,
            12.8223294
          ],
          [
            120.8236581,
            12.8223497
          ],
          [
            120.8236498,
            12.8223846
          ],
          [
            120.8236599,
            12.8224084
          ],
          [
            120.8236644,
            12.8224231
          ],
          [
            120.8236152,
            12.8225287
          ],
          [
            120.823558,
            12.8226331
          ],
          [
            120.8235418,
            12.8226488
          ],
          [
            120.8234779,
            12.8226844
          ]
        ]
      },
      "properties": {
        "id": 67,
        "canal_id": 67,
        "canal": "FARM DITCH (CANAL 67)",
        "canaltype": "Farm Ditch",
        "remarks": "FARM DITCH (CANAL 67)",
        "canal_type": "Ditch",
        "canal_leng": 524.67,
        "station_no": "STA 0+000",
        "station__1": "STA 0+524.7",
        "station__2": "STA.0+000.00",
        "reversal_applied": false,
        "canal_widt": null,
        "canal_lining": "Unlined"
      }
    },
    {
      "type": "Feature",
      "geometry": {
        "type": "LineString",
        "coordinates": [
          [
            120.8230893,
            12.8157488
          ],
          [
            120.8232439,
            12.8158339
          ],
          [
            120.8236431,
            12.8161152
          ],
          [
            120.8238895,
            12.8163342
          ],
          [
            120.8245748,
            12.8169548
          ]
        ]
      },
      "properties": {
        "id": 125,
        "canal_id": 125,
        "canal": "FARM DITCH (CANAL 125)",
        "canaltype": "Farm Ditch",
        "remarks": "FARM DITCH (CANAL 125)",
        "canal_type": "Ditch",
        "canal_leng": 210,
        "station_no": "STA 0+000",
        "station__1": "STA 0+210.0",
        "station__2": "STA.0+000.00",
        "reversal_applied": false,
        "canal_widt": null,
        "canal_lining": "Unlined"
      }
    },
    {
      "type": "Feature",
      "geometry": {
        "type": "LineString",
        "coordinates": [
          [
            120.8190485,
            12.820999
          ],
          [
            120.819063,
            12.821041
          ],
          [
            120.8190496,
            12.8210845
          ],
          [
            120.8190496,
            12.82109
          ],
          [
            120.8190513,
            12.8211046
          ],
          [
            120.8190586,
            12.8211155
          ],
          [
            120.8191213,
            12.8211543
          ],
          [
            120.8191361,
            12.8211635
          ],
          [
            120.8191729,
            12.8211874
          ],
          [
            120.8192061,
            12.8212114
          ],
          [
            120.8192224,
            12.8212606
          ],
          [
            120.819259,
            12.8213155
          ],
          [
            120.8192791,
            12.821343
          ],
          [
            120.8193047,
            12.8213905
          ],
          [
            120.8193321,
            12.8214362
          ],
          [
            120.8193997,
            12.8215495
          ],
          [
            120.8194249,
            12.8216407
          ],
          [
            120.8194443,
            12.82175
          ],
          [
            120.8194768,
            12.8218595
          ],
          [
            120.8194596,
            12.8219157
          ],
          [
            120.8194463,
            12.8219575
          ],
          [
            120.8194749,
            12.8220723
          ],
          [
            120.8195092,
            12.822189
          ],
          [
            120.8195844,
            12.8224917
          ],
          [
            120.8196228,
            12.8225502
          ],
          [
            120.8196597,
            12.8225741
          ],
          [
            120.8197337,
            12.8226002
          ],
          [
            120.8198356,
            12.8226065
          ],
          [
            120.8198875,
            12.822607
          ],
          [
            120.8198912,
            12.8226088
          ],
          [
            120.81993,
            12.8226219
          ],
          [
            120.8199595,
            12.8226349
          ],
          [
            120.8200279,
            12.8226663
          ],
          [
            120.8200888,
            12.8226941
          ],
          [
            120.8201663,
            12.8227384
          ],
          [
            120.8202216,
            12.8227698
          ],
          [
            120.8202845,
            12.8227922
          ],
          [
            120.8203512,
            12.8228
          ],
          [
            120.8204013,
            12.8227877
          ],
          [
            120.820472,
            12.8227592
          ],
          [
            120.8205074,
            12.8227431
          ],
          [
            120.8206008,
            12.8226638
          ],
          [
            120.8207671,
            12.8222922
          ],
          [
            120.8207852,
            12.8221268
          ],
          [
            120.8207871,
            12.8221268
          ],
          [
            120.8208015,
            12.8219614
          ],
          [
            120.8207506,
            12.8218427
          ],
          [
            120.8207704,
            12.8216919
          ],
          [
            120.8207654,
            12.8216336
          ],
          [
            120.8207453,
            12.8215971
          ],
          [
            120.8207122,
            12.8215677
          ],
          [
            120.8206624,
            12.8215364
          ],
          [
            120.8206218,
            12.8215051
          ],
          [
            120.8206035,
            12.8214831
          ],
          [
            120.8205999,
            12.8214667
          ],
          [
            120.820602,
            12.8214376
          ],
          [
            120.8206135,
            12.8213959
          ],
          [
            120.8206343,
            12.8213487
          ],
          [
            120.8207819,
            12.8212172
          ],
          [
            120.8209371,
            12.8210602
          ],
          [
            120.8209958,
            12.8209242
          ],
          [
            120.8210053,
            12.8206769
          ],
          [
            120.8210189,
            12.820606
          ],
          [
            120.8210359,
            12.8205734
          ],
          [
            120.8210583,
            12.820559
          ],
          [
            120.8210915,
            12.8205684
          ],
          [
            120.8211432,
            12.8205943
          ],
          [
            120.821182,
            12.8206074
          ],
          [
            120.8212374,
            12.8206424
          ],
          [
            120.8212671,
            12.8206354
          ],
          [
            120.8213045,
            12.8205956
          ],
          [
            120.8214033,
            12.8205346
          ],
          [
            120.8215613,
            12.8204813
          ],
          [
            120.8216824,
            12.8204223
          ],
          [
            120.8217448,
            12.8202755
          ],
          [
            120.8217784,
            12.8200319
          ],
          [
            120.8218718,
            12.8197307
          ],
          [
            120.8219233,
            12.819571
          ],
          [
            120.8219446,
            12.8194584
          ],
          [
            120.8220571,
            12.819312
          ],
          [
            120.822218,
            12.8191423
          ],
          [
            120.822268,
            12.8191482
          ],
          [
            120.822268,
            12.8191482
          ],
          [
            120.822381,
            12.8191564
          ],
          [
            120.8224504,
            12.8191347
          ],
          [
            120.8224504,
            12.8191347
          ],
          [
            120.8226211,
            12.8190474
          ],
          [
            120.8226867,
            12.8189697
          ],
          [
            120.822724,
            12.8189464
          ],
          [
            120.8229231,
            12.8188625
          ],
          [
            120.8229939,
            12.8188158
          ],
          [
            120.8230521,
            12.8187326
          ],
          [
            120.8230845,
            12.8186863
          ],
          [
            120.8231122,
            12.8186627
          ],
          [
            120.8231568,
            12.8186316
          ],
          [
            120.823259,
            12.8186051
          ],
          [
            120.8233092,
            12.8185892
          ],
          [
            120.8233652,
            12.8185387
          ],
          [
            120.8233867,
            12.818417
          ],
          [
            120.8234742,
            12.8183668
          ],
          [
            120.8235079,
            12.8183379
          ],
          [
            120.8235193,
            12.818298
          ],
          [
            120.8235893,
            12.8181385
          ],
          [
            120.823666,
            12.8180572
          ],
          [
            120.8237833,
            12.8179927
          ],
          [
            120.8238949,
            12.8179573
          ],
          [
            120.8239952,
            12.8179308
          ],
          [
            120.8240362,
            12.8179148
          ],
          [
            120.8240511,
            12.8178967
          ],
          [
            120.8241115,
            12.8177717
          ],
          [
            120.8241868,
            12.8176449
          ],
          [
            120.8242726,
            12.8175874
          ],
          [
            120.8243692,
            12.8175628
          ],
          [
            120.8244324,
            12.8175433
          ],
          [
            120.8245075,
            12.8174347
          ],
          [
            120.8245769,
            12.8173352
          ],
          [
            120.8248395,
            12.8172028
          ],
          [
            120.8251615,
            12.8170472
          ],
          [
            120.8253265,
            12.8170522
          ],
          [
            120.8254582,
            12.817046
          ],
          [
            120.8255585,
            12.8170141
          ],
          [
            120.8256073,
            12.8169435
          ],
          [
            120.8256081,
            12.816858
          ],
          [
            120.8256177,
            12.8168162
          ],
          [
            120.8256347,
            12.8167764
          ],
          [
            120.8256631,
            12.8167166
          ],
          [
            120.8257375,
            12.8166808
          ],
          [
            120.8258082,
            12.8166577
          ],
          [
            120.8258472,
            12.8166471
          ],
          [
            120.8258586,
            12.8166163
          ],
          [
            120.8258837,
            12.8165001
          ],
          [
            120.825881,
            12.81638
          ],
          [
            120.8258151,
            12.8162775
          ],
          [
            120.8257576,
            12.8162387
          ],
          [
            120.8256677,
            12.8161781
          ],
          [
            120.8255024,
            12.8159948
          ],
          [
            120.8253148,
            12.8158222
          ],
          [
            120.8252617,
            12.8157381
          ],
          [
            120.8252423,
            12.8156251
          ],
          [
            120.8252282,
            12.8155395
          ],
          [
            120.8251847,
            12.8154318
          ],
          [
            120.8251097,
            12.8153075
          ],
          [
            120.8250701,
            12.8151707
          ],
          [
            120.8249657,
            12.8150261
          ],
          [
            120.824911,
            12.814911
          ],
          [
            120.8248986,
            12.8148473
          ],
          [
            120.8249419,
            12.8147767
          ],
          [
            120.8250302,
            12.814641
          ],
          [
            120.8250774,
            12.8145322
          ],
          [
            120.8250876,
            12.8144322
          ],
          [
            120.8251272,
            12.8143452
          ],
          [
            120.8251798,
            12.8142638
          ],
          [
            120.8251787,
            12.8141819
          ],
          [
            120.825097,
            12.8139775
          ],
          [
            120.8249492,
            12.8136997
          ],
          [
            120.8249113,
            12.8135848
          ],
          [
            120.8249209,
            12.8135466
          ],
          [
            120.8249752,
            12.8134889
          ],
          [
            120.8253258,
            12.8132425
          ],
          [
            120.825716,
            12.8129219
          ],
          [
            120.8258465,
            12.8128429
          ],
          [
            120.8260654,
            12.8128266
          ],
          [
            120.8265344,
            12.8128213
          ],
          [
            120.8266106,
            12.8128092
          ],
          [
            120.8267091,
            12.8127755
          ],
          [
            120.8268242,
            12.8127619
          ],
          [
            120.82687,
            12.8128241
          ],
          [
            120.8268951,
            12.8129189
          ],
          [
            120.8269165,
            12.8130155
          ],
          [
            120.8269014,
            12.8130536
          ],
          [
            120.826875,
            12.8130989
          ],
          [
            120.8268562,
            12.8131333
          ],
          [
            120.8268298,
            12.8131858
          ],
          [
            120.8268258,
            12.8132222
          ],
          [
            120.8268199,
            12.8132585
          ],
          [
            120.8268251,
            12.8133004
          ],
          [
            120.8268507,
            12.8133425
          ],
          [
            120.8268947,
            12.8133992
          ],
          [
            120.8269296,
            12.8134413
          ],
          [
            120.8269758,
            12.8135075
          ],
          [
            120.8270266,
            12.8135804
          ],
          [
            120.8270631,
            12.813648
          ],
          [
            120.8270718,
            12.8137136
          ],
          [
            120.8270937,
            12.8137629
          ],
          [
            120.8271119,
            12.8137958
          ],
          [
            120.8271302,
            12.8138232
          ],
          [
            120.8271375,
            12.8138342
          ],
          [
            120.8271862,
            12.8138645
          ]
        ]
      },
      "properties": {
        "id": 69,
        "canal_id": 69,
        "canal": "FARM DITCH (CANAL 69)",
        "canaltype": "Farm Ditch",
        "remarks": "FARM DITCH (CANAL 69)",
        "canal_type": "Ditch",
        "canal_leng": 2094.34,
        "station_no": "STA 0+000",
        "station__1": "STA 2+094.3",
        "station__2": "STA.0+000.00",
        "reversal_applied": false,
        "canal_widt": null,
        "canal_lining": "Unlined"
      }
    },
    {
      "type": "Feature",
      "geometry": {
        "type": "LineString",
        "coordinates": [
          [
            120.8178756,
            12.8194951
          ],
          [
            120.8179134,
            12.8195542
          ],
          [
            120.8179503,
            12.8195654
          ],
          [
            120.8179709,
            12.819551
          ],
          [
            120.8179877,
            12.8195275
          ],
          [
            120.8180212,
            12.8195132
          ],
          [
            120.8180694,
            12.8195136
          ],
          [
            120.8181138,
            12.8195267
          ],
          [
            120.8181191,
            12.8195577
          ],
          [
            120.8181222,
            12.8196305
          ],
          [
            120.8181439,
            12.8196925
          ],
          [
            120.8181883,
            12.8197038
          ],
          [
            120.8182217,
            12.8197059
          ],
          [
            120.8182825,
            12.8197501
          ],
          [
            120.8183213,
            12.8197631
          ],
          [
            120.8183455,
            12.8197542
          ],
          [
            120.8183866,
            12.8197164
          ],
          [
            120.818437,
            12.8196768
          ],
          [
            120.8184779,
            12.8196644
          ],
          [
            120.8185186,
            12.8196738
          ],
          [
            120.8185388,
            12.8196885
          ],
          [
            120.8185664,
            12.8197161
          ],
          [
            120.8186051,
            12.8197473
          ],
          [
            120.8186421,
            12.8197512
          ],
          [
            120.818681,
            12.8197516
          ],
          [
            120.81872,
            12.8197519
          ],
          [
            120.8187994,
            12.8197835
          ],
          [
            120.8190848,
            12.8200133
          ],
          [
            120.8192642,
            12.8201712
          ],
          [
            120.8194048,
            12.820206
          ],
          [
            120.8194919,
            12.8202122
          ],
          [
            120.8197366,
            12.8202115
          ],
          [
            120.8198192,
            12.8202022
          ],
          [
            120.8198888,
            12.8201891
          ],
          [
            120.8199492,
            12.8201751
          ]
        ]
      },
      "properties": {
        "id": 70,
        "canal_id": 70,
        "canal": "FARM DITCH (CANAL 70)",
        "canaltype": "Farm Ditch",
        "remarks": "FARM DITCH (CANAL 70)",
        "canal_type": "Ditch",
        "canal_leng": 273.07,
        "station_no": "STA 0+000",
        "station__1": "STA 0+273.1",
        "station__2": "STA.0+000.00",
        "reversal_applied": false,
        "canal_widt": null,
        "canal_lining": "Unlined"
      }
    },
    {
      "type": "Feature",
      "geometry": {
        "type": "LineString",
        "coordinates": [
          [
            120.8205056,
            12.8201506
          ],
          [
            120.8204904,
            12.8201932
          ],
          [
            120.8204346,
            12.8202127
          ],
          [
            120.820377,
            12.8202268
          ],
          [
            120.8203416,
            12.820252
          ],
          [
            120.8203117,
            12.8202772
          ],
          [
            120.820306,
            12.8202899
          ],
          [
            120.8202891,
            12.8203171
          ],
          [
            120.8202758,
            12.8203515
          ],
          [
            120.8202566,
            12.8204314
          ],
          [
            120.8202124,
            12.8206075
          ],
          [
            120.8201616,
            12.8209091
          ],
          [
            120.820136,
            12.8210872
          ],
          [
            120.8201516,
            12.8212128
          ],
          [
            120.8201844,
            12.8212804
          ],
          [
            120.820212,
            12.8213007
          ],
          [
            120.8202544,
            12.8213319
          ],
          [
            120.8202785,
            12.821334
          ],
          [
            120.8202991,
            12.8213123
          ],
          [
            120.8203048,
            12.8212942
          ],
          [
            120.8203048,
            12.8212869
          ],
          [
            120.8203148,
            12.8212087
          ],
          [
            120.8203298,
            12.8211852
          ],
          [
            120.8203652,
            12.8211691
          ],
          [
            120.8203895,
            12.821142
          ],
          [
            120.8204998,
            12.8210338
          ],
          [
            120.8204999,
            12.821032
          ],
          [
            120.8206383,
            12.8208858
          ],
          [
            120.8206773,
            12.820877
          ],
          [
            120.8207428,
            12.8208102
          ],
          [
            120.8209287,
            12.8205316
          ],
          [
            120.8209677,
            12.8205228
          ],
          [
            120.8210047,
            12.8205395
          ],
          [
            120.8210583,
            12.820559
          ]
        ]
      },
      "properties": {
        "id": 71,
        "canal_id": 71,
        "canal": "FARM DITCH (CANAL 71)",
        "canaltype": "Farm Ditch",
        "remarks": "FARM DITCH (CANAL 71)",
        "canal_type": "Ditch",
        "canal_leng": 285.2,
        "station_no": "STA 0+000",
        "station__1": "STA 0+285.2",
        "station__2": "STA.0+000.00",
        "reversal_applied": false,
        "canal_widt": null,
        "canal_lining": "Unlined"
      }
    },
    {
      "type": "Feature",
      "geometry": {
        "type": "LineString",
        "coordinates": [
          [
            120.8237833,
            12.8179927
          ],
          [
            120.8236751,
            12.8178563
          ],
          [
            120.8235944,
            12.8177537
          ],
          [
            120.8234749,
            12.81764
          ],
          [
            120.8234214,
            12.8176068
          ],
          [
            120.8233884,
            12.8175737
          ],
          [
            120.8233132,
            12.8174767
          ],
          [
            120.823308,
            12.8174312
          ],
          [
            120.8231921,
            12.8173247
          ],
          [
            120.8230249,
            12.8171541
          ],
          [
            120.8229404,
            12.8170606
          ],
          [
            120.8227946,
            12.8169848
          ],
          [
            120.8227029,
            12.8168695
          ],
          [
            120.8226663,
            12.8168155
          ],
          [
            120.8226112,
            12.8167668
          ],
          [
            120.8226004,
            12.8167103
          ],
          [
            120.8226065,
            12.8166503
          ],
          [
            120.8225886,
            12.8165756
          ],
          [
            120.8226094,
            12.8165267
          ],
          [
            120.8226765,
            12.8164835
          ],
          [
            120.8227067,
            12.8164238
          ],
          [
            120.8228382,
            12.8162265
          ],
          [
            120.8228961,
            12.8161779
          ],
          [
            120.8229149,
            12.8161489
          ],
          [
            120.8229024,
            12.8160888
          ],
          [
            120.8229028,
            12.8160488
          ],
          [
            120.8229051,
            12.8159888
          ],
          [
            120.822922,
            12.8159689
          ],
          [
            120.8229834,
            12.8159403
          ],
          [
            120.8230263,
            12.8159115
          ],
          [
            120.8230452,
            12.8158717
          ],
          [
            120.8230893,
            12.8157488
          ],
          [
            120.8231382,
            12.8156123
          ],
          [
            120.8231887,
            12.8155709
          ],
          [
            120.8232392,
            12.8155149
          ],
          [
            120.8232392,
            12.8155149
          ],
          [
            120.8232566,
            12.815435
          ],
          [
            120.8232404,
            12.8153748
          ],
          [
            120.8232427,
            12.8153257
          ],
          [
            120.8232655,
            12.8152531
          ],
          [
            120.8232583,
            12.8152312
          ],
          [
            120.8232287,
            12.8152237
          ],
          [
            120.8231508,
            12.8152303
          ],
          [
            120.8230731,
            12.815206
          ],
          [
            120.8230235,
            12.8151583
          ],
          [
            120.8230172,
            12.8150255
          ],
          [
            120.8230452,
            12.8150075
          ],
          [
            120.823086,
            12.8149987
          ],
          [
            120.8231582,
            12.8150175
          ],
          [
            120.823332,
            12.8150663
          ],
          [
            120.8234318,
            12.8151017
          ],
          [
            120.8234707,
            12.8151074
          ],
          [
            120.8235004,
            12.8151022
          ],
          [
            120.823534,
            12.8150734
          ],
          [
            120.8235603,
            12.8150354
          ],
          [
            120.8235774,
            12.8149937
          ],
          [
            120.8235789,
            12.8148136
          ],
          [
            120.8235978,
            12.8147756
          ],
          [
            120.8236572,
            12.8147706
          ],
          [
            120.8236851,
            12.814749
          ],
          [
            120.8237246,
            12.8146875
          ],
          [
            120.8237942,
            12.8145661
          ],
          [
            120.8238046,
            12.8144389
          ],
          [
            120.8238076,
            12.8143025
          ],
          [
            120.8238652,
            12.8142938
          ],
          [
            120.8239116,
            12.8142797
          ],
          [
            120.8239508,
            12.8142582
          ],
          [
            120.8239751,
            12.8142293
          ],
          [
            120.8239903,
            12.8141912
          ],
          [
            120.823985,
            12.8141547
          ],
          [
            120.8239535,
            12.8141545
          ],
          [
            120.8238127,
            12.8141497
          ],
          [
            120.8237777,
            12.8141203
          ],
          [
            120.8237707,
            12.8140747
          ],
          [
            120.823764,
            12.813991
          ],
          [
            120.8237579,
            12.8138381
          ],
          [
            120.8237984,
            12.8136547
          ],
          [
            120.8238175,
            12.8135839
          ],
          [
            120.8238031,
            12.8135329
          ],
          [
            120.8237738,
            12.813498
          ],
          [
            120.8237135,
            12.8134726
          ],
          [
            120.8236592,
            12.8134498
          ],
          [
            120.8235948,
            12.813391
          ],
          [
            120.8234114,
            12.8131621
          ],
          [
            120.8232456,
            12.8130443
          ],
          [
            120.8231293,
            12.8129797
          ],
          [
            120.8229598,
            12.8128655
          ],
          [
            120.8228455,
            12.8127917
          ],
          [
            120.8228056,
            12.8126859
          ],
          [
            120.8227448,
            12.8126417
          ],
          [
            120.8227022,
            12.8126396
          ],
          [
            120.8226482,
            12.8126591
          ],
          [
            120.8225739,
            12.812684
          ],
          [
            120.8225276,
            12.8126745
          ],
          [
            120.8224649,
            12.8126376
          ],
          [
            120.8223412,
            12.8125802
          ],
          [
            120.8221512,
            12.8124658
          ],
          [
            120.822089,
            12.8123689
          ],
          [
            120.8220301,
            12.8123247
          ],
          [
            120.8219448,
            12.812324
          ],
          [
            120.8218631,
            12.8123324
          ],
          [
            120.8218243,
            12.8123248
          ],
          [
            120.8217763,
            12.8123026
          ],
          [
            120.821705,
            12.8121801
          ],
          [
            120.821705,
            12.8121801
          ],
          [
            120.8216165,
            12.8121248
          ],
          [
            120.8214483,
            12.8120725
          ],
          [
            120.8213301,
            12.8120115
          ],
          [
            120.8212158,
            12.8119359
          ],
          [
            120.8210892,
            12.8117875
          ],
          [
            120.8210536,
            12.8117121
          ],
          [
            120.82104,
            12.8116834
          ],
          [
            120.8210238,
            12.8116323
          ],
          [
            120.8210244,
            12.811565
          ],
          [
            120.8210435,
            12.811496
          ],
          [
            120.8210521,
            12.8113633
          ],
          [
            120.8210682,
            12.811207
          ],
          [
            120.8211195,
            12.8110655
          ],
          [
            120.8211943,
            12.8109897
          ],
          [
            120.8212296,
            12.8109791
          ],
          [
            120.8212797,
            12.8109777
          ],
          [
            120.8213149,
            12.8109816
          ],
          [
            120.8213776,
            12.8110149
          ],
          [
            120.8215015,
            12.8110559
          ],
          [
            120.8215588,
            12.8110746
          ],
          [
            120.8216792,
            12.8110901
          ],
          [
            120.821781,
            12.8111037
          ],
          [
            120.8218867,
            12.8111046
          ],
          [
            120.8220147,
            12.8110947
          ],
          [
            120.8221391,
            12.8110721
          ],
          [
            120.8222317,
            12.8110783
          ],
          [
            120.8223056,
            12.8111153
          ],
          [
            120.8223906,
            12.8111452
          ],
          [
            120.8224829,
            12.8111841
          ],
          [
            120.8226507,
            12.8112947
          ],
          [
            120.8228217,
            12.8114562
          ],
          [
            120.8229801,
            12.8115757
          ],
          [
            120.8232794,
            12.8117001
          ],
          [
            120.8234643,
            12.8117508
          ],
          [
            120.8235754,
            12.8117735
          ],
          [
            120.8236681,
            12.8117743
          ],
          [
            120.82385,
            12.8117412
          ],
          [
            120.8239709,
            12.8117004
          ],
          [
            120.8240152,
            12.8117171
          ],
          [
            120.8241365,
            12.81184
          ],
          [
            120.8242487,
            12.8119465
          ],
          [
            120.8243052,
            12.8120561
          ],
          [
            120.824378,
            12.8122113
          ],
          [
            120.824403,
            12.8123298
          ],
          [
            120.8244244,
            12.8124228
          ],
          [
            120.8244683,
            12.8124941
          ],
          [
            120.8245456,
            12.8125657
          ],
          [
            120.82456,
            12.8126058
          ],
          [
            120.8245836,
            12.812666
          ],
          [
            120.8245848,
            12.8127497
          ],
          [
            120.8245465,
            12.8128292
          ],
          [
            120.8245282,
            12.8128657
          ],
          [
            120.8245332,
            12.8129276
          ],
          [
            120.8245678,
            12.812997
          ],
          [
            120.8246322,
            12.8130503
          ],
          [
            120.8246505,
            12.8130832
          ],
          [
            120.8246557,
            12.8131269
          ],
          [
            120.8246627,
            12.8131779
          ],
          [
            120.8246696,
            12.813238
          ],
          [
            120.824684,
            12.81328
          ],
          [
            120.8246949,
            12.8133092
          ],
          [
            120.8247021,
            12.8133311
          ],
          [
            120.8247499,
            12.8133842
          ],
          [
            120.8248473,
            12.8134851
          ],
          [
            120.8249209,
            12.8135466
          ]
        ]
      },
      "properties": {
        "id": 72,
        "canal_id": 72,
        "canal": "FARM DITCH (CANAL 72)",
        "canaltype": "Farm Ditch",
        "remarks": "FARM DITCH (CANAL 72)",
        "canal_type": "Ditch",
        "canal_leng": 1744.7,
        "station_no": "STA 0+000",
        "station__1": "STA 1+744.7",
        "station__2": "STA.0+000.00",
        "reversal_applied": false,
        "canal_widt": null,
        "canal_lining": "Unlined"
      }
    },
    {
      "type": "Feature",
      "geometry": {
        "type": "LineString",
        "coordinates": [
          [
            120.8535198,
            12.8144398
          ],
          [
            120.8535722,
            12.8141653
          ],
          [
            120.8537358,
            12.8138677
          ],
          [
            120.8539046,
            12.8136368
          ],
          [
            120.8541082,
            12.8134138
          ],
          [
            120.8541632,
            12.8133343
          ],
          [
            120.8541607,
            12.8131782
          ],
          [
            120.8540853,
            12.812911
          ],
          [
            120.8539364,
            12.8126281
          ],
          [
            120.85382,
            12.8126271
          ],
          [
            120.8536106,
            12.8126102
          ],
          [
            120.8535025,
            12.8125522
          ],
          [
            120.8534531,
            12.8124261
          ],
          [
            120.8533699,
            12.8121741
          ],
          [
            120.8532317,
            12.8119979
          ],
          [
            120.853024,
            12.8117867
          ],
          [
            120.852564,
            12.8115774
          ],
          [
            120.8523015,
            12.8114267
          ],
          [
            120.8521202,
            12.8112996
          ],
          [
            120.8519856,
            12.8111614
          ],
          [
            120.8517529,
            12.8111443
          ],
          [
            120.85142,
            12.8110629
          ],
          [
            120.8510444,
            12.810971
          ],
          [
            120.8503895,
            12.8108743
          ]
        ]
      },
      "properties": {
        "id": 142,
        "canal_id": 142,
        "canal": "FARM DITCH (CANAL 142)",
        "canaltype": "Farm Ditch",
        "remarks": "FARM DITCH (CANAL 142)",
        "canal_type": "Ditch",
        "canal_leng": 686.91,
        "station_no": "STA 0+000",
        "station__1": "STA 0+686.9",
        "station__2": "STA.0+000.00",
        "reversal_applied": false,
        "canal_widt": null,
        "canal_lining": "Unlined"
      }
    },
    {
      "type": "Feature",
      "geometry": {
        "type": "LineString",
        "coordinates": [
          [
            120.8244324,
            12.8175433
          ],
          [
            120.8244313,
            12.8175605
          ],
          [
            120.8244386,
            12.8175761
          ],
          [
            120.8244661,
            12.8176063
          ],
          [
            120.8245,
            12.8176512
          ],
          [
            120.8245026,
            12.8176794
          ],
          [
            120.824505,
            12.8177167
          ],
          [
            120.824514,
            12.8177477
          ],
          [
            120.8245341,
            12.8177824
          ],
          [
            120.8245599,
            12.8178045
          ],
          [
            120.8246612,
            12.8178826
          ],
          [
            120.8247361,
            12.8179042
          ],
          [
            120.8248007,
            12.8179411
          ],
          [
            120.8248044,
            12.8179439
          ],
          [
            120.8248523,
            12.8179752
          ],
          [
            120.8248843,
            12.81802
          ],
          [
            120.8249107,
            12.8180757
          ],
          [
            120.8249107,
            12.8180812
          ],
          [
            120.8249472,
            12.818147
          ],
          [
            120.8249867,
            12.8181964
          ],
          [
            120.8250195,
            12.818254
          ],
          [
            120.825083,
            12.8183073
          ],
          [
            120.8251438,
            12.8183524
          ],
          [
            120.8251786,
            12.8184081
          ],
          [
            120.8251922,
            12.8184446
          ],
          [
            120.8252066,
            12.8184884
          ],
          [
            120.825224,
            12.8185204
          ],
          [
            120.8252387,
            12.8185324
          ],
          [
            120.8252526,
            12.8185325
          ],
          [
            120.8252638,
            12.8185235
          ],
          [
            120.8252732,
            12.8185072
          ],
          [
            120.8252836,
            12.8184827
          ],
          [
            120.8252896,
            12.8184336
          ],
          [
            120.8253068,
            12.8183737
          ],
          [
            120.8253215,
            12.8182783
          ],
          [
            120.8253304,
            12.8182184
          ],
          [
            120.8253372,
            12.8181739
          ],
          [
            120.8253583,
            12.8180967
          ],
          [
            120.8253744,
            12.8180514
          ],
          [
            120.8253858,
            12.8180242
          ],
          [
            120.8254028,
            12.8179834
          ],
          [
            120.8254236,
            12.8179453
          ],
          [
            120.8254554,
            12.8179038
          ],
          [
            120.8254927,
            12.8178831
          ],
          [
            120.8255354,
            12.8178753
          ],
          [
            120.8255956,
            12.8178831
          ],
          [
            120.8256316,
            12.8178961
          ],
          [
            120.8257111,
            12.8179177
          ],
          [
            120.8257545,
            12.8179417
          ],
          [
            120.8258262,
            12.8180151
          ],
          [
            120.8258614,
            12.8180217
          ],
          [
            120.8258837,
            12.8180083
          ],
          [
            120.8259117,
            12.8179903
          ],
          [
            120.8259342,
            12.8179559
          ],
          [
            120.8259561,
            12.8178943
          ],
          [
            120.8259807,
            12.8177253
          ],
          [
            120.8259607,
            12.8175686
          ],
          [
            120.8259441,
            12.8174575
          ],
          [
            120.8259358,
            12.8173447
          ],
          [
            120.8259507,
            12.8172238
          ],
          [
            120.8259824,
            12.8170967
          ],
          [
            120.8260418,
            12.8169771
          ],
          [
            120.826065,
            12.8168645
          ],
          [
            120.8260848,
            12.8167173
          ],
          [
            120.8261209,
            12.8166121
          ],
          [
            120.8261034,
            12.8164919
          ],
          [
            120.8260702,
            12.8164807
          ],
          [
            120.8260018,
            12.8164492
          ],
          [
            120.8259466,
            12.8164051
          ],
          [
            120.8258989,
            12.8163519
          ],
          [
            120.8258151,
            12.8162775
          ]
        ]
      },
      "properties": {
        "id": 74,
        "canal_id": 74,
        "canal": "FARM DITCH (CANAL 74)",
        "canaltype": "Farm Ditch",
        "remarks": "FARM DITCH (CANAL 74)",
        "canal_type": "Ditch",
        "canal_leng": 489.05,
        "station_no": "STA 0+000",
        "station__1": "STA 0+489.1",
        "station__2": "STA.0+000.00",
        "reversal_applied": false,
        "canal_widt": null,
        "canal_lining": "Unlined"
      }
    },
    {
      "type": "Feature",
      "geometry": {
        "type": "LineString",
        "coordinates": [
          [
            120.8221938,
            12.8094507
          ],
          [
            120.8223102,
            12.80971
          ],
          [
            120.8224898,
            12.8099516
          ],
          [
            120.8226919,
            12.8101607
          ],
          [
            120.8228174,
            12.8102345
          ],
          [
            120.822908,
            12.8102607
          ],
          [
            120.8230806,
            12.8102421
          ],
          [
            120.8230806,
            12.8102421
          ],
          [
            120.8232418,
            12.8102507
          ],
          [
            120.8233305,
            12.8102769
          ],
          [
            120.8234264,
            12.8103359
          ],
          [
            120.8236151,
            12.8103884
          ],
          [
            120.8238279,
            12.8104339
          ],
          [
            120.8240923,
            12.810507
          ],
          [
            120.8241739,
            12.8105113
          ],
          [
            120.8243794,
            12.8105421
          ],
          [
            120.8244586,
            12.8105992
          ],
          [
            120.8244988,
            12.8106668
          ],
          [
            120.824504,
            12.8107069
          ],
          [
            120.8245128,
            12.8107634
          ],
          [
            120.8245252,
            12.810829
          ],
          [
            120.8245542,
            12.8109056
          ],
          [
            120.8246148,
            12.8109752
          ],
          [
            120.8246885,
            12.8110304
          ],
          [
            120.8248763,
            12.811183
          ],
          [
            120.8250527,
            12.8113664
          ],
          [
            120.8251717,
            12.8115457
          ],
          [
            120.8251808,
            12.8115603
          ],
          [
            120.8252743,
            12.8116884
          ],
          [
            120.8254066,
            12.811826
          ],
          [
            120.8255955,
            12.8120567
          ],
          [
            120.8256235,
            12.8120895
          ],
          [
            120.8258396,
            12.8123426
          ],
          [
            120.8259938,
            12.8125203
          ],
          [
            120.8260487,
            12.8126099
          ],
          [
            120.8260855,
            12.8126412
          ],
          [
            120.8261168,
            12.8126614
          ],
          [
            120.8261298,
            12.8126652
          ],
          [
            120.8261464,
            12.8126689
          ],
          [
            120.8261631,
            12.8126691
          ],
          [
            120.8262447,
            12.8126625
          ],
          [
            120.8262781,
            12.8126591
          ],
          [
            120.8263116,
            12.8126539
          ],
          [
            120.8263932,
            12.8126437
          ],
          [
            120.8264933,
            12.8126427
          ],
          [
            120.8265805,
            12.8126434
          ],
          [
            120.826662,
            12.8126459
          ],
          [
            120.8267137,
            12.8126682
          ],
          [
            120.826758,
            12.8126958
          ],
          [
            120.8267709,
            12.8127032
          ],
          [
            120.826793,
            12.812718
          ],
          [
            120.8268242,
            12.8127619
          ]
        ]
      },
      "properties": {
        "id": 89,
        "canal_id": 89,
        "canal": "FARM DITCH (CANAL 89)",
        "canaltype": "Farm Ditch",
        "remarks": "FARM DITCH (CANAL 89)",
        "canal_type": "Ditch",
        "canal_leng": 675.1,
        "station_no": "STA 0+000",
        "station__1": "STA 0+675.1",
        "station__2": "STA.0+000.00",
        "reversal_applied": false,
        "canal_widt": null,
        "canal_lining": "Unlined"
      }
    },
    {
      "type": "Feature",
      "geometry": {
        "type": "LineString",
        "coordinates": [
          [
            120.8340791,
            12.8179876
          ],
          [
            120.8340153,
            12.818017
          ],
          [
            120.8339773,
            12.8180325
          ],
          [
            120.8339416,
            12.8180378
          ],
          [
            120.8339024,
            12.8180477
          ],
          [
            120.8338645,
            12.8180496
          ],
          [
            120.8338243,
            12.8180414
          ]
        ]
      },
      "properties": {
        "id": 101,
        "canal_id": 101,
        "canal": "FARM DITCH (CANAL 101)",
        "canaltype": "Farm Ditch",
        "remarks": "FARM DITCH (CANAL 101)",
        "canal_type": "Ditch",
        "canal_leng": 29.01,
        "station_no": "STA 0+000",
        "station__1": "STA 0+029.0",
        "station__2": "STA.0+000.00",
        "reversal_applied": false,
        "canal_widt": null,
        "canal_lining": "Unlined"
      }
    },
    {
      "type": "Feature",
      "geometry": {
        "type": "LineString",
        "coordinates": [
          [
            120.8346371,
            12.8200319
          ],
          [
            120.8346528,
            12.8200805
          ],
          [
            120.8346721,
            12.820101
          ],
          [
            120.8347406,
            12.8201636
          ],
          [
            120.8347757,
            12.8202203
          ],
          [
            120.8347846,
            12.8202485
          ],
          [
            120.8347845,
            12.8202677
          ],
          [
            120.8347576,
            12.8203205
          ],
          [
            120.8347344,
            12.8203496
          ],
          [
            120.8347123,
            12.8203743
          ],
          [
            120.8347018,
            12.8203922
          ],
          [
            120.8346662,
            12.8205261
          ],
          [
            120.8346637,
            12.8205464
          ],
          [
            120.8346772,
            12.8205826
          ],
          [
            120.8346771,
            12.8205995
          ],
          [
            120.8346712,
            12.8206153
          ],
          [
            120.834671,
            12.8206344
          ],
          [
            120.8347433,
            12.820785
          ],
          [
            120.8347942,
            12.8208779
          ],
          [
            120.8348325,
            12.8209719
          ],
          [
            120.8348692,
            12.8212417
          ],
          [
            120.8347332,
            12.8212947
          ],
          [
            120.8345672,
            12.8213452
          ],
          [
            120.8344095,
            12.8213834
          ],
          [
            120.8342551,
            12.8214216
          ],
          [
            120.8341676,
            12.8214457
          ],
          [
            120.8341249,
            12.8214634
          ],
          [
            120.8340441,
            12.821509
          ],
          [
            120.8339483,
            12.8215488
          ],
          [
            120.8339149,
            12.8215609
          ],
          [
            120.8338827,
            12.8215663
          ],
          [
            120.8337837,
            12.8215801
          ],
          [
            120.8336607,
            12.8215836
          ],
          [
            120.8335907,
            12.8217071
          ],
          [
            120.8335138,
            12.8218249
          ],
          [
            120.8334662,
            12.8218888
          ],
          [
            120.8334499,
            12.8219056
          ],
          [
            120.8334326,
            12.8219167
          ],
          [
            120.8334199,
            12.8219189
          ],
          [
            120.8333946,
            12.8219221
          ],
          [
            120.833328,
            12.8219181
          ],
          [
            120.8333096,
            12.8219146
          ],
          [
            120.8332901,
            12.8219178
          ],
          [
            120.833252,
            12.8219333
          ],
          [
            120.8332279,
            12.8219353
          ],
          [
            120.8332072,
            12.8219352
          ],
          [
            120.8331041,
            12.8218949
          ],
          [
            120.8330321,
            12.8218503
          ],
          [
            120.8329086,
            12.8219034
          ],
          [
            120.8328301,
            12.8219512
          ],
          [
            120.8327642,
            12.8219981
          ],
          [
            120.8327409,
            12.8220295
          ],
          [
            120.8327035,
            12.8221058
          ],
          [
            120.8326581,
            12.8221731
          ],
          [
            120.8326395,
            12.8221967
          ],
          [
            120.832616,
            12.822254
          ],
          [
            120.8325793,
            12.8222458
          ],
          [
            120.8325586,
            12.8222456
          ],
          [
            120.8325402,
            12.8222489
          ],
          [
            120.8324559,
            12.8222921
          ],
          [
            120.8324006,
            12.8223165
          ],
          [
            120.8323775,
            12.8223242
          ],
          [
            120.8323591,
            12.8223274
          ],
          [
            120.8322684,
            12.8223165
          ],
          [
            120.8321811,
            12.8223113
          ],
          [
            120.8321535,
            12.8223156
          ],
          [
            120.8321224,
            12.8223221
          ],
          [
            120.832104,
            12.8223231
          ],
          [
            120.8320742,
            12.8223161
          ],
          [
            120.8319583,
            12.822288
          ],
          [
            120.8319237,
            12.8224411
          ],
          [
            120.8316937,
            12.8224573
          ],
          [
            120.8316757,
            12.8225383
          ],
          [
            120.8316641,
            12.8225529
          ],
          [
            120.8316411,
            12.8225629
          ],
          [
            120.8315559,
            12.8225757
          ],
          [
            120.8314867,
            12.8225977
          ],
          [
            120.8314602,
            12.8226099
          ],
          [
            120.8314371,
            12.8226198
          ],
          [
            120.831421,
            12.8226208
          ],
          [
            120.8314015,
            12.8226195
          ],
          [
            120.831278,
            12.8225441
          ],
          [
            120.8312591,
            12.8224706
          ],
          [
            120.8312337,
            12.8223497
          ],
          [
            120.8312258,
            12.822335
          ],
          [
            120.831188,
            12.8223178
          ],
          [
            120.831134,
            12.8223162
          ],
          [
            120.8310375,
            12.822312
          ],
          [
            120.8309893,
            12.8223071
          ],
          [
            120.8309572,
            12.822299
          ],
          [
            120.83094,
            12.8222943
          ],
          [
            120.8308968,
            12.8222398
          ],
          [
            120.8308183,
            12.8221478
          ],
          [
            120.8308161,
            12.8221297
          ],
          [
            120.8308118,
            12.8221015
          ]
        ]
      },
      "properties": {
        "id": 103,
        "canal_id": 103,
        "canal": "FARM DITCH (CANAL 103)",
        "canaltype": "Farm Ditch",
        "remarks": "FARM DITCH (CANAL 103)",
        "canal_type": "Ditch",
        "canal_leng": 697.14,
        "station_no": "STA 0+000",
        "station__1": "STA 0+697.1",
        "station__2": "STA.0+000.00",
        "reversal_applied": false,
        "canal_widt": null,
        "canal_lining": "Unlined"
      }
    },
    {
      "type": "Feature",
      "geometry": {
        "type": "LineString",
        "coordinates": [
          [
            120.8211387,
            12.8025759
          ],
          [
            120.8210889,
            12.8022739
          ],
          [
            120.8210889,
            12.8022739
          ],
          [
            120.8209831,
            12.8020765
          ],
          [
            120.8209618,
            12.8019636
          ],
          [
            120.8209485,
            12.8017924
          ],
          [
            120.8209235,
            12.8016794
          ],
          [
            120.8208584,
            12.8014897
          ],
          [
            120.8207636,
            12.8012997
          ],
          [
            120.8207202,
            12.8011793
          ],
          [
            120.8207179,
            12.8010119
          ],
          [
            120.8207754,
            12.8007904
          ],
          [
            120.8207754,
            12.8007904
          ],
          [
            120.8209063,
            12.8006568
          ],
          [
            120.821085,
            12.8005674
          ],
          [
            120.8212003,
            12.8005356
          ],
          [
            120.8212301,
            12.8005103
          ],
          [
            120.8214434,
            12.8002865
          ],
          [
            120.821526,
            12.8001598
          ],
          [
            120.821586,
            12.8000803
          ],
          [
            120.8216685,
            12.7999718
          ],
          [
            120.8217359,
            12.799896
          ],
          [
            120.8218141,
            12.7998602
          ],
          [
            120.8219034,
            12.7998173
          ],
          [
            120.8220147,
            12.7998109
          ],
          [
            120.822126,
            12.7998082
          ],
          [
            120.8222186,
            12.7998126
          ],
          [
            120.8223595,
            12.7998174
          ],
          [
            120.8226192,
            12.7997977
          ],
          [
            120.8231749,
            12.799846
          ],
          [
            120.8233858,
            12.7999023
          ],
          [
            120.8235261,
            12.7999653
          ],
          [
            120.8236521,
            12.7999737
          ],
          [
            120.82373,
            12.799967
          ],
          [
            120.8238267,
            12.7999351
          ],
          [
            120.8242342,
            12.7999712
          ],
          [
            120.8246113,
            12.8000944
          ],
          [
            120.824763,
            12.8001284
          ],
          [
            120.8247852,
            12.8001395
          ],
          [
            120.824955,
            12.8002209
          ],
          [
            120.8251686,
            12.8003901
          ],
          [
            120.8252166,
            12.8004159
          ],
          [
            120.8253979,
            12.8004647
          ],
          [
            120.8254683,
            12.800469
          ],
          [
            120.825472,
            12.800469
          ],
          [
            120.8255167,
            12.8004402
          ],
          [
            120.8255392,
            12.8004113
          ],
          [
            120.8255544,
            12.8003714
          ],
          [
            120.8255546,
            12.8003496
          ],
          [
            120.8255548,
            12.8003278
          ],
          [
            120.8255591,
            12.8002477
          ],
          [
            120.8255592,
            12.8002368
          ],
          [
            120.8255419,
            12.8000911
          ],
          [
            120.8255422,
            12.800062
          ],
          [
            120.8255391,
            12.7999856
          ],
          [
            120.8255357,
            12.7999565
          ],
          [
            120.8255358,
            12.7999456
          ],
          [
            120.8255369,
            12.7998109
          ],
          [
            120.8255683,
            12.7996074
          ],
          [
            120.8256221,
            12.7993932
          ],
          [
            120.8256638,
            12.7992844
          ],
          [
            120.8257275,
            12.7992085
          ],
          [
            120.8257912,
            12.7991326
          ],
          [
            120.8259174,
            12.7991155
          ],
          [
            120.8259544,
            12.7991158
          ],
          [
            120.825973,
            12.7991159
          ],
          [
            120.8260471,
            12.7991202
          ],
          [
            120.8260878,
            12.7991278
          ],
          [
            120.8261763,
            12.7991794
          ],
          [
            120.8263717,
            12.7993121
          ],
          [
            120.8263864,
            12.7993267
          ],
          [
            120.826526,
            12.7994771
          ],
          [
            120.8265297,
            12.7994771
          ],
          [
            120.8266958,
            12.7996626
          ]
        ]
      },
      "properties": {
        "id": 107,
        "canal_id": 107,
        "canal": "FARM DITCH (CANAL 107)",
        "canaltype": "Farm Ditch",
        "remarks": "FARM DITCH (CANAL 107)",
        "canal_type": "Ditch",
        "canal_leng": 1058.59,
        "station_no": "STA 0+000",
        "station__1": "STA 1+058.6",
        "station__2": "STA.0+000.00",
        "reversal_applied": false,
        "canal_widt": null,
        "canal_lining": "Unlined"
      }
    },
    {
      "type": "Feature",
      "geometry": {
        "type": "LineString",
        "coordinates": [
          [
            120.8260878,
            12.7991278
          ],
          [
            120.82619,
            12.7988812
          ],
          [
            120.8261938,
            12.7988703
          ],
          [
            120.8263069,
            12.7986529
          ],
          [
            120.8263378,
            12.798504
          ],
          [
            120.8262649,
            12.7983615
          ],
          [
            120.8260207,
            12.7978683
          ],
          [
            120.8257593,
            12.797384
          ],
          [
            120.8253638,
            12.7966512
          ],
          [
            120.8246919,
            12.7954558
          ],
          [
            120.8238235,
            12.7940387
          ],
          [
            120.8238145,
            12.7940095
          ],
          [
            120.8238168,
            12.7939549
          ],
          [
            120.8237986,
            12.7939111
          ],
          [
            120.8234318,
            12.7936716
          ],
          [
            120.8233377,
            12.7936126
          ],
          [
            120.8231463,
            12.79346
          ],
          [
            120.8230428,
            12.7936411
          ],
          [
            120.8228796,
            12.7938653
          ],
          [
            120.8228427,
            12.7938377
          ],
          [
            120.8227864,
            12.7937928
          ],
          [
            120.8227668,
            12.7938244
          ],
          [
            120.8227331,
            12.7938623
          ],
          [
            120.8226503,
            12.7940162
          ],
          [
            120.8225299,
            12.7942172
          ],
          [
            120.8224059,
            12.7944054
          ],
          [
            120.8223746,
            12.7943833
          ],
          [
            120.8223506,
            12.7943685
          ],
          [
            120.8223027,
            12.7943408
          ],
          [
            120.8222399,
            12.7943076
          ],
          [
            120.8222069,
            12.7942709
          ],
          [
            120.8221943,
            12.7942199
          ],
          [
            120.8221948,
            12.7941617
          ],
          [
            120.8221917,
            12.7940961
          ],
          [
            120.8220228,
            12.7939073
          ],
          [
            120.8217799,
            12.7936907
          ],
          [
            120.8216601,
            12.7936096
          ],
          [
            120.8215992,
            12.7935764
          ],
          [
            120.8214529,
            12.7935624
          ],
          [
            120.8213267,
            12.7935869
          ],
          [
            120.8212486,
            12.7936117
          ],
          [
            120.8211157,
            12.7937616
          ],
          [
            120.820992,
            12.7939207
          ],
          [
            120.8209136,
            12.7939782
          ],
          [
            120.8208315,
            12.7940412
          ],
          [
            120.820683,
            12.7940636
          ],
          [
            120.8205993,
            12.7940957
          ],
          [
            120.8205154,
            12.794155
          ],
          [
            120.8203153,
            12.7943535
          ],
          [
            120.8200842,
            12.7945062
          ],
          [
            120.8199968,
            12.7945364
          ],
          [
            120.8199465,
            12.7945579
          ],
          [
            120.8199188,
            12.7945522
          ],
          [
            120.819904,
            12.7945448
          ],
          [
            120.8198911,
            12.7945374
          ],
          [
            120.8198339,
            12.7945133
          ],
          [
            120.8198062,
            12.7944967
          ],
          [
            120.819659,
            12.7943699
          ],
          [
            120.8195408,
            12.7943107
          ],
          [
            120.8194078,
            12.7942605
          ],
          [
            120.8193818,
            12.7942694
          ],
          [
            120.8193145,
            12.7943325
          ],
          [
            120.8191679,
            12.7945163
          ]
        ]
      },
      "properties": {
        "id": 108,
        "canal_id": 108,
        "canal": "FARM DITCH (CANAL 108)",
        "canaltype": "Farm Ditch",
        "remarks": "FARM DITCH (CANAL 108)",
        "canal_type": "Ditch",
        "canal_leng": 1345.77,
        "station_no": "STA 0+000",
        "station__1": "STA 1+345.8",
        "station__2": "STA.0+000.00",
        "reversal_applied": false,
        "canal_widt": null,
        "canal_lining": "Unlined"
      }
    },
    {
      "type": "Feature",
      "geometry": {
        "type": "LineString",
        "coordinates": [
          [
            120.826785,
            12.7993401
          ],
          [
            120.826879,
            12.7989506
          ],
          [
            120.8270763,
            12.7984246
          ],
          [
            120.8271302,
            12.7981958
          ],
          [
            120.8271169,
            12.7980174
          ],
          [
            120.82706,
            12.7977404
          ],
          [
            120.8269216,
            12.7974409
          ],
          [
            120.8269087,
            12.7972152
          ],
          [
            120.8268675,
            12.7968364
          ],
          [
            120.8268675,
            12.7968364
          ],
          [
            120.8267607,
            12.7963189
          ],
          [
            120.8266891,
            12.7960199
          ],
          [
            120.8266612,
            12.7958195
          ],
          [
            120.8266612,
            12.7958195
          ],
          [
            120.8266822,
            12.7955213
          ],
          [
            120.8267506,
            12.7953363
          ],
          [
            120.8270293,
            12.7948292
          ],
          [
            120.8271542,
            12.7945283
          ],
          [
            120.8272611,
            12.7941653
          ],
          [
            120.8272665,
            12.7939725
          ],
          [
            120.8272227,
            12.7938848
          ],
          [
            120.8270889,
            12.7937072
          ],
          [
            120.8269309,
            12.7935494
          ],
          [
            120.8266419,
            12.7933087
          ],
          [
            120.8264044,
            12.7931103
          ],
          [
            120.8263551,
            12.7930225
          ],
          [
            120.8263374,
            12.7929242
          ],
          [
            120.8263326,
            12.7928386
          ],
          [
            120.8263715,
            12.7926261
          ],
          [
            120.8263715,
            12.7926261
          ],
          [
            120.8264508,
            12.7924539
          ],
          [
            120.8266195,
            12.7922461
          ],
          [
            120.8268221,
            12.7919621
          ],
          [
            120.8269744,
            12.7917797
          ],
          [
            120.8270178,
            12.7916271
          ],
          [
            120.8270169,
            12.7915071
          ],
          [
            120.8269846,
            12.7913904
          ],
          [
            120.8269371,
            12.7913008
          ],
          [
            120.8267619,
            12.7912011
          ],
          [
            120.8266158,
            12.7911526
          ],
          [
            120.8264717,
            12.7911041
          ],
          [
            120.8263671,
            12.7909741
          ],
          [
            120.82616,
            12.7907031
          ],
          [
            120.8260451,
            12.790482
          ],
          [
            120.8259998,
            12.7903561
          ],
          [
            120.8259998,
            12.7903561
          ],
          [
            120.82574,
            12.7899592
          ],
          [
            120.8255841,
            12.7897633
          ],
          [
            120.825524,
            12.7896409
          ],
          [
            120.8254912,
            12.7895678
          ],
          [
            120.825495,
            12.7894917
          ]
        ]
      },
      "properties": {
        "id": 109,
        "canal_id": 109,
        "canal": "FARM DITCH (CANAL 109)",
        "canaltype": "Farm Ditch",
        "remarks": "FARM DITCH (CANAL 109)",
        "canal_type": "Ditch",
        "canal_leng": 1245.26,
        "station_no": "STA 0+000",
        "station__1": "STA 1+245.3",
        "station__2": "STA.0+000.00",
        "reversal_applied": false,
        "canal_widt": null,
        "canal_lining": "Unlined"
      }
    },
    {
      "type": "Feature",
      "geometry": {
        "type": "LineString",
        "coordinates": [
          [
            120.8559896,
            12.8145005
          ],
          [
            120.8562882,
            12.8144044
          ],
          [
            120.8566231,
            12.8142599
          ],
          [
            120.8568183,
            12.8141219
          ],
          [
            120.8568624,
            12.814107
          ],
          [
            120.8569269,
            12.8141304
          ],
          [
            120.8571276,
            12.8142539
          ],
          [
            120.8572688,
            12.8143794
          ],
          [
            120.8574077,
            12.814477
          ],
          [
            120.8574975,
            12.8145564
          ],
          [
            120.8575722,
            12.8146002
          ],
          [
            120.857676,
            12.8146665
          ]
        ]
      },
      "properties": {
        "id": 156,
        "canal_id": 156,
        "canal": "FARM DITCH (CANAL 156)",
        "canaltype": "Farm Ditch",
        "remarks": "FARM DITCH (CANAL 156)",
        "canal_type": "Ditch",
        "canal_leng": 213.49,
        "station_no": "STA 0+000",
        "station__1": "STA 0+213.5",
        "station__2": "STA.0+000.00",
        "reversal_applied": false,
        "canal_widt": null,
        "canal_lining": "Unlined"
      }
    },
    {
      "type": "Feature",
      "geometry": {
        "type": "LineString",
        "coordinates": [
          [
            120.8423588,
            12.820533
          ],
          [
            120.8423714,
            12.8205072
          ],
          [
            120.8424069,
            12.8204661
          ],
          [
            120.8424229,
            12.8204335
          ],
          [
            120.8424566,
            12.820201
          ],
          [
            120.8424639,
            12.8199614
          ],
          [
            120.8424735,
            12.8198614
          ],
          [
            120.8425172,
            12.8196807
          ],
          [
            120.8425163,
            12.8195876
          ],
          [
            120.8425219,
            12.8195394
          ],
          [
            120.8425807,
            12.8193399
          ],
          [
            120.8426225,
            12.8191807
          ],
          [
            120.8426773,
            12.8190406
          ],
          [
            120.8427285,
            12.8189117
          ],
          [
            120.8427365,
            12.8189014
          ],
          [
            120.8430148,
            12.818921
          ],
          [
            120.8432642,
            12.8189325
          ],
          [
            120.8434688,
            12.8189488
          ],
          [
            120.8434828,
            12.8189493
          ],
          [
            120.8435716,
            12.8189393
          ],
          [
            120.8435919,
            12.8189343
          ],
          [
            120.8436086,
            12.8189267
          ],
          [
            120.8436325,
            12.8189122
          ],
          [
            120.8436824,
            12.8188273
          ],
          [
            120.8436949,
            12.8188067
          ],
          [
            120.8437129,
            12.8187508
          ],
          [
            120.8437351,
            12.818726
          ],
          [
            120.843758,
            12.818715
          ],
          [
            120.8438011,
            12.8187093
          ],
          [
            120.8438582,
            12.8187115
          ],
          [
            120.8438968,
            12.818723
          ],
          [
            120.8439196,
            12.8187318
          ],
          [
            120.8439476,
            12.8187381
          ],
          [
            120.8439748,
            12.8187383
          ],
          [
            120.8440012,
            12.8187351
          ],
          [
            120.8440303,
            12.8187284
          ],
          [
            120.8441016,
            12.8187092
          ],
          [
            120.8441298,
            12.8187016
          ],
          [
            120.8441517,
            12.8187027
          ],
          [
            120.8441972,
            12.8187263
          ],
          [
            120.84422,
            12.8187308
          ],
          [
            120.8442555,
            12.818729
          ],
          [
            120.844294,
            12.8187133
          ],
          [
            120.8443284,
            12.8186799
          ],
          [
            120.8443862,
            12.8186237
          ],
          [
            120.8445407,
            12.8184414
          ],
          [
            120.8446263,
            12.8184117
          ],
          [
            120.8449189,
            12.8183811
          ],
          [
            120.8451418,
            12.8183296
          ],
          [
            120.8453946,
            12.8182514
          ]
        ]
      },
      "properties": {
        "id": 143,
        "canal_id": 143,
        "canal": "FARM DITCH (CANAL 143)",
        "canaltype": "Farm Ditch",
        "remarks": "FARM DITCH (CANAL 143)",
        "canal_type": "Ditch",
        "canal_leng": 508.23,
        "station_no": "STA 0+000",
        "station__1": "STA 0+508.2",
        "station__2": "STA.0+000.00",
        "reversal_applied": false,
        "canal_widt": null,
        "canal_lining": "Unlined"
      }
    },
    {
      "type": "Feature",
      "geometry": {
        "type": "LineString",
        "coordinates": [
          [
            120.8430488,
            12.820399
          ],
          [
            120.8431065,
            12.8203296
          ],
          [
            120.8431324,
            12.8202764
          ],
          [
            120.8431476,
            12.820242
          ],
          [
            120.8431619,
            12.8202206
          ],
          [
            120.8431982,
            12.820189
          ],
          [
            120.8432176,
            12.8201719
          ],
          [
            120.8432959,
            12.8200604
          ],
          [
            120.843392,
            12.8199155
          ],
          [
            120.8434473,
            12.8198194
          ],
          [
            120.8434659,
            12.8198023
          ],
          [
            120.8434854,
            12.8197852
          ],
          [
            120.8434978,
            12.8197664
          ],
          [
            120.843529,
            12.8197115
          ],
          [
            120.8435379,
            12.8197012
          ],
          [
            120.843552,
            12.8196978
          ],
          [
            120.8435722,
            12.8197006
          ],
          [
            120.8436529,
            12.8197159
          ],
          [
            120.8436705,
            12.8197135
          ],
          [
            120.8437579,
            12.8196966
          ],
          [
            120.8437946,
            12.8196895
          ],
          [
            120.8438324,
            12.8196864
          ],
          [
            120.8438737,
            12.819685
          ],
          [
            120.8439026,
            12.8196887
          ],
          [
            120.843914,
            12.8196896
          ],
          [
            120.8439343,
            12.8196855
          ],
          [
            120.8439563,
            12.8196787
          ],
          [
            120.8440788,
            12.8196332
          ],
          [
            120.8440964,
            12.8196308
          ],
          [
            120.844121,
            12.8196361
          ],
          [
            120.8441724,
            12.8196814
          ],
          [
            120.8442148,
            12.819706
          ],
          [
            120.8443484,
            12.8198696
          ],
          [
            120.8444435,
            12.8199491
          ],
          [
            120.8446526,
            12.8199965
          ],
          [
            120.8447936,
            12.8200361
          ]
        ]
      },
      "properties": {
        "id": 146,
        "canal_id": 146,
        "canal": "FARM DITCH (CANAL 146)",
        "canaltype": "Farm Ditch",
        "remarks": "FARM DITCH (CANAL 146)",
        "canal_type": "Ditch",
        "canal_leng": 248.27,
        "station_no": "STA 0+000",
        "station__1": "STA 0+248.3",
        "station__2": "STA.0+000.00",
        "reversal_applied": false,
        "canal_widt": null,
        "canal_lining": "Unlined"
      }
    },
    {
      "type": "Feature",
      "geometry": {
        "type": "LineString",
        "coordinates": [
          [
            120.8431206,
            12.8226883
          ],
          [
            120.8430789,
            12.8226873
          ],
          [
            120.8428966,
            12.8226046
          ],
          [
            120.8428174,
            12.8225677
          ],
          [
            120.8427251,
            12.8225467
          ],
          [
            120.8426652,
            12.8225208
          ],
          [
            120.8424723,
            12.8224646
          ],
          [
            120.8422648,
            12.822383
          ],
          [
            120.8420262,
            12.8222972
          ],
          [
            120.8417988,
            12.8222168
          ]
        ]
      },
      "properties": {
        "id": 148,
        "canal_id": 148,
        "canal": "FARM DITCH (CANAL 148)",
        "canaltype": "Farm Ditch",
        "remarks": "FARM DITCH (CANAL 148)",
        "canal_type": "Ditch",
        "canal_leng": 153.23,
        "station_no": "STA 0+000",
        "station__1": "STA 0+153.2",
        "station__2": "STA.0+000.00",
        "reversal_applied": false,
        "canal_widt": null,
        "canal_lining": "Unlined"
      }
    },
    {
      "type": "Feature",
      "geometry": {
        "type": "LineString",
        "coordinates": [
          [
            120.8556781,
            12.8067537
          ],
          [
            120.8553754,
            12.8066603
          ],
          [
            120.8551867,
            12.8066028
          ],
          [
            120.8549485,
            12.8065316
          ],
          [
            120.8547438,
            12.8064805
          ],
          [
            120.8545624,
            12.8064443
          ],
          [
            120.8543322,
            12.8063968
          ],
          [
            120.8540562,
            12.8063263
          ],
          [
            120.8538996,
            12.8062976
          ],
          [
            120.853766,
            12.8062863
          ],
          [
            120.8538671,
            12.8065659
          ],
          [
            120.8540526,
            12.8070819
          ],
          [
            120.8541017,
            12.8072314
          ],
          [
            120.8540859,
            12.8073013
          ],
          [
            120.8540605,
            12.8073643
          ]
        ]
      },
      "properties": {
        "id": 149,
        "canal_id": 149,
        "canal": "FARM DITCH (CANAL 149)",
        "canaltype": "Farm Ditch",
        "remarks": "FARM DITCH (CANAL 149)",
        "canal_type": "Ditch",
        "canal_leng": 340.56,
        "station_no": "STA 0+000",
        "station__1": "STA 0+340.6",
        "station__2": "STA.0+000.00",
        "reversal_applied": false,
        "canal_widt": null,
        "canal_lining": "Unlined"
      }
    },
    {
      "type": "Feature",
      "geometry": {
        "type": "LineString",
        "coordinates": [
          [
            120.8184183,
            12.8123758
          ],
          [
            120.8184791,
            12.8126328
          ],
          [
            120.8187977,
            12.8130975
          ],
          [
            120.8191822,
            12.8136538
          ],
          [
            120.8194369,
            12.8140052
          ],
          [
            120.819464,
            12.81408
          ],
          [
            120.8194659,
            12.81408
          ],
          [
            120.8193529,
            12.8142865
          ],
          [
            120.8192451,
            12.8145294
          ],
          [
            120.8192392,
            12.8145712
          ],
          [
            120.819237,
            12.8146076
          ],
          [
            120.8192516,
            12.8146313
          ],
          [
            120.8192773,
            12.8146643
          ],
          [
            120.8193321,
            12.814763
          ],
          [
            120.8193424,
            12.8148522
          ],
          [
            120.8193755,
            12.8148834
          ],
          [
            120.8194069,
            12.8148964
          ],
          [
            120.8194362,
            12.814944
          ],
          [
            120.8194255,
            12.815104
          ],
          [
            120.8194186,
            12.8152604
          ],
          [
            120.8193662,
            12.8153218
          ],
          [
            120.8193103,
            12.8153595
          ],
          [
            120.8192396,
            12.8153808
          ],
          [
            120.8190927,
            12.815436
          ],
          [
            120.818992,
            12.8155043
          ],
          [
            120.8189734,
            12.8155077
          ],
          [
            120.818927,
            12.8155146
          ],
          [
            120.8188969,
            12.8155617
          ],
          [
            120.818822,
            12.8156557
          ],
          [
            120.8185822,
            12.8159448
          ],
          [
            120.8185635,
            12.8159664
          ],
          [
            120.8185022,
            12.8159732
          ],
          [
            120.8184091,
            12.816027
          ],
          [
            120.8182675,
            12.8161059
          ],
          [
            120.8182231,
            12.8160946
          ],
          [
            120.8181199,
            12.8160283
          ],
          [
            120.8180501,
            12.815944
          ],
          [
            120.8179915,
            12.8158635
          ],
          [
            120.8178351,
            12.815712
          ],
          [
            120.8177488,
            12.8156028
          ],
          [
            120.8177492,
            12.8155646
          ],
          [
            120.8178144,
            12.8155157
          ],
          [
            120.817911,
            12.8155059
          ],
          [
            120.8179667,
            12.81549
          ],
          [
            120.8179726,
            12.8154573
          ],
          [
            120.8179727,
            12.8154355
          ],
          [
            120.817973,
            12.8154082
          ],
          [
            120.8179457,
            12.8153425
          ],
          [
            120.8177777,
            12.8151674
          ],
          [
            120.817759,
            12.8149893
          ],
          [
            120.8177424,
            12.8148322
          ],
          [
            120.8177285,
            12.8147
          ],
          [
            120.817773,
            12.8145408
          ],
          [
            120.8178891,
            12.8144035
          ],
          [
            120.817923,
            12.8143492
          ],
          [
            120.8179875,
            12.8141715
          ],
          [
            120.8180629,
            12.8140302
          ],
          [
            120.8180859,
            12.8139467
          ],
          [
            120.8180722,
            12.813812
          ],
          [
            120.8180006,
            12.8135166
          ],
          [
            120.817953,
            12.8134435
          ],
          [
            120.8178757,
            12.813381
          ],
          [
            120.8178363,
            12.8132242
          ],
          [
            120.8177691,
            12.8130526
          ],
          [
            120.8177531,
            12.8129761
          ],
          [
            120.8177573,
            12.8129215
          ],
          [
            120.8177781,
            12.8128689
          ],
          [
            120.8178325,
            12.8127984
          ],
          [
            120.8179034,
            12.8127444
          ],
          [
            120.8179932,
            12.8126469
          ],
          [
            120.8180862,
            12.812615
          ],
          [
            120.8181494,
            12.8125991
          ],
          [
            120.8182108,
            12.8125742
          ],
          [
            120.8182499,
            12.8125508
          ],
          [
            120.8183264,
            12.8124933
          ],
          [
            120.8183641,
            12.8124226
          ],
          [
            120.8184183,
            12.8123758
          ]
        ]
      },
      "properties": {
        "id": 151,
        "canal_id": 151,
        "canal": "FARM DITCH (CANAL 151)",
        "canaltype": "Farm Ditch",
        "remarks": "FARM DITCH (CANAL 151)",
        "canal_type": "Ditch",
        "canal_leng": 3070.16,
        "station_no": "STA 0+000",
        "station__1": "STA 3+070.2",
        "station__2": "STA.0+000.00",
        "reversal_applied": false,
        "canal_widt": null,
        "canal_lining": "Unlined"
      }
    },
    {
      "type": "Feature",
      "geometry": {
        "type": "LineString",
        "coordinates": [
          [
            120.8314619,
            12.792239
          ],
          [
            120.8317904,
            12.7926679
          ],
          [
            120.8322781,
            12.7934395
          ],
          [
            120.8325728,
            12.7938533
          ],
          [
            120.8329846,
            12.7944748
          ],
          [
            120.8332441,
            12.7948556
          ],
          [
            120.833372,
            12.7950183
          ],
          [
            120.8335028,
            12.7950951
          ],
          [
            120.8337771,
            12.7952079
          ],
          [
            120.8339913,
            12.7952711
          ],
          [
            120.8341372,
            12.7952804
          ],
          [
            120.8344253,
            12.795246
          ],
          [
            120.8347503,
            12.7950481
          ],
          [
            120.8351921,
            12.7945973
          ],
          [
            120.835927,
            12.7937662
          ],
          [
            120.8365714,
            12.7930347
          ],
          [
            120.8372088,
            12.7923829
          ],
          [
            120.8380172,
            12.7914992
          ],
          [
            120.8380172,
            12.7914992
          ],
          [
            120.8388927,
            12.790567
          ],
          [
            120.8393471,
            12.7900676
          ]
        ]
      },
      "properties": {
        "id": 152,
        "canal_id": 152,
        "canal": "FARM DITCH (CANAL 152)",
        "canaltype": "Farm Ditch",
        "remarks": "FARM DITCH (CANAL 152)",
        "canal_type": "Ditch",
        "canal_leng": 1277.04,
        "station_no": "STA 0+000",
        "station__1": "STA 1+277.0",
        "station__2": "STA.0+000.00",
        "reversal_applied": false,
        "canal_widt": null,
        "canal_lining": "Unlined"
      }
    },
    {
      "type": "Feature",
      "geometry": {
        "type": "LineString",
        "coordinates": [
          [
            120.8383389,
            12.7938987
          ],
          [
            120.8383143,
            12.7938153
          ],
          [
            120.8383355,
            12.7937597
          ],
          [
            120.8383677,
            12.7936203
          ],
          [
            120.8383479,
            12.7935186
          ],
          [
            120.8383643,
            12.7934121
          ],
          [
            120.8382699,
            12.7932616
          ],
          [
            120.8379908,
            12.7926842
          ],
          [
            120.8378998,
            12.7923803
          ],
          [
            120.8378391,
            12.7922173
          ],
          [
            120.8378324,
            12.7920929
          ],
          [
            120.8378485,
            12.7920245
          ],
          [
            120.8380429,
            12.791771
          ],
          [
            120.8388236,
            12.7909802
          ],
          [
            120.8390178,
            12.7907852
          ],
          [
            120.8390576,
            12.7906586
          ],
          [
            120.8390749,
            12.7905331
          ],
          [
            120.839089,
            12.7905023
          ],
          [
            120.839439,
            12.7901132
          ]
        ]
      },
      "properties": {
        "id": 153,
        "canal_id": 153,
        "canal": "FARM DITCH (CANAL 153)",
        "canaltype": "Farm Ditch",
        "remarks": "FARM DITCH (CANAL 153)",
        "canal_type": "Ditch",
        "canal_leng": 498.44,
        "station_no": "STA 0+000",
        "station__1": "STA 0+498.4",
        "station__2": "STA.0+000.00",
        "reversal_applied": false,
        "canal_widt": null,
        "canal_lining": "Unlined"
      }
    },
    {
      "type": "Feature",
      "geometry": {
        "type": "LineString",
        "coordinates": [
          [
            120.839905,
            12.8163645
          ],
          [
            120.8398107,
            12.8163319
          ],
          [
            120.8397001,
            12.8163241
          ],
          [
            120.8395979,
            12.8163353
          ],
          [
            120.839513,
            12.8163531
          ],
          [
            120.8394483,
            12.8163713
          ],
          [
            120.839417,
            12.8163861
          ],
          [
            120.8393779,
            12.8164176
          ],
          [
            120.8393035,
            12.8164877
          ],
          [
            120.8392079,
            12.8165731
          ],
          [
            120.8390752,
            12.816679
          ],
          [
            120.8390026,
            12.8167456
          ],
          [
            120.8389301,
            12.816795
          ],
          [
            120.8388613,
            12.8168307
          ],
          [
            120.8388277,
            12.8168476
          ],
          [
            120.8388084,
            12.8168544
          ],
          [
            120.8387906,
            12.8168766
          ],
          [
            120.8387656,
            12.8169247
          ],
          [
            120.8387354,
            12.8169572
          ],
          [
            120.8386701,
            12.8169964
          ],
          [
            120.8386243,
            12.8170098
          ],
          [
            120.8385364,
            12.8170125
          ],
          [
            120.8383581,
            12.8170119
          ]
        ]
      },
      "properties": {
        "id": 161,
        "canal_id": 161,
        "canal": "FARM DITCH (CANAL 161)",
        "canaltype": "Farm Ditch",
        "remarks": "FARM DITCH (CANAL 161)",
        "canal_type": "Ditch",
        "canal_leng": 195.42,
        "station_no": "STA 0+000",
        "station__1": "STA 0+195.4",
        "station__2": "STA.0+000.00",
        "reversal_applied": true,
        "canal_widt": null,
        "canal_lining": "Unlined"
      }
    },
    {
      "type": "Feature",
      "geometry": {
        "type": "LineString",
        "coordinates": [
          [
            120.8360553,
            12.8136372
          ],
          [
            120.8360949,
            12.813296
          ],
          [
            120.8361346,
            12.8128389
          ]
        ]
      },
      "properties": {
        "id": 163,
        "canal_id": 163,
        "canal": "FARM DITCH (CANAL 163)",
        "canaltype": "Farm Ditch",
        "remarks": "FARM DITCH (CANAL 163)",
        "canal_type": "Ditch",
        "canal_leng": 88.77,
        "station_no": "STA 0+000",
        "station__1": "STA 0+088.8",
        "station__2": "STA.0+000.00",
        "reversal_applied": false,
        "canal_widt": null,
        "canal_lining": "Unlined"
      }
    },
    {
      "type": "Feature",
      "geometry": {
        "type": "LineString",
        "coordinates": [
          [
            120.8510403,
            12.806159
          ],
          [
            120.8511661,
            12.8058449
          ],
          [
            120.8512706,
            12.8054143
          ],
          [
            120.8520394,
            12.8056339
          ],
          [
            120.8527905,
            12.8058394
          ]
        ]
      },
      "properties": {
        "id": 164,
        "canal_id": 164,
        "canal": "FARM DITCH (CANAL 164)",
        "canaltype": "Farm Ditch",
        "remarks": "FARM DITCH (CANAL 164)",
        "canal_type": "Ditch",
        "canal_leng": 257.96,
        "station_no": "STA 0+000",
        "station__1": "STA 0+258.0",
        "station__2": "STA.0+000.00",
        "reversal_applied": false,
        "canal_widt": null,
        "canal_lining": "Unlined"
      }
    },
    {
      "type": "Feature",
      "geometry": {
        "type": "LineString",
        "coordinates": [
          [
            120.8530731,
            12.8052855
          ],
          [
            120.852709,
            12.8051377
          ],
          [
            120.8518802,
            12.8047788
          ],
          [
            120.8520921,
            12.8043791
          ],
          [
            120.8521973,
            12.8041676
          ],
          [
            120.85248,
            12.8035471
          ],
          [
            120.8526528,
            12.8031492
          ],
          [
            120.8528482,
            12.8028303
          ],
          [
            120.8524894,
            12.802731
          ],
          [
            120.852141,
            12.8026724
          ],
          [
            120.8517835,
            12.8026477
          ],
          [
            120.8518306,
            12.8023559
          ],
          [
            120.8518487,
            12.802214
          ]
        ]
      },
      "properties": {
        "id": 165,
        "canal_id": 165,
        "canal": "FARM DITCH (CANAL 165)",
        "canaltype": "Farm Ditch",
        "remarks": "FARM DITCH (CANAL 165)",
        "canal_type": "Ditch",
        "canal_leng": 547.64,
        "station_no": "STA 0+000",
        "station__1": "STA 0+547.6",
        "station__2": "STA.0+000.00",
        "reversal_applied": false,
        "canal_widt": null,
        "canal_lining": "Unlined"
      }
    },
    {
      "type": "Feature",
      "geometry": {
        "type": "LineString",
        "coordinates": [
          [
            120.8252617,
            12.8157381
          ],
          [
            120.8253761,
            12.8154736
          ],
          [
            120.8255348,
            12.8153708
          ],
          [
            120.8265617,
            12.8147676
          ],
          [
            120.8271232,
            12.8144447
          ],
          [
            120.8271884,
            12.8143793
          ],
          [
            120.827209,
            12.8142542
          ]
        ]
      },
      "properties": {
        "id": 166,
        "canal_id": 166,
        "canal": "FARM DITCH (CANAL 166)",
        "canaltype": "Farm Ditch",
        "remarks": "FARM DITCH (CANAL 166)",
        "canal_type": "Ditch",
        "canal_leng": 277.24,
        "station_no": "STA 0+000",
        "station__1": "STA 0+277.2",
        "station__2": "STA.0+000.00",
        "reversal_applied": false,
        "canal_widt": null,
        "canal_lining": "Unlined"
      }
    },
    {
      "type": "Feature",
      "geometry": {
        "type": "LineString",
        "coordinates": [
          [
            120.8245465,
            12.8128292
          ],
          [
            120.8246745,
            12.8127581
          ],
          [
            120.8250032,
            12.8125146
          ],
          [
            120.8256235,
            12.8120895
          ]
        ]
      },
      "properties": {
        "id": 167,
        "canal_id": 167,
        "canal": "FARM DITCH (CANAL 167)",
        "canaltype": "Farm Ditch",
        "remarks": "FARM DITCH (CANAL 167)",
        "canal_type": "Ditch",
        "canal_leng": 142.86,
        "station_no": "STA 0+000",
        "station__1": "STA 0+142.9",
        "station__2": "STA.0+000.00",
        "reversal_applied": false,
        "canal_widt": null,
        "canal_lining": "Unlined"
      }
    },
    {
      "type": "Feature",
      "geometry": {
        "type": "LineString",
        "coordinates": [
          [
            120.856368,
            12.8038276
          ],
          [
            120.8564301,
            12.8035544
          ],
          [
            120.8564581,
            12.8034631
          ],
          [
            120.8564586,
            12.8034096
          ],
          [
            120.8564459,
            12.8033661
          ],
          [
            120.8564383,
            12.803342
          ],
          [
            120.8564263,
            12.8033179
          ],
          [
            120.8564109,
            12.8032992
          ],
          [
            120.856358,
            12.8032442
          ],
          [
            120.8563109,
            12.8031642
          ],
          [
            120.856266,
            12.8030744
          ],
          [
            120.8561918,
            12.8029144
          ],
          [
            120.8561699,
            12.802875
          ],
          [
            120.856149,
            12.8028486
          ],
          [
            120.8561358,
            12.8028289
          ],
          [
            120.8561282,
            12.8028196
          ],
          [
            120.8561215,
            12.8028113
          ],
          [
            120.8560862,
            12.8027761
          ],
          [
            120.8560364,
            12.8027451
          ],
          [
            120.8558694,
            12.8026456
          ],
          [
            120.8554787,
            12.8024329
          ],
          [
            120.855224,
            12.8023108
          ],
          [
            120.8550667,
            12.8022397
          ],
          [
            120.8547756,
            12.8020878
          ],
          [
            120.8545875,
            12.8019837
          ],
          [
            120.8539076,
            12.8016519
          ],
          [
            120.8535889,
            12.8014758
          ]
        ]
      },
      "properties": {
        "id": 185,
        "canal_id": 185,
        "canal": "MC 1",
        "canaltype": "Main Canal",
        "remarks": "MC 1",
        "canal_type": "Main",
        "canal_leng": 436.39,
        "station_no": "STA 1+100.00",
        "station__1": "STA 1+536.39",
        "station__2": "STA.1+100.00",
        "reversal_applied": false,
        "canal_widt": null,
        "canal_lining": "Unlined"
      }
    },
    {
      "type": "Feature",
      "geometry": {
        "type": "LineString",
        "coordinates": [
          [
            120.8342898,
            12.8111439
          ],
          [
            120.8342911,
            12.81121
          ],
          [
            120.8340652,
            12.8112212
          ],
          [
            120.8340676,
            12.8112474
          ],
          [
            120.8340707,
            12.8113783
          ],
          [
            120.8340708,
            12.8115262
          ],
          [
            120.8340769,
            12.811704
          ],
          [
            120.8340845,
            12.8119456
          ],
          [
            120.8340891,
            12.8121383
          ],
          [
            120.8340889,
            12.8122353
          ],
          [
            120.8340876,
            12.812474
          ],
          [
            120.8339198,
            12.8124482
          ],
          [
            120.8337237,
            12.8124209
          ],
          [
            120.8333909,
            12.8123761
          ],
          [
            120.8331477,
            12.8123673
          ],
          [
            120.8329155,
            12.8123531
          ],
          [
            120.8327608,
            12.8123356
          ],
          [
            120.8327153,
            12.8123277
          ],
          [
            120.8325215,
            12.8122746
          ],
          [
            120.8323027,
            12.8122307
          ],
          [
            120.8321267,
            12.8122021
          ],
          [
            120.8319568,
            12.812177
          ],
          [
            120.8317386,
            12.8121508
          ],
          [
            120.8315025,
            12.812119
          ],
          [
            120.8312636,
            12.8120872
          ],
          [
            120.8310165,
            12.8120383
          ],
          [
            120.8309523,
            12.8120297
          ],
          [
            120.8308106,
            12.8120326
          ],
          [
            120.8306729,
            12.812045
          ],
          [
            120.8305642,
            12.8120645
          ],
          [
            120.8304561,
            12.8120893
          ],
          [
            120.8301922,
            12.8121557
          ],
          [
            120.8299033,
            12.8122266
          ],
          [
            120.8298244,
            12.8122402
          ],
          [
            120.829731,
            12.8122489
          ],
          [
            120.8295757,
            12.8122171
          ],
          [
            120.8293654,
            12.8121536
          ],
          [
            120.8291883,
            12.8120952
          ],
          [
            120.8290897,
            12.8120679
          ],
          [
            120.8289938,
            12.8120481
          ],
          [
            120.8289143,
            12.8120475
          ],
          [
            120.8288549,
            12.8120645
          ]
        ]
      },
      "properties": {
        "id": 193,
        "canal_id": 193,
        "canal": "MC 8",
        "canaltype": "Main Canal",
        "remarks": "MC 8",
        "canal_type": "Main",
        "canal_leng": 748.92,
        "station_no": "STA 0+000.00",
        "station__1": "STA 0+726.00",
        "station__2": "STA.0+000.00",
        "reversal_applied": false,
        "canal_widt": null,
        "canal_lining": "Lined"
      }
    },
    {
      "type": "Feature",
      "geometry": {
        "type": "LineString",
        "coordinates": [
          [
            120.8566539,
            12.8108491
          ],
          [
            120.8566267,
            12.8108247
          ],
          [
            120.8565886,
            12.8107881
          ],
          [
            120.8565471,
            12.8107528
          ],
          [
            120.8565034,
            12.8107182
          ],
          [
            120.8564147,
            12.8106536
          ],
          [
            120.8562305,
            12.8105262
          ],
          [
            120.8560246,
            12.8103871
          ],
          [
            120.8559489,
            12.8103412
          ],
          [
            120.8559109,
            12.8103106
          ],
          [
            120.8558864,
            12.8102871
          ],
          [
            120.8558657,
            12.8102624
          ],
          [
            120.8558451,
            12.8102263
          ],
          [
            120.8558227,
            12.8101757
          ],
          [
            120.8558083,
            12.810137
          ],
          [
            120.8557934,
            12.8100943
          ],
          [
            120.8557832,
            12.8100595
          ],
          [
            120.8557806,
            12.8100502
          ]
        ]
      },
      "properties": {
        "id": 199,
        "canal_id": 199,
        "canal": "MC 1",
        "canaltype": "Main Canal",
        "remarks": "MC 1",
        "canal_type": "Main",
        "canal_leng": 133.04,
        "station_no": "STA 0+248.00",
        "station__1": "STA 0+381.00",
        "station__2": "STA.0+248.00",
        "reversal_applied": false,
        "canal_widt": 0.7,
        "canal_lining": "Lined"
      }
    },
    {
      "type": "Feature",
      "geometry": {
        "type": "LineString",
        "coordinates": [
          [
            120.8578104,
            12.812609
          ],
          [
            120.8578136,
            12.8125376
          ],
          [
            120.8577679,
            12.8124805
          ],
          [
            120.8577237,
            12.8124552
          ],
          [
            120.8576229,
            12.8124066
          ],
          [
            120.8575758,
            12.8123759
          ],
          [
            120.8575436,
            12.8123473
          ],
          [
            120.8575147,
            12.8122836
          ],
          [
            120.8575004,
            12.8122339
          ],
          [
            120.8574802,
            12.8121655
          ],
          [
            120.857434,
            12.8120641
          ],
          [
            120.8574119,
            12.8120264
          ],
          [
            120.8573974,
            12.8120012
          ],
          [
            120.8573727,
            12.811953
          ],
          [
            120.8573613,
            12.8119256
          ],
          [
            120.8573067,
            12.8117936
          ],
          [
            120.8572641,
            12.8116964
          ],
          [
            120.8572202,
            12.8115967
          ],
          [
            120.8572046,
            12.811564
          ],
          [
            120.8571883,
            12.8115293
          ],
          [
            120.857157,
            12.811464
          ],
          [
            120.8571429,
            12.8114315
          ],
          [
            120.8571319,
            12.8113959
          ],
          [
            120.857123,
            12.8113608
          ],
          [
            120.8571094,
            12.8112902
          ],
          [
            120.8571082,
            12.8112817
          ]
        ]
      },
      "properties": {
        "id": 197,
        "canal_id": 197,
        "canal": "MC 1",
        "canaltype": "Main Canal",
        "remarks": "MC 1",
        "canal_type": "Main",
        "canal_leng": 172.05,
        "station_no": "STA 0+000.00",
        "station__1": "STA 0+172.00",
        "station__2": "STA.0+000.00",
        "reversal_applied": false,
        "canal_widt": 0.7,
        "canal_lining": "Lined"
      }
    },
    {
      "type": "Feature",
      "geometry": {
        "type": "LineString",
        "coordinates": [
          [
            120.8437483,
            12.8113311
          ],
          [
            120.8436492,
            12.8113179
          ],
          [
            120.843492,
            12.8112924
          ],
          [
            120.8433476,
            12.8112728
          ],
          [
            120.8431565,
            12.8112425
          ]
        ]
      },
      "properties": {
        "id": 202,
        "canal_id": 202,
        "canal": "MC 5",
        "canaltype": "Main Canal",
        "remarks": "MC 5",
        "canal_type": "Main",
        "canal_leng": 65.02,
        "station_no": "STA 0+137.00",
        "station__1": "STA 0+202.00",
        "station__2": "STA.0+137.00",
        "reversal_applied": true,
        "canal_widt": 1.2,
        "canal_lining": "Lined"
      }
    },
    {
      "type": "Feature",
      "geometry": {
        "type": "LineString",
        "coordinates": [
          [
            120.8440467,
            12.8113952
          ],
          [
            120.8440028,
            12.8113845
          ],
          [
            120.8438168,
            12.8113403
          ],
          [
            120.8437483,
            12.8113311
          ]
        ]
      },
      "properties": {
        "id": 203,
        "canal_id": 203,
        "canal": "MC 5",
        "canaltype": "Main Canal",
        "remarks": "MC 5",
        "canal_type": "Main",
        "canal_leng": 33.21,
        "station_no": "STA 0+033.20",
        "station__1": "STA 0+137.00",
        "station__2": "STA.0+033.20",
        "reversal_applied": true,
        "canal_widt": 1.32,
        "canal_lining": "Lined"
      }
    },
    {
      "type": "Feature",
      "geometry": {
        "type": "LineString",
        "coordinates": [
          [
            120.844949,
            12.8116852
          ],
          [
            120.8449249,
            12.8116794
          ],
          [
            120.8447591,
            12.8116429
          ],
          [
            120.8447281,
            12.8116319
          ],
          [
            120.8446954,
            12.8116105
          ],
          [
            120.8446363,
            12.8115726
          ],
          [
            120.8445829,
            12.8115453
          ],
          [
            120.8445336,
            12.8115237
          ],
          [
            120.8444989,
            12.8115125
          ],
          [
            120.8444212,
            12.8114904
          ],
          [
            120.8442841,
            12.811454
          ],
          [
            120.8442452,
            12.811445
          ],
          [
            120.8441045,
            12.8114093
          ],
          [
            120.8440467,
            12.8113952
          ]
        ]
      },
      "properties": {
        "id": 201,
        "canal_id": 201,
        "canal": "MC 5",
        "canaltype": "Main Canal",
        "remarks": "MC 5",
        "canal_type": "Main",
        "canal_leng": 103.83,
        "station_no": "STA 0+000.00",
        "station__1": "STA 0+033.20",
        "station__2": "STA.0+000.00",
        "reversal_applied": true,
        "canal_widt": 1.3,
        "canal_lining": "Lined"
      }
    },
    {
      "type": "Feature",
      "geometry": {
        "type": "LineString",
        "coordinates": [
          [
            120.8557806,
            12.8100502
          ],
          [
            120.8557425,
            12.8099121
          ],
          [
            120.855719,
            12.8098105
          ],
          [
            120.8557096,
            12.8097387
          ],
          [
            120.8557084,
            12.809663
          ],
          [
            120.8557144,
            12.8095736
          ],
          [
            120.8557295,
            12.8095025
          ],
          [
            120.8557621,
            12.8093618
          ],
          [
            120.8557667,
            12.8093181
          ],
          [
            120.8557654,
            12.8092867
          ],
          [
            120.8557584,
            12.8092455
          ],
          [
            120.8557471,
            12.8092059
          ],
          [
            120.8557275,
            12.8091578
          ],
          [
            120.855706,
            12.8091117
          ],
          [
            120.8556787,
            12.8090507
          ],
          [
            120.8556557,
            12.8089878
          ],
          [
            120.8556363,
            12.8089223
          ],
          [
            120.8556201,
            12.808856
          ],
          [
            120.8556079,
            12.8087803
          ],
          [
            120.8556016,
            12.8087152
          ],
          [
            120.855603,
            12.8086712
          ],
          [
            120.8556127,
            12.8086047
          ],
          [
            120.8556217,
            12.8085669
          ],
          [
            120.8556431,
            12.8084922
          ],
          [
            120.8556687,
            12.8084333
          ],
          [
            120.8557235,
            12.8083337
          ],
          [
            120.8557728,
            12.8082425
          ],
          [
            120.8558135,
            12.808167
          ],
          [
            120.8558349,
            12.8081143
          ]
        ]
      },
      "properties": {
        "id": 200,
        "canal_id": 200,
        "canal": "MC 1",
        "canaltype": "Main Canal",
        "remarks": "MC 1",
        "canal_type": "Main",
        "canal_leng": 224.06,
        "station_no": "STA 0+381.00",
        "station__1": "STA 0+605.00",
        "station__2": "STA.0+381.00",
        "reversal_applied": false,
        "canal_widt": 0.65,
        "canal_lining": "Lined"
      }
    }
  ]
}